
    TALYS-1.96 (Version: December 30, 2021)

 Copyright (C) 2021  A.J. Koning, S. Hilaire and S. Goriely

 Dimensions - Cross sections: mb, Energies: MeV, Angles: degrees

 ########## USER INPUT ##########

 USER INPUT FILE

 #
 # n-y089-rrr-group
 #
 # general
 #
 projectile n
 element y
 mass 89
 energy n0-2.grid
 #
 # model
 #
 resonance y
 group y
 #
 # output
 #
 channels y
 filechannels y

 USER INPUT FILE + DEFAULTS

 Keyword           Value   Variable     Explanation

 #
 # Four main keywords
 #
 projectile          n     ptype0       type of incident particle
 element            Y      Starget      symbol of target nucleus
 mass               89     mass         mass number of target nucleus
 energy n0-2.grid          energyfile   file with incident energies
 #
 # Basic physical and numerical parameters
 #
 ejectiles g n p d t h a   outtype      outgoing particles
 maxz               12     maxZ         maximal number of protons away from the initial compound nucleus
 maxn               32     maxN         maximal number of neutrons away from the initial compound nucleus
 bins               40     nbins        number of continuum excitation energy bins
 equidistant         y     flagequi     flag to use equidistant excitation bins instead of logarithmic bins
 equispec            n     flagequispec flag to use equidistant bins for emission spectra
 popmev              n     flagpopmev   flag to use initial population per MeV instead of histograms
 segment             1     segment      number of segments to divide emission energy grid
 maxlevelstar       30     nlevmax      maximum number of included discrete levels for target
 maxlevelsres       10     nlevmaxres   maximum number of included discrete levels for residual nucleus
 maxlevelsbin g     10     nlevbin      maximum number of included discrete levels for gamma    channel
 maxlevelsbin n     30     nlevbin      maximum number of included discrete levels for neutron  channel
 maxlevelsbin p     10     nlevbin      maximum number of included discrete levels for proton   channel
 maxlevelsbin d      5     nlevbin      maximum number of included discrete levels for deuteron channel
 maxlevelsbin t      5     nlevbin      maximum number of included discrete levels for triton   channel
 maxlevelsbin h      5     nlevbin      maximum number of included discrete levels for helium-3 channel
 maxlevelsbin a     10     nlevbin      maximum number of included discrete levels for alpha    channel
 ltarget             0     ltarget      excited level of target
 isomer           1.00E+00 isomer       definition of isomer in seconds
 transpower          5     transpower   power for transmission coefficient limit
 transeps         1.00E-08 transeps     limit for transmission coefficient
 xseps            1.00E-07 xseps        limit for cross sections
 popeps           1.00E-03 popeps       limit for population cross section per nucleus
 Rfiseps          1.00E-03 Rfiseps      ratio for limit for fission cross section per nucleus
 elow             1.00E-06 elow         minimal incident energy for nuclear model calculations
 angles             90     nangle       number of angles
 anglescont         18     nanglecont   number of angles for continuum
 anglesrec           1     nanglerec    number of recoil angles
 maxenrec           20     maxenrec     number of recoil energies
 channels            y     flagchannels flag for exclusive channels calculation
 maxchannel          4     maxchannel   maximal number of outgoing particles in individual channel description
 micro               n     flagmicro    flag for completely microscopic Talys calculation
 best                n     flagbest     flag to use best set of adjusted parameters
 bestbranch          y     flagbestbr   flag to use flag to use only best set of branching ratios
 bestend             n     flagbestend  flag to put best set of parameters at end of input file
 relativistic        y     flagrel      flag for relativistic kinematics
 recoil              n     flagrecoil   flag for calculation of recoils
 labddx              n     flaglabddx   flag for calculation of DDX in LAB system
 recoilaverage       n     flagrecoilav flag for average velocity in recoil calculation
 channelenergy       n     flagEchannel flag for channel energy for emission spectrum
 reaction            y     flagreaction flag for calculation of nuclear reactions
 ngfit               n     flagngfit    flag for using fitted (n,g) nuclear model parameters
 nnfit               n     flagnnfit    flag for using fitted (n,n), (n,2n) and (n,p) nuclear model parameters
 nafit               n     flagnafit    flag for using fitted (n,a) nuclear model parameters
 astro               n     flagastro    flag for calculation of astrophysics reaction rate
 astrogs             n     flagastrogs  flag for calculation of astrophysics reaction rate with target in ground state only
 astroex             n     flagastroex  flag for calculation of astrophysics reaction rate to long-lived excited states
 nonthermlev        -1     nonthermlev  excited level non-thermalized in the calculation of astrophysics rate
 massmodel           2     massmodel    model for theoretical nuclear mass
 expmass             y     flagexpmass  flag for using experimental nuclear mass if available
 disctable           1     disctable    table with discrete levels
 production          n     flagprod     flag for isotope production
 outfy               n     flagoutfy    flag for output detailed fission yield calculation
 gefran          50000     gefran       number of random events for GEF calculation
 Estop            1000.000 Estop        incident energy above which TALYS stops
 rpevap              n     flagrpevap   flag for evaporation of residual products at high incident energies
 maxZrp             12     maxZrp       maximal number of protons away from the initial compound nucleus before residual evaporation
 maxNrp             32     maxNrp       maximal number of neutrons away from the initial compound nucleus before residual evaporation
 #
 # Optical model
 #
 localomp            y     flaglocalomp flag for local (y) or global (n) optical model
 dispersion          n     flagdisp     flag for dispersive optical model
 jlmomp              n     flagjlm      flag for using semi-microscopic JLM OMP
 riplomp             n     flagriplomp  flag for RIPL OMP
 riplrisk            n     flagriplrisk flag for going outside RIPL mass validity range
 optmodall           n     flagompall   flag for new optical model calculation for all residual nuclei
 incadjust           y     flagincadj   flag for OMP adjustment on incident channel also
 omponly             n     flagomponly  flag to execute ONLY an optical model calculation
 autorot             n     flagautorot  flag for automatic rotational coupled channels calculations for A > 150
 spherical           n     flagspher    flag to force spherical optical model
 soukho              y     flagsoukho   flag for Soukhovitskii OMP for actinides
 coulomb             y     flagcoulomb  flag for Coulomb excitation calculation with ECIS
 statepot            n     flagstate    flag for optical model potential for each excited state
 maxband             0     maxband      highest vibrational band added to rotational model
 maxrot              2     maxrot       number of included excited rotational levels
 sysreaction               sysreaction  particles with reaction cross section from systematics
 rotational   n            rotational   particles with possible rotational optical model
 core               -1     core         even-even core for weakcoupling (-1 or 1)
 ecissave            n     flagecissave flag for saving ECIS input and output files
 eciscalc            y     flageciscalc flag for new ECIS calculation for outgoing particles and energy grid
 inccalc             y     flaginccalc  flag for new ECIS calculation for incident channel
 endfecis            y     flagendfecis flag for new ECIS calculation for ENDF-6 files
 radialmodel         2     radialmodel  model for radial matter densities (JLM OMP only)
 jlmmode             0     jlmmode      option for JLM imaginary potential normalization
 alphaomp            6     alphaomp     alpha OMP (1=normal, 2= McFadden-Satchler, 3-5= folding potential, 6,8= Avrigeanu, 7=Nolte)
 deuteronomp         1     deuteronomp  deuteron OMP (1=normal, 2=Daehnick, 3=Bojowald, 4=Han-Shi-Shen, 5=An-Cai)
 #
 # Compound nucleus
 #
 widthfluc           y     flagwidth    flag for width fluctuation calculation
 widthmode           1     wmode        designator for width fluctuation model
 compound            y     flagcomp     flag for compound nucleus model
 fullhf              n     flagfullhf   flag for full spin dependence of transmission coefficients
 eciscompound        n     flageciscomp flag for compound nucleus calculation by ECIS
 cpang               n     flagcpang    flag for compound angular distribution calculation for incident charged particles
 urr                 n     flagurr      flag for URR calculation
 urrnjoy             n     flagurrnjoy  flag for normalization of URR parameters with NJOY method
 lurr                2     lurr         maximal orbital angular momentum for URR
 #
 # Gamma emission
 #
 gammax              2     gammax       number of l-values for gamma multipolarity
 strength            9     strength     model for E1 gamma-ray strength function
 strengthM1          3     strengthM1   model for M1 gamma-ray strength function
 electronconv        y     flagelectron flag for application of electron conversion coefficient
 racap               n     flagracap    flag for radiative capture model
 ldmodelracap        1     ldmodelracap level density model for direct radiative capture
 upbend              y     flagupbend   flag for low-energy upbend of photon strength function
 psfglobal           n    flagpsfglobal flag for global photon strength functions only
 #
 # Pre-equilibrium
 #
 preequilibrium      n     flagpreeq    flag for pre-equilibrium calculation
 preeqmode           2     preeqmode    designator for pre-equilibrium model
 multipreeq          n     flagmulpre   flag for multiple pre-equilibrium calculation
 mpreeqmode          2     mpreeqmode   designator for multiple pre-equilibrium model
 breakupmodel        1     breakupmodel model for break-up reaction: 1. Kalbach 2. Avrigeanu
 phmodel             1     phmodel      particle-hole state density model
 pairmodel           2     pairmodel    designator for pre-equilibrium pairing model
 preeqspin           1     pespinmodel  model for pre-equilibrium spin distribution
 giantresonance      y     flaggiant    flag for collective contribution from giant resonances
 preeqsurface        y     flagsurface  flag for surface effects in exciton model
 preeqcomplex        y     flagpecomp   flag for Kalbach complex particle emission model
 twocomponent        y     flag2comp    flag for two-component pre-equilibrium model
 ecisdwba            y     flagecisdwba flag for new ECIS calculation for DWBA for MSD
 onestep             n     flagonestep  flag for continuum one-step direct only
 #
 # Level densities
 #
 ldmodel             1     ldmodelall   level density model
 ldmodelCN           1     ldmodelCN    level density model for compound nucleus
 shellmodel          1     shellmodel   model for shell correction energies
 kvibmodel           2     kvibmodel    model for vibrational enhancement
 spincutmodel        1     spincutmodel model for spin cutoff factor for ground state
 asys                n     flagasys     flag for all level density parameters a from systematics
 parity              n     flagparity   flag for non-equal parity distribution
 colenhance          n     flagcolall   flag for collective enhancement of level density for all nuclides
 ctmglobal           n     flagctmglob  flag for global CTM model (no discrete level info)
 gshell              n     flaggshell   flag for energy dependence of single particle level density parameter g
 colldamp            n     flagcolldamp flag for damping of collective effects in effective level density
 #
 # Fission
 #
 fission             n     flagfission  flag for fission
 fismodel            3     fismodel     fission model
 fismodelalt         3     fismodelalt  alternative fission model for default barriers
 hbstate             y     flaghbstate  flag for head band states in fission
 class2              y     flagclass2   flag for class2 states in fission
 fispartdamp         n  flagfispartdamp flag for fission partial damping
 massdis             n     flagmassdis  flag for calculation of fission fragment mass yields
 ffevaporation       y     flagffevap   flag for calculation of particle evaporation from fission fragment mass yields
 fisfeed             n     flagfisfeed  flag for output of fission per excitation bin
 fymodel             2     fymodel      fission yield model, 1: Brosa 2: GEF
 ffmodel             1     ffmodel      fission fragment model, 1: GEF 2: HF3D (Okumura) 3: SPY
 pfnsmodel           1     pfnsmodel    PFNS model, 1: Iwamoto 2: from FF decay
 ffspin              n     flagffspin   flag to use spin distribution in initial FF population
 #
 # Output
 #
 outmain             y     flagmain     flag for main output
 outbasic            n     flagbasic    flag for output of basic information and results
 outpopulation       n     flagpop      flag for output of population
 outcheck            n     flagcheck    flag for output of numerical checks
 outlevels           n     flaglevels   flag for output of discrete level information
 outdensity          n     flagdensity  flag for output of level densities
 outomp              n     flagoutomp   flag for output of optical model parameters
 outkd               n     flagoutkd    flag for output of KD03 OMP parameters
 outdirect           n     flagdirect   flag for output of direct reaction results
 outinverse          n     flaginverse  flag for output of transmission coefficients and inverse reaction cross sections
 outdecay            n     flagdecay    flag for output of decay of each population bin
 outtransenergy      y     flagtransen  flag for output of transmission coefficients per energy
 outecis             n     flagoutecis  flag for output of ECIS results
 outgamma            n     flaggamma    flag for output of gamma-ray information
 outpreequilibrium   n     flagpeout    flag for output of pre-equilibrium results 
 outfission          n     flagfisout   flag for output of fission information
 outdiscrete         n     flagdisc     flag for output of discrete state cross sections
 outspectra          n     flagspec     flag for output of double-differential cross sections
 outbinspectra       n     flagbinspec  flag for output of emission spectrum per excitation bin
 resonance           y     flagres      flag for output of low energy resonance cross sections
 group               y     flaggroup    flag for output of low energy groupwise cross sections
 addiscrete          y     flagadd      flag for addition of discrete states to spectra
 addelastic          y     flagaddel    flag for addition of elastic peak to spectra
 outangle            n     flagang      flag for output of angular distributions
 outlegendre         n     flaglegendre flag for output of Legendre coefficients
 ddxmode             0     ddxmode      mode for double-differential cross sections
 outdwba             n     flagoutdwba  flag for output of DWBA cross sections for MSD
 outgamdis           n     flaggamdis   flag for output of discrete gamma-ray intensities
 outexcitation       y     flagexc      flag for output of excitation functions
 components          n     flagcompo    flag for output of cross section components
 endf                n     flagendf     flag for information for ENDF-6 file
 endfdetail          y     flagendfdet  flag for detailed ENDF-6 information per channel
 sacs                n     flagsacs     flag for statistical analysis of cross sections
 partable            n     flagpartable flag for output of model parameters on separate file
 block               n     flagblock    flag to block spectra, angle and gamma files

 ########## BASIC REACTION PARAMETERS ##########

 Projectile           : neutron     Mass in a.m.u.      :   1.008665
 Target               :  89Y        Mass in a.m.u.      :  88.905838

 Included channels:
                     gamma   
                     neutron 
                     proton  
                     deuteron
                     triton  
                     helium-3
                     alpha   

    29 incident energies (LAB):

  1.000E-11
  2.530E-08
  2.000E-07
  1.000E-06
  1.000E-05
  1.000E-04
      0.001
      0.002
      0.004
      0.007
      0.010
      0.020
      0.040
      0.070
      0.100
      0.200
      0.300
      0.400
      0.500
      0.600
      0.700
      0.800
      0.900
      1.000
      1.200
      1.400
      1.600
      1.800
      2.000

 Q-values for binary reactions:

 Q(n,g):  6.85703
 Q(n,n):  0.00000
 Q(n,p): -0.71982
 Q(n,d): -4.85397
 Q(n,t): -9.70960
 Q(n,h): -9.97328
 Q(n,a):  0.68221

 ########## RESULTS FOR E= 1.00000E-06 ##########

 Energy dependent input flags

 Width fluctuations (flagwidth)            : y
 Unresolved resonance parameters (flagurr) : n
 Preequilibrium (flagpreeq)                : n
 Multiple preequilibrium (flagmulpre)      : n
 Number of continuum excitation energy bins: 40

 ########### REACTION SUMMARY FOR E= 1.00000E-06 ###########

 Center-of-mass energy:    0.000

 1. Total (binary) cross sections

 Total           = 2.01089E+05
   Shape elastic   = 5.53189E+03
   Reaction        = 1.95557E+05
     Compound elastic= 1.35069E+05
     Non-elastic     = 6.04880E+04
       Direct          = 0.00000E+00
       Pre-equilibrium = 0.00000E+00
       Compound non-el = 6.04880E+04
     Total elastic   = 1.40601E+05

 2. Binary non-elastic cross sections (non-exclusive)

 gamma   = 6.04880E+04
 neutron = 0.00000E+00
 proton  = 0.00000E+00
 deuteron= 0.00000E+00
 triton  = 0.00000E+00
 helium-3= 0.00000E+00
 alpha   = 0.00000E+00

 3. Total particle production cross sections

 gamma   = 1.25873E+05    Multiplicity= 2.08096E+00
 neutron = 0.00000E+00    Multiplicity= 0.00000E+00
 proton  = 0.00000E+00    Multiplicity= 0.00000E+00
 deuteron= 0.00000E+00    Multiplicity= 0.00000E+00
 triton  = 0.00000E+00    Multiplicity= 0.00000E+00
 helium-3= 0.00000E+00    Multiplicity= 0.00000E+00
 alpha   = 0.00000E+00    Multiplicity= 0.00000E+00

 4. Residual production cross sections

   a. Per isotope

   Z   A  nuclide    total     level   isomeric    isomeric    lifetime
                 cross section       cross section  ratio

   39  90 ( 90Y ) 6.04880E+04    0    6.04829E+04  0.99992
                                 2    5.06768E+00  0.00008   1.14800E+04 sec. 
   37  86 ( 86Rb) 1.00000E-07    0    0.00000E+00  0.00000
                                 2    0.00000E+00  0.00000   6.10200E+01 sec. 

   b. Per mass

   A  cross section

   90 6.04880E+04

 Total residual production cross section: 60487.9570312
 Non-elastic cross section              : 60488.0468750

 6. Exclusive cross sections

 6a. Total exclusive cross sections 

     Emitted particles     cross section reaction         level    isomeric    isomeric    lifetime relative yield
    n   p   d   t   h   a                                        cross section   ratio
    0   0   0   0   0   0    6.04880E+04  (n,g)                                                     1.00000E+00
                                                             0     6.04829E+04  0.99992
                                                             2     5.06768E+00  0.00008   1.14800E+04 sec. 
    0   0   0   0   0   1    1.00000E-07  (n,a)                                                     1.65322E-12
                                                             0     5.00000E-08  0.50000
                                                             2     5.00000E-08  0.50000   6.10200E+01 sec. 

 Absorption cross section                 : 60487.96484

 Sum over exclusive channel cross sections: 60487.96484
 (n,gn) + (n,gp) +...(n,ga) cross sections:     0.00000
 Total                                    : 60487.96484
 Non-elastic cross section                : 60488.04688

 ########## RESULTS FOR E= 1.00000E-05 ##########

 Energy dependent input flags

 Width fluctuations (flagwidth)            : y
 Unresolved resonance parameters (flagurr) : n
 Preequilibrium (flagpreeq)                : n
 Multiple preequilibrium (flagmulpre)      : n
 Number of continuum excitation energy bins: 40

 ########### REACTION SUMMARY FOR E= 1.00000E-05 ###########

 Center-of-mass energy:    0.000

 1. Total (binary) cross sections

 Total           = 6.73790E+04
   Shape elastic   = 5.53011E+03
   Reaction        = 6.18489E+04
     Compound elastic= 5.26736E+04
     Non-elastic     = 9.17525E+03
       Direct          = 0.00000E+00
       Pre-equilibrium = 0.00000E+00
       Compound non-el = 9.17525E+03
     Total elastic   = 5.82038E+04

 2. Binary non-elastic cross sections (non-exclusive)

 gamma   = 9.17504E+03
 neutron = 0.00000E+00
 proton  = 0.00000E+00
 deuteron= 0.00000E+00
 triton  = 0.00000E+00
 helium-3= 0.00000E+00
 alpha   = 0.00000E+00

 3. Total particle production cross sections

 gamma   = 1.90585E+04    Multiplicity= 2.07716E+00
 neutron = 0.00000E+00    Multiplicity= 0.00000E+00
 proton  = 0.00000E+00    Multiplicity= 0.00000E+00
 deuteron= 0.00000E+00    Multiplicity= 0.00000E+00
 triton  = 0.00000E+00    Multiplicity= 0.00000E+00
 helium-3= 0.00000E+00    Multiplicity= 0.00000E+00
 alpha   = 0.00000E+00    Multiplicity= 0.00000E+00

 4. Residual production cross sections

   a. Per isotope

   Z   A  nuclide    total     level   isomeric    isomeric    lifetime
                 cross section       cross section  ratio

   39  90 ( 90Y ) 9.17504E+03    0    9.17423E+03  0.99991
                                 2    8.15688E-01  0.00009   1.14800E+04 sec. 
   37  86 ( 86Rb) 1.00000E-07    0    0.00000E+00  0.00000
                                 2    0.00000E+00  0.00000   6.10200E+01 sec. 

   b. Per mass

   A  cross section

   90 9.17504E+03

 Total residual production cross section:  9175.0439453
 Non-elastic cross section              :  9175.2500000

 6. Exclusive cross sections

 6a. Total exclusive cross sections 

     Emitted particles     cross section reaction         level    isomeric    isomeric    lifetime relative yield
    n   p   d   t   h   a                                        cross section   ratio
    0   0   0   0   0   0    9.17504E+03  (n,g)                                                     1.00000E+00
                                                             0     9.17423E+03  0.99991
                                                             2     8.15688E-01  0.00009   1.14800E+04 sec. 
    0   0   0   0   0   1    1.00000E-07  (n,a)                                                     1.08991E-11
                                                             0     5.00000E-08  0.50000
                                                             2     5.00000E-08  0.50000   6.10200E+01 sec. 

 Absorption cross section                 :  9175.04395

 Sum over exclusive channel cross sections:  9175.04395
 (n,gn) + (n,gp) +...(n,ga) cross sections:     0.00000
 Total                                    :  9175.04395
 Non-elastic cross section                :  9175.25000

 ########## RESULTS FOR E= 1.00000E-04 ##########

 Energy dependent input flags

 Width fluctuations (flagwidth)            : y
 Unresolved resonance parameters (flagurr) : n
 Preequilibrium (flagpreeq)                : n
 Multiple preequilibrium (flagmulpre)      : n
 Number of continuum excitation energy bins: 40

 ########### REACTION SUMMARY FOR E= 1.00000E-04 ###########

 Center-of-mass energy:    0.000

 1. Total (binary) cross sections

 Total           = 2.51520E+04
   Shape elastic   = 5.52419E+03
   Reaction        = 1.96278E+04
     Compound elastic= 1.83456E+04
     Non-elastic     = 1.28221E+03
       Direct          = 0.00000E+00
       Pre-equilibrium = 0.00000E+00
       Compound non-el = 1.28221E+03
     Total elastic   = 2.38698E+04

 2. Binary non-elastic cross sections (non-exclusive)

 gamma   = 1.28200E+03
 neutron = 0.00000E+00
 proton  = 0.00000E+00
 deuteron= 0.00000E+00
 triton  = 0.00000E+00
 helium-3= 0.00000E+00
 alpha   = 0.00000E+00

 3. Total particle production cross sections

 gamma   = 2.64388E+03    Multiplicity= 2.06197E+00
 neutron = 0.00000E+00    Multiplicity= 0.00000E+00
 proton  = 0.00000E+00    Multiplicity= 0.00000E+00
 deuteron= 0.00000E+00    Multiplicity= 0.00000E+00
 triton  = 0.00000E+00    Multiplicity= 0.00000E+00
 helium-3= 0.00000E+00    Multiplicity= 0.00000E+00
 alpha   = 0.00000E+00    Multiplicity= 0.00000E+00

 4. Residual production cross sections

   a. Per isotope

   Z   A  nuclide    total     level   isomeric    isomeric    lifetime
                 cross section       cross section  ratio

   39  90 ( 90Y ) 1.28200E+03    0    1.28180E+03  0.99984
                                 2    2.07090E-01  0.00016   1.14800E+04 sec. 
   37  86 ( 86Rb) 1.00000E-07    0    0.00000E+00  0.00000
                                 2    0.00000E+00  0.00000   6.10200E+01 sec. 

   b. Per mass

   A  cross section

   90 1.28200E+03

 Total residual production cross section:  1282.0039062
 Non-elastic cross section              :  1282.2089844

 6. Exclusive cross sections

 6a. Total exclusive cross sections 

     Emitted particles     cross section reaction         level    isomeric    isomeric    lifetime relative yield
    n   p   d   t   h   a                                        cross section   ratio
    0   0   0   0   0   0    1.28200E+03  (n,g)                                                     1.00000E+00
                                                             0     1.28180E+03  0.99984
                                                             2     2.07090E-01  0.00016   1.14800E+04 sec. 
    0   0   0   0   0   1    1.00000E-07  (n,a)                                                     7.80029E-11
                                                             0     5.00000E-08  0.50000
                                                             2     5.00000E-08  0.50000   6.10200E+01 sec. 

 Absorption cross section                 :  1282.00366

 Sum over exclusive channel cross sections:  1282.00366
 (n,gn) + (n,gp) +...(n,ga) cross sections:     0.00000
 Total                                    :  1282.00366
 Non-elastic cross section                :  1282.20898

 ########## RESULTS FOR E=   0.00100 ##########

 Energy dependent input flags

 Width fluctuations (flagwidth)            : y
 Unresolved resonance parameters (flagurr) : n
 Preequilibrium (flagpreeq)                : n
 Multiple preequilibrium (flagmulpre)      : n
 Number of continuum excitation energy bins: 40

 ########### REACTION SUMMARY FOR E=   0.00100 ###########

 Center-of-mass energy:    0.001

 1. Total (binary) cross sections

 Total           = 1.19725E+04
   Shape elastic   = 5.50306E+03
   Reaction        = 6.46940E+03
     Compound elastic= 6.17306E+03
     Non-elastic     = 2.96335E+02
       Direct          = 0.00000E+00
       Pre-equilibrium = 0.00000E+00
       Compound non-el = 2.96335E+02
     Total elastic   = 1.16761E+04

 2. Binary non-elastic cross sections (non-exclusive)

 gamma   = 2.96110E+02
 neutron = 0.00000E+00
 proton  = 0.00000E+00
 deuteron= 0.00000E+00
 triton  = 0.00000E+00
 helium-3= 0.00000E+00
 alpha   = 0.00000E+00

 3. Total particle production cross sections

 gamma   = 5.85069E+02    Multiplicity= 1.97435E+00
 neutron = 0.00000E+00    Multiplicity= 0.00000E+00
 proton  = 0.00000E+00    Multiplicity= 0.00000E+00
 deuteron= 0.00000E+00    Multiplicity= 0.00000E+00
 triton  = 0.00000E+00    Multiplicity= 0.00000E+00
 helium-3= 0.00000E+00    Multiplicity= 0.00000E+00
 alpha   = 0.00000E+00    Multiplicity= 0.00000E+00

 4. Residual production cross sections

   a. Per isotope

   Z   A  nuclide    total     level   isomeric    isomeric    lifetime
                 cross section       cross section  ratio

   39  90 ( 90Y ) 2.96110E+02    0    2.95906E+02  0.99931
                                 2    2.03718E-01  0.00069   1.14800E+04 sec. 
   37  86 ( 86Rb) 1.00000E-07    0    0.00000E+00  0.00000
                                 2    0.00000E+00  0.00000   6.10200E+01 sec. 

   b. Per mass

   A  cross section

   90 2.96110E+02

 Total residual production cross section:   296.1096191
 Non-elastic cross section              :   296.3354492

 6. Exclusive cross sections

 6a. Total exclusive cross sections 

     Emitted particles     cross section reaction         level    isomeric    isomeric    lifetime relative yield
    n   p   d   t   h   a                                        cross section   ratio
    0   0   0   0   0   0    2.96110E+02  (n,g)                                                     1.00000E+00
                                                             0     2.95906E+02  0.99931
                                                             2     2.03718E-01  0.00069   1.14800E+04 sec. 
    0   0   0   0   0   1    1.00000E-07  (n,a)                                                     3.37713E-10
                                                             0     5.00000E-08  0.50000
                                                             2     5.00000E-08  0.50000   6.10200E+01 sec. 

 Absorption cross section                 :   296.10959

 Sum over exclusive channel cross sections:   296.10959
 (n,gn) + (n,gp) +...(n,ga) cross sections:     0.00000
 Total                                    :   296.10959
 Non-elastic cross section                :   296.33545

 ########## RESULTS FOR E=   0.00200 ##########

 Energy dependent input flags

 Width fluctuations (flagwidth)            : y
 Unresolved resonance parameters (flagurr) : n
 Preequilibrium (flagpreeq)                : n
 Multiple preequilibrium (flagmulpre)      : n
 Number of continuum excitation energy bins: 40

 ########### REACTION SUMMARY FOR E=   0.00200 ###########

 Center-of-mass energy:    0.002

 1. Total (binary) cross sections

 Total           = 1.02766E+04
   Shape elastic   = 5.48850E+03
   Reaction        = 4.78812E+03
     Compound elastic= 4.58490E+03
     Non-elastic     = 2.03216E+02
       Direct          = 0.00000E+00
       Pre-equilibrium = 0.00000E+00
       Compound non-el = 2.03216E+02
     Total elastic   = 1.00734E+04

 2. Binary non-elastic cross sections (non-exclusive)

 gamma   = 2.02985E+02
 neutron = 0.00000E+00
 proton  = 0.00000E+00
 deuteron= 0.00000E+00
 triton  = 0.00000E+00
 helium-3= 0.00000E+00
 alpha   = 0.00000E+00

 3. Total particle production cross sections

 gamma   = 3.96539E+02    Multiplicity= 1.95131E+00
 neutron = 0.00000E+00    Multiplicity= 0.00000E+00
 proton  = 0.00000E+00    Multiplicity= 0.00000E+00
 deuteron= 0.00000E+00    Multiplicity= 0.00000E+00
 triton  = 0.00000E+00    Multiplicity= 0.00000E+00
 helium-3= 0.00000E+00    Multiplicity= 0.00000E+00
 alpha   = 0.00000E+00    Multiplicity= 0.00000E+00

 4. Residual production cross sections

   a. Per isotope

   Z   A  nuclide    total     level   isomeric    isomeric    lifetime
                 cross section       cross section  ratio

   39  90 ( 90Y ) 2.02985E+02    0    2.02810E+02  0.99914
                                 2    1.74952E-01  0.00086   1.14800E+04 sec. 
   37  86 ( 86Rb) 1.00000E-07    0    0.00000E+00  0.00000
                                 2    0.00000E+00  0.00000   6.10200E+01 sec. 

   b. Per mass

   A  cross section

   90 2.02985E+02

 Total residual production cross section:   202.9852600
 Non-elastic cross section              :   203.2163086

 6. Exclusive cross sections

 6a. Total exclusive cross sections 

     Emitted particles     cross section reaction         level    isomeric    isomeric    lifetime relative yield
    n   p   d   t   h   a                                        cross section   ratio
    0   0   0   0   0   0    2.02985E+02  (n,g)                                                     1.00000E+00
                                                             0     2.02810E+02  0.99914
                                                             2     1.74952E-01  0.00086   1.14800E+04 sec. 
    0   0   0   0   0   1    1.00000E-07  (n,a)                                                     4.92647E-10
                                                             0     5.00000E-08  0.50000
                                                             2     5.00000E-08  0.50000   6.10200E+01 sec. 

 Absorption cross section                 :   202.98528

 Sum over exclusive channel cross sections:   202.98528
 (n,gn) + (n,gp) +...(n,ga) cross sections:     0.00000
 Total                                    :   202.98528
 Non-elastic cross section                :   203.21631

 ########## RESULTS FOR E=   0.00400 ##########

 Energy dependent input flags

 Width fluctuations (flagwidth)            : y
 Unresolved resonance parameters (flagurr) : n
 Preequilibrium (flagpreeq)                : n
 Multiple preequilibrium (flagmulpre)      : n
 Number of continuum excitation energy bins: 40

 ########### REACTION SUMMARY FOR E=   0.00400 ###########

 Center-of-mass energy:    0.004

 1. Total (binary) cross sections

 Total           = 9.15761E+03
   Shape elastic   = 5.46577E+03
   Reaction        = 3.69183E+03
     Compound elastic= 3.56152E+03
     Non-elastic     = 1.30308E+02
       Direct          = 0.00000E+00
       Pre-equilibrium = 0.00000E+00
       Compound non-el = 1.30308E+02
     Total elastic   = 9.02729E+03

 2. Binary non-elastic cross sections (non-exclusive)

 gamma   = 1.30075E+02
 neutron = 0.00000E+00
 proton  = 0.00000E+00
 deuteron= 0.00000E+00
 triton  = 0.00000E+00
 helium-3= 0.00000E+00
 alpha   = 0.00000E+00

 3. Total particle production cross sections

 gamma   = 2.52347E+02    Multiplicity= 1.93654E+00
 neutron = 1.60390E-04    Multiplicity= 1.23085E-06
 proton  = 0.00000E+00    Multiplicity= 0.00000E+00
 deuteron= 0.00000E+00    Multiplicity= 0.00000E+00
 triton  = 0.00000E+00    Multiplicity= 0.00000E+00
 helium-3= 0.00000E+00    Multiplicity= 0.00000E+00
 alpha   = 0.00000E+00    Multiplicity= 0.00000E+00

 4. Residual production cross sections

   a. Per isotope

   Z   A  nuclide    total     level   isomeric    isomeric    lifetime
                 cross section       cross section  ratio

   39  90 ( 90Y ) 1.30075E+02    0    1.29945E+02  0.99900
                                 2    1.29626E-01  0.00100   1.14800E+04 sec. 
   37  86 ( 86Rb) 1.00000E-07    0    0.00000E+00  0.00000
                                 2    0.00000E+00  0.00000   6.10200E+01 sec. 

   b. Per mass

   A  cross section

   90 1.30075E+02

 Total residual production cross section:   130.0747375
 Non-elastic cross section              :   130.3081055

 6. Exclusive cross sections

 6a. Total exclusive cross sections 

     Emitted particles     cross section reaction         level    isomeric    isomeric    lifetime relative yield
    n   p   d   t   h   a                                        cross section   ratio
    0   0   0   0   0   0    1.30075E+02  (n,g)                                                     1.00000E+00
                                                             0     1.29945E+02  0.99900
                                                             2     1.29626E-01  0.00100   1.14800E+04 sec. 
    0   0   0   0   0   1    1.00000E-07  (n,a)                                                     7.68789E-10
                                                             0     5.00000E-08  0.50000
                                                             2     5.00000E-08  0.50000   6.10200E+01 sec. 

 Absorption cross section                 :   130.07475

 Sum over exclusive channel cross sections:   130.07475
 (n,gn) + (n,gp) +...(n,ga) cross sections:     0.00016
 Total                                    :   130.07492
 Non-elastic cross section                :   130.30811

 ########## RESULTS FOR E=   0.00700 ##########

 Energy dependent input flags

 Width fluctuations (flagwidth)            : y
 Unresolved resonance parameters (flagurr) : n
 Preequilibrium (flagpreeq)                : n
 Multiple preequilibrium (flagmulpre)      : n
 Number of continuum excitation energy bins: 40

 ########### REACTION SUMMARY FOR E=   0.00700 ###########

 Center-of-mass energy:    0.007

 1. Total (binary) cross sections

 Total           = 8.57923E+03
   Shape elastic   = 5.43798E+03
   Reaction        = 3.14125E+03
     Compound elastic= 3.05492E+03
     Non-elastic     = 8.63259E+01
       Direct          = 0.00000E+00
       Pre-equilibrium = 0.00000E+00
       Compound non-el = 8.63259E+01
     Total elastic   = 8.49290E+03

 2. Binary non-elastic cross sections (non-exclusive)

 gamma   = 8.60990E+01
 neutron = 0.00000E+00
 proton  = 0.00000E+00
 deuteron= 0.00000E+00
 triton  = 0.00000E+00
 helium-3= 0.00000E+00
 alpha   = 0.00000E+00

 3. Total particle production cross sections

 gamma   = 1.66506E+02    Multiplicity= 1.92880E+00
 neutron = 1.59729E-04    Multiplicity= 1.85030E-06
 proton  = 0.00000E+00    Multiplicity= 0.00000E+00
 deuteron= 0.00000E+00    Multiplicity= 0.00000E+00
 triton  = 0.00000E+00    Multiplicity= 0.00000E+00
 helium-3= 0.00000E+00    Multiplicity= 0.00000E+00
 alpha   = 0.00000E+00    Multiplicity= 0.00000E+00

 4. Residual production cross sections

   a. Per isotope

   Z   A  nuclide    total     level   isomeric    isomeric    lifetime
                 cross section       cross section  ratio

   39  90 ( 90Y ) 8.60989E+01    0    8.60047E+01  0.99891
                                 2    9.42055E-02  0.00109   1.14800E+04 sec. 
   37  86 ( 86Rb) 1.00000E-07    0    0.00000E+00  0.00000
                                 2    0.00000E+00  0.00000   6.10200E+01 sec. 

   b. Per mass

   A  cross section

   90 8.60989E+01

 Total residual production cross section:    86.0988846
 Non-elastic cross section              :    86.3259277

 6. Exclusive cross sections

 6a. Total exclusive cross sections 

     Emitted particles     cross section reaction         level    isomeric    isomeric    lifetime relative yield
    n   p   d   t   h   a                                        cross section   ratio
    0   0   0   0   0   0    8.60989E+01  (n,g)                                                     1.00000E+00
                                                             0     8.60047E+01  0.99891
                                                             2     9.42055E-02  0.00109   1.14800E+04 sec. 
    0   0   0   0   0   1    1.00000E-07  (n,a)                                                     1.16146E-09
                                                             0     5.00000E-08  0.50000
                                                             2     5.00000E-08  0.50000   6.10200E+01 sec. 

 Absorption cross section                 :    86.09888

 Sum over exclusive channel cross sections:    86.09888
 (n,gn) + (n,gp) +...(n,ga) cross sections:     0.00016
 Total                                    :    86.09904
 Non-elastic cross section                :    86.32593

 ########## RESULTS FOR E=   0.01000 ##########

 Energy dependent input flags

 Width fluctuations (flagwidth)            : y
 Unresolved resonance parameters (flagurr) : n
 Preequilibrium (flagpreeq)                : n
 Multiple preequilibrium (flagmulpre)      : n
 Number of continuum excitation energy bins: 40

 ########### REACTION SUMMARY FOR E=   0.01000 ###########

 Center-of-mass energy:    0.010

 1. Total (binary) cross sections

 Total           = 8.33744E+03
   Shape elastic   = 5.41397E+03
   Reaction        = 2.92347E+03
     Compound elastic= 2.85833E+03
     Non-elastic     = 6.51375E+01
       Direct          = 0.00000E+00
       Pre-equilibrium = 0.00000E+00
       Compound non-el = 6.51375E+01
     Total elastic   = 8.27230E+03

 2. Binary non-elastic cross sections (non-exclusive)

 gamma   = 6.49173E+01
 neutron = 0.00000E+00
 proton  = 0.00000E+00
 deuteron= 0.00000E+00
 triton  = 0.00000E+00
 helium-3= 0.00000E+00
 alpha   = 0.00000E+00

 3. Total particle production cross sections

 gamma   = 1.25403E+02    Multiplicity= 1.92520E+00
 neutron = 1.64544E-04    Multiplicity= 2.52610E-06
 proton  = 0.00000E+00    Multiplicity= 0.00000E+00
 deuteron= 0.00000E+00    Multiplicity= 0.00000E+00
 triton  = 0.00000E+00    Multiplicity= 0.00000E+00
 helium-3= 0.00000E+00    Multiplicity= 0.00000E+00
 alpha   = 0.00000E+00    Multiplicity= 0.00000E+00

 4. Residual production cross sections

   a. Per isotope

   Z   A  nuclide    total     level   isomeric    isomeric    lifetime
                 cross section       cross section  ratio

   39  90 ( 90Y ) 6.49171E+01    0    6.48411E+01  0.99883
                                 2    7.60312E-02  0.00117   1.14800E+04 sec. 
   37  86 ( 86Rb) 1.00000E-07    0    0.00000E+00  0.00000
                                 2    0.00000E+00  0.00000   6.10200E+01 sec. 

   b. Per mass

   A  cross section

   90 6.49171E+01

 Total residual production cross section:    64.9171371
 Non-elastic cross section              :    65.1374512

 6. Exclusive cross sections

 6a. Total exclusive cross sections 

     Emitted particles     cross section reaction         level    isomeric    isomeric    lifetime relative yield
    n   p   d   t   h   a                                        cross section   ratio
    0   0   0   0   0   0    6.49171E+01  (n,g)                                                     1.00000E+00
                                                             0     6.48411E+01  0.99883
                                                             2     7.60312E-02  0.00117   1.14800E+04 sec. 
    0   0   0   0   0   1    1.00000E-07  (n,a)                                                     1.54043E-09
                                                             0     5.00000E-08  0.50000
                                                             2     5.00000E-08  0.50000   6.10200E+01 sec. 

 Absorption cross section                 :    64.91714

 Sum over exclusive channel cross sections:    64.91714
 (n,gn) + (n,gp) +...(n,ga) cross sections:     0.00016
 Total                                    :    64.91730
 Non-elastic cross section                :    65.13745

 ########## RESULTS FOR E=   0.02000 ##########

 Energy dependent input flags

 Width fluctuations (flagwidth)            : y
 Unresolved resonance parameters (flagurr) : n
 Preequilibrium (flagpreeq)                : n
 Multiple preequilibrium (flagmulpre)      : n
 Number of continuum excitation energy bins: 40

 ########### REACTION SUMMARY FOR E=   0.02000 ###########

 Center-of-mass energy:    0.020

 1. Total (binary) cross sections

 Total           = 8.11529E+03
   Shape elastic   = 5.34731E+03
   Reaction        = 2.76798E+03
     Compound elastic= 2.73099E+03
     Non-elastic     = 3.69949E+01
       Direct          = 0.00000E+00
       Pre-equilibrium = 0.00000E+00
       Compound non-el = 3.69949E+01
     Total elastic   = 8.07829E+03

 2. Binary non-elastic cross sections (non-exclusive)

 gamma   = 3.67792E+01
 neutron = 0.00000E+00
 proton  = 0.00000E+00
 deuteron= 0.00000E+00
 triton  = 0.00000E+00
 helium-3= 0.00000E+00
 alpha   = 0.00000E+00

 3. Total particle production cross sections

 gamma   = 7.10477E+01    Multiplicity= 1.92047E+00
 neutron = 1.45892E-04    Multiplicity= 3.94356E-06
 proton  = 0.00000E+00    Multiplicity= 0.00000E+00
 deuteron= 0.00000E+00    Multiplicity= 0.00000E+00
 triton  = 0.00000E+00    Multiplicity= 0.00000E+00
 helium-3= 0.00000E+00    Multiplicity= 0.00000E+00
 alpha   = 0.00000E+00    Multiplicity= 0.00000E+00

 4. Residual production cross sections

   a. Per isotope

   Z   A  nuclide    total     level   isomeric    isomeric    lifetime
                 cross section       cross section  ratio

   39  90 ( 90Y ) 3.67791E+01    0    3.67231E+01  0.99848
                                 2    5.59976E-02  0.00152   1.14800E+04 sec. 
   37  86 ( 86Rb) 1.00000E-07    0    0.00000E+00  0.00000
                                 2    0.00000E+00  0.00000   6.10200E+01 sec. 

   b. Per mass

   A  cross section

   90 3.67791E+01

 Total residual production cross section:    36.7790527
 Non-elastic cross section              :    36.9948730

 6. Exclusive cross sections

 6a. Total exclusive cross sections 

     Emitted particles     cross section reaction         level    isomeric    isomeric    lifetime relative yield
    n   p   d   t   h   a                                        cross section   ratio
    0   0   0   0   0   0    3.67790E+01  (n,g)                                                     1.00000E+00
                                                             0     3.67231E+01  0.99848
                                                             2     5.59976E-02  0.00152   1.14800E+04 sec. 
    0   0   0   0   0   1    1.00000E-07  (n,a)                                                     2.71894E-09
                                                             0     5.00000E-08  0.50000
                                                             2     5.00000E-08  0.50000   6.10200E+01 sec. 

 Absorption cross section                 :    36.77905

 Sum over exclusive channel cross sections:    36.77905
 (n,gn) + (n,gp) +...(n,ga) cross sections:     0.00015
 Total                                    :    36.77919
 Non-elastic cross section                :    36.99487

 ########## RESULTS FOR E=   0.04000 ##########

 Energy dependent input flags

 Width fluctuations (flagwidth)            : y
 Unresolved resonance parameters (flagurr) : n
 Preequilibrium (flagpreeq)                : n
 Multiple preequilibrium (flagmulpre)      : n
 Number of continuum excitation energy bins: 40

 ########### REACTION SUMMARY FOR E=   0.04000 ###########

 Center-of-mass energy:    0.040

 1. Total (binary) cross sections

 Total           = 8.19583E+03
   Shape elastic   = 5.24613E+03
   Reaction        = 2.94970E+03
     Compound elastic= 2.92783E+03
     Non-elastic     = 2.18723E+01
       Direct          = 0.00000E+00
       Pre-equilibrium = 0.00000E+00
       Compound non-el = 2.18723E+01
     Total elastic   = 8.17396E+03

 2. Binary non-elastic cross sections (non-exclusive)

 gamma   = 2.15931E+01
 neutron = 0.00000E+00
 proton  = 0.00000E+00
 deuteron= 0.00000E+00
 triton  = 0.00000E+00
 helium-3= 0.00000E+00
 alpha   = 0.00000E+00

 3. Total particle production cross sections

 gamma   = 4.19167E+01    Multiplicity= 1.91643E+00
 neutron = 9.53438E-05    Multiplicity= 4.35911E-06
 proton  = 0.00000E+00    Multiplicity= 0.00000E+00
 deuteron= 0.00000E+00    Multiplicity= 0.00000E+00
 triton  = 0.00000E+00    Multiplicity= 0.00000E+00
 helium-3= 0.00000E+00    Multiplicity= 0.00000E+00
 alpha   = 0.00000E+00    Multiplicity= 0.00000E+00

 4. Residual production cross sections

   a. Per isotope

   Z   A  nuclide    total     level   isomeric    isomeric    lifetime
                 cross section       cross section  ratio

   39  90 ( 90Y ) 2.15930E+01    0    2.15311E+01  0.99713
                                 2    6.19054E-02  0.00287   1.14800E+04 sec. 
   37  86 ( 86Rb) 1.00000E-07    0    0.00000E+00  0.00000
                                 2    0.00000E+00  0.00000   6.10200E+01 sec. 

   b. Per mass

   A  cross section

   90 2.15930E+01

 Total residual production cross section:    21.5929737
 Non-elastic cross section              :    21.8723145

 6. Exclusive cross sections

 6a. Total exclusive cross sections 

     Emitted particles     cross section reaction         level    isomeric    isomeric    lifetime relative yield
    n   p   d   t   h   a                                        cross section   ratio
    0   0   0   0   0   0    2.15930E+01  (n,g)                                                     1.00000E+00
                                                             0     2.15311E+01  0.99713
                                                             2     6.19054E-02  0.00287   1.14800E+04 sec. 
    0   0   0   0   0   1    1.00000E-07  (n,a)                                                     4.63114E-09
                                                             0     5.00000E-08  0.50000
                                                             2     5.00000E-08  0.50000   6.10200E+01 sec. 

 Absorption cross section                 :    21.59297

 Sum over exclusive channel cross sections:    21.59297
 (n,gn) + (n,gp) +...(n,ga) cross sections:     0.00010
 Total                                    :    21.59307
 Non-elastic cross section                :    21.87231

 ########## RESULTS FOR E=   0.07000 ##########

 Energy dependent input flags

 Width fluctuations (flagwidth)            : y
 Unresolved resonance parameters (flagurr) : n
 Preequilibrium (flagpreeq)                : n
 Multiple preequilibrium (flagmulpre)      : n
 Number of continuum excitation energy bins: 40

 ########### REACTION SUMMARY FOR E=   0.07000 ###########

 Center-of-mass energy:    0.069

 1. Total (binary) cross sections

 Total           = 8.47121E+03
   Shape elastic   = 5.14168E+03
   Reaction        = 3.32952E+03
     Compound elastic= 3.31377E+03
     Non-elastic     = 1.57461E+01
       Direct          = 0.00000E+00
       Pre-equilibrium = 0.00000E+00
       Compound non-el = 1.57461E+01
     Total elastic   = 8.45545E+03

 2. Binary non-elastic cross sections (non-exclusive)

 gamma   = 1.53643E+01
 neutron = 0.00000E+00
 proton  = 0.00000E+00
 deuteron= 0.00000E+00
 triton  = 0.00000E+00
 helium-3= 0.00000E+00
 alpha   = 0.00000E+00

 3. Total particle production cross sections

 gamma   = 3.01224E+01    Multiplicity= 1.91301E+00
 neutron = 6.51116E-05    Multiplicity= 4.13509E-06
 proton  = 0.00000E+00    Multiplicity= 0.00000E+00
 deuteron= 0.00000E+00    Multiplicity= 0.00000E+00
 triton  = 0.00000E+00    Multiplicity= 0.00000E+00
 helium-3= 0.00000E+00    Multiplicity= 0.00000E+00
 alpha   = 0.00000E+00    Multiplicity= 0.00000E+00

 4. Residual production cross sections

   a. Per isotope

   Z   A  nuclide    total     level   isomeric    isomeric    lifetime
                 cross section       cross section  ratio

   39  90 ( 90Y ) 1.53643E+01    0    1.52723E+01  0.99402
                                 2    9.19487E-02  0.00598   1.14800E+04 sec. 
   37  86 ( 86Rb) 1.00000E-07    0    0.00000E+00  0.00000
                                 2    0.00000E+00  0.00000   6.10200E+01 sec. 

   b. Per mass

   A  cross section

   90 1.53643E+01

 Total residual production cross section:    15.3642702
 Non-elastic cross section              :    15.7460938

 6. Exclusive cross sections

 6a. Total exclusive cross sections 

     Emitted particles     cross section reaction         level    isomeric    isomeric    lifetime relative yield
    n   p   d   t   h   a                                        cross section   ratio
    0   0   0   0   0   0    1.53643E+01  (n,g)                                                     1.00000E+00
                                                             0     1.52723E+01  0.99402
                                                             2     9.19487E-02  0.00598   1.14800E+04 sec. 
    0   0   0   0   0   1    1.00000E-07  (n,a)                                                     6.50861E-09
                                                             0     5.00000E-08  0.50000
                                                             2     5.00000E-08  0.50000   6.10200E+01 sec. 

 Absorption cross section                 :    15.36427

 Sum over exclusive channel cross sections:    15.36427
 (n,gn) + (n,gp) +...(n,ga) cross sections:     0.00007
 Total                                    :    15.36434
 Non-elastic cross section                :    15.74609

 ########## RESULTS FOR E=   0.10000 ##########

 Energy dependent input flags

 Width fluctuations (flagwidth)            : y
 Unresolved resonance parameters (flagurr) : n
 Preequilibrium (flagpreeq)                : n
 Multiple preequilibrium (flagmulpre)      : n
 Number of continuum excitation energy bins: 40

 ########### REACTION SUMMARY FOR E=   0.10000 ###########

 Center-of-mass energy:    0.099

 1. Total (binary) cross sections

 Total           = 8.72914E+03
   Shape elastic   = 5.07648E+03
   Reaction        = 3.65266E+03
     Compound elastic= 3.63920E+03
     Non-elastic     = 1.34568E+01
       Direct          = 0.00000E+00
       Pre-equilibrium = 0.00000E+00
       Compound non-el = 1.34568E+01
     Total elastic   = 8.71568E+03

 2. Binary non-elastic cross sections (non-exclusive)

 gamma   = 1.30288E+01
 neutron = 0.00000E+00
 proton  = 0.00000E+00
 deuteron= 0.00000E+00
 triton  = 0.00000E+00
 helium-3= 0.00000E+00
 alpha   = 0.00000E+00

 3. Total particle production cross sections

 gamma   = 2.57818E+01    Multiplicity= 1.91589E+00
 neutron = 5.47109E-05    Multiplicity= 4.06567E-06
 proton  = 0.00000E+00    Multiplicity= 0.00000E+00
 deuteron= 0.00000E+00    Multiplicity= 0.00000E+00
 triton  = 0.00000E+00    Multiplicity= 0.00000E+00
 helium-3= 0.00000E+00    Multiplicity= 0.00000E+00
 alpha   = 0.00000E+00    Multiplicity= 0.00000E+00

 4. Residual production cross sections

   a. Per isotope

   Z   A  nuclide    total     level   isomeric    isomeric    lifetime
                 cross section       cross section  ratio

   39  90 ( 90Y ) 1.30287E+01    0    1.29007E+01  0.99017
                                 2    1.28063E-01  0.00983   1.14800E+04 sec. 
   37  86 ( 86Rb) 1.00000E-07    0    0.00000E+00  0.00000
                                 2    0.00000E+00  0.00000   6.10200E+01 sec. 

   b. Per mass

   A  cross section

   90 1.30287E+01

 Total residual production cross section:    13.0287142
 Non-elastic cross section              :    13.4567871

 6. Exclusive cross sections

 6a. Total exclusive cross sections 

     Emitted particles     cross section reaction         level    isomeric    isomeric    lifetime relative yield
    n   p   d   t   h   a                                        cross section   ratio
    0   0   0   0   0   0    1.30287E+01  (n,g)                                                     1.00000E+00
                                                             0     1.29007E+01  0.99017
                                                             2     1.28063E-01  0.00983   1.14800E+04 sec. 
    0   0   0   0   0   1    1.00000E-07  (n,a)                                                     7.67535E-09
                                                             0     5.00000E-08  0.50000
                                                             2     5.00000E-08  0.50000   6.10200E+01 sec. 

 Absorption cross section                 :    13.02871

 Sum over exclusive channel cross sections:    13.02871
 (n,gn) + (n,gp) +...(n,ga) cross sections:     0.00005
 Total                                    :    13.02877
 Non-elastic cross section                :    13.45679

 ########## RESULTS FOR E=   0.20000 ##########

 Energy dependent input flags

 Width fluctuations (flagwidth)            : y
 Unresolved resonance parameters (flagurr) : n
 Preequilibrium (flagpreeq)                : n
 Multiple preequilibrium (flagmulpre)      : n
 Number of continuum excitation energy bins: 40

 ########### REACTION SUMMARY FOR E=   0.20000 ###########

 Center-of-mass energy:    0.198

 1. Total (binary) cross sections

 Total           = 9.22446E+03
   Shape elastic   = 5.01769E+03
   Reaction        = 4.20677E+03
     Compound elastic= 4.19569E+03
     Non-elastic     = 1.10791E+01
       Direct          = 0.00000E+00
       Pre-equilibrium = 0.00000E+00
       Compound non-el = 1.10791E+01
     Total elastic   = 9.21338E+03

 2. Binary non-elastic cross sections (non-exclusive)

 gamma   = 1.06942E+01
 neutron = 0.00000E+00
 proton  = 0.00000E+00
 deuteron= 0.00000E+00
 triton  = 0.00000E+00
 helium-3= 0.00000E+00
 alpha   = 0.00000E+00

 3. Total particle production cross sections

 gamma   = 2.16977E+01    Multiplicity= 1.95843E+00
 neutron = 7.94567E-04    Multiplicity= 7.17177E-05
 proton  = 0.00000E+00    Multiplicity= 0.00000E+00
 deuteron= 0.00000E+00    Multiplicity= 0.00000E+00
 triton  = 0.00000E+00    Multiplicity= 0.00000E+00
 helium-3= 0.00000E+00    Multiplicity= 0.00000E+00
 alpha   = 0.00000E+00    Multiplicity= 0.00000E+00

 4. Residual production cross sections

   a. Per isotope

   Z   A  nuclide    total     level   isomeric    isomeric    lifetime
                 cross section       cross section  ratio

   39  90 ( 90Y ) 1.06934E+01    0    1.04380E+01  0.97612
                                 2    2.55369E-01  0.02388   1.14800E+04 sec. 
   37  86 ( 86Rb) 1.00000E-07    0    0.00000E+00  0.00000
                                 2    0.00000E+00  0.00000   6.10200E+01 sec. 

   b. Per mass

   A  cross section

   90 1.06934E+01

 Total residual production cross section:    10.6933718
 Non-elastic cross section              :    11.0791016

 6. Exclusive cross sections

 6a. Total exclusive cross sections 

     Emitted particles     cross section reaction         level    isomeric    isomeric    lifetime relative yield
    n   p   d   t   h   a                                        cross section   ratio
    0   0   0   0   0   0    1.06934E+01  (n,g)                                                     1.00000E+00
                                                             0     1.04380E+01  0.97612
                                                             2     2.55369E-01  0.02388   1.14800E+04 sec. 
    0   0   0   0   0   1    1.00000E-07  (n,a)                                                     9.35159E-09
                                                             0     5.00000E-08  0.50000
                                                             2     5.00000E-08  0.50000   6.10200E+01 sec. 

 Absorption cross section                 :    10.69337

 Sum over exclusive channel cross sections:    10.69337
 (n,gn) + (n,gp) +...(n,ga) cross sections:     0.00079
 Total                                    :    10.69417
 Non-elastic cross section                :    11.07910

 ########## RESULTS FOR E=   0.30000 ##########

 Energy dependent input flags

 Width fluctuations (flagwidth)            : y
 Unresolved resonance parameters (flagurr) : n
 Preequilibrium (flagpreeq)                : n
 Multiple preequilibrium (flagmulpre)      : n
 Number of continuum excitation energy bins: 40

 ########### REACTION SUMMARY FOR E=   0.30000 ###########

 Center-of-mass energy:    0.297

 1. Total (binary) cross sections

 Total           = 9.23767E+03
   Shape elastic   = 5.02989E+03
   Reaction        = 4.20778E+03
     Compound elastic= 4.19747E+03
     Non-elastic     = 1.03120E+01
       Direct          = 0.00000E+00
       Pre-equilibrium = 0.00000E+00
       Compound non-el = 1.03120E+01
     Total elastic   = 9.22736E+03

 2. Binary non-elastic cross sections (non-exclusive)

 gamma   = 1.00224E+01
 neutron = 0.00000E+00
 proton  = 0.00000E+00
 deuteron= 0.00000E+00
 triton  = 0.00000E+00
 helium-3= 0.00000E+00
 alpha   = 0.00000E+00

 3. Total particle production cross sections

 gamma   = 2.06970E+01    Multiplicity= 2.00708E+00
 neutron = 2.15658E-03    Multiplicity= 2.09133E-04
 proton  = 0.00000E+00    Multiplicity= 0.00000E+00
 deuteron= 0.00000E+00    Multiplicity= 0.00000E+00
 triton  = 0.00000E+00    Multiplicity= 0.00000E+00
 helium-3= 0.00000E+00    Multiplicity= 0.00000E+00
 alpha   = 0.00000E+00    Multiplicity= 0.00000E+00

 4. Residual production cross sections

   a. Per isotope

   Z   A  nuclide    total     level   isomeric    isomeric    lifetime
                 cross section       cross section  ratio

   39  90 ( 90Y ) 1.00203E+01    0    9.68329E+00  0.96637
                                 2    3.36972E-01  0.03363   1.14800E+04 sec. 
   39  89 ( 89Y ) 2.15658E-03    0    2.15658E-03  1.00000
                                 1    0.00000E+00  0.00000   1.56600E+01 sec. 
   37  86 ( 86Rb) 1.00000E-07    0    0.00000E+00  0.00000
                                 2    0.00000E+00  0.00000   6.10200E+01 sec. 

   b. Per mass

   A  cross section

   90 1.00203E+01
   89 2.15658E-03

 Total residual production cross section:    10.0224161
 Non-elastic cross section              :    10.3120117

 6. Exclusive cross sections

 6a. Total exclusive cross sections 

     Emitted particles     cross section reaction         level    isomeric    isomeric    lifetime relative yield
    n   p   d   t   h   a                                        cross section   ratio
    0   0   0   0   0   0    1.00203E+01  (n,g)                                                     1.00000E+00
                                                             0     9.68329E+00  0.96637
                                                             2     3.36972E-01  0.03363   1.14800E+04 sec. 
    0   0   0   0   0   1    1.00000E-07  (n,a)                                                     9.97978E-09
                                                             0     5.00000E-08  0.50000
                                                             2     5.00000E-08  0.50000   6.10200E+01 sec. 

 Absorption cross section                 :    10.02026

 Sum over exclusive channel cross sections:    10.02026
 (n,gn) + (n,gp) +...(n,ga) cross sections:     0.00216
 Total                                    :    10.02242
 Non-elastic cross section                :    10.31201

 ########## RESULTS FOR E=   0.40000 ##########

 Energy dependent input flags

 Width fluctuations (flagwidth)            : y
 Unresolved resonance parameters (flagurr) : n
 Preequilibrium (flagpreeq)                : n
 Multiple preequilibrium (flagmulpre)      : n
 Number of continuum excitation energy bins: 40

 ########### REACTION SUMMARY FOR E=   0.40000 ###########

 Center-of-mass energy:    0.396

 1. Total (binary) cross sections

 Total           = 8.96515E+03
   Shape elastic   = 5.00250E+03
   Reaction        = 3.96264E+03
     Compound elastic= 3.95282E+03
     Non-elastic     = 9.81494E+00
       Direct          = 0.00000E+00
       Pre-equilibrium = 0.00000E+00
       Compound non-el = 9.81494E+00
     Total elastic   = 8.95533E+03

 2. Binary non-elastic cross sections (non-exclusive)

 gamma   = 9.59695E+00
 neutron = 0.00000E+00
 proton  = 0.00000E+00
 deuteron= 0.00000E+00
 triton  = 0.00000E+00
 helium-3= 0.00000E+00
 alpha   = 0.00000E+00

 3. Total particle production cross sections

 gamma   = 2.00926E+01    Multiplicity= 2.04714E+00
 neutron = 3.80411E-03    Multiplicity= 3.87583E-04
 proton  = 0.00000E+00    Multiplicity= 0.00000E+00
 deuteron= 0.00000E+00    Multiplicity= 0.00000E+00
 triton  = 0.00000E+00    Multiplicity= 0.00000E+00
 helium-3= 0.00000E+00    Multiplicity= 0.00000E+00
 alpha   = 0.00000E+00    Multiplicity= 0.00000E+00

 4. Residual production cross sections

   a. Per isotope

   Z   A  nuclide    total     level   isomeric    isomeric    lifetime
                 cross section       cross section  ratio

   39  90 ( 90Y ) 9.59315E+00    0    9.21082E+00  0.96015
                                 2    3.82330E-01  0.03985   1.14800E+04 sec. 
   39  89 ( 89Y ) 3.80411E-03    0    3.80411E-03  1.00000
                                 1    0.00000E+00  0.00000   1.56600E+01 sec. 
   37  86 ( 86Rb) 1.00000E-07    0    0.00000E+00  0.00000
                                 2    0.00000E+00  0.00000   6.10200E+01 sec. 

   b. Per mass

   A  cross section

   90 9.59315E+00
   89 3.80411E-03

 Total residual production cross section:     9.5969524
 Non-elastic cross section              :     9.8149414

 6. Exclusive cross sections

 6a. Total exclusive cross sections 

     Emitted particles     cross section reaction         level    isomeric    isomeric    lifetime relative yield
    n   p   d   t   h   a                                        cross section   ratio
    0   0   0   0   0   0    9.59315E+00  (n,g)                                                     1.00000E+00
                                                             0     9.21082E+00  0.96015
                                                             2     3.82330E-01  0.03985   1.14800E+04 sec. 
    0   0   0   0   0   1    1.00000E-07  (n,a)                                                     1.04241E-08
                                                             0     5.00000E-08  0.50000
                                                             2     5.00000E-08  0.50000   6.10200E+01 sec. 

 Absorption cross section                 :     9.59315

 Sum over exclusive channel cross sections:     9.59315
 (n,gn) + (n,gp) +...(n,ga) cross sections:     0.00380
 Total                                    :     9.59695
 Non-elastic cross section                :     9.81494

 ########## RESULTS FOR E=   0.50000 ##########

 Energy dependent input flags

 Width fluctuations (flagwidth)            : y
 Unresolved resonance parameters (flagurr) : n
 Preequilibrium (flagpreeq)                : n
 Multiple preequilibrium (flagmulpre)      : n
 Number of continuum excitation energy bins: 40

 ########### REACTION SUMMARY FOR E=   0.50000 ###########

 Center-of-mass energy:    0.494

 1. Total (binary) cross sections

 Total           = 8.56013E+03
   Shape elastic   = 4.91185E+03
   Reaction        = 3.64828E+03
     Compound elastic= 3.63878E+03
     Non-elastic     = 9.50366E+00
       Direct          = 0.00000E+00
       Pre-equilibrium = 0.00000E+00
       Compound non-el = 9.50366E+00
     Total elastic   = 8.55063E+03

 2. Binary non-elastic cross sections (non-exclusive)

 gamma   = 9.33565E+00
 neutron = 0.00000E+00
 proton  = 0.00000E+00
 deuteron= 0.00000E+00
 triton  = 0.00000E+00
 helium-3= 0.00000E+00
 alpha   = 0.00000E+00

 3. Total particle production cross sections

 gamma   = 1.97793E+01    Multiplicity= 2.08123E+00
 neutron = 9.79878E-03    Multiplicity= 1.03105E-03
 proton  = 0.00000E+00    Multiplicity= 0.00000E+00
 deuteron= 0.00000E+00    Multiplicity= 0.00000E+00
 triton  = 0.00000E+00    Multiplicity= 0.00000E+00
 helium-3= 0.00000E+00    Multiplicity= 0.00000E+00
 alpha   = 0.00000E+00    Multiplicity= 0.00000E+00

 4. Residual production cross sections

   a. Per isotope

   Z   A  nuclide    total     level   isomeric    isomeric    lifetime
                 cross section       cross section  ratio

   39  90 ( 90Y ) 9.32585E+00    0    8.90684E+00  0.95507
                                 2    4.19011E-01  0.04493   1.14800E+04 sec. 
   39  89 ( 89Y ) 9.79878E-03    0    9.79878E-03  1.00000
                                 1    0.00000E+00  0.00000   1.56600E+01 sec. 
   37  86 ( 86Rb) 1.00000E-07    0    0.00000E+00  0.00000
                                 2    0.00000E+00  0.00000   6.10200E+01 sec. 

   b. Per mass

   A  cross section

   90 9.32585E+00
   89 9.79878E-03

 Total residual production cross section:     9.3356457
 Non-elastic cross section              :     9.5036621

 6. Exclusive cross sections

 6a. Total exclusive cross sections 

     Emitted particles     cross section reaction         level    isomeric    isomeric    lifetime relative yield
    n   p   d   t   h   a                                        cross section   ratio
    0   0   0   0   0   0    9.32585E+00  (n,g)                                                     1.00000E+00
                                                             0     8.90684E+00  0.95507
                                                             2     4.19011E-01  0.04493   1.14800E+04 sec. 
    0   0   0   0   0   1    1.00000E-07  (n,a)                                                     1.07229E-08
                                                             0     5.00000E-08  0.50000
                                                             2     5.00000E-08  0.50000   6.10200E+01 sec. 

 Absorption cross section                 :     9.32585

 Sum over exclusive channel cross sections:     9.32585
 (n,gn) + (n,gp) +...(n,ga) cross sections:     0.00980
 Total                                    :     9.33565
 Non-elastic cross section                :     9.50366

 ########## RESULTS FOR E=   0.60000 ##########

 Energy dependent input flags

 Width fluctuations (flagwidth)            : y
 Unresolved resonance parameters (flagurr) : n
 Preequilibrium (flagpreeq)                : n
 Multiple preequilibrium (flagmulpre)      : n
 Number of continuum excitation energy bins: 40

 ########### REACTION SUMMARY FOR E=   0.60000 ###########

 Center-of-mass energy:    0.593

 1. Total (binary) cross sections

 Total           = 8.11107E+03
   Shape elastic   = 4.76709E+03
   Reaction        = 3.34398E+03
     Compound elastic= 3.33461E+03
     Non-elastic     = 9.36719E+00
       Direct          = 0.00000E+00
       Pre-equilibrium = 0.00000E+00
       Compound non-el = 9.36719E+00
     Total elastic   = 8.10170E+03

 2. Binary non-elastic cross sections (non-exclusive)

 gamma   = 9.23446E+00
 neutron = 0.00000E+00
 proton  = 0.00000E+00
 deuteron= 0.00000E+00
 triton  = 0.00000E+00
 helium-3= 0.00000E+00
 alpha   = 0.00000E+00

 3. Total particle production cross sections

 gamma   = 1.97913E+01    Multiplicity= 2.11283E+00
 neutron = 1.28693E-02    Multiplicity= 1.37387E-03
 proton  = 0.00000E+00    Multiplicity= 0.00000E+00
 deuteron= 0.00000E+00    Multiplicity= 0.00000E+00
 triton  = 0.00000E+00    Multiplicity= 0.00000E+00
 helium-3= 0.00000E+00    Multiplicity= 0.00000E+00
 alpha   = 0.00000E+00    Multiplicity= 0.00000E+00

 4. Residual production cross sections

   a. Per isotope

   Z   A  nuclide    total     level   isomeric    isomeric    lifetime
                 cross section       cross section  ratio

   39  90 ( 90Y ) 9.22159E+00    0    8.76341E+00  0.95031
                                 2    4.58189E-01  0.04969   1.14800E+04 sec. 
   39  89 ( 89Y ) 1.28693E-02    0    1.28693E-02  1.00000
                                 1    0.00000E+00  0.00000   1.56600E+01 sec. 
   37  86 ( 86Rb) 1.00000E-07    0    0.00000E+00  0.00000
                                 2    0.00000E+00  0.00000   6.10200E+01 sec. 

   b. Per mass

   A  cross section

   90 9.22159E+00
   89 1.28693E-02

 Total residual production cross section:     9.2344637
 Non-elastic cross section              :     9.3671875

 6. Exclusive cross sections

 6a. Total exclusive cross sections 

     Emitted particles     cross section reaction         level    isomeric    isomeric    lifetime relative yield
    n   p   d   t   h   a                                        cross section   ratio
    0   0   0   0   0   0    9.22160E+00  (n,g)                                                     1.00000E+00
                                                             0     8.76341E+00  0.95031
                                                             2     4.58189E-01  0.04969   1.14800E+04 sec. 
    0   0   0   0   0   1    1.00000E-07  (n,a)                                                     1.08441E-08
                                                             0     5.00000E-08  0.50000
                                                             2     5.00000E-08  0.50000   6.10200E+01 sec. 

 Absorption cross section                 :     9.22160

 Sum over exclusive channel cross sections:     9.22160
 (n,gn) + (n,gp) +...(n,ga) cross sections:     0.01287
 Total                                    :     9.23446
 Non-elastic cross section                :     9.36719

 ########## RESULTS FOR E=   0.70000 ##########

 Energy dependent input flags

 Width fluctuations (flagwidth)            : y
 Unresolved resonance parameters (flagurr) : n
 Preequilibrium (flagpreeq)                : n
 Multiple preequilibrium (flagmulpre)      : n
 Number of continuum excitation energy bins: 40

 ########### REACTION SUMMARY FOR E=   0.70000 ###########

 Center-of-mass energy:    0.692

 1. Total (binary) cross sections

 Total           = 7.66508E+03
   Shape elastic   = 4.58538E+03
   Reaction        = 3.07970E+03
     Compound elastic= 3.07031E+03
     Non-elastic     = 9.38843E+00
       Direct          = 0.00000E+00
       Pre-equilibrium = 0.00000E+00
       Compound non-el = 9.38843E+00
     Total elastic   = 7.65569E+03

 2. Binary non-elastic cross sections (non-exclusive)

 gamma   = 9.28170E+00
 neutron = 0.00000E+00
 proton  = 0.00000E+00
 deuteron= 0.00000E+00
 triton  = 0.00000E+00
 helium-3= 0.00000E+00
 alpha   = 0.00000E+00

 3. Total particle production cross sections

 gamma   = 2.01007E+01    Multiplicity= 2.14101E+00
 neutron = 2.53799E-02    Multiplicity= 2.70332E-03
 proton  = 0.00000E+00    Multiplicity= 0.00000E+00
 deuteron= 0.00000E+00    Multiplicity= 0.00000E+00
 triton  = 0.00000E+00    Multiplicity= 0.00000E+00
 helium-3= 0.00000E+00    Multiplicity= 0.00000E+00
 alpha   = 0.00000E+00    Multiplicity= 0.00000E+00

 4. Residual production cross sections

   a. Per isotope

   Z   A  nuclide    total     level   isomeric    isomeric    lifetime
                 cross section       cross section  ratio

   39  90 ( 90Y ) 9.25632E+00    0    8.75001E+00  0.94530
                                 2    5.06309E-01  0.05470   1.14800E+04 sec. 
   39  89 ( 89Y ) 2.53799E-02    0    2.53799E-02  1.00000
                                 1    0.00000E+00  0.00000   1.56600E+01 sec. 
   37  86 ( 86Rb) 1.00000E-07    0    0.00000E+00  0.00000
                                 2    0.00000E+00  0.00000   6.10200E+01 sec. 

   b. Per mass

   A  cross section

   90 9.25632E+00
   89 2.53799E-02

 Total residual production cross section:     9.2817020
 Non-elastic cross section              :     9.3884277

 6. Exclusive cross sections

 6a. Total exclusive cross sections 

     Emitted particles     cross section reaction         level    isomeric    isomeric    lifetime relative yield
    n   p   d   t   h   a                                        cross section   ratio
    0   0   0   0   0   0    9.25632E+00  (n,g)                                                     1.00000E+00
                                                             0     8.75001E+00  0.94530
                                                             2     5.06309E-01  0.05470   1.14800E+04 sec. 
    0   0   0   0   0   1    1.00000E-07  (n,a)                                                     1.08034E-08
                                                             0     5.00000E-08  0.50000
                                                             2     5.00000E-08  0.50000   6.10200E+01 sec. 

 Absorption cross section                 :     9.25632

 Sum over exclusive channel cross sections:     9.25632
 (n,gn) + (n,gp) +...(n,ga) cross sections:     0.02538
 Total                                    :     9.28170
 Non-elastic cross section                :     9.38843

 ########## RESULTS FOR E=   0.80000 ##########

 Energy dependent input flags

 Width fluctuations (flagwidth)            : y
 Unresolved resonance parameters (flagurr) : n
 Preequilibrium (flagpreeq)                : n
 Multiple preequilibrium (flagmulpre)      : n
 Number of continuum excitation energy bins: 40

 ########### REACTION SUMMARY FOR E=   0.80000 ###########

 Center-of-mass energy:    0.791

 1. Total (binary) cross sections

 Total           = 7.24465E+03
   Shape elastic   = 4.38183E+03
   Reaction        = 2.86282E+03
     Compound elastic= 2.85327E+03
     Non-elastic     = 9.55054E+00
       Direct          = 0.00000E+00
       Pre-equilibrium = 0.00000E+00
       Compound non-el = 9.55054E+00
     Total elastic   = 7.23510E+03

 2. Binary non-elastic cross sections (non-exclusive)

 gamma   = 9.46344E+00
 neutron = 0.00000E+00
 proton  = 0.00000E+00
 deuteron= 0.00000E+00
 triton  = 0.00000E+00
 helium-3= 0.00000E+00
 alpha   = 0.00000E+00

 3. Total particle production cross sections

 gamma   = 2.07034E+01    Multiplicity= 2.16777E+00
 neutron = 3.99418E-02    Multiplicity= 4.18215E-03
 proton  = 0.00000E+00    Multiplicity= 0.00000E+00
 deuteron= 0.00000E+00    Multiplicity= 0.00000E+00
 triton  = 0.00000E+00    Multiplicity= 0.00000E+00
 helium-3= 0.00000E+00    Multiplicity= 0.00000E+00
 alpha   = 0.00000E+00    Multiplicity= 0.00000E+00

 4. Residual production cross sections

   a. Per isotope

   Z   A  nuclide    total     level   isomeric    isomeric    lifetime
                 cross section       cross section  ratio

   39  90 ( 90Y ) 9.42350E+00    0    8.85792E+00  0.93998
                                 2    5.65580E-01  0.06002   1.14800E+04 sec. 
   39  89 ( 89Y ) 3.99418E-02    0    3.99418E-02  1.00000
                                 1    0.00000E+00  0.00000   1.56600E+01 sec. 
   37  86 ( 86Rb) 1.00000E-07    0    0.00000E+00  0.00000
                                 2    0.00000E+00  0.00000   6.10200E+01 sec. 

   b. Per mass

   A  cross section

   90 9.42350E+00
   89 3.99418E-02

 Total residual production cross section:     9.4634438
 Non-elastic cross section              :     9.5505371

 6. Exclusive cross sections

 6a. Total exclusive cross sections 

     Emitted particles     cross section reaction         level    isomeric    isomeric    lifetime relative yield
    n   p   d   t   h   a                                        cross section   ratio
    0   0   0   0   0   0    9.42350E+00  (n,g)                                                     1.00000E+00
                                                             0     8.85792E+00  0.93998
                                                             2     5.65580E-01  0.06002   1.14800E+04 sec. 
    0   0   0   0   0   1    1.00000E-07  (n,a)                                                     1.06118E-08
                                                             0     5.00000E-08  0.50000
                                                             2     5.00000E-08  0.50000   6.10200E+01 sec. 

 Absorption cross section                 :     9.42350

 Sum over exclusive channel cross sections:     9.42350
 (n,gn) + (n,gp) +...(n,ga) cross sections:     0.03994
 Total                                    :     9.46344
 Non-elastic cross section                :     9.55054

 ########## RESULTS FOR E=   0.90000 ##########

 Energy dependent input flags

 Width fluctuations (flagwidth)            : y
 Unresolved resonance parameters (flagurr) : n
 Preequilibrium (flagpreeq)                : n
 Multiple preequilibrium (flagmulpre)      : n
 Number of continuum excitation energy bins: 40

 ########### REACTION SUMMARY FOR E=   0.90000 ###########

 Center-of-mass energy:    0.890

 1. Total (binary) cross sections

 Total           = 6.85971E+03
   Shape elastic   = 4.16798E+03
   Reaction        = 2.69174E+03
     Compound elastic= 2.68191E+03
     Non-elastic     = 9.83374E+00
       Direct          = 0.00000E+00
       Pre-equilibrium = 0.00000E+00
       Compound non-el = 9.83374E+00
     Total elastic   = 6.84989E+03

 2. Binary non-elastic cross sections (non-exclusive)

 gamma   = 9.75988E+00
 neutron = 0.00000E+00
 proton  = 0.00000E+00
 deuteron= 0.00000E+00
 triton  = 0.00000E+00
 helium-3= 0.00000E+00
 alpha   = 0.00000E+00

 3. Total particle production cross sections

 gamma   = 2.15686E+01    Multiplicity= 2.19333E+00
 neutron = 5.57460E-02    Multiplicity= 5.66885E-03
 proton  = 0.00000E+00    Multiplicity= 0.00000E+00
 deuteron= 0.00000E+00    Multiplicity= 0.00000E+00
 triton  = 0.00000E+00    Multiplicity= 0.00000E+00
 helium-3= 0.00000E+00    Multiplicity= 0.00000E+00
 alpha   = 0.00000E+00    Multiplicity= 0.00000E+00

 4. Residual production cross sections

   a. Per isotope

   Z   A  nuclide    total     level   isomeric    isomeric    lifetime
                 cross section       cross section  ratio

   39  90 ( 90Y ) 9.70414E+00    0    9.06773E+00  0.93442
                                 2    6.36405E-01  0.06558   1.14800E+04 sec. 
   39  89 ( 89Y ) 5.57460E-02    0    5.57460E-02  1.00000
                                 1    0.00000E+00  0.00000   1.56600E+01 sec. 
   37  86 ( 86Rb) 1.00000E-07    0    0.00000E+00  0.00000
                                 2    0.00000E+00  0.00000   6.10200E+01 sec. 

   b. Per mass

   A  cross section

   90 9.70414E+00
   89 5.57460E-02

 Total residual production cross section:     9.7598820
 Non-elastic cross section              :     9.8337402

 6. Exclusive cross sections

 6a. Total exclusive cross sections 

     Emitted particles     cross section reaction         level    isomeric    isomeric    lifetime relative yield
    n   p   d   t   h   a                                        cross section   ratio
    0   0   0   0   0   0    9.70414E+00  (n,g)                                                     1.00000E+00
                                                             0     9.06773E+00  0.93442
                                                             2     6.36405E-01  0.06558   1.14800E+04 sec. 
    0   0   0   0   0   1    1.00000E-07  (n,a)                                                     1.03049E-08
                                                             0     5.00000E-08  0.50000
                                                             2     5.00000E-08  0.50000   6.10200E+01 sec. 

 Absorption cross section                 :     9.70414

 Sum over exclusive channel cross sections:     9.70414
 (n,gn) + (n,gp) +...(n,ga) cross sections:     0.05575
 Total                                    :     9.75988
 Non-elastic cross section                :     9.83374

 ########## RESULTS FOR E=   1.00000 ##########

 Energy dependent input flags

 Width fluctuations (flagwidth)            : y
 Unresolved resonance parameters (flagurr) : n
 Preequilibrium (flagpreeq)                : n
 Multiple preequilibrium (flagmulpre)      : n
 Number of continuum excitation energy bins: 40

 ########### REACTION SUMMARY FOR E=   1.00000 ###########

 Center-of-mass energy:    0.989

 1. Total (binary) cross sections

 Total           = 6.51392E+03
   Shape elastic   = 3.95232E+03
   Reaction        = 2.56160E+03
     Compound elastic= 2.49723E+03
     Non-elastic     = 6.43704E+01
       Direct          = 0.00000E+00
       Pre-equilibrium = 0.00000E+00
       Compound non-el = 6.43704E+01
     Total elastic   = 6.44955E+03

 2. Binary non-elastic cross sections (non-exclusive)

 gamma   = 7.52738E+00
 neutron = 5.67783E+01
 proton  = 0.00000E+00
 deuteron= 0.00000E+00
 triton  = 0.00000E+00
 helium-3= 0.00000E+00
 alpha   = 0.00000E+00

 3. Total particle production cross sections

 gamma   = 1.63942E+01    Multiplicity= 2.54686E-01
 neutron = 5.68512E+01    Multiplicity= 8.83190E-01
 proton  = 0.00000E+00    Multiplicity= 0.00000E+00
 deuteron= 0.00000E+00    Multiplicity= 0.00000E+00
 triton  = 0.00000E+00    Multiplicity= 0.00000E+00
 helium-3= 0.00000E+00    Multiplicity= 0.00000E+00
 alpha   = 0.00000E+00    Multiplicity= 0.00000E+00

 4. Residual production cross sections

   a. Per isotope

   Z   A  nuclide    total     level   isomeric    isomeric    lifetime
                 cross section       cross section  ratio

   39  90 ( 90Y ) 7.45445E+00    0    7.14193E+00  0.95808
                                 2    3.12519E-01  0.04192   1.14800E+04 sec. 
   39  89 ( 89Y ) 5.68512E+01    0    7.29172E-02  0.00128
                                 1    5.67783E+01  0.99872   1.56600E+01 sec. 
   37  86 ( 86Rb) 1.00000E-07    0    0.00000E+00  0.00000
                                 2    0.00000E+00  0.00000   6.10200E+01 sec. 

   b. Per mass

   A  cross section

   90 7.45445E+00
   89 5.68512E+01

 Total residual production cross section:    64.3056793
 Non-elastic cross section              :    64.3703613

 6. Exclusive cross sections

 6a. Total exclusive cross sections 

     Emitted particles     cross section reaction         level    isomeric    isomeric    lifetime relative yield
    n   p   d   t   h   a                                        cross section   ratio
    0   0   0   0   0   0    7.45445E+00  (n,g)                                                     1.16054E-01
                                                             0     7.14193E+00  0.95808
                                                             2     3.12519E-01  0.04192   1.14800E+04 sec. 
    1   0   0   0   0   0    5.67783E+01  (n,n')                                                    8.83946E-01
                                                             0     0.00000E+00  0.00000
                                                             1     5.67783E+01  1.00000   1.56600E+01 sec. 
    0   0   0   0   0   1    1.00000E-07  (n,a)                                                     1.55684E-09
                                                             0     5.00000E-08  0.50000
                                                             2     5.00000E-08  0.50000   6.10200E+01 sec. 

 Absorption cross section                 :     7.45445

 Sum over exclusive channel cross sections:    64.23275
 (n,gn) + (n,gp) +...(n,ga) cross sections:     0.07294
 Total                                    :    64.30569
 Non-elastic cross section                :    64.37036

 ########## RESULTS FOR E=   1.20000 ##########

 Energy dependent input flags

 Width fluctuations (flagwidth)            : y
 Unresolved resonance parameters (flagurr) : n
 Preequilibrium (flagpreeq)                : n
 Multiple preequilibrium (flagmulpre)      : n
 Number of continuum excitation energy bins: 40

 ########### REACTION SUMMARY FOR E=   1.20000 ###########

 Center-of-mass energy:    1.187

 1. Total (binary) cross sections

 Total           = 5.93569E+03
   Shape elastic   = 3.53561E+03
   Reaction        = 2.40007E+03
     Compound elastic= 2.28243E+03
     Non-elastic     = 1.17640E+02
       Direct          = 0.00000E+00
       Pre-equilibrium = 0.00000E+00
       Compound non-el = 1.17640E+02
     Total elastic   = 5.81804E+03

 2. Binary non-elastic cross sections (non-exclusive)

 gamma   = 7.28711E+00
 neutron = 1.10306E+02
 proton  = 0.00000E+00
 deuteron= 0.00000E+00
 triton  = 0.00000E+00
 helium-3= 0.00000E+00
 alpha   = 0.00000E+00

 3. Total particle production cross sections

 gamma   = 1.60121E+01    Multiplicity= 1.36112E-01
 neutron = 1.10426E+02    Multiplicity= 9.38679E-01
 proton  = 0.00000E+00    Multiplicity= 0.00000E+00
 deuteron= 0.00000E+00    Multiplicity= 0.00000E+00
 triton  = 0.00000E+00    Multiplicity= 0.00000E+00
 helium-3= 0.00000E+00    Multiplicity= 0.00000E+00
 alpha   = 0.00000E+00    Multiplicity= 0.00000E+00

 4. Residual production cross sections

   a. Per isotope

   Z   A  nuclide    total     level   isomeric    isomeric    lifetime
                 cross section       cross section  ratio

   39  90 ( 90Y ) 7.16698E+00    0    6.86918E+00  0.95845
                                 2    2.97802E-01  0.04155   1.14800E+04 sec. 
   39  89 ( 89Y ) 1.10426E+02    0    1.19650E-01  0.00108
                                 1    1.10306E+02  0.99892   1.56600E+01 sec. 
   37  86 ( 86Rb) 1.00000E-07    0    0.00000E+00  0.00000
                                 2    0.00000E+00  0.00000   6.10200E+01 sec. 

   b. Per mass

   A  cross section

   90 7.16699E+00
   89 1.10426E+02

 Total residual production cross section:   117.5928726
 Non-elastic cross section              :   117.6396484

 6. Exclusive cross sections

 6a. Total exclusive cross sections 

     Emitted particles     cross section reaction         level    isomeric    isomeric    lifetime relative yield
    n   p   d   t   h   a                                        cross section   ratio
    0   0   0   0   0   0    7.16698E+00  (n,g)                                                     6.10098E-02
                                                             0     6.86918E+00  0.95845
                                                             2     2.97802E-01  0.04155   1.14800E+04 sec. 
    1   0   0   0   0   0    1.10306E+02  (n,n')                                                    9.38990E-01
                                                             0     0.00000E+00  0.00000
                                                             1     1.10306E+02  1.00000   1.56600E+01 sec. 
    0   0   0   0   0   1    1.00000E-07  (n,a)                                                     8.51261E-10
                                                             0     5.00000E-08  0.50000
                                                             2     5.00000E-08  0.50000   6.10200E+01 sec. 

 Absorption cross section                 :     7.16698

 Sum over exclusive channel cross sections:   117.47274
 (n,gn) + (n,gp) +...(n,ga) cross sections:     0.12013
 Total                                    :   117.59286
 Non-elastic cross section                :   117.63965

 ########## RESULTS FOR E=   1.40000 ##########

 Energy dependent input flags

 Width fluctuations (flagwidth)            : y
 Unresolved resonance parameters (flagurr) : n
 Preequilibrium (flagpreeq)                : n
 Multiple preequilibrium (flagmulpre)      : n
 Number of continuum excitation energy bins: 40

 ########### REACTION SUMMARY FOR E=   1.40000 ###########

 Center-of-mass energy:    1.384

 1. Total (binary) cross sections

 Total           = 5.49028E+03
   Shape elastic   = 3.15929E+03
   Reaction        = 2.33099E+03
     Compound elastic= 2.16406E+03
     Non-elastic     = 1.66931E+02
       Direct          = 0.00000E+00
       Pre-equilibrium = 0.00000E+00
       Compound non-el = 1.66931E+02
     Total elastic   = 5.32335E+03

 2. Binary non-elastic cross sections (non-exclusive)

 gamma   = 7.56497E+00
 neutron = 1.59336E+02
 proton  = 0.00000E+00
 deuteron= 0.00000E+00
 triton  = 0.00000E+00
 helium-3= 0.00000E+00
 alpha   = 0.00000E+00

 3. Total particle production cross sections

 gamma   = 1.67847E+01    Multiplicity= 1.00548E-01
 neutron = 1.59523E+02    Multiplicity= 9.55618E-01
 proton  = 0.00000E+00    Multiplicity= 0.00000E+00
 deuteron= 0.00000E+00    Multiplicity= 0.00000E+00
 triton  = 0.00000E+00    Multiplicity= 0.00000E+00
 helium-3= 0.00000E+00    Multiplicity= 0.00000E+00
 alpha   = 0.00000E+00    Multiplicity= 0.00000E+00

 4. Residual production cross sections

   a. Per isotope

   Z   A  nuclide    total     level   isomeric    isomeric    lifetime
                 cross section       cross section  ratio

   39  90 ( 90Y ) 7.37817E+00    0    7.05566E+00  0.95629
                                 2    3.22509E-01  0.04371   1.14800E+04 sec. 
   39  89 ( 89Y ) 1.59523E+02    0    1.84144E-01  0.00115
                                 1    1.59338E+02  0.99885   1.56600E+01 sec. 
   37  86 ( 86Rb) 1.00000E-07    0    0.00000E+00  0.00000
                                 2    0.00000E+00  0.00000   6.10200E+01 sec. 

   b. Per mass

   A  cross section

   90 7.37817E+00
   89 1.59523E+02

 Total residual production cross section:   166.9007874
 Non-elastic cross section              :   166.9313965

 6. Exclusive cross sections

 6a. Total exclusive cross sections 

     Emitted particles     cross section reaction         level    isomeric    isomeric    lifetime relative yield
    n   p   d   t   h   a                                        cross section   ratio
    0   0   0   0   0   0    7.37817E+00  (n,g)                                                     4.42565E-02
                                                             0     7.05566E+00  0.95629
                                                             2     3.22509E-01  0.04371   1.14800E+04 sec. 
    1   0   0   0   0   0    1.59336E+02  (n,n')                                                    9.55744E-01
                                                             0     0.00000E+00  0.00000
                                                             1     1.59336E+02  1.00000   1.56600E+01 sec. 
    0   0   0   0   0   1    1.00000E-07  (n,a)                                                     5.99830E-10
                                                             0     5.00000E-08  0.50000
                                                             2     5.00000E-08  0.50000   6.10200E+01 sec. 

 Absorption cross section                 :     7.37817

 Sum over exclusive channel cross sections:   166.71399
 (n,gn) + (n,gp) +...(n,ga) cross sections:     0.18679
 Total                                    :   166.90079
 Non-elastic cross section                :   166.93140

 ########## RESULTS FOR E=   1.60000 ##########

 Energy dependent input flags

 Width fluctuations (flagwidth)            : y
 Unresolved resonance parameters (flagurr) : n
 Preequilibrium (flagpreeq)                : n
 Multiple preequilibrium (flagmulpre)      : n
 Number of continuum excitation energy bins: 40

 ########### REACTION SUMMARY FOR E=   1.60000 ###########

 Center-of-mass energy:    1.582

 1. Total (binary) cross sections

 Total           = 5.14752E+03
   Shape elastic   = 2.83466E+03
   Reaction        = 2.31286E+03
     Compound elastic= 1.90953E+03
     Non-elastic     = 4.03333E+02
       Direct          = 0.00000E+00
       Pre-equilibrium = 0.00000E+00
       Compound non-el = 4.03333E+02
     Total elastic   = 4.74419E+03

 2. Binary non-elastic cross sections (non-exclusive)

 gamma   = 6.93733E+00
 neutron = 3.96387E+02
 proton  = 0.00000E+00
 deuteron= 0.00000E+00
 triton  = 0.00000E+00
 helium-3= 0.00000E+00
 alpha   = 0.00000E+00

 3. Total particle production cross sections

 gamma   = 1.56270E+01    Multiplicity= 3.87446E-02
 neutron = 3.96605E+02    Multiplicity= 9.83317E-01
 proton  = 0.00000E+00    Multiplicity= 0.00000E+00
 deuteron= 0.00000E+00    Multiplicity= 0.00000E+00
 triton  = 0.00000E+00    Multiplicity= 0.00000E+00
 helium-3= 0.00000E+00    Multiplicity= 0.00000E+00
 alpha   = 0.00000E+00    Multiplicity= 0.00000E+00

 4. Residual production cross sections

   a. Per isotope

   Z   A  nuclide    total     level   isomeric    isomeric    lifetime
                 cross section       cross section  ratio

   39  90 ( 90Y ) 6.71988E+00    0    6.37532E+00  0.94872
                                 2    3.44565E-01  0.05128   1.14800E+04 sec. 
   39  89 ( 89Y ) 3.96605E+02    0    1.95534E+02  0.49302
                                 1    2.01071E+02  0.50698   1.56600E+01 sec. 
   37  86 ( 86Rb) 1.00000E-07    0    0.00000E+00  0.00000
                                 2    0.00000E+00  0.00000   6.10200E+01 sec. 

   b. Per mass

   A  cross section

   90 6.71988E+00
   89 3.96605E+02

 Total residual production cross section:   403.3246155
 Non-elastic cross section              :   403.3333740

 6. Exclusive cross sections

 6a. Total exclusive cross sections 

     Emitted particles     cross section reaction         level    isomeric    isomeric    lifetime relative yield
    n   p   d   t   h   a                                        cross section   ratio
    0   0   0   0   0   0    6.71988E+00  (n,g)                                                     1.66702E-02
                                                             0     6.37532E+00  0.94872
                                                             2     3.44565E-01  0.05128   1.14800E+04 sec. 
    1   0   0   0   0   0    3.96387E+02  (n,n')                                                    9.83330E-01
                                                             0     1.95324E+02  0.49276
                                                             1     2.01063E+02  0.50724   1.56600E+01 sec. 
    0   0   0   0   0   1    1.00000E-07  (n,a)                                                     2.48073E-10
                                                             0     5.00000E-08  0.50000
                                                             2     5.00000E-08  0.50000   6.10200E+01 sec. 

 Absorption cross section                 :     6.71988

 Sum over exclusive channel cross sections:   403.10718
 (n,gn) + (n,gp) +...(n,ga) cross sections:     0.21745
 Total                                    :   403.32462
 Non-elastic cross section                :   403.33337

 ########## RESULTS FOR E=   1.80000 ##########

 Energy dependent input flags

 Width fluctuations (flagwidth)            : y
 Unresolved resonance parameters (flagurr) : n
 Preequilibrium (flagpreeq)                : n
 Multiple preequilibrium (flagmulpre)      : n
 Number of continuum excitation energy bins: 40

 ########### REACTION SUMMARY FOR E=   1.80000 ###########

 Center-of-mass energy:    1.780

 1. Total (binary) cross sections

 Total           = 4.87918E+03
   Shape elastic   = 2.56416E+03
   Reaction        = 2.31502E+03
     Compound elastic= 1.51563E+03
     Non-elastic     = 7.99389E+02
       Direct          = 0.00000E+00
       Pre-equilibrium = 0.00000E+00
       Compound non-el = 7.99389E+02
     Total elastic   = 4.07979E+03

 2. Binary non-elastic cross sections (non-exclusive)

 gamma   = 5.98799E+00
 neutron = 7.93398E+02
 proton  = 0.00000E+00
 deuteron= 0.00000E+00
 triton  = 0.00000E+00
 helium-3= 0.00000E+00
 alpha   = 0.00000E+00

 3. Total particle production cross sections

 gamma   = 1.36627E+01    Multiplicity= 1.70914E-02
 neutron = 7.93653E+02    Multiplicity= 9.92825E-01
 proton  = 0.00000E+00    Multiplicity= 0.00000E+00
 deuteron= 0.00000E+00    Multiplicity= 0.00000E+00
 triton  = 0.00000E+00    Multiplicity= 0.00000E+00
 helium-3= 0.00000E+00    Multiplicity= 0.00000E+00
 alpha   = 0.00000E+00    Multiplicity= 0.00000E+00

 4. Residual production cross sections

   a. Per isotope

   Z   A  nuclide    total     level   isomeric    isomeric    lifetime
                 cross section       cross section  ratio

   39  90 ( 90Y ) 5.73236E+00    0    5.38266E+00  0.93900
                                 2    3.49694E-01  0.06100   1.14800E+04 sec. 
   39  89 ( 89Y ) 7.93653E+02    0    5.69948E+02  0.71813
                                 1    2.23705E+02  0.28187   1.56600E+01 sec. 
   37  86 ( 86Rb) 1.00000E-07    0    0.00000E+00  0.00000
                                 2    0.00000E+00  0.00000   6.10200E+01 sec. 

   b. Per mass

   A  cross section

   90 5.73236E+00
   89 7.93653E+02

 Total residual production cross section:   799.3855591
 Non-elastic cross section              :   799.3886719

 6. Exclusive cross sections

 6a. Total exclusive cross sections 

     Emitted particles     cross section reaction         level    isomeric    isomeric    lifetime relative yield
    n   p   d   t   h   a                                        cross section   ratio
    0   0   0   0   0   0    5.73236E+00  (n,g)                                                     7.17325E-03
                                                             0     5.38266E+00  0.93900
                                                             2     3.49694E-01  0.06100   1.14800E+04 sec. 
    1   0   0   0   0   0    7.93398E+02  (n,n')                                                    9.92827E-01
                                                             0     5.69709E+02  0.71806
                                                             1     2.23689E+02  0.28194   1.56600E+01 sec. 
    0   0   0   0   0   1    1.00000E-07  (n,a)                                                     1.25136E-10
                                                             0     5.00000E-08  0.50000
                                                             2     5.00000E-08  0.50000   6.10200E+01 sec. 

 Absorption cross section                 :     5.73236

 Sum over exclusive channel cross sections:   799.12994
 (n,gn) + (n,gp) +...(n,ga) cross sections:     0.25563
 Total                                    :   799.38556
 Non-elastic cross section                :   799.38867

 ########## RESULTS FOR E=   2.00000 ##########

 Energy dependent input flags

 Width fluctuations (flagwidth)            : y
 Unresolved resonance parameters (flagurr) : n
 Preequilibrium (flagpreeq)                : n
 Multiple preequilibrium (flagmulpre)      : n
 Number of continuum excitation energy bins: 40

 ########### REACTION SUMMARY FOR E=   2.00000 ###########

 Center-of-mass energy:    1.978

 1. Total (binary) cross sections

 Total           = 4.66429E+03
   Shape elastic   = 2.34533E+03
   Reaction        = 2.31896E+03
     Compound elastic= 1.18508E+03
     Non-elastic     = 1.13388E+03
       Direct          = 0.00000E+00
       Pre-equilibrium = 0.00000E+00
       Compound non-el = 1.13388E+03
     Total elastic   = 3.53041E+03

 2. Binary non-elastic cross sections (non-exclusive)

 gamma   = 5.08429E+00
 neutron = 1.12880E+03
 proton  = 3.81484E-05
 deuteron= 0.00000E+00
 triton  = 0.00000E+00
 helium-3= 0.00000E+00
 alpha   = 0.00000E+00

 3. Total particle production cross sections

 gamma   = 1.16418E+01    Multiplicity= 1.02672E-02
 neutron = 1.12909E+03    Multiplicity= 9.95770E-01
 proton  = 3.81484E-05    Multiplicity= 3.36440E-08
 deuteron= 0.00000E+00    Multiplicity= 0.00000E+00
 triton  = 0.00000E+00    Multiplicity= 0.00000E+00
 helium-3= 0.00000E+00    Multiplicity= 0.00000E+00
 alpha   = 0.00000E+00    Multiplicity= 0.00000E+00

 4. Residual production cross sections

   a. Per isotope

   Z   A  nuclide    total     level   isomeric    isomeric    lifetime
                 cross section       cross section  ratio

   39  90 ( 90Y ) 4.79519E+00    0    4.49094E+00  0.93655
                                 2    3.04251E-01  0.06345   1.14800E+04 sec. 
   39  89 ( 89Y ) 1.12909E+03    0    9.08824E+02  0.80492
                                 1    2.20264E+02  0.19508   1.56600E+01 sec. 
   37  86 ( 86Rb) 1.00000E-07    0    0.00000E+00  0.00000
                                 2    0.00000E+00  0.00000   6.10200E+01 sec. 

   b. Per mass

   A  cross section

   90 4.79519E+00
   89 1.12909E+03

 Total residual production cross section:  1133.8826904
 Non-elastic cross section              :  1133.8841553

 6. Exclusive cross sections

 6a. Total exclusive cross sections 

     Emitted particles     cross section reaction         level    isomeric    isomeric    lifetime relative yield
    n   p   d   t   h   a                                        cross section   ratio
    0   0   0   0   0   0    4.79519E+00  (n,g)                                                     4.23008E-03
                                                             0     4.49094E+00  0.93655
                                                             2     3.04251E-01  0.06345   1.14800E+04 sec. 
    1   0   0   0   0   0    1.12880E+03  (n,n')                                                    9.95770E-01
                                                             0     9.08561E+02  0.80489
                                                             1     2.20237E+02  0.19511   1.56600E+01 sec. 
    0   1   0   0   0   0    3.81484E-05  (n,p)                                                     3.36526E-08
    0   0   0   0   0   1    1.00000E-07  (n,a)                                                     8.82150E-11
                                                             0     5.00000E-08  0.50000
                                                             2     5.00000E-08  0.50000   6.10200E+01 sec. 

 Absorption cross section                 :     4.79523

 Sum over exclusive channel cross sections:  1133.59363
 (n,gn) + (n,gp) +...(n,ga) cross sections:     0.28910
 Total                                    :  1133.88269
 Non-elastic cross section                :  1133.88416

 ########## EXCITATION FUNCTIONS ###########

 1. Total (binary) cross sections

   Energy    Non-elastic  Elastic     Total    Comp. el.  Shape el.  Reaction   Comp non-el  Direct   Pre-equil.

  1.00000E-11 6.44332E+04 1.40601E+05 2.05034E+05 1.35069E+05 5.53189E+03 1.99502E+05 6.44332E+04 0.00000E+00 0.0
  2.53000E-08 1.28100E+03 1.40601E+05 1.41882E+05 1.35069E+05 5.53189E+03 1.36350E+05 1.28100E+03 0.00000E+00 0.0
  2.00000E-07 4.55611E+02 1.40601E+05 1.41056E+05 1.35069E+05 5.53189E+03 1.35525E+05 4.55611E+02 0.00000E+00 0.0
  1.00000E-06 6.04880E+04 1.40601E+05 2.01089E+05 1.35069E+05 5.53189E+03 1.95557E+05 6.04880E+04 0.00000E+00 0.0
  1.00000E-05 9.17525E+03 5.82038E+04 6.73790E+04 5.26736E+04 5.53011E+03 6.18489E+04 9.17525E+03 0.00000E+00 0.0
  1.00000E-04 1.28221E+03 2.38698E+04 2.51520E+04 1.83456E+04 5.52419E+03 1.96278E+04 1.28221E+03 0.00000E+00 0.0
  1.00000E-03 2.96335E+02 1.16761E+04 1.19725E+04 6.17306E+03 5.50306E+03 6.46940E+03 2.96335E+02 0.00000E+00 0.0
  2.00000E-03 2.03216E+02 1.00734E+04 1.02766E+04 4.58490E+03 5.48850E+03 4.78812E+03 2.03216E+02 0.00000E+00 0.0
  4.00000E-03 1.30308E+02 9.02729E+03 9.15761E+03 3.56152E+03 5.46577E+03 3.69183E+03 1.30308E+02 0.00000E+00 0.0
  7.00000E-03 8.63259E+01 8.49290E+03 8.57923E+03 3.05492E+03 5.43798E+03 3.14125E+03 8.63259E+01 0.00000E+00 0.0
  1.00000E-02 6.51375E+01 8.27230E+03 8.33744E+03 2.85833E+03 5.41397E+03 2.92347E+03 6.51375E+01 0.00000E+00 0.0
  2.00000E-02 3.69949E+01 8.07829E+03 8.11529E+03 2.73099E+03 5.34731E+03 2.76798E+03 3.69949E+01 0.00000E+00 0.0
  4.00000E-02 2.18723E+01 8.17396E+03 8.19583E+03 2.92783E+03 5.24613E+03 2.94970E+03 2.18723E+01 0.00000E+00 0.0
  7.00000E-02 1.57461E+01 8.45545E+03 8.47121E+03 3.31377E+03 5.14168E+03 3.32952E+03 1.57461E+01 0.00000E+00 0.0
  1.00000E-01 1.34568E+01 8.71568E+03 8.72914E+03 3.63920E+03 5.07648E+03 3.65266E+03 1.34568E+01 0.00000E+00 0.0
  2.00000E-01 1.10791E+01 9.21338E+03 9.22446E+03 4.19569E+03 5.01769E+03 4.20677E+03 1.10791E+01 0.00000E+00 0.0
  3.00000E-01 1.03120E+01 9.22736E+03 9.23767E+03 4.19747E+03 5.02989E+03 4.20778E+03 1.03120E+01 0.00000E+00 0.0
  4.00000E-01 9.81494E+00 8.95533E+03 8.96515E+03 3.95282E+03 5.00250E+03 3.96264E+03 9.81494E+00 0.00000E+00 0.0
  5.00000E-01 9.50366E+00 8.55063E+03 8.56013E+03 3.63878E+03 4.91185E+03 3.64828E+03 9.50366E+00 0.00000E+00 0.0
  6.00000E-01 9.36719E+00 8.10170E+03 8.11107E+03 3.33461E+03 4.76709E+03 3.34398E+03 9.36719E+00 0.00000E+00 0.0
  7.00000E-01 9.38843E+00 7.65569E+03 7.66508E+03 3.07031E+03 4.58538E+03 3.07970E+03 9.38843E+00 0.00000E+00 0.0
  8.00000E-01 9.55054E+00 7.23510E+03 7.24465E+03 2.85327E+03 4.38183E+03 2.86282E+03 9.55054E+00 0.00000E+00 0.0
  9.00000E-01 9.83374E+00 6.84989E+03 6.85971E+03 2.68191E+03 4.16798E+03 2.69174E+03 9.83374E+00 0.00000E+00 0.0
  1.00000E+00 6.43704E+01 6.44955E+03 6.51392E+03 2.49723E+03 3.95232E+03 2.56160E+03 6.43704E+01 0.00000E+00 0.0
  1.20000E+00 1.17640E+02 5.81804E+03 5.93569E+03 2.28243E+03 3.53561E+03 2.40007E+03 1.17640E+02 0.00000E+00 0.0
  1.40000E+00 1.66931E+02 5.32335E+03 5.49028E+03 2.16406E+03 3.15929E+03 2.33099E+03 1.66931E+02 0.00000E+00 0.0
  1.60000E+00 4.03333E+02 4.74419E+03 5.14752E+03 1.90953E+03 2.83466E+03 2.31286E+03 4.03333E+02 0.00000E+00 0.0
  1.80000E+00 7.99389E+02 4.07979E+03 4.87918E+03 1.51563E+03 2.56416E+03 2.31502E+03 7.99389E+02 0.00000E+00 0.0
  2.00000E+00 1.13388E+03 3.53041E+03 4.66429E+03 1.18508E+03 2.34533E+03 2.31896E+03 1.13388E+03 0.00000E+00 0.0

 2. Binary non-elastic cross sections (non-exclusive)

   Energy     gamma      neutron    proton     deuteron   triton     helium-3   alpha   

  1.00000E-11 6.44332E+04 0.00000E+00 0.00000E+00 0.00000E+00 0.00000E+00 0.00000E+00 0.00000E+00                
  2.53000E-08 1.28100E+03 0.00000E+00 0.00000E+00 0.00000E+00 0.00000E+00 0.00000E+00 0.00000E+00                
  2.00000E-07 4.55611E+02 0.00000E+00 0.00000E+00 0.00000E+00 0.00000E+00 0.00000E+00 0.00000E+00                
  1.00000E-06 6.04880E+04 0.00000E+00 0.00000E+00 0.00000E+00 0.00000E+00 0.00000E+00 0.00000E+00                
  1.00000E-05 9.17504E+03 0.00000E+00 0.00000E+00 0.00000E+00 0.00000E+00 0.00000E+00 0.00000E+00                
  1.00000E-04 1.28200E+03 0.00000E+00 0.00000E+00 0.00000E+00 0.00000E+00 0.00000E+00 0.00000E+00                
  1.00000E-03 2.96110E+02 0.00000E+00 0.00000E+00 0.00000E+00 0.00000E+00 0.00000E+00 0.00000E+00                
  2.00000E-03 2.02985E+02 0.00000E+00 0.00000E+00 0.00000E+00 0.00000E+00 0.00000E+00 0.00000E+00                
  4.00000E-03 1.30075E+02 0.00000E+00 0.00000E+00 0.00000E+00 0.00000E+00 0.00000E+00 0.00000E+00                
  7.00000E-03 8.60990E+01 0.00000E+00 0.00000E+00 0.00000E+00 0.00000E+00 0.00000E+00 0.00000E+00                
  1.00000E-02 6.49173E+01 0.00000E+00 0.00000E+00 0.00000E+00 0.00000E+00 0.00000E+00 0.00000E+00                
  2.00000E-02 3.67792E+01 0.00000E+00 0.00000E+00 0.00000E+00 0.00000E+00 0.00000E+00 0.00000E+00                
  4.00000E-02 2.15931E+01 0.00000E+00 0.00000E+00 0.00000E+00 0.00000E+00 0.00000E+00 0.00000E+00                
  7.00000E-02 1.53643E+01 0.00000E+00 0.00000E+00 0.00000E+00 0.00000E+00 0.00000E+00 0.00000E+00                
  1.00000E-01 1.30288E+01 0.00000E+00 0.00000E+00 0.00000E+00 0.00000E+00 0.00000E+00 0.00000E+00                
  2.00000E-01 1.06942E+01 0.00000E+00 0.00000E+00 0.00000E+00 0.00000E+00 0.00000E+00 0.00000E+00                
  3.00000E-01 1.00224E+01 0.00000E+00 0.00000E+00 0.00000E+00 0.00000E+00 0.00000E+00 0.00000E+00                
  4.00000E-01 9.59695E+00 0.00000E+00 0.00000E+00 0.00000E+00 0.00000E+00 0.00000E+00 0.00000E+00                
  5.00000E-01 9.33565E+00 0.00000E+00 0.00000E+00 0.00000E+00 0.00000E+00 0.00000E+00 0.00000E+00                
  6.00000E-01 9.23446E+00 0.00000E+00 0.00000E+00 0.00000E+00 0.00000E+00 0.00000E+00 0.00000E+00                
  7.00000E-01 9.28170E+00 0.00000E+00 0.00000E+00 0.00000E+00 0.00000E+00 0.00000E+00 0.00000E+00                
  8.00000E-01 9.46344E+00 0.00000E+00 0.00000E+00 0.00000E+00 0.00000E+00 0.00000E+00 0.00000E+00                
  9.00000E-01 9.75988E+00 0.00000E+00 0.00000E+00 0.00000E+00 0.00000E+00 0.00000E+00 0.00000E+00                
  1.00000E+00 7.52738E+00 5.67783E+01 0.00000E+00 0.00000E+00 0.00000E+00 0.00000E+00 0.00000E+00                
  1.20000E+00 7.28711E+00 1.10306E+02 0.00000E+00 0.00000E+00 0.00000E+00 0.00000E+00 0.00000E+00                
  1.40000E+00 7.56497E+00 1.59336E+02 0.00000E+00 0.00000E+00 0.00000E+00 0.00000E+00 0.00000E+00                
  1.60000E+00 6.93733E+00 3.96387E+02 0.00000E+00 0.00000E+00 0.00000E+00 0.00000E+00 0.00000E+00                
  1.80000E+00 5.98799E+00 7.93398E+02 0.00000E+00 0.00000E+00 0.00000E+00 0.00000E+00 0.00000E+00                
  2.00000E+00 5.08429E+00 1.12880E+03 3.81484E-05 0.00000E+00 0.00000E+00 0.00000E+00 0.00000E+00                

 3. Total particle production cross sections

 gamma    production

 Energy   Cross section Multiplicity

  1.00000E-11 0.00000E+00 0.00000E+00                                            
  2.53000E-08 0.00000E+00 0.00000E+00                                            
  2.00000E-07 0.00000E+00 0.00000E+00                                            
  1.00000E-06 1.25873E+05 2.08096E+00                                            
  1.00000E-05 1.90585E+04 2.07716E+00                                            
  1.00000E-04 2.64388E+03 2.06197E+00                                            
  1.00000E-03 5.85069E+02 1.97435E+00                                            
  2.00000E-03 3.96539E+02 1.95131E+00                                            
  4.00000E-03 2.52347E+02 1.93654E+00                                            
  7.00000E-03 1.66506E+02 1.92880E+00                                            
  1.00000E-02 1.25403E+02 1.92520E+00                                            
  2.00000E-02 7.10477E+01 1.92047E+00                                            
  4.00000E-02 4.19167E+01 1.91643E+00                                            
  7.00000E-02 3.01224E+01 1.91301E+00                                            
  1.00000E-01 2.57818E+01 1.91589E+00                                            
  2.00000E-01 2.16977E+01 1.95843E+00                                            
  3.00000E-01 2.06970E+01 2.00708E+00                                            
  4.00000E-01 2.00926E+01 2.04714E+00                                            
  5.00000E-01 1.97793E+01 2.08123E+00                                            
  6.00000E-01 1.97913E+01 2.11283E+00                                            
  7.00000E-01 2.01007E+01 2.14101E+00                                            
  8.00000E-01 2.07034E+01 2.16777E+00                                            
  9.00000E-01 2.15686E+01 2.19333E+00                                            
  1.00000E+00 1.63942E+01 2.54686E-01                                            
  1.20000E+00 1.60121E+01 1.36112E-01                                            
  1.40000E+00 1.67847E+01 1.00548E-01                                            
  1.60000E+00 1.56270E+01 3.87446E-02                                            
  1.80000E+00 1.36627E+01 1.70914E-02                                            
  2.00000E+00 1.16418E+01 1.02672E-02                                            

 neutron  production

 Energy   Cross section Multiplicity

  1.00000E-11 0.00000E+00 0.00000E+00                                            
  2.53000E-08 0.00000E+00 0.00000E+00                                            
  2.00000E-07 0.00000E+00 0.00000E+00                                            
  1.00000E-06 0.00000E+00 0.00000E+00                                            
  1.00000E-05 0.00000E+00 0.00000E+00                                            
  1.00000E-04 0.00000E+00 0.00000E+00                                            
  1.00000E-03 0.00000E+00 0.00000E+00                                            
  2.00000E-03 0.00000E+00 0.00000E+00                                            
  4.00000E-03 1.60390E-04 1.23085E-06                                            
  7.00000E-03 1.59729E-04 1.85030E-06                                            
  1.00000E-02 1.64544E-04 2.52610E-06                                            
  2.00000E-02 1.45892E-04 3.94356E-06                                            
  4.00000E-02 9.53438E-05 4.35911E-06                                            
  7.00000E-02 6.51116E-05 4.13509E-06                                            
  1.00000E-01 5.47109E-05 4.06567E-06                                            
  2.00000E-01 7.94567E-04 7.17177E-05                                            
  3.00000E-01 2.15658E-03 2.09133E-04                                            
  4.00000E-01 3.80411E-03 3.87583E-04                                            
  5.00000E-01 9.79878E-03 1.03105E-03                                            
  6.00000E-01 1.28693E-02 1.37387E-03                                            
  7.00000E-01 2.53799E-02 2.70332E-03                                            
  8.00000E-01 3.99418E-02 4.18215E-03                                            
  9.00000E-01 5.57460E-02 5.66885E-03                                            
  1.00000E+00 5.68512E+01 8.83190E-01                                            
  1.20000E+00 1.10426E+02 9.38679E-01                                            
  1.40000E+00 1.59523E+02 9.55618E-01                                            
  1.60000E+00 3.96605E+02 9.83317E-01                                            
  1.80000E+00 7.93653E+02 9.92825E-01                                            
  2.00000E+00 1.12909E+03 9.95770E-01                                            

 proton   production

 Energy   Cross section Multiplicity

  1.00000E-11 0.00000E+00 0.00000E+00                                            
  2.53000E-08 0.00000E+00 0.00000E+00                                            
  2.00000E-07 0.00000E+00 0.00000E+00                                            
  1.00000E-06 0.00000E+00 0.00000E+00                                            
  1.00000E-05 0.00000E+00 0.00000E+00                                            
  1.00000E-04 0.00000E+00 0.00000E+00                                            
  1.00000E-03 0.00000E+00 0.00000E+00                                            
  2.00000E-03 0.00000E+00 0.00000E+00                                            
  4.00000E-03 0.00000E+00 0.00000E+00                                            
  7.00000E-03 0.00000E+00 0.00000E+00                                            
  1.00000E-02 0.00000E+00 0.00000E+00                                            
  2.00000E-02 0.00000E+00 0.00000E+00                                            
  4.00000E-02 0.00000E+00 0.00000E+00                                            
  7.00000E-02 0.00000E+00 0.00000E+00                                            
  1.00000E-01 0.00000E+00 0.00000E+00                                            
  2.00000E-01 0.00000E+00 0.00000E+00                                            
  3.00000E-01 0.00000E+00 0.00000E+00                                            
  4.00000E-01 0.00000E+00 0.00000E+00                                            
  5.00000E-01 0.00000E+00 0.00000E+00                                            
  6.00000E-01 0.00000E+00 0.00000E+00                                            
  7.00000E-01 0.00000E+00 0.00000E+00                                            
  8.00000E-01 0.00000E+00 0.00000E+00                                            
  9.00000E-01 0.00000E+00 0.00000E+00                                            
  1.00000E+00 0.00000E+00 0.00000E+00                                            
  1.20000E+00 0.00000E+00 0.00000E+00                                            
  1.40000E+00 0.00000E+00 0.00000E+00                                            
  1.60000E+00 0.00000E+00 0.00000E+00                                            
  1.80000E+00 0.00000E+00 0.00000E+00                                            
  2.00000E+00 3.81484E-05 3.36440E-08                                            

 deuteron production

 Energy   Cross section Multiplicity

  1.00000E-11 0.00000E+00 0.00000E+00                                            
  2.53000E-08 0.00000E+00 0.00000E+00                                            
  2.00000E-07 0.00000E+00 0.00000E+00                                            
  1.00000E-06 0.00000E+00 0.00000E+00                                            
  1.00000E-05 0.00000E+00 0.00000E+00                                            
  1.00000E-04 0.00000E+00 0.00000E+00                                            
  1.00000E-03 0.00000E+00 0.00000E+00                                            
  2.00000E-03 0.00000E+00 0.00000E+00                                            
  4.00000E-03 0.00000E+00 0.00000E+00                                            
  7.00000E-03 0.00000E+00 0.00000E+00                                            
  1.00000E-02 0.00000E+00 0.00000E+00                                            
  2.00000E-02 0.00000E+00 0.00000E+00                                            
  4.00000E-02 0.00000E+00 0.00000E+00                                            
  7.00000E-02 0.00000E+00 0.00000E+00                                            
  1.00000E-01 0.00000E+00 0.00000E+00                                            
  2.00000E-01 0.00000E+00 0.00000E+00                                            
  3.00000E-01 0.00000E+00 0.00000E+00                                            
  4.00000E-01 0.00000E+00 0.00000E+00                                            
  5.00000E-01 0.00000E+00 0.00000E+00                                            
  6.00000E-01 0.00000E+00 0.00000E+00                                            
  7.00000E-01 0.00000E+00 0.00000E+00                                            
  8.00000E-01 0.00000E+00 0.00000E+00                                            
  9.00000E-01 0.00000E+00 0.00000E+00                                            
  1.00000E+00 0.00000E+00 0.00000E+00                                            
  1.20000E+00 0.00000E+00 0.00000E+00                                            
  1.40000E+00 0.00000E+00 0.00000E+00                                            
  1.60000E+00 0.00000E+00 0.00000E+00                                            
  1.80000E+00 0.00000E+00 0.00000E+00                                            
  2.00000E+00 0.00000E+00 0.00000E+00                                            

 triton   production

 Energy   Cross section Multiplicity

  1.00000E-11 0.00000E+00 0.00000E+00                                            
  2.53000E-08 0.00000E+00 0.00000E+00                                            
  2.00000E-07 0.00000E+00 0.00000E+00                                            
  1.00000E-06 0.00000E+00 0.00000E+00                                            
  1.00000E-05 0.00000E+00 0.00000E+00                                            
  1.00000E-04 0.00000E+00 0.00000E+00                                            
  1.00000E-03 0.00000E+00 0.00000E+00                                            
  2.00000E-03 0.00000E+00 0.00000E+00                                            
  4.00000E-03 0.00000E+00 0.00000E+00                                            
  7.00000E-03 0.00000E+00 0.00000E+00                                            
  1.00000E-02 0.00000E+00 0.00000E+00                                            
  2.00000E-02 0.00000E+00 0.00000E+00                                            
  4.00000E-02 0.00000E+00 0.00000E+00                                            
  7.00000E-02 0.00000E+00 0.00000E+00                                            
  1.00000E-01 0.00000E+00 0.00000E+00                                            
  2.00000E-01 0.00000E+00 0.00000E+00                                            
  3.00000E-01 0.00000E+00 0.00000E+00                                            
  4.00000E-01 0.00000E+00 0.00000E+00                                            
  5.00000E-01 0.00000E+00 0.00000E+00                                            
  6.00000E-01 0.00000E+00 0.00000E+00                                            
  7.00000E-01 0.00000E+00 0.00000E+00                                            
  8.00000E-01 0.00000E+00 0.00000E+00                                            
  9.00000E-01 0.00000E+00 0.00000E+00                                            
  1.00000E+00 0.00000E+00 0.00000E+00                                            
  1.20000E+00 0.00000E+00 0.00000E+00                                            
  1.40000E+00 0.00000E+00 0.00000E+00                                            
  1.60000E+00 0.00000E+00 0.00000E+00                                            
  1.80000E+00 0.00000E+00 0.00000E+00                                            
  2.00000E+00 0.00000E+00 0.00000E+00                                            

 helium-3 production

 Energy   Cross section Multiplicity

  1.00000E-11 0.00000E+00 0.00000E+00                                            
  2.53000E-08 0.00000E+00 0.00000E+00                                            
  2.00000E-07 0.00000E+00 0.00000E+00                                            
  1.00000E-06 0.00000E+00 0.00000E+00                                            
  1.00000E-05 0.00000E+00 0.00000E+00                                            
  1.00000E-04 0.00000E+00 0.00000E+00                                            
  1.00000E-03 0.00000E+00 0.00000E+00                                            
  2.00000E-03 0.00000E+00 0.00000E+00                                            
  4.00000E-03 0.00000E+00 0.00000E+00                                            
  7.00000E-03 0.00000E+00 0.00000E+00                                            
  1.00000E-02 0.00000E+00 0.00000E+00                                            
  2.00000E-02 0.00000E+00 0.00000E+00                                            
  4.00000E-02 0.00000E+00 0.00000E+00                                            
  7.00000E-02 0.00000E+00 0.00000E+00                                            
  1.00000E-01 0.00000E+00 0.00000E+00                                            
  2.00000E-01 0.00000E+00 0.00000E+00                                            
  3.00000E-01 0.00000E+00 0.00000E+00                                            
  4.00000E-01 0.00000E+00 0.00000E+00                                            
  5.00000E-01 0.00000E+00 0.00000E+00                                            
  6.00000E-01 0.00000E+00 0.00000E+00                                            
  7.00000E-01 0.00000E+00 0.00000E+00                                            
  8.00000E-01 0.00000E+00 0.00000E+00                                            
  9.00000E-01 0.00000E+00 0.00000E+00                                            
  1.00000E+00 0.00000E+00 0.00000E+00                                            
  1.20000E+00 0.00000E+00 0.00000E+00                                            
  1.40000E+00 0.00000E+00 0.00000E+00                                            
  1.60000E+00 0.00000E+00 0.00000E+00                                            
  1.80000E+00 0.00000E+00 0.00000E+00                                            
  2.00000E+00 0.00000E+00 0.00000E+00                                            

 alpha    production

 Energy   Cross section Multiplicity

  1.00000E-11 0.00000E+00 0.00000E+00                                            
  2.53000E-08 0.00000E+00 0.00000E+00                                            
  2.00000E-07 0.00000E+00 0.00000E+00                                            
  1.00000E-06 0.00000E+00 0.00000E+00                                            
  1.00000E-05 0.00000E+00 0.00000E+00                                            
  1.00000E-04 0.00000E+00 0.00000E+00                                            
  1.00000E-03 0.00000E+00 0.00000E+00                                            
  2.00000E-03 0.00000E+00 0.00000E+00                                            
  4.00000E-03 0.00000E+00 0.00000E+00                                            
  7.00000E-03 0.00000E+00 0.00000E+00                                            
  1.00000E-02 0.00000E+00 0.00000E+00                                            
  2.00000E-02 0.00000E+00 0.00000E+00                                            
  4.00000E-02 0.00000E+00 0.00000E+00                                            
  7.00000E-02 0.00000E+00 0.00000E+00                                            
  1.00000E-01 0.00000E+00 0.00000E+00                                            
  2.00000E-01 0.00000E+00 0.00000E+00                                            
  3.00000E-01 0.00000E+00 0.00000E+00                                            
  4.00000E-01 0.00000E+00 0.00000E+00                                            
  5.00000E-01 0.00000E+00 0.00000E+00                                            
  6.00000E-01 0.00000E+00 0.00000E+00                                            
  7.00000E-01 0.00000E+00 0.00000E+00                                            
  8.00000E-01 0.00000E+00 0.00000E+00                                            
  9.00000E-01 0.00000E+00 0.00000E+00                                            
  1.00000E+00 0.00000E+00 0.00000E+00                                            
  1.20000E+00 0.00000E+00 0.00000E+00                                            
  1.40000E+00 0.00000E+00 0.00000E+00                                            
  1.60000E+00 0.00000E+00 0.00000E+00                                            
  1.80000E+00 0.00000E+00 0.00000E+00                                            
  2.00000E+00 0.00000E+00 0.00000E+00                                            

 4. Residual production cross sections

 Production of Z= 39 A= 90 ( 90Y ) - Total

 Q-value    =   6.857032
 E-threshold=   0.000000

 Energy   Cross section

  1.00000E-11 6.44332E+04                                                        
  2.53000E-08 1.28100E+03                                                        
  2.00000E-07 4.55611E+02                                                        
  1.00000E-06 6.04880E+04                                                        
  1.00000E-05 9.17504E+03                                                        
  1.00000E-04 1.28200E+03                                                        
  1.00000E-03 2.96110E+02                                                        
  2.00000E-03 2.02985E+02                                                        
  4.00000E-03 1.30075E+02                                                        
  7.00000E-03 8.60989E+01                                                        
  1.00000E-02 6.49171E+01                                                        
  2.00000E-02 3.67791E+01                                                        
  4.00000E-02 2.15930E+01                                                        
  7.00000E-02 1.53643E+01                                                        
  1.00000E-01 1.30287E+01                                                        
  2.00000E-01 1.06934E+01                                                        
  3.00000E-01 1.00203E+01                                                        
  4.00000E-01 9.59315E+00                                                        
  5.00000E-01 9.32585E+00                                                        
  6.00000E-01 9.22159E+00                                                        
  7.00000E-01 9.25632E+00                                                        
  8.00000E-01 9.42350E+00                                                        
  9.00000E-01 9.70414E+00                                                        
  1.00000E+00 7.45445E+00                                                        
  1.20000E+00 7.16698E+00                                                        
  1.40000E+00 7.37817E+00                                                        
  1.60000E+00 6.71988E+00                                                        
  1.80000E+00 5.73236E+00                                                        
  2.00000E+00 4.79519E+00                                                        

 Production of Z= 39 A= 90 ( 90Y ) - Level  0  (lifetime: 2.30400E+05 sec.)

 Q-value    =   6.857032
 E-threshold=   0.000000

 Energy   Cross section Branching ratio

  1.00000E-11 6.44278E+04 9.99916E-01                                            
  2.53000E-08 1.28089E+03 9.99916E-01                                            
  2.00000E-07 4.55573E+02 9.99916E-01                                            
  1.00000E-06 6.04829E+04 9.99916E-01                                            
  1.00000E-05 9.17423E+03 9.99911E-01                                            
  1.00000E-04 1.28180E+03 9.99838E-01                                            
  1.00000E-03 2.95906E+02 9.99312E-01                                            
  2.00000E-03 2.02810E+02 9.99138E-01                                            
  4.00000E-03 1.29945E+02 9.99003E-01                                            
  7.00000E-03 8.60047E+01 9.98906E-01                                            
  1.00000E-02 6.48411E+01 9.98829E-01                                            
  2.00000E-02 3.67231E+01 9.98477E-01                                            
  4.00000E-02 2.15311E+01 9.97133E-01                                            
  7.00000E-02 1.52723E+01 9.94015E-01                                            
  1.00000E-01 1.29007E+01 9.90171E-01                                            
  2.00000E-01 1.04380E+01 9.76119E-01                                            
  3.00000E-01 9.68329E+00 9.66371E-01                                            
  4.00000E-01 9.21082E+00 9.60146E-01                                            
  5.00000E-01 8.90684E+00 9.55070E-01                                            
  6.00000E-01 8.76341E+00 9.50314E-01                                            
  7.00000E-01 8.75001E+00 9.45301E-01                                            
  8.00000E-01 8.85792E+00 9.39982E-01                                            
  9.00000E-01 9.06773E+00 9.34419E-01                                            
  1.00000E+00 7.14193E+00 9.58076E-01                                            
  1.20000E+00 6.86918E+00 9.58448E-01                                            
  1.40000E+00 7.05566E+00 9.56289E-01                                            
  1.60000E+00 6.37532E+00 9.48725E-01                                            
  1.80000E+00 5.38266E+00 9.38996E-01                                            
  2.00000E+00 4.49094E+00 9.36551E-01                                            

 Production of Z= 39 A= 90 ( 90Y ) - Level  2  (lifetime: 1.14800E+04 sec.)

 Q-value    =   6.175362
 E-threshold=   0.000000

 Energy   Cross section Branching ratio

  1.00000E-11 5.39821E+00 8.37799E-05                                            
  2.53000E-08 1.07322E-01 8.37799E-05                                            
  2.00000E-07 3.81711E-02 8.37799E-05                                            
  1.00000E-06 5.06768E+00 8.37799E-05                                            
  1.00000E-05 8.15688E-01 8.89029E-05                                            
  1.00000E-04 2.07090E-01 1.61536E-04                                            
  1.00000E-03 2.03718E-01 6.87983E-04                                            
  2.00000E-03 1.74952E-01 8.61894E-04                                            
  4.00000E-03 1.29626E-01 9.96547E-04                                            
  7.00000E-03 9.42055E-02 1.09416E-03                                            
  1.00000E-02 7.60312E-02 1.17120E-03                                            
  2.00000E-02 5.59976E-02 1.52254E-03                                            
  4.00000E-02 6.19054E-02 2.86692E-03                                            
  7.00000E-02 9.19487E-02 5.98458E-03                                            
  1.00000E-01 1.28063E-01 9.82925E-03                                            
  2.00000E-01 2.55369E-01 2.38811E-02                                            
  3.00000E-01 3.36972E-01 3.36291E-02                                            
  4.00000E-01 3.82330E-01 3.98545E-02                                            
  5.00000E-01 4.19011E-01 4.49301E-02                                            
  6.00000E-01 4.58189E-01 4.96865E-02                                            
  7.00000E-01 5.06309E-01 5.46988E-02                                            
  8.00000E-01 5.65580E-01 6.00180E-02                                            
  9.00000E-01 6.36405E-01 6.55808E-02                                            
  1.00000E+00 3.12519E-01 4.19239E-02                                            
  1.20000E+00 2.97802E-01 4.15519E-02                                            
  1.40000E+00 3.22509E-01 4.37113E-02                                            
  1.60000E+00 3.44565E-01 5.12754E-02                                            
  1.80000E+00 3.49694E-01 6.10035E-02                                            
  2.00000E+00 3.04251E-01 6.34491E-02                                            

 Production of Z= 39 A= 89 ( 89Y ) - Total

 Q-value    =   0.000000
 E-threshold=  -0.000000

 Energy   Cross section

  1.00000E-11 0.00000E+00                                                        
  2.53000E-08 0.00000E+00                                                        
  2.00000E-07 0.00000E+00                                                        
  1.00000E-06 0.00000E+00                                                        
  1.00000E-05 0.00000E+00                                                        
  1.00000E-04 0.00000E+00                                                        
  1.00000E-03 0.00000E+00                                                        
  2.00000E-03 0.00000E+00                                                        
  4.00000E-03 0.00000E+00                                                        
  7.00000E-03 0.00000E+00                                                        
  1.00000E-02 0.00000E+00                                                        
  2.00000E-02 0.00000E+00                                                        
  4.00000E-02 0.00000E+00                                                        
  7.00000E-02 0.00000E+00                                                        
  1.00000E-01 0.00000E+00                                                        
  2.00000E-01 0.00000E+00                                                        
  3.00000E-01 2.15658E-03                                                        
  4.00000E-01 3.80411E-03                                                        
  5.00000E-01 9.79878E-03                                                        
  6.00000E-01 1.28693E-02                                                        
  7.00000E-01 2.53799E-02                                                        
  8.00000E-01 3.99418E-02                                                        
  9.00000E-01 5.57460E-02                                                        
  1.00000E+00 5.68512E+01                                                        
  1.20000E+00 1.10426E+02                                                        
  1.40000E+00 1.59523E+02                                                        
  1.60000E+00 3.96605E+02                                                        
  1.80000E+00 7.93653E+02                                                        
  2.00000E+00 1.12909E+03                                                        

 Production of Z= 39 A= 89 ( 89Y ) - Level  0  (lifetime: 0.00000E+00 sec.)

 Q-value    =   0.000000
 E-threshold=  -0.000000

 Energy   Cross section Branching ratio

  1.00000E-11 0.00000E+00 0.00000E+00                                            
  2.53000E-08 0.00000E+00 0.00000E+00                                            
  2.00000E-07 0.00000E+00 0.00000E+00                                            
  1.00000E-06 0.00000E+00 0.00000E+00                                            
  1.00000E-05 0.00000E+00 0.00000E+00                                            
  1.00000E-04 0.00000E+00 0.00000E+00                                            
  1.00000E-03 0.00000E+00 0.00000E+00                                            
  2.00000E-03 0.00000E+00 0.00000E+00                                            
  4.00000E-03 0.00000E+00 0.00000E+00                                            
  7.00000E-03 0.00000E+00 0.00000E+00                                            
  1.00000E-02 0.00000E+00 0.00000E+00                                            
  2.00000E-02 0.00000E+00 0.00000E+00                                            
  4.00000E-02 0.00000E+00 0.00000E+00                                            
  7.00000E-02 0.00000E+00 0.00000E+00                                            
  1.00000E-01 0.00000E+00 0.00000E+00                                            
  2.00000E-01 0.00000E+00 0.00000E+00                                            
  3.00000E-01 2.15658E-03 1.00000E+00                                            
  4.00000E-01 3.80411E-03 1.00000E+00                                            
  5.00000E-01 9.79878E-03 1.00000E+00                                            
  6.00000E-01 1.28693E-02 1.00000E+00                                            
  7.00000E-01 2.53799E-02 1.00000E+00                                            
  8.00000E-01 3.99418E-02 1.00000E+00                                            
  9.00000E-01 5.57460E-02 1.00000E+00                                            
  1.00000E+00 7.29172E-02 1.28260E-03                                            
  1.20000E+00 1.19650E-01 1.08353E-03                                            
  1.40000E+00 1.84144E-01 1.15434E-03                                            
  1.60000E+00 1.95534E+02 4.93020E-01                                            
  1.80000E+00 5.69948E+02 7.18132E-01                                            
  2.00000E+00 9.08824E+02 8.04919E-01                                            

 Production of Z= 39 A= 89 ( 89Y ) - Level  1  (lifetime: 1.56600E+01 sec.)

 Q-value    =  -0.908970
 E-threshold=   0.919283

 Energy   Cross section Branching ratio

  1.00000E-11 0.00000E+00 0.00000E+00                                            
  2.53000E-08 0.00000E+00 0.00000E+00                                            
  2.00000E-07 0.00000E+00 0.00000E+00                                            
  1.00000E-06 0.00000E+00 0.00000E+00                                            
  1.00000E-05 0.00000E+00 0.00000E+00                                            
  1.00000E-04 0.00000E+00 0.00000E+00                                            
  1.00000E-03 0.00000E+00 0.00000E+00                                            
  2.00000E-03 0.00000E+00 0.00000E+00                                            
  4.00000E-03 0.00000E+00 0.00000E+00                                            
  7.00000E-03 0.00000E+00 0.00000E+00                                            
  1.00000E-02 0.00000E+00 0.00000E+00                                            
  2.00000E-02 0.00000E+00 0.00000E+00                                            
  4.00000E-02 0.00000E+00 0.00000E+00                                            
  7.00000E-02 0.00000E+00 0.00000E+00                                            
  1.00000E-01 0.00000E+00 0.00000E+00                                            
  2.00000E-01 0.00000E+00 0.00000E+00                                            
  3.00000E-01 0.00000E+00 0.00000E+00                                            
  4.00000E-01 0.00000E+00 0.00000E+00                                            
  5.00000E-01 0.00000E+00 0.00000E+00                                            
  6.00000E-01 0.00000E+00 0.00000E+00                                            
  7.00000E-01 0.00000E+00 0.00000E+00                                            
  8.00000E-01 0.00000E+00 0.00000E+00                                            
  9.00000E-01 0.00000E+00 0.00000E+00                                            
  1.00000E+00 5.67783E+01 9.98717E-01                                            
  1.20000E+00 1.10306E+02 9.98916E-01                                            
  1.40000E+00 1.59338E+02 9.98846E-01                                            
  1.60000E+00 2.01071E+02 5.06980E-01                                            
  1.80000E+00 2.23705E+02 2.81868E-01                                            
  2.00000E+00 2.20264E+02 1.95081E-01                                            

 Production of Z= 37 A= 86 ( 86Rb) - Total

 Q-value    =   0.682212
 E-threshold=   0.000000

 Energy   Cross section

  1.00000E-11 1.06522E-07                                                        
  2.53000E-08 2.11778E-09                                                        
  2.00000E-07 7.53226E-10                                                        
  1.00000E-06 1.00000E-07                                                        
  1.00000E-05 1.00000E-07                                                        
  1.00000E-04 1.00000E-07                                                        
  1.00000E-03 1.00000E-07                                                        
  2.00000E-03 1.00000E-07                                                        
  4.00000E-03 1.00000E-07                                                        
  7.00000E-03 1.00000E-07                                                        
  1.00000E-02 1.00000E-07                                                        
  2.00000E-02 1.00000E-07                                                        
  4.00000E-02 1.00000E-07                                                        
  7.00000E-02 1.00000E-07                                                        
  1.00000E-01 1.00000E-07                                                        
  2.00000E-01 1.00000E-07                                                        
  3.00000E-01 1.00000E-07                                                        
  4.00000E-01 1.00000E-07                                                        
  5.00000E-01 1.00000E-07                                                        
  6.00000E-01 1.00000E-07                                                        
  7.00000E-01 1.00000E-07                                                        
  8.00000E-01 1.00000E-07                                                        
  9.00000E-01 1.00000E-07                                                        
  1.00000E+00 1.00000E-07                                                        
  1.20000E+00 1.00000E-07                                                        
  1.40000E+00 1.00000E-07                                                        
  1.60000E+00 1.00000E-07                                                        
  1.80000E+00 1.00000E-07                                                        
  2.00000E+00 1.00000E-07                                                        

 Production of Z= 37 A= 86 ( 86Rb) - Level  0  (lifetime: 1.61100E+06 sec.)

 Q-value    =   0.682212
 E-threshold=   0.000000

 Energy   Cross section Branching ratio

  1.00000E-11 0.00000E+00 0.00000E+00                                            
  2.53000E-08 0.00000E+00 0.00000E+00                                            
  2.00000E-07 0.00000E+00 0.00000E+00                                            
  1.00000E-06 0.00000E+00 0.00000E+00                                            
  1.00000E-05 0.00000E+00 0.00000E+00                                            
  1.00000E-04 0.00000E+00 0.00000E+00                                            
  1.00000E-03 0.00000E+00 0.00000E+00                                            
  2.00000E-03 0.00000E+00 0.00000E+00                                            
  4.00000E-03 0.00000E+00 0.00000E+00                                            
  7.00000E-03 0.00000E+00 0.00000E+00                                            
  1.00000E-02 0.00000E+00 0.00000E+00                                            
  2.00000E-02 0.00000E+00 0.00000E+00                                            
  4.00000E-02 0.00000E+00 0.00000E+00                                            
  7.00000E-02 0.00000E+00 0.00000E+00                                            
  1.00000E-01 0.00000E+00 0.00000E+00                                            
  2.00000E-01 0.00000E+00 0.00000E+00                                            
  3.00000E-01 0.00000E+00 0.00000E+00                                            
  4.00000E-01 0.00000E+00 0.00000E+00                                            
  5.00000E-01 0.00000E+00 0.00000E+00                                            
  6.00000E-01 0.00000E+00 0.00000E+00                                            
  7.00000E-01 0.00000E+00 0.00000E+00                                            
  8.00000E-01 0.00000E+00 0.00000E+00                                            
  9.00000E-01 0.00000E+00 0.00000E+00                                            
  1.00000E+00 0.00000E+00 0.00000E+00                                            
  1.20000E+00 0.00000E+00 0.00000E+00                                            
  1.40000E+00 0.00000E+00 0.00000E+00                                            
  1.60000E+00 0.00000E+00 0.00000E+00                                            
  1.80000E+00 0.00000E+00 0.00000E+00                                            
  2.00000E+00 0.00000E+00 0.00000E+00                                            

 Production of Z= 37 A= 86 ( 86Rb) - Level  2  (lifetime: 6.10200E+01 sec.)

 Q-value    =   0.126162
 E-threshold=   0.000000

 Energy   Cross section Branching ratio

  1.00000E-11 0.00000E+00 0.00000E+00                                            
  2.53000E-08 0.00000E+00 0.00000E+00                                            
  2.00000E-07 0.00000E+00 0.00000E+00                                            
  1.00000E-06 0.00000E+00 0.00000E+00                                            
  1.00000E-05 0.00000E+00 0.00000E+00                                            
  1.00000E-04 0.00000E+00 0.00000E+00                                            
  1.00000E-03 0.00000E+00 0.00000E+00                                            
  2.00000E-03 0.00000E+00 0.00000E+00                                            
  4.00000E-03 0.00000E+00 0.00000E+00                                            
  7.00000E-03 0.00000E+00 0.00000E+00                                            
  1.00000E-02 0.00000E+00 0.00000E+00                                            
  2.00000E-02 0.00000E+00 0.00000E+00                                            
  4.00000E-02 0.00000E+00 0.00000E+00                                            
  7.00000E-02 0.00000E+00 0.00000E+00                                            
  1.00000E-01 0.00000E+00 0.00000E+00                                            
  2.00000E-01 0.00000E+00 0.00000E+00                                            
  3.00000E-01 0.00000E+00 0.00000E+00                                            
  4.00000E-01 0.00000E+00 0.00000E+00                                            
  5.00000E-01 0.00000E+00 0.00000E+00                                            
  6.00000E-01 0.00000E+00 0.00000E+00                                            
  7.00000E-01 0.00000E+00 0.00000E+00                                            
  8.00000E-01 0.00000E+00 0.00000E+00                                            
  9.00000E-01 0.00000E+00 0.00000E+00                                            
  1.00000E+00 0.00000E+00 0.00000E+00                                            
  1.20000E+00 0.00000E+00 0.00000E+00                                            
  1.40000E+00 0.00000E+00 0.00000E+00                                            
  1.60000E+00 0.00000E+00 0.00000E+00                                            
  1.80000E+00 0.00000E+00 0.00000E+00                                            
  2.00000E+00 0.00000E+00 0.00000E+00                                            

 6. Exclusive cross sections

     Emitted particles     reaction
   n   p   d   t   h   a
   0   0   0   0   0   0       (n,g)            

 Q-value    =   6.857032
 E-threshold=   0.000000

 Energy   Cross section Gamma c.s. c.s./res.prod.cs

  1.00000E-11 6.44332E+04 1.74728E+05 1.00000E+00                                                    
  2.53000E-08 1.28100E+03 3.47377E+03 1.00000E+00                                                    
  2.00000E-07 4.55611E+02 1.23551E+03 1.00000E+00                                                    
  1.00000E-06 6.04880E+04 1.64029E+05 1.00000E+00                                                    
  1.00000E-05 9.17504E+03 2.48701E+04 1.00000E+00                                                    
  1.00000E-04 1.28200E+03 3.45551E+03 1.00000E+00                                                    
  1.00000E-03 2.96110E+02 7.69721E+02 1.00000E+00                                                    
  2.00000E-03 2.02985E+02 5.22965E+02 1.00000E+00                                                    
  4.00000E-03 1.30075E+02 3.33453E+02 1.00000E+00                                                    
  7.00000E-03 8.60989E+01 2.20295E+02 1.00000E+00                                                    
  1.00000E-02 6.49171E+01 1.66031E+02 1.00000E+00                                                    
  2.00000E-02 3.67790E+01 9.42274E+01 1.00000E+00                                                    
  4.00000E-02 2.15930E+01 5.58177E+01 1.00000E+00                                                    
  7.00000E-02 1.53643E+01 4.03711E+01 1.00000E+00                                                    
  1.00000E-01 1.30287E+01 3.47291E+01 1.00000E+00                                                    
  2.00000E-01 1.06934E+01 2.95063E+01 1.00000E+00                                                    
  3.00000E-01 1.00203E+01 2.82347E+01 1.00000E+00                                                    
  4.00000E-01 9.59315E+00 2.74233E+01 1.00000E+00                                                    
  5.00000E-01 9.32585E+00 2.69743E+01 1.00000E+00                                                    
  6.00000E-01 9.22160E+00 2.69607E+01 1.00000E+00                                                    
  7.00000E-01 9.25632E+00 2.73370E+01 1.00000E+00                                                    
  8.00000E-01 9.42350E+00 2.81065E+01 1.00000E+00                                                    
  9.00000E-01 9.70414E+00 2.92271E+01 1.00000E+00                                                    
  1.00000E+00 7.45445E+00 2.19911E+01 1.00000E+00                                                    
  1.20000E+00 7.16698E+00 2.13145E+01 1.00000E+00                                                    
  1.40000E+00 7.37817E+00 2.21971E+01 1.00000E+00                                                    
  1.60000E+00 6.71988E+00 2.05764E+01 1.00000E+00                                                    
  1.80000E+00 5.73236E+00 1.78847E+01 1.00000E+00                                                    
  2.00000E+00 4.79519E+00 1.50971E+01 1.00000E+00                                                    

     Emitted particles     reaction
   n   p   d   t   h   a
   1   0   0   0   0   0       (n,n')           

 Q-value    =   0.000000
 E-threshold=   0.919283

 Energy   Cross section Gamma c.s. c.s./res.prod.cs

  1.00000E-11 0.00000E+00 0.00000E+00 0.00000E+00                                                    
  2.53000E-08 0.00000E+00 0.00000E+00 0.00000E+00                                                    
  2.00000E-07 0.00000E+00 0.00000E+00 0.00000E+00                                                    
  1.00000E-06 0.00000E+00 0.00000E+00 0.00000E+00                                                    
  1.00000E-05 0.00000E+00 0.00000E+00 0.00000E+00                                                    
  1.00000E-04 0.00000E+00 0.00000E+00 0.00000E+00                                                    
  1.00000E-03 0.00000E+00 0.00000E+00 0.00000E+00                                                    
  2.00000E-03 0.00000E+00 0.00000E+00 0.00000E+00                                                    
  4.00000E-03 0.00000E+00 0.00000E+00 0.00000E+00                                                    
  7.00000E-03 0.00000E+00 0.00000E+00 0.00000E+00                                                    
  1.00000E-02 0.00000E+00 0.00000E+00 0.00000E+00                                                    
  2.00000E-02 0.00000E+00 0.00000E+00 0.00000E+00                                                    
  4.00000E-02 0.00000E+00 0.00000E+00 0.00000E+00                                                    
  7.00000E-02 0.00000E+00 0.00000E+00 0.00000E+00                                                    
  1.00000E-01 0.00000E+00 0.00000E+00 0.00000E+00                                                    
  2.00000E-01 0.00000E+00 0.00000E+00 0.00000E+00                                                    
  3.00000E-01 0.00000E+00 0.00000E+00 0.00000E+00                                                    
  4.00000E-01 0.00000E+00 0.00000E+00 0.00000E+00                                                    
  5.00000E-01 0.00000E+00 0.00000E+00 0.00000E+00                                                    
  6.00000E-01 0.00000E+00 0.00000E+00 0.00000E+00                                                    
  7.00000E-01 0.00000E+00 0.00000E+00 0.00000E+00                                                    
  8.00000E-01 0.00000E+00 0.00000E+00 0.00000E+00                                                    
  9.00000E-01 0.00000E+00 0.00000E+00 0.00000E+00                                                    
  1.00000E+00 5.67783E+01 0.00000E+00 9.98717E-01                                                    
  1.20000E+00 1.10306E+02 0.00000E+00 9.98912E-01                                                    
  1.40000E+00 1.59336E+02 0.00000E+00 9.98829E-01                                                    
  1.60000E+00 3.96387E+02 1.95324E+02 9.99452E-01                                                    
  1.80000E+00 7.93398E+02 5.69709E+02 9.99678E-01                                                    
  2.00000E+00 1.12880E+03 9.08561E+02 9.99744E-01                                                    

     Emitted particles     reaction
   n   p   d   t   h   a
   0   1   0   0   0   0       (n,p)            

 Q-value    =  -0.719823
 E-threshold=   0.727990

 Energy   Cross section Gamma c.s. c.s./res.prod.cs

  1.00000E-11 0.00000E+00 0.00000E+00 0.00000E+00                                                    
  2.53000E-08 0.00000E+00 0.00000E+00 0.00000E+00                                                    
  2.00000E-07 0.00000E+00 0.00000E+00 0.00000E+00                                                    
  1.00000E-06 0.00000E+00 0.00000E+00 0.00000E+00                                                    
  1.00000E-05 0.00000E+00 0.00000E+00 0.00000E+00                                                    
  1.00000E-04 0.00000E+00 0.00000E+00 0.00000E+00                                                    
  1.00000E-03 0.00000E+00 0.00000E+00 0.00000E+00                                                    
  2.00000E-03 0.00000E+00 0.00000E+00 0.00000E+00                                                    
  4.00000E-03 0.00000E+00 0.00000E+00 0.00000E+00                                                    
  7.00000E-03 0.00000E+00 0.00000E+00 0.00000E+00                                                    
  1.00000E-02 0.00000E+00 0.00000E+00 0.00000E+00                                                    
  2.00000E-02 0.00000E+00 0.00000E+00 0.00000E+00                                                    
  4.00000E-02 0.00000E+00 0.00000E+00 0.00000E+00                                                    
  7.00000E-02 0.00000E+00 0.00000E+00 0.00000E+00                                                    
  1.00000E-01 0.00000E+00 0.00000E+00 0.00000E+00                                                    
  2.00000E-01 0.00000E+00 0.00000E+00 0.00000E+00                                                    
  3.00000E-01 0.00000E+00 0.00000E+00 0.00000E+00                                                    
  4.00000E-01 0.00000E+00 0.00000E+00 0.00000E+00                                                    
  5.00000E-01 0.00000E+00 0.00000E+00 0.00000E+00                                                    
  6.00000E-01 0.00000E+00 0.00000E+00 0.00000E+00                                                    
  7.00000E-01 0.00000E+00 0.00000E+00 0.00000E+00                                                    
  8.00000E-01 0.00000E+00 0.00000E+00 0.00000E+00                                                    
  9.00000E-01 0.00000E+00 0.00000E+00 0.00000E+00                                                    
  1.00000E+00 0.00000E+00 0.00000E+00 0.00000E+00                                                    
  1.20000E+00 0.00000E+00 0.00000E+00 0.00000E+00                                                    
  1.40000E+00 0.00000E+00 0.00000E+00 0.00000E+00                                                    
  1.60000E+00 0.00000E+00 0.00000E+00 0.00000E+00                                                    
  1.80000E+00 0.00000E+00 0.00000E+00 0.00000E+00                                                    
  2.00000E+00 3.81484E-05 0.00000E+00 0.00000E+00                                                    

     Emitted particles     reaction
   n   p   d   t   h   a
   0   0   0   0   0   1       (n,a)            

 Q-value    =   0.682212
 E-threshold=   0.000000

 Energy   Cross section Gamma c.s. c.s./res.prod.cs

  1.00000E-11 0.00000E+00 0.00000E+00 0.00000E+00                                                    
  2.53000E-08 0.00000E+00 0.00000E+00 0.00000E+00                                                    
  2.00000E-07 0.00000E+00 0.00000E+00 0.00000E+00                                                    
  1.00000E-06 1.00000E-07 1.00000E-07 0.00000E+00                                                    
  1.00000E-05 1.00000E-07 1.00000E-07 0.00000E+00                                                    
  1.00000E-04 1.00000E-07 1.00000E-07 0.00000E+00                                                    
  1.00000E-03 1.00000E-07 1.00000E-07 0.00000E+00                                                    
  2.00000E-03 1.00000E-07 1.00000E-07 0.00000E+00                                                    
  4.00000E-03 1.00000E-07 1.00000E-07 0.00000E+00                                                    
  7.00000E-03 1.00000E-07 1.00000E-07 0.00000E+00                                                    
  1.00000E-02 1.00000E-07 1.00000E-07 0.00000E+00                                                    
  2.00000E-02 1.00000E-07 1.00000E-07 0.00000E+00                                                    
  4.00000E-02 1.00000E-07 1.00000E-07 0.00000E+00                                                    
  7.00000E-02 1.00000E-07 1.00000E-07 0.00000E+00                                                    
  1.00000E-01 1.00000E-07 1.00000E-07 0.00000E+00                                                    
  2.00000E-01 1.00000E-07 1.00000E-07 0.00000E+00                                                    
  3.00000E-01 1.00000E-07 1.00000E-07 0.00000E+00                                                    
  4.00000E-01 1.00000E-07 1.00000E-07 0.00000E+00                                                    
  5.00000E-01 1.00000E-07 1.00000E-07 0.00000E+00                                                    
  6.00000E-01 1.00000E-07 1.00000E-07 0.00000E+00                                                    
  7.00000E-01 1.00000E-07 1.00000E-07 0.00000E+00                                                    
  8.00000E-01 1.00000E-07 1.00000E-07 0.00000E+00                                                    
  9.00000E-01 1.00000E-07 1.00000E-07 0.00000E+00                                                    
  1.00000E+00 1.00000E-07 1.00000E-07 0.00000E+00                                                    
  1.20000E+00 1.00000E-07 1.00000E-07 0.00000E+00                                                    
  1.40000E+00 1.00000E-07 1.00000E-07 0.00000E+00                                                    
  1.60000E+00 1.00000E-07 1.00000E-07 0.00000E+00                                                    
  1.80000E+00 1.00000E-07 1.00000E-07 0.00000E+00                                                    
  2.00000E+00 1.00000E-07 1.00000E-07 0.00000E+00                                                    
 Calculate Cross Sections from Resonance Parameters (RECENT 2017-2)
 ==============================================================================
 Retrieval Criteria-----------        MAT
 File 2 Mimimum Cross Section- 1.0000E-10                     
 Reactions with No Background-     Output (Resonance Contribution)
 Calculate/Edit Mode----------  Calculate. List Resonance Parameters.  
 Negative Cross Sections------   Make = 0 (No Negative Output)     
 Monitor Mode-----------------         On
 ==============================================================================
 ENDF/B Input and Output Data Filenames
 n-Y089.res.tendl.2021                                                   
 n-Y089.res.point0                                                       
 ==============================================================================
 Requested MAT Ranges
 ==============================================================================
    Mimimum    Maximum
 ==============================================================================
          1       9999
 ==============================================================================
 File 2 Reconstruction Error
 ==============================================================================
      Energy      Error   per-cent
 ==============================================================================
  0.0         .001000000      0.100 (Default Option)
 ==============================================================================
 ENDF/B Tape Label
 ==============================================================================
  n-Y089.res.tendl.2021: Merger of MF1 and MF2                       99
 ******************************************************************************
 Processing  39-Y -89  MAT= 3925
 ******************************************************************************
 Based on the Format and Contents of MF=1, MT=451
 (1) ENDF/B-VI Format.
 (2) Material is NOT Fissile (LFI=0).
 (3) Resonance Parameters are Given (LRP=1).
 ==============================================================================
 Listing of All Resonance Parameters
 ==============================================================================
 Element or Material------------------ 39-Y -89 
 Atomic Weight Ratio------------------ 88.1421000
 Number of Isotopes-------------------          1
 ==============================================================================
 Isotope Number-----------------------          1
 Isotope------------------------------ 39-Y -89 
 Fractional Abundance----------------- 1.00000000
 LFW (Fission Widths)-----------------          0 (No Fission Widths)        
 Number of Energy Ranges--------------          1
 ==============================================================================
 Lower Limit of the Energy Range------ 1.00000E-5 eV
 Upper Limit of the Energy Range------ 301001.000 eV
 LRU (Type of Region)-----------------          1 (Resolved Region)          
 LRF (Type of Resolved Parameters)----          2 (Multi-Level Breit-Wigner) 
 NRO (Scattering Radius)--------------          0 (Energy Independent)        
 NAPS (Channel Radius)----------------          1 (= Scattering Radius)       
 ==============================================================================
 Nuclear Spin of Target--------------- .500000000
 Effective Scattering Radius (A+)----- .674000000
 Number of L Values-------------------          2
 ==============================================================================
 Atomic Weight Ratio of Isotope------- 88.1421000
 Competitive Reaction Q Value--------- 0.0        eV
 Angular Momentum (L)-----------------          0
 LRX (Competitive Widths)-------------          0 (No Competitive Widths)                 
 Number of Resonances-----------------         71
 ==============================================================================
 Multi-Level Breit-Wigner Resonance Parameters
 ==============================================================================
      Energy  J Value      Total    Neutron    Capture    Fission Competition
        (eV)                (eV)       (eV)       (eV)       (eV)        (eV)
 ==============================================================================
 ==============================================================================
 Atomic Weight Ratio of Isotope------- 88.1421000
 Competitive Reaction Q Value--------- 0.0        eV
 Angular Momentum (L)-----------------          1
 LRX (Competitive Widths)-------------          0 (No Competitive Widths)                 
 Number of Resonances-----------------        231
 ==============================================================================
 Multi-Level Breit-Wigner Resonance Parameters
 ==============================================================================
      Energy  J Value      Total    Neutron    Capture    Fission Competition
        (eV)                (eV)       (eV)       (eV)       (eV)        (eV)
 ==============================================================================
 ==============================================================================
 Summary of Calculated MT #
 ------------------------------------------------------------------------------
    1    2  102
 ==============================================================================
 Reconstructing Cross Sections from Resonance Parameters
 ==============================================================================
        E-Low     E-High   Points   Type of Resonance Region
        (eV)       (eV)   Generated Messages
 ==============================================================================
   1.00000E-5 301001.000      52393 Resolved
 ==============================================================================
 Entire Resonance Region      52393 Points
 ==============================================================================
 Summary of Output MT #
 ------------------------------------------------------------------------------
    1    2  102
 ==============================================================================
 Combining File 2 and File 3 Data
 ==============================================================================
 Reaction   MT  File 2  File 3  Combined
                Points  Points    Points Comments
 ==============================================================================
    Total    1   52393       0     52393 No Background. Output Resonance Part.
  Elastic    2   52393       0     52393 No Background. Output Resonance Part.
  Capture  102   52393       0     52393 No Background. Output Resonance Part.
 ==============================================================================
 ==============================================================================
      MAT Total Execution Time                0.59 Seconds
 ==============================================================================
 ******************************************************************************
 End of ENDF/B Input Data
 ******************************************************************************
 Core Allocation and Requirements
 ==============================================================================
         Sections   Nodes Parameter
                            Storage
 ==============================================================================
 Allocated    100  300000    300000
 Required       2     304       302
 ==============================================================================
 End of Run
 ==============================================================================
 ==============================================================================
 SIGMA1   Total Execution Time                0.59 Seconds
 ==============================================================================
 Doppler Broaden ENDF/B Cross Sections (SIGMA1 2017-1)
 -------------------------------------------------------------------------------
 Retrieval Criteria-----------        MAT
 Monitor Mode-----------------        Off
 Temperature------------------ 293.160004 Kelvin
 Minimum Cross Section-------- 1.0000E-10 (Default Option)
 Negative Cross Section------- Make = 0 (No Negative Outout)
 Unresolved Resonances Region- Copy (No Broadening)
 -------------------------------------------------------------------------------
 ENDF/B Input and Output Data Filenames
 -------------------------------------------------------------------------------
 n-Y089.res.point0                                                       
 n-Y089.res.point                                                        
 -------------------------------------------------------------------------------
 Requested MAT Ranges
 -------------------------------------------------------------------------------
     Mimimum    Maximum
 -------------------------------------------------------------------------------
           0       9999 (Default Option)
 -------------------------------------------------------------------------------
 Allowable Uncertainty
 -------------------------------------------------------------------------------
      Energy Unceryainty   per-cent
 -------------------------------------------------------------------------------
  0.0         1.00000E-4     0.0100 (Default Option)
 -------------------------------------------------------------------------------
 ENDF/B Tape Label
 -------------------------------------------------------------------------------
  n-Y089.res.tendl.2021: Merger of MF1 and MF2                       99
 -------------------------------------------------------------------------------
 Projectile      MAT  MT ENDF/B     Kelvin     Q-Value   Points   Points
       Material          Format         In          eV       In      Out
 -------------------------------------------------------------------------------
 n    39-Y -89  3925   1  VI    0.0         0.0           52393    51281          
 n    39-Y -89  3925   2  VI    0.0         0.0           52393    50698          
 n    39-Y -89  3925 102  VI    0.0         0.0           52393   113598          
 -------------------------------------------------------------------------------
 No Unresolved Region                       MAT Totals   157179   215577
 -------------------------------------------------------------------------------
 ==============================================================================
      MAT Total Execution Time                6.49 Seconds
 ==============================================================================
 -------------------------------------------------------------------------------
                                           Tape Totals   157179   215577
 -------------------------------------------------------------------------------
 ==============================================================================
 GROUPIE  Total Execution Time                6.49 Seconds
 ==============================================================================
 Multi-Group and Multi-Band Parameters from ENDF/B Data (GROUPIE 2017-1)
 ------------------------------------------------------------------------------
 ENDF/B Input and Output Data Filenames
 n-Y089.res.point                                                        
 n-Y089.res.group                                                        
 ------------------------------------------------------------------------------
 Retrieval Criteria------------        MAT
 Number of Energy Groups-------        700 (TART)          
 Maximum Number of Bands/Group-          2 Conserve 1/[Total+<Total>]  
 Points in Weighting Spectrum--      30000 (1/E)                               
 Band Selection Criteria------- .001000000 (   0.1000 per-cent)
 Sigma-0 Definition------------ Multiple of Unshielded Total in Each Group
 High E Cross Section Extension = Zero (Standard Convention)
 ------------------------------------------------------------------------------
 Self-Shielded Listing---------        Yes (Cross Sections)        
 Multi-Band Listing------------        Yes
 Multi-Band Library File-------        Yes
 Unshielded Averages in ENDF/B-        Yes (Histogram)     
 Unshielded Averages Listing---        Yes (Cross Sections)        
 ------------------------------------------------------------------------------
 Multi-Band Library Identification
 ------------------------------------------------------------------------------
                                                                         
 ------------------------------------------------------------------------------
 MAT/MF/MT Ranges
 ------------------------------------------------------------------------------
    Minimum       Maximum
    MAT MF  MT    MAT MF  MT
 ------------------------------------------------------------------------------
      0  0   0   9999 99 999 (Default Option)
 ------------------------------------------------------------------------------
 ENDF/B Tape Label
 ------------------------------------------------------------------------------
  n-Y089.res.tendl.2021: Merger of MF1 and MF2                       99
 ------------------------------------------------------------------------------
 Isotope    MAT MF Fmt Kelvin      Total Elastic Capture Fission   Other
                                  Points  Points  Points  Points  Points
 ------------------------------------------------------------------------------
 ------------------------------------------------------------------------------
 Resonance Region for  39-Y -89 
 Resolved Resonance Region..... 1.00000E-5 to  301001.000 eV
 Unresolved Resonance Region... NONE
 ------------------------------------------------------------------------------
 39-Y -89  3925  3  6 293.160004   51281   50698  113598       0       0
 ------------------------------------------------------------------------------
                         Totals    51281   50698  113598       0       0
 ------------------------------------------------------------------------------
 Summary of Multi-Band Results
 ------------------------------------------------------------------------------
 No Self-Shielding (Conserve 1 Moment)..........        497
 Little Self-Shielding (Conserve 2 Moments).....        118
 General Self-Shielding (Conserve 3 Moments)....         78
 Strict Convergence.............................          6
 Not Strict Convergence.........................          1
 Soft Convergence...............................          0
 Very Soft Convergence..........................          0
 No Convergence.................................          0
 Sum............................................        700
 Check (Evaluations x Groups)...................        700
 ------------------------------------------------------------------------------
 Other Points = Points Other Than Total, Elastic, Capture or Fission.
 This Will Always be Zero Unless Unshielded Output is Requested.
 ------------------------------------------------------------------------------

 Execution time:  0 hours  0 minutes 11.31 seconds 

 The TALYS team congratulates you with this successful calculation.
