
 Calculation for multi-isotope case

  Isotope Abundance

   54Fe   0.058450
   56Fe   0.917540
   57Fe   0.021190
   58Fe   0.002820

    TALYS-2.0 (Version: December 29, 2023)

 Copyright (C) 2023  A.J. Koning, S. Hilaire and S. Goriely

 Dimensions - Cross sections: mb, Energies: MeV, Angles: degrees

 ########## USER INPUT ##########

 USER INPUT FILE

 #
 # p-fe000-rp
 #
 # general
 #
 projectile p
 element fe
 mass 0
 energy energies
 #
 # output
 #
 fileresidual     y

 USER INPUT FILE + DEFAULTS

 Keyword           Value   Variable     Explanation

 #
 # Four main keywords
 #
 projectile          p     ptype0       type of incident particle
 element            Fe     Starget      symbol of target nucleus
 mass               54     mass         mass number of target nucleus
 energy energies           energyfile   file with incident energies
 #
 # Basic physical and numerical parameters
 #
 ejectiles g n p d t h a   outtype      outgoing particles
 maxz               12     maxZ         maximal number of protons from the initial compound nucleus
 maxn               25     maxN         maximal number of neutrons from the initial compound nucleus
 bins               40     nbins        number of continuum excitation energy bins
 equidistant         y     flagequi     flag to use equidistant excitation bins instead of logarithmic bins
 equispec            n     flagequispec flag to use equidistant bins for emission spectra
 popmev              n     flagpopmev   flag to use initial population per MeV instead of histograms
 segment             1     segment      number of segments to divide emission energy grid
 maxlevelstar       30     nlevmax      maximum number of included discrete levels for target
 maxlevelsres       10     nlevmaxres   maximum number of included discrete levels for residual nucleus
 maxlevelsbin g     10     nlevbin      maximum number of included discrete levels for gamma    channel
 maxlevelsbin n     10     nlevbin      maximum number of included discrete levels for neutron  channel
 maxlevelsbin p     30     nlevbin      maximum number of included discrete levels for proton   channel
 maxlevelsbin d      5     nlevbin      maximum number of included discrete levels for deuteron channel
 maxlevelsbin t      5     nlevbin      maximum number of included discrete levels for triton   channel
 maxlevelsbin h      5     nlevbin      maximum number of included discrete levels for helium-3 channel
 maxlevelsbin a     10     nlevbin      maximum number of included discrete levels for alpha    channel
 ltarget             0     ltarget      excited level of target
 isomer           1.00E+00 isomer       definition of isomer in seconds
 transpower          5     transpower   power for transmission coefficient limit
 transeps         1.00E-08 transeps     limit for transmission coefficient
 xseps            1.00E-07 xseps        limit for cross sections
 popeps           1.00E-03 popeps       limit for population cross section per nucleus
 Rfiseps          1.00E-03 Rfiseps      ratio for limit for fission cross section per nucleus
 elow             1.00E-06 elow         minimal incident energy for nuclear model calculations
 angles             90     nangle       number of angles
 anglescont         18     nanglecont   number of angles for continuum
 anglesrec           1     nanglerec    number of recoil angles
 maxenrec           20     maxenrec     number of recoil energies
 channels            n     flagchannels flag for exclusive channels calculation
 maxchannel          4     maxchannel   maximal number of outgoing particles in individual channel description
 micro               n     flagmicro    flag for completely microscopic Talys calculation
 best                n     flagbest     flag to use best set of adjusted parameters
 bestbranch          y     flagbestbr   flag to use flag to use only best set of branching ratios
 bestend             n     flagbestend  flag to put best set of parameters at end of input file
 relativistic        y     flagrel      flag for relativistic kinematics
 recoil              n     flagrecoil   flag for calculation of recoils
 labddx              n     flaglabddx   flag for calculation of DDX in LAB system
 recoilaverage       n     flagrecoilav flag for average velocity in recoil calculation
 channelenergy       n     flagEchannel flag for channel energy for emission spectrum
 reaction            y     flagreaction flag for calculation of nuclear reactions
 fit                 n     flagfit      flag to use automatically fitted parameters
 ngfit               n     flagngfit    flag for using fitted (n,g) nuclear model parameters
 nffit               n     flagnffit    flag for using fitted (n,f) nuclear model parameters
 nnfit               n     flagnnfit    flag for using fitted (n,n), (n,2n) and (n,p) nuclear model parameters
 nafit               n     flagnafit    flag for using fitted (n,a) nuclear model parameters
 pnfit               n     flagpnfit    flag for using fitted (p,n) nuclear model parameters
 dnfit               n     flagdnfit    flag for using fitted (d,n) nuclear model parameters
 gnfit               n     flaggnfit    flag for using fitted (g,n) nuclear model parameters
 anfit               n     flaganfit    flag for using fitted (a,n) nuclear model parameters
 gamgamfit           n    flaggamgamfit flag for using fitted Gamma_gamma nuclear model parameters
 macsfit             n     flagmacsfit  flag for using fitted MACS nuclear model parameters
 astro               n     flagastro    flag for calculation of astrophysics reaction rate
 astrogs             n     flagastrogs  flag for calculation of astrophysics reaction rate with target in ground state only
 astroex             n     flagastroex  flag for calculation of astrophysics reaction rate to long-lived excited states
 nonthermlev        -1     nonthermlev  excited level non-thermalized in the calculation of astrophysics rate
 massmodel           2     massmodel    model for theoretical nuclear mass
 expmass             y     flagexpmass  flag for using experimental nuclear mass if available
 disctable           1     disctable    table with discrete levels
 production          n     flagprod     flag for isotope production
 outfy               n     flagoutfy    flag for output detailed fission yield calculation
 gefran          50000     gefran       number of random events for GEF calculation
 Estop            1000.000 Estop        incident energy above which TALYS stops
 rpevap              n     flagrpevap   flag for evaporation of residual products at high incident energies
 maxZrp             12     maxZrp       maximal number of protons from the initial compound nucleus before residual evaporation
 maxNrp             32     maxNrp       maximal number of neutrons from the initial compound nucleus before residual evaporation
 user      Arjan Koning    user         user for this calculation
 source    TALYS-2.0       source       source for this calculation
 format    YANDF-0.1       oformat      format for output
 #
 # Optical model
 #
 localomp            y     flaglocalomp flag for local (y) or global (n) optical model
 dispersion          n     flagdisp     flag for dispersive optical model
 jlmomp              n     flagjlm      flag for using semi-microscopic JLM OMP
 riplomp             n     flagriplomp  flag for RIPL OMP
 riplrisk            n     flagriplrisk flag for going outside RIPL mass validity range
 optmodall           n     flagompall   flag for new optical model calculation for all residual nuclei
 incadjust           y     flagincadj   flag for OMP adjustment on incident channel also
 omponly             n     flagomponly  flag to execute ONLY an optical model calculation
 autorot             n     flagautorot  flag for automatic rotational coupled channels calculations for A > 150
 spherical           n     flagspher    flag to force spherical optical model
 soukho              y     flagsoukho   flag for Soukhovitskii OMP for actinides
 coulomb             y     flagcoulomb  flag for Coulomb excitation calculation with ECIS
 statepot            n     flagstate    flag for optical model potential for each excited state
 maxband             0     maxband      highest vibrational band added to rotational model
 maxrot              2     maxrot       number of included excited rotational levels
 sysreaction               sysreaction  particles with reaction cross section from systematics
 rotational                rotational   particles with possible rotational optical model
 core               -1     core         even-even core for weakcoupling (-1 or 1)
 ecissave            n     flagecissave flag for saving ECIS input and output files
 eciscalc            y     flageciscalc flag for new ECIS calculation for outgoing particles and energy grid
 inccalc             y     flaginccalc  flag for new ECIS calculation for incident channel
 endfecis            y     flagendfecis flag for new ECIS calculation for ENDF-6 files
 radialmodel         2     radialmodel  model for radial matter densities (JLM OMP only)
 jlmmode             0     jlmmode      option for JLM imaginary potential normalization
 alphaomp            6     alphaomp     alpha OMP (1=normal, 2= McFadden-Satchler, 3-5= folding potential, 6,8= Avrigeanu, 7=Nolte)
 deuteronomp         4     deuteronomp  deuteron OMP (1=normal, 2=Daehnick, 3=Bojowald, 4=Han-Shi-Shen, 5=An-Cai)
 #
 # Compound nucleus
 #
 widthfluc           8.853 ewfc         off-set incident energy for width fluctuation calculation
 widthmode           2     wmode        designator for width fluctuation model
 WFCfactor           1     WFCfactor    enhancement factor for WFC: 1: Original, 2: Ernebjerg and Herman
 compound            y     flagcomp     flag for compound nucleus model
 fullhf              n     flagfullhf   flag for full spin dependence of transmission coefficients
 eciscompound        n     flageciscomp flag for compound nucleus calculation by ECIS
 cpang               n     flagcpang    flag for compound angular distribution calculation for incident charged particles
 urr                 n     flagurr      flag for URR calculation
 urrnjoy             n     flagurrnjoy  flag for normalization of URR parameters with NJOY method
 lurr                2     lurr         maximal orbital angular momentum for URR
 #
 # Gamma emission
 #
 gammax              2     gammax       number of l-values for gamma multipolarity
 strength            9     strength     model for E1 gamma-ray strength function
 strengthM1          3     strengthM1   model for M1 gamma-ray strength function
 electronconv        y     flagelectron flag for application of electron conversion coefficient
 racap               n     flagracap    flag for radiative capture model
 ldmodelracap        3     ldmodelracap level density model for direct radiative capture
 upbend              y     flagupbend   flag for low-energy upbend of photon strength function
 psfglobal           n    flagpsfglobal flag for global photon strength functions only
 gnorm               n     flaggnorm    flag to normalize PSF to average radiative width
 #
 # Pre-equilibrium
 #
 preequilibrium      4.048 epreeq       on-set incident energy for preequilibrium calculation
 preeqmode           2     preeqmode    designator for pre-equilibrium model
 multipreeq         20.000 emulpre      on-set incident energy for multiple preequilibrium
 mpreeqmode          2     mpreeqmode   designator for multiple pre-equilibrium model
 breakupmodel        1     breakupmodel model for break-up reaction: 1. Kalbach 2. Avrigeanu
 phmodel             1     phmodel      particle-hole state density model
 pairmodel           2     pairmodel    designator for pre-equilibrium pairing model
 preeqspin           2     pespinmodel  model for pre-equilibrium spin distribution
 giantresonance      y     flaggiant    flag for collective contribution from giant resonances
 preeqsurface        y     flagsurface  flag for surface effects in exciton model
 preeqcomplex        y     flagpecomp   flag for Kalbach complex particle emission model
 twocomponent        y     flag2comp    flag for two-component pre-equilibrium model
 ecisdwba            y     flagecisdwba flag for new ECIS calculation for DWBA for MSD
 onestep             n     flagonestep  flag for continuum one-step direct only
 #
 # Level densities
 #
 ldmodel             1     ldmodelall   level density model
 ldmodelCN           1     ldmodelCN    level density model for compound nucleus
 shellmodel          1     shellmodel   model for shell correction energies
 kvibmodel           2     kvibmodel    model for vibrational enhancement
 spincutmodel        1     spincutmodel model for spin cutoff factor for ground state
 asys                n     flagasys     flag for all level density parameters a from systematics
 parity              n     flagparity   flag for non-equal parity distribution
 colenhance          n     flagcolall   flag for collective enhancement of level density for all nuclides
 ctmglobal           n     flagctmglob  flag for global CTM model (no discrete level info)
 gshell              n     flaggshell   flag for energy dependence of single particle level density parameter g
 colldamp            n     flagcolldamp flag for damping of collective effects in effective level density
 #
 # Fission
 #
 fission             n     flagfission  flag for fission
 fismodel            3     fismodel     fission model
 fismodelalt         3     fismodelalt  alternative fission model for default barriers
 hbstate             n     flaghbstate  flag for head band states in fission
 class2              n     flagclass2   flag for class2 states in fission
 fispartdamp         n  flagfispartdamp flag for fission partial damping
 massdis             n     flagmassdis  flag for calculation of fission fragment mass yields
 ffevaporation       y     flagffevap   flag for calculation of particle evaporation from fission fragment mass yields
 fisfeed             n     flagfisfeed  flag for output of fission per excitation bin
 fymodel             2     fymodel      fission yield model, 1: Brosa 2: GEF
 ffmodel             1     ffmodel      fission fragment model, 1: GEF 2: HF3D (Okumura) 3: SPY 4: Langevin-4D 0: own files
 pfnsmodel           1     pfnsmodel    PFNS model, 1: Iwamoto 2: from FF decay
 ffspin              n     flagffspin   flag to use spin distribution in initial FF population
 #
 # Output
 #
 outmain             y     flagmain     flag for main output
 outbasic            n     flagbasic    flag for output of basic information and results
 outall              n     flagoutall   flag for output of all data in main output file
 outpopulation       n     flagpop      flag for output of population
 outcheck            n     flagcheck    flag for output of numerical checks
 outlevels           n     flaglevels   flag for output of discrete level information
 outdensity          n     flagdensity  flag for output of level densities
 outomp              n     flagoutomp   flag for output of optical model parameters
 outkd               n     flagoutkd    flag for output of KD03 OMP parameters
 outdirect           n     flagdirect   flag for output of direct reaction results
 outinverse          n     flaginverse  flag for output of transmission coefficients and inverse reaction cross sections
 outdecay            n     flagdecay    flag for output of decay of each population bin
 outtransenergy      y     flagtransen  flag for output of transmission coefficients per energy
 outecis             n     flagoutecis  flag for output of ECIS results
 outgamma            n     flaggamma    flag for output of gamma-ray information
 outpreequilibrium   n     flagpeout    flag for output of pre-equilibrium results 
 outfission          n     flagfisout   flag for output of fission information
 outdiscrete         n     flagdisc     flag for output of discrete state cross sections
 outspectra          n     flagspec     flag for output of double-differential cross sections
 outbinspectra       n     flagbinspec  flag for output of emission spectrum per excitation bin
 resonance           n     flagres      flag for output of low energy resonance cross sections
 group               n     flaggroup    flag for output of low energy groupwise cross sections
 adddiscrete         y     flagadd      flag for addition of discrete states to spectra
 addelastic          y     flagaddel    flag for addition of elastic peak to spectra
 outangle            n     flagang      flag for output of angular distributions
 outlegendre         n     flaglegendre flag for output of Legendre coefficients
 ddxmode             0     ddxmode      mode for double-differential cross sections
 outdwba             n     flagoutdwba  flag for output of DWBA cross sections for MSD
 outgamdis           n     flaggamdis   flag for output of discrete gamma-ray intensities
 outexcitation       y     flagexc      flag for output of excitation functions
 components          n     flagcompo    flag for output of cross section components
 endf                n     flagendf     flag for information for ENDF-6 file
 endfdetail          n     flagendfdet  flag for detailed ENDF-6 information per channel
 sacs                n     flagsacs     flag for statistical analysis of cross sections
 partable            n     flagpartable flag for output of model parameters on separate file
 block               n     flagblock    flag to block spectra, angle and gamma files

 ########## BASIC REACTION PARAMETERS ##########

 Projectile           : proton      Mass in a.m.u.      :   1.007276
 Target               : Fe54        Mass in a.m.u.      :  53.939608

 Included channels:
                     gamma   
                     neutron 
                     proton  
                     deuteron
                     triton  
                     helium-3
                     alpha   

    24 incident energies (LAB):

      1.000
      2.000
      3.000
      4.000
      5.000
      6.000
      8.000
     10.000
     12.000
     14.000
     16.000
     18.000
     20.000
     25.000
     30.000
     35.000
     40.000
     45.000
     50.000
     60.000
     70.000
     80.000
     90.000
    100.000

 Q-values for binary reactions:

 Q(p,g):  5.06435
 Q(p,n): -9.02690
 Q(p,p):  0.00000
 Q(p,d):-11.15388
 Q(p,t):-15.58335
 Q(p,h):-13.18546
 Q(p,a): -3.14733

 ########## RESULTS FOR E=   1.00000 ##########

 Energy dependent input flags

 Width fluctuations (flagwidth)            : y
 Unresolved resonance parameters (flagurr) : n
 Preequilibrium (flagpreeq)                : n
 Multiple preequilibrium (flagmulpre)      : n
 Number of continuum excitation energy bins: 40

 ########### REACTION SUMMARY FOR E=   1.00000 ###########

 Center-of-mass energy:    0.982

 1. Total (binary) cross sections

   Reaction        = 2.75694E-03
     Compound elastic= 1.41396E-03
     Non-elastic     = 1.34298E-03
       Direct          = 0.00000E+00
       Pre-equilibrium = 0.00000E+00
       Compound non-el = 1.34298E-03

 2. Binary non-elastic cross sections (non-exclusive)

 gamma   = 1.34298E-03
 neutron = 0.00000E+00
 proton  = 0.00000E+00
 deuteron= 0.00000E+00
 triton  = 0.00000E+00
 helium-3= 0.00000E+00
 alpha   = 0.00000E+00

 3. Total particle production cross sections

 gamma   = 1.93409E-03    Multiplicity= 1.44015E+00
 neutron = 0.00000E+00    Multiplicity= 0.00000E+00
 proton  = 0.00000E+00    Multiplicity= 0.00000E+00
 deuteron= 0.00000E+00    Multiplicity= 0.00000E+00
 triton  = 0.00000E+00    Multiplicity= 0.00000E+00
 helium-3= 0.00000E+00    Multiplicity= 0.00000E+00
 alpha   = 0.00000E+00    Multiplicity= 0.00000E+00

 4. Residual production cross sections

   a. Per isotope

   Z   A  nuclide    total     level   isomeric    isomeric    lifetime
                 cross section       cross section  ratio

   27  55 ( 55Co) 1.33016E-03    0    1.33016E-03  1.00000

   b. Per mass

   A  cross section

   55 1.33016E-03

 Total residual production cross section:     0.0013302
 Non-elastic cross section              :     0.0013430

 ########## RESULTS FOR E=   2.00000 ##########

 Energy dependent input flags

 Width fluctuations (flagwidth)            : y
 Unresolved resonance parameters (flagurr) : n
 Preequilibrium (flagpreeq)                : n
 Multiple preequilibrium (flagmulpre)      : n
 Number of continuum excitation energy bins: 40

 ########### REACTION SUMMARY FOR E=   2.00000 ###########

 Center-of-mass energy:    1.963

 1. Total (binary) cross sections

   Reaction        = 2.00993E+00
     Compound elastic= 1.96379E+00
     Non-elastic     = 4.61426E-02
       Direct          = 2.80116E-11
       Pre-equilibrium = 0.00000E+00
       Compound non-el = 4.61426E-02

 2. Binary non-elastic cross sections (non-exclusive)

 gamma   = 4.61426E-02
 neutron = 0.00000E+00
 proton  = 2.80116E-11
 deuteron= 0.00000E+00
 triton  = 0.00000E+00
 helium-3= 0.00000E+00
 alpha   = 0.00000E+00

 3. Total particle production cross sections

 gamma   = 7.01544E-02    Multiplicity= 1.52038E+00
 neutron = 0.00000E+00    Multiplicity= 0.00000E+00
 proton  = 1.09598E-04    Multiplicity= 2.37519E-03
 deuteron= 0.00000E+00    Multiplicity= 0.00000E+00
 triton  = 0.00000E+00    Multiplicity= 0.00000E+00
 helium-3= 0.00000E+00    Multiplicity= 0.00000E+00
 alpha   = 0.00000E+00    Multiplicity= 0.00000E+00

 4. Residual production cross sections

   a. Per isotope

   Z   A  nuclide    total     level   isomeric    isomeric    lifetime
                 cross section       cross section  ratio

   27  55 ( 55Co) 4.60309E-02    0    4.60309E-02  1.00000

   b. Per mass

   A  cross section

   55 4.60309E-02

 Total residual production cross section:     0.0460309
 Non-elastic cross section              :     0.0461426

 ########## RESULTS FOR E=   3.00000 ##########

 Energy dependent input flags

 Width fluctuations (flagwidth)            : y
 Unresolved resonance parameters (flagurr) : n
 Preequilibrium (flagpreeq)                : n
 Multiple preequilibrium (flagmulpre)      : n
 Number of continuum excitation energy bins: 40

 ########### REACTION SUMMARY FOR E=   3.00000 ###########

 Center-of-mass energy:    2.945

 1. Total (binary) cross sections

   Reaction        = 3.09259E+01
     Compound elastic= 3.03521E+01
     Non-elastic     = 5.73761E-01
       Direct          = 2.13210E-04
       Pre-equilibrium = 0.00000E+00
       Compound non-el = 5.73547E-01

 2. Binary non-elastic cross sections (non-exclusive)

 gamma   = 1.42070E-01
 neutron = 0.00000E+00
 proton  = 4.31699E-01
 deuteron= 0.00000E+00
 triton  = 0.00000E+00
 helium-3= 0.00000E+00
 alpha   = 0.00000E+00

 3. Total particle production cross sections

 gamma   = 2.20293E-01    Multiplicity= 3.83945E-01
 neutron = 0.00000E+00    Multiplicity= 0.00000E+00
 proton  = 4.33784E-01    Multiplicity= 7.56035E-01
 deuteron= 0.00000E+00    Multiplicity= 0.00000E+00
 triton  = 0.00000E+00    Multiplicity= 0.00000E+00
 helium-3= 0.00000E+00    Multiplicity= 0.00000E+00
 alpha   = 0.00000E+00    Multiplicity= 0.00000E+00

 4. Residual production cross sections

   a. Per isotope

   Z   A  nuclide    total     level   isomeric    isomeric    lifetime
                 cross section       cross section  ratio

   27  55 ( 55Co) 1.39984E-01    0    1.39984E-01  1.00000
   26  54 ( 54Fe) 4.33784E-01    0    4.33784E-01  1.00000

   b. Per mass

   A  cross section

   55 1.39984E-01
   54 4.33784E-01

 Total residual production cross section:     0.5737678
 Non-elastic cross section              :     0.5737610

 ########## RESULTS FOR E=   4.00000 ##########

 Energy dependent input flags

 Width fluctuations (flagwidth)            : y
 Unresolved resonance parameters (flagurr) : n
 Preequilibrium (flagpreeq)                : n
 Multiple preequilibrium (flagmulpre)      : n
 Number of continuum excitation energy bins: 40

 ########### REACTION SUMMARY FOR E=   4.00000 ###########

 Center-of-mass energy:    3.927

 1. Total (binary) cross sections

   Reaction        = 1.35293E+02
     Compound elastic= 1.22712E+02
     Non-elastic     = 1.25814E+01
       Direct          = 5.87513E-02
       Pre-equilibrium = 0.00000E+00
       Compound non-el = 1.25226E+01

 2. Binary non-elastic cross sections (non-exclusive)

 gamma   = 2.08834E-01
 neutron = 0.00000E+00
 proton  = 1.23726E+01
 deuteron= 0.00000E+00
 triton  = 0.00000E+00
 helium-3= 0.00000E+00
 alpha   = 0.00000E+00

 3. Total particle production cross sections

 gamma   = 3.34127E-01    Multiplicity= 2.65572E-02
 neutron = 0.00000E+00    Multiplicity= 0.00000E+00
 proton  = 1.23810E+01    Multiplicity= 9.84072E-01
 deuteron= 0.00000E+00    Multiplicity= 0.00000E+00
 triton  = 0.00000E+00    Multiplicity= 0.00000E+00
 helium-3= 0.00000E+00    Multiplicity= 0.00000E+00
 alpha   = 0.00000E+00    Multiplicity= 0.00000E+00

 4. Residual production cross sections

   a. Per isotope

   Z   A  nuclide    total     level   isomeric    isomeric    lifetime
                 cross section       cross section  ratio

   27  55 ( 55Co) 2.00400E-01    0    2.00400E-01  1.00000
   26  54 ( 54Fe) 1.23810E+01    0    1.23810E+01  1.00000

   b. Per mass

   A  cross section

   55 2.00400E-01
   54 1.23810E+01

 Total residual production cross section:    12.5813875
 Non-elastic cross section              :    12.5813828

 ########## RESULTS FOR E=   5.00000 ##########

 Energy dependent input flags

 Width fluctuations (flagwidth)            : y
 Unresolved resonance parameters (flagurr) : n
 Preequilibrium (flagpreeq)                : y
 Multiple preequilibrium (flagmulpre)      : n
 Number of continuum excitation energy bins: 40

 ########### REACTION SUMMARY FOR E=   5.00000 ###########

 Center-of-mass energy:    4.908

 1. Total (binary) cross sections

   Reaction        = 3.07625E+02
     Compound elastic= 2.34890E+02
     Non-elastic     = 7.27354E+01
       Direct          = 1.19289E+00
       Pre-equilibrium = 1.95612E-03
       Giant resonance = 6.41502E-09
       Compound non-el = 7.15405E+01

 2. Binary non-elastic cross sections (non-exclusive)

 gamma   = 2.71503E-01
 neutron = 0.00000E+00
 proton  = 7.24640E+01
 deuteron= 0.00000E+00
 triton  = 0.00000E+00
 helium-3= 0.00000E+00
 alpha   = 0.00000E+00

 3. Total particle production cross sections

 gamma   = 4.40785E-01    Multiplicity= 6.06012E-03
 neutron = 0.00000E+00    Multiplicity= 0.00000E+00
 proton  = 7.24878E+01    Multiplicity= 9.96596E-01
 deuteron= 0.00000E+00    Multiplicity= 0.00000E+00
 triton  = 0.00000E+00    Multiplicity= 0.00000E+00
 helium-3= 0.00000E+00    Multiplicity= 0.00000E+00
 alpha   = 0.00000E+00    Multiplicity= 0.00000E+00

 4. Residual production cross sections

   a. Per isotope

   Z   A  nuclide    total     level   isomeric    isomeric    lifetime
                 cross section       cross section  ratio

   27  55 ( 55Co) 2.47641E-01    0    2.47641E-01  1.00000
   26  54 ( 54Fe) 7.24878E+01    0    7.24878E+01  1.00000

   b. Per mass

   A  cross section

   55 2.47641E-01
   54 7.24878E+01

 Total residual production cross section:    72.7354813
 Non-elastic cross section              :    72.7353973

 ########## RESULTS FOR E=   6.00000 ##########

 Energy dependent input flags

 Width fluctuations (flagwidth)            : y
 Unresolved resonance parameters (flagurr) : n
 Preequilibrium (flagpreeq)                : y
 Multiple preequilibrium (flagmulpre)      : n
 Number of continuum excitation energy bins: 40

 ########### REACTION SUMMARY FOR E=   6.00000 ###########

 Center-of-mass energy:    5.890

 1. Total (binary) cross sections

   Reaction        = 4.87949E+02
     Compound elastic= 2.64156E+02
     Non-elastic     = 2.23793E+02
       Direct          = 6.27447E+00
       Pre-equilibrium = 1.28759E-02
       Giant resonance = 4.00842E-04
       Compound non-el = 2.17505E+02

 2. Binary non-elastic cross sections (non-exclusive)

 gamma   = 3.34569E-01
 neutron = 0.00000E+00
 proton  = 2.23459E+02
 deuteron= 0.00000E+00
 triton  = 0.00000E+00
 helium-3= 0.00000E+00
 alpha   = 4.76441E-44

 3. Total particle production cross sections

 gamma   = 1.20210E+00    Multiplicity= 5.37148E-03
 neutron = 0.00000E+00    Multiplicity= 0.00000E+00
 proton  = 2.23505E+02    Multiplicity= 9.98714E-01
 deuteron= 0.00000E+00    Multiplicity= 0.00000E+00
 triton  = 0.00000E+00    Multiplicity= 0.00000E+00
 helium-3= 0.00000E+00    Multiplicity= 0.00000E+00
 alpha   = 4.76441E-44    Multiplicity= 0.00000E+00

 4. Residual production cross sections

   a. Per isotope

   Z   A  nuclide    total     level   isomeric    isomeric    lifetime
                 cross section       cross section  ratio

   27  55 ( 55Co) 2.88499E-01    0    2.88499E-01  1.00000
   26  54 ( 54Fe) 2.23505E+02    0    2.23505E+02  1.00000

   b. Per mass

   A  cross section

   55 2.88499E-01
   54 2.23505E+02

 Total residual production cross section:   223.7934418
 Non-elastic cross section              :   223.7926636

 ########## RESULTS FOR E=   8.00000 ##########

 Energy dependent input flags

 Width fluctuations (flagwidth)            : y
 Unresolved resonance parameters (flagurr) : n
 Preequilibrium (flagpreeq)                : y
 Multiple preequilibrium (flagmulpre)      : n
 Number of continuum excitation energy bins: 40

 ########### REACTION SUMMARY FOR E=   8.00000 ###########

 Center-of-mass energy:    7.853

 1. Total (binary) cross sections

   Reaction        = 6.95247E+02
     Compound elastic= 1.13506E+02
     Non-elastic     = 5.81741E+02
       Direct          = 2.21645E+01
       Pre-equilibrium = 2.42079E+00
       Giant resonance = 2.65867E-01
       Compound non-el = 5.56890E+02

 2. Binary non-elastic cross sections (non-exclusive)

 gamma   = 3.92692E-01
 neutron = 0.00000E+00
 proton  = 5.81328E+02
 deuteron= 0.00000E+00
 triton  = 0.00000E+00
 helium-3= 0.00000E+00
 alpha   = 2.26620E-02

 3. Total particle production cross sections

 gamma   = 1.09526E+02    Multiplicity= 1.88272E-01
 neutron = 0.00000E+00    Multiplicity= 0.00000E+00
 proton  = 5.81420E+02    Multiplicity= 9.99448E-01
 deuteron= 0.00000E+00    Multiplicity= 0.00000E+00
 triton  = 0.00000E+00    Multiplicity= 0.00000E+00
 helium-3= 0.00000E+00    Multiplicity= 0.00000E+00
 alpha   = 2.26620E-02    Multiplicity= 3.89555E-05

 4. Residual production cross sections

   a. Per isotope

   Z   A  nuclide    total     level   isomeric    isomeric    lifetime
                 cross section       cross section  ratio

   27  55 ( 55Co) 3.00492E-01    0    3.00492E-01  1.00000
   26  54 ( 54Fe) 5.81435E+02    0    5.81435E+02  1.00000
   25  51 ( 51Mn) 2.26620E-02    0    2.26620E-02  1.00000

   b. Per mass

   A  cross section

   55 3.00492E-01
   54 5.81435E+02
   51 2.26620E-02

 Total residual production cross section:   581.7584229
 Non-elastic cross section              :   581.7410278

 ########## RESULTS FOR E=  10.00000 ##########

 Energy dependent input flags

 Width fluctuations (flagwidth)            : n
 Unresolved resonance parameters (flagurr) : n
 Preequilibrium (flagpreeq)                : y
 Multiple preequilibrium (flagmulpre)      : n
 Number of continuum excitation energy bins: 40

 ########### REACTION SUMMARY FOR E=  10.00000 ###########

 Center-of-mass energy:    9.816

 1. Total (binary) cross sections

   Reaction        = 7.93147E+02
     Compound elastic= 1.54203E+01
     Non-elastic     = 7.77727E+02
       Direct          = 2.92626E+01
       Pre-equilibrium = 1.86414E+01
       Giant resonance = 2.34797E+00
       Compound non-el = 7.27475E+02

 2. Binary non-elastic cross sections (non-exclusive)

 gamma   = 4.48641E-01
 neutron = 5.91441E+00
 proton  = 7.69322E+02
 deuteron= 0.00000E+00
 triton  = 0.00000E+00
 helium-3= 0.00000E+00
 alpha   = 2.04112E+00

 3. Total particle production cross sections

 gamma   = 4.65005E+02    Multiplicity= 5.97902E-01
 neutron = 5.91441E+00    Multiplicity= 7.60474E-03
 proton  = 7.69460E+02    Multiplicity= 9.89371E-01
 deuteron= 0.00000E+00    Multiplicity= 0.00000E+00
 triton  = 0.00000E+00    Multiplicity= 0.00000E+00
 helium-3= 0.00000E+00    Multiplicity= 0.00000E+00
 alpha   = 2.04112E+00    Multiplicity= 2.62447E-03

 4. Residual production cross sections

   a. Per isotope

   Z   A  nuclide    total     level   isomeric    isomeric    lifetime
                 cross section       cross section  ratio

   27  55 ( 55Co) 3.10901E-01    0    3.10901E-01  1.00000
   27  54 ( 54Co) 5.91441E+00    0    5.49226E+00  0.92862
                                 1    4.22152E-01  0.07138   8.88000E+01 sec. 
   26  54 ( 54Fe) 7.69578E+02    0    7.69578E+02  1.00000
   25  51 ( 51Mn) 2.04112E+00    0    2.04112E+00  1.00000

   b. Per mass

   A  cross section

   55 3.10901E-01
   54 7.75492E+02
   51 2.04112E+00

 Total residual production cross section:   777.8441162
 Non-elastic cross section              :   777.7266235

 ########## RESULTS FOR E=  12.00000 ##########

 Energy dependent input flags

 Width fluctuations (flagwidth)            : n
 Unresolved resonance parameters (flagurr) : n
 Preequilibrium (flagpreeq)                : y
 Multiple preequilibrium (flagmulpre)      : n
 Number of continuum excitation energy bins: 40

 ########### REACTION SUMMARY FOR E=  12.00000 ###########

 Center-of-mass energy:   11.779

 1. Total (binary) cross sections

   Reaction        = 8.78074E+02
     Compound elastic= 4.01993E+00
     Non-elastic     = 8.74054E+02
       Direct          = 3.38820E+01
       Pre-equilibrium = 4.64426E+01
       Giant resonance = 6.06755E+00
       Compound non-el = 7.87662E+02

 2. Binary non-elastic cross sections (non-exclusive)

 gamma   = 6.09700E-01
 neutron = 5.12674E+01
 proton  = 8.09726E+02
 deuteron= 5.41389E-13
 triton  = 0.00000E+00
 helium-3= 0.00000E+00
 alpha   = 1.24510E+01

 3. Total particle production cross sections

 gamma   = 7.94172E+02    Multiplicity= 9.08608E-01
 neutron = 5.12675E+01    Multiplicity= 5.86549E-02
 proton  = 8.09976E+02    Multiplicity= 9.26688E-01
 deuteron= 5.41389E-13    Multiplicity= 6.19400E-16
 triton  = 0.00000E+00    Multiplicity= 0.00000E+00
 helium-3= 0.00000E+00    Multiplicity= 0.00000E+00
 alpha   = 1.24510E+01    Multiplicity= 1.42452E-02

 4. Residual production cross sections

   a. Per isotope

   Z   A  nuclide    total     level   isomeric    isomeric    lifetime
                 cross section       cross section  ratio

   27  55 ( 55Co) 4.19502E-01    0    4.19502E-01  1.00000
   27  54 ( 54Co) 5.12706E+01    0    4.29096E+01  0.83693
                                 1    8.36093E+00  0.16307   8.88000E+01 sec. 
   26  54 ( 54Fe) 8.10138E+02    0    8.10138E+02  1.00000
   25  53 ( 53Mn) 5.90707E-02    0    5.90707E-02  1.00000
   25  51 ( 51Mn) 1.24511E+01    0    1.24511E+01  1.00000

   b. Per mass

   A  cross section

   55 4.19502E-01
   54 8.61408E+02
   53 5.90707E-02
   51 1.24511E+01

 Total residual production cross section:   874.3378296
 Non-elastic cross section              :   874.0540771

 ########## RESULTS FOR E=  14.00000 ##########

 Energy dependent input flags

 Width fluctuations (flagwidth)            : n
 Unresolved resonance parameters (flagurr) : n
 Preequilibrium (flagpreeq)                : y
 Multiple preequilibrium (flagmulpre)      : n
 Number of continuum excitation energy bins: 40

 ########### REACTION SUMMARY FOR E=  14.00000 ###########

 Center-of-mass energy:   13.742

 1. Total (binary) cross sections

   Reaction        = 9.39770E+02
     Compound elastic= 1.08322E+00
     Non-elastic     = 9.38687E+02
       Direct          = 3.71338E+01
       Pre-equilibrium = 8.28826E+01
       Giant resonance = 1.24213E+01
       Compound non-el = 8.06249E+02

 2. Binary non-elastic cross sections (non-exclusive)

 gamma   = 8.76666E-01
 neutron = 1.22595E+02
 proton  = 7.91161E+02
 deuteron= 2.75113E-02
 triton  = 0.00000E+00
 helium-3= 0.00000E+00
 alpha   = 2.40273E+01

 3. Total particle production cross sections

 gamma   = 1.06565E+03    Multiplicity= 1.13526E+00
 neutron = 1.22596E+02    Multiplicity= 1.30603E-01
 proton  = 8.16468E+02    Multiplicity= 8.69798E-01
 deuteron= 2.75113E-02    Multiplicity= 2.93082E-05
 triton  = 0.00000E+00    Multiplicity= 0.00000E+00
 helium-3= 0.00000E+00    Multiplicity= 0.00000E+00
 alpha   = 2.40275E+01    Multiplicity= 2.55969E-02

 4. Residual production cross sections

   a. Per isotope

   Z   A  nuclide    total     level   isomeric    isomeric    lifetime
                 cross section       cross section  ratio

   27  55 ( 55Co) 6.38560E-01    0    6.38560E-01  1.00000
   27  54 ( 54Co) 1.22637E+02    0    9.79477E+01  0.79868
                                 1    2.46892E+01  0.20132   8.88000E+01 sec. 
   26  54 ( 54Fe) 7.66783E+02    0    7.66783E+02  1.00000
   26  53 ( 53Fe) 2.77236E-02    0    2.77236E-02  1.00000
                                22    0.00000E+00  0.00000   1.52400E+02 sec. 
   25  53 ( 53Mn) 2.50687E+01    0    2.50687E+01  1.00000
   25  51 ( 51Mn) 2.40280E+01    0    2.40280E+01  1.00000

   b. Per mass

   A  cross section

   55 6.38560E-01
   54 8.89420E+02
   53 2.50964E+01
   51 2.40280E+01

 Total residual production cross section:   939.1828613
 Non-elastic cross section              :   938.6867676

 ########## RESULTS FOR E=  16.00000 ##########

 Energy dependent input flags

 Width fluctuations (flagwidth)            : n
 Unresolved resonance parameters (flagurr) : n
 Preequilibrium (flagpreeq)                : y
 Multiple preequilibrium (flagmulpre)      : n
 Number of continuum excitation energy bins: 40

 ########### REACTION SUMMARY FOR E=  16.00000 ###########

 Center-of-mass energy:   15.704

 1. Total (binary) cross sections

   Reaction        = 9.85964E+02
     Compound elastic= 3.12518E-01
     Non-elastic     = 9.85651E+02
       Direct          = 3.92313E+01
       Pre-equilibrium = 1.28775E+02
       Giant resonance = 1.79856E+01
       Compound non-el = 7.99659E+02

 2. Binary non-elastic cross sections (non-exclusive)

 gamma   = 1.17495E+00
 neutron = 1.50648E+02
 proton  = 8.00040E+02
 deuteron= 1.07825E+00
 triton  = 0.00000E+00
 helium-3= 1.07670E-14
 alpha   = 3.27097E+01

 3. Total particle production cross sections

 gamma   = 9.65923E+02    Multiplicity= 9.79984E-01
 neutron = 1.50968E+02    Multiplicity= 1.53166E-01
 proton  = 1.03905E+03    Multiplicity= 1.05418E+00
 deuteron= 1.07825E+00    Multiplicity= 1.09395E-03
 triton  = 0.00000E+00    Multiplicity= 0.00000E+00
 helium-3= 1.07670E-14    Multiplicity= 1.09238E-17
 alpha   = 3.27117E+01    Multiplicity= 3.31879E-02

 4. Residual production cross sections

   a. Per isotope

   Z   A  nuclide    total     level   isomeric    isomeric    lifetime
                 cross section       cross section  ratio

   27  55 ( 55Co) 8.64601E-01    0    8.64601E-01  1.00000
   27  54 ( 54Co) 1.21665E+02    0    9.33686E+01  0.76743
                                 1    2.82960E+01  0.23257   8.88000E+01 sec. 
   26  54 ( 54Fe) 5.91128E+02    0    5.91128E+02  1.00000
   26  53 ( 53Fe) 3.04817E+01    0    3.04805E+01  0.99996
                                22    1.19275E-03  0.00004   1.52400E+02 sec. 
   25  53 ( 53Mn) 2.09528E+02    0    2.09528E+02  1.00000
   25  51 ( 51Mn) 3.26259E+01    0    3.26259E+01  1.00000
   24  50 ( 50Cr) 8.94110E-02    0    8.94110E-02  1.00000

   b. Per mass

   A  cross section

   55 8.64601E-01
   54 7.12792E+02
   53 2.40010E+02
   51 3.26259E+01
   50 8.94110E-02

 Total residual production cross section:   986.3819580
 Non-elastic cross section              :   985.6514893

 ########## RESULTS FOR E=  18.00000 ##########

 Energy dependent input flags

 Width fluctuations (flagwidth)            : n
 Unresolved resonance parameters (flagurr) : n
 Preequilibrium (flagpreeq)                : y
 Multiple preequilibrium (flagmulpre)      : n
 Number of continuum excitation energy bins: 40

 ########### REACTION SUMMARY FOR E=  18.00000 ###########

 Center-of-mass energy:   17.667

 1. Total (binary) cross sections

   Reaction        = 1.01987E+03
     Compound elastic= 9.28020E-02
     Non-elastic     = 1.01978E+03
       Direct          = 4.12729E+01
       Pre-equilibrium = 1.81660E+02
       Giant resonance = 2.09534E+01
       Compound non-el = 7.75891E+02

 2. Binary non-elastic cross sections (non-exclusive)

 gamma   = 1.39052E+00
 neutron = 1.61934E+02
 proton  = 8.15556E+02
 deuteron= 3.36370E+00
 triton  = 1.62115E-05
 helium-3= 3.09670E-05
 alpha   = 3.75332E+01

 3. Total particle production cross sections

 gamma   = 6.14597E+02    Multiplicity= 6.02677E-01
 neutron = 1.83351E+02    Multiplicity= 1.79795E-01
 proton  = 1.34265E+03    Multiplicity= 1.31661E+00
 deuteron= 3.36371E+00    Multiplicity= 3.29848E-03
 triton  = 1.62115E-05    Multiplicity= 1.58971E-08
 helium-3= 3.09670E-05    Multiplicity= 3.03664E-08
 alpha   = 3.75947E+01    Multiplicity= 3.68656E-02

 4. Residual production cross sections

   a. Per isotope

   Z   A  nuclide    total     level   isomeric    isomeric    lifetime
                 cross section       cross section  ratio

   27  55 ( 55Co) 9.59248E-01    0    9.59248E-01  1.00000
   27  54 ( 54Co) 6.72750E+01    0    4.99716E+01  0.74280
                                 1    1.73034E+01  0.25720   8.88000E+01 sec. 
   26  54 ( 54Fe) 3.66334E+02    0    3.66334E+02  1.00000
   26  53 ( 53Fe) 1.19609E+02    0    1.19366E+02  0.99797
                                22    2.43167E-01  0.00203   1.52400E+02 sec. 
   25  53 ( 53Mn) 4.28958E+02    0    4.28958E+02  1.00000
   25  51 ( 51Mn) 3.46675E+01    0    3.46675E+01  1.00000
   24  50 ( 50Cr) 2.93643E+00    0    2.93643E+00  1.00000

   b. Per mass

   A  cross section

   55 9.59248E-01
   54 4.33609E+02
   53 5.48567E+02
   51 3.46675E+01
   50 2.93643E+00

 Total residual production cross section:  1020.7396851
 Non-elastic cross section              :  1019.7772217

 ########## RESULTS FOR E=  20.00000 ##########

 Energy dependent input flags

 Width fluctuations (flagwidth)            : n
 Unresolved resonance parameters (flagurr) : n
 Preequilibrium (flagpreeq)                : y
 Multiple preequilibrium (flagmulpre)      : y
 Number of continuum excitation energy bins: 40

 ########### REACTION SUMMARY FOR E=  20.00000 ###########

 Center-of-mass energy:   19.630

 1. Total (binary) cross sections

   Reaction        = 1.03613E+03
     Compound elastic= 2.68590E-02
     Non-elastic     = 1.03610E+03
       Direct          = 4.32333E+01
       Pre-equilibrium = 2.35585E+02
       Giant resonance = 2.25467E+01
       Compound non-el = 7.34738E+02

 2. Binary non-elastic cross sections (non-exclusive)

 gamma   = 1.46877E+00
 neutron = 1.65828E+02
 proton  = 8.21058E+02
 deuteron= 7.53852E+00
 triton  = 8.29884E-03
 helium-3= 4.72550E-03
 alpha   = 4.01970E+01

 3. Total particle production cross sections

 gamma   = 4.55407E+02    Multiplicity= 4.39538E-01
 neutron = 2.45182E+02    Multiplicity= 2.36639E-01
 proton  = 1.46984E+03    Multiplicity= 1.41863E+00
 deuteron= 7.53855E+00    Multiplicity= 7.27587E-03
 triton  = 8.29885E-03    Multiplicity= 8.00967E-06
 helium-3= 4.72551E-03    Multiplicity= 4.56084E-06
 alpha   = 4.08373E+01    Multiplicity= 3.94143E-02

 4. Residual production cross sections

   a. Per isotope

   Z   A  nuclide    total     level   isomeric    isomeric    lifetime
                 cross section       cross section  ratio

   27  55 ( 55Co) 8.52454E-01    0    8.52454E-01  1.00000
   27  54 ( 54Co) 3.95309E+01    0    2.91895E+01  0.73840
                                 1    1.03414E+01  0.26160   8.88000E+01 sec. 
   26  54 ( 54Fe) 2.35597E+02    0    2.35597E+02  1.00000
   26  53 ( 53Fe) 2.13430E+02    0    2.11746E+02  0.99211
                                22    1.68368E+00  0.00789   1.52400E+02 sec. 
   25  53 ( 53Mn) 5.06994E+02    0    5.06994E+02  1.00000
   26  52 ( 52Fe) 8.29884E-03    0    8.29884E-03  1.00000
                                42    0.00000E+00  0.00000   4.59000E+01 sec. 
   25  52 ( 52Mn) 4.71928E-03    0    2.58152E-03  0.54702
                                 1    2.13776E-03  0.45298   1.26600E+03 sec. 
   25  51 ( 51Mn) 2.55756E+01    0    2.55756E+01  1.00000
   24  50 ( 50Cr) 1.52781E+01    0    1.52781E+01  1.00000

   b. Per mass

   A  cross section

   55 8.52454E-01
   54 2.75128E+02
   53 7.20424E+02
   52 1.30181E-02
   51 2.55756E+01
   50 1.52781E+01

 Total residual production cross section:  1037.2706299
 Non-elastic cross section              :  1036.1031494

 ########## RESULTS FOR E=  25.00000 ##########

 Energy dependent input flags

 Width fluctuations (flagwidth)            : n
 Unresolved resonance parameters (flagurr) : n
 Preequilibrium (flagpreeq)                : y
 Multiple preequilibrium (flagmulpre)      : y
 Number of continuum excitation energy bins: 40

 ########### REACTION SUMMARY FOR E=  25.00000 ###########

 Center-of-mass energy:   24.536

 1. Total (binary) cross sections

   Reaction        = 1.03861E+03
     Compound elastic= 1.08596E-03
     Non-elastic     = 1.03861E+03
       Direct          = 4.36143E+01
       Pre-equilibrium = 3.71183E+02
       Giant resonance = 2.64357E+01
       Compound non-el = 5.97376E+02

 2. Binary non-elastic cross sections (non-exclusive)

 gamma   = 1.49980E+00
 neutron = 1.70839E+02
 proton  = 8.01272E+02
 deuteron= 2.07395E+01
 triton  = 6.32087E-02
 helium-3= 1.07602E+00
 alpha   = 4.31195E+01

 3. Total particle production cross sections

 gamma   = 8.49234E+02    Multiplicity= 8.17665E-01
 neutron = 3.01365E+02    Multiplicity= 2.90162E-01
 proton  = 1.51577E+03    Multiplicity= 1.45942E+00
 deuteron= 2.07417E+01    Multiplicity= 1.99707E-02
 triton  = 6.32091E-02    Multiplicity= 6.08594E-05
 helium-3= 1.07602E+00    Multiplicity= 1.03602E-03
 alpha   = 5.02108E+01    Multiplicity= 4.83443E-02

 4. Residual production cross sections

   a. Per isotope

   Z   A  nuclide    total     level   isomeric    isomeric    lifetime
                 cross section       cross section  ratio

   27  55 ( 55Co) 4.13638E-01    0    4.13638E-01  1.00000
   27  54 ( 54Co) 2.07757E+01    0    1.56770E+01  0.75458
                                 1    5.09868E+00  0.24542   8.88000E+01 sec. 
   26  54 ( 54Fe) 1.43888E+02    0    1.43888E+02  1.00000
   27  53 ( 53Co) 3.88184E-01    0    3.88184E-01  1.00000
   26  53 ( 53Fe) 3.00234E+02    0    2.84414E+02  0.94731
                                22    1.58198E+01  0.05269   1.52400E+02 sec. 
   25  53 ( 53Mn) 5.20300E+02    0    5.20300E+02  1.00000
   26  52 ( 52Fe) 6.45622E-02    0    6.21789E-02  0.96308
                                42    2.38333E-03  0.03692   4.59000E+01 sec. 
   25  52 ( 52Mn) 1.67108E+00    0    8.66806E-01  0.51871
                                 1    8.04274E-01  0.48129   1.26600E+03 sec. 
   24  52 ( 52Cr) 2.22075E+00    0    2.22075E+00  1.00000
   25  51 ( 51Mn) 4.98979E+00    0    4.98979E+00  1.00000
   25  50 ( 50Mn) 1.37596E-01    0    3.81051E-02  0.27693
                                 1    9.94910E-02  0.72307   1.05000E+02 sec. 
   24  50 ( 50Cr) 4.51134E+01    0    4.51134E+01  1.00000
   23  47 ( 47V ) 1.87915E-03    0    1.87915E-03  1.00000

   b. Per mass

   A  cross section

   55 4.13638E-01
   54 1.64664E+02
   53 8.20922E+02
   52 3.95640E+00
   51 4.98979E+00
   50 4.52510E+01
   47 1.87915E-03

 Total residual production cross section:  1040.1978760
 Non-elastic cross section              :  1038.6088867

 ########## RESULTS FOR E=  30.00000 ##########

 Energy dependent input flags

 Width fluctuations (flagwidth)            : n
 Unresolved resonance parameters (flagurr) : n
 Preequilibrium (flagpreeq)                : y
 Multiple preequilibrium (flagmulpre)      : y
 Number of continuum excitation energy bins: 40

 ########### REACTION SUMMARY FOR E=  30.00000 ###########

 Center-of-mass energy:   29.442

 1. Total (binary) cross sections

   Reaction        = 1.02904E+03
     Compound elastic= 4.78350E-05
     Non-elastic     = 1.02904E+03
       Direct          = 4.13751E+01
       Pre-equilibrium = 4.87671E+02
       Giant resonance = 3.06565E+01
       Compound non-el = 4.69338E+02

 2. Binary non-elastic cross sections (non-exclusive)

 gamma   = 1.43398E+00
 neutron = 1.85533E+02
 proton  = 7.58474E+02
 deuteron= 3.19666E+01
 triton  = 3.32605E-01
 helium-3= 5.68236E+00
 alpha   = 4.56181E+01

 3. Total particle production cross sections

 gamma   = 1.01342E+03    Multiplicity= 9.84818E-01
 neutron = 3.47227E+02    Multiplicity= 3.37428E-01
 proton  = 1.56570E+03    Multiplicity= 1.52151E+00
 deuteron= 3.24789E+01    Multiplicity= 3.15623E-02
 triton  = 3.32733E-01    Multiplicity= 3.23343E-04
 helium-3= 5.68247E+00    Multiplicity= 5.52211E-03
 alpha   = 6.47198E+01    Multiplicity= 6.28934E-02

 4. Residual production cross sections

   a. Per isotope

   Z   A  nuclide    total     level   isomeric    isomeric    lifetime
                 cross section       cross section  ratio

   27  55 ( 55Co) 2.23354E-01    0    2.23354E-01  1.00000
   27  54 ( 54Co) 1.54746E+01    0    1.16641E+01  0.75376
                                 1    3.81047E+00  0.24624   8.88000E+01 sec. 
   26  54 ( 54Fe) 1.20556E+02    0    1.20556E+02  1.00000
   27  53 ( 53Co) 7.30554E-01    0    7.30554E-01  1.00000
   26  53 ( 53Fe) 2.93089E+02    0    2.70303E+02  0.92225
                                22    2.27868E+01  0.07775   1.52400E+02 sec. 
   25  53 ( 53Mn) 3.97332E+02    0    3.97332E+02  1.00000
   26  52 ( 52Fe) 3.03487E+00    0    2.94485E+00  0.97034
                                42    9.00145E-02  0.02966   4.59000E+01 sec. 
   25  52 ( 52Mn) 6.63882E+01    0    4.37894E+01  0.65960
                                 1    2.25988E+01  0.34040   1.26600E+03 sec. 
   24  52 ( 52Cr) 6.92570E+01    0    6.92570E+01  1.00000
   25  51 ( 51Mn) 1.97199E+00    0    1.97199E+00  1.00000
   24  51 ( 51Cr) 1.76347E-01    0    1.76347E-01  1.00000
   25  50 ( 50Mn) 3.80841E+00    0    1.81820E+00  0.47742
                                 1    1.99021E+00  0.52258   1.05000E+02 sec. 
   24  50 ( 50Cr) 5.85018E+01    0    5.85018E+01  1.00000
   24  49 ( 49Cr) 1.87952E-02    0    1.87952E-02  1.00000
   23  49 ( 49V ) 8.87331E-02    0    8.87331E-02  1.00000
   23  47 ( 47V ) 2.14483E-01    0    2.14483E-01  1.00000

   b. Per mass

   A  cross section

   55 2.23354E-01
   54 1.36031E+02
   53 6.91152E+02
   52 1.38680E+02
   51 2.14834E+00
   50 6.23102E+01
   49 1.07528E-01
   47 2.14483E-01

 Total residual production cross section:  1030.8669434
 Non-elastic cross section              :  1029.0400391

 ########## RESULTS FOR E=  35.00000 ##########

 Energy dependent input flags

 Width fluctuations (flagwidth)            : n
 Unresolved resonance parameters (flagurr) : n
 Preequilibrium (flagpreeq)                : y
 Multiple preequilibrium (flagmulpre)      : y
 Number of continuum excitation energy bins: 40

 ########### REACTION SUMMARY FOR E=  35.00000 ###########

 Center-of-mass energy:   34.347

 1. Total (binary) cross sections

   Reaction        = 1.00401E+03
     Compound elastic= 2.53220E-06
     Non-elastic     = 1.00401E+03
       Direct          = 3.88601E+01
       Pre-equilibrium = 5.73068E+02
       Giant resonance = 3.35467E+01
       Compound non-el = 3.58536E+02

 2. Binary non-elastic cross sections (non-exclusive)

 gamma   = 1.32811E+00
 neutron = 2.02109E+02
 proton  = 7.02806E+02
 deuteron= 4.03349E+01
 triton  = 1.02359E+00
 helium-3= 1.18522E+01
 alpha   = 4.45569E+01

 3. Total particle production cross sections

 gamma   = 8.41955E+02    Multiplicity= 8.38592E-01
 neutron = 4.58527E+02    Multiplicity= 4.56695E-01
 proton  = 1.62948E+03    Multiplicity= 1.62297E+00
 deuteron= 4.15390E+01    Multiplicity= 4.13731E-02
 triton  = 1.03368E+00    Multiplicity= 1.02955E-03
 helium-3= 1.18624E+01    Multiplicity= 1.18150E-02
 alpha   = 6.77508E+01    Multiplicity= 6.74802E-02

 4. Residual production cross sections

   a. Per isotope

   Z   A  nuclide    total     level   isomeric    isomeric    lifetime
                 cross section       cross section  ratio

   27  55 ( 55Co) 1.46172E-01    0    1.46172E-01  1.00000
   27  54 ( 54Co) 1.24452E+01    0    9.30430E+00  0.74762
                                 1    3.14093E+00  0.25238   8.88000E+01 sec. 
   26  54 ( 54Fe) 1.04376E+02    0    1.04376E+02  1.00000
   27  53 ( 53Co) 4.89294E-01    0    4.89294E-01  1.00000
   26  53 ( 53Fe) 2.11259E+02    0    1.93220E+02  0.91461
                                22    1.80388E+01  0.08539   1.52400E+02 sec. 
   25  53 ( 53Mn) 2.41622E+02    0    2.41622E+02  1.00000
   26  52 ( 52Fe) 1.84145E+01    0    1.82633E+01  0.99179
                                42    1.51249E-01  0.00821   4.59000E+01 sec. 
   25  52 ( 52Mn) 2.38659E+02    0    1.52160E+02  0.63756
                                 1    8.64986E+01  0.36244   1.26600E+03 sec. 
   24  52 ( 52Cr) 1.06823E+02    0    1.06823E+02  1.00000
   25  51 ( 51Mn) 2.25660E+00    0    2.25660E+00  1.00000
   24  51 ( 51Cr) 3.25199E+00    0    3.25199E+00  1.00000
   25  50 ( 50Mn) 4.56692E+00    0    2.31244E+00  0.50635
                                 1    2.25448E+00  0.49365   1.05000E+02 sec. 
   24  50 ( 50Cr) 4.78192E+01    0    4.78192E+01  1.00000
   24  49 ( 49Cr) 4.20793E+00    0    4.20793E+00  1.00000
   23  49 ( 49V ) 8.95335E+00    0    8.95335E+00  1.00000
   23  47 ( 47V ) 5.78331E-01    0    5.78331E-01  1.00000
   22  46 ( 46Ti) 1.95131E-02    0    1.95131E-02  1.00000

   b. Per mass

   A  cross section

   55 1.46172E-01
   54 1.16821E+02
   53 4.53370E+02
   52 3.63896E+02
   51 5.50858E+00
   50 5.23862E+01
   49 1.31613E+01
   47 5.78331E-01
   46 1.95131E-02

 Total residual production cross section:  1005.8869629
 Non-elastic cross section              :  1004.0100098

 ########## RESULTS FOR E=  40.00000 ##########

 Energy dependent input flags

 Width fluctuations (flagwidth)            : n
 Unresolved resonance parameters (flagurr) : n
 Preequilibrium (flagpreeq)                : y
 Multiple preequilibrium (flagmulpre)      : y
 Number of continuum excitation energy bins: 40

 ########### REACTION SUMMARY FOR E=  40.00000 ###########

 Center-of-mass energy:   39.252

 1. Total (binary) cross sections

   Reaction        = 9.74585E+02
     Compound elastic= 2.48019E-07
     Non-elastic     = 9.74585E+02
       Direct          = 3.53134E+01
       Pre-equilibrium = 6.33363E+02
       Giant resonance = 3.65649E+01
       Compound non-el = 2.69344E+02

 2. Binary non-elastic cross sections (non-exclusive)

 gamma   = 1.22792E+00
 neutron = 2.12281E+02
 proton  = 6.53479E+02
 deuteron= 4.74650E+01
 triton  = 1.76286E+00
 helium-3= 1.73546E+01
 alpha   = 4.10149E+01

 3. Total particle production cross sections

 gamma   = 8.98641E+02    Multiplicity= 9.22076E-01
 neutron = 5.19901E+02    Multiplicity= 5.33459E-01
 proton  = 1.62123E+03    Multiplicity= 1.66351E+00
 deuteron= 4.93016E+01    Multiplicity= 5.05873E-02
 triton  = 1.78934E+00    Multiplicity= 1.83601E-03
 helium-3= 1.73883E+01    Multiplicity= 1.78418E-02
 alpha   = 6.73603E+01    Multiplicity= 6.91169E-02

 4. Residual production cross sections

   a. Per isotope

   Z   A  nuclide    total     level   isomeric    isomeric    lifetime
                 cross section       cross section  ratio

   27  55 ( 55Co) 1.01810E-01    0    1.01810E-01  1.00000
   27  54 ( 54Co) 9.67667E+00    0    7.22180E+00  0.74631
                                 1    2.45487E+00  0.25369   8.88000E+01 sec. 
   26  54 ( 54Fe) 9.05351E+01    0    9.05351E+01  1.00000
   27  53 ( 53Co) 3.51597E-01    0    3.51597E-01  1.00000
   26  53 ( 53Fe) 1.77548E+02    0    1.62409E+02  0.91473
                                22    1.51394E+01  0.08527   1.52400E+02 sec. 
   25  53 ( 53Mn) 1.80554E+02    0    1.80554E+02  1.00000
   26  52 ( 52Fe) 2.13286E+01    0    2.10759E+01  0.98815
                                42    2.52672E-01  0.01185   4.59000E+01 sec. 
   25  52 ( 52Mn) 3.08294E+02    0    1.88354E+02  0.61096
                                 1    1.19939E+02  0.38904   1.26600E+03 sec. 
   24  52 ( 52Cr) 9.61552E+01    0    9.61552E+01  1.00000
   26  51 ( 51Fe) 4.09866E-03    0    4.09866E-03  1.00000
   25  51 ( 51Mn) 6.93486E+00    0    6.93486E+00  1.00000
   24  51 ( 51Cr) 1.90577E+01    0    1.90577E+01  1.00000
   23  51 ( 51V ) 9.43199E-03    0    9.43199E-03  1.00000
   25  50 ( 50Mn) 2.32004E+00    0    1.16332E+00  0.50142
                                 1    1.15672E+00  0.49858   1.05000E+02 sec. 
   24  50 ( 50Cr) 2.47466E+01    0    2.47466E+01  1.00000
   25  49 ( 49Mn) 9.36621E-03    0    9.36621E-03  1.00000
   24  49 ( 49Cr) 1.78014E+01    0    1.78014E+01  1.00000
   23  49 ( 49V ) 2.00084E+01    0    2.00084E+01  1.00000
   24  48 ( 48Cr) 3.92364E-03    0    3.92364E-03  1.00000
   23  48 ( 48V ) 1.69642E-02    0    1.69642E-02  1.00000
   23  47 ( 47V ) 5.12102E-01    0    5.12102E-01  1.00000
   22  46 ( 46Ti) 4.39643E-01    0    4.39643E-01  1.00000

   b. Per mass

   A  cross section

   55 1.01810E-01
   54 1.00212E+02
   53 3.58454E+02
   52 4.25777E+02
   51 2.60061E+01
   50 2.70667E+01
   49 3.78192E+01
   48 2.08878E-02
   47 5.12102E-01
   46 4.39643E-01

 Total residual production cross section:   976.4091187
 Non-elastic cross section              :   974.5850220

 ########## RESULTS FOR E=  45.00000 ##########

 Energy dependent input flags

 Width fluctuations (flagwidth)            : n
 Unresolved resonance parameters (flagurr) : n
 Preequilibrium (flagpreeq)                : y
 Multiple preequilibrium (flagmulpre)      : y
 Number of continuum excitation energy bins: 40

 ########### REACTION SUMMARY FOR E=  45.00000 ###########

 Center-of-mass energy:   44.156

 1. Total (binary) cross sections

   Reaction        = 9.45048E+02
     Compound elastic= 1.10576E-07
     Non-elastic     = 9.45048E+02
       Direct          = 3.24936E+01
       Pre-equilibrium = 6.74153E+02
       Giant resonance = 3.84761E+01
       Compound non-el = 1.99925E+02

 2. Binary non-elastic cross sections (non-exclusive)

 gamma   = 1.14656E+00
 neutron = 2.17715E+02
 proton  = 6.11769E+02
 deuteron= 5.30870E+01
 triton  = 2.53721E+00
 helium-3= 2.23950E+01
 alpha   = 3.63978E+01

 3. Total particle production cross sections

 gamma   = 8.64798E+02    Multiplicity= 9.15084E-01
 neutron = 5.61589E+02    Multiplicity= 5.94244E-01
 proton  = 1.63570E+03    Multiplicity= 1.73082E+00
 deuteron= 5.58950E+01    Multiplicity= 5.91452E-02
 triton  = 2.57683E+00    Multiplicity= 2.72667E-03
 helium-3= 2.24574E+01    Multiplicity= 2.37632E-02
 alpha   = 6.62509E+01    Multiplicity= 7.01032E-02

 4. Residual production cross sections

   a. Per isotope

   Z   A  nuclide    total     level   isomeric    isomeric    lifetime
                 cross section       cross section  ratio

   27  55 ( 55Co) 7.52842E-02    0    7.52842E-02  1.00000
   27  54 ( 54Co) 7.83458E+00    0    5.89992E+00  0.75306
                                 1    1.93466E+00  0.24694   8.88000E+01 sec. 
   26  54 ( 54Fe) 7.85451E+01    0    7.85451E+01  1.00000
   27  53 ( 53Co) 2.82826E-01    0    2.82826E-01  1.00000
   26  53 ( 53Fe) 1.58698E+02    0    1.45241E+02  0.91520
                                22    1.34570E+01  0.08480   1.52400E+02 sec. 
   25  53 ( 53Mn) 1.53889E+02    0    1.53889E+02  1.00000
   27  52 ( 52Co) 2.09426E-03    0    2.09426E-03  1.00000
   26  52 ( 52Fe) 1.96361E+01    0    1.92916E+01  0.98246
                                42    3.44499E-01  0.01754   4.59000E+01 sec. 
   25  52 ( 52Mn) 2.69905E+02    0    1.62902E+02  0.60355
                                 1    1.07003E+02  0.39645   1.26600E+03 sec. 
   24  52 ( 52Cr) 8.02878E+01    0    8.02878E+01  1.00000
   26  51 ( 51Fe) 2.11743E-02    0    2.11743E-02  1.00000
   25  51 ( 51Mn) 2.93434E+01    0    2.93434E+01  1.00000
   24  51 ( 51Cr) 8.21898E+01    0    8.21898E+01  1.00000
   23  51 ( 51V ) 2.86105E-01    0    2.86105E-01  1.00000
   25  50 ( 50Mn) 1.44385E+00    0    7.28892E-01  0.50483
                                 1    7.14957E-01  0.49517   1.05000E+02 sec. 
   24  50 ( 50Cr) 1.62572E+01    0    1.62572E+01  1.00000
   23  50 ( 50V ) 2.09395E-02    0    2.09395E-02  1.00000
   25  49 ( 49Mn) 8.06032E-02    0    8.06032E-02  1.00000
   24  49 ( 49Cr) 2.39610E+01    0    2.39610E+01  1.00000
   23  49 ( 49V ) 2.14619E+01    0    2.14619E+01  1.00000
   24  48 ( 48Cr) 6.48553E-02    0    6.48553E-02  1.00000
   23  48 ( 48V ) 5.84141E-01    0    5.84141E-01  1.00000
   22  48 ( 48Ti) 2.62889E-01    0    2.62889E-01  1.00000
   23  47 ( 47V ) 2.64113E-01    0    2.64113E-01  1.00000
   23  46 ( 46V ) 5.13482E-02    0    5.13482E-02  1.00000
   22  46 ( 46Ti) 1.30574E+00    0    1.30574E+00  1.00000

   b. Per mass

   A  cross section

   55 7.52842E-02
   54 8.63797E+01
   53 3.12870E+02
   52 3.69831E+02
   51 1.11840E+02
   50 1.77220E+01
   49 4.55035E+01
   48 9.11885E-01
   47 2.64113E-01
   46 1.35709E+00

 Total residual production cross section:   946.7548828
 Non-elastic cross section              :   945.0479736

 ########## RESULTS FOR E=  50.00000 ##########

 Energy dependent input flags

 Width fluctuations (flagwidth)            : n
 Unresolved resonance parameters (flagurr) : n
 Preequilibrium (flagpreeq)                : y
 Multiple preequilibrium (flagmulpre)      : y
 Number of continuum excitation energy bins: 40

 ########### REACTION SUMMARY FOR E=  50.00000 ###########

 Center-of-mass energy:   49.060

 1. Total (binary) cross sections

   Reaction        = 9.16266E+02
     Compound elastic= 1.00851E-07
     Non-elastic     = 9.16266E+02
       Direct          = 2.94786E+01
       Pre-equilibrium = 7.03210E+02
       Giant resonance = 3.87825E+01
       Compound non-el = 1.44795E+02

 2. Binary non-elastic cross sections (non-exclusive)

 gamma   = 1.08589E+00
 neutron = 2.19252E+02
 proton  = 5.77249E+02
 deuteron= 5.75153E+01
 triton  = 3.27860E+00
 helium-3= 2.64038E+01
 alpha   = 3.14816E+01

 3. Total particle production cross sections

 gamma   = 8.04071E+02    Multiplicity= 8.77552E-01
 neutron = 6.07051E+02    Multiplicity= 6.62527E-01
 proton  = 1.62930E+03    Multiplicity= 1.77820E+00
 deuteron= 6.12848E+01    Multiplicity= 6.68854E-02
 triton  = 3.33940E+00    Multiplicity= 3.64458E-03
 helium-3= 2.65131E+01    Multiplicity= 2.89360E-02
 alpha   = 6.35848E+01    Multiplicity= 6.93956E-02

 4. Residual production cross sections

   a. Per isotope

   Z   A  nuclide    total     level   isomeric    isomeric    lifetime
                 cross section       cross section  ratio

   27  55 ( 55Co) 6.21312E-02    0    6.21312E-02  1.00000
   27  54 ( 54Co) 6.32808E+00    0    4.75956E+00  0.75213
                                 1    1.56852E+00  0.24787   8.88000E+01 sec. 
   26  54 ( 54Fe) 7.63893E+01    0    7.63893E+01  1.00000
   27  53 ( 53Co) 2.34691E-01    0    2.34691E-01  1.00000
   26  53 ( 53Fe) 1.42856E+02    0    1.30845E+02  0.91592
                                22    1.20108E+01  0.08408   1.52400E+02 sec. 
   25  53 ( 53Mn) 1.33195E+02    0    1.33195E+02  1.00000
   27  52 ( 52Co) 3.36660E-03    0    3.36660E-03  1.00000
   26  52 ( 52Fe) 1.76426E+01    0    1.73612E+01  0.98405
                                42    2.81387E-01  0.01595   4.59000E+01 sec. 
   25  52 ( 52Mn) 2.19781E+02    0    1.30298E+02  0.59285
                                 1    8.94831E+01  0.40715   1.26600E+03 sec. 
   24  52 ( 52Cr) 6.20634E+01    0    6.20634E+01  1.00000
   26  51 ( 51Fe) 7.48794E-02    0    7.48794E-02  1.00000
   25  51 ( 51Mn) 6.34577E+01    0    6.34577E+01  1.00000
   24  51 ( 51Cr) 1.26306E+02    0    1.26306E+02  1.00000
   23  51 ( 51V ) 1.15159E+00    0    1.15159E+00  1.00000
   25  50 ( 50Mn) 1.12524E+00    0    5.70186E-01  0.50672
                                 1    5.55054E-01  0.49328   1.05000E+02 sec. 
   24  50 ( 50Cr) 1.74148E+01    0    1.74148E+01  1.00000
   23  50 ( 50V ) 2.00560E-01    0    2.00560E-01  1.00000
   25  49 ( 49Mn) 7.98153E-02    0    7.98153E-02  1.00000
   24  49 ( 49Cr) 2.01639E+01    0    2.01639E+01  1.00000
   23  49 ( 49V ) 1.76862E+01    0    1.76862E+01  1.00000
   24  48 ( 48Cr) 9.18025E-01    0    9.18025E-01  1.00000
   23  48 ( 48V ) 6.76004E+00    0    6.76004E+00  1.00000
   22  48 ( 48Ti) 1.74058E+00    0    1.74058E+00  1.00000
   23  47 ( 47V ) 1.69212E-01    0    1.69212E-01  1.00000
   22  47 ( 47Ti) 2.04897E-02    0    2.04897E-02  1.00000
   23  46 ( 46V ) 2.30512E-01    0    2.30512E-01  1.00000
   22  46 ( 46Ti) 1.77754E+00    0    1.77754E+00  1.00000
   22  45 ( 45Ti) 2.05318E-02    0    2.05318E-02  1.00000
   21  45 ( 45Sc) 4.94773E-03    0    4.94773E-03  1.00000
   21  43 ( 43Sc) 6.53938E-03    0    6.53938E-03  1.00000

   b. Per mass

   A  cross section

   55 6.21312E-02
   54 8.27174E+01
   53 2.76285E+02
   52 2.99490E+02
   51 1.90990E+02
   50 1.87406E+01
   49 3.79300E+01
   48 9.41865E+00
   47 1.89701E-01
   46 2.00805E+00
   45 2.54795E-02
   43 6.53938E-03

 Total residual production cross section:   917.8644409
 Non-elastic cross section              :   916.2659912

 ########## RESULTS FOR E=  60.00000 ##########

 Energy dependent input flags

 Width fluctuations (flagwidth)            : n
 Unresolved resonance parameters (flagurr) : n
 Preequilibrium (flagpreeq)                : y
 Multiple preequilibrium (flagmulpre)      : y
 Number of continuum excitation energy bins: 40

 ########### REACTION SUMMARY FOR E=  60.00000 ###########

 Center-of-mass energy:   58.866

 1. Total (binary) cross sections

   Reaction        = 8.64161E+02
     Compound elastic= 1.00007E-07
     Non-elastic     = 8.64161E+02
       Direct          = 2.49023E+01
       Pre-equilibrium = 7.31535E+02
       Giant resonance = 3.61575E+01
       Compound non-el = 7.15667E+01

 2. Binary non-elastic cross sections (non-exclusive)

 gamma   = 9.90070E-01
 neutron = 2.18153E+02
 proton  = 5.22074E+02
 deuteron= 6.36548E+01
 triton  = 4.66331E+00
 helium-3= 3.12991E+01
 alpha   = 2.33261E+01

 3. Total particle production cross sections

 gamma   = 7.60307E+02    Multiplicity= 8.79821E-01
 neutron = 6.77629E+02    Multiplicity= 7.84147E-01
 proton  = 1.60443E+03    Multiplicity= 1.85664E+00
 deuteron= 6.91526E+01    Multiplicity= 8.00228E-02
 triton  = 4.78981E+00    Multiplicity= 5.54273E-03
 helium-3= 3.15434E+01    Multiplicity= 3.65017E-02
 alpha   = 5.94993E+01    Multiplicity= 6.88520E-02

 4. Residual production cross sections

   a. Per isotope

   Z   A  nuclide    total     level   isomeric    isomeric    lifetime
                 cross section       cross section  ratio

   27  55 ( 55Co) 4.60379E-02    0    4.60379E-02  1.00000
   27  54 ( 54Co) 4.93744E+00    0    3.55004E+00  0.71900
                                 1    1.38740E+00  0.28100   8.88000E+01 sec. 
   26  54 ( 54Fe) 6.42100E+01    0    6.42100E+01  1.00000
   27  53 ( 53Co) 1.71248E-01    0    1.71248E-01  1.00000
   26  53 ( 53Fe) 1.19380E+02    0    1.09556E+02  0.91771
                                22    9.82416E+00  0.08229   1.52400E+02 sec. 
   25  53 ( 53Mn) 1.08314E+02    0    1.08314E+02  1.00000
   27  52 ( 52Co) 2.51349E-03    0    2.51349E-03  1.00000
   26  52 ( 52Fe) 1.57090E+01    0    1.55190E+01  0.98791
                                42    1.89981E-01  0.01209   4.59000E+01 sec. 
   25  52 ( 52Mn) 1.79650E+02    0    1.05589E+02  0.58775
                                 1    7.40607E+01  0.41225   1.26600E+03 sec. 
   24  52 ( 52Cr) 4.30865E+01    0    4.30865E+01  1.00000
   26  51 ( 51Fe) 3.15254E-01    0    3.15254E-01  1.00000
   25  51 ( 51Mn) 7.85807E+01    0    7.85807E+01  1.00000
   24  51 ( 51Cr) 1.29918E+02    0    1.29918E+02  1.00000
   23  51 ( 51V ) 1.97807E+00    0    1.97807E+00  1.00000
   25  50 ( 50Mn) 1.52372E+00    0    6.88308E-01  0.45173
                                 1    8.35409E-01  0.54827   1.05000E+02 sec. 
   24  50 ( 50Cr) 6.37138E+01    0    6.37138E+01  1.00000
   23  50 ( 50V ) 2.82964E+00    0    2.82964E+00  1.00000
   22  50 ( 50Ti) 1.72598E-02    0    1.72598E-02  1.00000
   25  49 ( 49Mn) 3.87997E-02    0    3.87997E-02  1.00000
   24  49 ( 49Cr) 1.10123E+01    0    1.10123E+01  1.00000
   23  49 ( 49V ) 9.12365E+00    0    9.12365E+00  1.00000
   24  48 ( 48Cr) 2.69560E+00    0    2.69560E+00  1.00000
   23  48 ( 48V ) 2.16956E+01    0    2.16956E+01  1.00000
   22  48 ( 48Ti) 2.28856E+00    0    2.28856E+00  1.00000
   23  47 ( 47V ) 8.80532E-01    0    8.80532E-01  1.00000
   22  47 ( 47Ti) 1.04392E+00    0    1.04392E+00  1.00000
   23  46 ( 46V ) 1.75163E-01    0    1.75163E-01  1.00000
   22  46 ( 46Ti) 1.17550E+00    0    1.17550E+00  1.00000
   23  45 ( 45V ) 1.92674E-03    0    1.92674E-03  1.00000
   22  45 ( 45Ti) 7.53979E-01    0    7.53979E-01  1.00000
   21  45 ( 45Sc) 2.04002E-01    0    2.04002E-01  1.00000
   22  44 ( 44Ti) 1.20292E-03    0    1.20292E-03  1.00000
   21  44 ( 44Sc) 1.19548E-03    0    8.35328E-04  0.69874
                                 4    3.60150E-04  0.30126   2.11000E+05 sec. 
   21  43 ( 43Sc) 1.43718E-02    0    1.43718E-02  1.00000
   20  42 ( 42Ca) 1.05000E-02    0    1.05000E-02  1.00000

   b. Per mass

   A  cross section

   55 4.60379E-02
   54 6.91475E+01
   53 2.27866E+02
   52 2.38448E+02
   51 2.10792E+02
   50 6.80845E+01
   49 2.01747E+01
   48 2.66798E+01
   47 1.92445E+00
   46 1.35067E+00
   45 9.59908E-01
   44 2.39840E-03
   43 1.43718E-02
   42 1.05000E-02

 Total residual production cross section:   865.5001831
 Non-elastic cross section              :   864.1610107

 ########## RESULTS FOR E=  70.00000 ##########

 Energy dependent input flags

 Width fluctuations (flagwidth)            : n
 Unresolved resonance parameters (flagurr) : n
 Preequilibrium (flagpreeq)                : y
 Multiple preequilibrium (flagmulpre)      : y
 Number of continuum excitation energy bins: 40

 ########### REACTION SUMMARY FOR E=  70.00000 ###########

 Center-of-mass energy:   68.671

 1. Total (binary) cross sections

   Reaction        = 8.20328E+02
     Compound elastic= 1.00000E-07
     Non-elastic     = 8.20328E+02
       Direct          = 2.04395E+01
       Pre-equilibrium = 7.43862E+02
       Giant resonance = 3.15394E+01
       Compound non-el = 2.44876E+01

 2. Binary non-elastic cross sections (non-exclusive)

 gamma   = 9.15758E-01
 neutron = 2.13657E+02
 proton  = 4.80635E+02
 deuteron= 6.75968E+01
 triton  = 6.05741E+00
 helium-3= 3.40574E+01
 alpha   = 1.74086E+01

 3. Total particle production cross sections

 gamma   = 7.13841E+02    Multiplicity= 8.70190E-01
 neutron = 7.33503E+02    Multiplicity= 8.94158E-01
 proton  = 1.59224E+03    Multiplicity= 1.94098E+00
 deuteron= 7.44637E+01    Multiplicity= 9.07731E-02
 triton  = 6.25168E+00    Multiplicity= 7.62096E-03
 helium-3= 3.44288E+01    Multiplicity= 4.19696E-02
 alpha   = 5.56446E+01    Multiplicity= 6.78322E-02

 4. Residual production cross sections

   a. Per isotope

   Z   A  nuclide    total     level   isomeric    isomeric    lifetime
                 cross section       cross section  ratio

   27  55 ( 55Co) 3.96194E-02    0    3.96194E-02  1.00000
   27  54 ( 54Co) 3.54640E+00    0    2.58818E+00  0.72980
                                 1    9.58226E-01  0.27020   8.88000E+01 sec. 
   26  54 ( 54Fe) 5.10574E+01    0    5.10574E+01  1.00000
   27  53 ( 53Co) 1.29247E-01    0    1.29247E-01  1.00000
   26  53 ( 53Fe) 1.03386E+02    0    9.49260E+01  0.91817
                                22    8.45967E+00  0.08183   1.52400E+02 sec. 
   25  53 ( 53Mn) 9.19213E+01    0    9.19213E+01  1.00000
   27  52 ( 52Co) 1.97051E-03    0    1.97051E-03  1.00000
   26  52 ( 52Fe) 1.44037E+01    0    1.42432E+01  0.98886
                                42    1.60445E-01  0.01114   4.59000E+01 sec. 
   25  52 ( 52Mn) 1.58147E+02    0    9.31191E+01  0.58881
                                 1    6.50275E+01  0.41119   1.26600E+03 sec. 
   24  52 ( 52Cr) 3.57153E+01    0    3.57153E+01  1.00000
   26  51 ( 51Fe) 3.65045E-01    0    3.65045E-01  1.00000
   25  51 ( 51Mn) 7.14933E+01    0    7.14933E+01  1.00000
   24  51 ( 51Cr) 1.08420E+02    0    1.08420E+02  1.00000
   23  51 ( 51V ) 1.53508E+00    0    1.53508E+00  1.00000
   26  50 ( 50Fe) 6.43379E-04    0    6.43379E-04  1.00000
   25  50 ( 50Mn) 3.68018E+00    0    1.69732E+00  0.46121
                                 1    1.98286E+00  0.53879   1.05000E+02 sec. 
   24  50 ( 50Cr) 1.09056E+02    0    1.09056E+02  1.00000
   23  50 ( 50V ) 7.03843E+00    0    7.03843E+00  1.00000
   22  50 ( 50Ti) 3.32271E-02    0    3.32271E-02  1.00000
   25  49 ( 49Mn) 3.26238E-02    0    3.26238E-02  1.00000
   24  49 ( 49Cr) 1.27498E+01    0    1.27498E+01  1.00000
   23  49 ( 49V ) 1.27081E+01    0    1.27081E+01  1.00000
   22  49 ( 49Ti) 3.69732E-02    0    3.69732E-02  1.00000
   25  48 ( 48Mn) 9.25635E-04    0    9.25635E-04  1.00000
   24  48 ( 48Cr) 2.38006E+00    0    2.38006E+00  1.00000
   23  48 ( 48V ) 1.77319E+01    0    1.77319E+01  1.00000
   22  48 ( 48Ti) 1.50664E+00    0    1.50664E+00  1.00000
   24  47 ( 47Cr) 1.78031E-02    0    1.78031E-02  1.00000
   23  47 ( 47V ) 6.50222E+00    0    6.50222E+00  1.00000
   22  47 ( 47Ti) 4.63394E+00    0    4.63394E+00  1.00000
   21  47 ( 47Sc) 5.95909E-03    0    5.95909E-03  1.00000
   23  46 ( 46V ) 1.38257E-01    0    1.38257E-01  1.00000
   22  46 ( 46Ti) 1.41105E+00    0    1.41105E+00  1.00000
   23  45 ( 45V ) 5.60019E-03    0    5.60019E-03  1.00000
   22  45 ( 45Ti) 9.87418E-01    0    9.87418E-01  1.00000
   21  45 ( 45Sc) 2.83436E-01    0    2.83436E-01  1.00000
   22  44 ( 44Ti) 1.20494E-01    0    1.20494E-01  1.00000
   21  44 ( 44Sc) 1.47841E-01    0    8.14107E-02  0.55067
                                 4    6.64299E-02  0.44933   2.11000E+05 sec. 
   20  44 ( 44Ca) 1.22973E-02    0    1.22973E-02  1.00000
   21  43 ( 43Sc) 9.96650E-03    0    9.96650E-03  1.00000
   21  42 ( 42Sc) 6.43052E-03    0    3.43606E-03  0.53434
                                 2    2.99446E-03  0.46566   6.17000E+01 sec. 
   20  42 ( 42Ca) 2.58669E-02    0    2.58669E-02  1.00000
   20  41 ( 41Ca) 4.77665E-03    0    4.77665E-03  1.00000

   b. Per mass

   A  cross section

   55 3.96194E-02
   54 5.46038E+01
   53 1.95436E+02
   52 2.08268E+02
   51 1.81813E+02
   50 1.19808E+02
   49 2.55275E+01
   48 2.16196E+01
   47 1.11599E+01
   46 1.54931E+00
   45 1.27645E+00
   44 2.80632E-01
   43 9.96650E-03
   42 3.22974E-02
   41 4.77665E-03

 Total residual production cross section:   821.4291992
 Non-elastic cross section              :   820.3280029

 ########## RESULTS FOR E=  80.00000 ##########

 Energy dependent input flags

 Width fluctuations (flagwidth)            : n
 Unresolved resonance parameters (flagurr) : n
 Preequilibrium (flagpreeq)                : y
 Multiple preequilibrium (flagmulpre)      : y
 Number of continuum excitation energy bins: 40

 ########### REACTION SUMMARY FOR E=  80.00000 ###########

 Center-of-mass energy:   78.473

 1. Total (binary) cross sections

   Reaction        = 7.84072E+02
     Compound elastic= 9.87150E-08
     Non-elastic     = 7.84072E+02
       Direct          = 1.70318E+01
       Pre-equilibrium = 7.40380E+02
       Giant resonance = 2.66602E+01
       Compound non-el = 0.00000E+00

 2. Binary non-elastic cross sections (non-exclusive)

 gamma   = 8.47321E-01
 neutron = 2.07292E+02
 proton  = 4.47604E+02
 deuteron= 7.03324E+01
 triton  = 7.48395E+00
 helium-3= 3.62781E+01
 alpha   = 1.42336E+01

 3. Total particle production cross sections

 gamma   = 6.81916E+02    Multiplicity= 8.69711E-01
 neutron = 7.86885E+02    Multiplicity= 1.00359E+00
 proton  = 1.58919E+03    Multiplicity= 2.02684E+00
 deuteron= 7.85944E+01    Multiplicity= 1.00239E-01
 triton  = 7.75580E+00    Multiplicity= 9.89170E-03
 helium-3= 3.67809E+01    Multiplicity= 4.69101E-02
 alpha   = 5.49869E+01    Multiplicity= 7.01299E-02

 4. Residual production cross sections

   a. Per isotope

   Z   A  nuclide    total     level   isomeric    isomeric    lifetime
                 cross section       cross section  ratio

   27  55 ( 55Co) 3.56831E-02    0    3.56831E-02  1.00000
   27  54 ( 54Co) 2.70831E+00    0    1.98253E+00  0.73202
                                 1    7.25783E-01  0.26798   8.88000E+01 sec. 
   26  54 ( 54Fe) 4.04207E+01    0    4.04207E+01  1.00000
   27  53 ( 53Co) 1.02620E-01    0    1.02620E-01  1.00000
   26  53 ( 53Fe) 9.06911E+01    0    8.32616E+01  0.91808
                                22    7.42954E+00  0.08192   1.52400E+02 sec. 
   25  53 ( 53Mn) 7.64076E+01    0    7.64076E+01  1.00000
   27  52 ( 52Co) 1.55070E-03    0    1.55070E-03  1.00000
   26  52 ( 52Fe) 1.30844E+01    0    1.29542E+01  0.99005
                                42    1.30153E-01  0.00995   4.59000E+01 sec. 
   25  52 ( 52Mn) 1.42594E+02    0    8.27529E+01  0.58034
                                 1    5.98411E+01  0.41966   1.26600E+03 sec. 
   24  52 ( 52Cr) 3.10068E+01    0    3.10068E+01  1.00000
   26  51 ( 51Fe) 3.68311E-01    0    3.68311E-01  1.00000
   25  51 ( 51Mn) 6.71071E+01    0    6.71071E+01  1.00000
   24  51 ( 51Cr) 9.28193E+01    0    9.28193E+01  1.00000
   23  51 ( 51V ) 1.27822E+00    0    1.27822E+00  1.00000
   26  50 ( 50Fe) 1.53956E-03    0    1.53956E-03  1.00000
   25  50 ( 50Mn) 4.73906E+00    0    2.25369E+00  0.47556
                                 1    2.48536E+00  0.52444   1.05000E+02 sec. 
   24  50 ( 50Cr) 1.18395E+02    0    1.18395E+02  1.00000
   23  50 ( 50V ) 8.60547E+00    0    8.60547E+00  1.00000
   22  50 ( 50Ti) 4.83172E-02    0    4.83172E-02  1.00000
   25  49 ( 49Mn) 5.45263E-02    0    5.45263E-02  1.00000
   24  49 ( 49Cr) 2.33250E+01    0    2.33250E+01  1.00000
   23  49 ( 49V ) 2.71456E+01    0    2.71456E+01  1.00000
   22  49 ( 49Ti) 1.86201E-01    0    1.86201E-01  1.00000
   25  48 ( 48Mn) 8.37091E-04    0    8.37091E-04  1.00000
   24  48 ( 48Cr) 2.43589E+00    0    2.43589E+00  1.00000
   23  48 ( 48V ) 1.71551E+01    0    1.71551E+01  1.00000
   22  48 ( 48Ti) 1.54896E+00    0    1.54896E+00  1.00000
   24  47 ( 47Cr) 5.98116E-02    0    5.98116E-02  1.00000
   23  47 ( 47V ) 1.01162E+01    0    1.01162E+01  1.00000
   22  47 ( 47Ti) 4.83934E+00    0    4.83934E+00  1.00000
   21  47 ( 47Sc) 2.78304E-02    0    2.78304E-02  1.00000
   23  46 ( 46V ) 4.86923E-01    0    4.86923E-01  1.00000
   22  46 ( 46Ti) 4.92063E+00    0    4.92063E+00  1.00000
   21  46 ( 46Sc) 1.40548E-02    0    1.16693E-02  0.83027
                                 2    2.38552E-03  0.16973   1.87500E+01 sec. 
   23  45 ( 45V ) 5.50515E-03    0    5.50515E-03  1.00000
   22  45 ( 45Ti) 9.93461E-01    0    9.93461E-01  1.00000
   21  45 ( 45Sc) 2.57599E-01    0    2.57599E-01  1.00000
   22  44 ( 44Ti) 3.49243E-01    0    3.49243E-01  1.00000
   21  44 ( 44Sc) 4.84105E-01    0    3.15116E-01  0.65093
                                 4    1.68988E-01  0.34907   2.11000E+05 sec. 
   20  44 ( 44Ca) 2.32935E-02    0    2.32935E-02  1.00000
   21  43 ( 43Sc) 8.07751E-02    0    8.07751E-02  1.00000
   20  43 ( 43Ca) 9.67520E-03    0    9.67520E-03  1.00000
   21  42 ( 42Sc) 7.35759E-03    0    3.91591E-03  0.53223
                                 2    3.44168E-03  0.46777   6.17000E+01 sec. 
   20  42 ( 42Ca) 2.69826E-02    0    2.69826E-02  1.00000
   20  41 ( 41Ca) 2.22521E-02    0    2.22521E-02  1.00000
   20  40 ( 40Ca) 1.82361E-03    0    1.82361E-03  1.00000

   b. Per mass

   A  cross section

   55 3.56831E-02
   54 4.31290E+01
   53 1.67201E+02
   52 1.86687E+02
   51 1.61573E+02
   50 1.31790E+02
   49 5.07113E+01
   48 2.11408E+01
   47 1.50432E+01
   46 5.42161E+00
   45 1.25656E+00
   44 8.56641E-01
   43 9.04503E-02
   42 3.43402E-02
   41 2.22521E-02
   40 1.82361E-03

 Total residual production cross section:   784.9946899
 Non-elastic cross section              :   784.0720215

 ########## RESULTS FOR E=  90.00000 ##########

 Energy dependent input flags

 Width fluctuations (flagwidth)            : n
 Unresolved resonance parameters (flagurr) : n
 Preequilibrium (flagpreeq)                : y
 Multiple preequilibrium (flagmulpre)      : y
 Number of continuum excitation energy bins: 40

 ########### REACTION SUMMARY FOR E=  90.00000 ###########

 Center-of-mass energy:   88.274

 1. Total (binary) cross sections

   Reaction        = 7.54064E+02
     Compound elastic= 9.57900E-08
     Non-elastic     = 7.54064E+02
       Direct          = 1.36852E+01
       Pre-equilibrium = 7.18199E+02
       Giant resonance = 2.21799E+01
       Compound non-el = 0.00000E+00

 2. Binary non-elastic cross sections (non-exclusive)

 gamma   = 7.85949E-01
 neutron = 2.01117E+02
 proton  = 4.23254E+02
 deuteron= 6.72263E+01
 triton  = 9.05543E+00
 helium-3= 3.85210E+01
 alpha   = 1.41042E+01

 3. Total particle production cross sections

 gamma   = 6.47569E+02    Multiplicity= 8.58772E-01
 neutron = 8.61827E+02    Multiplicity= 1.14291E+00
 proton  = 1.60578E+03    Multiplicity= 2.12950E+00
 deuteron= 7.85040E+01    Multiplicity= 1.04108E-01
 triton  = 9.51624E+00    Multiplicity= 1.26199E-02
 helium-3= 3.93176E+01    Multiplicity= 5.21410E-02
 alpha   = 6.05102E+01    Multiplicity= 8.02455E-02

 4. Residual production cross sections

   a. Per isotope

   Z   A  nuclide    total     level   isomeric    isomeric    lifetime
                 cross section       cross section  ratio

   27  55 ( 55Co) 3.13878E-02    0    3.13878E-02  1.00000
   27  54 ( 54Co) 2.28509E+00    0    1.67412E+00  0.73263
                                 1    6.10968E-01  0.26737   8.88000E+01 sec. 
   26  54 ( 54Fe) 3.27244E+01    0    3.27244E+01  1.00000
   27  53 ( 53Co) 8.07970E-02    0    8.07970E-02  1.00000
   26  53 ( 53Fe) 7.54195E+01    0    6.93209E+01  0.91914
                                22    6.09858E+00  0.08086   1.52400E+02 sec. 
   25  53 ( 53Mn) 6.34501E+01    0    6.34501E+01  1.00000
   27  52 ( 52Co) 1.17890E-03    0    1.17890E-03  1.00000
   26  52 ( 52Fe) 1.21380E+01    0    1.20329E+01  0.99135
                                42    1.05042E-01  0.00865   4.59000E+01 sec. 
   25  52 ( 52Mn) 1.31773E+02    0    7.65233E+01  0.58072
                                 1    5.52501E+01  0.41928   1.26600E+03 sec. 
   24  52 ( 52Cr) 2.52457E+01    0    2.52457E+01  1.00000
   27  51 ( 51Co) 3.19770E-05    0    3.19770E-05  1.00000
   26  51 ( 51Fe) 3.30267E-01    0    3.30267E-01  1.00000
   25  51 ( 51Mn) 6.16105E+01    0    6.16105E+01  1.00000
   24  51 ( 51Cr) 7.70596E+01    0    7.70596E+01  1.00000
   23  51 ( 51V ) 1.05566E+00    0    1.05566E+00  1.00000
   26  50 ( 50Fe) 2.55402E-03    0    2.55402E-03  1.00000
   25  50 ( 50Mn) 5.19225E+00    0    2.62606E+00  0.50577
                                 1    2.56619E+00  0.49423   1.05000E+02 sec. 
   24  50 ( 50Cr) 1.14943E+02    0    1.14943E+02  1.00000
   23  50 ( 50V ) 8.17819E+00    0    8.17819E+00  1.00000
   22  50 ( 50Ti) 3.04556E-02    0    3.04556E-02  1.00000
   25  49 ( 49Mn) 9.51372E-02    0    9.51372E-02  1.00000
   24  49 ( 49Cr) 3.77952E+01    0    3.77952E+01  1.00000
   23  49 ( 49V ) 3.73248E+01    0    3.73248E+01  1.00000
   22  49 ( 49Ti) 4.08521E-01    0    4.08521E-01  1.00000
   25  48 ( 48Mn) 9.81009E-04    0    9.81009E-04  1.00000
   24  48 ( 48Cr) 3.97584E+00    0    3.97584E+00  1.00000
   23  48 ( 48V ) 2.48896E+01    0    2.48896E+01  1.00000
   22  48 ( 48Ti) 2.61198E+00    0    2.61198E+00  1.00000
   21  48 ( 48Sc) 1.06901E-03    0    1.06901E-03  1.00000
   24  47 ( 47Cr) 1.00916E-01    0    1.00916E-01  1.00000
   23  47 ( 47V ) 1.12261E+01    0    1.12261E+01  1.00000
   22  47 ( 47Ti) 6.32221E+00    0    6.32221E+00  1.00000
   21  47 ( 47Sc) 5.31402E-02    0    5.31402E-02  1.00000
   23  46 ( 46V ) 1.49169E+00    0    1.49169E+00  1.00000
   22  46 ( 46Ti) 1.17698E+01    0    1.17698E+01  1.00000
   21  46 ( 46Sc) 7.87920E-02    0    6.44232E-02  0.81764
                                 2    1.43688E-02  0.18236   1.87500E+01 sec. 
   23  45 ( 45V ) 8.98776E-03    0    8.98776E-03  1.00000
   22  45 ( 45Ti) 2.55879E+00    0    2.55879E+00  1.00000
   21  45 ( 45Sc) 3.71957E-01    0    3.71957E-01  1.00000
   22  44 ( 44Ti) 5.27234E-01    0    5.27234E-01  1.00000
   21  44 ( 44Sc) 9.94057E-01    0    6.90261E-01  0.69439
                                 4    3.03796E-01  0.30561   2.11000E+05 sec. 
   20  44 ( 44Ca) 2.07945E-02    0    2.07945E-02  1.00000
   22  43 ( 43Ti) 1.51702E-03    0    1.51702E-03  1.00000
   21  43 ( 43Sc) 5.55185E-01    0    5.55185E-01  1.00000
   20  43 ( 43Ca) 5.63075E-02    0    5.63075E-02  1.00000
   21  42 ( 42Sc) 1.48079E-02    0    7.40280E-03  0.49992
                                 2    7.40506E-03  0.50008   6.17000E+01 sec. 
   20  42 ( 42Ca) 9.06434E-02    0    9.06434E-02  1.00000
   21  41 ( 41Sc) 5.68162E-04    0    5.68162E-04  1.00000
   20  41 ( 41Ca) 6.28032E-02    0    6.28032E-02  1.00000
   19  41 ( 41K ) 2.83016E-03    0    2.83016E-03  1.00000
   20  40 ( 40Ca) 2.14364E-02    0    2.14364E-02  1.00000
   19  40 ( 40K ) 4.24680E-03    0    4.24680E-03  1.00000
   19  39 ( 39K ) 1.58964E-03    0    1.58964E-03  1.00000

   b. Per mass

   A  cross section

   55 3.13878E-02
   54 3.50095E+01
   53 1.38950E+02
   52 1.69158E+02
   51 1.40056E+02
   50 1.28346E+02
   49 7.56236E+01
   48 3.14795E+01
   47 1.77024E+01
   46 1.33403E+01
   45 2.93973E+00
   44 1.54209E+00
   43 6.13010E-01
   42 1.05451E-01
   41 6.62015E-02
   40 2.56832E-02
   39 1.58964E-03

 Total residual production cross section:   754.9915771
 Non-elastic cross section              :   754.0640259

 ########## RESULTS FOR E= 100.00000 ##########

 Energy dependent input flags

 Width fluctuations (flagwidth)            : n
 Unresolved resonance parameters (flagurr) : n
 Preequilibrium (flagpreeq)                : y
 Multiple preequilibrium (flagmulpre)      : y
 Number of continuum excitation energy bins: 40

 ########### REACTION SUMMARY FOR E= 100.00000 ###########

 Center-of-mass energy:   98.073

 1. Total (binary) cross sections

   Reaction        = 7.29134E+02
     Compound elastic= 9.33250E-08
     Non-elastic     = 7.29134E+02
       Direct          = 1.11672E+01
       Pre-equilibrium = 6.99662E+02
       Giant resonance = 1.83051E+01
       Compound non-el = 0.00000E+00

 2. Binary non-elastic cross sections (non-exclusive)

 gamma   = 7.32310E-01
 neutron = 1.95315E+02
 proton  = 4.01785E+02
 deuteron= 6.46293E+01
 triton  = 1.09012E+01
 helium-3= 4.14503E+01
 alpha   = 1.43209E+01

 3. Total particle production cross sections

 gamma   = 6.29804E+02    Multiplicity= 8.63770E-01
 neutron = 9.37230E+02    Multiplicity= 1.28540E+00
 proton  = 1.62418E+03    Multiplicity= 2.22755E+00
 deuteron= 7.97009E+01    Multiplicity= 1.09309E-01
 triton  = 1.16348E+01    Multiplicity= 1.59571E-02
 helium-3= 4.26437E+01    Multiplicity= 5.84855E-02
 alpha   = 6.67158E+01    Multiplicity= 9.15001E-02

 4. Residual production cross sections

   a. Per isotope

   Z   A  nuclide    total     level   isomeric    isomeric    lifetime
                 cross section       cross section  ratio

   27  55 ( 55Co) 2.66982E-02    0    2.66982E-02  1.00000
   27  54 ( 54Co) 1.83685E+00    0    1.39675E+00  0.76040
                                 1    4.40104E-01  0.23960   8.88000E+01 sec. 
   26  54 ( 54Fe) 2.76283E+01    0    2.76283E+01  1.00000
   27  53 ( 53Co) 6.50407E-02    0    6.50407E-02  1.00000
   26  53 ( 53Fe) 6.73779E+01    0    6.20164E+01  0.92043
                                22    5.36145E+00  0.07957   1.52400E+02 sec. 
   25  53 ( 53Mn) 5.35072E+01    0    5.35072E+01  1.00000
   27  52 ( 52Co) 1.02890E-03    0    1.02890E-03  1.00000
   26  52 ( 52Fe) 1.16343E+01    0    1.15463E+01  0.99243
                                42    8.80163E-02  0.00757   4.59000E+01 sec. 
   25  52 ( 52Mn) 1.14320E+02    0    6.55010E+01  0.57296
                                 1    4.88194E+01  0.42704   1.26600E+03 sec. 
   24  52 ( 52Cr) 2.04228E+01    0    2.04228E+01  1.00000
   27  51 ( 51Co) 2.64225E-05    0    2.64225E-05  1.00000
   26  51 ( 51Fe) 3.20528E-01    0    3.20528E-01  1.00000
   25  51 ( 51Mn) 5.89791E+01    0    5.89791E+01  1.00000
   24  51 ( 51Cr) 6.62465E+01    0    6.62465E+01  1.00000
   23  51 ( 51V ) 8.12167E-01    0    8.12167E-01  1.00000
   26  50 ( 50Fe) 2.61562E-03    0    2.61562E-03  1.00000
   25  50 ( 50Mn) 5.53721E+00    0    2.91646E+00  0.52670
                                 1    2.62075E+00  0.47330   1.05000E+02 sec. 
   24  50 ( 50Cr) 1.04016E+02    0    1.04016E+02  1.00000
   23  50 ( 50V ) 6.94445E+00    0    6.94445E+00  1.00000
   22  50 ( 50Ti) 4.20891E-02    0    4.20891E-02  1.00000
   25  49 ( 49Mn) 1.25069E-01    0    1.25069E-01  1.00000
   24  49 ( 49Cr) 4.17254E+01    0    4.17254E+01  1.00000
   23  49 ( 49V ) 4.50451E+01    0    4.50451E+01  1.00000
   22  49 ( 49Ti) 4.96630E-01    0    4.96630E-01  1.00000
   25  48 ( 48Mn) 1.79794E-03    0    1.79794E-03  1.00000
   24  48 ( 48Cr) 6.52587E+00    0    6.52587E+00  1.00000
   23  48 ( 48V ) 3.79954E+01    0    3.79954E+01  1.00000
   22  48 ( 48Ti) 5.34207E+00    0    5.34207E+00  1.00000
   21  48 ( 48Sc) 4.61375E-03    0    4.61375E-03  1.00000
   24  47 ( 47Cr) 1.22547E-01    0    1.22547E-01  1.00000
   23  47 ( 47V ) 1.56231E+01    0    1.56231E+01  1.00000
   22  47 ( 47Ti) 5.99918E+00    0    5.99918E+00  1.00000
   21  47 ( 47Sc) 6.13380E-02    0    6.13380E-02  1.00000
   24  46 ( 46Cr) 8.13657E-04    0    8.13657E-04  1.00000
   23  46 ( 46V ) 3.18142E+00    0    3.18142E+00  1.00000
   22  46 ( 46Ti) 1.49181E+01    0    1.49181E+01  1.00000
   21  46 ( 46Sc) 1.58687E-01    0    1.29969E-01  0.81903
                                 2    2.87179E-02  0.18097   1.87500E+01 sec. 
   23  45 ( 45V ) 3.27894E-02    0    3.27894E-02  1.00000
   22  45 ( 45Ti) 6.95790E+00    0    6.95790E+00  1.00000
   21  45 ( 45Sc) 1.17950E+00    0    1.17950E+00  1.00000
   20  45 ( 45Ca) 7.59222E-04    0    7.59222E-04  1.00000
   23  44 ( 44V ) 1.95655E-04    0    1.95655E-04  1.00000
   22  44 ( 44Ti) 1.17305E+00    0    1.17305E+00  1.00000
   21  44 ( 44Sc) 1.58910E+00    0    9.84679E-01  0.61965
                                 4    6.04417E-01  0.38035   2.11000E+05 sec. 
   20  44 ( 44Ca) 3.09214E-02    0    3.09214E-02  1.00000
   22  43 ( 43Ti) 8.16309E-03    0    8.16309E-03  1.00000
   21  43 ( 43Sc) 1.37480E+00    0    1.37480E+00  1.00000
   20  43 ( 43Ca) 1.35212E-01    0    1.35212E-01  1.00000
   21  42 ( 42Sc) 9.12256E-02    0    4.40894E-02  0.48330
                                 2    4.71362E-02  0.51670   6.17000E+01 sec. 
   20  42 ( 42Ca) 5.06518E-01    0    5.06518E-01  1.00000
   21  41 ( 41Sc) 7.72121E-04    0    7.72121E-04  1.00000
   20  41 ( 41Ca) 1.17355E-01    0    1.17355E-01  1.00000
   19  41 ( 41K ) 5.28298E-03    0    5.28298E-03  1.00000
   20  40 ( 40Ca) 5.77305E-02    0    5.77305E-02  1.00000
   19  40 ( 40K ) 2.29172E-02    0    2.29172E-02  1.00000
   19  39 ( 39K ) 1.69939E-02    0    1.69939E-02  1.00000
   19  38 ( 38K ) 9.57781E-04    0    9.57781E-04  1.00000
   18  38 ( 38Ar) 1.55828E-03    0    1.55828E-03  1.00000
   18  37 ( 37Ar) 1.75054E-03    0    1.75054E-03  1.00000

   b. Per mass

   A  cross section

   55 2.66982E-02
   54 2.94651E+01
   53 1.20950E+02
   52 1.46379E+02
   51 1.26358E+02
   50 1.16543E+02
   49 8.73921E+01
   48 4.98697E+01
   47 2.18062E+01
   46 1.82590E+01
   45 8.17095E+00
   44 2.79326E+00
   43 1.51818E+00
   42 5.97744E-01
   41 1.23410E-01
   40 8.06478E-02
   39 1.69939E-02
   38 2.51606E-03
   37 1.75054E-03

 Total residual production cross section:   730.3541260
 Non-elastic cross section              :   729.1339722

 Execution time:  0 hours  0 minutes 37.92 seconds 

 The TALYS team congratulates you with this successful calculation.

    TALYS-2.0 (Version: December 29, 2023)

 Copyright (C) 2023  A.J. Koning, S. Hilaire and S. Goriely

 Dimensions - Cross sections: mb, Energies: MeV, Angles: degrees

 ########## USER INPUT ##########

 USER INPUT FILE

 #
 # p-fe000-rp
 #
 # general
 #
 projectile p
 element fe
 mass 0
 energy energies
 #
 # output
 #
 fileresidual     y

 USER INPUT FILE + DEFAULTS

 Keyword           Value   Variable     Explanation

 #
 # Four main keywords
 #
 projectile          p     ptype0       type of incident particle
 element            Fe     Starget      symbol of target nucleus
 mass               56     mass         mass number of target nucleus
 energy energies           energyfile   file with incident energies
 #
 # Basic physical and numerical parameters
 #
 ejectiles g n p d t h a   outtype      outgoing particles
 maxz               12     maxZ         maximal number of protons from the initial compound nucleus
 maxn               27     maxN         maximal number of neutrons from the initial compound nucleus
 bins               40     nbins        number of continuum excitation energy bins
 equidistant         y     flagequi     flag to use equidistant excitation bins instead of logarithmic bins
 equispec            n     flagequispec flag to use equidistant bins for emission spectra
 popmev              n     flagpopmev   flag to use initial population per MeV instead of histograms
 segment             1     segment      number of segments to divide emission energy grid
 maxlevelstar       30     nlevmax      maximum number of included discrete levels for target
 maxlevelsres       10     nlevmaxres   maximum number of included discrete levels for residual nucleus
 maxlevelsbin g     10     nlevbin      maximum number of included discrete levels for gamma    channel
 maxlevelsbin n     10     nlevbin      maximum number of included discrete levels for neutron  channel
 maxlevelsbin p     30     nlevbin      maximum number of included discrete levels for proton   channel
 maxlevelsbin d      5     nlevbin      maximum number of included discrete levels for deuteron channel
 maxlevelsbin t      5     nlevbin      maximum number of included discrete levels for triton   channel
 maxlevelsbin h      5     nlevbin      maximum number of included discrete levels for helium-3 channel
 maxlevelsbin a     10     nlevbin      maximum number of included discrete levels for alpha    channel
 ltarget             0     ltarget      excited level of target
 isomer           1.00E+00 isomer       definition of isomer in seconds
 transpower          5     transpower   power for transmission coefficient limit
 transeps         1.00E-08 transeps     limit for transmission coefficient
 xseps            1.00E-07 xseps        limit for cross sections
 popeps           1.00E-03 popeps       limit for population cross section per nucleus
 Rfiseps          1.00E-03 Rfiseps      ratio for limit for fission cross section per nucleus
 elow             1.00E-06 elow         minimal incident energy for nuclear model calculations
 angles             90     nangle       number of angles
 anglescont         18     nanglecont   number of angles for continuum
 anglesrec           1     nanglerec    number of recoil angles
 maxenrec           20     maxenrec     number of recoil energies
 channels            n     flagchannels flag for exclusive channels calculation
 maxchannel          4     maxchannel   maximal number of outgoing particles in individual channel description
 micro               n     flagmicro    flag for completely microscopic Talys calculation
 best                n     flagbest     flag to use best set of adjusted parameters
 bestbranch          y     flagbestbr   flag to use flag to use only best set of branching ratios
 bestend             n     flagbestend  flag to put best set of parameters at end of input file
 relativistic        y     flagrel      flag for relativistic kinematics
 recoil              n     flagrecoil   flag for calculation of recoils
 labddx              n     flaglabddx   flag for calculation of DDX in LAB system
 recoilaverage       n     flagrecoilav flag for average velocity in recoil calculation
 channelenergy       n     flagEchannel flag for channel energy for emission spectrum
 reaction            y     flagreaction flag for calculation of nuclear reactions
 fit                 n     flagfit      flag to use automatically fitted parameters
 ngfit               n     flagngfit    flag for using fitted (n,g) nuclear model parameters
 nffit               n     flagnffit    flag for using fitted (n,f) nuclear model parameters
 nnfit               n     flagnnfit    flag for using fitted (n,n), (n,2n) and (n,p) nuclear model parameters
 nafit               n     flagnafit    flag for using fitted (n,a) nuclear model parameters
 pnfit               n     flagpnfit    flag for using fitted (p,n) nuclear model parameters
 dnfit               n     flagdnfit    flag for using fitted (d,n) nuclear model parameters
 gnfit               n     flaggnfit    flag for using fitted (g,n) nuclear model parameters
 anfit               n     flaganfit    flag for using fitted (a,n) nuclear model parameters
 gamgamfit           n    flaggamgamfit flag for using fitted Gamma_gamma nuclear model parameters
 macsfit             n     flagmacsfit  flag for using fitted MACS nuclear model parameters
 astro               n     flagastro    flag for calculation of astrophysics reaction rate
 astrogs             n     flagastrogs  flag for calculation of astrophysics reaction rate with target in ground state only
 astroex             n     flagastroex  flag for calculation of astrophysics reaction rate to long-lived excited states
 nonthermlev        -1     nonthermlev  excited level non-thermalized in the calculation of astrophysics rate
 massmodel           2     massmodel    model for theoretical nuclear mass
 expmass             y     flagexpmass  flag for using experimental nuclear mass if available
 disctable           1     disctable    table with discrete levels
 production          n     flagprod     flag for isotope production
 outfy               n     flagoutfy    flag for output detailed fission yield calculation
 gefran          50000     gefran       number of random events for GEF calculation
 Estop            1000.000 Estop        incident energy above which TALYS stops
 rpevap              n     flagrpevap   flag for evaporation of residual products at high incident energies
 maxZrp             12     maxZrp       maximal number of protons from the initial compound nucleus before residual evaporation
 maxNrp             32     maxNrp       maximal number of neutrons from the initial compound nucleus before residual evaporation
 user      Arjan Koning    user         user for this calculation
 source    TALYS-2.0       source       source for this calculation
 format    YANDF-0.1       oformat      format for output
 #
 # Optical model
 #
 localomp            y     flaglocalomp flag for local (y) or global (n) optical model
 dispersion          n     flagdisp     flag for dispersive optical model
 jlmomp              n     flagjlm      flag for using semi-microscopic JLM OMP
 riplomp             n     flagriplomp  flag for RIPL OMP
 riplrisk            n     flagriplrisk flag for going outside RIPL mass validity range
 optmodall           n     flagompall   flag for new optical model calculation for all residual nuclei
 incadjust           y     flagincadj   flag for OMP adjustment on incident channel also
 omponly             n     flagomponly  flag to execute ONLY an optical model calculation
 autorot             n     flagautorot  flag for automatic rotational coupled channels calculations for A > 150
 spherical           n     flagspher    flag to force spherical optical model
 soukho              y     flagsoukho   flag for Soukhovitskii OMP for actinides
 coulomb             y     flagcoulomb  flag for Coulomb excitation calculation with ECIS
 statepot            n     flagstate    flag for optical model potential for each excited state
 maxband             0     maxband      highest vibrational band added to rotational model
 maxrot              2     maxrot       number of included excited rotational levels
 sysreaction               sysreaction  particles with reaction cross section from systematics
 rotational                rotational   particles with possible rotational optical model
 core               -1     core         even-even core for weakcoupling (-1 or 1)
 ecissave            n     flagecissave flag for saving ECIS input and output files
 eciscalc            y     flageciscalc flag for new ECIS calculation for outgoing particles and energy grid
 inccalc             y     flaginccalc  flag for new ECIS calculation for incident channel
 endfecis            y     flagendfecis flag for new ECIS calculation for ENDF-6 files
 radialmodel         2     radialmodel  model for radial matter densities (JLM OMP only)
 jlmmode             0     jlmmode      option for JLM imaginary potential normalization
 alphaomp            6     alphaomp     alpha OMP (1=normal, 2= McFadden-Satchler, 3-5= folding potential, 6,8= Avrigeanu, 7=Nolte)
 deuteronomp         4     deuteronomp  deuteron OMP (1=normal, 2=Daehnick, 3=Bojowald, 4=Han-Shi-Shen, 5=An-Cai)
 #
 # Compound nucleus
 #
 widthfluc          10.184 ewfc         off-set incident energy for width fluctuation calculation
 widthmode           2     wmode        designator for width fluctuation model
 WFCfactor           1     WFCfactor    enhancement factor for WFC: 1: Original, 2: Ernebjerg and Herman
 compound            y     flagcomp     flag for compound nucleus model
 fullhf              n     flagfullhf   flag for full spin dependence of transmission coefficients
 eciscompound        n     flageciscomp flag for compound nucleus calculation by ECIS
 cpang               n     flagcpang    flag for compound angular distribution calculation for incident charged particles
 urr                 n     flagurr      flag for URR calculation
 urrnjoy             n     flagurrnjoy  flag for normalization of URR parameters with NJOY method
 lurr                2     lurr         maximal orbital angular momentum for URR
 #
 # Gamma emission
 #
 gammax              2     gammax       number of l-values for gamma multipolarity
 strength            9     strength     model for E1 gamma-ray strength function
 strengthM1          3     strengthM1   model for M1 gamma-ray strength function
 electronconv        y     flagelectron flag for application of electron conversion coefficient
 racap               n     flagracap    flag for radiative capture model
 ldmodelracap        3     ldmodelracap level density model for direct radiative capture
 upbend              y     flagupbend   flag for low-energy upbend of photon strength function
 psfglobal           n    flagpsfglobal flag for global photon strength functions only
 gnorm               n     flaggnorm    flag to normalize PSF to average radiative width
 #
 # Pre-equilibrium
 #
 preequilibrium      4.049 epreeq       on-set incident energy for preequilibrium calculation
 preeqmode           2     preeqmode    designator for pre-equilibrium model
 multipreeq         20.000 emulpre      on-set incident energy for multiple preequilibrium
 mpreeqmode          2     mpreeqmode   designator for multiple pre-equilibrium model
 breakupmodel        1     breakupmodel model for break-up reaction: 1. Kalbach 2. Avrigeanu
 phmodel             1     phmodel      particle-hole state density model
 pairmodel           2     pairmodel    designator for pre-equilibrium pairing model
 preeqspin           2     pespinmodel  model for pre-equilibrium spin distribution
 giantresonance      y     flaggiant    flag for collective contribution from giant resonances
 preeqsurface        y     flagsurface  flag for surface effects in exciton model
 preeqcomplex        y     flagpecomp   flag for Kalbach complex particle emission model
 twocomponent        y     flag2comp    flag for two-component pre-equilibrium model
 ecisdwba            y     flagecisdwba flag for new ECIS calculation for DWBA for MSD
 onestep             n     flagonestep  flag for continuum one-step direct only
 #
 # Level densities
 #
 ldmodel             1     ldmodelall   level density model
 ldmodelCN           1     ldmodelCN    level density model for compound nucleus
 shellmodel          1     shellmodel   model for shell correction energies
 kvibmodel           2     kvibmodel    model for vibrational enhancement
 spincutmodel        1     spincutmodel model for spin cutoff factor for ground state
 asys                n     flagasys     flag for all level density parameters a from systematics
 parity              n     flagparity   flag for non-equal parity distribution
 colenhance          n     flagcolall   flag for collective enhancement of level density for all nuclides
 ctmglobal           n     flagctmglob  flag for global CTM model (no discrete level info)
 gshell              n     flaggshell   flag for energy dependence of single particle level density parameter g
 colldamp            n     flagcolldamp flag for damping of collective effects in effective level density
 #
 # Fission
 #
 fission             n     flagfission  flag for fission
 fismodel            3     fismodel     fission model
 fismodelalt         3     fismodelalt  alternative fission model for default barriers
 hbstate             n     flaghbstate  flag for head band states in fission
 class2              n     flagclass2   flag for class2 states in fission
 fispartdamp         n  flagfispartdamp flag for fission partial damping
 massdis             n     flagmassdis  flag for calculation of fission fragment mass yields
 ffevaporation       y     flagffevap   flag for calculation of particle evaporation from fission fragment mass yields
 fisfeed             n     flagfisfeed  flag for output of fission per excitation bin
 fymodel             2     fymodel      fission yield model, 1: Brosa 2: GEF
 ffmodel             1     ffmodel      fission fragment model, 1: GEF 2: HF3D (Okumura) 3: SPY 4: Langevin-4D 0: own files
 pfnsmodel           1     pfnsmodel    PFNS model, 1: Iwamoto 2: from FF decay
 ffspin              n     flagffspin   flag to use spin distribution in initial FF population
 #
 # Output
 #
 outmain             y     flagmain     flag for main output
 outbasic            n     flagbasic    flag for output of basic information and results
 outall              n     flagoutall   flag for output of all data in main output file
 outpopulation       n     flagpop      flag for output of population
 outcheck            n     flagcheck    flag for output of numerical checks
 outlevels           n     flaglevels   flag for output of discrete level information
 outdensity          n     flagdensity  flag for output of level densities
 outomp              n     flagoutomp   flag for output of optical model parameters
 outkd               n     flagoutkd    flag for output of KD03 OMP parameters
 outdirect           n     flagdirect   flag for output of direct reaction results
 outinverse          n     flaginverse  flag for output of transmission coefficients and inverse reaction cross sections
 outdecay            n     flagdecay    flag for output of decay of each population bin
 outtransenergy      y     flagtransen  flag for output of transmission coefficients per energy
 outecis             n     flagoutecis  flag for output of ECIS results
 outgamma            n     flaggamma    flag for output of gamma-ray information
 outpreequilibrium   n     flagpeout    flag for output of pre-equilibrium results 
 outfission          n     flagfisout   flag for output of fission information
 outdiscrete         n     flagdisc     flag for output of discrete state cross sections
 outspectra          n     flagspec     flag for output of double-differential cross sections
 outbinspectra       n     flagbinspec  flag for output of emission spectrum per excitation bin
 resonance           n     flagres      flag for output of low energy resonance cross sections
 group               n     flaggroup    flag for output of low energy groupwise cross sections
 adddiscrete         y     flagadd      flag for addition of discrete states to spectra
 addelastic          y     flagaddel    flag for addition of elastic peak to spectra
 outangle            n     flagang      flag for output of angular distributions
 outlegendre         n     flaglegendre flag for output of Legendre coefficients
 ddxmode             0     ddxmode      mode for double-differential cross sections
 outdwba             n     flagoutdwba  flag for output of DWBA cross sections for MSD
 outgamdis           n     flaggamdis   flag for output of discrete gamma-ray intensities
 outexcitation       y     flagexc      flag for output of excitation functions
 components          n     flagcompo    flag for output of cross section components
 endf                n     flagendf     flag for information for ENDF-6 file
 endfdetail          n     flagendfdet  flag for detailed ENDF-6 information per channel
 sacs                n     flagsacs     flag for statistical analysis of cross sections
 partable            n     flagpartable flag for output of model parameters on separate file
 block               n     flagblock    flag to block spectra, angle and gamma files

 ########## BASIC REACTION PARAMETERS ##########

 Projectile           : proton      Mass in a.m.u.      :   1.007276
 Target               : Fe56        Mass in a.m.u.      :  55.934936

 Included channels:
                     gamma   
                     neutron 
                     proton  
                     deuteron
                     triton  
                     helium-3
                     alpha   

    24 incident energies (LAB):

      1.000
      2.000
      3.000
      4.000
      5.000
      6.000
      8.000
     10.000
     12.000
     14.000
     16.000
     18.000
     20.000
     25.000
     30.000
     35.000
     40.000
     45.000
     50.000
     60.000
     70.000
     80.000
     90.000
    100.000

 Q-values for binary reactions:

 Q(p,g):  6.02746
 Q(p,n): -5.34900
 Q(p,p):  0.00000
 Q(p,d): -8.97249
 Q(p,t):-12.01337
 Q(p,h):-12.69115
 Q(p,a): -1.05276

 ########## RESULTS FOR E=   1.00000 ##########

 Energy dependent input flags

 Width fluctuations (flagwidth)            : y
 Unresolved resonance parameters (flagurr) : n
 Preequilibrium (flagpreeq)                : n
 Multiple preequilibrium (flagmulpre)      : n
 Number of continuum excitation energy bins: 40

 ########### REACTION SUMMARY FOR E=   1.00000 ###########

 Center-of-mass energy:    0.982

 1. Total (binary) cross sections

   Reaction        = 3.30007E-03
     Compound elastic= 6.58008E-04
     Non-elastic     = 2.64206E-03
       Direct          = 2.48516E-29
       Pre-equilibrium = 0.00000E+00
       Compound non-el = 2.64206E-03

 2. Binary non-elastic cross sections (non-exclusive)

 gamma   = 2.64206E-03
 neutron = 0.00000E+00
 proton  = 2.48516E-29
 deuteron= 0.00000E+00
 triton  = 0.00000E+00
 helium-3= 0.00000E+00
 alpha   = 0.00000E+00

 3. Total particle production cross sections

 gamma   = 4.56234E-03    Multiplicity= 1.72681E+00
 neutron = 0.00000E+00    Multiplicity= 0.00000E+00
 proton  = 2.48516E-29    Multiplicity= 9.40614E-27
 deuteron= 0.00000E+00    Multiplicity= 0.00000E+00
 triton  = 0.00000E+00    Multiplicity= 0.00000E+00
 helium-3= 0.00000E+00    Multiplicity= 0.00000E+00
 alpha   = 0.00000E+00    Multiplicity= 0.00000E+00

 4. Residual production cross sections

   a. Per isotope

   Z   A  nuclide    total     level   isomeric    isomeric    lifetime
                 cross section       cross section  ratio

   27  57 ( 57Co) 2.63423E-03    0    2.63423E-03  1.00000

   b. Per mass

   A  cross section

   57 2.63423E-03

 Total residual production cross section:     0.0026342
 Non-elastic cross section              :     0.0026421

 ########## RESULTS FOR E=   2.00000 ##########

 Energy dependent input flags

 Width fluctuations (flagwidth)            : y
 Unresolved resonance parameters (flagurr) : n
 Preequilibrium (flagpreeq)                : n
 Multiple preequilibrium (flagmulpre)      : n
 Number of continuum excitation energy bins: 40

 ########### REACTION SUMMARY FOR E=   2.00000 ###########

 Center-of-mass energy:    1.965

 1. Total (binary) cross sections

   Reaction        = 2.54302E+00
     Compound elastic= 2.33062E+00
     Non-elastic     = 2.12404E-01
       Direct          = 6.22890E-07
       Pre-equilibrium = 0.00000E+00
       Compound non-el = 2.12403E-01

 2. Binary non-elastic cross sections (non-exclusive)

 gamma   = 1.96446E-01
 neutron = 0.00000E+00
 proton  = 1.59582E-02
 deuteron= 0.00000E+00
 triton  = 0.00000E+00
 helium-3= 0.00000E+00
 alpha   = 0.00000E+00

 3. Total particle production cross sections

 gamma   = 3.42967E-01    Multiplicity= 1.61469E+00
 neutron = 0.00000E+00    Multiplicity= 0.00000E+00
 proton  = 1.61150E-02    Multiplicity= 7.58695E-02
 deuteron= 0.00000E+00    Multiplicity= 0.00000E+00
 triton  = 0.00000E+00    Multiplicity= 0.00000E+00
 helium-3= 0.00000E+00    Multiplicity= 0.00000E+00
 alpha   = 0.00000E+00    Multiplicity= 0.00000E+00

 4. Residual production cross sections

   a. Per isotope

   Z   A  nuclide    total     level   isomeric    isomeric    lifetime
                 cross section       cross section  ratio

   27  57 ( 57Co) 1.96288E-01    0    1.96288E-01  1.00000
   26  56 ( 56Fe) 1.61150E-02    0    1.61150E-02  1.00000

   b. Per mass

   A  cross section

   57 1.96288E-01
   56 1.61150E-02

 Total residual production cross section:     0.2124031
 Non-elastic cross section              :     0.2124040

 ########## RESULTS FOR E=   3.00000 ##########

 Energy dependent input flags

 Width fluctuations (flagwidth)            : y
 Unresolved resonance parameters (flagurr) : n
 Preequilibrium (flagpreeq)                : n
 Multiple preequilibrium (flagmulpre)      : n
 Number of continuum excitation energy bins: 40

 ########### REACTION SUMMARY FOR E=   3.00000 ###########

 Center-of-mass energy:    2.947

 1. Total (binary) cross sections

   Reaction        = 3.92283E+01
     Compound elastic= 3.49589E+01
     Non-elastic     = 4.26942E+00
       Direct          = 4.95843E-03
       Pre-equilibrium = 0.00000E+00
       Compound non-el = 4.26446E+00

 2. Binary non-elastic cross sections (non-exclusive)

 gamma   = 5.32424E-01
 neutron = 0.00000E+00
 proton  = 3.73700E+00
 deuteron= 0.00000E+00
 triton  = 0.00000E+00
 helium-3= 0.00000E+00
 alpha   = 0.00000E+00

 3. Total particle production cross sections

 gamma   = 9.59594E-01    Multiplicity= 2.24760E-01
 neutron = 0.00000E+00    Multiplicity= 0.00000E+00
 proton  = 3.74123E+00    Multiplicity= 8.76286E-01
 deuteron= 0.00000E+00    Multiplicity= 0.00000E+00
 triton  = 0.00000E+00    Multiplicity= 0.00000E+00
 helium-3= 0.00000E+00    Multiplicity= 0.00000E+00
 alpha   = 0.00000E+00    Multiplicity= 0.00000E+00

 4. Residual production cross sections

   a. Per isotope

   Z   A  nuclide    total     level   isomeric    isomeric    lifetime
                 cross section       cross section  ratio

   27  57 ( 57Co) 5.28185E-01    0    5.28185E-01  1.00000
   26  56 ( 56Fe) 3.74123E+00    0    3.74123E+00  1.00000

   b. Per mass

   A  cross section

   57 5.28185E-01
   56 3.74123E+00

 Total residual production cross section:     4.2694192
 Non-elastic cross section              :     4.2694206

 ########## RESULTS FOR E=   4.00000 ##########

 Energy dependent input flags

 Width fluctuations (flagwidth)            : y
 Unresolved resonance parameters (flagurr) : n
 Preequilibrium (flagpreeq)                : n
 Multiple preequilibrium (flagmulpre)      : n
 Number of continuum excitation energy bins: 40

 ########### REACTION SUMMARY FOR E=   4.00000 ###########

 Center-of-mass energy:    3.929

 1. Total (binary) cross sections

   Reaction        = 1.61956E+02
     Compound elastic= 1.26790E+02
     Non-elastic     = 3.51662E+01
       Direct          = 3.53508E-01
       Pre-equilibrium = 0.00000E+00
       Compound non-el = 3.48127E+01

 2. Binary non-elastic cross sections (non-exclusive)

 gamma   = 8.46680E-01
 neutron = 0.00000E+00
 proton  = 3.43195E+01
 deuteron= 0.00000E+00
 triton  = 0.00000E+00
 helium-3= 0.00000E+00
 alpha   = 0.00000E+00

 3. Total particle production cross sections

 gamma   = 1.58372E+00    Multiplicity= 4.50353E-02
 neutron = 0.00000E+00    Multiplicity= 0.00000E+00
 proton  = 3.43422E+01    Multiplicity= 9.76570E-01
 deuteron= 0.00000E+00    Multiplicity= 0.00000E+00
 triton  = 0.00000E+00    Multiplicity= 0.00000E+00
 helium-3= 0.00000E+00    Multiplicity= 0.00000E+00
 alpha   = 0.00000E+00    Multiplicity= 0.00000E+00

 4. Residual production cross sections

   a. Per isotope

   Z   A  nuclide    total     level   isomeric    isomeric    lifetime
                 cross section       cross section  ratio

   27  57 ( 57Co) 8.23943E-01    0    8.23943E-01  1.00000
   26  56 ( 56Fe) 3.43422E+01    0    3.43422E+01  1.00000

   b. Per mass

   A  cross section

   57 8.23943E-01
   56 3.43422E+01

 Total residual production cross section:    35.1661682
 Non-elastic cross section              :    35.1661530

 ########## RESULTS FOR E=   5.00000 ##########

 Energy dependent input flags

 Width fluctuations (flagwidth)            : y
 Unresolved resonance parameters (flagurr) : n
 Preequilibrium (flagpreeq)                : y
 Multiple preequilibrium (flagmulpre)      : n
 Number of continuum excitation energy bins: 40

 ########### REACTION SUMMARY FOR E=   5.00000 ###########

 Center-of-mass energy:    4.911

 1. Total (binary) cross sections

   Reaction        = 3.43290E+02
     Compound elastic= 2.16615E+02
     Non-elastic     = 1.26675E+02
       Direct          = 3.48465E+00
       Pre-equilibrium = 4.37624E-03
       Giant resonance = 8.62802E-09
       Compound non-el = 1.23186E+02

 2. Binary non-elastic cross sections (non-exclusive)

 gamma   = 1.25630E+00
 neutron = 0.00000E+00
 proton  = 1.25417E+02
 deuteron= 0.00000E+00
 triton  = 0.00000E+00
 helium-3= 0.00000E+00
 alpha   = 1.41729E-03

 3. Total particle production cross sections

 gamma   = 2.40511E+00    Multiplicity= 1.89865E-02
 neutron = 0.00000E+00    Multiplicity= 0.00000E+00
 proton  = 1.25498E+02    Multiplicity= 9.90708E-01
 deuteron= 0.00000E+00    Multiplicity= 0.00000E+00
 triton  = 0.00000E+00    Multiplicity= 0.00000E+00
 helium-3= 0.00000E+00    Multiplicity= 0.00000E+00
 alpha   = 1.41729E-03    Multiplicity= 1.11884E-05

 4. Residual production cross sections

   a. Per isotope

   Z   A  nuclide    total     level   isomeric    isomeric    lifetime
                 cross section       cross section  ratio

   27  57 ( 57Co) 1.17589E+00    0    1.17589E+00  1.00000
   26  56 ( 56Fe) 1.25498E+02    0    1.25498E+02  1.00000
   25  53 ( 53Mn) 1.41729E-03    0    1.41729E-03  1.00000

   b. Per mass

   A  cross section

   57 1.17589E+00
   56 1.25498E+02
   53 1.41729E-03

 Total residual production cross section:   126.6749725
 Non-elastic cross section              :   126.6747894

 ########## RESULTS FOR E=   6.00000 ##########

 Energy dependent input flags

 Width fluctuations (flagwidth)            : y
 Unresolved resonance parameters (flagurr) : n
 Preequilibrium (flagpreeq)                : y
 Multiple preequilibrium (flagmulpre)      : n
 Number of continuum excitation energy bins: 40

 ########### REACTION SUMMARY FOR E=   6.00000 ###########

 Center-of-mass energy:    5.894

 1. Total (binary) cross sections

   Reaction        = 5.16676E+02
     Compound elastic= 1.93865E+02
     Non-elastic     = 3.22811E+02
       Direct          = 1.11226E+01
       Pre-equilibrium = 1.62600E-02
       Giant resonance = 1.55833E-04
       Compound non-el = 3.11672E+02

 2. Binary non-elastic cross sections (non-exclusive)

 gamma   = 1.26340E+00
 neutron = 8.15409E+01
 proton  = 2.39936E+02
 deuteron= 0.00000E+00
 triton  = 0.00000E+00
 helium-3= 0.00000E+00
 alpha   = 7.13647E-02

 3. Total particle production cross sections

 gamma   = 3.21958E+00    Multiplicity= 9.97359E-03
 neutron = 8.15410E+01    Multiplicity= 2.52597E-01
 proton  = 2.40086E+02    Multiplicity= 7.43736E-01
 deuteron= 0.00000E+00    Multiplicity= 0.00000E+00
 triton  = 0.00000E+00    Multiplicity= 0.00000E+00
 helium-3= 0.00000E+00    Multiplicity= 0.00000E+00
 alpha   = 7.13648E-02    Multiplicity= 2.21073E-04

 4. Residual production cross sections

   a. Per isotope

   Z   A  nuclide    total     level   isomeric    isomeric    lifetime
                 cross section       cross section  ratio

   27  57 ( 57Co) 1.11322E+00    0    1.11322E+00  1.00000
   27  56 ( 56Co) 8.15410E+01    0    8.15410E+01  1.00000
   26  56 ( 56Fe) 2.40086E+02    0    2.40086E+02  1.00000
   25  53 ( 53Mn) 7.13648E-02    0    7.13648E-02  1.00000

   b. Per mass

   A  cross section

   57 1.11322E+00
   56 3.21627E+02
   53 7.13648E-02

 Total residual production cross section:   322.8117676
 Non-elastic cross section              :   322.8108826

 ########## RESULTS FOR E=   8.00000 ##########

 Energy dependent input flags

 Width fluctuations (flagwidth)            : y
 Unresolved resonance parameters (flagurr) : n
 Preequilibrium (flagpreeq)                : y
 Multiple preequilibrium (flagmulpre)      : n
 Number of continuum excitation energy bins: 40

 ########### REACTION SUMMARY FOR E=   8.00000 ###########

 Center-of-mass energy:    7.858

 1. Total (binary) cross sections

   Reaction        = 7.16909E+02
     Compound elastic= 4.26291E+01
     Non-elastic     = 6.74280E+02
       Direct          = 2.69818E+01
       Pre-equilibrium = 2.77968E+00
       Giant resonance = 9.55930E-02
       Compound non-el = 6.44423E+02

 2. Binary non-elastic cross sections (non-exclusive)

 gamma   = 8.99103E-01
 neutron = 3.00404E+02
 proton  = 3.68897E+02
 deuteron= 0.00000E+00
 triton  = 0.00000E+00
 helium-3= 0.00000E+00
 alpha   = 4.08203E+00

 3. Total particle production cross sections

 gamma   = 1.30221E+02    Multiplicity= 1.93127E-01
 neutron = 3.00411E+02    Multiplicity= 4.45529E-01
 proton  = 3.69092E+02    Multiplicity= 5.47387E-01
 deuteron= 0.00000E+00    Multiplicity= 0.00000E+00
 triton  = 0.00000E+00    Multiplicity= 0.00000E+00
 helium-3= 0.00000E+00    Multiplicity= 0.00000E+00
 alpha   = 4.08203E+00    Multiplicity= 6.05392E-03

 4. Residual production cross sections

   a. Per isotope

   Z   A  nuclide    total     level   isomeric    isomeric    lifetime
                 cross section       cross section  ratio

   27  57 ( 57Co) 6.97112E-01    0    6.97112E-01  1.00000
   27  56 ( 56Co) 3.00414E+02    0    3.00414E+02  1.00000
   26  56 ( 56Fe) 3.69107E+02    0    3.69107E+02  1.00000
   25  53 ( 53Mn) 4.08203E+00    0    4.08203E+00  1.00000

   b. Per mass

   A  cross section

   57 6.97112E-01
   56 6.69521E+02
   53 4.08203E+00

 Total residual production cross section:   674.3000488
 Non-elastic cross section              :   674.2799072

 ########## RESULTS FOR E=  10.00000 ##########

 Energy dependent input flags

 Width fluctuations (flagwidth)            : y
 Unresolved resonance parameters (flagurr) : n
 Preequilibrium (flagpreeq)                : y
 Multiple preequilibrium (flagmulpre)      : n
 Number of continuum excitation energy bins: 40

 ########### REACTION SUMMARY FOR E=  10.00000 ###########

 Center-of-mass energy:    9.822

 1. Total (binary) cross sections

   Reaction        = 8.31796E+02
     Compound elastic= 9.84929E+00
     Non-elastic     = 8.21947E+02
       Direct          = 3.49242E+01
       Pre-equilibrium = 2.63030E+01
       Giant resonance = 6.47356E-01
       Compound non-el = 7.60072E+02

 2. Binary non-elastic cross sections (non-exclusive)

 gamma   = 9.55297E-01
 neutron = 3.53441E+02
 proton  = 4.50043E+02
 deuteron= 1.00020E-10
 triton  = 0.00000E+00
 helium-3= 0.00000E+00
 alpha   = 1.75116E+01

 3. Total particle production cross sections

 gamma   = 5.67666E+02    Multiplicity= 6.90636E-01
 neutron = 3.53476E+02    Multiplicity= 4.30047E-01
 proton  = 4.50304E+02    Multiplicity= 5.47851E-01
 deuteron= 1.00020E-10    Multiplicity= 1.21687E-13
 triton  = 0.00000E+00    Multiplicity= 0.00000E+00
 helium-3= 0.00000E+00    Multiplicity= 0.00000E+00
 alpha   = 1.75118E+01    Multiplicity= 2.13052E-02

 4. Residual production cross sections

   a. Per isotope

   Z   A  nuclide    total     level   isomeric    isomeric    lifetime
                 cross section       cross section  ratio

   27  57 ( 57Co) 6.58857E-01    0    6.58857E-01  1.00000
   27  56 ( 56Co) 3.53525E+02    0    3.53525E+02  1.00000
   26  56 ( 56Fe) 4.50408E+02    0    4.50408E+02  1.00000
   25  53 ( 53Mn) 1.75118E+01    0    1.75118E+01  1.00000

   b. Per mass

   A  cross section

   57 6.58857E-01
   56 8.03934E+02
   53 1.75118E+01

 Total residual production cross section:   822.1042480
 Non-elastic cross section              :   821.9467163

 ########## RESULTS FOR E=  12.00000 ##########

 Energy dependent input flags

 Width fluctuations (flagwidth)            : n
 Unresolved resonance parameters (flagurr) : n
 Preequilibrium (flagpreeq)                : y
 Multiple preequilibrium (flagmulpre)      : n
 Number of continuum excitation energy bins: 40

 ########### REACTION SUMMARY FOR E=  12.00000 ###########

 Center-of-mass energy:   11.786

 1. Total (binary) cross sections

   Reaction        = 9.23073E+02
     Compound elastic= 1.31046E+00
     Non-elastic     = 9.21763E+02
       Direct          = 3.95486E+01
       Pre-equilibrium = 6.64658E+01
       Giant resonance = 2.49548E+00
       Compound non-el = 8.13253E+02

 2. Binary non-elastic cross sections (non-exclusive)

 gamma   = 1.24900E+00
 neutron = 3.81779E+02
 proton  = 5.00244E+02
 deuteron= 9.29427E-02
 triton  = 0.00000E+00
 helium-3= 0.00000E+00
 alpha   = 3.83975E+01

 3. Total particle production cross sections

 gamma   = 9.54188E+02    Multiplicity= 1.03518E+00
 neutron = 3.81872E+02    Multiplicity= 4.14285E-01
 proton  = 5.00591E+02    Multiplicity= 5.43080E-01
 deuteron= 9.29427E-02    Multiplicity= 1.00832E-04
 triton  = 0.00000E+00    Multiplicity= 0.00000E+00
 helium-3= 0.00000E+00    Multiplicity= 0.00000E+00
 alpha   = 3.83984E+01    Multiplicity= 4.16576E-02

 4. Residual production cross sections

   a. Per isotope

   Z   A  nuclide    total     level   isomeric    isomeric    lifetime
                 cross section       cross section  ratio

   27  57 ( 57Co) 8.13432E-01    0    8.13432E-01  1.00000
   27  56 ( 56Co) 3.81991E+02    0    3.81991E+02  1.00000
   26  56 ( 56Fe) 5.00834E+02    0    5.00834E+02  1.00000
   26  55 ( 55Fe) 9.75897E-02    0    9.75897E-02  1.00000
   25  53 ( 53Mn) 3.83991E+01    0    3.83991E+01  1.00000

   b. Per mass

   A  cross section

   57 8.13432E-01
   56 8.82825E+02
   55 9.75897E-02
   53 3.83991E+01

 Total residual production cross section:   922.1350708
 Non-elastic cross section              :   921.7625122

 ########## RESULTS FOR E=  14.00000 ##########

 Energy dependent input flags

 Width fluctuations (flagwidth)            : n
 Unresolved resonance parameters (flagurr) : n
 Preequilibrium (flagpreeq)                : y
 Multiple preequilibrium (flagmulpre)      : n
 Number of continuum excitation energy bins: 40

 ########### REACTION SUMMARY FOR E=  14.00000 ###########

 Center-of-mass energy:   13.751

 1. Total (binary) cross sections

   Reaction        = 9.85747E+02
     Compound elastic= 3.47087E-01
     Non-elastic     = 9.85400E+02
       Direct          = 4.22216E+01
       Pre-equilibrium = 1.15787E+02
       Giant resonance = 7.63612E+00
       Compound non-el = 8.19755E+02

 2. Binary non-elastic cross sections (non-exclusive)

 gamma   = 1.57558E+00
 neutron = 3.93967E+02
 proton  = 5.24370E+02
 deuteron= 1.85055E+00
 triton  = 5.95404E-06
 helium-3= 8.40779E-45
 alpha   = 6.36371E+01

 3. Total particle production cross sections

 gamma   = 1.16564E+03    Multiplicity= 1.18291E+00
 neutron = 3.97886E+02    Multiplicity= 4.03782E-01
 proton  = 5.85306E+02    Multiplicity= 5.93978E-01
 deuteron= 1.85055E+00    Multiplicity= 1.87797E-03
 triton  = 5.95404E-06    Multiplicity= 6.04226E-09
 helium-3= 8.40779E-45    Multiplicity= 0.00000E+00
 alpha   = 6.36403E+01    Multiplicity= 6.45832E-02

 4. Residual production cross sections

   a. Per isotope

   Z   A  nuclide    total     level   isomeric    isomeric    lifetime
                 cross section       cross section  ratio

   27  57 ( 57Co) 1.02021E+00    0    1.02021E+00  1.00000
   27  56 ( 56Co) 3.33847E+02    0    3.33847E+02  1.00000
   26  56 ( 56Fe) 5.21366E+02    0    5.21366E+02  1.00000
   26  55 ( 55Fe) 6.61008E+01    0    6.61008E+01  1.00000
   25  55 ( 55Mn) 4.66703E-02    0    4.66703E-02  1.00000
   25  53 ( 53Mn) 6.36404E+01    0    6.36404E+01  1.00000
   24  52 ( 52Cr) 4.13677E-03    0    4.13677E-03  1.00000

   b. Per mass

   A  cross section

   57 1.02021E+00
   56 8.55213E+02
   55 6.61475E+01
   53 6.36404E+01
   52 4.13677E-03

 Total residual production cross section:   986.0252686
 Non-elastic cross section              :   985.3999023

 ########## RESULTS FOR E=  16.00000 ##########

 Energy dependent input flags

 Width fluctuations (flagwidth)            : n
 Unresolved resonance parameters (flagurr) : n
 Preequilibrium (flagpreeq)                : y
 Multiple preequilibrium (flagmulpre)      : n
 Number of continuum excitation energy bins: 40

 ########### REACTION SUMMARY FOR E=  16.00000 ###########

 Center-of-mass energy:   15.715

 1. Total (binary) cross sections

   Reaction        = 1.03243E+03
     Compound elastic= 9.29049E-02
     Non-elastic     = 1.03234E+03
       Direct          = 4.45212E+01
       Pre-equilibrium = 1.73761E+02
       Giant resonance = 1.19385E+01
       Compound non-el = 8.02116E+02

 2. Binary non-elastic cross sections (non-exclusive)

 gamma   = 1.82253E+00
 neutron = 4.05468E+02
 proton  = 5.45808E+02
 deuteron= 6.17587E+00
 triton  = 1.11060E-02
 helium-3= 2.33719E-08
 alpha   = 7.30510E+01

 3. Total particle production cross sections

 gamma   = 1.01456E+03    Multiplicity= 9.82778E-01
 neutron = 4.96364E+02    Multiplicity= 4.80816E-01
 proton  = 7.61029E+02    Multiplicity= 7.37190E-01
 deuteron= 6.17591E+00    Multiplicity= 5.98246E-03
 triton  = 1.11060E-02    Multiplicity= 1.07581E-05
 helium-3= 2.33719E-08    Multiplicity= 2.26398E-11
 alpha   = 7.30637E+01    Multiplicity= 7.07750E-02

 4. Residual production cross sections

   a. Per isotope

   Z   A  nuclide    total     level   isomeric    isomeric    lifetime
                 cross section       cross section  ratio

   27  57 ( 57Co) 1.15352E+00    0    1.15352E+00  1.00000
   27  56 ( 56Co) 1.91596E+02    0    1.91596E+02  1.00000
   26  56 ( 56Fe) 4.56347E+02    0    4.56347E+02  1.00000
   27  55 ( 55Co) 2.94108E+00    0    2.94108E+00  1.00000
   26  55 ( 55Fe) 3.05369E+02    0    3.05369E+02  1.00000
   25  55 ( 55Mn) 2.72878E+00    0    2.72878E+00  1.00000
   26  54 ( 54Fe) 1.11060E-02    0    1.11060E-02  1.00000
   25  53 ( 53Mn) 7.24754E+01    0    7.24754E+01  1.00000
   24  52 ( 52Cr) 5.99618E-01    0    5.99618E-01  1.00000

   b. Per mass

   A  cross section

   57 1.15352E+00
   56 6.47943E+02
   55 3.11038E+02
   54 1.11060E-02
   53 7.24754E+01
   52 5.99618E-01

 Total residual production cross section:  1033.2210693
 Non-elastic cross section              :  1032.3371582

 ########## RESULTS FOR E=  18.00000 ##########

 Energy dependent input flags

 Width fluctuations (flagwidth)            : n
 Unresolved resonance parameters (flagurr) : n
 Preequilibrium (flagpreeq)                : y
 Multiple preequilibrium (flagmulpre)      : n
 Number of continuum excitation energy bins: 40

 ########### REACTION SUMMARY FOR E=  18.00000 ###########

 Center-of-mass energy:   17.679

 1. Total (binary) cross sections

   Reaction        = 1.06352E+03
     Compound elastic= 2.47968E-02
     Non-elastic     = 1.06350E+03
       Direct          = 4.51767E+01
       Pre-equilibrium = 2.37069E+02
       Giant resonance = 1.40769E+01
       Compound non-el = 7.67172E+02

 2. Binary non-elastic cross sections (non-exclusive)

 gamma   = 1.94981E+00
 neutron = 4.13521E+02
 proton  = 5.62998E+02
 deuteron= 1.24925E+01
 triton  = 6.04878E-02
 helium-3= 1.52323E-04
 alpha   = 7.24727E+01

 3. Total particle production cross sections

 gamma   = 8.16629E+02    Multiplicity= 7.67873E-01
 neutron = 7.02090E+02    Multiplicity= 6.60172E-01
 proton  = 8.41022E+02    Multiplicity= 7.90809E-01
 deuteron= 1.24927E+01    Multiplicity= 1.17468E-02
 triton  = 6.04880E-02    Multiplicity= 5.68766E-05
 helium-3= 1.52323E-04    Multiplicity= 1.43229E-07
 alpha   = 7.25477E+01    Multiplicity= 6.82163E-02

 4. Residual production cross sections

   a. Per isotope

   Z   A  nuclide    total     level   isomeric    isomeric    lifetime
                 cross section       cross section  ratio

   27  57 ( 57Co) 1.15074E+00    0    1.15074E+00  1.00000
   27  56 ( 56Co) 1.06479E+02    0    1.06479E+02  1.00000
   26  56 ( 56Fe) 3.13581E+02    0    3.13581E+02  1.00000
   27  55 ( 55Co) 4.80089E+01    0    4.80089E+01  1.00000
   26  55 ( 55Fe) 5.12494E+02    0    5.12494E+02  1.00000
   25  55 ( 55Mn) 1.02836E+01    0    1.02836E+01  1.00000
   26  54 ( 54Fe) 6.04787E-02    0    6.04787E-02  1.00000
   25  53 ( 53Mn) 6.49709E+01    0    6.49709E+01  1.00000
   25  52 ( 52Mn) 1.93740E-03    0    1.83210E-03  0.94565
                                 1    1.05295E-04  0.05435   1.26600E+03 sec. 
   24  52 ( 52Cr) 7.59511E+00    0    7.59511E+00  1.00000

   b. Per mass

   A  cross section

   57 1.15074E+00
   56 4.20060E+02
   55 5.70787E+02
   54 6.04787E-02
   53 6.49709E+01
   52 7.59705E+00

 Total residual production cross section:  1064.6260986
 Non-elastic cross section              :  1063.4952393

 ########## RESULTS FOR E=  20.00000 ##########

 Energy dependent input flags

 Width fluctuations (flagwidth)            : n
 Unresolved resonance parameters (flagurr) : n
 Preequilibrium (flagpreeq)                : y
 Multiple preequilibrium (flagmulpre)      : y
 Number of continuum excitation energy bins: 40

 ########### REACTION SUMMARY FOR E=  20.00000 ###########

 Center-of-mass energy:   19.643

 1. Total (binary) cross sections

   Reaction        = 1.07768E+03
     Compound elastic= 6.42038E-03
     Non-elastic     = 1.07767E+03
       Direct          = 4.45260E+01
       Pre-equilibrium = 3.00565E+02
       Giant resonance = 1.53046E+01
       Compound non-el = 7.17278E+02

 2. Binary non-elastic cross sections (non-exclusive)

 gamma   = 1.96762E+00
 neutron = 4.15766E+02
 proton  = 5.73157E+02
 deuteron= 1.87109E+01
 triton  = 1.61316E-01
 helium-3= 8.53461E-03
 alpha   = 6.79023E+01

 3. Total particle production cross sections

 gamma   = 8.67045E+02    Multiplicity= 8.04553E-01
 neutron = 8.13245E+02    Multiplicity= 7.54630E-01
 proton  = 9.07492E+02    Multiplicity= 8.42085E-01
 deuteron= 1.87114E+01    Multiplicity= 1.73627E-02
 triton  = 1.61317E-01    Multiplicity= 1.49690E-04
 helium-3= 8.53462E-03    Multiplicity= 7.91948E-06
 alpha   = 6.83359E+01    Multiplicity= 6.34106E-02

 4. Residual production cross sections

   a. Per isotope

   Z   A  nuclide    total     level   isomeric    isomeric    lifetime
                 cross section       cross section  ratio

   27  57 ( 57Co) 1.00596E+00    0    1.00596E+00  1.00000
   27  56 ( 56Co) 6.92455E+01    0    6.92455E+01  1.00000
   26  56 ( 56Fe) 2.14328E+02    0    2.14328E+02  1.00000
   27  55 ( 55Co) 5.86517E+01    0    5.86517E+01  1.00000
   26  55 ( 55Fe) 6.45438E+02    0    6.45438E+02  1.00000
   25  55 ( 55Mn) 2.18183E+01    0    2.18183E+01  1.00000
   26  54 ( 54Fe) 1.61365E-01    0    1.61365E-01  1.00000
   25  54 ( 54Mn) 8.53664E-03    0    8.53664E-03  1.00000
   25  53 ( 53Mn) 4.42227E+01    0    4.42227E+01  1.00000
   25  52 ( 52Mn) 4.80893E-01    0    3.83158E-01  0.79676
                                 1    9.77342E-02  0.20324   1.26600E+03 sec. 
   24  52 ( 52Cr) 2.36614E+01    0    2.36614E+01  1.00000

   b. Per mass

   A  cross section

   57 1.00596E+00
   56 2.83574E+02
   55 7.25908E+02
   54 1.69901E-01
   53 4.42227E+01
   52 2.41423E+01

 Total residual production cross section:  1079.0223389
 Non-elastic cross section              :  1077.6735840

 ########## RESULTS FOR E=  25.00000 ##########

 Energy dependent input flags

 Width fluctuations (flagwidth)            : n
 Unresolved resonance parameters (flagurr) : n
 Preequilibrium (flagpreeq)                : y
 Multiple preequilibrium (flagmulpre)      : y
 Number of continuum excitation energy bins: 40

 ########### REACTION SUMMARY FOR E=  25.00000 ###########

 Center-of-mass energy:   24.552

 1. Total (binary) cross sections

   Reaction        = 1.08517E+03
     Compound elastic= 2.22123E-04
     Non-elastic     = 1.08517E+03
       Direct          = 4.11031E+01
       Pre-equilibrium = 4.48290E+02
       Giant resonance = 1.85957E+01
       Compound non-el = 5.77181E+02

 2. Binary non-elastic cross sections (non-exclusive)

 gamma   = 1.85216E+00
 neutron = 4.04649E+02
 proton  = 5.87275E+02
 deuteron= 3.13324E+01
 triton  = 5.70472E-01
 helium-3= 1.23894E+00
 alpha   = 5.82527E+01

 3. Total particle production cross sections

 gamma   = 1.33280E+03    Multiplicity= 1.22820E+00
 neutron = 8.96691E+02    Multiplicity= 8.26314E-01
 proton  = 9.56819E+02    Multiplicity= 8.81723E-01
 deuteron= 3.14772E+01    Multiplicity= 2.90067E-02
 triton  = 5.70486E-01    Multiplicity= 5.25711E-04
 helium-3= 1.23894E+00    Multiplicity= 1.14171E-03
 alpha   = 6.65336E+01    Multiplicity= 6.13117E-02

 4. Residual production cross sections

   a. Per isotope

   Z   A  nuclide    total     level   isomeric    isomeric    lifetime
                 cross section       cross section  ratio

   27  57 ( 57Co) 4.95963E-01    0    4.95963E-01  1.00000
   27  56 ( 56Co) 4.19412E+01    0    4.19412E+01  1.00000
   26  56 ( 56Fe) 1.45039E+02    0    1.45039E+02  1.00000
   27  55 ( 55Co) 7.75810E+01    0    7.75810E+01  1.00000
   26  55 ( 55Fe) 6.81325E+02    0    6.81325E+02  1.00000
   25  55 ( 55Mn) 6.03018E+01    0    6.03018E+01  1.00000
   26  54 ( 54Fe) 1.20338E+01    0    1.20338E+01  1.00000
   25  54 ( 54Mn) 1.64494E+00    0    1.64494E+00  1.00000
   25  53 ( 53Mn) 9.23569E+00    0    9.23569E+00  1.00000
   25  52 ( 52Mn) 2.71011E+01    0    1.50165E+01  0.55409
                                 1    1.20846E+01  0.44591   1.26600E+03 sec. 
   24  52 ( 52Cr) 3.01769E+01    0    3.01769E+01  1.00000
   23  49 ( 49V ) 3.25760E-02    0    3.25760E-02  1.00000

   b. Per mass

   A  cross section

   57 4.95963E-01
   56 1.86980E+02
   55 8.19208E+02
   54 1.36787E+01
   53 9.23569E+00
   52 5.72780E+01
   49 3.25760E-02

 Total residual production cross section:  1086.9089355
 Non-elastic cross section              :  1085.1697998

 ########## RESULTS FOR E=  30.00000 ##########

 Energy dependent input flags

 Width fluctuations (flagwidth)            : n
 Unresolved resonance parameters (flagurr) : n
 Preequilibrium (flagpreeq)                : y
 Multiple preequilibrium (flagmulpre)      : y
 Number of continuum excitation energy bins: 40

 ########### REACTION SUMMARY FOR E=  30.00000 ###########

 Center-of-mass energy:   29.461

 1. Total (binary) cross sections

   Reaction        = 1.07675E+03
     Compound elastic= 9.57835E-06
     Non-elastic     = 1.07675E+03
       Direct          = 3.88288E+01
       Pre-equilibrium = 5.67267E+02
       Giant resonance = 2.20778E+01
       Compound non-el = 4.48577E+02

 2. Binary non-elastic cross sections (non-exclusive)

 gamma   = 1.67775E+00
 neutron = 3.85259E+02
 proton  = 5.84360E+02
 deuteron= 4.35101E+01
 triton  = 1.45860E+00
 helium-3= 5.49011E+00
 alpha   = 5.49949E+01

 3. Total particle production cross sections

 gamma   = 1.30097E+03    Multiplicity= 1.20824E+00
 neutron = 1.00425E+03    Multiplicity= 9.32672E-01
 proton  = 1.02683E+03    Multiplicity= 9.53643E-01
 deuteron= 4.47194E+01    Multiplicity= 4.15319E-02
 triton  = 1.46121E+00    Multiplicity= 1.35706E-03
 helium-3= 5.49068E+00    Multiplicity= 5.09931E-03
 alpha   = 7.00469E+01    Multiplicity= 6.50540E-02

 4. Residual production cross sections

   a. Per isotope

   Z   A  nuclide    total     level   isomeric    isomeric    lifetime
                 cross section       cross section  ratio

   27  57 ( 57Co) 2.61697E-01    0    2.61697E-01  1.00000
   27  56 ( 56Co) 3.17620E+01    0    3.17620E+01  1.00000
   26  56 ( 56Fe) 1.23550E+02    0    1.23550E+02  1.00000
   27  55 ( 55Co) 3.97065E+01    0    3.97065E+01  1.00000
   26  55 ( 55Fe) 5.26555E+02    0    5.26555E+02  1.00000
   25  55 ( 55Mn) 7.30468E+01    0    7.30468E+01  1.00000
   26  54 ( 54Fe) 1.70045E+02    0    1.70045E+02  1.00000
   25  54 ( 54Mn) 4.34677E+01    0    4.34677E+01  1.00000
   24  54 ( 54Cr) 2.54652E-01    0    2.54652E-01  1.00000
   26  53 ( 53Fe) 4.30921E-03    0    4.30921E-03  1.00000
                                22    0.00000E+00  0.00000   1.52400E+02 sec. 
   25  53 ( 53Mn) 4.30045E+00    0    4.30045E+00  1.00000
   24  53 ( 53Cr) 3.42511E-03    0    3.42511E-03  1.00000
   25  52 ( 52Mn) 3.47768E+01    0    1.92589E+01  0.55379
                                 1    1.55178E+01  0.44621   1.26600E+03 sec. 
   24  52 ( 52Cr) 2.92243E+01    0    2.92243E+01  1.00000
   25  51 ( 51Mn) 1.92720E-03    0    1.92720E-03  1.00000
   24  51 ( 51Cr) 1.09948E+00    0    1.09948E+00  1.00000
   23  51 ( 51V ) 2.05265E-03    0    2.05265E-03  1.00000
   23  49 ( 49V ) 5.93951E-01    0    5.93951E-01  1.00000

   b. Per mass

   A  cross section

   57 2.61697E-01
   56 1.55312E+02
   55 6.39308E+02
   54 2.13768E+02
   53 4.30818E+00
   52 6.40011E+01
   51 1.10346E+00
   49 5.93951E-01

 Total residual production cross section:  1078.6563721
 Non-elastic cross section              :  1076.7500000

 ########## RESULTS FOR E=  35.00000 ##########

 Energy dependent input flags

 Width fluctuations (flagwidth)            : n
 Unresolved resonance parameters (flagurr) : n
 Preequilibrium (flagpreeq)                : y
 Multiple preequilibrium (flagmulpre)      : y
 Number of continuum excitation energy bins: 40

 ########### REACTION SUMMARY FOR E=  35.00000 ###########

 Center-of-mass energy:   34.370

 1. Total (binary) cross sections

   Reaction        = 1.05175E+03
     Compound elastic= 5.85185E-07
     Non-elastic     = 1.05175E+03
       Direct          = 3.61697E+01
       Pre-equilibrium = 6.53318E+02
       Giant resonance = 2.48844E+01
       Compound non-el = 3.37378E+02

 2. Binary non-elastic cross sections (non-exclusive)

 gamma   = 1.49953E+00
 neutron = 3.62020E+02
 proton  = 5.70268E+02
 deuteron= 5.46748E+01
 triton  = 2.54522E+00
 helium-3= 1.07354E+01
 alpha   = 5.00070E+01

 3. Total particle production cross sections

 gamma   = 1.18171E+03    Multiplicity= 1.12357E+00
 neutron = 1.10179E+03    Multiplicity= 1.04757E+00
 proton  = 1.09029E+03    Multiplicity= 1.03664E+00
 deuteron= 5.65815E+01    Multiplicity= 5.37975E-02
 triton  = 2.57524E+00    Multiplicity= 2.44853E-03
 helium-3= 1.07462E+01    Multiplicity= 1.02174E-02
 alpha   = 6.88035E+01    Multiplicity= 6.54181E-02

 4. Residual production cross sections

   a. Per isotope

   Z   A  nuclide    total     level   isomeric    isomeric    lifetime
                 cross section       cross section  ratio

   27  57 ( 57Co) 1.63020E-01    0    1.63020E-01  1.00000
   27  56 ( 56Co) 2.40552E+01    0    2.40552E+01  1.00000
   26  56 ( 56Fe) 1.06078E+02    0    1.06078E+02  1.00000
   27  55 ( 55Co) 2.24481E+01    0    2.24481E+01  1.00000
   26  55 ( 55Fe) 3.67162E+02    0    3.67162E+02  1.00000
   25  55 ( 55Mn) 5.25858E+01    0    5.25858E+01  1.00000
   27  54 ( 54Co) 5.44068E-01    0    1.88429E-01  0.34633
                                 1    3.55639E-01  0.65367   8.88000E+01 sec. 
   26  54 ( 54Fe) 2.74494E+02    0    2.74494E+02  1.00000
   25  54 ( 54Mn) 1.32286E+02    0    1.32286E+02  1.00000
   24  54 ( 54Cr) 6.17600E-01    0    6.17600E-01  1.00000
   26  53 ( 53Fe) 1.93964E-01    0    1.89265E-01  0.97577
                                22    4.69962E-03  0.02423   1.52400E+02 sec. 
   25  53 ( 53Mn) 7.22458E+00    0    7.22458E+00  1.00000
   24  53 ( 53Cr) 1.07177E-01    0    1.07177E-01  1.00000
   25  52 ( 52Mn) 2.01934E+01    0    1.18655E+01  0.58759
                                 1    8.32790E+00  0.41241   1.26600E+03 sec. 
   24  52 ( 52Cr) 2.15906E+01    0    2.15906E+01  1.00000
   25  51 ( 51Mn) 2.45526E+00    0    2.45526E+00  1.00000
   24  51 ( 51Cr) 2.02146E+01    0    2.02146E+01  1.00000
   23  51 ( 51V ) 2.76905E-01    0    2.76905E-01  1.00000
   24  50 ( 50Cr) 3.69219E-03    0    3.69219E-03  1.00000
   23  49 ( 49V ) 9.39835E-01    0    9.39835E-01  1.00000
   22  48 ( 48Ti) 1.61281E-02    0    1.61281E-02  1.00000

   b. Per mass

   A  cross section

   57 1.63020E-01
   56 1.30133E+02
   55 4.42196E+02
   54 4.07942E+02
   53 7.52572E+00
   52 4.17840E+01
   51 2.29468E+01
   50 3.69219E-03
   49 9.39835E-01
   48 1.61281E-02

 Total residual production cross section:  1053.6505127
 Non-elastic cross section              :  1051.7500000

 ########## RESULTS FOR E=  40.00000 ##########

 Energy dependent input flags

 Width fluctuations (flagwidth)            : n
 Unresolved resonance parameters (flagurr) : n
 Preequilibrium (flagpreeq)                : y
 Multiple preequilibrium (flagmulpre)      : y
 Number of continuum excitation energy bins: 40

 ########### REACTION SUMMARY FOR E=  40.00000 ###########

 Center-of-mass energy:   39.278

 1. Total (binary) cross sections

   Reaction        = 1.02283E+03
     Compound elastic= 1.29956E-07
     Non-elastic     = 1.02283E+03
       Direct          = 3.39298E+01
       Pre-equilibrium = 7.10442E+02
       Giant resonance = 2.79404E+01
       Compound non-el = 2.50518E+02

 2. Binary non-elastic cross sections (non-exclusive)

 gamma   = 1.35943E+00
 neutron = 3.40697E+02
 proton  = 5.55783E+02
 deuteron= 6.19081E+01
 triton  = 3.61340E+00
 helium-3= 1.55948E+01
 alpha   = 4.38740E+01

 3. Total particle production cross sections

 gamma   = 1.22831E+03    Multiplicity= 1.20090E+00
 neutron = 1.10927E+03    Multiplicity= 1.08451E+00
 proton  = 1.13305E+03    Multiplicity= 1.10776E+00
 deuteron= 6.42341E+01    Multiplicity= 6.28004E-02
 triton  = 3.67448E+00    Multiplicity= 3.59247E-03
 helium-3= 1.56215E+01    Multiplicity= 1.52728E-02
 alpha   = 6.74772E+01    Multiplicity= 6.59711E-02

 4. Residual production cross sections

   a. Per isotope

   Z   A  nuclide    total     level   isomeric    isomeric    lifetime
                 cross section       cross section  ratio

   27  57 ( 57Co) 1.11741E-01    0    1.11741E-01  1.00000
   27  56 ( 56Co) 1.87803E+01    0    1.87803E+01  1.00000
   26  56 ( 56Fe) 9.36422E+01    0    9.36422E+01  1.00000
   27  55 ( 55Co) 1.67769E+01    0    1.67769E+01  1.00000
   26  55 ( 55Fe) 3.06178E+02    0    3.06178E+02  1.00000
   25  55 ( 55Mn) 4.49818E+01    0    4.49818E+01  1.00000
   27  54 ( 54Co) 1.98956E+00    0    1.04519E+00  0.52534
                                 1    9.44375E-01  0.47466   8.88000E+01 sec. 
   26  54 ( 54Fe) 2.55915E+02    0    2.55915E+02  1.00000
   25  54 ( 54Mn) 1.77107E+02    0    1.77107E+02  1.00000
   24  54 ( 54Cr) 1.31993E+00    0    1.31993E+00  1.00000
   26  53 ( 53Fe) 1.30549E+00    0    1.27171E+00  0.97412
                                22    3.37807E-02  0.02588   1.52400E+02 sec. 
   25  53 ( 53Mn) 4.08232E+01    0    4.08232E+01  1.00000
   24  53 ( 53Cr) 5.55182E-01    0    5.55182E-01  1.00000
   25  52 ( 52Mn) 9.97846E+00    0    5.96611E+00  0.59790
                                 1    4.01235E+00  0.40210   1.26600E+03 sec. 
   24  52 ( 52Cr) 1.09534E+01    0    1.09534E+01  1.00000
   25  51 ( 51Mn) 7.97363E+00    0    7.97363E+00  1.00000
   24  51 ( 51Cr) 3.37784E+01    0    3.37784E+01  1.00000
   23  51 ( 51V ) 1.18829E+00    0    1.18829E+00  1.00000
   24  50 ( 50Cr) 9.50528E-02    0    9.50528E-02  1.00000
   23  50 ( 50V ) 6.19442E-03    0    6.19442E-03  1.00000
   23  49 ( 49V ) 7.51420E-01    0    7.51420E-01  1.00000
   23  48 ( 48V ) 2.19206E-01    0    2.19206E-01  1.00000
   22  48 ( 48Ti) 2.03399E-01    0    2.03399E-01  1.00000

   b. Per mass

   A  cross section

   57 1.11741E-01
   56 1.12423E+02
   55 3.67936E+02
   54 4.36331E+02
   53 4.26839E+01
   52 2.09319E+01
   51 4.29404E+01
   50 1.01247E-01
   49 7.51420E-01
   48 4.22605E-01

 Total residual production cross section:  1024.6333008
 Non-elastic cross section              :  1022.8300171

 ########## RESULTS FOR E=  45.00000 ##########

 Energy dependent input flags

 Width fluctuations (flagwidth)            : n
 Unresolved resonance parameters (flagurr) : n
 Preequilibrium (flagpreeq)                : y
 Multiple preequilibrium (flagmulpre)      : y
 Number of continuum excitation energy bins: 40

 ########### REACTION SUMMARY FOR E=  45.00000 ###########

 Center-of-mass energy:   44.186

 1. Total (binary) cross sections

   Reaction        = 9.92970E+02
     Compound elastic= 1.02166E-07
     Non-elastic     = 9.92970E+02
       Direct          = 3.13240E+01
       Pre-equilibrium = 7.47000E+02
       Giant resonance = 3.00745E+01
       Compound non-el = 1.84571E+02

 2. Binary non-elastic cross sections (non-exclusive)

 gamma   = 1.24468E+00
 neutron = 3.21772E+02
 proton  = 5.41151E+02
 deuteron= 6.68286E+01
 triton  = 4.64847E+00
 helium-3= 1.96219E+01
 alpha   = 3.77034E+01

 3. Total particle production cross sections

 gamma   = 1.13323E+03    Multiplicity= 1.14126E+00
 neutron = 1.13912E+03    Multiplicity= 1.14718E+00
 proton  = 1.17594E+03    Multiplicity= 1.18427E+00
 deuteron= 7.00568E+01    Multiplicity= 7.05528E-02
 triton  = 4.73320E+00    Multiplicity= 4.76671E-03
 helium-3= 1.96603E+01    Multiplicity= 1.97995E-02
 alpha   = 6.52640E+01    Multiplicity= 6.57261E-02

 4. Residual production cross sections

   a. Per isotope

   Z   A  nuclide    total     level   isomeric    isomeric    lifetime
                 cross section       cross section  ratio

   27  57 ( 57Co) 8.03074E-02    0    8.03074E-02  1.00000
   27  56 ( 56Co) 1.52621E+01    0    1.52621E+01  1.00000
   26  56 ( 56Fe) 8.18857E+01    0    8.18857E+01  1.00000
   27  55 ( 55Co) 1.35990E+01    0    1.35990E+01  1.00000
   26  55 ( 55Fe) 2.69912E+02    0    2.69912E+02  1.00000
   25  55 ( 55Mn) 4.28919E+01    0    4.28919E+01  1.00000
   27  54 ( 54Co) 1.66234E+00    0    9.09903E-01  0.54736
                                 1    7.52435E-01  0.45264   8.88000E+01 sec. 
   26  54 ( 54Fe) 2.03881E+02    0    2.03881E+02  1.00000
   25  54 ( 54Mn) 1.57918E+02    0    1.57918E+02  1.00000
   24  54 ( 54Cr) 1.65139E+00    0    1.65139E+00  1.00000
   26  53 ( 53Fe) 8.76524E+00    0    8.38095E+00  0.95616
                                22    3.84287E-01  0.04384   1.52400E+02 sec. 
   25  53 ( 53Mn) 1.29882E+02    0    1.29882E+02  1.00000
   24  53 ( 53Cr) 2.42895E+00    0    2.42895E+00  1.00000
   26  52 ( 52Fe) 7.72336E-03    0    7.72336E-03  1.00000
                                42    0.00000E+00  0.00000   4.59000E+01 sec. 
   25  52 ( 52Mn) 6.77317E+00    0    4.06331E+00  0.59991
                                 1    2.70986E+00  0.40009   1.26600E+03 sec. 
   24  52 ( 52Cr) 8.61870E+00    0    8.61870E+00  1.00000
   25  51 ( 51Mn) 7.70960E+00    0    7.70960E+00  1.00000
   24  51 ( 51Cr) 3.44643E+01    0    3.44643E+01  1.00000
   23  51 ( 51V ) 1.70466E+00    0    1.70466E+00  1.00000
   24  50 ( 50Cr) 3.63828E+00    0    3.63828E+00  1.00000
   23  50 ( 50V ) 2.30443E-01    0    2.30443E-01  1.00000
   22  50 ( 50Ti) 4.40103E-03    0    4.40103E-03  1.00000
   23  49 ( 49V ) 3.93161E-01    0    3.93161E-01  1.00000
   23  48 ( 48V ) 9.79486E-01    0    9.79486E-01  1.00000
   22  48 ( 48Ti) 2.87910E-01    0    2.87910E-01  1.00000

   b. Per mass

   A  cross section

   57 8.03074E-02
   56 9.71478E+01
   55 3.26403E+02
   54 3.65113E+02
   53 1.41076E+02
   52 1.53996E+01
   51 4.38786E+01
   50 3.87313E+00
   49 3.93161E-01
   48 1.26740E+00

 Total residual production cross section:   994.6324463
 Non-elastic cross section              :   992.9699707

 ########## RESULTS FOR E=  50.00000 ##########

 Energy dependent input flags

 Width fluctuations (flagwidth)            : n
 Unresolved resonance parameters (flagurr) : n
 Preequilibrium (flagpreeq)                : y
 Multiple preequilibrium (flagmulpre)      : y
 Number of continuum excitation energy bins: 40

 ########### REACTION SUMMARY FOR E=  50.00000 ###########

 Center-of-mass energy:   49.093

 1. Total (binary) cross sections

   Reaction        = 9.63455E+02
     Compound elastic= 1.00177E-07
     Non-elastic     = 9.63455E+02
       Direct          = 2.84772E+01
       Pre-equilibrium = 7.69790E+02
       Giant resonance = 3.09582E+01
       Compound non-el = 1.34230E+02

 2. Binary non-elastic cross sections (non-exclusive)

 gamma   = 1.16136E+00
 neutron = 3.05093E+02
 proton  = 5.28005E+02
 deuteron= 6.87465E+01
 triton  = 5.52274E+00
 helium-3= 2.28704E+01
 alpha   = 3.20564E+01

 3. Total particle production cross sections

 gamma   = 1.06269E+03    Multiplicity= 1.10300E+00
 neutron = 1.17028E+03    Multiplicity= 1.21467E+00
 proton  = 1.19273E+03    Multiplicity= 1.23798E+00
 deuteron= 7.28916E+01    Multiplicity= 7.56564E-02
 triton  = 5.64108E+00    Multiplicity= 5.85506E-03
 helium-3= 2.29264E+01    Multiplicity= 2.37960E-02
 alpha   = 6.24069E+01    Multiplicity= 6.47740E-02

 4. Residual production cross sections

   a. Per isotope

   Z   A  nuclide    total     level   isomeric    isomeric    lifetime
                 cross section       cross section  ratio

   27  57 ( 57Co) 6.71223E-02    0    6.71223E-02  1.00000
   27  56 ( 56Co) 1.28304E+01    0    1.28304E+01  1.00000
   26  56 ( 56Fe) 7.77364E+01    0    7.77364E+01  1.00000
   27  55 ( 55Co) 1.13355E+01    0    1.13355E+01  1.00000
   26  55 ( 55Fe) 2.37625E+02    0    2.37625E+02  1.00000
   25  55 ( 55Mn) 3.88056E+01    0    3.88056E+01  1.00000
   27  54 ( 54Co) 1.12976E+00    0    6.31307E-01  0.55880
                                 1    4.98454E-01  0.44120   8.88000E+01 sec. 
   26  54 ( 54Fe) 1.72823E+02    0    1.72823E+02  1.00000
   25  54 ( 54Mn) 1.32856E+02    0    1.32856E+02  1.00000
   24  54 ( 54Cr) 1.46991E+00    0    1.46991E+00  1.00000
   27  53 ( 53Co) 2.72574E-03    0    2.72574E-03  1.00000
   26  53 ( 53Fe) 1.77249E+01    0    1.61698E+01  0.91226
                                22    1.55511E+00  0.08774   1.52400E+02 sec. 
   25  53 ( 53Mn) 1.85581E+02    0    1.85581E+02  1.00000
   24  53 ( 53Cr) 6.04158E+00    0    6.04158E+00  1.00000
   26  52 ( 52Fe) 3.71244E-02    0    3.70848E-02  0.99893
                                42    3.96581E-05  0.00107   4.59000E+01 sec. 
   25  52 ( 52Mn) 7.47051E+00    0    4.58819E+00  0.61417
                                 1    2.88231E+00  0.38583   1.26600E+03 sec. 
   24  52 ( 52Cr) 1.11427E+01    0    1.11427E+01  1.00000
   25  51 ( 51Mn) 4.79441E+00    0    4.79441E+00  1.00000
   24  51 ( 51Cr) 2.51987E+01    0    2.51987E+01  1.00000
   23  51 ( 51V ) 1.54163E+00    0    1.54163E+00  1.00000
   25  50 ( 50Mn) 1.88785E-02    0    4.27688E-03  0.22655
                                 1    1.46016E-02  0.77345   1.05000E+02 sec. 
   24  50 ( 50Cr) 1.50162E+01    0    1.50162E+01  1.00000
   23  50 ( 50V ) 1.68638E+00    0    1.68638E+00  1.00000
   22  50 ( 50Ti) 3.20630E-02    0    3.20630E-02  1.00000
   24  49 ( 49Cr) 7.26154E-03    0    7.26154E-03  1.00000
   23  49 ( 49V ) 2.81137E-01    0    2.81137E-01  1.00000
   23  48 ( 48V ) 1.29853E+00    0    1.29853E+00  1.00000
   22  48 ( 48Ti) 3.16985E-01    0    3.16985E-01  1.00000
   23  47 ( 47V ) 1.56965E-02    0    1.56965E-02  1.00000
   22  47 ( 47Ti) 9.86238E-02    0    9.86238E-02  1.00000
   21  45 ( 45Sc) 4.70767E-03    0    4.70767E-03  1.00000

   b. Per mass

   A  cross section

   57 6.71223E-02
   56 9.05668E+01
   55 2.87766E+02
   54 3.08278E+02
   53 2.09350E+02
   52 1.86503E+01
   51 3.15348E+01
   50 1.67536E+01
   49 2.88398E-01
   48 1.61551E+00
   47 1.14320E-01
   45 4.70767E-03

 Total residual production cross section:   964.9898071
 Non-elastic cross section              :   963.4550171

 ########## RESULTS FOR E=  60.00000 ##########

 Energy dependent input flags

 Width fluctuations (flagwidth)            : n
 Unresolved resonance parameters (flagurr) : n
 Preequilibrium (flagpreeq)                : y
 Multiple preequilibrium (flagmulpre)      : y
 Number of continuum excitation energy bins: 40

 ########### REACTION SUMMARY FOR E=  60.00000 ###########

 Center-of-mass energy:   58.906

 1. Total (binary) cross sections

   Reaction        = 9.09218E+02
     Compound elastic= 1.00002E-07
     Non-elastic     = 9.09218E+02
       Direct          = 2.41190E+01
       Pre-equilibrium = 7.91168E+02
       Giant resonance = 2.96562E+01
       Compound non-el = 6.42750E+01

 2. Binary non-elastic cross sections (non-exclusive)

 gamma   = 1.03610E+00
 neutron = 2.77888E+02
 proton  = 5.00328E+02
 deuteron= 7.31498E+01
 triton  = 6.97212E+00
 helium-3= 2.67587E+01
 alpha   = 2.30851E+01

 3. Total particle production cross sections

 gamma   = 9.88906E+02    Multiplicity= 1.08765E+00
 neutron = 1.20195E+03    Multiplicity= 1.32196E+00
 proton  = 1.21092E+03    Multiplicity= 1.33182E+00
 deuteron= 7.87213E+01    Multiplicity= 8.65814E-02
 triton  = 7.18581E+00    Multiplicity= 7.90329E-03
 helium-3= 2.68654E+01    Multiplicity= 2.95478E-02
 alpha   = 5.76617E+01    Multiplicity= 6.34190E-02

 4. Residual production cross sections

   a. Per isotope

   Z   A  nuclide    total     level   isomeric    isomeric    lifetime
                 cross section       cross section  ratio

   27  57 ( 57Co) 5.35677E-02    0    5.35677E-02  1.00000
   27  56 ( 56Co) 9.08591E+00    0    9.08591E+00  1.00000
   26  56 ( 56Fe) 6.58823E+01    0    6.58823E+01  1.00000
   27  55 ( 55Co) 8.38141E+00    0    8.38141E+00  1.00000
   26  55 ( 55Fe) 1.99031E+02    0    1.99031E+02  1.00000
   25  55 ( 55Mn) 3.52527E+01    0    3.52527E+01  1.00000
   27  54 ( 54Co) 7.09655E-01    0    4.03286E-01  0.56828
                                 1    3.06369E-01  0.43172   8.88000E+01 sec. 
   26  54 ( 54Fe) 1.41645E+02    0    1.41645E+02  1.00000
   25  54 ( 54Mn) 1.05933E+02    0    1.05933E+02  1.00000
   24  54 ( 54Cr) 1.36833E+00    0    1.36833E+00  1.00000
   27  53 ( 53Co) 8.38232E-03    0    8.38232E-03  1.00000
   26  53 ( 53Fe) 2.01788E+01    0    1.83266E+01  0.90821
                                22    1.85220E+00  0.09179   1.52400E+02 sec. 
   25  53 ( 53Mn) 1.85418E+02    0    1.85418E+02  1.00000
   24  53 ( 53Cr) 9.28400E+00    0    9.28400E+00  1.00000
   23  53 ( 53V ) 8.60782E-03    0    8.60782E-03  1.00000
   26  52 ( 52Fe) 5.19883E-01    0    5.17804E-01  0.99600
                                42    2.07890E-03  0.00400   4.59000E+01 sec. 
   25  52 ( 52Mn) 3.74871E+01    0    2.47116E+01  0.65920
                                 1    1.27755E+01  0.34080   1.26600E+03 sec. 
   24  52 ( 52Cr) 3.79069E+01    0    3.79069E+01  1.00000
   23  52 ( 52V ) 2.12731E-02    0    2.12731E-02  1.00000
   25  51 ( 51Mn) 2.63555E+00    0    2.63555E+00  1.00000
   24  51 ( 51Cr) 1.49839E+01    0    1.49839E+01  1.00000
   23  51 ( 51V ) 8.44457E-01    0    8.44457E-01  1.00000
   25  50 ( 50Mn) 2.16752E-01    0    8.57283E-02  0.39551
                                 1    1.31024E-01  0.60449   1.05000E+02 sec. 
   24  50 ( 50Cr) 2.32061E+01    0    2.32061E+01  1.00000
   23  50 ( 50V ) 5.01294E+00    0    5.01294E+00  1.00000
   22  50 ( 50Ti) 3.70639E-02    0    3.70639E-02  1.00000
   24  49 ( 49Cr) 5.76212E-01    0    5.76212E-01  1.00000
   23  49 ( 49V ) 2.77424E+00    0    2.77424E+00  1.00000
   22  49 ( 49Ti) 1.70125E-02    0    1.70125E-02  1.00000
   23  48 ( 48V ) 6.57919E-01    0    6.57919E-01  1.00000
   22  48 ( 48Ti) 1.89407E-01    0    1.89407E-01  1.00000
   23  47 ( 47V ) 4.48473E-01    0    4.48473E-01  1.00000
   22  47 ( 47Ti) 6.61809E-01    0    6.61809E-01  1.00000
   21  47 ( 47Sc) 4.28101E-03    0    4.28101E-03  1.00000
   22  46 ( 46Ti) 2.26662E-02    0    2.26662E-02  1.00000
   21  45 ( 45Sc) 1.01135E-02    0    1.01135E-02  1.00000
   21  44 ( 44Sc) 5.02321E-03    0    3.68043E-03  0.73268
                                 4    1.34278E-03  0.26732   2.11000E+05 sec. 
   20  44 ( 44Ca) 1.01240E-03    0    1.01240E-03  1.00000

   b. Per mass

   A  cross section

   57 5.35677E-02
   56 7.49682E+01
   55 2.42665E+02
   54 2.49656E+02
   53 2.14898E+02
   52 7.59352E+01
   51 1.84639E+01
   50 2.84729E+01
   49 3.36747E+00
   48 8.47326E-01
   47 1.11456E+00
   46 2.26662E-02
   45 1.01135E-02
   44 6.03561E-03

 Total residual production cross section:   910.4810791
 Non-elastic cross section              :   909.2180176

 ########## RESULTS FOR E=  70.00000 ##########

 Energy dependent input flags

 Width fluctuations (flagwidth)            : n
 Unresolved resonance parameters (flagurr) : n
 Preequilibrium (flagpreeq)                : y
 Multiple preequilibrium (flagmulpre)      : y
 Number of continuum excitation energy bins: 40

 ########### REACTION SUMMARY FOR E=  70.00000 ###########

 Center-of-mass energy:   68.717

 1. Total (binary) cross sections

   Reaction        = 8.62733E+02
     Compound elastic= 1.00000E-07
     Non-elastic     = 8.62733E+02
       Direct          = 2.02927E+01
       Pre-equilibrium = 7.97168E+02
       Giant resonance = 2.63916E+01
       Compound non-el = 1.88806E+01

 2. Binary non-elastic cross sections (non-exclusive)

 gamma   = 9.44132E-01
 neutron = 2.56731E+02
 proton  = 4.74649E+02
 deuteron= 7.59786E+01
 triton  = 8.37912E+00
 helium-3= 2.91008E+01
 alpha   = 1.69500E+01

 3. Total particle production cross sections

 gamma   = 8.93128E+02    Multiplicity= 1.03523E+00
 neutron = 1.24092E+03    Multiplicity= 1.43836E+00
 proton  = 1.22445E+03    Multiplicity= 1.41927E+00
 deuteron= 8.27379E+01    Multiplicity= 9.59021E-02
 triton  = 8.70276E+00    Multiplicity= 1.00874E-02
 helium-3= 2.92605E+01    Multiplicity= 3.39161E-02
 alpha   = 5.39254E+01    Multiplicity= 6.25053E-02

 4. Residual production cross sections

   a. Per isotope

   Z   A  nuclide    total     level   isomeric    isomeric    lifetime
                 cross section       cross section  ratio

   27  57 ( 57Co) 4.82100E-02    0    4.82100E-02  1.00000
   27  56 ( 56Co) 6.81328E+00    0    6.81328E+00  1.00000
   26  56 ( 56Fe) 5.22287E+01    0    5.22287E+01  1.00000
   27  55 ( 55Co) 6.57560E+00    0    6.57560E+00  1.00000
   26  55 ( 55Fe) 1.71735E+02    0    1.71735E+02  1.00000
   25  55 ( 55Mn) 3.11942E+01    0    3.11942E+01  1.00000
   27  54 ( 54Co) 5.25083E-01    0    2.98614E-01  0.56870
                                 1    2.26470E-01  0.43130   8.88000E+01 sec. 
   26  54 ( 54Fe) 1.21855E+02    0    1.21855E+02  1.00000
   25  54 ( 54Mn) 9.14196E+01    0    9.14196E+01  1.00000
   24  54 ( 54Cr) 1.32473E+00    0    1.32473E+00  1.00000
   27  53 ( 53Co) 5.95853E-03    0    5.95853E-03  1.00000
   26  53 ( 53Fe) 1.75976E+01    0    1.63188E+01  0.92733
                                22    1.27874E+00  0.07267   1.52400E+02 sec. 
   25  53 ( 53Mn) 1.65281E+02    0    1.65281E+02  1.00000
   24  53 ( 53Cr) 8.21704E+00    0    8.21704E+00  1.00000
   23  53 ( 53V ) 1.96601E-02    0    1.96601E-02  1.00000
   26  52 ( 52Fe) 1.09235E+00    0    1.08003E+00  0.98872
                                42    1.23201E-02  0.01128   4.59000E+01 sec. 
   25  52 ( 52Mn) 6.39443E+01    0    3.91498E+01  0.61225
                                 1    2.47945E+01  0.38775   1.26600E+03 sec. 
   24  52 ( 52Cr) 5.43178E+01    0    5.43178E+01  1.00000
   23  52 ( 52V ) 1.06942E-01    0    1.06942E-01  1.00000
   25  51 ( 51Mn) 5.11986E+00    0    5.11986E+00  1.00000
   24  51 ( 51Cr) 2.49754E+01    0    2.49754E+01  1.00000
   23  51 ( 51V ) 8.42054E-01    0    8.42054E-01  1.00000
   25  50 ( 50Mn) 1.63888E-01    0    6.97249E-02  0.42544
                                 1    9.41631E-02  0.57456   1.05000E+02 sec. 
   24  50 ( 50Cr) 1.78555E+01    0    1.78555E+01  1.00000
   23  50 ( 50V ) 3.98990E+00    0    3.98990E+00  1.00000
   22  50 ( 50Ti) 2.80660E-02    0    2.80660E-02  1.00000
   25  49 ( 49Mn) 1.23573E-03    0    1.23573E-03  1.00000
   24  49 ( 49Cr) 3.17823E+00    0    3.17823E+00  1.00000
   23  49 ( 49V ) 1.03317E+01    0    1.03317E+01  1.00000
   22  49 ( 49Ti) 1.49732E-01    0    1.49732E-01  1.00000
   24  48 ( 48Cr) 2.19202E-02    0    2.19202E-02  1.00000
   23  48 ( 48V ) 9.69121E-01    0    9.69121E-01  1.00000
   22  48 ( 48Ti) 3.53567E-01    0    3.53567E-01  1.00000
   23  47 ( 47V ) 4.17610E-01    0    4.17610E-01  1.00000
   22  47 ( 47Ti) 5.90807E-01    0    5.90807E-01  1.00000
   21  47 ( 47Sc) 1.39765E-02    0    1.39765E-02  1.00000
   23  46 ( 46V ) 6.87489E-03    0    6.87489E-03  1.00000
   22  46 ( 46Ti) 4.08598E-01    0    4.08598E-01  1.00000
   21  46 ( 46Sc) 7.43610E-03    0    6.22478E-03  0.83710
                                 2    1.21132E-03  0.16290   1.87500E+01 sec. 
   22  45 ( 45Ti) 1.13515E-03    0    1.13515E-03  1.00000
   21  45 ( 45Sc) 6.43422E-03    0    6.43422E-03  1.00000
   21  44 ( 44Sc) 2.39766E-02    0    1.76647E-02  0.73675
                                 4    6.31191E-03  0.26325   2.11000E+05 sec. 
   20  44 ( 44Ca) 2.00776E-03    0    2.00776E-03  1.00000
   21  43 ( 43Sc) 2.11559E-03    0    2.11559E-03  1.00000
   20  43 ( 43Ca) 1.05348E-03    0    1.05348E-03  1.00000

   b. Per mass

   A  cross section

   57 4.82100E-02
   56 5.90420E+01
   55 2.09505E+02
   54 2.15125E+02
   53 1.91122E+02
   52 1.19461E+02
   51 3.09373E+01
   50 2.20373E+01
   49 1.36609E+01
   48 1.34461E+00
   47 1.02239E+00
   46 4.22909E-01
   45 7.56936E-03
   44 2.59844E-02
   43 3.16908E-03

 Total residual production cross section:   863.7650146
 Non-elastic cross section              :   862.7329712

 ########## RESULTS FOR E=  80.00000 ##########

 Energy dependent input flags

 Width fluctuations (flagwidth)            : n
 Unresolved resonance parameters (flagurr) : n
 Preequilibrium (flagpreeq)                : y
 Multiple preequilibrium (flagmulpre)      : y
 Number of continuum excitation energy bins: 40

 ########### REACTION SUMMARY FOR E=  80.00000 ###########

 Center-of-mass energy:   78.527

 1. Total (binary) cross sections

   Reaction        = 8.23654E+02
     Compound elastic= 9.82799E-08
     Non-elastic     = 8.23654E+02
       Direct          = 1.70025E+01
       Pre-equilibrium = 7.84006E+02
       Giant resonance = 2.26453E+01
       Compound non-el = 1.80907E-06

 2. Binary non-elastic cross sections (non-exclusive)

 gamma   = 8.64125E-01
 neutron = 2.40669E+02
 proton  = 4.49807E+02
 deuteron= 7.73603E+01
 triton  = 9.86681E+00
 helium-3= 3.08814E+01
 alpha   = 1.42059E+01

 3. Total particle production cross sections

 gamma   = 8.29918E+02    Multiplicity= 1.00760E+00
 neutron = 1.29303E+03    Multiplicity= 1.56987E+00
 proton  = 1.23586E+03    Multiplicity= 1.50046E+00
 deuteron= 8.57919E+01    Multiplicity= 1.04160E-01
 triton  = 1.03494E+01    Multiplicity= 1.25652E-02
 helium-3= 3.11186E+01    Multiplicity= 3.77811E-02
 alpha   = 5.48256E+01    Multiplicity= 6.65638E-02

 4. Residual production cross sections

   a. Per isotope

   Z   A  nuclide    total     level   isomeric    isomeric    lifetime
                 cross section       cross section  ratio

   27  57 ( 57Co) 4.37737E-02    0    4.37737E-02  1.00000
   27  56 ( 56Co) 5.25748E+00    0    5.25748E+00  1.00000
   26  56 ( 56Fe) 3.93164E+01    0    3.93164E+01  1.00000
   27  55 ( 55Co) 5.33543E+00    0    5.33543E+00  1.00000
   26  55 ( 55Fe) 1.45730E+02    0    1.45730E+02  1.00000
   25  55 ( 55Mn) 2.72688E+01    0    2.72688E+01  1.00000
   27  54 ( 54Co) 4.21332E-01    0    2.39639E-01  0.56876
                                 1    1.81693E-01  0.43123   8.88000E+01 sec. 
   26  54 ( 54Fe) 1.12286E+02    0    1.12286E+02  1.00000
   25  54 ( 54Mn) 8.44249E+01    0    8.44249E+01  1.00000
   24  54 ( 54Cr) 1.19765E+00    0    1.19765E+00  1.00000
   27  53 ( 53Co) 4.36007E-03    0    4.36007E-03  1.00000
   26  53 ( 53Fe) 1.62320E+01    0    1.51558E+01  0.93370
                                22    1.07622E+00  0.06630   1.52400E+02 sec. 
   25  53 ( 53Mn) 1.43290E+02    0    1.43290E+02  1.00000
   24  53 ( 53Cr) 7.25809E+00    0    7.25809E+00  1.00000
   23  53 ( 53V ) 2.31550E-02    0    2.31550E-02  1.00000
   26  52 ( 52Fe) 1.23277E+00    0    1.22017E+00  0.98978
                                42    1.25994E-02  0.01022   4.59000E+01 sec. 
   25  52 ( 52Mn) 6.75208E+01    0    3.78760E+01  0.56095
                                 1    2.96448E+01  0.43905   1.26600E+03 sec. 
   24  52 ( 52Cr) 5.62808E+01    0    5.62808E+01  1.00000
   23  52 ( 52V ) 1.96289E-01    0    1.96289E-01  1.00000
   26  51 ( 51Fe) 4.39950E-03    0    4.39950E-03  1.00000
   25  51 ( 51Mn) 1.33626E+01    0    1.33626E+01  1.00000
   24  51 ( 51Cr) 4.58393E+01    0    4.58393E+01  1.00000
   23  51 ( 51V ) 1.48686E+00    0    1.48686E+00  1.00000
   25  50 ( 50Mn) 1.62728E-01    0    6.85427E-02  0.42121
                                 1    9.41848E-02  0.57879   1.05000E+02 sec. 
   24  50 ( 50Cr) 2.03923E+01    0    2.03923E+01  1.00000
   23  50 ( 50V ) 3.83344E+00    0    3.83344E+00  1.00000
   22  50 ( 50Ti) 2.85270E-02    0    2.85270E-02  1.00000
   25  49 ( 49Mn) 2.66004E-03    0    2.66004E-03  1.00000
   24  49 ( 49Cr) 4.58310E+00    0    4.58310E+00  1.00000
   23  49 ( 49V ) 1.28734E+01    0    1.28734E+01  1.00000
   22  49 ( 49Ti) 2.74987E-01    0    2.74987E-01  1.00000
   24  48 ( 48Cr) 2.09239E-01    0    2.09239E-01  1.00000
   23  48 ( 48V ) 5.11628E+00    0    5.11628E+00  1.00000
   22  48 ( 48Ti) 9.13058E-01    0    9.13058E-01  1.00000
   23  47 ( 47V ) 5.18122E-01    0    5.18122E-01  1.00000
   22  47 ( 47Ti) 6.09678E-01    0    6.09678E-01  1.00000
   21  47 ( 47Sc) 1.35438E-02    0    1.35438E-02  1.00000
   23  46 ( 46V ) 4.10996E-02    0    4.10996E-02  1.00000
   22  46 ( 46Ti) 8.15283E-01    0    8.15283E-01  1.00000
   21  46 ( 46Sc) 3.54466E-02    0    2.93594E-02  0.82827
                                 2    6.08719E-03  0.17173   1.87500E+01 sec. 
   22  45 ( 45Ti) 3.87100E-02    0    3.87100E-02  1.00000
   21  45 ( 45Sc) 2.80414E-02    0    2.80414E-02  1.00000
   21  44 ( 44Sc) 2.83859E-02    0    2.00930E-02  0.70785
                                 4    8.29292E-03  0.29215   2.11000E+05 sec. 
   20  44 ( 44Ca) 2.29795E-03    0    2.29795E-03  1.00000
   21  43 ( 43Sc) 1.66874E-02    0    1.66874E-02  1.00000
   20  43 ( 43Ca) 5.41973E-03    0    5.41973E-03  1.00000

   b. Per mass

   A  cross section

   57 4.37737E-02
   56 4.45739E+01
   55 1.78334E+02
   54 1.98330E+02
   53 1.66808E+02
   52 1.25231E+02
   51 6.06932E+01
   50 2.44170E+01
   49 1.77341E+01
   48 6.23858E+00
   47 1.14134E+00
   46 8.91829E-01
   45 6.67514E-02
   44 3.06839E-02
   43 2.21071E-02

 Total residual production cross section:   824.5553589
 Non-elastic cross section              :   823.6539917

 ########## RESULTS FOR E=  90.00000 ##########

 Energy dependent input flags

 Width fluctuations (flagwidth)            : n
 Unresolved resonance parameters (flagurr) : n
 Preequilibrium (flagpreeq)                : y
 Multiple preequilibrium (flagmulpre)      : y
 Number of continuum excitation energy bins: 40

 ########### REACTION SUMMARY FOR E=  90.00000 ###########

 Center-of-mass energy:   88.334

 1. Total (binary) cross sections

   Reaction        = 7.90964E+02
     Compound elastic= 9.56771E-08
     Non-elastic     = 7.90964E+02
       Direct          = 1.40643E+01
       Pre-equilibrium = 7.57840E+02
       Giant resonance = 1.90596E+01
       Compound non-el = 0.00000E+00

 2. Binary non-elastic cross sections (non-exclusive)

 gamma   = 8.01951E-01
 neutron = 2.29654E+02
 proton  = 4.28650E+02
 deuteron= 7.34503E+01
 triton  = 1.15935E+01
 helium-3= 3.28560E+01
 alpha   = 1.39581E+01

 3. Total particle production cross sections

 gamma   = 7.72189E+02    Multiplicity= 9.76264E-01
 neutron = 1.36508E+03    Multiplicity= 1.72584E+00
 proton  = 1.25892E+03    Multiplicity= 1.59163E+00
 deuteron= 8.49527E+01    Multiplicity= 1.07404E-01
 triton  = 1.23835E+01    Multiplicity= 1.56563E-02
 helium-3= 3.32554E+01    Multiplicity= 4.20441E-02
 alpha   = 6.07409E+01    Multiplicity= 7.67936E-02

 4. Residual production cross sections

   a. Per isotope

   Z   A  nuclide    total     level   isomeric    isomeric    lifetime
                 cross section       cross section  ratio

   27  57 ( 57Co) 3.89079E-02    0    3.89079E-02  1.00000
   27  56 ( 56Co) 4.23734E+00    0    4.23734E+00  1.00000
   26  56 ( 56Fe) 3.37898E+01    0    3.37898E+01  1.00000
   27  55 ( 55Co) 4.25607E+00    0    4.25607E+00  1.00000
   26  55 ( 55Fe) 1.21333E+02    0    1.21333E+02  1.00000
   25  55 ( 55Mn) 2.64345E+01    0    2.64345E+01  1.00000
   27  54 ( 54Co) 3.23869E-01    0    1.81145E-01  0.55932
                                 1    1.42724E-01  0.44068   8.88000E+01 sec. 
   26  54 ( 54Fe) 1.01407E+02    0    1.01407E+02  1.00000
   25  54 ( 54Mn) 6.87970E+01    0    6.87970E+01  1.00000
   24  54 ( 54Cr) 9.87594E-01    0    9.87594E-01  1.00000
   27  53 ( 53Co) 3.18399E-03    0    3.18399E-03  1.00000
   26  53 ( 53Fe) 1.43558E+01    0    1.35057E+01  0.94079
                                22    8.50024E-01  0.05921   1.52400E+02 sec. 
   25  53 ( 53Mn) 1.28404E+02    0    1.28404E+02  1.00000
   24  53 ( 53Cr) 6.19817E+00    0    6.19817E+00  1.00000
   23  53 ( 53V ) 2.22065E-02    0    2.22065E-02  1.00000
   27  52 ( 52Co) 4.89052E-05    0    4.89052E-05  1.00000
   26  52 ( 52Fe) 1.22644E+00    0    1.21577E+00  0.99130
                                42    1.06735E-02  0.00870   4.59000E+01 sec. 
   25  52 ( 52Mn) 6.45966E+01    0    3.66510E+01  0.56738
                                 1    2.79457E+01  0.43262   1.26600E+03 sec. 
   24  52 ( 52Cr) 5.03878E+01    0    5.03878E+01  1.00000
   23  52 ( 52V ) 2.26654E-01    0    2.26654E-01  1.00000
   22  52 ( 52Ti) 2.70594E-04    0    2.70594E-04  1.00000
   26  51 ( 51Fe) 1.44027E-02    0    1.44027E-02  1.00000
   25  51 ( 51Mn) 2.10329E+01    0    2.10329E+01  1.00000
   24  51 ( 51Cr) 6.10103E+01    0    6.10103E+01  1.00000
   23  51 ( 51V ) 2.51072E+00    0    2.51072E+00  1.00000
   22  51 ( 51Ti) 1.98772E-03    0    1.98772E-03  1.00000
   25  50 ( 50Mn) 3.44002E-01    0    1.36385E-01  0.39647
                                 1    2.07617E-01  0.60353   1.05000E+02 sec. 
   24  50 ( 50Cr) 3.44384E+01    0    3.44384E+01  1.00000
   23  50 ( 50V ) 4.48168E+00    0    4.48168E+00  1.00000
   22  50 ( 50Ti) 5.98109E-02    0    5.98109E-02  1.00000
   25  49 ( 49Mn) 3.37196E-03    0    3.37196E-03  1.00000
   24  49 ( 49Cr) 5.27839E+00    0    5.27839E+00  1.00000
   23  49 ( 49V ) 1.57033E+01    0    1.57033E+01  1.00000
   22  49 ( 49Ti) 2.90244E-01    0    2.90244E-01  1.00000
   24  48 ( 48Cr) 5.85530E-01    0    5.85530E-01  1.00000
   23  48 ( 48V ) 1.04280E+01    0    1.04280E+01  1.00000
   22  48 ( 48Ti) 2.33932E+00    0    2.33932E+00  1.00000
   21  48 ( 48Sc) 3.29672E-03    0    3.29672E-03  1.00000
   23  47 ( 47V ) 2.40012E+00    0    2.40012E+00  1.00000
   22  47 ( 47Ti) 1.89956E+00    0    1.89956E+00  1.00000
   21  47 ( 47Sc) 2.93536E-02    0    2.93536E-02  1.00000
   23  46 ( 46V ) 9.25610E-02    0    9.25610E-02  1.00000
   22  46 ( 46Ti) 1.32951E+00    0    1.32951E+00  1.00000
   21  46 ( 46Sc) 5.45170E-02    0    4.54568E-02  0.83381
                                 2    9.06023E-03  0.16619   1.87500E+01 sec. 
   22  45 ( 45Ti) 3.19550E-01    0    3.19550E-01  1.00000
   21  45 ( 45Sc) 1.79917E-01    0    1.79917E-01  1.00000
   22  44 ( 44Ti) 9.03322E-03    0    9.03322E-03  1.00000
   21  44 ( 44Sc) 5.95783E-02    0    4.31098E-02  0.72358
                                 4    1.64685E-02  0.27642   2.11000E+05 sec. 
   20  44 ( 44Ca) 5.41309E-03    0    5.41309E-03  1.00000
   21  43 ( 43Sc) 3.97784E-02    0    3.97784E-02  1.00000
   20  43 ( 43Ca) 1.54731E-02    0    1.54731E-02  1.00000
   21  42 ( 42Sc) 1.09555E-03    0    4.41440E-04  0.40294
                                 2    6.54105E-04  0.59706   6.17000E+01 sec. 
   20  42 ( 42Ca) 1.98722E-02    0    1.98722E-02  1.00000

   b. Per mass

   A  cross section

   57 3.89079E-02
   56 3.80271E+01
   55 1.52024E+02
   54 1.71515E+02
   53 1.48983E+02
   52 1.16438E+02
   51 8.45703E+01
   50 3.93239E+01
   49 2.12753E+01
   48 1.33561E+01
   47 4.32904E+00
   46 1.47659E+00
   45 4.99468E-01
   44 7.40246E-02
   43 5.52515E-02
   42 2.09677E-02

 Total residual production cross section:   792.0075073
 Non-elastic cross section              :   790.9639893

 ########## RESULTS FOR E= 100.00000 ##########

 Energy dependent input flags

 Width fluctuations (flagwidth)            : n
 Unresolved resonance parameters (flagurr) : n
 Preequilibrium (flagpreeq)                : y
 Multiple preequilibrium (flagmulpre)      : y
 Number of continuum excitation energy bins: 40

 ########### REACTION SUMMARY FOR E= 100.00000 ###########

 Center-of-mass energy:   98.140

 1. Total (binary) cross sections

   Reaction        = 7.63525E+02
     Compound elastic= 9.35262E-08
     Non-elastic     = 7.63525E+02
       Direct          = 1.15473E+01
       Pre-equilibrium = 7.36100E+02
       Giant resonance = 1.58773E+01
       Compound non-el = 0.00000E+00

 2. Binary non-elastic cross sections (non-exclusive)

 gamma   = 7.47988E-01
 neutron = 2.20326E+02
 proton  = 4.09298E+02
 deuteron= 7.00243E+01
 triton  = 1.36421E+01
 helium-3= 3.54092E+01
 alpha   = 1.40781E+01

 3. Total particle production cross sections

 gamma   = 7.23012E+02    Multiplicity= 9.46940E-01
 neutron = 1.45442E+03    Multiplicity= 1.90487E+00
 proton  = 1.28187E+03    Multiplicity= 1.67889E+00
 deuteron= 8.53625E+01    Multiplicity= 1.11800E-01
 triton  = 1.48636E+01    Multiplicity= 1.94671E-02
 helium-3= 3.60372E+01    Multiplicity= 4.71984E-02
 alpha   = 6.70199E+01    Multiplicity= 8.77769E-02

 4. Residual production cross sections

   a. Per isotope

   Z   A  nuclide    total     level   isomeric    isomeric    lifetime
                 cross section       cross section  ratio

   27  57 ( 57Co) 3.36799E-02    0    3.36799E-02  1.00000
   27  56 ( 56Co) 3.01881E+00    0    3.01881E+00  1.00000
   26  56 ( 56Fe) 2.80830E+01    0    2.80830E+01  1.00000
   27  55 ( 55Co) 3.69954E+00    0    3.69954E+00  1.00000
   26  55 ( 55Fe) 1.02326E+02    0    1.02326E+02  1.00000
   25  55 ( 55Mn) 2.07709E+01    0    2.07709E+01  1.00000
   27  54 ( 54Co) 2.87988E-01    0    1.62130E-01  0.56297
                                 1    1.25858E-01  0.43703   8.88000E+01 sec. 
   26  54 ( 54Fe) 9.38443E+01    0    9.38443E+01  1.00000
   25  54 ( 54Mn) 5.81416E+01    0    5.81416E+01  1.00000
   24  54 ( 54Cr) 9.53614E-01    0    9.53614E-01  1.00000
   27  53 ( 53Co) 2.51562E-03    0    2.51562E-03  1.00000
   26  53 ( 53Fe) 1.37234E+01    0    1.29385E+01  0.94280
                                22    7.84935E-01  0.05720   1.52400E+02 sec. 
   25  53 ( 53Mn) 1.16848E+02    0    1.16848E+02  1.00000
   24  53 ( 53Cr) 5.21513E+00    0    5.21513E+00  1.00000
   23  53 ( 53V ) 1.92882E-02    0    1.92882E-02  1.00000
   27  52 ( 52Co) 4.39722E-05    0    4.39722E-05  1.00000
   26  52 ( 52Fe) 1.20807E+00    0    1.19998E+00  0.99331
                                42    8.08523E-03  0.00669   4.59000E+01 sec. 
   25  52 ( 52Mn) 6.02645E+01    0    3.32438E+01  0.55163
                                 1    2.70208E+01  0.44837   1.26600E+03 sec. 
   24  52 ( 52Cr) 4.60352E+01    0    4.60352E+01  1.00000
   23  52 ( 52V ) 2.50551E-01    0    2.50551E-01  1.00000
   22  52 ( 52Ti) 3.12218E-04    0    3.12218E-04  1.00000
   26  51 ( 51Fe) 2.10027E-02    0    2.10027E-02  1.00000
   25  51 ( 51Mn) 2.16223E+01    0    2.16223E+01  1.00000
   24  51 ( 51Cr) 6.33684E+01    0    6.33684E+01  1.00000
   23  51 ( 51V ) 2.37477E+00    0    2.37477E+00  1.00000
   22  51 ( 51Ti) 4.18102E-03    0    4.18102E-03  1.00000
   25  50 ( 50Mn) 7.69751E-01    0    3.35934E-01  0.43642
                                 1    4.33817E-01  0.56358   1.05000E+02 sec. 
   24  50 ( 50Cr) 5.48528E+01    0    5.48528E+01  1.00000
   23  50 ( 50V ) 5.80763E+00    0    5.80763E+00  1.00000
   22  50 ( 50Ti) 4.30501E-02    0    4.30501E-02  1.00000
   25  49 ( 49Mn) 5.77489E-03    0    5.77489E-03  1.00000
   24  49 ( 49Cr) 9.54615E+00    0    9.54615E+00  1.00000
   23  49 ( 49V ) 1.69542E+01    0    1.69542E+01  1.00000
   22  49 ( 49Ti) 3.14873E-01    0    3.14873E-01  1.00000
   21  49 ( 49Sc) 3.91461E-04    0    3.91461E-04  1.00000
   24  48 ( 48Cr) 8.14022E-01    0    8.14022E-01  1.00000
   23  48 ( 48V ) 1.59825E+01    0    1.59825E+01  1.00000
   22  48 ( 48Ti) 2.48359E+00    0    2.48359E+00  1.00000
   21  48 ( 48Sc) 9.07538E-03    0    9.07538E-03  1.00000
   24  47 ( 47Cr) 5.81896E-03    0    5.81896E-03  1.00000
   23  47 ( 47V ) 6.16418E+00    0    6.16418E+00  1.00000
   22  47 ( 47Ti) 3.69349E+00    0    3.69349E+00  1.00000
   21  47 ( 47Sc) 6.95710E-02    0    6.95710E-02  1.00000
   23  46 ( 46V ) 2.36179E-01    0    2.36179E-01  1.00000
   22  46 ( 46Ti) 3.45512E+00    0    3.45512E+00  1.00000
   21  46 ( 46Sc) 1.04295E-01    0    8.56483E-02  0.82121
                                 2    1.86465E-02  0.17879   1.87500E+01 sec. 
   20  46 ( 46Ca) 4.50906E-04    0    4.50906E-04  1.00000
   23  45 ( 45V ) 1.63210E-03    0    1.63210E-03  1.00000
   22  45 ( 45Ti) 6.34828E-01    0    6.34828E-01  1.00000
   21  45 ( 45Sc) 3.59748E-01    0    3.59748E-01  1.00000
   20  45 ( 45Ca) 2.75069E-03    0    2.75069E-03  1.00000
   22  44 ( 44Ti) 8.79996E-02    0    8.79996E-02  1.00000
   21  44 ( 44Sc) 2.91725E-01    0    1.91553E-01  0.65662
                                 4    1.00172E-01  0.34338   2.11000E+05 sec. 
   20  44 ( 44Ca) 1.06552E-02    0    1.06552E-02  1.00000
   21  43 ( 43Sc) 9.93559E-02    0    9.93559E-02  1.00000
   20  43 ( 43Ca) 2.55907E-02    0    2.55907E-02  1.00000
   21  42 ( 42Sc) 6.70005E-03    0    3.28423E-03  0.49018
                                 2    3.41582E-03  0.50982   6.17000E+01 sec. 
   20  42 ( 42Ca) 6.41147E-02    0    6.41147E-02  1.00000
   20  41 ( 41Ca) 1.34799E-02    0    1.34799E-02  1.00000
   19  41 ( 41K ) 5.09970E-04    0    5.09970E-04  1.00000
   19  40 ( 40K ) 1.17413E-03    0    1.17413E-03  1.00000
   19  39 ( 39K ) 1.29460E-03    0    1.29460E-03  1.00000

   b. Per mass

   A  cross section

   57 3.36799E-02
   56 3.11018E+01
   55 1.26797E+02
   54 1.53228E+02
   53 1.35809E+02
   52 1.07759E+02
   51 8.73906E+01
   50 6.14732E+01
   49 2.68214E+01
   48 1.92892E+01
   47 9.93306E+00
   46 3.79604E+00
   45 9.98959E-01
   44 3.90380E-01
   43 1.24947E-01
   42 7.08147E-02
   41 1.39899E-02
   40 1.17413E-03
   39 1.29460E-03

 Total residual production cross section:   765.0323486
 Non-elastic cross section              :   763.5250244

 Execution time:  0 hours  1 minutes 21.73 seconds 

 The TALYS team congratulates you with this successful calculation.

    TALYS-2.0 (Version: December 29, 2023)

 Copyright (C) 2023  A.J. Koning, S. Hilaire and S. Goriely

 Dimensions - Cross sections: mb, Energies: MeV, Angles: degrees

 ########## USER INPUT ##########

 USER INPUT FILE

 #
 # p-fe000-rp
 #
 # general
 #
 projectile p
 element fe
 mass 0
 energy energies
 #
 # output
 #
 fileresidual     y

 USER INPUT FILE + DEFAULTS

 Keyword           Value   Variable     Explanation

 #
 # Four main keywords
 #
 projectile          p     ptype0       type of incident particle
 element            Fe     Starget      symbol of target nucleus
 mass               57     mass         mass number of target nucleus
 energy energies           energyfile   file with incident energies
 #
 # Basic physical and numerical parameters
 #
 ejectiles g n p d t h a   outtype      outgoing particles
 maxz               12     maxZ         maximal number of protons from the initial compound nucleus
 maxn               28     maxN         maximal number of neutrons from the initial compound nucleus
 bins               40     nbins        number of continuum excitation energy bins
 equidistant         y     flagequi     flag to use equidistant excitation bins instead of logarithmic bins
 equispec            n     flagequispec flag to use equidistant bins for emission spectra
 popmev              n     flagpopmev   flag to use initial population per MeV instead of histograms
 segment             1     segment      number of segments to divide emission energy grid
 maxlevelstar       30     nlevmax      maximum number of included discrete levels for target
 maxlevelsres       10     nlevmaxres   maximum number of included discrete levels for residual nucleus
 maxlevelsbin g     10     nlevbin      maximum number of included discrete levels for gamma    channel
 maxlevelsbin n     10     nlevbin      maximum number of included discrete levels for neutron  channel
 maxlevelsbin p     30     nlevbin      maximum number of included discrete levels for proton   channel
 maxlevelsbin d      5     nlevbin      maximum number of included discrete levels for deuteron channel
 maxlevelsbin t      5     nlevbin      maximum number of included discrete levels for triton   channel
 maxlevelsbin h      5     nlevbin      maximum number of included discrete levels for helium-3 channel
 maxlevelsbin a     10     nlevbin      maximum number of included discrete levels for alpha    channel
 ltarget             0     ltarget      excited level of target
 isomer           1.00E+00 isomer       definition of isomer in seconds
 transpower          5     transpower   power for transmission coefficient limit
 transeps         1.00E-08 transeps     limit for transmission coefficient
 xseps            1.00E-07 xseps        limit for cross sections
 popeps           1.00E-03 popeps       limit for population cross section per nucleus
 Rfiseps          1.00E-03 Rfiseps      ratio for limit for fission cross section per nucleus
 elow             1.00E-06 elow         minimal incident energy for nuclear model calculations
 angles             90     nangle       number of angles
 anglescont         18     nanglecont   number of angles for continuum
 anglesrec           1     nanglerec    number of recoil angles
 maxenrec           20     maxenrec     number of recoil energies
 channels            n     flagchannels flag for exclusive channels calculation
 maxchannel          4     maxchannel   maximal number of outgoing particles in individual channel description
 micro               n     flagmicro    flag for completely microscopic Talys calculation
 best                n     flagbest     flag to use best set of adjusted parameters
 bestbranch          y     flagbestbr   flag to use flag to use only best set of branching ratios
 bestend             n     flagbestend  flag to put best set of parameters at end of input file
 relativistic        y     flagrel      flag for relativistic kinematics
 recoil              n     flagrecoil   flag for calculation of recoils
 labddx              n     flaglabddx   flag for calculation of DDX in LAB system
 recoilaverage       n     flagrecoilav flag for average velocity in recoil calculation
 channelenergy       n     flagEchannel flag for channel energy for emission spectrum
 reaction            y     flagreaction flag for calculation of nuclear reactions
 fit                 n     flagfit      flag to use automatically fitted parameters
 ngfit               n     flagngfit    flag for using fitted (n,g) nuclear model parameters
 nffit               n     flagnffit    flag for using fitted (n,f) nuclear model parameters
 nnfit               n     flagnnfit    flag for using fitted (n,n), (n,2n) and (n,p) nuclear model parameters
 nafit               n     flagnafit    flag for using fitted (n,a) nuclear model parameters
 pnfit               n     flagpnfit    flag for using fitted (p,n) nuclear model parameters
 dnfit               n     flagdnfit    flag for using fitted (d,n) nuclear model parameters
 gnfit               n     flaggnfit    flag for using fitted (g,n) nuclear model parameters
 anfit               n     flaganfit    flag for using fitted (a,n) nuclear model parameters
 gamgamfit           n    flaggamgamfit flag for using fitted Gamma_gamma nuclear model parameters
 macsfit             n     flagmacsfit  flag for using fitted MACS nuclear model parameters
 astro               n     flagastro    flag for calculation of astrophysics reaction rate
 astrogs             n     flagastrogs  flag for calculation of astrophysics reaction rate with target in ground state only
 astroex             n     flagastroex  flag for calculation of astrophysics reaction rate to long-lived excited states
 nonthermlev        -1     nonthermlev  excited level non-thermalized in the calculation of astrophysics rate
 massmodel           2     massmodel    model for theoretical nuclear mass
 expmass             y     flagexpmass  flag for using experimental nuclear mass if available
 disctable           1     disctable    table with discrete levels
 production          n     flagprod     flag for isotope production
 outfy               n     flagoutfy    flag for output detailed fission yield calculation
 gefran          50000     gefran       number of random events for GEF calculation
 Estop            1000.000 Estop        incident energy above which TALYS stops
 rpevap              n     flagrpevap   flag for evaporation of residual products at high incident energies
 maxZrp             12     maxZrp       maximal number of protons from the initial compound nucleus before residual evaporation
 maxNrp             32     maxNrp       maximal number of neutrons from the initial compound nucleus before residual evaporation
 user      Arjan Koning    user         user for this calculation
 source    TALYS-2.0       source       source for this calculation
 format    YANDF-0.1       oformat      format for output
 #
 # Optical model
 #
 localomp            y     flaglocalomp flag for local (y) or global (n) optical model
 dispersion          n     flagdisp     flag for dispersive optical model
 jlmomp              n     flagjlm      flag for using semi-microscopic JLM OMP
 riplomp             n     flagriplomp  flag for RIPL OMP
 riplrisk            n     flagriplrisk flag for going outside RIPL mass validity range
 optmodall           n     flagompall   flag for new optical model calculation for all residual nuclei
 incadjust           y     flagincadj   flag for OMP adjustment on incident channel also
 omponly             n     flagomponly  flag to execute ONLY an optical model calculation
 autorot             n     flagautorot  flag for automatic rotational coupled channels calculations for A > 150
 spherical           n     flagspher    flag to force spherical optical model
 soukho              y     flagsoukho   flag for Soukhovitskii OMP for actinides
 coulomb             y     flagcoulomb  flag for Coulomb excitation calculation with ECIS
 statepot            n     flagstate    flag for optical model potential for each excited state
 maxband             0     maxband      highest vibrational band added to rotational model
 maxrot              2     maxrot       number of included excited rotational levels
 sysreaction               sysreaction  particles with reaction cross section from systematics
 rotational                rotational   particles with possible rotational optical model
 core               -1     core         even-even core for weakcoupling (-1 or 1)
 ecissave            n     flagecissave flag for saving ECIS input and output files
 eciscalc            y     flageciscalc flag for new ECIS calculation for outgoing particles and energy grid
 inccalc             y     flaginccalc  flag for new ECIS calculation for incident channel
 endfecis            y     flagendfecis flag for new ECIS calculation for ENDF-6 files
 radialmodel         2     radialmodel  model for radial matter densities (JLM OMP only)
 jlmmode             0     jlmmode      option for JLM imaginary potential normalization
 alphaomp            6     alphaomp     alpha OMP (1=normal, 2= McFadden-Satchler, 3-5= folding potential, 6,8= Avrigeanu, 7=Nolte)
 deuteronomp         4     deuteronomp  deuteron OMP (1=normal, 2=Daehnick, 3=Bojowald, 4=Han-Shi-Shen, 5=An-Cai)
 #
 # Compound nucleus
 #
 widthfluc          10.559 ewfc         off-set incident energy for width fluctuation calculation
 widthmode           2     wmode        designator for width fluctuation model
 WFCfactor           1     WFCfactor    enhancement factor for WFC: 1: Original, 2: Ernebjerg and Herman
 compound            y     flagcomp     flag for compound nucleus model
 fullhf              n     flagfullhf   flag for full spin dependence of transmission coefficients
 eciscompound        n     flageciscomp flag for compound nucleus calculation by ECIS
 cpang               n     flagcpang    flag for compound angular distribution calculation for incident charged particles
 urr                 n     flagurr      flag for URR calculation
 urrnjoy             n     flagurrnjoy  flag for normalization of URR parameters with NJOY method
 lurr                2     lurr         maximal orbital angular momentum for URR
 #
 # Gamma emission
 #
 gammax              2     gammax       number of l-values for gamma multipolarity
 strength            9     strength     model for E1 gamma-ray strength function
 strengthM1          3     strengthM1   model for M1 gamma-ray strength function
 electronconv        y     flagelectron flag for application of electron conversion coefficient
 racap               n     flagracap    flag for radiative capture model
 ldmodelracap        3     ldmodelracap level density model for direct radiative capture
 upbend              y     flagupbend   flag for low-energy upbend of photon strength function
 psfglobal           n    flagpsfglobal flag for global photon strength functions only
 gnorm               n     flaggnorm    flag to normalize PSF to average radiative width
 #
 # Pre-equilibrium
 #
 preequilibrium      2.113 epreeq       on-set incident energy for preequilibrium calculation
 preeqmode           2     preeqmode    designator for pre-equilibrium model
 multipreeq         20.000 emulpre      on-set incident energy for multiple preequilibrium
 mpreeqmode          2     mpreeqmode   designator for multiple pre-equilibrium model
 breakupmodel        1     breakupmodel model for break-up reaction: 1. Kalbach 2. Avrigeanu
 phmodel             1     phmodel      particle-hole state density model
 pairmodel           2     pairmodel    designator for pre-equilibrium pairing model
 preeqspin           2     pespinmodel  model for pre-equilibrium spin distribution
 giantresonance      y     flaggiant    flag for collective contribution from giant resonances
 preeqsurface        y     flagsurface  flag for surface effects in exciton model
 preeqcomplex        y     flagpecomp   flag for Kalbach complex particle emission model
 twocomponent        y     flag2comp    flag for two-component pre-equilibrium model
 ecisdwba            y     flagecisdwba flag for new ECIS calculation for DWBA for MSD
 onestep             n     flagonestep  flag for continuum one-step direct only
 #
 # Level densities
 #
 ldmodel             1     ldmodelall   level density model
 ldmodelCN           1     ldmodelCN    level density model for compound nucleus
 shellmodel          1     shellmodel   model for shell correction energies
 kvibmodel           2     kvibmodel    model for vibrational enhancement
 spincutmodel        1     spincutmodel model for spin cutoff factor for ground state
 asys                n     flagasys     flag for all level density parameters a from systematics
 parity              n     flagparity   flag for non-equal parity distribution
 colenhance          n     flagcolall   flag for collective enhancement of level density for all nuclides
 ctmglobal           n     flagctmglob  flag for global CTM model (no discrete level info)
 gshell              n     flaggshell   flag for energy dependence of single particle level density parameter g
 colldamp            n     flagcolldamp flag for damping of collective effects in effective level density
 #
 # Fission
 #
 fission             n     flagfission  flag for fission
 fismodel            3     fismodel     fission model
 fismodelalt         3     fismodelalt  alternative fission model for default barriers
 hbstate             n     flaghbstate  flag for head band states in fission
 class2              n     flagclass2   flag for class2 states in fission
 fispartdamp         n  flagfispartdamp flag for fission partial damping
 massdis             n     flagmassdis  flag for calculation of fission fragment mass yields
 ffevaporation       y     flagffevap   flag for calculation of particle evaporation from fission fragment mass yields
 fisfeed             n     flagfisfeed  flag for output of fission per excitation bin
 fymodel             2     fymodel      fission yield model, 1: Brosa 2: GEF
 ffmodel             1     ffmodel      fission fragment model, 1: GEF 2: HF3D (Okumura) 3: SPY 4: Langevin-4D 0: own files
 pfnsmodel           1     pfnsmodel    PFNS model, 1: Iwamoto 2: from FF decay
 ffspin              n     flagffspin   flag to use spin distribution in initial FF population
 #
 # Output
 #
 outmain             y     flagmain     flag for main output
 outbasic            n     flagbasic    flag for output of basic information and results
 outall              n     flagoutall   flag for output of all data in main output file
 outpopulation       n     flagpop      flag for output of population
 outcheck            n     flagcheck    flag for output of numerical checks
 outlevels           n     flaglevels   flag for output of discrete level information
 outdensity          n     flagdensity  flag for output of level densities
 outomp              n     flagoutomp   flag for output of optical model parameters
 outkd               n     flagoutkd    flag for output of KD03 OMP parameters
 outdirect           n     flagdirect   flag for output of direct reaction results
 outinverse          n     flaginverse  flag for output of transmission coefficients and inverse reaction cross sections
 outdecay            n     flagdecay    flag for output of decay of each population bin
 outtransenergy      y     flagtransen  flag for output of transmission coefficients per energy
 outecis             n     flagoutecis  flag for output of ECIS results
 outgamma            n     flaggamma    flag for output of gamma-ray information
 outpreequilibrium   n     flagpeout    flag for output of pre-equilibrium results 
 outfission          n     flagfisout   flag for output of fission information
 outdiscrete         n     flagdisc     flag for output of discrete state cross sections
 outspectra          n     flagspec     flag for output of double-differential cross sections
 outbinspectra       n     flagbinspec  flag for output of emission spectrum per excitation bin
 resonance           n     flagres      flag for output of low energy resonance cross sections
 group               n     flaggroup    flag for output of low energy groupwise cross sections
 adddiscrete         y     flagadd      flag for addition of discrete states to spectra
 addelastic          y     flagaddel    flag for addition of elastic peak to spectra
 outangle            n     flagang      flag for output of angular distributions
 outlegendre         n     flaglegendre flag for output of Legendre coefficients
 ddxmode             0     ddxmode      mode for double-differential cross sections
 outdwba             n     flagoutdwba  flag for output of DWBA cross sections for MSD
 outgamdis           n     flaggamdis   flag for output of discrete gamma-ray intensities
 outexcitation       y     flagexc      flag for output of excitation functions
 components          n     flagcompo    flag for output of cross section components
 endf                n     flagendf     flag for information for ENDF-6 file
 endfdetail          n     flagendfdet  flag for detailed ENDF-6 information per channel
 sacs                n     flagsacs     flag for statistical analysis of cross sections
 partable            n     flagpartable flag for output of model parameters on separate file
 block               n     flagblock    flag to block spectra, angle and gamma files

 ########## BASIC REACTION PARAMETERS ##########

 Projectile           : proton      Mass in a.m.u.      :   1.007276
 Target               : Fe57        Mass in a.m.u.      :  56.935392

 Included channels:
                     gamma   
                     neutron 
                     proton  
                     deuteron
                     triton  
                     helium-3
                     alpha   

    24 incident energies (LAB):

      1.000
      2.000
      3.000
      4.000
      5.000
      6.000
      8.000
     10.000
     12.000
     14.000
     16.000
     18.000
     20.000
     25.000
     30.000
     35.000
     40.000
     45.000
     50.000
     60.000
     70.000
     80.000
     90.000
    100.000

 Q-values for binary reactions:

 Q(p,g):  6.95424
 Q(p,n): -1.61871
 Q(p,p):  0.00000
 Q(p,d): -5.42160
 Q(p,t):-10.36142
 Q(p,h):-10.11171
 Q(p,a):  0.24029

 ########## RESULTS FOR E=   1.00000 ##########

 Energy dependent input flags

 Width fluctuations (flagwidth)            : y
 Unresolved resonance parameters (flagurr) : n
 Preequilibrium (flagpreeq)                : n
 Multiple preequilibrium (flagmulpre)      : n
 Number of continuum excitation energy bins: 40

 ########### REACTION SUMMARY FOR E=   1.00000 ###########

 Center-of-mass energy:    0.983

 1. Total (binary) cross sections

   Reaction        = 3.08364E-03
     Compound elastic= 9.40315E-05
     Non-elastic     = 2.98961E-03
       Direct          = 1.43234E-13
       Pre-equilibrium = 0.00000E+00
       Compound non-el = 2.98961E-03

 2. Binary non-elastic cross sections (non-exclusive)

 gamma   = 2.96679E-03
 neutron = 0.00000E+00
 proton  = 2.28225E-05
 deuteron= 0.00000E+00
 triton  = 0.00000E+00
 helium-3= 0.00000E+00
 alpha   = 0.00000E+00

 3. Total particle production cross sections

 gamma   = 7.04133E-03    Multiplicity= 2.35527E+00
 neutron = 0.00000E+00    Multiplicity= 0.00000E+00
 proton  = 2.28225E-05    Multiplicity= 7.63393E-03
 deuteron= 0.00000E+00    Multiplicity= 0.00000E+00
 triton  = 0.00000E+00    Multiplicity= 0.00000E+00
 helium-3= 0.00000E+00    Multiplicity= 0.00000E+00
 alpha   = 0.00000E+00    Multiplicity= 0.00000E+00

 4. Residual production cross sections

   a. Per isotope

   Z   A  nuclide    total     level   isomeric    isomeric    lifetime
                 cross section       cross section  ratio

   27  58 ( 58Co) 2.96210E-03    0    2.63149E-03  0.88839
                                 1    3.30612E-04  0.11161   3.27600E+04 sec. 
   25  54 ( 54Mn) 1.00000E-07    0    0.00000E+00  0.00000

   b. Per mass

   A  cross section

   58 2.96210E-03

 Total residual production cross section:     0.0029621
 Non-elastic cross section              :     0.0029896

 ########## RESULTS FOR E=   2.00000 ##########

 Energy dependent input flags

 Width fluctuations (flagwidth)            : y
 Unresolved resonance parameters (flagurr) : n
 Preequilibrium (flagpreeq)                : n
 Multiple preequilibrium (flagmulpre)      : n
 Number of continuum excitation energy bins: 40

 ########### REACTION SUMMARY FOR E=   2.00000 ###########

 Center-of-mass energy:    1.965

 1. Total (binary) cross sections

   Reaction        = 2.69044E+00
     Compound elastic= 9.01771E-01
     Non-elastic     = 1.78867E+00
       Direct          = 2.35449E-05
       Pre-equilibrium = 0.00000E+00
       Compound non-el = 1.78865E+00

 2. Binary non-elastic cross sections (non-exclusive)

 gamma   = 1.66517E-01
 neutron = 1.25763E+00
 proton  = 3.64525E-01
 deuteron= 0.00000E+00
 triton  = 0.00000E+00
 helium-3= 0.00000E+00
 alpha   = 0.00000E+00

 3. Total particle production cross sections

 gamma   = 4.22313E-01    Multiplicity= 2.36105E-01
 neutron = 1.25763E+00    Multiplicity= 7.03112E-01
 proton  = 3.64591E-01    Multiplicity= 2.03833E-01
 deuteron= 0.00000E+00    Multiplicity= 0.00000E+00
 triton  = 0.00000E+00    Multiplicity= 0.00000E+00
 helium-3= 0.00000E+00    Multiplicity= 0.00000E+00
 alpha   = 0.00000E+00    Multiplicity= 0.00000E+00

 4. Residual production cross sections

   a. Per isotope

   Z   A  nuclide    total     level   isomeric    isomeric    lifetime
                 cross section       cross section  ratio

   27  58 ( 58Co) 1.66442E-01    0    1.50275E-01  0.90287
                                 1    1.61668E-02  0.09713   3.27600E+04 sec. 
   27  57 ( 57Co) 1.25763E+00    0    1.25763E+00  1.00000
   26  57 ( 57Fe) 3.64591E-01    0    3.64591E-01  1.00000
   25  54 ( 54Mn) 1.00000E-07    0    0.00000E+00  0.00000

   b. Per mass

   A  cross section

   58 1.66442E-01
   57 1.62223E+00

 Total residual production cross section:     1.7886668
 Non-elastic cross section              :     1.7886693

 ########## RESULTS FOR E=   3.00000 ##########

 Energy dependent input flags

 Width fluctuations (flagwidth)            : y
 Unresolved resonance parameters (flagurr) : n
 Preequilibrium (flagpreeq)                : y
 Multiple preequilibrium (flagmulpre)      : n
 Number of continuum excitation energy bins: 40

 ########### REACTION SUMMARY FOR E=   3.00000 ###########

 Center-of-mass energy:    2.948

 1. Total (binary) cross sections

   Reaction        = 4.57351E+01
     Compound elastic= 1.55018E+01
     Non-elastic     = 3.02333E+01
       Direct          = 3.11076E-01
       Pre-equilibrium = 4.62340E-04
       Giant resonance = 6.94732E-12
       Compound non-el = 2.99217E+01

 2. Binary non-elastic cross sections (non-exclusive)

 gamma   = 4.11981E-01
 neutron = 1.93812E+01
 proton  = 1.04401E+01
 deuteron= 0.00000E+00
 triton  = 0.00000E+00
 helium-3= 0.00000E+00
 alpha   = 3.16806E-11

 3. Total particle production cross sections

 gamma   = 1.06077E+00    Multiplicity= 3.50861E-02
 neutron = 1.93829E+01    Multiplicity= 6.41111E-01
 proton  = 1.04419E+01    Multiplicity= 3.45376E-01
 deuteron= 0.00000E+00    Multiplicity= 0.00000E+00
 triton  = 0.00000E+00    Multiplicity= 0.00000E+00
 helium-3= 0.00000E+00    Multiplicity= 0.00000E+00
 alpha   = 3.16806E-11    Multiplicity= 1.04787E-12

 4. Residual production cross sections

   a. Per isotope

   Z   A  nuclide    total     level   isomeric    isomeric    lifetime
                 cross section       cross section  ratio

   27  58 ( 58Co) 4.08536E-01    0    3.58599E-01  0.87777
                                 1    4.99364E-02  0.12223   3.27600E+04 sec. 
   27  57 ( 57Co) 1.93829E+01    0    1.93829E+01  1.00000
   26  57 ( 57Fe) 1.04419E+01    0    1.04419E+01  1.00000
   25  54 ( 54Mn) 1.00000E-07    0    0.00000E+00  0.00000

   b. Per mass

   A  cross section

   58 4.08536E-01
   57 2.98247E+01

 Total residual production cross section:    30.2332573
 Non-elastic cross section              :    30.2332802

 ########## RESULTS FOR E=   4.00000 ##########

 Energy dependent input flags

 Width fluctuations (flagwidth)            : y
 Unresolved resonance parameters (flagurr) : n
 Preequilibrium (flagpreeq)                : y
 Multiple preequilibrium (flagmulpre)      : n
 Number of continuum excitation energy bins: 40

 ########### REACTION SUMMARY FOR E=   4.00000 ###########

 Center-of-mass energy:    3.930

 1. Total (binary) cross sections

   Reaction        = 1.89953E+02
     Compound elastic= 2.37446E+01
     Non-elastic     = 1.66208E+02
       Direct          = 3.50333E+00
       Pre-equilibrium = 3.52086E-03
       Giant resonance = 1.97310E-05
       Compound non-el = 1.62702E+02

 2. Binary non-elastic cross sections (non-exclusive)

 gamma   = 3.44981E-01
 neutron = 1.31912E+02
 proton  = 3.39505E+01
 deuteron= 0.00000E+00
 triton  = 0.00000E+00
 helium-3= 0.00000E+00
 alpha   = 1.16641E-03

 3. Total particle production cross sections

 gamma   = 9.50551E-01    Multiplicity= 5.71903E-03
 neutron = 1.31919E+02    Multiplicity= 7.93697E-01
 proton  = 3.39543E+01    Multiplicity= 2.04287E-01
 deuteron= 0.00000E+00    Multiplicity= 0.00000E+00
 triton  = 0.00000E+00    Multiplicity= 0.00000E+00
 helium-3= 0.00000E+00    Multiplicity= 0.00000E+00
 alpha   = 1.16641E-03    Multiplicity= 7.01777E-06

 4. Residual production cross sections

   a. Per isotope

   Z   A  nuclide    total     level   isomeric    isomeric    lifetime
                 cross section       cross section  ratio

   27  58 ( 58Co) 3.34149E-01    0    2.78903E-01  0.83467
                                 1    5.52459E-02  0.16533   3.27600E+04 sec. 
   27  57 ( 57Co) 1.31919E+02    0    1.31919E+02  1.00000
   26  57 ( 57Fe) 3.39543E+01    0    3.39543E+01  1.00000
   25  54 ( 54Mn) 1.16641E-03    0    1.16641E-03  1.00000

   b. Per mass

   A  cross section

   58 3.34149E-01
   57 1.65873E+02
   54 1.16641E-03

 Total residual production cross section:   166.2087250
 Non-elastic cross section              :   166.2084351

 ########## RESULTS FOR E=   5.00000 ##########

 Energy dependent input flags

 Width fluctuations (flagwidth)            : y
 Unresolved resonance parameters (flagurr) : n
 Preequilibrium (flagpreeq)                : y
 Multiple preequilibrium (flagmulpre)      : n
 Number of continuum excitation energy bins: 40

 ########### REACTION SUMMARY FOR E=   5.00000 ###########

 Center-of-mass energy:    4.913

 1. Total (binary) cross sections

   Reaction        = 3.81873E+02
     Compound elastic= 2.19075E+01
     Non-elastic     = 3.59966E+02
       Direct          = 1.33819E+01
       Pre-equilibrium = 7.22285E-01
       Giant resonance = 5.55533E-03
       Compound non-el = 3.45856E+02

 2. Binary non-elastic cross sections (non-exclusive)

 gamma   = 4.18673E-01
 neutron = 2.81820E+02
 proton  = 7.76869E+01
 deuteron= 0.00000E+00
 triton  = 0.00000E+00
 helium-3= 0.00000E+00
 alpha   = 4.06447E-02

 3. Total particle production cross sections

 gamma   = 1.03586E+02    Multiplicity= 2.87765E-01
 neutron = 2.81843E+02    Multiplicity= 7.82971E-01
 proton  = 7.76958E+01    Multiplicity= 2.15842E-01
 deuteron= 0.00000E+00    Multiplicity= 0.00000E+00
 triton  = 0.00000E+00    Multiplicity= 0.00000E+00
 helium-3= 0.00000E+00    Multiplicity= 0.00000E+00
 alpha   = 4.06447E-02    Multiplicity= 1.12913E-04

 4. Residual production cross sections

   a. Per isotope

   Z   A  nuclide    total     level   isomeric    isomeric    lifetime
                 cross section       cross section  ratio

   27  58 ( 58Co) 3.87499E-01    0    3.10803E-01  0.80207
                                 1    7.66959E-02  0.19793   3.27600E+04 sec. 
   27  57 ( 57Co) 2.81847E+02    0    2.81847E+02  1.00000
   26  57 ( 57Fe) 7.76964E+01    0    7.76964E+01  1.00000
   25  54 ( 54Mn) 4.06417E-02    0    4.06417E-02  1.00000

   b. Per mass

   A  cross section

   58 3.87499E-01
   57 3.59543E+02
   54 4.06417E-02

 Total residual production cross section:   359.9710693
 Non-elastic cross section              :   359.9655151

 ########## RESULTS FOR E=   6.00000 ##########

 Energy dependent input flags

 Width fluctuations (flagwidth)            : y
 Unresolved resonance parameters (flagurr) : n
 Preequilibrium (flagpreeq)                : y
 Multiple preequilibrium (flagmulpre)      : n
 Number of continuum excitation energy bins: 40

 ########### REACTION SUMMARY FOR E=   6.00000 ###########

 Center-of-mass energy:    5.895

 1. Total (binary) cross sections

   Reaction        = 5.44310E+02
     Compound elastic= 1.61857E+01
     Non-elastic     = 5.28124E+02
       Direct          = 2.56626E+01
       Pre-equilibrium = 3.59652E+00
       Giant resonance = 1.11920E-01
       Compound non-el = 4.98753E+02

 2. Binary non-elastic cross sections (non-exclusive)

 gamma   = 5.32112E-01
 neutron = 4.01466E+02
 proton  = 1.25583E+02
 deuteron= 3.11414E-17
 triton  = 0.00000E+00
 helium-3= 0.00000E+00
 alpha   = 5.44976E-01

 3. Total particle production cross sections

 gamma   = 2.96102E+02    Multiplicity= 5.60667E-01
 neutron = 4.01518E+02    Multiplicity= 7.60272E-01
 proton  = 1.25599E+02    Multiplicity= 2.37822E-01
 deuteron= 3.11414E-17    Multiplicity= 5.89661E-20
 triton  = 0.00000E+00    Multiplicity= 0.00000E+00
 helium-3= 0.00000E+00    Multiplicity= 0.00000E+00
 alpha   = 5.44976E-01    Multiplicity= 1.03191E-03

 4. Residual production cross sections

   a. Per isotope

   Z   A  nuclide    total     level   isomeric    isomeric    lifetime
                 cross section       cross section  ratio

   27  58 ( 58Co) 4.63875E-01    0    3.59072E-01  0.77407
                                 1    1.04803E-01  0.22593   3.27600E+04 sec. 
   27  57 ( 57Co) 4.01535E+02    0    4.01535E+02  1.00000
   26  57 ( 57Fe) 1.25606E+02    0    1.25606E+02  1.00000
   25  54 ( 54Mn) 5.44971E-01    0    5.44971E-01  1.00000

   b. Per mass

   A  cross section

   58 4.63875E-01
   57 5.27141E+02
   54 5.44971E-01

 Total residual production cross section:   528.1499634
 Non-elastic cross section              :   528.1243286

 ########## RESULTS FOR E=   8.00000 ##########

 Energy dependent input flags

 Width fluctuations (flagwidth)            : y
 Unresolved resonance parameters (flagurr) : n
 Preequilibrium (flagpreeq)                : y
 Multiple preequilibrium (flagmulpre)      : n
 Number of continuum excitation energy bins: 40

 ########### REACTION SUMMARY FOR E=   8.00000 ###########

 Center-of-mass energy:    7.860

 1. Total (binary) cross sections

   Reaction        = 7.23009E+02
     Compound elastic= 5.68178E+00
     Non-elastic     = 7.17327E+02
       Direct          = 3.78284E+01
       Pre-equilibrium = 1.90795E+01
       Giant resonance = 1.64907E+00
       Compound non-el = 6.58770E+02

 2. Binary non-elastic cross sections (non-exclusive)

 gamma   = 7.60879E-01
 neutron = 5.29548E+02
 proton  = 1.77656E+02
 deuteron= 1.72627E-02
 triton  = 0.00000E+00
 helium-3= 0.00000E+00
 alpha   = 9.34772E+00

 3. Total particle production cross sections

 gamma   = 6.89002E+02    Multiplicity= 9.60513E-01
 neutron = 5.29701E+02    Multiplicity= 7.38437E-01
 proton  = 1.77693E+02    Multiplicity= 2.47715E-01
 deuteron= 1.72627E-02    Multiplicity= 2.40653E-05
 triton  = 0.00000E+00    Multiplicity= 0.00000E+00
 helium-3= 0.00000E+00    Multiplicity= 0.00000E+00
 alpha   = 9.34775E+00    Multiplicity= 1.30314E-02

 4. Residual production cross sections

   a. Per isotope

   Z   A  nuclide    total     level   isomeric    isomeric    lifetime
                 cross section       cross section  ratio

   27  58 ( 58Co) 5.71984E-01    0    4.10639E-01  0.71792
                                 1    1.61345E-01  0.28208   3.27600E+04 sec. 
   27  57 ( 57Co) 5.29765E+02    0    5.29765E+02  1.00000
   26  57 ( 57Fe) 1.77763E+02    0    1.77763E+02  1.00000
   26  56 ( 56Fe) 1.72627E-02    0    1.72627E-02  1.00000
   25  54 ( 54Mn) 9.34792E+00    0    9.34792E+00  1.00000

   b. Per mass

   A  cross section

   58 5.71984E-01
   57 7.07528E+02
   56 1.72627E-02
   54 9.34792E+00

 Total residual production cross section:   717.4651489
 Non-elastic cross section              :   717.3272095

 ########## RESULTS FOR E=  10.00000 ##########

 Energy dependent input flags

 Width fluctuations (flagwidth)            : y
 Unresolved resonance parameters (flagurr) : n
 Preequilibrium (flagpreeq)                : y
 Multiple preequilibrium (flagmulpre)      : n
 Number of continuum excitation energy bins: 40

 ########### REACTION SUMMARY FOR E=  10.00000 ###########

 Center-of-mass energy:    9.825

 1. Total (binary) cross sections

   Reaction        = 8.51424E+02
     Compound elastic= 1.66352E+00
     Non-elastic     = 8.49760E+02
       Direct          = 4.34508E+01
       Pre-equilibrium = 5.00734E+01
       Giant resonance = 4.10030E+00
       Compound non-el = 7.52136E+02

 2. Binary non-elastic cross sections (non-exclusive)

 gamma   = 1.06215E+00
 neutron = 5.97260E+02
 proton  = 2.22626E+02
 deuteron= 1.02054E+00
 triton  = 0.00000E+00
 helium-3= 0.00000E+00
 alpha   = 2.77977E+01

 3. Total particle production cross sections

 gamma   = 1.00940E+03    Multiplicity= 1.18787E+00
 neutron = 5.97955E+02    Multiplicity= 7.03674E-01
 proton  = 2.53683E+02    Multiplicity= 2.98535E-01
 deuteron= 1.02054E+00    Multiplicity= 1.20098E-03
 triton  = 0.00000E+00    Multiplicity= 0.00000E+00
 helium-3= 0.00000E+00    Multiplicity= 0.00000E+00
 alpha   = 2.77982E+01    Multiplicity= 3.27129E-02

 4. Residual production cross sections

   a. Per isotope

   Z   A  nuclide    total     level   isomeric    isomeric    lifetime
                 cross section       cross section  ratio

   27  58 ( 58Co) 6.85555E-01    0    4.50240E-01  0.65675
                                 1    2.35315E-01  0.34325   3.27600E+04 sec. 
   27  57 ( 57Co) 5.66713E+02    0    5.66713E+02  1.00000
   26  57 ( 57Fe) 2.22498E+02    0    2.22498E+02  1.00000
   26  56 ( 56Fe) 3.23960E+01    0    3.23960E+01  1.00000
   25  54 ( 54Mn) 2.78015E+01    0    2.78015E+01  1.00000

   b. Per mass

   A  cross section

   58 6.85555E-01
   57 7.89211E+02
   56 3.23960E+01
   54 2.78015E+01

 Total residual production cross section:   850.0942993
 Non-elastic cross section              :   849.7604980

 ########## RESULTS FOR E=  12.00000 ##########

 Energy dependent input flags

 Width fluctuations (flagwidth)            : n
 Unresolved resonance parameters (flagurr) : n
 Preequilibrium (flagpreeq)                : y
 Multiple preequilibrium (flagmulpre)      : n
 Number of continuum excitation energy bins: 40

 ########### REACTION SUMMARY FOR E=  12.00000 ###########

 Center-of-mass energy:   11.790

 1. Total (binary) cross sections

   Reaction        = 9.49178E+02
     Compound elastic= 3.04512E-01
     Non-elastic     = 9.48873E+02
       Direct          = 4.82807E+01
       Pre-equilibrium = 9.61340E+01
       Giant resonance = 7.67195E+00
       Compound non-el = 7.96787E+02

 2. Binary non-elastic cross sections (non-exclusive)

 gamma   = 1.41303E+00
 neutron = 6.23056E+02
 proton  = 2.76480E+02
 deuteron= 3.88991E+00
 triton  = 4.46479E-07
 helium-3= 2.56900E-17
 alpha   = 4.40340E+01

 3. Total particle production cross sections

 gamma   = 9.08412E+02    Multiplicity= 9.57358E-01
 neutron = 6.54594E+02    Multiplicity= 6.89864E-01
 proton  = 5.17661E+02    Multiplicity= 5.45553E-01
 deuteron= 3.88994E+00    Multiplicity= 4.09953E-03
 triton  = 4.46479E-07    Multiplicity= 4.70536E-10
 helium-3= 2.56900E-17    Multiplicity= 2.70742E-20
 alpha   = 4.40361E+01    Multiplicity= 4.64088E-02

 4. Residual production cross sections

   a. Per isotope

   Z   A  nuclide    total     level   isomeric    isomeric    lifetime
                 cross section       cross section  ratio

   27  58 ( 58Co) 8.34799E-01    0    5.15169E-01  0.61712
                                 1    3.19630E-01  0.38288   3.27600E+04 sec. 
   27  57 ( 57Co) 3.82672E+02    0    3.82672E+02  1.00000
   26  57 ( 57Fe) 2.45864E+02    0    2.45864E+02  1.00000
   26  56 ( 56Fe) 2.76031E+02    0    2.76031E+02  1.00000
   25  54 ( 54Mn) 4.40488E+01    0    4.40488E+01  1.00000

   b. Per mass

   A  cross section

   58 8.34799E-01
   57 6.28535E+02
   56 2.76031E+02
   54 4.40488E+01

 Total residual production cross section:   949.4497070
 Non-elastic cross section              :   948.8734741

 ########## RESULTS FOR E=  14.00000 ##########

 Energy dependent input flags

 Width fluctuations (flagwidth)            : n
 Unresolved resonance parameters (flagurr) : n
 Preequilibrium (flagpreeq)                : y
 Multiple preequilibrium (flagmulpre)      : n
 Number of continuum excitation energy bins: 40

 ########### REACTION SUMMARY FOR E=  14.00000 ###########

 Center-of-mass energy:   13.755

 1. Total (binary) cross sections

   Reaction        = 1.01401E+03
     Compound elastic= 8.27856E-02
     Non-elastic     = 1.01393E+03
       Direct          = 5.05121E+01
       Pre-equilibrium = 1.52229E+02
       Giant resonance = 1.42962E+01
       Compound non-el = 7.96890E+02

 2. Binary non-elastic cross sections (non-exclusive)

 gamma   = 1.73952E+00
 neutron = 6.16523E+02
 proton  = 3.32564E+02
 deuteron= 9.40683E+00
 triton  = 1.05965E-02
 helium-3= 5.15441E-07
 alpha   = 5.36837E+01

 3. Total particle production cross sections

 gamma   = 6.62707E+02    Multiplicity= 6.53604E-01
 neutron = 7.69629E+02    Multiplicity= 7.59058E-01
 proton  = 7.29208E+02    Multiplicity= 7.19191E-01
 deuteron= 9.40694E+00    Multiplicity= 9.27773E-03
 triton  = 1.05965E-02    Multiplicity= 1.04509E-05
 helium-3= 5.15441E-07    Multiplicity= 5.08361E-10
 alpha   = 5.37002E+01    Multiplicity= 5.29626E-02

 4. Residual production cross sections

   a. Per isotope

   Z   A  nuclide    total     level   isomeric    isomeric    lifetime
                 cross section       cross section  ratio

   27  58 ( 58Co) 1.00249E+00    0    6.03733E-01  0.60223
                                 1    3.98760E-01  0.39777   3.27600E+04 sec. 
   27  57 ( 57Co) 1.98714E+02    0    1.98714E+02  1.00000
   26  57 ( 57Fe) 2.02927E+02    0    2.02927E+02  1.00000
   27  56 ( 56Co) 2.21911E+01    0    2.21911E+01  1.00000
   26  56 ( 56Fe) 5.36207E+02    0    5.36207E+02  1.00000
   26  55 ( 55Fe) 1.05964E-02    0    1.05964E-02  1.00000
   25  54 ( 54Mn) 5.36801E+01    0    5.36801E+01  1.00000
   25  53 ( 53Mn) 4.47546E-02    0    4.47546E-02  1.00000
   24  53 ( 53Cr) 1.58000E-03    0    1.58000E-03  1.00000

   b. Per mass

   A  cross section

   58 1.00249E+00
   57 4.01641E+02
   56 5.58398E+02
   55 1.05964E-02
   54 5.36801E+01
   53 4.63346E-02

 Total residual production cross section:  1014.7781372
 Non-elastic cross section              :  1013.9272461

 ########## RESULTS FOR E=  16.00000 ##########

 Energy dependent input flags

 Width fluctuations (flagwidth)            : n
 Unresolved resonance parameters (flagurr) : n
 Preequilibrium (flagpreeq)                : y
 Multiple preequilibrium (flagmulpre)      : n
 Number of continuum excitation energy bins: 40

 ########### REACTION SUMMARY FOR E=  16.00000 ###########

 Center-of-mass energy:   15.720

 1. Total (binary) cross sections

   Reaction        = 1.06044E+03
     Compound elastic= 2.18421E-02
     Non-elastic     = 1.06042E+03
       Direct          = 4.99381E+01
       Pre-equilibrium = 2.16106E+02
       Giant resonance = 1.85592E+01
       Compound non-el = 7.75815E+02

 2. Binary non-elastic cross sections (non-exclusive)

 gamma   = 1.89195E+00
 neutron = 5.96962E+02
 proton  = 3.85601E+02
 deuteron= 1.62433E+01
 triton  = 7.89469E-02
 helium-3= 2.65311E-04
 alpha   = 5.96404E+01

 3. Total particle production cross sections

 gamma   = 6.23530E+02    Multiplicity= 5.88004E-01
 neutron = 9.82024E+02    Multiplicity= 9.26073E-01
 proton  = 7.27606E+02    Multiplicity= 6.86150E-01
 deuteron= 1.62436E+01    Multiplicity= 1.53181E-02
 triton  = 7.89471E-02    Multiplicity= 7.44491E-05
 helium-3= 2.65311E-04    Multiplicity= 2.50195E-07
 alpha   = 6.01141E+01    Multiplicity= 5.66891E-02

 4. Residual production cross sections

   a. Per isotope

   Z   A  nuclide    total     level   isomeric    isomeric    lifetime
                 cross section       cross section  ratio

   27  58 ( 58Co) 1.03159E+00    0    6.10460E-01  0.59177
                                 1    4.21130E-01  0.40823   3.27600E+04 sec. 
   27  57 ( 57Co) 1.06043E+02    0    1.06043E+02  1.00000
   26  57 ( 57Fe) 1.55560E+02    0    1.55560E+02  1.00000
   27  56 ( 56Co) 1.49783E+02    0    1.49783E+02  1.00000
   26  56 ( 56Fe) 5.88854E+02    0    5.88854E+02  1.00000
   25  56 ( 56Mn) 2.50952E-02    0    2.50952E-02  1.00000
   26  55 ( 55Fe) 7.89486E-02    0    7.89486E-02  1.00000
   25  54 ( 54Mn) 5.58561E+01    0    5.58561E+01  1.00000
   25  53 ( 53Mn) 4.22107E+00    0    4.22107E+00  1.00000
   24  53 ( 53Cr) 7.78926E-02    0    7.78926E-02  1.00000

   b. Per mass

   A  cross section

   58 1.03159E+00
   57 2.61603E+02
   56 7.38662E+02
   55 7.89486E-02
   54 5.58561E+01
   53 4.29897E+00

 Total residual production cross section:  1061.5302734
 Non-elastic cross section              :  1060.4180908

 ########## RESULTS FOR E=  18.00000 ##########

 Energy dependent input flags

 Width fluctuations (flagwidth)            : n
 Unresolved resonance parameters (flagurr) : n
 Preequilibrium (flagpreeq)                : y
 Multiple preequilibrium (flagmulpre)      : n
 Number of continuum excitation energy bins: 40

 ########### REACTION SUMMARY FOR E=  18.00000 ###########

 Center-of-mass energy:   17.684

 1. Total (binary) cross sections

   Reaction        = 1.08840E+03
     Compound elastic= 5.64596E-03
     Non-elastic     = 1.08839E+03
       Direct          = 4.80929E+01
       Pre-equilibrium = 2.82597E+02
       Giant resonance = 2.04566E+01
       Compound non-el = 7.37248E+02

 2. Binary non-elastic cross sections (non-exclusive)

 gamma   = 1.94405E+00
 neutron = 5.72622E+02
 proton  = 4.27234E+02
 deuteron= 2.30517E+01
 triton  = 2.20203E-01
 helium-3= 5.05369E-03
 alpha   = 6.33173E+01

 3. Total particle production cross sections

 gamma   = 8.21809E+02    Multiplicity= 7.55066E-01
 neutron = 1.09537E+03    Multiplicity= 1.00641E+00
 proton  = 7.27973E+02    Multiplicity= 6.68850E-01
 deuteron= 2.30522E+01    Multiplicity= 2.11801E-02
 triton  = 2.20205E-01    Multiplicity= 2.02321E-04
 helium-3= 5.05369E-03    Multiplicity= 4.64326E-06
 alpha   = 6.64952E+01    Multiplicity= 6.10947E-02

 4. Residual production cross sections

   a. Per isotope

   Z   A  nuclide    total     level   isomeric    isomeric    lifetime
                 cross section       cross section  ratio

   27  58 ( 58Co) 9.42420E-01    0    5.48252E-01  0.58175
                                 1    3.94168E-01  0.41825   3.27600E+04 sec. 
   27  57 ( 57Co) 6.77396E+01    0    6.77396E+01  1.00000
   26  57 ( 57Fe) 1.31415E+02    0    1.31415E+02  1.00000
   27  56 ( 56Co) 2.03795E+02    0    2.03795E+02  1.00000
   26  56 ( 56Fe) 6.18149E+02    0    6.18149E+02  1.00000
   25  56 ( 56Mn) 9.20340E-01    0    9.20340E-01  1.00000
   26  55 ( 55Fe) 2.20561E-01    0    2.20561E-01  1.00000
   25  55 ( 55Mn) 5.05025E-03    0    5.05025E-03  1.00000
   25  54 ( 54Mn) 4.06221E+01    0    4.06221E+01  1.00000
   25  53 ( 53Mn) 2.54653E+01    0    2.54653E+01  1.00000
   24  53 ( 53Cr) 4.62186E-01    0    4.62186E-01  1.00000

   b. Per mass

   A  cross section

   58 9.42420E-01
   57 1.99155E+02
   56 8.22864E+02
   55 2.25612E-01
   54 4.06221E+01
   53 2.59275E+01

 Total residual production cross section:  1089.7365723
 Non-elastic cross section              :  1088.3944092

 ########## RESULTS FOR E=  20.00000 ##########

 Energy dependent input flags

 Width fluctuations (flagwidth)            : n
 Unresolved resonance parameters (flagurr) : n
 Preequilibrium (flagpreeq)                : y
 Multiple preequilibrium (flagmulpre)      : y
 Number of continuum excitation energy bins: 40

 ########### REACTION SUMMARY FOR E=  20.00000 ###########

 Center-of-mass energy:   19.649

 1. Total (binary) cross sections

   Reaction        = 1.10246E+03
     Compound elastic= 1.45024E-03
     Non-elastic     = 1.10246E+03
       Direct          = 4.57195E+01
       Pre-equilibrium = 3.46852E+02
       Giant resonance = 2.15872E+01
       Compound non-el = 6.88300E+02

 2. Binary non-elastic cross sections (non-exclusive)

 gamma   = 1.93545E+00
 neutron = 5.49298E+02
 proton  = 4.55453E+02
 deuteron= 2.93823E+01
 triton  = 5.01829E-01
 helium-3= 4.08073E-02
 alpha   = 6.58476E+01

 3. Total particle production cross sections

 gamma   = 1.08253E+03    Multiplicity= 9.81927E-01
 neutron = 1.13356E+03    Multiplicity= 1.02821E+00
 proton  = 7.43698E+02    Multiplicity= 6.74581E-01
 deuteron= 2.93855E+01    Multiplicity= 2.66545E-02
 triton  = 5.01837E-01    Multiplicity= 4.55198E-04
 helium-3= 4.08074E-02    Multiplicity= 3.70149E-05
 alpha   = 7.39176E+01    Multiplicity= 6.70479E-02

 4. Residual production cross sections

   a. Per isotope

   Z   A  nuclide    total     level   isomeric    isomeric    lifetime
                 cross section       cross section  ratio

   27  58 ( 58Co) 7.58192E-01    0    4.34890E-01  0.57359
                                 1    3.23302E-01  0.42641   3.27600E+04 sec. 
   27  57 ( 57Co) 5.18362E+01    0    5.18362E+01  1.00000
   26  57 ( 57Fe) 1.18579E+02    0    1.18579E+02  1.00000
   27  56 ( 56Co) 2.09232E+02    0    2.09232E+02  1.00000
   26  56 ( 56Fe) 6.44277E+02    0    6.44277E+02  1.00000
   25  56 ( 56Mn) 4.72520E+00    0    4.72520E+00  1.00000
   26  55 ( 55Fe) 5.53328E-01    0    5.53328E-01  1.00000
   25  55 ( 55Mn) 4.15799E-02    0    4.15799E-02  1.00000
   25  54 ( 54Mn) 2.34190E+01    0    2.34190E+01  1.00000
   25  53 ( 53Mn) 4.88735E+01    0    4.88735E+01  1.00000
   24  53 ( 53Cr) 1.68978E+00    0    1.68978E+00  1.00000

   b. Per mass

   A  cross section

   58 7.58192E-01
   57 1.70416E+02
   56 8.58234E+02
   55 5.94908E-01
   54 2.34190E+01
   53 5.05633E+01

 Total residual production cross section:  1103.9851074
 Non-elastic cross section              :  1102.4584961

 ########## RESULTS FOR E=  25.00000 ##########

 Energy dependent input flags

 Width fluctuations (flagwidth)            : n
 Unresolved resonance parameters (flagurr) : n
 Preequilibrium (flagpreeq)                : y
 Multiple preequilibrium (flagmulpre)      : y
 Number of continuum excitation energy bins: 40

 ########### REACTION SUMMARY FOR E=  25.00000 ###########

 Center-of-mass energy:   24.560

 1. Total (binary) cross sections

   Reaction        = 1.11915E+03
     Compound elastic= 5.60429E-05
     Non-elastic     = 1.11915E+03
       Direct          = 4.03507E+01
       Pre-equilibrium = 4.92952E+02
       Giant resonance = 2.48312E+01
       Compound non-el = 5.61016E+02

 2. Binary non-elastic cross sections (non-exclusive)

 gamma   = 1.81097E+00
 neutron = 5.02727E+02
 proton  = 5.00570E+02
 deuteron= 4.16880E+01
 triton  = 1.82956E+00
 helium-3= 1.88382E+00
 alpha   = 6.86407E+01

 3. Total particle production cross sections

 gamma   = 1.46825E+03    Multiplicity= 1.31193E+00
 neutron = 1.17039E+03    Multiplicity= 1.04578E+00
 proton  = 8.29328E+02    Multiplicity= 7.41034E-01
 deuteron= 4.23864E+01    Multiplicity= 3.78737E-02
 triton  = 1.83119E+00    Multiplicity= 1.63623E-03
 helium-3= 1.88382E+00    Multiplicity= 1.68326E-03
 alpha   = 9.26523E+01    Multiplicity= 8.27881E-02

 4. Residual production cross sections

   a. Per isotope

   Z   A  nuclide    total     level   isomeric    isomeric    lifetime
                 cross section       cross section  ratio

   27  58 ( 58Co) 3.35677E-01    0    1.92949E-01  0.57481
                                 1    1.42728E-01  0.42519   3.27600E+04 sec. 
   27  57 ( 57Co) 3.65574E+01    0    3.65574E+01  1.00000
   26  57 ( 57Fe) 1.02334E+02    0    1.02334E+02  1.00000
   27  56 ( 56Co) 1.42118E+02    0    1.42118E+02  1.00000
   26  56 ( 56Fe) 6.31723E+02    0    6.31723E+02  1.00000
   25  56 ( 56Mn) 1.88362E+01    0    1.88362E+01  1.00000
   27  55 ( 55Co) 1.41562E+00    0    1.41562E+00  1.00000
   26  55 ( 55Fe) 9.04013E+01    0    9.04013E+01  1.00000
   25  55 ( 55Mn) 4.50869E+00    0    4.50869E+00  1.00000
   26  54 ( 54Fe) 6.91964E-02    0    6.91964E-02  1.00000
   25  54 ( 54Mn) 8.83996E+00    0    8.83996E+00  1.00000
   25  53 ( 53Mn) 7.64900E+01    0    7.64900E+01  1.00000
   24  53 ( 53Cr) 6.98287E+00    0    6.98287E+00  1.00000
   24  52 ( 52Cr) 2.92254E-01    0    2.92254E-01  1.00000
   23  50 ( 50V ) 6.33175E-02    0    6.33175E-02  1.00000

   b. Per mass

   A  cross section

   58 3.35677E-01
   57 1.38892E+02
   56 7.92677E+02
   55 9.63256E+01
   54 8.90916E+00
   53 8.34729E+01
   52 2.92254E-01
   50 6.33175E-02

 Total residual production cross section:  1120.9672852
 Non-elastic cross section              :  1119.1500244

 ########## RESULTS FOR E=  30.00000 ##########

 Energy dependent input flags

 Width fluctuations (flagwidth)            : n
 Unresolved resonance parameters (flagurr) : n
 Preequilibrium (flagpreeq)                : y
 Multiple preequilibrium (flagmulpre)      : y
 Number of continuum excitation energy bins: 40

 ########### REACTION SUMMARY FOR E=  30.00000 ###########

 Center-of-mass energy:   29.470

 1. Total (binary) cross sections

   Reaction        = 1.11076E+03
     Compound elastic= 2.81414E-06
     Non-elastic     = 1.11076E+03
       Direct          = 3.59005E+01
       Pre-equilibrium = 6.08858E+02
       Giant resonance = 2.80297E+01
       Compound non-el = 4.37972E+02

 2. Binary non-elastic cross sections (non-exclusive)

 gamma   = 1.65770E+00
 neutron = 4.59228E+02
 proton  = 5.21648E+02
 deuteron= 5.32488E+01
 triton  = 3.42907E+00
 helium-3= 6.47519E+00
 alpha   = 6.50732E+01

 3. Total particle production cross sections

 gamma   = 1.27552E+03    Multiplicity= 1.14833E+00
 neutron = 1.33905E+03    Multiplicity= 1.20552E+00
 proton  = 9.30040E+02    Multiplicity= 8.37301E-01
 deuteron= 5.50681E+01    Multiplicity= 4.95769E-02
 triton  = 3.46436E+00    Multiplicity= 3.11891E-03
 helium-3= 6.47726E+00    Multiplicity= 5.83137E-03
 alpha   = 9.13003E+01    Multiplicity= 8.21963E-02

 4. Residual production cross sections

   a. Per isotope

   Z   A  nuclide    total     level   isomeric    isomeric    lifetime
                 cross section       cross section  ratio

   27  58 ( 58Co) 1.92394E-01    0    1.11648E-01  0.58031
                                 1    8.07457E-02  0.41969   3.27600E+04 sec. 
   27  57 ( 57Co) 2.81800E+01    0    2.81800E+01  1.00000
   26  57 ( 57Fe) 9.08246E+01    0    9.08246E+01  1.00000
   27  56 ( 56Co) 6.28973E+01    0    6.28973E+01  1.00000
   26  56 ( 56Fe) 4.36313E+02    0    4.36313E+02  1.00000
   25  56 ( 56Mn) 2.11539E+01    0    2.11539E+01  1.00000
   27  55 ( 55Co) 1.47017E+01    0    1.47017E+01  1.00000
   26  55 ( 55Fe) 3.24539E+02    0    3.24539E+02  1.00000
   25  55 ( 55Mn) 4.09755E+01    0    4.09755E+01  1.00000
   26  54 ( 54Fe) 1.12929E+00    0    1.12929E+00  1.00000
   25  54 ( 54Mn) 5.35015E+00    0    5.35015E+00  1.00000
   24  54 ( 54Cr) 2.29535E-02    0    2.29535E-02  1.00000
   25  53 ( 53Mn) 6.03432E+01    0    6.03432E+01  1.00000
   24  53 ( 53Cr) 8.55520E+00    0    8.55520E+00  1.00000
   25  52 ( 52Mn) 1.50186E+00    0    1.21384E+00  0.80822
                                 1    2.88030E-01  0.19178   1.26600E+03 sec. 
   24  52 ( 52Cr) 1.55521E+01    0    1.55521E+01  1.00000
   23  50 ( 50V ) 4.30573E-01    0    4.30573E-01  1.00000

   b. Per mass

   A  cross section

   58 1.92394E-01
   57 1.19005E+02
   56 5.20364E+02
   55 3.80216E+02
   54 6.50240E+00
   53 6.88984E+01
   52 1.70540E+01
   50 4.30573E-01

 Total residual production cross section:  1112.6624756
 Non-elastic cross section              :  1110.7600098

 ########## RESULTS FOR E=  35.00000 ##########

 Energy dependent input flags

 Width fluctuations (flagwidth)            : n
 Unresolved resonance parameters (flagurr) : n
 Preequilibrium (flagpreeq)                : y
 Multiple preequilibrium (flagmulpre)      : y
 Number of continuum excitation energy bins: 40

 ########### REACTION SUMMARY FOR E=  35.00000 ###########

 Center-of-mass energy:   34.381

 1. Total (binary) cross sections

   Reaction        = 1.08628E+03
     Compound elastic= 2.57792E-07
     Non-elastic     = 1.08628E+03
       Direct          = 3.24501E+01
       Pre-equilibrium = 6.90468E+02
       Giant resonance = 3.09609E+01
       Compound non-el = 3.32401E+02

 2. Binary non-elastic cross sections (non-exclusive)

 gamma   = 1.50659E+00
 neutron = 4.18642E+02
 proton  = 5.29368E+02
 deuteron= 6.17995E+01
 triton  = 5.01989E+00
 helium-3= 1.16365E+01
 alpha   = 5.83070E+01

 3. Total particle production cross sections

 gamma   = 1.34007E+03    Multiplicity= 1.23363E+00
 neutron = 1.38907E+03    Multiplicity= 1.27874E+00
 proton  = 9.75479E+02    Multiplicity= 8.98000E-01
 deuteron= 6.40520E+01    Multiplicity= 5.89646E-02
 triton  = 5.09766E+00    Multiplicity= 4.69276E-03
 helium-3= 1.16501E+01    Multiplicity= 1.07248E-02
 alpha   = 8.54442E+01    Multiplicity= 7.86576E-02

 4. Residual production cross sections

   a. Per isotope

   Z   A  nuclide    total     level   isomeric    isomeric    lifetime
                 cross section       cross section  ratio

   27  58 ( 58Co) 1.29668E-01    0    7.50046E-02  0.57843
                                 1    5.46638E-02  0.42157   3.27600E+04 sec. 
   27  57 ( 57Co) 2.17492E+01    0    2.17492E+01  1.00000
   26  57 ( 57Fe) 7.92367E+01    0    7.92367E+01  1.00000
   27  56 ( 56Co) 3.93984E+01    0    3.93984E+01  1.00000
   26  56 ( 56Fe) 3.46828E+02    0    3.46828E+02  1.00000
   25  56 ( 56Mn) 2.00764E+01    0    2.00764E+01  1.00000
   27  55 ( 55Co) 1.83911E+01    0    1.83911E+01  1.00000
   26  55 ( 55Fe) 3.77805E+02    0    3.77805E+02  1.00000
   25  55 ( 55Mn) 8.42574E+01    0    8.42574E+01  1.00000
   24  55 ( 55Cr) 3.65280E-02    0    3.65280E-02  1.00000
   26  54 ( 54Fe) 9.15726E+00    0    9.15726E+00  1.00000
   25  54 ( 54Mn) 9.12478E+00    0    9.12478E+00  1.00000
   24  54 ( 54Cr) 1.03834E-01    0    1.03834E-01  1.00000
   25  53 ( 53Mn) 2.96229E+01    0    2.96229E+01  1.00000
   24  53 ( 53Cr) 5.09823E+00    0    5.09823E+00  1.00000
   25  52 ( 52Mn) 1.69712E+01    0    1.11002E+01  0.65406
                                 1    5.87105E+00  0.34594   1.26600E+03 sec. 
   24  52 ( 52Cr) 2.91571E+01    0    2.91571E+01  1.00000
   23  52 ( 52V ) 1.14558E-02    0    1.14558E-02  1.00000
   24  51 ( 51Cr) 1.54968E-02    0    1.54968E-02  1.00000
   23  51 ( 51V ) 1.74395E-03    0    1.74395E-03  1.00000
   23  50 ( 50V ) 7.52368E-01    0    7.52368E-01  1.00000
   23  49 ( 49V ) 2.08331E-01    0    2.08331E-01  1.00000

   b. Per mass

   A  cross section

   58 1.29668E-01
   57 1.00986E+02
   56 4.06303E+02
   55 4.80490E+02
   54 1.83859E+01
   53 3.47211E+01
   52 4.61397E+01
   51 1.72408E-02
   50 7.52368E-01
   49 2.08331E-01

 Total residual production cross section:  1088.1329346
 Non-elastic cross section              :  1086.2800293

 ########## RESULTS FOR E=  40.00000 ##########

 Energy dependent input flags

 Width fluctuations (flagwidth)            : n
 Unresolved resonance parameters (flagurr) : n
 Preequilibrium (flagpreeq)                : y
 Multiple preequilibrium (flagmulpre)      : y
 Number of continuum excitation energy bins: 40

 ########### REACTION SUMMARY FOR E=  40.00000 ###########

 Center-of-mass energy:   39.290

 1. Total (binary) cross sections

   Reaction        = 1.05794E+03
     Compound elastic= 1.10860E-07
     Non-elastic     = 1.05794E+03
       Direct          = 2.98774E+01
       Pre-equilibrium = 7.45479E+02
       Giant resonance = 3.39016E+01
       Compound non-el = 2.48682E+02

 2. Binary non-elastic cross sections (non-exclusive)

 gamma   = 1.37893E+00
 neutron = 3.84030E+02
 proton  = 5.31266E+02
 deuteron= 6.82766E+01
 triton  = 6.45231E+00
 helium-3= 1.59739E+01
 alpha   = 5.05631E+01

 3. Total particle production cross sections

 gamma   = 1.31899E+03    Multiplicity= 1.24675E+00
 neutron = 1.42704E+03    Multiplicity= 1.34889E+00
 proton  = 1.00443E+03    Multiplicity= 9.49417E-01
 deuteron= 7.12850E+01    Multiplicity= 6.73810E-02
 triton  = 6.56012E+00    Multiplicity= 6.20084E-03
 helium-3= 1.59984E+01    Multiplicity= 1.51223E-02
 alpha   = 7.99839E+01    Multiplicity= 7.56034E-02

 4. Residual production cross sections

   a. Per isotope

   Z   A  nuclide    total     level   isomeric    isomeric    lifetime
                 cross section       cross section  ratio

   27  58 ( 58Co) 8.72033E-02    0    5.04927E-02  0.57902
                                 1    3.67106E-02  0.42098   3.27600E+04 sec. 
   27  57 ( 57Co) 1.72560E+01    0    1.72560E+01  1.00000
   26  57 ( 57Fe) 7.04348E+01    0    7.04348E+01  1.00000
   27  56 ( 56Co) 3.06846E+01    0    3.06846E+01  1.00000
   26  56 ( 56Fe) 3.06391E+02    0    3.06391E+02  1.00000
   25  56 ( 56Mn) 2.13060E+01    0    2.13060E+01  1.00000
   27  55 ( 55Co) 1.14700E+01    0    1.14700E+01  1.00000
   26  55 ( 55Fe) 3.24766E+02    0    3.24766E+02  1.00000
   25  55 ( 55Mn) 9.88162E+01    0    9.88162E+01  1.00000
   24  55 ( 55Cr) 1.48766E-01    0    1.48766E-01  1.00000
   27  54 ( 54Co) 1.83219E-03    0    1.38659E-04  0.07568
                                 1    1.69353E-03  0.92432   8.88000E+01 sec. 
   26  54 ( 54Fe) 6.29991E+01    0    6.29991E+01  1.00000
   25  54 ( 54Mn) 3.71716E+01    0    3.71716E+01  1.00000
   24  54 ( 54Cr) 3.97024E-01    0    3.97024E-01  1.00000
   26  53 ( 53Fe) 1.05578E-02    0    1.05525E-02  0.99950
                                22    5.27292E-06  0.00050   1.52400E+02 sec. 
   25  53 ( 53Mn) 1.76800E+01    0    1.76800E+01  1.00000
   24  53 ( 53Cr) 3.04024E+00    0    3.04024E+00  1.00000
   25  52 ( 52Mn) 2.25642E+01    0    1.39868E+01  0.61987
                                 1    8.57734E+00  0.38013   1.26600E+03 sec. 
   24  52 ( 52Cr) 3.13855E+01    0    3.13855E+01  1.00000
   23  52 ( 52V ) 1.05972E-01    0    1.05972E-01  1.00000
   25  51 ( 51Mn) 1.23602E-02    0    1.23602E-02  1.00000
   24  51 ( 51Cr) 1.20858E+00    0    1.20858E+00  1.00000
   23  51 ( 51V ) 2.82914E-02    0    2.82914E-02  1.00000
   23  50 ( 50V ) 4.77079E-01    0    4.77079E-01  1.00000
   23  49 ( 49V ) 1.19981E+00    0    1.19981E+00  1.00000
   22  49 ( 49Ti) 2.56292E-02    0    2.56292E-02  1.00000

   b. Per mass

   A  cross section

   58 8.72033E-02
   57 8.76908E+01
   56 3.58382E+02
   55 4.35201E+02
   54 1.00570E+02
   53 2.07308E+01
   52 5.40557E+01
   51 1.24924E+00
   50 4.77079E-01
   49 1.22544E+00

 Total residual production cross section:  1059.6687012
 Non-elastic cross section              :  1057.9399414

 ########## RESULTS FOR E=  45.00000 ##########

 Energy dependent input flags

 Width fluctuations (flagwidth)            : n
 Unresolved resonance parameters (flagurr) : n
 Preequilibrium (flagpreeq)                : y
 Multiple preequilibrium (flagmulpre)      : y
 Number of continuum excitation energy bins: 40

 ########### REACTION SUMMARY FOR E=  45.00000 ###########

 Center-of-mass energy:   44.200

 1. Total (binary) cross sections

   Reaction        = 1.02749E+03
     Compound elastic= 1.00854E-07
     Non-elastic     = 1.02749E+03
       Direct          = 2.79751E+01
       Pre-equilibrium = 7.80203E+02
       Giant resonance = 3.59782E+01
       Compound non-el = 1.83334E+02

 2. Binary non-elastic cross sections (non-exclusive)

 gamma   = 1.27564E+00
 neutron = 3.54426E+02
 proton  = 5.28255E+02
 deuteron= 7.33344E+01
 triton  = 7.58035E+00
 helium-3= 1.96077E+01
 alpha   = 4.30103E+01

 3. Total particle production cross sections

 gamma   = 1.21523E+03    Multiplicity= 1.18272E+00
 neutron = 1.46974E+03    Multiplicity= 1.43041E+00
 proton  = 1.03450E+03    Multiplicity= 1.00682E+00
 deuteron= 7.73561E+01    Multiplicity= 7.52865E-02
 triton  = 7.74283E+00    Multiplicity= 7.53567E-03
 helium-3= 1.96482E+01    Multiplicity= 1.91225E-02
 alpha   = 7.36637E+01    Multiplicity= 7.16929E-02

 4. Residual production cross sections

   a. Per isotope

   Z   A  nuclide    total     level   isomeric    isomeric    lifetime
                 cross section       cross section  ratio

   27  58 ( 58Co) 7.35225E-02    0    4.26502E-02  0.58010
                                 1    3.08723E-02  0.41990   3.27600E+04 sec. 
   27  57 ( 57Co) 1.38598E+01    0    1.38598E+01  1.00000
   26  57 ( 57Fe) 6.34103E+01    0    6.34103E+01  1.00000
   27  56 ( 56Co) 2.48700E+01    0    2.48700E+01  1.00000
   26  56 ( 56Fe) 2.78238E+02    0    2.78238E+02  1.00000
   25  56 ( 56Mn) 2.29923E+01    0    2.29923E+01  1.00000
   27  55 ( 55Co) 6.51121E+00    0    6.51121E+00  1.00000
   26  55 ( 55Fe) 2.53398E+02    0    2.53398E+02  1.00000
   25  55 ( 55Mn) 8.66647E+01    0    8.66647E+01  1.00000
   24  55 ( 55Cr) 2.21375E-01    0    2.21375E-01  1.00000
   27  54 ( 54Co) 1.15440E-01    0    3.83706E-02  0.33239
                                 1    7.70694E-02  0.66761   8.88000E+01 sec. 
   26  54 ( 54Fe) 1.10996E+02    0    1.10996E+02  1.00000
   25  54 ( 54Mn) 9.08246E+01    0    9.08246E+01  1.00000
   24  54 ( 54Cr) 1.09297E+00    0    1.09297E+00  1.00000
   26  53 ( 53Fe) 1.12054E-01    0    1.04609E-01  0.93356
                                22    7.44519E-03  0.06644   1.52400E+02 sec. 
   25  53 ( 53Mn) 1.60862E+01    0    1.60862E+01  1.00000
   24  53 ( 53Cr) 2.32264E+00    0    2.32264E+00  1.00000
   25  52 ( 52Mn) 1.63732E+01    0    1.02642E+01  0.62689
                                 1    6.10893E+00  0.37311   1.26600E+03 sec. 
   24  52 ( 52Cr) 2.53379E+01    0    2.53379E+01  1.00000
   23  52 ( 52V ) 1.99389E-01    0    1.99389E-01  1.00000
   25  51 ( 51Mn) 1.03870E+00    0    1.03870E+00  1.00000
   24  51 ( 51Cr) 1.17702E+01    0    1.17702E+01  1.00000
   23  51 ( 51V ) 3.35075E-01    0    3.35075E-01  1.00000
   24  50 ( 50Cr) 2.35601E-02    0    2.35601E-02  1.00000
   23  50 ( 50V ) 2.44388E-01    0    2.44388E-01  1.00000
   23  49 ( 49V ) 1.81910E+00    0    1.81910E+00  1.00000
   22  49 ( 49Ti) 9.73862E-02    0    9.73862E-02  1.00000
   23  48 ( 48V ) 4.21977E-03    0    4.21977E-03  1.00000
   22  48 ( 48Ti) 3.79515E-02    0    3.79515E-02  1.00000

   b. Per mass

   A  cross section

   58 7.35225E-02
   57 7.72700E+01
   56 3.26100E+02
   55 3.46795E+02
   54 2.03029E+02
   53 1.85209E+01
   52 4.19105E+01
   51 1.31440E+01
   50 2.67948E-01
   49 1.91649E+00
   48 4.21713E-02

 Total residual production cross section:  1029.0695801
 Non-elastic cross section              :  1027.4899902

 ########## RESULTS FOR E=  50.00000 ##########

 Energy dependent input flags

 Width fluctuations (flagwidth)            : n
 Unresolved resonance parameters (flagurr) : n
 Preequilibrium (flagpreeq)                : y
 Multiple preequilibrium (flagmulpre)      : y
 Number of continuum excitation energy bins: 40

 ########### REACTION SUMMARY FOR E=  50.00000 ###########

 Center-of-mass energy:   49.108

 1. Total (binary) cross sections

   Reaction        = 9.97197E+02
     Compound elastic= 1.00076E-07
     Non-elastic     = 9.97197E+02
       Direct          = 2.52878E+01
       Pre-equilibrium = 8.01153E+02
       Giant resonance = 3.68449E+01
       Compound non-el = 1.33911E+02

 2. Binary non-elastic cross sections (non-exclusive)

 gamma   = 1.19600E+00
 neutron = 3.30861E+02
 proton  = 5.23264E+02
 deuteron= 7.45488E+01
 triton  = 8.45494E+00
 helium-3= 2.24081E+01
 alpha   = 3.64647E+01

 3. Total particle production cross sections

 gamma   = 1.16436E+03    Multiplicity= 1.16764E+00
 neutron = 1.48697E+03    Multiplicity= 1.49115E+00
 proton  = 1.05947E+03    Multiplicity= 1.06245E+00
 deuteron= 7.95263E+01    Multiplicity= 7.97498E-02
 triton  = 8.69567E+00    Multiplicity= 8.72012E-03
 helium-3= 2.24715E+01    Multiplicity= 2.25347E-02
 alpha   = 6.82081E+01    Multiplicity= 6.83998E-02

 4. Residual production cross sections

   a. Per isotope

   Z   A  nuclide    total     level   isomeric    isomeric    lifetime
                 cross section       cross section  ratio

   27  58 ( 58Co) 5.90372E-02    0    3.45217E-02  0.58475
                                 1    2.45155E-02  0.41525   3.27600E+04 sec. 
   27  57 ( 57Co) 1.17214E+01    0    1.17214E+01  1.00000
   26  57 ( 57Fe) 5.81972E+01    0    5.81972E+01  1.00000
   27  56 ( 56Co) 2.09061E+01    0    2.09061E+01  1.00000
   26  56 ( 56Fe) 2.53573E+02    0    2.53573E+02  1.00000
   25  56 ( 56Mn) 2.27442E+01    0    2.27442E+01  1.00000
   27  55 ( 55Co) 4.58826E+00    0    4.58826E+00  1.00000
   26  55 ( 55Fe) 2.14095E+02    0    2.14095E+02  1.00000
   25  55 ( 55Mn) 7.79911E+01    0    7.79911E+01  1.00000
   24  55 ( 55Cr) 2.51068E-01    0    2.51068E-01  1.00000
   27  54 ( 54Co) 3.42586E-01    0    1.58871E-01  0.46374
                                 1    1.83715E-01  0.53626   8.88000E+01 sec. 
   26  54 ( 54Fe) 1.17053E+02    0    1.17053E+02  1.00000
   25  54 ( 54Mn) 1.24363E+02    0    1.24363E+02  1.00000
   24  54 ( 54Cr) 1.99867E+00    0    1.99867E+00  1.00000
   26  53 ( 53Fe) 5.83215E-01    0    5.48223E-01  0.94000
                                22    3.49911E-02  0.06000   1.52400E+02 sec. 
   25  53 ( 53Mn) 3.19076E+01    0    3.19076E+01  1.00000
   24  53 ( 53Cr) 2.35096E+00    0    2.35096E+00  1.00000
   25  52 ( 52Mn) 9.87432E+00    0    6.20113E+00  0.62801
                                 1    3.67319E+00  0.37199   1.26600E+03 sec. 
   24  52 ( 52Cr) 1.74479E+01    0    1.74479E+01  1.00000
   23  52 ( 52V ) 1.80021E-01    0    1.80021E-01  1.00000
   25  51 ( 51Mn) 3.13176E+00    0    3.13176E+00  1.00000
   24  51 ( 51Cr) 2.14152E+01    0    2.14152E+01  1.00000
   23  51 ( 51V ) 1.17183E+00    0    1.17183E+00  1.00000
   24  50 ( 50Cr) 2.06345E-01    0    2.06345E-01  1.00000
   23  50 ( 50V ) 1.78849E-01    0    1.78849E-01  1.00000
   22  50 ( 50Ti) 1.33734E-03    0    1.33734E-03  1.00000
   23  49 ( 49V ) 1.62822E+00    0    1.62822E+00  1.00000
   22  49 ( 49Ti) 1.21869E-01    0    1.21869E-01  1.00000
   23  48 ( 48V ) 2.81314E-01    0    2.81314E-01  1.00000
   22  48 ( 48Ti) 2.61287E-01    0    2.61287E-01  1.00000
   21  46 ( 46Sc) 3.93700E-03    0    3.22980E-03  0.82037
                                 2    7.07206E-04  0.17963   1.87500E+01 sec. 

   b. Per mass

   A  cross section

   58 5.90372E-02
   57 6.99186E+01
   56 2.97223E+02
   55 2.96925E+02
   54 2.43757E+02
   53 3.48418E+01
   52 2.75022E+01
   51 2.57188E+01
   50 3.86531E-01
   49 1.75009E+00
   48 5.42601E-01
   46 3.93700E-03

 Total residual production cross section:   998.6289673
 Non-elastic cross section              :   997.1970215

 ########## RESULTS FOR E=  60.00000 ##########

 Energy dependent input flags

 Width fluctuations (flagwidth)            : n
 Unresolved resonance parameters (flagurr) : n
 Preequilibrium (flagpreeq)                : y
 Multiple preequilibrium (flagmulpre)      : y
 Number of continuum excitation energy bins: 40

 ########### REACTION SUMMARY FOR E=  60.00000 ###########

 Center-of-mass energy:   58.925

 1. Total (binary) cross sections

   Reaction        = 9.41087E+02
     Compound elastic= 1.00001E-07
     Non-elastic     = 9.41087E+02
       Direct          = 2.14859E+01
       Pre-equilibrium = 8.20321E+02
       Giant resonance = 3.51108E+01
       Compound non-el = 6.41696E+01

 2. Binary non-elastic cross sections (non-exclusive)

 gamma   = 1.06788E+00
 neutron = 2.93504E+02
 proton  = 5.06291E+02
 deuteron= 7.84364E+01
 triton  = 9.88584E+00
 helium-3= 2.57147E+01
 alpha   = 2.61867E+01

 3. Total particle production cross sections

 gamma   = 1.04043E+03    Multiplicity= 1.10556E+00
 neutron = 1.52637E+03    Multiplicity= 1.62193E+00
 proton  = 1.08585E+03    Multiplicity= 1.15383E+00
 deuteron= 8.50683E+01    Multiplicity= 9.03936E-02
 triton  = 1.02843E+01    Multiplicity= 1.09281E-02
 helium-3= 2.58221E+01    Multiplicity= 2.74386E-02
 alpha   = 5.89975E+01    Multiplicity= 6.26908E-02

 4. Residual production cross sections

   a. Per isotope

   Z   A  nuclide    total     level   isomeric    isomeric    lifetime
                 cross section       cross section  ratio

   27  58 ( 58Co) 4.72385E-02    0    2.76055E-02  0.58439
                                 1    1.96330E-02  0.41561   3.27600E+04 sec. 
   27  57 ( 57Co) 8.46009E+00    0    8.46009E+00  1.00000
   26  57 ( 57Fe) 4.85611E+01    0    4.85611E+01  1.00000
   27  56 ( 56Co) 1.57678E+01    0    1.57678E+01  1.00000
   26  56 ( 56Fe) 2.11354E+02    0    2.11354E+02  1.00000
   25  56 ( 56Mn) 2.12786E+01    0    2.12786E+01  1.00000
   27  55 ( 55Co) 3.11639E+00    0    3.11639E+00  1.00000
   26  55 ( 55Fe) 1.80438E+02    0    1.80438E+02  1.00000
   25  55 ( 55Mn) 6.97731E+01    0    6.97731E+01  1.00000
   24  55 ( 55Cr) 2.97339E-01    0    2.97339E-01  1.00000
   27  54 ( 54Co) 2.52498E-01    0    1.32325E-01  0.52406
                                 1    1.20173E-01  0.47594   8.88000E+01 sec. 
   26  54 ( 54Fe) 9.48253E+01    0    9.48253E+01  1.00000
   25  54 ( 54Mn) 1.14276E+02    0    1.14276E+02  1.00000
   24  54 ( 54Cr) 2.85296E+00    0    2.85296E+00  1.00000
   23  54 ( 54V ) 2.44501E-03    0    2.44501E-03  1.00000
   26  53 ( 53Fe) 5.35862E+00    0    4.77170E+00  0.89047
                                22    5.86919E-01  0.10953   1.52400E+02 sec. 
   25  53 ( 53Mn) 1.02326E+02    0    1.02326E+02  1.00000
   24  53 ( 53Cr) 5.87174E+00    0    5.87174E+00  1.00000
   23  53 ( 53V ) 4.54496E-03    0    4.54496E-03  1.00000
   26  52 ( 52Fe) 1.29343E-02    0    1.28899E-02  0.99657
                                42    4.44189E-05  0.00343   4.59000E+01 sec. 
   25  52 ( 52Mn) 7.22404E+00    0    4.63074E+00  0.64102
                                 1    2.59331E+00  0.35898   1.26600E+03 sec. 
   24  52 ( 52Cr) 1.37421E+01    0    1.37421E+01  1.00000
   23  52 ( 52V ) 1.05794E-01    0    1.05794E-01  1.00000
   25  51 ( 51Mn) 2.75472E+00    0    2.75472E+00  1.00000
   24  51 ( 51Cr) 2.01693E+01    0    2.01693E+01  1.00000
   23  51 ( 51V ) 1.92419E+00    0    1.92419E+00  1.00000
   22  51 ( 51Ti) 2.08503E-03    0    2.08503E-03  1.00000
   25  50 ( 50Mn) 6.94488E-03    0    1.66485E-03  0.23972
                                 1    5.28003E-03  0.76028   1.05000E+02 sec. 
   24  50 ( 50Cr) 7.47656E+00    0    7.47656E+00  1.00000
   23  50 ( 50V ) 1.18009E+00    0    1.18009E+00  1.00000
   22  50 ( 50Ti) 2.64353E-02    0    2.64353E-02  1.00000
   24  49 ( 49Cr) 1.08880E-02    0    1.08880E-02  1.00000
   23  49 ( 49V ) 8.52403E-01    0    8.52403E-01  1.00000
   22  49 ( 49Ti) 5.43333E-02    0    5.43333E-02  1.00000
   23  48 ( 48V ) 1.19189E+00    0    1.19189E+00  1.00000
   22  48 ( 48Ti) 5.34721E-01    0    5.34721E-01  1.00000
   21  48 ( 48Sc) 1.19470E-03    0    1.19470E-03  1.00000
   23  47 ( 47V ) 2.05733E-02    0    2.05733E-02  1.00000
   22  47 ( 47Ti) 9.24679E-02    0    9.24679E-02  1.00000
   21  46 ( 46Sc) 4.40519E-03    0    3.57267E-03  0.81101
                                 2    8.32516E-04  0.18899   1.87500E+01 sec. 
   21  45 ( 45Sc) 7.98465E-03    0    7.98465E-03  1.00000

   b. Per mass

   A  cross section

   58 4.72385E-02
   57 5.70211E+01
   56 2.48401E+02
   55 2.53625E+02
   54 2.12210E+02
   53 1.13561E+02
   52 2.10849E+01
   51 2.48503E+01
   50 8.69003E+00
   49 9.17625E-01
   48 1.72781E+00
   47 1.13041E-01
   46 4.40519E-03
   45 7.98465E-03

 Total residual production cross section:   942.2604370
 Non-elastic cross section              :   941.0869751

 ########## RESULTS FOR E=  70.00000 ##########

 Energy dependent input flags

 Width fluctuations (flagwidth)            : n
 Unresolved resonance parameters (flagurr) : n
 Preequilibrium (flagpreeq)                : y
 Multiple preequilibrium (flagmulpre)      : y
 Number of continuum excitation energy bins: 40

 ########### REACTION SUMMARY FOR E=  70.00000 ###########

 Center-of-mass energy:   68.739

 1. Total (binary) cross sections

   Reaction        = 8.92627E+02
     Compound elastic= 1.00000E-07
     Non-elastic     = 8.92627E+02
       Direct          = 1.79547E+01
       Pre-equilibrium = 8.24885E+02
       Giant resonance = 3.12087E+01
       Compound non-el = 1.85785E+01

 2. Binary non-elastic cross sections (non-exclusive)

 gamma   = 9.70607E-01
 neutron = 2.66014E+02
 proton  = 4.86618E+02
 deuteron= 8.09290E+01
 triton  = 1.12184E+01
 helium-3= 2.75817E+01
 alpha   = 1.92963E+01

 3. Total particle production cross sections

 gamma   = 9.58878E+02    Multiplicity= 1.07422E+00
 neutron = 1.55755E+03    Multiplicity= 1.74491E+00
 proton  = 1.10007E+03    Multiplicity= 1.23240E+00
 deuteron= 8.84680E+01    Multiplicity= 9.91097E-02
 triton  = 1.17476E+01    Multiplicity= 1.31607E-02
 helium-3= 2.77152E+01    Multiplicity= 3.10491E-02
 alpha   = 5.25519E+01    Multiplicity= 5.88733E-02

 4. Residual production cross sections

   a. Per isotope

   Z   A  nuclide    total     level   isomeric    isomeric    lifetime
                 cross section       cross section  ratio

   27  58 ( 58Co) 4.61665E-02    0    2.70071E-02  0.58499
                                 1    1.91594E-02  0.41501   3.27600E+04 sec. 
   27  57 ( 57Co) 6.35000E+00    0    6.35000E+00  1.00000
   26  57 ( 57Fe) 3.94867E+01    0    3.94867E+01  1.00000
   27  56 ( 56Co) 1.25122E+01    0    1.25122E+01  1.00000
   26  56 ( 56Fe) 1.78680E+02    0    1.78680E+02  1.00000
   25  56 ( 56Mn) 1.99301E+01    0    1.99301E+01  1.00000
   27  55 ( 55Co) 2.32419E+00    0    2.32419E+00  1.00000
   26  55 ( 55Fe) 1.61141E+02    0    1.61141E+02  1.00000
   25  55 ( 55Mn) 6.58433E+01    0    6.58433E+01  1.00000
   24  55 ( 55Cr) 3.12793E-01    0    3.12793E-01  1.00000
   27  54 ( 54Co) 1.54606E-01    0    8.58034E-02  0.55498
                                 1    6.88030E-02  0.44502   8.88000E+01 sec. 
   26  54 ( 54Fe) 8.16901E+01    0    8.16901E+01  1.00000
   25  54 ( 54Mn) 9.50470E+01    0    9.50470E+01  1.00000
   24  54 ( 54Cr) 3.04242E+00    0    3.04242E+00  1.00000
   23  54 ( 54V ) 5.39744E-03    0    5.39744E-03  1.00000
   27  53 ( 53Co) 1.22282E-03    0    1.22282E-03  1.00000
   26  53 ( 53Fe) 7.55226E+00    0    6.78457E+00  0.89835
                                22    7.67692E-01  0.10165   1.52400E+02 sec. 
   25  53 ( 53Mn) 1.25158E+02    0    1.25158E+02  1.00000
   24  53 ( 53Cr) 8.83511E+00    0    8.83511E+00  1.00000
   23  53 ( 53V ) 3.36539E-02    0    3.36539E-02  1.00000
   26  52 ( 52Fe) 1.33379E-01    0    1.32368E-01  0.99242
                                42    1.01146E-03  0.00758   4.59000E+01 sec. 
   25  52 ( 52Mn) 2.01496E+01    0    1.33775E+01  0.66391
                                 1    6.77211E+00  0.33609   1.26600E+03 sec. 
   24  52 ( 52Cr) 2.61152E+01    0    2.61152E+01  1.00000
   23  52 ( 52V ) 1.15438E-01    0    1.15438E-01  1.00000
   25  51 ( 51Mn) 1.86746E+00    0    1.86746E+00  1.00000
   24  51 ( 51Cr) 1.47517E+01    0    1.47517E+01  1.00000
   23  51 ( 51V ) 1.48470E+00    0    1.48470E+00  1.00000
   22  51 ( 51Ti) 2.93245E-03    0    2.93245E-03  1.00000
   25  50 ( 50Mn) 5.70322E-02    0    2.09326E-02  0.36703
                                 1    3.60996E-02  0.63297   1.05000E+02 sec. 
   24  50 ( 50Cr) 1.27513E+01    0    1.27513E+01  1.00000
   23  50 ( 50V ) 3.40541E+00    0    3.40541E+00  1.00000
   22  50 ( 50Ti) 6.15861E-02    0    6.15861E-02  1.00000
   24  49 ( 49Cr) 2.70520E-01    0    2.70520E-01  1.00000
   23  49 ( 49V ) 2.15433E+00    0    2.15433E+00  1.00000
   22  49 ( 49Ti) 5.27930E-02    0    5.27930E-02  1.00000
   23  48 ( 48V ) 8.80133E-01    0    8.80133E-01  1.00000
   22  48 ( 48Ti) 3.87523E-01    0    3.87523E-01  1.00000
   21  48 ( 48Sc) 3.12620E-03    0    3.12620E-03  1.00000
   23  47 ( 47V ) 2.37739E-01    0    2.37739E-01  1.00000
   22  47 ( 47Ti) 5.09041E-01    0    5.09041E-01  1.00000
   21  47 ( 47Sc) 7.42684E-03    0    7.42684E-03  1.00000
   22  46 ( 46Ti) 1.98092E-02    0    1.98092E-02  1.00000
   21  46 ( 46Sc) 2.83982E-03    0    2.31668E-03  0.81579
                                 2    5.23135E-04  0.18421   1.87500E+01 sec. 
   21  45 ( 45Sc) 1.57164E-02    0    1.57164E-02  1.00000
   21  44 ( 44Sc) 3.26533E-03    0    2.38776E-03  0.73125
                                 4    8.77572E-04  0.26875   2.11000E+05 sec. 
   20  44 ( 44Ca) 1.11736E-03    0    1.11736E-03  1.00000

   b. Per mass

   A  cross section

   58 4.61665E-02
   57 4.58367E+01
   56 2.11122E+02
   55 2.29621E+02
   54 1.79939E+02
   53 1.41580E+02
   52 4.65136E+01
   51 1.81067E+01
   50 1.62753E+01
   49 2.47764E+00
   48 1.27078E+00
   47 7.54207E-01
   46 2.26490E-02
   45 1.57164E-02
   44 4.38269E-03

 Total residual production cross section:   893.5857544
 Non-elastic cross section              :   892.6270142

 ########## RESULTS FOR E=  80.00000 ##########

 Energy dependent input flags

 Width fluctuations (flagwidth)            : n
 Unresolved resonance parameters (flagurr) : n
 Preequilibrium (flagpreeq)                : y
 Multiple preequilibrium (flagmulpre)      : y
 Number of continuum excitation energy bins: 40

 ########### REACTION SUMMARY FOR E=  80.00000 ###########

 Center-of-mass energy:   78.552

 1. Total (binary) cross sections

   Reaction        = 8.51755E+02
     Compound elastic= 9.82519E-08
     Non-elastic     = 8.51755E+02
       Direct          = 1.49065E+01
       Pre-equilibrium = 8.10125E+02
       Giant resonance = 2.67240E+01
       Compound non-el = 0.00000E+00

 2. Binary non-elastic cross sections (non-exclusive)

 gamma   = 8.86917E-01
 neutron = 2.47176E+02
 proton  = 4.63794E+02
 deuteron= 8.19089E+01
 triton  = 1.27014E+01
 helium-3= 2.91653E+01
 alpha   = 1.61226E+01

 3. Total particle production cross sections

 gamma   = 8.76338E+02    Multiplicity= 1.02886E+00
 neutron = 1.61122E+03    Multiplicity= 1.89165E+00
 proton  = 1.11926E+03    Multiplicity= 1.31406E+00
 deuteron= 9.07192E+01    Multiplicity= 1.06509E-01
 triton  = 1.34070E+01    Multiplicity= 1.57404E-02
 helium-3= 2.93342E+01    Multiplicity= 3.44397E-02
 alpha   = 5.20624E+01    Multiplicity= 6.11236E-02

 4. Residual production cross sections

   a. Per isotope

   Z   A  nuclide    total     level   isomeric    isomeric    lifetime
                 cross section       cross section  ratio

   27  58 ( 58Co) 3.73442E-02    0    2.18809E-02  0.58592
                                 1    1.54634E-02  0.41408   3.27600E+04 sec. 
   27  57 ( 57Co) 4.84403E+00    0    4.84403E+00  1.00000
   26  57 ( 57Fe) 3.16651E+01    0    3.16651E+01  1.00000
   27  56 ( 56Co) 9.72796E+00    0    9.72796E+00  1.00000
   26  56 ( 56Fe) 1.46862E+02    0    1.46862E+02  1.00000
   25  56 ( 56Mn) 1.84438E+01    0    1.84438E+01  1.00000
   27  55 ( 55Co) 1.89466E+00    0    1.89466E+00  1.00000
   26  55 ( 55Fe) 1.45572E+02    0    1.45572E+02  1.00000
   25  55 ( 55Mn) 5.97259E+01    0    5.97259E+01  1.00000
   24  55 ( 55Cr) 3.08187E-01    0    3.08187E-01  1.00000
   27  54 ( 54Co) 1.12073E-01    0    6.33965E-02  0.56567
                                 1    4.86768E-02  0.43433   8.88000E+01 sec. 
   26  54 ( 54Fe) 7.49535E+01    0    7.49535E+01  1.00000
   25  54 ( 54Mn) 8.12969E+01    0    8.12969E+01  1.00000
   24  54 ( 54Cr) 2.88330E+00    0    2.88330E+00  1.00000
   23  54 ( 54V ) 6.79010E-03    0    6.79010E-03  1.00000
   27  53 ( 53Co) 1.14182E-03    0    1.14182E-03  1.00000
   26  53 ( 53Fe) 7.63625E+00    0    7.01105E+00  0.91813
                                22    6.25198E-01  0.08187   1.52400E+02 sec. 
   25  53 ( 53Mn) 1.26040E+02    0    1.26040E+02  1.00000
   24  53 ( 53Cr) 9.05516E+00    0    9.05516E+00  1.00000
   23  53 ( 53V ) 8.21761E-02    0    8.21761E-02  1.00000
   26  52 ( 52Fe) 3.48991E-01    0    3.45131E-01  0.98894
                                42    3.85995E-03  0.01106   4.59000E+01 sec. 
   25  52 ( 52Mn) 3.56079E+01    0    2.11457E+01  0.59385
                                 1    1.44621E+01  0.40615   1.26600E+03 sec. 
   24  52 ( 52Cr) 4.11091E+01    0    4.11091E+01  1.00000
   23  52 ( 52V ) 2.41527E-01    0    2.41527E-01  1.00000
   25  51 ( 51Mn) 3.40072E+00    0    3.40072E+00  1.00000
   24  51 ( 51Cr) 1.97968E+01    0    1.97968E+01  1.00000
   23  51 ( 51V ) 1.48476E+00    0    1.48476E+00  1.00000
   22  51 ( 51Ti) 3.32682E-03    0    3.32682E-03  1.00000
   25  50 ( 50Mn) 7.32338E-02    0    2.96334E-02  0.40464
                                 1    4.36004E-02  0.59536   1.05000E+02 sec. 
   24  50 ( 50Cr) 1.39745E+01    0    1.39745E+01  1.00000
   23  50 ( 50V ) 3.63629E+00    0    3.63629E+00  1.00000
   22  50 ( 50Ti) 5.77117E-02    0    5.77117E-02  1.00000
   24  49 ( 49Cr) 1.48597E+00    0    1.48597E+00  1.00000
   23  49 ( 49V ) 6.93766E+00    0    6.93766E+00  1.00000
   22  49 ( 49Ti) 1.32154E-01    0    1.32154E-01  1.00000
   24  48 ( 48Cr) 1.57482E-02    0    1.57482E-02  1.00000
   23  48 ( 48V ) 1.34459E+00    0    1.34459E+00  1.00000
   22  48 ( 48Ti) 4.59166E-01    0    4.59166E-01  1.00000
   21  48 ( 48Sc) 2.60368E-03    0    2.60368E-03  1.00000
   23  47 ( 47V ) 3.93724E-01    0    3.93724E-01  1.00000
   22  47 ( 47Ti) 6.81670E-01    0    6.81670E-01  1.00000
   21  47 ( 47Sc) 2.72400E-02    0    2.72400E-02  1.00000
   23  46 ( 46V ) 2.76716E-03    0    2.76716E-03  1.00000
   22  46 ( 46Ti) 2.41026E-01    0    2.41026E-01  1.00000
   21  46 ( 46Sc) 1.17025E-02    0    9.70602E-03  0.82940
                                 2    1.99645E-03  0.17060   1.87500E+01 sec. 
   22  45 ( 45Ti) 1.03653E-03    0    1.03653E-03  1.00000
   21  45 ( 45Sc) 1.67134E-02    0    1.67134E-02  1.00000
   21  44 ( 44Sc) 1.91995E-02    0    1.40716E-02  0.73291
                                 4    5.12794E-03  0.26709   2.11000E+05 sec. 
   20  44 ( 44Ca) 2.96715E-03    0    2.96715E-03  1.00000
   21  43 ( 43Sc) 1.10713E-03    0    1.10713E-03  1.00000

   b. Per mass

   A  cross section

   58 3.73443E-02
   57 3.65091E+01
   56 1.75034E+02
   55 2.07501E+02
   54 1.59253E+02
   53 1.42815E+02
   52 7.73075E+01
   51 2.46856E+01
   50 1.77417E+01
   49 8.55578E+00
   48 1.82211E+00
   47 1.10263E+00
   46 2.55495E-01
   45 1.77499E-02
   44 2.21667E-02
   43 1.10713E-03

 Total residual production cross section:   852.6599731
 Non-elastic cross section              :   851.7550049

 ########## RESULTS FOR E=  90.00000 ##########

 Energy dependent input flags

 Width fluctuations (flagwidth)            : n
 Unresolved resonance parameters (flagurr) : n
 Preequilibrium (flagpreeq)                : y
 Multiple preequilibrium (flagmulpre)      : y
 Number of continuum excitation energy bins: 40

 ########### REACTION SUMMARY FOR E=  90.00000 ###########

 Center-of-mass energy:   88.363

 1. Total (binary) cross sections

   Reaction        = 8.17522E+02
     Compound elastic= 9.57269E-08
     Non-elastic     = 8.17522E+02
       Direct          = 1.23102E+01
       Pre-equilibrium = 7.82817E+02
       Giant resonance = 2.23952E+01
       Compound non-el = 0.00000E+00

 2. Binary non-elastic cross sections (non-exclusive)

 gamma   = 8.23664E-01
 neutron = 2.35772E+02
 proton  = 4.42640E+02
 deuteron= 7.71504E+01
 triton  = 1.45781E+01
 helium-3= 3.09351E+01
 alpha   = 1.56233E+01

 3. Total particle production cross sections

 gamma   = 8.12111E+02    Multiplicity= 9.93382E-01
 neutron = 1.67956E+03    Multiplicity= 2.05445E+00
 proton  = 1.14631E+03    Multiplicity= 1.40218E+00
 deuteron= 8.86858E+01    Multiplicity= 1.08481E-01
 triton  = 1.56562E+01    Multiplicity= 1.91509E-02
 helium-3= 3.12031E+01    Multiplicity= 3.81679E-02
 alpha   = 5.70565E+01    Multiplicity= 6.97920E-02

 4. Residual production cross sections

   a. Per isotope

   Z   A  nuclide    total     level   isomeric    isomeric    lifetime
                 cross section       cross section  ratio

   27  58 ( 58Co) 3.58582E-02    0    2.10634E-02  0.58741
                                 1    1.47947E-02  0.41259   3.27600E+04 sec. 
   27  57 ( 57Co) 3.83573E+00    0    3.83573E+00  1.00000
   26  57 ( 57Fe) 2.51284E+01    0    2.51284E+01  1.00000
   27  56 ( 56Co) 8.03311E+00    0    8.03311E+00  1.00000
   26  56 ( 56Fe) 1.31938E+02    0    1.31938E+02  1.00000
   25  56 ( 56Mn) 1.72240E+01    0    1.72240E+01  1.00000
   27  55 ( 55Co) 1.71433E+00    0    1.71433E+00  1.00000
   26  55 ( 55Fe) 1.20109E+02    0    1.20109E+02  1.00000
   25  55 ( 55Mn) 5.11101E+01    0    5.11101E+01  1.00000
   24  55 ( 55Cr) 2.76864E-01    0    2.76864E-01  1.00000
   27  54 ( 54Co) 8.97539E-02    0    5.15628E-02  0.57449
                                 1    3.81912E-02  0.42551   8.88000E+01 sec. 
   26  54 ( 54Fe) 6.82903E+01    0    6.82903E+01  1.00000
   25  54 ( 54Mn) 7.43147E+01    0    7.43147E+01  1.00000
   24  54 ( 54Cr) 2.57140E+00    0    2.57140E+00  1.00000
   23  54 ( 54V ) 6.60322E-03    0    6.60322E-03  1.00000
   27  53 ( 53Co) 9.49071E-04    0    9.49071E-04  1.00000
   26  53 ( 53Fe) 7.26881E+00    0    6.76552E+00  0.93076
                                22    5.03286E-01  0.06924   1.52400E+02 sec. 
   25  53 ( 53Mn) 1.13854E+02    0    1.13854E+02  1.00000
   24  53 ( 53Cr) 8.29184E+00    0    8.29184E+00  1.00000
   23  53 ( 53V ) 1.14202E-01    0    1.14202E-01  1.00000
   26  52 ( 52Fe) 4.78766E-01    0    4.73363E-01  0.98871
                                42    5.40329E-03  0.01129   4.59000E+01 sec. 
   25  52 ( 52Mn) 4.58591E+01    0    2.72456E+01  0.59412
                                 1    1.86135E+01  0.40588   1.26600E+03 sec. 
   24  52 ( 52Cr) 4.48378E+01    0    4.48378E+01  1.00000
   23  52 ( 52V ) 3.43587E-01    0    3.43587E-01  1.00000
   22  52 ( 52Ti) 2.74666E-04    0    2.74666E-04  1.00000
   26  51 ( 51Fe) 1.38312E-03    0    1.38312E-03  1.00000
   25  51 ( 51Mn) 8.84083E+00    0    8.84083E+00  1.00000
   24  51 ( 51Cr) 3.66566E+01    0    3.66566E+01  1.00000
   23  51 ( 51V ) 1.99897E+00    0    1.99897E+00  1.00000
   22  51 ( 51Ti) 3.93809E-03    0    3.93809E-03  1.00000
   25  50 ( 50Mn) 1.01711E-01    0    3.86421E-02  0.37992
                                 1    6.30692E-02  0.62008   1.05000E+02 sec. 
   24  50 ( 50Cr) 1.75125E+01    0    1.75125E+01  1.00000
   23  50 ( 50V ) 3.78449E+00    0    3.78449E+00  1.00000
   22  50 ( 50Ti) 4.70977E-02    0    4.70977E-02  1.00000
   25  49 ( 49Mn) 1.06343E-03    0    1.06343E-03  1.00000
   24  49 ( 49Cr) 3.00636E+00    0    3.00636E+00  1.00000
   23  49 ( 49V ) 1.19994E+01    0    1.19994E+01  1.00000
   22  49 ( 49Ti) 2.94737E-01    0    2.94737E-01  1.00000
   24  48 ( 48Cr) 1.42203E-01    0    1.42203E-01  1.00000
   23  48 ( 48V ) 4.55359E+00    0    4.55359E+00  1.00000
   22  48 ( 48Ti) 1.19702E+00    0    1.19702E+00  1.00000
   21  48 ( 48Sc) 3.68934E-03    0    3.68934E-03  1.00000
   23  47 ( 47V ) 6.81979E-01    0    6.81979E-01  1.00000
   22  47 ( 47Ti) 9.30365E-01    0    9.30365E-01  1.00000
   21  47 ( 47Sc) 5.20311E-02    0    5.20311E-02  1.00000
   23  46 ( 46V ) 3.72808E-02    0    3.72808E-02  1.00000
   22  46 ( 46Ti) 8.84715E-01    0    8.84715E-01  1.00000
   21  46 ( 46Sc) 6.20009E-02    0    5.08602E-02  0.82032
                                 2    1.11406E-02  0.17968   1.87500E+01 sec. 
   22  45 ( 45Ti) 3.74335E-02    0    3.74335E-02  1.00000
   21  45 ( 45Sc) 4.65516E-02    0    4.65516E-02  1.00000
   20  45 ( 45Ca) 3.61699E-04    0    3.61699E-04  1.00000
   21  44 ( 44Sc) 4.44171E-02    0    3.16834E-02  0.71332
                                 4    1.27337E-02  0.28668   2.11000E+05 sec. 
   20  44 ( 44Ca) 5.74708E-03    0    5.74708E-03  1.00000
   21  43 ( 43Sc) 2.02483E-02    0    2.02483E-02  1.00000
   20  43 ( 43Ca) 9.65007E-03    0    9.65007E-03  1.00000
   20  42 ( 42Ca) 1.67251E-03    0    1.67251E-03  1.00000

   b. Per mass

   A  cross section

   58 3.58582E-02
   57 2.89642E+01
   56 1.57195E+02
   55 1.73210E+02
   54 1.45273E+02
   53 1.29530E+02
   52 9.15195E+01
   51 4.75017E+01
   50 2.14458E+01
   49 1.53015E+01
   48 5.89651E+00
   47 1.66438E+00
   46 9.83996E-01
   45 8.43468E-02
   44 5.01641E-02
   43 2.98984E-02
   42 1.67251E-03

 Total residual production cross section:   818.6871338
 Non-elastic cross section              :   817.5219727

 ########## RESULTS FOR E= 100.00000 ##########

 Energy dependent input flags

 Width fluctuations (flagwidth)            : n
 Unresolved resonance parameters (flagurr) : n
 Preequilibrium (flagpreeq)                : y
 Multiple preequilibrium (flagmulpre)      : y
 Number of continuum excitation energy bins: 40

 ########### REACTION SUMMARY FOR E= 100.00000 ###########

 Center-of-mass energy:   98.172

 1. Total (binary) cross sections

   Reaction        = 7.88782E+02
     Compound elastic= 9.36110E-08
     Non-elastic     = 7.88782E+02
       Direct          = 1.01465E+01
       Pre-equilibrium = 7.60111E+02
       Giant resonance = 1.85245E+01
       Compound non-el = 7.53578E-06

 2. Binary non-elastic cross sections (non-exclusive)

 gamma   = 7.68494E-01
 neutron = 2.26190E+02
 proton  = 4.22928E+02
 deuteron= 7.32715E+01
 triton  = 1.68455E+01
 helium-3= 3.32065E+01
 alpha   = 1.55713E+01

 3. Total particle production cross sections

 gamma   = 7.87974E+02    Multiplicity= 9.98975E-01
 neutron = 1.76022E+03    Multiplicity= 2.23156E+00
 proton  = 1.17178E+03    Multiplicity= 1.48556E+00
 deuteron= 8.82621E+01    Multiplicity= 1.11897E-01
 triton  = 1.84454E+01    Multiplicity= 2.33847E-02
 helium-3= 3.36190E+01    Multiplicity= 4.26214E-02
 alpha   = 6.32323E+01    Multiplicity= 8.01645E-02

 4. Residual production cross sections

   a. Per isotope

   Z   A  nuclide    total     level   isomeric    isomeric    lifetime
                 cross section       cross section  ratio

   27  58 ( 58Co) 2.71217E-02    0    1.60414E-02  0.59146
                                 1    1.10803E-02  0.40854   3.27600E+04 sec. 
   27  57 ( 57Co) 2.95259E+00    0    2.95259E+00  1.00000
   26  57 ( 57Fe) 2.04155E+01    0    2.04155E+01  1.00000
   27  56 ( 56Co) 6.80905E+00    0    6.80905E+00  1.00000
   26  56 ( 56Fe) 1.05802E+02    0    1.05802E+02  1.00000
   25  56 ( 56Mn) 1.75963E+01    0    1.75963E+01  1.00000
   27  55 ( 55Co) 1.48487E+00    0    1.48487E+00  1.00000
   26  55 ( 55Fe) 1.11812E+02    0    1.11812E+02  1.00000
   25  55 ( 55Mn) 4.64710E+01    0    4.64710E+01  1.00000
   24  55 ( 55Cr) 2.37977E-01    0    2.37977E-01  1.00000
   27  54 ( 54Co) 6.78211E-02    0    3.86181E-02  0.56941
                                 1    2.92029E-02  0.43059   8.88000E+01 sec. 
   26  54 ( 54Fe) 6.53623E+01    0    6.53623E+01  1.00000
   25  54 ( 54Mn) 6.71499E+01    0    6.71499E+01  1.00000
   24  54 ( 54Cr) 2.40590E+00    0    2.40590E+00  1.00000
   23  54 ( 54V ) 8.23936E-03    0    8.23936E-03  1.00000
   27  53 ( 53Co) 7.53411E-04    0    7.53411E-04  1.00000
   26  53 ( 53Fe) 6.99264E+00    0    6.57941E+00  0.94090
                                22    4.13231E-01  0.05910   1.52400E+02 sec. 
   25  53 ( 53Mn) 9.51483E+01    0    9.51483E+01  1.00000
   24  53 ( 53Cr) 7.54868E+00    0    7.54868E+00  1.00000
   23  53 ( 53V ) 1.10578E-01    0    1.10578E-01  1.00000
   22  53 ( 53Ti) 1.37711E-05    0    1.37711E-05  1.00000
   26  52 ( 52Fe) 5.47720E-01    0    5.42554E-01  0.99057
                                42    5.16611E-03  0.00943   4.59000E+01 sec. 
   25  52 ( 52Mn) 4.97186E+01    0    2.92026E+01  0.58736
                                 1    2.05160E+01  0.41264   1.26600E+03 sec. 
   24  52 ( 52Cr) 4.59403E+01    0    4.59403E+01  1.00000
   23  52 ( 52V ) 4.90177E-01    0    4.90177E-01  1.00000
   22  52 ( 52Ti) 1.06840E-03    0    1.06840E-03  1.00000
   26  51 ( 51Fe) 4.47812E-03    0    4.47812E-03  1.00000
   25  51 ( 51Mn) 1.34907E+01    0    1.34907E+01  1.00000
   24  51 ( 51Cr) 4.63256E+01    0    4.63256E+01  1.00000
   23  51 ( 51V ) 2.68808E+00    0    2.68808E+00  1.00000
   22  51 ( 51Ti) 7.22291E-03    0    7.22291E-03  1.00000
   25  50 ( 50Mn) 2.37558E-01    0    9.40081E-02  0.39573
                                 1    1.43550E-01  0.60427   1.05000E+02 sec. 
   24  50 ( 50Cr) 3.05091E+01    0    3.05091E+01  1.00000
   23  50 ( 50V ) 5.28945E+00    0    5.28945E+00  1.00000
   22  50 ( 50Ti) 6.31566E-02    0    6.31566E-02  1.00000
   25  49 ( 49Mn) 1.81954E-03    0    1.81954E-03  1.00000
   24  49 ( 49Cr) 4.54470E+00    0    4.54470E+00  1.00000
   23  49 ( 49V ) 1.26303E+01    0    1.26303E+01  1.00000
   22  49 ( 49Ti) 3.80607E-01    0    3.80607E-01  1.00000
   21  49 ( 49Sc) 6.83564E-04    0    6.83564E-04  1.00000
   24  48 ( 48Cr) 3.58875E-01    0    3.58875E-01  1.00000
   23  48 ( 48V ) 1.02126E+01    0    1.02126E+01  1.00000
   22  48 ( 48Ti) 1.67576E+00    0    1.67576E+00  1.00000
   21  48 ( 48Sc) 8.16274E-03    0    8.16274E-03  1.00000
   23  47 ( 47V ) 2.46368E+00    0    2.46368E+00  1.00000
   22  47 ( 47Ti) 2.00407E+00    0    2.00407E+00  1.00000
   21  47 ( 47Sc) 6.70549E-02    0    6.70549E-02  1.00000
   23  46 ( 46V ) 8.84710E-02    0    8.84710E-02  1.00000
   22  46 ( 46Ti) 1.51493E+00    0    1.51493E+00  1.00000
   21  46 ( 46Sc) 1.60442E-01    0    1.31447E-01  0.81928
                                 2    2.89951E-02  0.18072   1.87500E+01 sec. 
   20  46 ( 46Ca) 5.57099E-04    0    5.57099E-04  1.00000
   22  45 ( 45Ti) 2.94218E-01    0    2.94218E-01  1.00000
   21  45 ( 45Sc) 2.06761E-01    0    2.06761E-01  1.00000
   20  45 ( 45Ca) 2.07491E-03    0    2.07491E-03  1.00000
   22  44 ( 44Ti) 9.83453E-03    0    9.83453E-03  1.00000
   21  44 ( 44Sc) 1.02926E-01    0    6.98038E-02  0.67819
                                 4    3.31225E-02  0.32181   2.11000E+05 sec. 
   20  44 ( 44Ca) 9.84207E-03    0    9.84207E-03  1.00000
   21  43 ( 43Sc) 4.83047E-02    0    4.83047E-02  1.00000
   20  43 ( 43Ca) 2.78038E-02    0    2.78038E-02  1.00000
   21  42 ( 42Sc) 1.20729E-03    0    5.00535E-04  0.41459
                                 2    7.06757E-04  0.58541   6.17000E+01 sec. 
   20  42 ( 42Ca) 2.58768E-02    0    2.58768E-02  1.00000

   b. Per mass

   A  cross section

   58 2.71217E-02
   57 2.33681E+01
   56 1.30208E+02
   55 1.60006E+02
   54 1.34994E+02
   53 1.09801E+02
   52 9.66978E+01
   51 6.25161E+01
   50 3.60993E+01
   49 1.75581E+01
   48 1.22554E+01
   47 4.53480E+00
   46 1.76441E+00
   45 5.03054E-01
   44 1.22603E-01
   43 7.61085E-02
   42 2.70841E-02

 Total residual production cross section:   790.5588989
 Non-elastic cross section              :   788.7819824

 Execution time:  0 hours  2 minutes 12.16 seconds 

 The TALYS team congratulates you with this successful calculation.

    TALYS-2.0 (Version: December 29, 2023)

 Copyright (C) 2023  A.J. Koning, S. Hilaire and S. Goriely

 Dimensions - Cross sections: mb, Energies: MeV, Angles: degrees

 ########## USER INPUT ##########

 USER INPUT FILE

 #
 # p-fe000-rp
 #
 # general
 #
 projectile p
 element fe
 mass 0
 energy energies
 #
 # output
 #
 fileresidual     y

 USER INPUT FILE + DEFAULTS

 Keyword           Value   Variable     Explanation

 #
 # Four main keywords
 #
 projectile          p     ptype0       type of incident particle
 element            Fe     Starget      symbol of target nucleus
 mass               58     mass         mass number of target nucleus
 energy energies           energyfile   file with incident energies
 #
 # Basic physical and numerical parameters
 #
 ejectiles g n p d t h a   outtype      outgoing particles
 maxz               12     maxZ         maximal number of protons from the initial compound nucleus
 maxn               29     maxN         maximal number of neutrons from the initial compound nucleus
 bins               40     nbins        number of continuum excitation energy bins
 equidistant         y     flagequi     flag to use equidistant excitation bins instead of logarithmic bins
 equispec            n     flagequispec flag to use equidistant bins for emission spectra
 popmev              n     flagpopmev   flag to use initial population per MeV instead of histograms
 segment             1     segment      number of segments to divide emission energy grid
 maxlevelstar       30     nlevmax      maximum number of included discrete levels for target
 maxlevelsres       10     nlevmaxres   maximum number of included discrete levels for residual nucleus
 maxlevelsbin g     10     nlevbin      maximum number of included discrete levels for gamma    channel
 maxlevelsbin n     10     nlevbin      maximum number of included discrete levels for neutron  channel
 maxlevelsbin p     30     nlevbin      maximum number of included discrete levels for proton   channel
 maxlevelsbin d      5     nlevbin      maximum number of included discrete levels for deuteron channel
 maxlevelsbin t      5     nlevbin      maximum number of included discrete levels for triton   channel
 maxlevelsbin h      5     nlevbin      maximum number of included discrete levels for helium-3 channel
 maxlevelsbin a     10     nlevbin      maximum number of included discrete levels for alpha    channel
 ltarget             0     ltarget      excited level of target
 isomer           1.00E+00 isomer       definition of isomer in seconds
 transpower          5     transpower   power for transmission coefficient limit
 transeps         1.00E-08 transeps     limit for transmission coefficient
 xseps            1.00E-07 xseps        limit for cross sections
 popeps           1.00E-03 popeps       limit for population cross section per nucleus
 Rfiseps          1.00E-03 Rfiseps      ratio for limit for fission cross section per nucleus
 elow             1.00E-06 elow         minimal incident energy for nuclear model calculations
 angles             90     nangle       number of angles
 anglescont         18     nanglecont   number of angles for continuum
 anglesrec           1     nanglerec    number of recoil angles
 maxenrec           20     maxenrec     number of recoil energies
 channels            n     flagchannels flag for exclusive channels calculation
 maxchannel          4     maxchannel   maximal number of outgoing particles in individual channel description
 micro               n     flagmicro    flag for completely microscopic Talys calculation
 best                n     flagbest     flag to use best set of adjusted parameters
 bestbranch          y     flagbestbr   flag to use flag to use only best set of branching ratios
 bestend             n     flagbestend  flag to put best set of parameters at end of input file
 relativistic        y     flagrel      flag for relativistic kinematics
 recoil              n     flagrecoil   flag for calculation of recoils
 labddx              n     flaglabddx   flag for calculation of DDX in LAB system
 recoilaverage       n     flagrecoilav flag for average velocity in recoil calculation
 channelenergy       n     flagEchannel flag for channel energy for emission spectrum
 reaction            y     flagreaction flag for calculation of nuclear reactions
 fit                 n     flagfit      flag to use automatically fitted parameters
 ngfit               n     flagngfit    flag for using fitted (n,g) nuclear model parameters
 nffit               n     flagnffit    flag for using fitted (n,f) nuclear model parameters
 nnfit               n     flagnnfit    flag for using fitted (n,n), (n,2n) and (n,p) nuclear model parameters
 nafit               n     flagnafit    flag for using fitted (n,a) nuclear model parameters
 pnfit               n     flagpnfit    flag for using fitted (p,n) nuclear model parameters
 dnfit               n     flagdnfit    flag for using fitted (d,n) nuclear model parameters
 gnfit               n     flaggnfit    flag for using fitted (g,n) nuclear model parameters
 anfit               n     flaganfit    flag for using fitted (a,n) nuclear model parameters
 gamgamfit           n    flaggamgamfit flag for using fitted Gamma_gamma nuclear model parameters
 macsfit             n     flagmacsfit  flag for using fitted MACS nuclear model parameters
 astro               n     flagastro    flag for calculation of astrophysics reaction rate
 astrogs             n     flagastrogs  flag for calculation of astrophysics reaction rate with target in ground state only
 astroex             n     flagastroex  flag for calculation of astrophysics reaction rate to long-lived excited states
 nonthermlev        -1     nonthermlev  excited level non-thermalized in the calculation of astrophysics rate
 massmodel           2     massmodel    model for theoretical nuclear mass
 expmass             y     flagexpmass  flag for using experimental nuclear mass if available
 disctable           1     disctable    table with discrete levels
 production          n     flagprod     flag for isotope production
 outfy               n     flagoutfy    flag for output detailed fission yield calculation
 gefran          50000     gefran       number of random events for GEF calculation
 Estop            1000.000 Estop        incident energy above which TALYS stops
 rpevap              n     flagrpevap   flag for evaporation of residual products at high incident energies
 maxZrp             12     maxZrp       maximal number of protons from the initial compound nucleus before residual evaporation
 maxNrp             32     maxNrp       maximal number of neutrons from the initial compound nucleus before residual evaporation
 user      Arjan Koning    user         user for this calculation
 source    TALYS-2.0       source       source for this calculation
 format    YANDF-0.1       oformat      format for output
 #
 # Optical model
 #
 localomp            y     flaglocalomp flag for local (y) or global (n) optical model
 dispersion          n     flagdisp     flag for dispersive optical model
 jlmomp              n     flagjlm      flag for using semi-microscopic JLM OMP
 riplomp             n     flagriplomp  flag for RIPL OMP
 riplrisk            n     flagriplrisk flag for going outside RIPL mass validity range
 optmodall           n     flagompall   flag for new optical model calculation for all residual nuclei
 incadjust           y     flagincadj   flag for OMP adjustment on incident channel also
 omponly             n     flagomponly  flag to execute ONLY an optical model calculation
 autorot             n     flagautorot  flag for automatic rotational coupled channels calculations for A > 150
 spherical           n     flagspher    flag to force spherical optical model
 soukho              y     flagsoukho   flag for Soukhovitskii OMP for actinides
 coulomb             y     flagcoulomb  flag for Coulomb excitation calculation with ECIS
 statepot            n     flagstate    flag for optical model potential for each excited state
 maxband             0     maxband      highest vibrational band added to rotational model
 maxrot              2     maxrot       number of included excited rotational levels
 sysreaction               sysreaction  particles with reaction cross section from systematics
 rotational                rotational   particles with possible rotational optical model
 core               -1     core         even-even core for weakcoupling (-1 or 1)
 ecissave            n     flagecissave flag for saving ECIS input and output files
 eciscalc            y     flageciscalc flag for new ECIS calculation for outgoing particles and energy grid
 inccalc             y     flaginccalc  flag for new ECIS calculation for incident channel
 endfecis            y     flagendfecis flag for new ECIS calculation for ENDF-6 files
 radialmodel         2     radialmodel  model for radial matter densities (JLM OMP only)
 jlmmode             0     jlmmode      option for JLM imaginary potential normalization
 alphaomp            6     alphaomp     alpha OMP (1=normal, 2= McFadden-Satchler, 3-5= folding potential, 6,8= Avrigeanu, 7=Nolte)
 deuteronomp         4     deuteronomp  deuteron OMP (1=normal, 2=Daehnick, 3=Bojowald, 4=Han-Shi-Shen, 5=An-Cai)
 #
 # Compound nucleus
 #
 widthfluc          11.958 ewfc         off-set incident energy for width fluctuation calculation
 widthmode           2     wmode        designator for width fluctuation model
 WFCfactor           1     WFCfactor    enhancement factor for WFC: 1: Original, 2: Ernebjerg and Herman
 compound            y     flagcomp     flag for compound nucleus model
 fullhf              n     flagfullhf   flag for full spin dependence of transmission coefficients
 eciscompound        n     flageciscomp flag for compound nucleus calculation by ECIS
 cpang               n     flagcpang    flag for compound angular distribution calculation for incident charged particles
 urr                 n     flagurr      flag for URR calculation
 urrnjoy             n     flagurrnjoy  flag for normalization of URR parameters with NJOY method
 lurr                2     lurr         maximal orbital angular momentum for URR
 #
 # Gamma emission
 #
 gammax              2     gammax       number of l-values for gamma multipolarity
 strength            9     strength     model for E1 gamma-ray strength function
 strengthM1          3     strengthM1   model for M1 gamma-ray strength function
 electronconv        y     flagelectron flag for application of electron conversion coefficient
 racap               n     flagracap    flag for radiative capture model
 ldmodelracap        3     ldmodelracap level density model for direct radiative capture
 upbend              y     flagupbend   flag for low-energy upbend of photon strength function
 psfglobal           n    flagpsfglobal flag for global photon strength functions only
 gnorm               n     flaggnorm    flag to normalize PSF to average radiative width
 #
 # Pre-equilibrium
 #
 preequilibrium      3.789 epreeq       on-set incident energy for preequilibrium calculation
 preeqmode           2     preeqmode    designator for pre-equilibrium model
 multipreeq         20.000 emulpre      on-set incident energy for multiple preequilibrium
 mpreeqmode          2     mpreeqmode   designator for multiple pre-equilibrium model
 breakupmodel        1     breakupmodel model for break-up reaction: 1. Kalbach 2. Avrigeanu
 phmodel             1     phmodel      particle-hole state density model
 pairmodel           2     pairmodel    designator for pre-equilibrium pairing model
 preeqspin           2     pespinmodel  model for pre-equilibrium spin distribution
 giantresonance      y     flaggiant    flag for collective contribution from giant resonances
 preeqsurface        y     flagsurface  flag for surface effects in exciton model
 preeqcomplex        y     flagpecomp   flag for Kalbach complex particle emission model
 twocomponent        y     flag2comp    flag for two-component pre-equilibrium model
 ecisdwba            y     flagecisdwba flag for new ECIS calculation for DWBA for MSD
 onestep             n     flagonestep  flag for continuum one-step direct only
 #
 # Level densities
 #
 ldmodel             1     ldmodelall   level density model
 ldmodelCN           1     ldmodelCN    level density model for compound nucleus
 shellmodel          1     shellmodel   model for shell correction energies
 kvibmodel           2     kvibmodel    model for vibrational enhancement
 spincutmodel        1     spincutmodel model for spin cutoff factor for ground state
 asys                n     flagasys     flag for all level density parameters a from systematics
 parity              n     flagparity   flag for non-equal parity distribution
 colenhance          n     flagcolall   flag for collective enhancement of level density for all nuclides
 ctmglobal           n     flagctmglob  flag for global CTM model (no discrete level info)
 gshell              n     flaggshell   flag for energy dependence of single particle level density parameter g
 colldamp            n     flagcolldamp flag for damping of collective effects in effective level density
 #
 # Fission
 #
 fission             n     flagfission  flag for fission
 fismodel            3     fismodel     fission model
 fismodelalt         3     fismodelalt  alternative fission model for default barriers
 hbstate             n     flaghbstate  flag for head band states in fission
 class2              n     flagclass2   flag for class2 states in fission
 fispartdamp         n  flagfispartdamp flag for fission partial damping
 massdis             n     flagmassdis  flag for calculation of fission fragment mass yields
 ffevaporation       y     flagffevap   flag for calculation of particle evaporation from fission fragment mass yields
 fisfeed             n     flagfisfeed  flag for output of fission per excitation bin
 fymodel             2     fymodel      fission yield model, 1: Brosa 2: GEF
 ffmodel             1     ffmodel      fission fragment model, 1: GEF 2: HF3D (Okumura) 3: SPY 4: Langevin-4D 0: own files
 pfnsmodel           1     pfnsmodel    PFNS model, 1: Iwamoto 2: from FF decay
 ffspin              n     flagffspin   flag to use spin distribution in initial FF population
 #
 # Output
 #
 outmain             y     flagmain     flag for main output
 outbasic            n     flagbasic    flag for output of basic information and results
 outall              n     flagoutall   flag for output of all data in main output file
 outpopulation       n     flagpop      flag for output of population
 outcheck            n     flagcheck    flag for output of numerical checks
 outlevels           n     flaglevels   flag for output of discrete level information
 outdensity          n     flagdensity  flag for output of level densities
 outomp              n     flagoutomp   flag for output of optical model parameters
 outkd               n     flagoutkd    flag for output of KD03 OMP parameters
 outdirect           n     flagdirect   flag for output of direct reaction results
 outinverse          n     flaginverse  flag for output of transmission coefficients and inverse reaction cross sections
 outdecay            n     flagdecay    flag for output of decay of each population bin
 outtransenergy      y     flagtransen  flag for output of transmission coefficients per energy
 outecis             n     flagoutecis  flag for output of ECIS results
 outgamma            n     flaggamma    flag for output of gamma-ray information
 outpreequilibrium   n     flagpeout    flag for output of pre-equilibrium results 
 outfission          n     flagfisout   flag for output of fission information
 outdiscrete         n     flagdisc     flag for output of discrete state cross sections
 outspectra          n     flagspec     flag for output of double-differential cross sections
 outbinspectra       n     flagbinspec  flag for output of emission spectrum per excitation bin
 resonance           n     flagres      flag for output of low energy resonance cross sections
 group               n     flaggroup    flag for output of low energy groupwise cross sections
 adddiscrete         y     flagadd      flag for addition of discrete states to spectra
 addelastic          y     flagaddel    flag for addition of elastic peak to spectra
 outangle            n     flagang      flag for output of angular distributions
 outlegendre         n     flaglegendre flag for output of Legendre coefficients
 ddxmode             0     ddxmode      mode for double-differential cross sections
 outdwba             n     flagoutdwba  flag for output of DWBA cross sections for MSD
 outgamdis           n     flaggamdis   flag for output of discrete gamma-ray intensities
 outexcitation       y     flagexc      flag for output of excitation functions
 components          n     flagcompo    flag for output of cross section components
 endf                n     flagendf     flag for information for ENDF-6 file
 endfdetail          n     flagendfdet  flag for detailed ENDF-6 information per channel
 sacs                n     flagsacs     flag for statistical analysis of cross sections
 partable            n     flagpartable flag for output of model parameters on separate file
 block               n     flagblock    flag to block spectra, angle and gamma files

 ########## BASIC REACTION PARAMETERS ##########

 Projectile           : proton      Mass in a.m.u.      :   1.007276
 Target               : Fe58        Mass in a.m.u.      :  57.933274

 Included channels:
                     gamma   
                     neutron 
                     proton  
                     deuteron
                     triton  
                     helium-3
                     alpha   

    24 incident energies (LAB):

      1.000
      2.000
      3.000
      4.000
      5.000
      6.000
      8.000
     10.000
     12.000
     14.000
     16.000
     18.000
     20.000
     25.000
     30.000
     35.000
     40.000
     45.000
     50.000
     60.000
     70.000
     80.000
     90.000
    100.000

 Q-values for binary reactions:

 Q(p,g):  7.36354
 Q(p,n): -3.09033
 Q(p,p):  0.00000
 Q(p,d): -7.82000
 Q(p,t): -9.20893
 Q(p,h):-12.88584
 Q(p,a):  0.42133

 ########## RESULTS FOR E=   1.00000 ##########

 Energy dependent input flags

 Width fluctuations (flagwidth)            : y
 Unresolved resonance parameters (flagurr) : n
 Preequilibrium (flagpreeq)                : n
 Multiple preequilibrium (flagmulpre)      : n
 Number of continuum excitation energy bins: 40

 ########### REACTION SUMMARY FOR E=   1.00000 ###########

 Center-of-mass energy:    0.983

 1. Total (binary) cross sections

   Reaction        = 3.33990E-03
     Compound elastic= 2.38195E-04
     Non-elastic     = 3.10171E-03
       Direct          = 1.13995E-25
       Pre-equilibrium = 0.00000E+00
       Compound non-el = 3.10171E-03

 2. Binary non-elastic cross sections (non-exclusive)

 gamma   = 3.10171E-03
 neutron = 0.00000E+00
 proton  = 1.13995E-25
 deuteron= 0.00000E+00
 triton  = 0.00000E+00
 helium-3= 0.00000E+00
 alpha   = 0.00000E+00

 3. Total particle production cross sections

 gamma   = 5.50156E-03    Multiplicity= 1.77372E+00
 neutron = 0.00000E+00    Multiplicity= 0.00000E+00
 proton  = 1.13995E-25    Multiplicity= 3.67524E-23
 deuteron= 0.00000E+00    Multiplicity= 0.00000E+00
 triton  = 0.00000E+00    Multiplicity= 0.00000E+00
 helium-3= 0.00000E+00    Multiplicity= 0.00000E+00
 alpha   = 0.00000E+00    Multiplicity= 0.00000E+00

 4. Residual production cross sections

   a. Per isotope

   Z   A  nuclide    total     level   isomeric    isomeric    lifetime
                 cross section       cross section  ratio

   27  59 ( 59Co) 3.09683E-03    0    3.09683E-03  1.00000
   25  55 ( 55Mn) 1.00000E-07    0    0.00000E+00  0.00000

   b. Per mass

   A  cross section

   59 3.09683E-03

 Total residual production cross section:     0.0030968
 Non-elastic cross section              :     0.0031017

 ########## RESULTS FOR E=   2.00000 ##########

 Energy dependent input flags

 Width fluctuations (flagwidth)            : y
 Unresolved resonance parameters (flagurr) : n
 Preequilibrium (flagpreeq)                : n
 Multiple preequilibrium (flagmulpre)      : n
 Number of continuum excitation energy bins: 40

 ########### REACTION SUMMARY FOR E=   2.00000 ###########

 Center-of-mass energy:    1.966

 1. Total (binary) cross sections

   Reaction        = 2.99975E+00
     Compound elastic= 2.50400E+00
     Non-elastic     = 4.95749E-01
       Direct          = 2.13664E-06
       Pre-equilibrium = 0.00000E+00
       Compound non-el = 4.95746E-01

 2. Binary non-elastic cross sections (non-exclusive)

 gamma   = 4.79176E-01
 neutron = 0.00000E+00
 proton  = 1.65717E-02
 deuteron= 0.00000E+00
 triton  = 0.00000E+00
 helium-3= 0.00000E+00
 alpha   = 0.00000E+00

 3. Total particle production cross sections

 gamma   = 9.05515E-01    Multiplicity= 1.82656E+00
 neutron = 0.00000E+00    Multiplicity= 0.00000E+00
 proton  = 1.67269E-02    Multiplicity= 3.37407E-02
 deuteron= 0.00000E+00    Multiplicity= 0.00000E+00
 triton  = 0.00000E+00    Multiplicity= 0.00000E+00
 helium-3= 0.00000E+00    Multiplicity= 0.00000E+00
 alpha   = 0.00000E+00    Multiplicity= 0.00000E+00

 4. Residual production cross sections

   a. Per isotope

   Z   A  nuclide    total     level   isomeric    isomeric    lifetime
                 cross section       cross section  ratio

   27  59 ( 59Co) 4.79017E-01    0    4.79017E-01  1.00000
   26  58 ( 58Fe) 1.67269E-02    0    1.67269E-02  1.00000
   25  55 ( 55Mn) 1.00000E-07    0    0.00000E+00  0.00000

   b. Per mass

   A  cross section

   59 4.79017E-01
   58 1.67269E-02

 Total residual production cross section:     0.4957438
 Non-elastic cross section              :     0.4957485

 ########## RESULTS FOR E=   3.00000 ##########

 Energy dependent input flags

 Width fluctuations (flagwidth)            : y
 Unresolved resonance parameters (flagurr) : n
 Preequilibrium (flagpreeq)                : n
 Multiple preequilibrium (flagmulpre)      : n
 Number of continuum excitation energy bins: 40

 ########### REACTION SUMMARY FOR E=   3.00000 ###########

 Center-of-mass energy:    2.949

 1. Total (binary) cross sections

   Reaction        = 5.09961E+01
     Compound elastic= 4.45074E+01
     Non-elastic     = 6.48869E+00
       Direct          = 1.57813E-02
       Pre-equilibrium = 0.00000E+00
       Compound non-el = 6.47291E+00

 2. Binary non-elastic cross sections (non-exclusive)

 gamma   = 1.75803E+00
 neutron = 0.00000E+00
 proton  = 4.73049E+00
 deuteron= 0.00000E+00
 triton  = 0.00000E+00
 helium-3= 0.00000E+00
 alpha   = 1.65384E-04

 3. Total particle production cross sections

 gamma   = 3.54000E+00    Multiplicity= 5.45564E-01
 neutron = 0.00000E+00    Multiplicity= 0.00000E+00
 proton  = 4.74094E+00    Multiplicity= 7.30646E-01
 deuteron= 0.00000E+00    Multiplicity= 0.00000E+00
 triton  = 0.00000E+00    Multiplicity= 0.00000E+00
 helium-3= 0.00000E+00    Multiplicity= 0.00000E+00
 alpha   = 1.65384E-04    Multiplicity= 2.54881E-05

 4. Residual production cross sections

   a. Per isotope

   Z   A  nuclide    total     level   isomeric    isomeric    lifetime
                 cross section       cross section  ratio

   27  59 ( 59Co) 1.74758E+00    0    1.74758E+00  1.00000
   26  58 ( 58Fe) 4.74094E+00    0    4.74094E+00  1.00000
   25  55 ( 55Mn) 1.00000E-07    0    1.22620E-04  0.00000

   b. Per mass

   A  cross section

   59 1.74758E+00
   58 4.74094E+00

 Total residual production cross section:     6.4885163
 Non-elastic cross section              :     6.4886894

 ########## RESULTS FOR E=   4.00000 ##########

 Energy dependent input flags

 Width fluctuations (flagwidth)            : y
 Unresolved resonance parameters (flagurr) : n
 Preequilibrium (flagpreeq)                : y
 Multiple preequilibrium (flagmulpre)      : n
 Number of continuum excitation energy bins: 40

 ########### REACTION SUMMARY FOR E=   4.00000 ###########

 Center-of-mass energy:    3.932

 1. Total (binary) cross sections

   Reaction        = 2.02487E+02
     Compound elastic= 6.31282E+01
     Non-elastic     = 1.39359E+02
       Direct          = 1.02247E+00
       Pre-equilibrium = 0.00000E+00
       Giant resonance = 0.00000E+00
       Compound non-el = 1.38336E+02

 2. Binary non-elastic cross sections (non-exclusive)

 gamma   = 4.87865E-01
 neutron = 1.28929E+02
 proton  = 9.93810E+00
 deuteron= 0.00000E+00
 triton  = 0.00000E+00
 helium-3= 0.00000E+00
 alpha   = 3.89377E-03

 3. Total particle production cross sections

 gamma   = 1.04005E+00    Multiplicity= 7.46312E-03
 neutron = 1.28930E+02    Multiplicity= 9.25165E-01
 proton  = 9.95409E+00    Multiplicity= 7.14278E-02
 deuteron= 0.00000E+00    Multiplicity= 0.00000E+00
 triton  = 0.00000E+00    Multiplicity= 0.00000E+00
 helium-3= 0.00000E+00    Multiplicity= 0.00000E+00
 alpha   = 3.89378E-03    Multiplicity= 2.79407E-05

 4. Residual production cross sections

   a. Per isotope

   Z   A  nuclide    total     level   isomeric    isomeric    lifetime
                 cross section       cross section  ratio

   27  59 ( 59Co) 4.70836E-01    0    4.70836E-01  1.00000
   27  58 ( 58Co) 1.28930E+02    0    1.06913E+02  0.82923
                                 1    2.20174E+01  0.17077   3.27600E+04 sec. 
   26  58 ( 58Fe) 9.95409E+00    0    9.95409E+00  1.00000
   25  55 ( 55Mn) 3.89378E-03    0    3.89378E-03  1.00000

   b. Per mass

   A  cross section

   59 4.70836E-01
   58 1.38884E+02
   55 3.89378E-03

 Total residual production cross section:   139.3587646
 Non-elastic cross section              :   139.3587799

 ########## RESULTS FOR E=   5.00000 ##########

 Energy dependent input flags

 Width fluctuations (flagwidth)            : y
 Unresolved resonance parameters (flagurr) : n
 Preequilibrium (flagpreeq)                : y
 Multiple preequilibrium (flagmulpre)      : n
 Number of continuum excitation energy bins: 40

 ########### REACTION SUMMARY FOR E=   5.00000 ###########

 Center-of-mass energy:    4.914

 1. Total (binary) cross sections

   Reaction        = 3.91526E+02
     Compound elastic= 2.96695E+01
     Non-elastic     = 3.61857E+02
       Direct          = 7.65974E+00
       Pre-equilibrium = 5.36251E-01
       Giant resonance = 3.91245E-06
       Compound non-el = 3.53661E+02

 2. Binary non-elastic cross sections (non-exclusive)

 gamma   = 3.23692E-01
 neutron = 3.35108E+02
 proton  = 2.63571E+01
 deuteron= 0.00000E+00
 triton  = 0.00000E+00
 helium-3= 0.00000E+00
 alpha   = 6.83850E-02

 3. Total particle production cross sections

 gamma   = 1.65327E+02    Multiplicity= 4.56886E-01
 neutron = 3.35114E+02    Multiplicity= 9.26096E-01
 proton  = 2.63759E+01    Multiplicity= 7.28906E-02
 deuteron= 0.00000E+00    Multiplicity= 0.00000E+00
 triton  = 0.00000E+00    Multiplicity= 0.00000E+00
 helium-3= 0.00000E+00    Multiplicity= 0.00000E+00
 alpha   = 6.83851E-02    Multiplicity= 1.88984E-04

 4. Residual production cross sections

   a. Per isotope

   Z   A  nuclide    total     level   isomeric    isomeric    lifetime
                 cross section       cross section  ratio

   27  59 ( 59Co) 2.98901E-01    0    2.98901E-01  1.00000
   27  58 ( 58Co) 3.35117E+02    0    2.70875E+02  0.80830
                                 1    6.42421E+01  0.19170   3.27600E+04 sec. 
   26  58 ( 58Fe) 2.63759E+01    0    2.63759E+01  1.00000
   25  55 ( 55Mn) 6.83851E-02    0    6.83851E-02  1.00000

   b. Per mass

   A  cross section

   59 2.98901E-01
   58 3.61493E+02
   55 6.83851E-02

 Total residual production cross section:   361.8603821
 Non-elastic cross section              :   361.8565063

 ########## RESULTS FOR E=   6.00000 ##########

 Energy dependent input flags

 Width fluctuations (flagwidth)            : y
 Unresolved resonance parameters (flagurr) : n
 Preequilibrium (flagpreeq)                : y
 Multiple preequilibrium (flagmulpre)      : n
 Number of continuum excitation energy bins: 40

 ########### REACTION SUMMARY FOR E=   6.00000 ###########

 Center-of-mass energy:    5.897

 1. Total (binary) cross sections

   Reaction        = 5.46745E+02
     Compound elastic= 1.43900E+01
     Non-elastic     = 5.32355E+02
       Direct          = 1.86056E+01
       Pre-equilibrium = 3.50151E+00
       Giant resonance = 6.66304E-03
       Compound non-el = 5.10241E+02

 2. Binary non-elastic cross sections (non-exclusive)

 gamma   = 3.33339E-01
 neutron = 4.83827E+02
 proton  = 4.76331E+01
 deuteron= 0.00000E+00
 triton  = 0.00000E+00
 helium-3= 0.00000E+00
 alpha   = 5.63379E-01

 3. Total particle production cross sections

 gamma   = 4.37111E+02    Multiplicity= 8.21089E-01
 neutron = 4.83844E+02    Multiplicity= 9.08876E-01
 proton  = 4.76591E+01    Multiplicity= 8.95251E-02
 deuteron= 0.00000E+00    Multiplicity= 0.00000E+00
 triton  = 0.00000E+00    Multiplicity= 0.00000E+00
 helium-3= 0.00000E+00    Multiplicity= 0.00000E+00
 alpha   = 5.63380E-01    Multiplicity= 1.05828E-03

 4. Residual production cross sections

   a. Per isotope

   Z   A  nuclide    total     level   isomeric    isomeric    lifetime
                 cross section       cross section  ratio

   27  59 ( 59Co) 2.89754E-01    0    2.89754E-01  1.00000
   27  58 ( 58Co) 4.83865E+02    0    3.82484E+02  0.79048
                                 1    1.01381E+02  0.20952   3.27600E+04 sec. 
   26  58 ( 58Fe) 4.76592E+01    0    4.76592E+01  1.00000
   25  55 ( 55Mn) 5.63375E-01    0    5.63375E-01  1.00000

   b. Per mass

   A  cross section

   59 2.89754E-01
   58 5.31525E+02
   55 5.63375E-01

 Total residual production cross section:   532.3776855
 Non-elastic cross section              :   532.3549194

 ########## RESULTS FOR E=   8.00000 ##########

 Energy dependent input flags

 Width fluctuations (flagwidth)            : y
 Unresolved resonance parameters (flagurr) : n
 Preequilibrium (flagpreeq)                : y
 Multiple preequilibrium (flagmulpre)      : n
 Number of continuum excitation energy bins: 40

 ########### REACTION SUMMARY FOR E=   8.00000 ###########

 Center-of-mass energy:    7.863

 1. Total (binary) cross sections

   Reaction        = 7.27150E+02
     Compound elastic= 3.72820E+00
     Non-elastic     = 7.23422E+02
       Direct          = 3.38053E+01
       Pre-equilibrium = 1.88792E+01
       Giant resonance = 1.23023E+00
       Compound non-el = 6.69507E+02

 2. Binary non-elastic cross sections (non-exclusive)

 gamma   = 4.79320E-01
 neutron = 6.34508E+02
 proton  = 8.34322E+01
 deuteron= 0.00000E+00
 triton  = 0.00000E+00
 helium-3= 0.00000E+00
 alpha   = 5.00545E+00

 3. Total particle production cross sections

 gamma   = 8.89055E+02    Multiplicity= 1.22896E+00
 neutron = 6.34586E+02    Multiplicity= 8.77201E-01
 proton  = 8.34694E+01    Multiplicity= 1.15381E-01
 deuteron= 0.00000E+00    Multiplicity= 0.00000E+00
 triton  = 0.00000E+00    Multiplicity= 0.00000E+00
 helium-3= 0.00000E+00    Multiplicity= 0.00000E+00
 alpha   = 5.00547E+00    Multiplicity= 6.91916E-03

 4. Residual production cross sections

   a. Per isotope

   Z   A  nuclide    total     level   isomeric    isomeric    lifetime
                 cross section       cross section  ratio

   27  59 ( 59Co) 3.64647E-01    0    3.64647E-01  1.00000
   27  58 ( 58Co) 6.34676E+02    0    4.68371E+02  0.73797
                                 1    1.66305E+02  0.26203   3.27600E+04 sec. 
   26  58 ( 58Fe) 8.34904E+01    0    8.34904E+01  1.00000
   25  55 ( 55Mn) 5.00549E+00    0    5.00549E+00  1.00000

   b. Per mass

   A  cross section

   59 3.64647E-01
   58 7.18167E+02
   55 5.00549E+00

 Total residual production cross section:   723.5366821
 Non-elastic cross section              :   723.4218140

 ########## RESULTS FOR E=  10.00000 ##########

 Energy dependent input flags

 Width fluctuations (flagwidth)            : y
 Unresolved resonance parameters (flagurr) : n
 Preequilibrium (flagpreeq)                : y
 Multiple preequilibrium (flagmulpre)      : n
 Number of continuum excitation energy bins: 40

 ########### REACTION SUMMARY FOR E=  10.00000 ###########

 Center-of-mass energy:    9.828

 1. Total (binary) cross sections

   Reaction        = 8.65135E+02
     Compound elastic= 1.01596E+00
     Non-elastic     = 8.64119E+02
       Direct          = 4.41117E+01
       Pre-equilibrium = 5.18011E+01
       Giant resonance = 4.88472E+00
       Compound non-el = 7.63322E+02

 2. Binary non-elastic cross sections (non-exclusive)

 gamma   = 7.68515E-01
 neutron = 7.27398E+02
 proton  = 1.21362E+02
 deuteron= 2.39813E-03
 triton  = 1.95081E-16
 helium-3= 0.00000E+00
 alpha   = 1.45926E+01

 3. Total particle production cross sections

 gamma   = 1.31193E+03    Multiplicity= 1.51823E+00
 neutron = 7.27584E+02    Multiplicity= 8.41995E-01
 proton  = 1.21415E+02    Multiplicity= 1.40507E-01
 deuteron= 2.39813E-03    Multiplicity= 2.77523E-06
 triton  = 1.95081E-16    Multiplicity= 2.25758E-19
 helium-3= 0.00000E+00    Multiplicity= 0.00000E+00
 alpha   = 1.45928E+01    Multiplicity= 1.68875E-02

 4. Residual production cross sections

   a. Per isotope

   Z   A  nuclide    total     level   isomeric    isomeric    lifetime
                 cross section       cross section  ratio

   27  59 ( 59Co) 5.29827E-01    0    5.29827E-01  1.00000
   27  58 ( 58Co) 7.27770E+02    0    4.98139E+02  0.68447
                                 1    2.29631E+02  0.31553   3.27600E+04 sec. 
   26  58 ( 58Fe) 1.21520E+02    0    1.21520E+02  1.00000
   26  57 ( 57Fe) 2.39813E-03    0    2.39813E-03  1.00000
   25  55 ( 55Mn) 1.45937E+01    0    1.45937E+01  1.00000

   b. Per mass

   A  cross section

   59 5.29827E-01
   58 8.49291E+02
   57 2.39813E-03
   55 1.45937E+01

 Total residual production cross section:   864.4166870
 Non-elastic cross section              :   864.1190186

 ########## RESULTS FOR E=  12.00000 ##########

 Energy dependent input flags

 Width fluctuations (flagwidth)            : n
 Unresolved resonance parameters (flagurr) : n
 Preequilibrium (flagpreeq)                : y
 Multiple preequilibrium (flagmulpre)      : n
 Number of continuum excitation energy bins: 40

 ########### REACTION SUMMARY FOR E=  12.00000 ###########

 Center-of-mass energy:   11.794

 1. Total (binary) cross sections

   Reaction        = 9.64089E+02
     Compound elastic= 1.40911E-01
     Non-elastic     = 9.63948E+02
       Direct          = 5.08425E+01
       Pre-equilibrium = 9.73935E+01
       Giant resonance = 8.80264E+00
       Compound non-el = 8.06909E+02

 2. Binary non-elastic cross sections (non-exclusive)

 gamma   = 1.08667E+00
 neutron = 7.76362E+02
 proton  = 1.59719E+02
 deuteron= 5.70733E-01
 triton  = 6.84233E-04
 helium-3= 0.00000E+00
 alpha   = 2.62094E+01

 3. Total particle production cross sections

 gamma   = 1.61444E+03    Multiplicity= 1.67482E+00
 neutron = 7.87438E+02    Multiplicity= 8.16889E-01
 proton  = 1.68695E+02    Multiplicity= 1.75004E-01
 deuteron= 5.70734E-01    Multiplicity= 5.92079E-04
 triton  = 6.84233E-04    Multiplicity= 7.09824E-07
 helium-3= 0.00000E+00    Multiplicity= 0.00000E+00
 alpha   = 2.62104E+01    Multiplicity= 2.71907E-02

 4. Residual production cross sections

   a. Per isotope

   Z   A  nuclide    total     level   isomeric    isomeric    lifetime
                 cross section       cross section  ratio

   27  59 ( 59Co) 6.87252E-01    0    6.87252E-01  1.00000
   27  58 ( 58Co) 7.57421E+02    0    4.82792E+02  0.63742
                                 1    2.74629E+02  0.36258   3.27600E+04 sec. 
   26  58 ( 58Fe) 1.59915E+02    0    1.59915E+02  1.00000
   27  57 ( 57Co) 1.06567E+01    0    1.06567E+01  1.00000
   26  57 ( 57Fe) 9.56685E+00    0    9.56685E+00  1.00000
   25  55 ( 55Mn) 2.62158E+01    0    2.62158E+01  1.00000

   b. Per mass

   A  cross section

   59 6.87252E-01
   58 9.17336E+02
   57 2.02235E+01
   55 2.62158E+01

 Total residual production cross section:   964.4621582
 Non-elastic cross section              :   963.9480591

 ########## RESULTS FOR E=  14.00000 ##########

 Energy dependent input flags

 Width fluctuations (flagwidth)            : n
 Unresolved resonance parameters (flagurr) : n
 Preequilibrium (flagpreeq)                : y
 Multiple preequilibrium (flagmulpre)      : n
 Number of continuum excitation energy bins: 40

 ########### REACTION SUMMARY FOR E=  14.00000 ###########

 Center-of-mass energy:   13.759

 1. Total (binary) cross sections

   Reaction        = 1.02855E+03
     Compound elastic= 3.73045E-02
     Non-elastic     = 1.02851E+03
       Direct          = 5.42846E+01
       Pre-equilibrium = 1.51058E+02
       Giant resonance = 1.40145E+01
       Compound non-el = 8.09156E+02

 2. Binary non-elastic cross sections (non-exclusive)

 gamma   = 1.33734E+00
 neutron = 7.95068E+02
 proton  = 1.96462E+02
 deuteron= 2.69556E+00
 triton  = 4.48408E-02
 helium-3= 0.00000E+00
 alpha   = 3.29045E+01

 3. Total particle production cross sections

 gamma   = 1.04401E+03    Multiplicity= 1.01507E+00
 neutron = 1.13658E+03    Multiplicity= 1.10507E+00
 proton  = 2.51136E+02    Multiplicity= 2.44174E-01
 deuteron= 2.69557E+00    Multiplicity= 2.62084E-03
 triton  = 4.48408E-02    Multiplicity= 4.35977E-05
 helium-3= 0.00000E+00    Multiplicity= 0.00000E+00
 alpha   = 3.29071E+01    Multiplicity= 3.19949E-02

 4. Residual production cross sections

   a. Per isotope

   Z   A  nuclide    total     level   isomeric    isomeric    lifetime
                 cross section       cross section  ratio

   27  59 ( 59Co) 8.02286E-01    0    8.02286E-01  1.00000
   27  58 ( 58Co) 4.11775E+02    0    2.43584E+02  0.59155
                                 1    1.68191E+02  0.40845   3.27600E+04 sec. 
   26  58 ( 58Fe) 1.85372E+02    0    1.85372E+02  1.00000
   27  57 ( 57Co) 3.29544E+02    0    3.29544E+02  1.00000
   26  57 ( 57Fe) 6.88064E+01    0    6.88064E+01  1.00000
   26  56 ( 56Fe) 4.48404E-02    0    4.48404E-02  1.00000
   25  55 ( 55Mn) 3.29202E+01    0    3.29202E+01  1.00000

   b. Per mass

   A  cross section

   59 8.02286E-01
   58 5.97146E+02
   57 3.98351E+02
   56 4.48404E-02
   55 3.29202E+01

 Total residual production cross section:  1029.2645264
 Non-elastic cross section              :  1028.5126953

 ########## RESULTS FOR E=  16.00000 ##########

 Energy dependent input flags

 Width fluctuations (flagwidth)            : n
 Unresolved resonance parameters (flagurr) : n
 Preequilibrium (flagpreeq)                : y
 Multiple preequilibrium (flagmulpre)      : n
 Number of continuum excitation energy bins: 40

 ########### REACTION SUMMARY FOR E=  16.00000 ###########

 Center-of-mass energy:   15.724

 1. Total (binary) cross sections

   Reaction        = 1.07363E+03
     Compound elastic= 9.65062E-03
     Non-elastic     = 1.07362E+03
       Direct          = 5.44643E+01
       Pre-equilibrium = 2.12435E+02
       Giant resonance = 1.73052E+01
       Compound non-el = 7.89416E+02

 2. Binary non-elastic cross sections (non-exclusive)

 gamma   = 1.49026E+00
 neutron = 7.97000E+02
 proton  = 2.31450E+02
 deuteron= 7.04046E+00
 triton  = 1.28685E-01
 helium-3= 4.27487E-10
 alpha   = 3.65106E+01

 3. Total particle production cross sections

 gamma   = 7.45340E+02    Multiplicity= 6.94231E-01
 neutron = 1.37697E+03    Multiplicity= 1.28255E+00
 proton  = 3.14031E+02    Multiplicity= 2.92497E-01
 deuteron= 7.04051E+00    Multiplicity= 6.55773E-03
 triton  = 1.28685E-01    Multiplicity= 1.19861E-04
 helium-3= 4.27487E-10    Multiplicity= 3.98174E-13
 alpha   = 3.65507E+01    Multiplicity= 3.40444E-02

 4. Residual production cross sections

   a. Per isotope

   Z   A  nuclide    total     level   isomeric    isomeric    lifetime
                 cross section       cross section  ratio

   27  59 ( 59Co) 8.53807E-01    0    8.53807E-01  1.00000
   27  58 ( 58Co) 1.95095E+02    0    1.09864E+02  0.56313
                                 1    8.52310E+01  0.43687   3.27600E+04 sec. 
   26  58 ( 58Fe) 1.73268E+02    0    1.73268E+02  1.00000
   27  57 ( 57Co) 5.20478E+02    0    5.20478E+02  1.00000
   26  57 ( 57Fe) 1.48216E+02    0    1.48216E+02  1.00000
   26  56 ( 56Fe) 1.28687E-01    0    1.28687E-01  1.00000
   25  55 ( 55Mn) 3.62382E+01    0    3.62382E+01  1.00000
   25  54 ( 54Mn) 2.54422E-01    0    2.54422E-01  1.00000
   24  54 ( 54Cr) 8.17827E-02    0    8.17827E-02  1.00000

   b. Per mass

   A  cross section

   59 8.53807E-01
   58 3.68363E+02
   57 6.68694E+02
   56 1.28687E-01
   55 3.62382E+01
   54 3.36205E-01

 Total residual production cross section:  1074.6143799
 Non-elastic cross section              :  1073.6203613

 ########## RESULTS FOR E=  18.00000 ##########

 Energy dependent input flags

 Width fluctuations (flagwidth)            : n
 Unresolved resonance parameters (flagurr) : n
 Preequilibrium (flagpreeq)                : y
 Multiple preequilibrium (flagmulpre)      : n
 Number of continuum excitation energy bins: 40

 ########### REACTION SUMMARY FOR E=  18.00000 ###########

 Center-of-mass energy:   17.690

 1. Total (binary) cross sections

   Reaction        = 1.10045E+03
     Compound elastic= 2.44571E-03
     Non-elastic     = 1.10045E+03
       Direct          = 5.32457E+01
       Pre-equilibrium = 2.76864E+02
       Giant resonance = 1.90658E+01
       Compound non-el = 7.51272E+02

 2. Binary non-elastic cross sections (non-exclusive)

 gamma   = 1.56563E+00
 neutron = 7.82601E+02
 proton  = 2.64100E+02
 deuteron= 1.31966E+01
 triton  = 2.61728E-01
 helium-3= 1.54956E-05
 alpha   = 3.87221E+01

 3. Total particle production cross sections

 gamma   = 8.87370E+02    Multiplicity= 8.06372E-01
 neutron = 1.47329E+03    Multiplicity= 1.33881E+00
 proton  = 3.63361E+02    Multiplicity= 3.30194E-01
 deuteron= 1.31969E+01    Multiplicity= 1.19923E-02
 triton  = 2.61731E-01    Multiplicity= 2.37841E-04
 helium-3= 1.54956E-05    Multiplicity= 1.40812E-08
 alpha   = 4.00091E+01    Multiplicity= 3.63571E-02

 4. Residual production cross sections

   a. Per isotope

   Z   A  nuclide    total     level   isomeric    isomeric    lifetime
                 cross section       cross section  ratio

   27  59 ( 59Co) 8.34512E-01    0    8.34512E-01  1.00000
   27  58 ( 58Co) 1.08200E+02    0    6.01537E+01  0.55595
                                 1    4.80464E+01  0.44405   3.27600E+04 sec. 
   26  58 ( 58Fe) 1.56782E+02    0    1.56782E+02  1.00000
   27  57 ( 57Co) 5.75627E+02    0    5.75627E+02  1.00000
   26  57 ( 57Fe) 2.19907E+02    0    2.19907E+02  1.00000
   25  57 ( 57Mn) 1.07617E-02    0    1.07617E-02  1.00000
   26  56 ( 56Fe) 2.63051E-01    0    2.63051E-01  1.00000
   25  55 ( 55Mn) 3.18083E+01    0    3.18083E+01  1.00000
   25  54 ( 54Mn) 7.74492E+00    0    7.74492E+00  1.00000
   24  54 ( 54Cr) 4.89193E-01    0    4.89193E-01  1.00000

   b. Per mass

   A  cross section

   59 8.34512E-01
   58 2.64983E+02
   57 7.95545E+02
   56 2.63051E-01
   55 3.18083E+01
   54 8.23411E+00

 Total residual production cross section:  1101.6669922
 Non-elastic cross section              :  1100.4475098

 ########## RESULTS FOR E=  20.00000 ##########

 Energy dependent input flags

 Width fluctuations (flagwidth)            : n
 Unresolved resonance parameters (flagurr) : n
 Preequilibrium (flagpreeq)                : y
 Multiple preequilibrium (flagmulpre)      : y
 Number of continuum excitation energy bins: 40

 ########### REACTION SUMMARY FOR E=  20.00000 ###########

 Center-of-mass energy:   19.655

 1. Total (binary) cross sections

   Reaction        = 1.11516E+03
     Compound elastic= 6.23504E-04
     Non-elastic     = 1.11516E+03
       Direct          = 5.14191E+01
       Pre-equilibrium = 3.41141E+02
       Giant resonance = 2.03594E+01
       Compound non-el = 7.02240E+02

 2. Binary non-elastic cross sections (non-exclusive)

 gamma   = 1.58453E+00
 neutron = 7.57144E+02
 proton  = 2.95142E+02
 deuteron= 1.99010E+01
 triton  = 4.82945E-01
 helium-3= 3.16277E-03
 alpha   = 4.09015E+01

 3. Total particle production cross sections

 gamma   = 1.12694E+03    Multiplicity= 1.01056E+00
 neutron = 1.49481E+03    Multiplicity= 1.34044E+00
 proton  = 4.08767E+02    Multiplicity= 3.66554E-01
 deuteron= 1.99436E+01    Multiplicity= 1.78841E-02
 triton  = 4.82953E-01    Multiplicity= 4.33079E-04
 helium-3= 3.16277E-03    Multiplicity= 2.83616E-06
 alpha   = 4.77128E+01    Multiplicity= 4.27857E-02

 4. Residual production cross sections

   a. Per isotope

   Z   A  nuclide    total     level   isomeric    isomeric    lifetime
                 cross section       cross section  ratio

   27  59 ( 59Co) 7.24123E-01    0    7.24123E-01  1.00000
   27  58 ( 58Co) 7.42853E+01    0    4.16107E+01  0.56015
                                 1    3.26747E+01  0.43985   3.27600E+04 sec. 
   26  58 ( 58Fe) 1.45191E+02    0    1.45191E+02  1.00000
   27  57 ( 57Co) 5.64655E+02    0    5.64655E+02  1.00000
   26  57 ( 57Fe) 2.82508E+02    0    2.82508E+02  1.00000
   25  57 ( 57Mn) 1.59287E-01    0    1.59287E-01  1.00000
   26  56 ( 56Fe) 1.27962E+00    0    1.27962E+00  1.00000
   25  56 ( 56Mn) 3.18143E-03    0    3.18143E-03  1.00000
   25  55 ( 55Mn) 1.93271E+01    0    1.93271E+01  1.00000
   25  54 ( 54Mn) 2.77634E+01    0    2.77634E+01  1.00000
   24  54 ( 54Cr) 6.63044E-01    0    6.63044E-01  1.00000

   b. Per mass

   A  cross section

   59 7.24123E-01
   58 2.19476E+02
   57 8.47321E+02
   56 1.28280E+00
   55 1.93271E+01
   54 2.84264E+01

 Total residual production cross section:  1116.5584717
 Non-elastic cross section              :  1115.1594238

 ########## RESULTS FOR E=  25.00000 ##########

 Energy dependent input flags

 Width fluctuations (flagwidth)            : n
 Unresolved resonance parameters (flagurr) : n
 Preequilibrium (flagpreeq)                : y
 Multiple preequilibrium (flagmulpre)      : y
 Number of continuum excitation energy bins: 40

 ########### REACTION SUMMARY FOR E=  25.00000 ###########

 Center-of-mass energy:   24.567

 1. Total (binary) cross sections

   Reaction        = 1.13501E+03
     Compound elastic= 2.44609E-05
     Non-elastic     = 1.13501E+03
       Direct          = 4.80147E+01
       Pre-equilibrium = 4.88897E+02
       Giant resonance = 2.42474E+01
       Compound non-el = 5.73851E+02

 2. Binary non-elastic cross sections (non-exclusive)

 gamma   = 1.53808E+00
 neutron = 6.84140E+02
 proton  = 3.63451E+02
 deuteron= 3.60514E+01
 triton  = 1.66288E+00
 helium-3= 9.45482E-01
 alpha   = 4.72207E+01

 3. Total particle production cross sections

 gamma   = 1.33435E+03    Multiplicity= 1.17563E+00
 neutron = 1.49451E+03    Multiplicity= 1.31674E+00
 proton  = 6.41665E+02    Multiplicity= 5.65339E-01
 deuteron= 3.68878E+01    Multiplicity= 3.25000E-02
 triton  = 1.66403E+00    Multiplicity= 1.46609E-03
 helium-3= 9.45482E-01    Multiplicity= 8.33017E-04
 alpha   = 6.96379E+01    Multiplicity= 6.13544E-02

 4. Residual production cross sections

   a. Per isotope

   Z   A  nuclide    total     level   isomeric    isomeric    lifetime
                 cross section       cross section  ratio

   27  59 ( 59Co) 4.22163E-01    0    4.22163E-01  1.00000
   27  58 ( 58Co) 4.83692E+01    0    2.73779E+01  0.56602
                                 1    2.09913E+01  0.43398   3.27600E+04 sec. 
   26  58 ( 58Fe) 1.27973E+02    0    1.27973E+02  1.00000
   27  57 ( 57Co) 3.35122E+02    0    3.35122E+02  1.00000
   26  57 ( 57Fe) 3.53129E+02    0    3.53129E+02  1.00000
   25  57 ( 57Mn) 2.43687E+00    0    2.43687E+00  1.00000
   27  56 ( 56Co) 5.17529E+00    0    5.17529E+00  1.00000
   26  56 ( 56Fe) 1.93473E+02    0    1.93473E+02  1.00000
   25  56 ( 56Mn) 9.55100E-01    0    9.55100E-01  1.00000
   26  55 ( 55Fe) 4.46647E-02    0    4.46647E-02  1.00000
   25  55 ( 55Mn) 6.62459E+00    0    6.62459E+00  1.00000
   25  54 ( 54Mn) 6.11737E+01    0    6.11737E+01  1.00000
   24  54 ( 54Cr) 1.69686E+00    0    1.69686E+00  1.00000
   25  53 ( 53Mn) 2.20708E-02    0    2.20708E-02  1.00000
   23  51 ( 51V ) 8.69965E-02    0    8.69965E-02  1.00000

   b. Per mass

   A  cross section

   59 4.22163E-01
   58 1.76342E+02
   57 6.90688E+02
   56 1.99604E+02
   55 6.66925E+00
   54 6.28705E+01
   53 2.20708E-02
   51 8.69965E-02

 Total residual production cross section:  1136.7045898
 Non-elastic cross section              :  1135.0100098

 ########## RESULTS FOR E=  30.00000 ##########

 Energy dependent input flags

 Width fluctuations (flagwidth)            : n
 Unresolved resonance parameters (flagurr) : n
 Preequilibrium (flagpreeq)                : y
 Multiple preequilibrium (flagmulpre)      : y
 Number of continuum excitation energy bins: 40

 ########### REACTION SUMMARY FOR E=  30.00000 ###########

 Center-of-mass energy:   29.479

 1. Total (binary) cross sections

   Reaction        = 1.12611E+03
     Compound elastic= 1.28298E-06
     Non-elastic     = 1.12611E+03
       Direct          = 4.49165E+01
       Pre-equilibrium = 6.05286E+02
       Giant resonance = 2.78158E+01
       Compound non-el = 4.48091E+02

 2. Binary non-elastic cross sections (non-exclusive)

 gamma   = 1.42221E+00
 neutron = 6.05291E+02
 proton  = 4.14229E+02
 deuteron= 4.88063E+01
 triton  = 3.26400E+00
 helium-3= 4.34752E+00
 alpha   = 4.87499E+01

 3. Total particle production cross sections

 gamma   = 1.18299E+03    Multiplicity= 1.05051E+00
 neutron = 1.64309E+03    Multiplicity= 1.45908E+00
 proton  = 7.51216E+02    Multiplicity= 6.67090E-01
 deuteron= 5.04359E+01    Multiplicity= 4.47877E-02
 triton  = 3.31131E+00    Multiplicity= 2.94048E-03
 helium-3= 4.34876E+00    Multiplicity= 3.86175E-03
 alpha   = 7.45048E+01    Multiplicity= 6.61612E-02

 4. Residual production cross sections

   a. Per isotope

   Z   A  nuclide    total     level   isomeric    isomeric    lifetime
                 cross section       cross section  ratio

   27  59 ( 59Co) 2.61047E-01    0    2.61047E-01  1.00000
   27  58 ( 58Co) 3.64050E+01    0    2.05714E+01  0.56507
                                 1    1.58336E+01  0.43493   3.27600E+04 sec. 
   26  58 ( 58Fe) 1.11218E+02    0    1.11218E+02  1.00000
   27  57 ( 57Co) 1.39234E+02    0    1.39234E+02  1.00000
   26  57 ( 57Fe) 2.86897E+02    0    2.86897E+02  1.00000
   25  57 ( 57Mn) 7.29163E+00    0    7.29163E+00  1.00000
   27  56 ( 56Co) 7.93632E+01    0    7.93632E+01  1.00000
   26  56 ( 56Fe) 3.85554E+02    0    3.85554E+02  1.00000
   25  56 ( 56Mn) 5.57880E+00    0    5.57880E+00  1.00000
   26  55 ( 55Fe) 1.22191E+00    0    1.22191E+00  1.00000
   25  55 ( 55Mn) 3.91499E+00    0    3.91499E+00  1.00000
   25  54 ( 54Mn) 5.16936E+01    0    5.16936E+01  1.00000
   24  54 ( 54Cr) 2.61102E+00    0    2.61102E+00  1.00000
   25  53 ( 53Mn) 1.59675E+01    0    1.59675E+01  1.00000
   24  53 ( 53Cr) 4.44175E-01    0    4.44175E-01  1.00000
   24  52 ( 52Cr) 1.23804E-03    0    1.23804E-03  1.00000
   23  51 ( 51V ) 2.35925E-01    0    2.35925E-01  1.00000

   b. Per mass

   A  cross section

   59 2.61047E-01
   58 1.47623E+02
   57 4.33422E+02
   56 4.70496E+02
   55 5.13690E+00
   54 5.43047E+01
   53 1.64116E+01
   52 1.23804E-03
   51 2.35925E-01

 Total residual production cross section:  1127.8927002
 Non-elastic cross section              :  1126.1099854

 ########## RESULTS FOR E=  35.00000 ##########

 Energy dependent input flags

 Width fluctuations (flagwidth)            : n
 Unresolved resonance parameters (flagurr) : n
 Preequilibrium (flagpreeq)                : y
 Multiple preequilibrium (flagmulpre)      : y
 Number of continuum excitation energy bins: 40

 ########### REACTION SUMMARY FOR E=  35.00000 ###########

 Center-of-mass energy:   34.391

 1. Total (binary) cross sections

   Reaction        = 1.10205E+03
     Compound elastic= 1.69042E-07
     Non-elastic     = 1.10205E+03
       Direct          = 4.20228E+01
       Pre-equilibrium = 6.87545E+02
       Giant resonance = 3.09759E+01
       Compound non-el = 3.41506E+02

 2. Binary non-elastic cross sections (non-exclusive)

 gamma   = 1.29702E+00
 neutron = 5.34576E+02
 proton  = 4.48707E+02
 deuteron= 5.80314E+01
 triton  = 4.84766E+00
 helium-3= 8.41142E+00
 alpha   = 4.61793E+01

 3. Total particle production cross sections

 gamma   = 1.35266E+03    Multiplicity= 1.22740E+00
 neutron = 1.66705E+03    Multiplicity= 1.51268E+00
 proton  = 7.89046E+02    Multiplicity= 7.15980E-01
 deuteron= 5.99472E+01    Multiplicity= 5.43961E-02
 triton  = 4.93998E+00    Multiplicity= 4.48254E-03
 helium-3= 8.41975E+00    Multiplicity= 7.64008E-03
 alpha   = 7.67498E+01    Multiplicity= 6.96428E-02

 4. Residual production cross sections

   a. Per isotope

   Z   A  nuclide    total     level   isomeric    isomeric    lifetime
                 cross section       cross section  ratio

   27  59 ( 59Co) 1.82663E-01    0    1.82663E-01  1.00000
   27  58 ( 58Co) 2.80780E+01    0    1.59292E+01  0.56732
                                 1    1.21487E+01  0.43268   3.27600E+04 sec. 
   26  58 ( 58Fe) 1.01516E+02    0    1.01516E+02  1.00000
   27  57 ( 57Co) 8.41752E+01    0    8.41752E+01  1.00000
   26  57 ( 57Fe) 2.48528E+02    0    2.48528E+02  1.00000
   25  57 ( 57Mn) 1.13170E+01    0    1.13170E+01  1.00000
   27  56 ( 56Co) 8.28968E+01    0    8.28968E+01  1.00000
   26  56 ( 56Fe) 4.35828E+02    0    4.35828E+02  1.00000
   25  56 ( 56Mn) 1.79391E+01    0    1.79391E+01  1.00000
   27  55 ( 55Co) 2.63940E-02    0    2.63940E-02  1.00000
   26  55 ( 55Fe) 1.21992E+01    0    1.21992E+01  1.00000
   25  55 ( 55Mn) 6.50746E+00    0    6.50746E+00  1.00000
   24  55 ( 55Cr) 1.51367E-03    0    1.51367E-03  1.00000
   26  54 ( 54Fe) 5.29775E-03    0    5.29775E-03  1.00000
   25  54 ( 54Mn) 2.36201E+01    0    2.36201E+01  1.00000
   24  54 ( 54Cr) 1.88894E+00    0    1.88894E+00  1.00000
   25  53 ( 53Mn) 4.45239E+01    0    4.45239E+01  1.00000
   24  53 ( 53Cr) 4.18059E+00    0    4.18059E+00  1.00000
   24  52 ( 52Cr) 3.32633E-02    0    3.32633E-02  1.00000
   23  51 ( 51V ) 2.88061E-01    0    2.88061E-01  1.00000
   23  50 ( 50V ) 3.19880E-02    0    3.19880E-02  1.00000
   22  50 ( 50Ti) 5.37905E-03    0    5.37905E-03  1.00000

   b. Per mass

   A  cross section

   59 1.82663E-01
   58 1.29594E+02
   57 3.44020E+02
   56 5.36664E+02
   55 1.87345E+01
   54 2.55143E+01
   53 4.87045E+01
   52 3.32633E-02
   51 2.88061E-01
   50 3.73670E-02

 Total residual production cross section:  1103.7731934
 Non-elastic cross section              :  1102.0500488

 ########## RESULTS FOR E=  40.00000 ##########

 Energy dependent input flags

 Width fluctuations (flagwidth)            : n
 Unresolved resonance parameters (flagurr) : n
 Preequilibrium (flagpreeq)                : y
 Multiple preequilibrium (flagmulpre)      : y
 Number of continuum excitation energy bins: 40

 ########### REACTION SUMMARY FOR E=  40.00000 ###########

 Center-of-mass energy:   39.302

 1. Total (binary) cross sections

   Reaction        = 1.07380E+03
     Compound elastic= 1.04771E-07
     Non-elastic     = 1.07380E+03
       Direct          = 3.96519E+01
       Pre-equilibrium = 7.43788E+02
       Giant resonance = 3.38781E+01
       Compound non-el = 2.56482E+02

 2. Binary non-elastic cross sections (non-exclusive)

 gamma   = 1.18897E+00
 neutron = 4.75313E+02
 proton  = 4.71936E+02
 deuteron= 6.52427E+01
 triton  = 6.23542E+00
 helium-3= 1.22726E+01
 alpha   = 4.16111E+01

 3. Total particle production cross sections

 gamma   = 1.33812E+03    Multiplicity= 1.24615E+00
 neutron = 1.69321E+03    Multiplicity= 1.57684E+00
 proton  = 8.39078E+02    Multiplicity= 7.81410E-01
 deuteron= 6.79121E+01    Multiplicity= 6.32446E-02
 triton  = 6.36535E+00    Multiplicity= 5.92787E-03
 helium-3= 1.22887E+01    Multiplicity= 1.14442E-02
 alpha   = 7.52635E+01    Multiplicity= 7.00908E-02

 4. Residual production cross sections

   a. Per isotope

   Z   A  nuclide    total     level   isomeric    isomeric    lifetime
                 cross section       cross section  ratio

   27  59 ( 59Co) 1.29519E-01    0    1.29519E-01  1.00000
   27  58 ( 58Co) 2.11564E+01    0    1.20573E+01  0.56991
                                 1    9.09912E+00  0.43009   3.27600E+04 sec. 
   26  58 ( 58Fe) 9.16475E+01    0    9.16475E+01  1.00000
   27  57 ( 57Co) 6.42913E+01    0    6.42913E+01  1.00000
   26  57 ( 57Fe) 2.23825E+02    0    2.23825E+02  1.00000
   25  57 ( 57Mn) 1.43800E+01    0    1.43800E+01  1.00000
   27  56 ( 56Co) 4.87247E+01    0    4.87247E+01  1.00000
   26  56 ( 56Fe) 3.90870E+02    0    3.90870E+02  1.00000
   25  56 ( 56Mn) 2.90754E+01    0    2.90754E+01  1.00000
   24  56 ( 56Cr) 6.35100E-03    0    6.35100E-03  1.00000
   27  55 ( 55Co) 2.44784E+00    0    2.44784E+00  1.00000
   26  55 ( 55Fe) 9.41703E+01    0    9.41703E+01  1.00000
   25  55 ( 55Mn) 2.03224E+01    0    2.03224E+01  1.00000
   24  55 ( 55Cr) 2.13298E-02    0    2.13298E-02  1.00000
   26  54 ( 54Fe) 3.95004E-01    0    3.95004E-01  1.00000
   25  54 ( 54Mn) 1.32894E+01    0    1.32894E+01  1.00000
   24  54 ( 54Cr) 1.28117E+00    0    1.28117E+00  1.00000
   25  53 ( 53Mn) 4.79131E+01    0    4.79131E+01  1.00000
   24  53 ( 53Cr) 7.99083E+00    0    7.99083E+00  1.00000
   23  53 ( 53V ) 7.55966E-03    0    7.55966E-03  1.00000
   25  52 ( 52Mn) 1.13648E-01    0    1.00212E-01  0.88178
                                 1    1.34355E-02  0.11822   1.26600E+03 sec. 
   24  52 ( 52Cr) 2.82536E+00    0    2.82536E+00  1.00000
   23  52 ( 52V ) 2.43087E-03    0    2.43087E-03  1.00000
   23  51 ( 51V ) 1.85502E-01    0    1.85502E-01  1.00000
   23  50 ( 50V ) 3.38024E-01    0    3.38024E-01  1.00000
   22  50 ( 50Ti) 1.45920E-02    0    1.45920E-02  1.00000

   b. Per mass

   A  cross section

   59 1.29519E-01
   58 1.12804E+02
   57 3.02497E+02
   56 4.68676E+02
   55 1.16962E+02
   54 1.49655E+01
   53 5.59115E+01
   52 2.94144E+00
   51 1.85502E-01
   50 3.52616E-01

 Total residual production cross section:  1075.4246826
 Non-elastic cross section              :  1073.8000488

 ########## RESULTS FOR E=  45.00000 ##########

 Energy dependent input flags

 Width fluctuations (flagwidth)            : n
 Unresolved resonance parameters (flagurr) : n
 Preequilibrium (flagpreeq)                : y
 Multiple preequilibrium (flagmulpre)      : y
 Number of continuum excitation energy bins: 40

 ########### REACTION SUMMARY FOR E=  45.00000 ###########

 Center-of-mass energy:   44.213

 1. Total (binary) cross sections

   Reaction        = 1.04310E+03
     Compound elastic= 1.00380E-07
     Non-elastic     = 1.04310E+03
       Direct          = 3.73385E+01
       Pre-equilibrium = 7.77716E+02
       Giant resonance = 3.59229E+01
       Compound non-el = 1.92122E+02

 2. Binary non-elastic cross sections (non-exclusive)

 gamma   = 1.10653E+00
 neutron = 4.27674E+02
 proton  = 4.84282E+02
 deuteron= 7.03987E+01
 triton  = 7.36440E+00
 helium-3= 1.57067E+01
 alpha   = 3.65674E+01

 3. Total particle production cross sections

 gamma   = 1.24569E+03    Multiplicity= 1.19422E+00
 neutron = 1.73455E+03    Multiplicity= 1.66288E+00
 proton  = 8.82263E+02    Multiplicity= 8.45809E-01
 deuteron= 7.39844E+01    Multiplicity= 7.09275E-02
 triton  = 7.56789E+00    Multiplicity= 7.25519E-03
 helium-3= 1.57358E+01    Multiplicity= 1.50856E-02
 alpha   = 6.98298E+01    Multiplicity= 6.69445E-02

 4. Residual production cross sections

   a. Per isotope

   Z   A  nuclide    total     level   isomeric    isomeric    lifetime
                 cross section       cross section  ratio

   27  59 ( 59Co) 9.81847E-02    0    9.81847E-02  1.00000
   27  58 ( 58Co) 1.68046E+01    0    9.61554E+00  0.57220
                                 1    7.18910E+00  0.42780   3.27600E+04 sec. 
   26  58 ( 58Fe) 8.06187E+01    0    8.06187E+01  1.00000
   27  57 ( 57Co) 5.16238E+01    0    5.16238E+01  1.00000
   26  57 ( 57Fe) 2.05115E+02    0    2.05115E+02  1.00000
   25  57 ( 57Mn) 1.64635E+01    0    1.64635E+01  1.00000
   27  56 ( 56Co) 2.62657E+01    0    2.62657E+01  1.00000
   26  56 ( 56Fe) 3.16942E+02    0    3.16942E+02  1.00000
   25  56 ( 56Mn) 3.21386E+01    0    3.21386E+01  1.00000
   24  56 ( 56Cr) 3.23788E-02    0    3.23788E-02  1.00000
   27  55 ( 55Co) 5.32555E+00    0    5.32555E+00  1.00000
   26  55 ( 55Fe) 1.71962E+02    0    1.71962E+02  1.00000
   25  55 ( 55Mn) 4.78313E+01    0    4.78313E+01  1.00000
   24  55 ( 55Cr) 7.78359E-02    0    7.78359E-02  1.00000
   26  54 ( 54Fe) 1.82665E+00    0    1.82665E+00  1.00000
   25  54 ( 54Mn) 1.17860E+01    0    1.17860E+01  1.00000
   24  54 ( 54Cr) 9.87966E-01    0    9.87966E-01  1.00000
   25  53 ( 53Mn) 3.26463E+01    0    3.26463E+01  1.00000
   24  53 ( 53Cr) 7.56602E+00    0    7.56602E+00  1.00000
   23  53 ( 53V ) 2.95247E-02    0    2.95247E-02  1.00000
   25  52 ( 52Mn) 4.42810E+00    0    3.22269E+00  0.72778
                                 1    1.20540E+00  0.27222   1.26600E+03 sec. 
   24  52 ( 52Cr) 1.31023E+01    0    1.31023E+01  1.00000
   23  52 ( 52V ) 1.75050E-02    0    1.75050E-02  1.00000
   24  51 ( 51Cr) 2.00629E-02    0    2.00629E-02  1.00000
   23  51 ( 51V ) 1.00660E-01    0    1.00660E-01  1.00000
   23  50 ( 50V ) 7.18515E-01    0    7.18515E-01  1.00000
   22  50 ( 50Ti) 1.66973E-02    0    1.66973E-02  1.00000
   23  49 ( 49V ) 3.12725E-02    0    3.12725E-02  1.00000

   b. Per mass

   A  cross section

   59 9.81847E-02
   58 9.74234E+01
   57 2.73202E+02
   56 3.75378E+02
   55 2.25197E+02
   54 1.46006E+01
   53 4.02419E+01
   52 1.75479E+01
   51 1.20723E-01
   50 7.35212E-01
   49 3.12725E-02

 Total residual production cross section:  1044.5765381
 Non-elastic cross section              :  1043.0999756

 ########## RESULTS FOR E=  50.00000 ##########

 Energy dependent input flags

 Width fluctuations (flagwidth)            : n
 Unresolved resonance parameters (flagurr) : n
 Preequilibrium (flagpreeq)                : y
 Multiple preequilibrium (flagmulpre)      : y
 Number of continuum excitation energy bins: 40

 ########### REACTION SUMMARY FOR E=  50.00000 ###########

 Center-of-mass energy:   49.124

 1. Total (binary) cross sections

   Reaction        = 1.01251E+03
     Compound elastic= 1.00033E-07
     Non-elastic     = 1.01251E+03
       Direct          = 3.53886E+01
       Pre-equilibrium = 8.00171E+02
       Giant resonance = 3.67556E+01
       Compound non-el = 1.40195E+02

 2. Binary non-elastic cross sections (non-exclusive)

 gamma   = 1.03691E+00
 neutron = 3.88062E+02
 proton  = 4.91391E+02
 deuteron= 7.39069E+01
 triton  = 8.22744E+00
 helium-3= 1.84273E+01
 alpha   = 3.14583E+01

 3. Total particle production cross sections

 gamma   = 1.20068E+03    Multiplicity= 1.18585E+00
 neutron = 1.75468E+03    Multiplicity= 1.73300E+00
 proton  = 9.06930E+02    Multiplicity= 8.95725E-01
 deuteron= 7.83118E+01    Multiplicity= 7.73443E-02
 triton  = 8.53076E+00    Multiplicity= 8.42535E-03
 helium-3= 1.84766E+01    Multiplicity= 1.82483E-02
 alpha   = 6.39978E+01    Multiplicity= 6.32071E-02

 4. Residual production cross sections

   a. Per isotope

   Z   A  nuclide    total     level   isomeric    isomeric    lifetime
                 cross section       cross section  ratio

   27  59 ( 59Co) 8.37303E-02    0    8.37303E-02  1.00000
   27  58 ( 58Co) 1.38499E+01    0    7.94036E+00  0.57331
                                 1    5.90958E+00  0.42669   3.27600E+04 sec. 
   26  58 ( 58Fe) 7.18007E+01    0    7.18007E+01  1.00000
   27  57 ( 57Co) 4.29761E+01    0    4.29761E+01  1.00000
   26  57 ( 57Fe) 1.88314E+02    0    1.88314E+02  1.00000
   25  57 ( 57Mn) 1.72767E+01    0    1.72767E+01  1.00000
   27  56 ( 56Co) 1.74853E+01    0    1.74853E+01  1.00000
   26  56 ( 56Fe) 2.73864E+02    0    2.73864E+02  1.00000
   25  56 ( 56Mn) 3.16197E+01    0    3.16197E+01  1.00000
   24  56 ( 56Cr) 7.19444E-02    0    7.19444E-02  1.00000
   27  55 ( 55Co) 5.35130E+00    0    5.35130E+00  1.00000
   26  55 ( 55Fe) 1.89588E+02    0    1.89588E+02  1.00000
   25  55 ( 55Mn) 7.22304E+01    0    7.22304E+01  1.00000
   24  55 ( 55Cr) 2.31224E-01    0    2.31224E-01  1.00000
   26  54 ( 54Fe) 1.31752E+01    0    1.31752E+01  1.00000
   25  54 ( 54Mn) 1.92480E+01    0    1.92480E+01  1.00000
   24  54 ( 54Cr) 9.92415E-01    0    9.92415E-01  1.00000
   25  53 ( 53Mn) 1.90749E+01    0    1.90749E+01  1.00000
   24  53 ( 53Cr) 5.38620E+00    0    5.38620E+00  1.00000
   23  53 ( 53V ) 4.47844E-02    0    4.47844E-02  1.00000
   25  52 ( 52Mn) 1.10253E+01    0    7.46837E+00  0.67738
                                 1    3.55697E+00  0.32262   1.26600E+03 sec. 
   24  52 ( 52Cr) 1.85830E+01    0    1.85830E+01  1.00000
   23  52 ( 52V ) 9.73791E-02    0    9.73791E-02  1.00000
   24  51 ( 51Cr) 1.97921E-01    0    1.97921E-01  1.00000
   23  51 ( 51V ) 8.77968E-02    0    8.77968E-02  1.00000
   23  50 ( 50V ) 7.14686E-01    0    7.14686E-01  1.00000
   22  50 ( 50Ti) 1.66623E-02    0    1.66623E-02  1.00000
   23  49 ( 49V ) 4.45281E-01    0    4.45281E-01  1.00000
   22  49 ( 49Ti) 9.27524E-03    0    9.27524E-03  1.00000

   b. Per mass

   A  cross section

   59 8.37303E-02
   58 8.56506E+01
   57 2.48567E+02
   56 3.23041E+02
   55 2.67401E+02
   54 3.34157E+01
   53 2.45059E+01
   52 2.97057E+01
   51 2.85718E-01
   50 7.31348E-01
   49 4.54556E-01

 Total residual production cross section:  1013.8409424
 Non-elastic cross section              :  1012.5100098

 ########## RESULTS FOR E=  60.00000 ##########

 Energy dependent input flags

 Width fluctuations (flagwidth)            : n
 Unresolved resonance parameters (flagurr) : n
 Preequilibrium (flagpreeq)                : y
 Multiple preequilibrium (flagmulpre)      : y
 Number of continuum excitation energy bins: 40

 ########### REACTION SUMMARY FOR E=  60.00000 ###########

 Center-of-mass energy:   58.943

 1. Total (binary) cross sections

   Reaction        = 9.55634E+02
     Compound elastic= 1.00000E-07
     Non-elastic     = 9.55634E+02
       Direct          = 3.05234E+01
       Pre-equilibrium = 8.19699E+02
       Giant resonance = 3.49848E+01
       Compound non-el = 7.04267E+01

 2. Binary non-elastic cross sections (non-exclusive)

 gamma   = 9.35813E-01
 neutron = 3.30000E+02
 proton  = 4.92037E+02
 deuteron= 7.81197E+01
 triton  = 9.63818E+00
 helium-3= 2.17281E+01
 alpha   = 2.31747E+01

 3. Total particle production cross sections

 gamma   = 1.10047E+03    Multiplicity= 1.15156E+00
 neutron = 1.77503E+03    Multiplicity= 1.85744E+00
 proton  = 9.45488E+02    Multiplicity= 9.89383E-01
 deuteron= 8.41612E+01    Multiplicity= 8.80684E-02
 triton  = 1.01748E+01    Multiplicity= 1.06471E-02
 helium-3= 2.18234E+01    Multiplicity= 2.28366E-02
 alpha   = 5.41132E+01    Multiplicity= 5.66255E-02

 4. Residual production cross sections

   a. Per isotope

   Z   A  nuclide    total     level   isomeric    isomeric    lifetime
                 cross section       cross section  ratio

   27  59 ( 59Co) 6.48964E-02    0    6.48964E-02  1.00000
   27  58 ( 58Co) 9.88453E+00    0    5.65493E+00  0.57210
                                 1    4.22961E+00  0.42790   3.27600E+04 sec. 
   26  58 ( 58Fe) 6.17736E+01    0    6.17736E+01  1.00000
   27  57 ( 57Co) 3.08415E+01    0    3.08415E+01  1.00000
   26  57 ( 57Fe) 1.62524E+02    0    1.62524E+02  1.00000
   25  57 ( 57Mn) 1.85587E+01    0    1.85587E+01  1.00000
   27  56 ( 56Co) 1.11026E+01    0    1.11026E+01  1.00000
   26  56 ( 56Fe) 2.27154E+02    0    2.27154E+02  1.00000
   25  56 ( 56Mn) 3.29114E+01    0    3.29114E+01  1.00000
   24  56 ( 56Cr) 1.47469E-01    0    1.47469E-01  1.00000
   27  55 ( 55Co) 2.48212E+00    0    2.48212E+00  1.00000
   26  55 ( 55Fe) 1.45535E+02    0    1.45535E+02  1.00000
   25  55 ( 55Mn) 7.51356E+01    0    7.51356E+01  1.00000
   24  55 ( 55Cr) 6.72166E-01    0    6.72166E-01  1.00000
   27  54 ( 54Co) 5.76156E-02    0    2.36563E-02  0.41059
                                 1    3.39593E-02  0.58941   8.88000E+01 sec. 
   26  54 ( 54Fe) 5.12944E+01    0    5.12944E+01  1.00000
   25  54 ( 54Mn) 6.76691E+01    0    6.76691E+01  1.00000
   24  54 ( 54Cr) 1.93611E+00    0    1.93611E+00  1.00000
   26  53 ( 53Fe) 1.25780E-01    0    1.14938E-01  0.91380
                                22    1.08423E-02  0.08620   1.52400E+02 sec. 
   25  53 ( 53Mn) 1.68878E+01    0    1.68878E+01  1.00000
   24  53 ( 53Cr) 3.60464E+00    0    3.60464E+00  1.00000
   23  53 ( 53V ) 4.11643E-02    0    4.11643E-02  1.00000
   25  52 ( 52Mn) 8.40559E+00    0    5.51024E+00  0.65555
                                 1    2.89534E+00  0.34445   1.26600E+03 sec. 
   24  52 ( 52Cr) 1.59745E+01    0    1.59745E+01  1.00000
   23  52 ( 52V ) 3.42406E-01    0    3.42406E-01  1.00000
   25  51 ( 51Mn) 8.46963E-01    0    8.46963E-01  1.00000
   24  51 ( 51Cr) 8.24674E+00    0    8.24674E+00  1.00000
   23  51 ( 51V ) 6.03545E-01    0    6.03545E-01  1.00000
   24  50 ( 50Cr) 8.26955E-02    0    8.26955E-02  1.00000
   23  50 ( 50V ) 3.28725E-01    0    3.28725E-01  1.00000
   22  50 ( 50Ti) 9.52244E-03    0    9.52244E-03  1.00000
   23  49 ( 49V ) 1.23213E+00    0    1.23213E+00  1.00000
   22  49 ( 49Ti) 9.94054E-02    0    9.94054E-02  1.00000
   23  48 ( 48V ) 5.38513E-02    0    5.38513E-02  1.00000
   22  48 ( 48Ti) 7.57525E-02    0    7.57525E-02  1.00000
   21  47 ( 47Sc) 9.07870E-04    0    9.07870E-04  1.00000
   21  46 ( 46Sc) 2.27997E-03    0    1.89294E-03  0.83025
                                 2    3.87025E-04  0.16975   1.87500E+01 sec. 

   b. Per mass

   A  cross section

   59 6.48964E-02
   58 7.16581E+01
   57 2.11924E+02
   56 2.71316E+02
   55 2.23825E+02
   54 1.20957E+02
   53 2.06594E+01
   52 2.47225E+01
   51 9.69725E+00
   50 4.20943E-01
   49 1.33154E+00
   48 1.29604E-01
   47 9.07870E-04
   46 2.27997E-03

 Total residual production cross section:   956.7096558
 Non-elastic cross section              :   955.6339722

 ########## RESULTS FOR E=  70.00000 ##########

 Energy dependent input flags

 Width fluctuations (flagwidth)            : n
 Unresolved resonance parameters (flagurr) : n
 Preequilibrium (flagpreeq)                : y
 Multiple preequilibrium (flagmulpre)      : y
 Number of continuum excitation energy bins: 40

 ########### REACTION SUMMARY FOR E=  70.00000 ###########

 Center-of-mass energy:   68.761

 1. Total (binary) cross sections

   Reaction        = 9.06345E+02
     Compound elastic= 1.00000E-07
     Non-elastic     = 9.06345E+02
       Direct          = 2.58421E+01
       Pre-equilibrium = 8.24851E+02
       Giant resonance = 3.10933E+01
       Compound non-el = 2.45583E+01

 2. Binary non-elastic cross sections (non-exclusive)

 gamma   = 8.61011E-01
 neutron = 2.89194E+02
 proton  = 4.83461E+02
 deuteron= 8.09333E+01
 triton  = 1.09332E+01
 helium-3= 2.38142E+01
 alpha   = 1.71483E+01

 3. Total particle production cross sections

 gamma   = 9.96014E+02    Multiplicity= 1.09894E+00
 neutron = 1.80942E+03    Multiplicity= 1.99639E+00
 proton  = 9.69088E+02    Multiplicity= 1.06923E+00
 deuteron= 8.81553E+01    Multiplicity= 9.72646E-02
 triton  = 1.16823E+01    Multiplicity= 1.28894E-02
 helium-3= 2.39374E+01    Multiplicity= 2.64109E-02
 alpha   = 4.62083E+01    Multiplicity= 5.09831E-02

 4. Residual production cross sections

   a. Per isotope

   Z   A  nuclide    total     level   isomeric    isomeric    lifetime
                 cross section       cross section  ratio

   27  59 ( 59Co) 5.54458E-02    0    5.54458E-02  1.00000
   27  58 ( 58Co) 6.93250E+00    0    3.99263E+00  0.57593
                                 1    2.93987E+00  0.42407   3.27600E+04 sec. 
   26  58 ( 58Fe) 5.01534E+01    0    5.01534E+01  1.00000
   27  57 ( 57Co) 2.38615E+01    0    2.38615E+01  1.00000
   26  57 ( 57Fe) 1.41479E+02    0    1.41479E+02  1.00000
   25  57 ( 57Mn) 1.89654E+01    0    1.89654E+01  1.00000
   27  56 ( 56Co) 8.35488E+00    0    8.35488E+00  1.00000
   26  56 ( 56Fe) 1.92343E+02    0    1.92343E+02  1.00000
   25  56 ( 56Mn) 3.11905E+01    0    3.11905E+01  1.00000
   24  56 ( 56Cr) 1.89757E-01    0    1.89757E-01  1.00000
   27  55 ( 55Co) 1.51656E+00    0    1.51656E+00  1.00000
   26  55 ( 55Fe) 1.28201E+02    0    1.28201E+02  1.00000
   25  55 ( 55Mn) 6.77276E+01    0    6.77276E+01  1.00000
   24  55 ( 55Cr) 8.97505E-01    0    8.97505E-01  1.00000
   23  55 ( 55V ) 6.45156E-04    0    6.45156E-04  1.00000
   27  54 ( 54Co) 8.79086E-02    0    4.50248E-02  0.51218
                                 1    4.28838E-02  0.48782   8.88000E+01 sec. 
   26  54 ( 54Fe) 5.37294E+01    0    5.37294E+01  1.00000
   25  54 ( 54Mn) 8.64476E+01    0    8.64476E+01  1.00000
   24  54 ( 54Cr) 3.48588E+00    0    3.48588E+00  1.00000
   23  54 ( 54V ) 5.34833E-03    0    5.34833E-03  1.00000
   26  53 ( 53Fe) 1.33484E+00    0    1.19809E+00  0.89756
                                22    1.36744E-01  0.10244   1.52400E+02 sec. 
   25  53 ( 53Mn) 4.85168E+01    0    4.85168E+01  1.00000
   24  53 ( 53Cr) 4.88100E+00    0    4.88100E+00  1.00000
   23  53 ( 53V ) 4.87433E-02    0    4.87433E-02  1.00000
   26  52 ( 52Fe) 2.94462E-03    0    2.94006E-03  0.99845
                                42    4.56330E-06  0.00155   4.59000E+01 sec. 
   25  52 ( 52Mn) 5.20273E+00    0    3.46978E+00  0.66691
                                 1    1.73295E+00  0.33309   1.26600E+03 sec. 
   24  52 ( 52Cr) 1.10435E+01    0    1.10435E+01  1.00000
   23  52 ( 52V ) 3.27079E-01    0    3.27079E-01  1.00000
   22  52 ( 52Ti) 8.16676E-04    0    8.16676E-04  1.00000
   25  51 ( 51Mn) 1.46170E+00    0    1.46170E+00  1.00000
   24  51 ( 51Cr) 1.27814E+01    0    1.27814E+01  1.00000
   23  51 ( 51V ) 1.56540E+00    0    1.56540E+00  1.00000
   22  51 ( 51Ti) 3.98293E-03    0    3.98293E-03  1.00000
   24  50 ( 50Cr) 2.05363E+00    0    2.05363E+00  1.00000
   23  50 ( 50V ) 6.42194E-01    0    6.42194E-01  1.00000
   22  50 ( 50Ti) 1.13073E-02    0    1.13073E-02  1.00000
   24  49 ( 49Cr) 2.65579E-03    0    2.65579E-03  1.00000
   23  49 ( 49V ) 8.21587E-01    0    8.21587E-01  1.00000
   22  49 ( 49Ti) 8.01000E-02    0    8.01000E-02  1.00000
   23  48 ( 48V ) 4.97902E-01    0    4.97902E-01  1.00000
   22  48 ( 48Ti) 2.85476E-01    0    2.85476E-01  1.00000
   23  47 ( 47V ) 2.03968E-03    0    2.03968E-03  1.00000
   22  47 ( 47Ti) 1.56959E-02    0    1.56959E-02  1.00000
   21  47 ( 47Sc) 5.31913E-04    0    5.31913E-04  1.00000
   21  46 ( 46Sc) 5.19240E-03    0    4.27320E-03  0.82297
                                 2    9.19203E-04  0.17703   1.87500E+01 sec. 
   21  45 ( 45Sc) 2.24639E-03    0    2.24639E-03  1.00000

   b. Per mass

   A  cross section

   59 5.54458E-02
   58 5.70859E+01
   57 1.84305E+02
   56 2.32078E+02
   55 1.98343E+02
   54 1.43756E+02
   53 5.47814E+01
   52 1.65770E+01
   51 1.58125E+01
   50 2.70713E+00
   49 9.04343E-01
   48 7.83378E-01
   47 1.82675E-02
   46 5.19240E-03
   45 2.24639E-03

 Total residual production cross section:   907.2153931
 Non-elastic cross section              :   906.3449707

 ########## RESULTS FOR E=  80.00000 ##########

 Energy dependent input flags

 Width fluctuations (flagwidth)            : n
 Unresolved resonance parameters (flagurr) : n
 Preequilibrium (flagpreeq)                : y
 Multiple preequilibrium (flagmulpre)      : y
 Number of continuum excitation energy bins: 40

 ########### REACTION SUMMARY FOR E=  80.00000 ###########

 Center-of-mass energy:   78.577

 1. Total (binary) cross sections

   Reaction        = 8.64689E+02
     Compound elastic= 9.90292E-08
     Non-elastic     = 8.64689E+02
       Direct          = 2.16784E+01
       Pre-equilibrium = 8.16377E+02
       Giant resonance = 2.66339E+01
       Compound non-el = 0.00000E+00

 2. Binary non-elastic cross sections (non-exclusive)

 gamma   = 7.99277E-01
 neutron = 2.61818E+02
 proton  = 4.67814E+02
 deuteron= 8.24848E+01
 triton  = 1.24262E+01
 helium-3= 2.56024E+01
 alpha   = 1.37445E+01

 3. Total particle production cross sections

 gamma   = 9.41455E+02    Multiplicity= 1.08878E+00
 neutron = 1.83931E+03    Multiplicity= 2.12714E+00
 proton  = 9.89092E+02    Multiplicity= 1.14387E+00
 deuteron= 9.08437E+01    Multiplicity= 1.05059E-01
 triton  = 1.33699E+01    Multiplicity= 1.54621E-02
 helium-3= 2.57354E+01    Multiplicity= 2.97627E-02
 alpha   = 4.24719E+01    Multiplicity= 4.91182E-02

 4. Residual production cross sections

   a. Per isotope

   Z   A  nuclide    total     level   isomeric    isomeric    lifetime
                 cross section       cross section  ratio

   27  59 ( 59Co) 4.81648E-02    0    4.81648E-02  1.00000
   27  58 ( 58Co) 6.10634E+00    0    3.53753E+00  0.57932
                                 1    2.56881E+00  0.42068   3.27600E+04 sec. 
   26  58 ( 58Fe) 4.21051E+01    0    4.21051E+01  1.00000
   27  57 ( 57Co) 1.75669E+01    0    1.75669E+01  1.00000
   26  57 ( 57Fe) 1.16586E+02    0    1.16586E+02  1.00000
   25  57 ( 57Mn) 1.75803E+01    0    1.75803E+01  1.00000
   27  56 ( 56Co) 6.78777E+00    0    6.78777E+00  1.00000
   26  56 ( 56Fe) 1.75025E+02    0    1.75025E+02  1.00000
   25  56 ( 56Mn) 2.99365E+01    0    2.99365E+01  1.00000
   24  56 ( 56Cr) 1.92735E-01    0    1.92735E-01  1.00000
   27  55 ( 55Co) 1.07883E+00    0    1.07883E+00  1.00000
   26  55 ( 55Fe) 1.11780E+02    0    1.11780E+02  1.00000
   25  55 ( 55Mn) 6.64795E+01    0    6.64795E+01  1.00000
   24  55 ( 55Cr) 9.94729E-01    0    9.94729E-01  1.00000
   23  55 ( 55V ) 9.39993E-04    0    9.39993E-04  1.00000
   27  54 ( 54Co) 6.42677E-02    0    3.52934E-02  0.54916
                                 1    2.89742E-02  0.45084   8.88000E+01 sec. 
   26  54 ( 54Fe) 4.91043E+01    0    4.91043E+01  1.00000
   25  54 ( 54Mn) 8.55332E+01    0    8.55332E+01  1.00000
   24  54 ( 54Cr) 4.22450E+00    0    4.22450E+00  1.00000
   23  54 ( 54V ) 1.75987E-02    0    1.75987E-02  1.00000
   26  53 ( 53Fe) 3.04220E+00    0    2.72811E+00  0.89676
                                22    3.14089E-01  0.10324   1.52400E+02 sec. 
   25  53 ( 53Mn) 7.28439E+01    0    7.28439E+01  1.00000
   24  53 ( 53Cr) 7.62777E+00    0    7.62777E+00  1.00000
   23  53 ( 53V ) 8.66731E-02    0    8.66731E-02  1.00000
   26  52 ( 52Fe) 3.04135E-02    0    3.01620E-02  0.99173
                                42    2.51543E-04  0.00827   4.59000E+01 sec. 
   25  52 ( 52Mn) 9.38351E+00    0    6.21471E+00  0.66230
                                 1    3.16879E+00  0.33770   1.26600E+03 sec. 
   24  52 ( 52Cr) 1.66342E+01    0    1.66342E+01  1.00000
   23  52 ( 52V ) 3.11650E-01    0    3.11650E-01  1.00000
   22  52 ( 52Ti) 9.94681E-04    0    9.94681E-04  1.00000
   25  51 ( 51Mn) 1.29668E+00    0    1.29668E+00  1.00000
   24  51 ( 51Cr) 1.10577E+01    0    1.10577E+01  1.00000
   23  51 ( 51V ) 1.89560E+00    0    1.89560E+00  1.00000
   22  51 ( 51Ti) 9.97544E-03    0    9.97544E-03  1.00000
   25  50 ( 50Mn) 1.19859E-02    0    4.19983E-03  0.35040
                                 1    7.78604E-03  0.64960   1.05000E+02 sec. 
   24  50 ( 50Cr) 5.69735E+00    0    5.69735E+00  1.00000
   23  50 ( 50V ) 1.73446E+00    0    1.73446E+00  1.00000
   22  50 ( 50Ti) 5.16985E-02    0    5.16985E-02  1.00000
   24  49 ( 49Cr) 7.16098E-02    0    7.16098E-02  1.00000
   23  49 ( 49V ) 1.31339E+00    0    1.31339E+00  1.00000
   22  49 ( 49Ti) 6.56551E-02    0    6.56551E-02  1.00000
   21  49 ( 49Sc) 3.93404E-04    0    3.93404E-04  1.00000
   23  48 ( 48V ) 5.91477E-01    0    5.91477E-01  1.00000
   22  48 ( 48Ti) 3.16969E-01    0    3.16969E-01  1.00000
   21  48 ( 48Sc) 3.51399E-03    0    3.51399E-03  1.00000
   23  47 ( 47V ) 4.98361E-02    0    4.98361E-02  1.00000
   22  47 ( 47Ti) 1.53930E-01    0    1.53930E-01  1.00000
   21  47 ( 47Sc) 5.74799E-03    0    5.74799E-03  1.00000
   22  46 ( 46Ti) 3.73597E-03    0    3.73597E-03  1.00000
   21  46 ( 46Sc) 3.96003E-03    0    3.25968E-03  0.82315
                                 2    7.00350E-04  0.17685   1.87500E+01 sec. 
   21  45 ( 45Sc) 7.41028E-03    0    7.41028E-03  1.00000

   b. Per mass

   A  cross section

   59 4.81648E-02
   58 4.82115E+01
   57 1.51733E+02
   56 2.11942E+02
   55 1.80334E+02
   54 1.38944E+02
   53 8.36006E+01
   52 2.63608E+01
   51 1.42599E+01
   50 7.49549E+00
   49 1.45104E+00
   48 9.11961E-01
   47 2.09514E-01
   46 7.69600E-03
   45 7.41028E-03

 Total residual production cross section:   865.5164185
 Non-elastic cross section              :   864.6890259

 ########## RESULTS FOR E=  90.00000 ##########

 Energy dependent input flags

 Width fluctuations (flagwidth)            : n
 Unresolved resonance parameters (flagurr) : n
 Preequilibrium (flagpreeq)                : y
 Multiple preequilibrium (flagmulpre)      : y
 Number of continuum excitation energy bins: 40

 ########### REACTION SUMMARY FOR E=  90.00000 ###########

 Center-of-mass energy:   88.391

 1. Total (binary) cross sections

   Reaction        = 8.29761E+02
     Compound elastic= 9.65944E-08
     Non-elastic     = 8.29761E+02
       Direct          = 1.78434E+01
       Pre-equilibrium = 7.89589E+02
       Giant resonance = 2.23284E+01
       Compound non-el = 3.71810E-06

 2. Binary non-elastic cross sections (non-exclusive)

 gamma   = 7.51080E-01
 neutron = 2.48600E+02
 proton  = 4.47648E+02
 deuteron= 7.76699E+01
 triton  = 1.42764E+01
 helium-3= 2.73879E+01
 alpha   = 1.34283E+01

 3. Total particle production cross sections

 gamma   = 8.34688E+02    Multiplicity= 1.00594E+00
 neutron = 1.93706E+03    Multiplicity= 2.33448E+00
 proton  = 1.01824E+03    Multiplicity= 1.22715E+00
 deuteron= 8.87595E+01    Multiplicity= 1.06970E-01
 triton  = 1.56545E+01    Multiplicity= 1.88662E-02
 helium-3= 2.75903E+01    Multiplicity= 3.32509E-02
 alpha   = 4.61419E+01    Multiplicity= 5.56087E-02

 4. Residual production cross sections

   a. Per isotope

   Z   A  nuclide    total     level   isomeric    isomeric    lifetime
                 cross section       cross section  ratio

   27  59 ( 59Co) 4.20420E-02    0    4.20420E-02  1.00000
   27  58 ( 58Co) 3.89202E+00    0    2.26148E+00  0.58106
                                 1    1.63054E+00  0.41894   3.27600E+04 sec. 
   26  58 ( 58Fe) 3.37986E+01    0    3.37986E+01  1.00000
   27  57 ( 57Co) 1.47486E+01    0    1.47486E+01  1.00000
   26  57 ( 57Fe) 9.73771E+01    0    9.73771E+01  1.00000
   25  57 ( 57Mn) 1.45825E+01    0    1.45825E+01  1.00000
   27  56 ( 56Co) 5.54310E+00    0    5.54310E+00  1.00000
   26  56 ( 56Fe) 1.53064E+02    0    1.53064E+02  1.00000
   25  56 ( 56Mn) 2.73308E+01    0    2.73308E+01  1.00000
   24  56 ( 56Cr) 2.12671E-01    0    2.12671E-01  1.00000
   27  55 ( 55Co) 8.48519E-01    0    8.48519E-01  1.00000
   26  55 ( 55Fe) 9.98465E+01    0    9.98465E+01  1.00000
   25  55 ( 55Mn) 5.65524E+01    0    5.65524E+01  1.00000
   24  55 ( 55Cr) 9.10501E-01    0    9.10501E-01  1.00000
   23  55 ( 55V ) 1.05596E-03    0    1.05596E-03  1.00000
   27  54 ( 54Co) 4.94594E-02    0    2.77672E-02  0.56142
                                 1    2.16921E-02  0.43858   8.88000E+01 sec. 
   26  54 ( 54Fe) 4.60908E+01    0    4.60908E+01  1.00000
   25  54 ( 54Mn) 7.67870E+01    0    7.67870E+01  1.00000
   24  54 ( 54Cr) 4.08003E+00    0    4.08003E+00  1.00000
   23  54 ( 54V ) 2.50566E-02    0    2.50566E-02  1.00000
   27  53 ( 53Co) 3.88471E-04    0    3.88471E-04  1.00000
   26  53 ( 53Fe) 4.20474E+00    0    3.80912E+00  0.90591
                                22    3.95625E-01  0.09409   1.52400E+02 sec. 
   25  53 ( 53Mn) 9.13805E+01    0    9.13805E+01  1.00000
   24  53 ( 53Cr) 9.70463E+00    0    9.70463E+00  1.00000
   23  53 ( 53V ) 1.99166E-01    0    1.99166E-01  1.00000
   26  52 ( 52Fe) 1.36635E-01    0    1.35233E-01  0.98973
                                42    1.40258E-03  0.01027   4.59000E+01 sec. 
   25  52 ( 52Mn) 2.23974E+01    0    1.46434E+01  0.65380
                                 1    7.75396E+00  0.34620   1.26600E+03 sec. 
   24  52 ( 52Cr) 2.71010E+01    0    2.71010E+01  1.00000
   23  52 ( 52V ) 4.24244E-01    0    4.24244E-01  1.00000
   22  52 ( 52Ti) 1.29220E-03    0    1.29220E-03  1.00000
   25  51 ( 51Mn) 2.18258E+00    0    2.18258E+00  1.00000
   24  51 ( 51Cr) 1.48357E+01    0    1.48357E+01  1.00000
   23  51 ( 51V ) 1.76457E+00    0    1.76457E+00  1.00000
   22  51 ( 51Ti) 1.26492E-02    0    1.26492E-02  1.00000
   25  50 ( 50Mn) 4.20705E-02    0    1.55536E-02  0.36970
                                 1    2.65169E-02  0.63030   1.05000E+02 sec. 
   24  50 ( 50Cr) 9.76675E+00    0    9.76675E+00  1.00000
   23  50 ( 50V ) 3.46001E+00    0    3.46001E+00  1.00000
   22  50 ( 50Ti) 6.94988E-02    0    6.94988E-02  1.00000
   24  49 ( 49Cr) 6.52999E-01    0    6.52999E-01  1.00000
   23  49 ( 49V ) 4.27662E+00    0    4.27662E+00  1.00000
   22  49 ( 49Ti) 1.42390E-01    0    1.42390E-01  1.00000
   21  49 ( 49Sc) 6.36025E-04    0    6.36025E-04  1.00000
   24  48 ( 48Cr) 6.06630E-03    0    6.06630E-03  1.00000
   23  48 ( 48V ) 1.03757E+00    0    1.03757E+00  1.00000
   22  48 ( 48Ti) 3.84494E-01    0    3.84494E-01  1.00000
   21  48 ( 48Sc) 7.23790E-03    0    7.23790E-03  1.00000
   23  47 ( 47V ) 2.47189E-01    0    2.47189E-01  1.00000
   22  47 ( 47Ti) 5.10381E-01    0    5.10381E-01  1.00000
   21  47 ( 47Sc) 2.88230E-02    0    2.88230E-02  1.00000
   22  46 ( 46Ti) 1.02930E-01    0    1.02930E-01  1.00000
   21  46 ( 46Sc) 1.50099E-02    0    1.24485E-02  0.82935
                                 2    2.56136E-03  0.17065   1.87500E+01 sec. 
   21  45 ( 45Sc) 1.68032E-02    0    1.68032E-02  1.00000
   21  44 ( 44Sc) 9.57698E-03    0    6.85741E-03  0.71603
                                 4    2.71957E-03  0.28397   2.11000E+05 sec. 
   20  44 ( 44Ca) 1.94110E-03    0    1.94110E-03  1.00000

   b. Per mass

   A  cross section

   59 4.20420E-02
   58 3.76906E+01
   57 1.26708E+02
   56 1.86151E+02
   55 1.58159E+02
   54 1.27032E+02
   53 1.05489E+02
   52 5.00606E+01
   51 1.87955E+01
   50 1.33383E+01
   49 5.07265E+00
   48 1.43537E+00
   47 7.86393E-01
   46 1.17939E-01
   45 1.68032E-02
   44 1.15181E-02

 Total residual production cross section:   830.9073486
 Non-elastic cross section              :   829.7609863

 ########## RESULTS FOR E= 100.00000 ##########

 Energy dependent input flags

 Width fluctuations (flagwidth)            : n
 Unresolved resonance parameters (flagurr) : n
 Preequilibrium (flagpreeq)                : y
 Multiple preequilibrium (flagmulpre)      : y
 Number of continuum excitation energy bins: 40

 ########### REACTION SUMMARY FOR E= 100.00000 ###########

 Center-of-mass energy:   98.203

 1. Total (binary) cross sections

   Reaction        = 8.00421E+02
     Compound elastic= 9.45471E-08
     Non-elastic     = 8.00421E+02
       Direct          = 1.46895E+01
       Pre-equilibrium = 7.67256E+02
       Giant resonance = 1.84760E+01
       Compound non-el = 0.00000E+00

 2. Binary non-elastic cross sections (non-exclusive)

 gamma   = 7.08398E-01
 neutron = 2.37779E+02
 proton  = 4.28558E+02
 deuteron= 7.37952E+01
 triton  = 1.64908E+01
 helium-3= 2.96191E+01
 alpha   = 1.34706E+01

 3. Total particle production cross sections

 gamma   = 8.05913E+02    Multiplicity= 1.00686E+00
 neutron = 2.00843E+03    Multiplicity= 2.50922E+00
 proton  = 1.04863E+03    Multiplicity= 1.31010E+00
 deuteron= 8.81483E+01    Multiplicity= 1.10127E-01
 triton  = 1.84274E+01    Multiplicity= 2.30222E-02
 helium-3= 2.99176E+01    Multiplicity= 3.73773E-02
 alpha   = 5.12025E+01    Multiplicity= 6.39695E-02

 4. Residual production cross sections

   a. Per isotope

   Z   A  nuclide    total     level   isomeric    isomeric    lifetime
                 cross section       cross section  ratio

   27  59 ( 59Co) 3.95271E-02    0    3.95271E-02  1.00000
   27  58 ( 58Co) 3.41071E+00    0    1.99307E+00  0.58436
                                 1    1.41764E+00  0.41564   3.27600E+04 sec. 
   26  58 ( 58Fe) 2.60600E+01    0    2.60600E+01  1.00000
   27  57 ( 57Co) 1.14038E+01    0    1.14038E+01  1.00000
   26  57 ( 57Fe) 8.72284E+01    0    8.72284E+01  1.00000
   25  57 ( 57Mn) 1.52578E+01    0    1.52578E+01  1.00000
   27  56 ( 56Co) 4.79072E+00    0    4.79072E+00  1.00000
   26  56 ( 56Fe) 1.26426E+02    0    1.26426E+02  1.00000
   25  56 ( 56Mn) 2.49829E+01    0    2.49829E+01  1.00000
   24  56 ( 56Cr) 1.57084E-01    0    1.57084E-01  1.00000
   27  55 ( 55Co) 7.50671E-01    0    7.50671E-01  1.00000
   26  55 ( 55Fe) 9.41435E+01    0    9.41435E+01  1.00000
   25  55 ( 55Mn) 5.33143E+01    0    5.33143E+01  1.00000
   24  55 ( 55Cr) 8.87621E-01    0    8.87621E-01  1.00000
   23  55 ( 55V ) 1.41537E-03    0    1.41537E-03  1.00000
   27  54 ( 54Co) 3.98317E-02    0    2.27585E-02  0.57137
                                 1    1.70732E-02  0.42863   8.88000E+01 sec. 
   26  54 ( 54Fe) 4.35818E+01    0    4.35818E+01  1.00000
   25  54 ( 54Mn) 6.94213E+01    0    6.94213E+01  1.00000
   24  54 ( 54Cr) 3.90225E+00    0    3.90225E+00  1.00000
   23  54 ( 54V ) 3.48965E-02    0    3.48965E-02  1.00000
   27  53 ( 53Co) 4.04843E-04    0    4.04843E-04  1.00000
   26  53 ( 53Fe) 4.59413E+00    0    4.23070E+00  0.92089
                                22    3.63427E-01  0.07911   1.52400E+02 sec. 
   25  53 ( 53Mn) 8.39453E+01    0    8.39453E+01  1.00000
   24  53 ( 53Cr) 9.89988E+00    0    9.89988E+00  1.00000
   23  53 ( 53V ) 2.10970E-01    0    2.10970E-01  1.00000
   22  53 ( 53Ti) 2.10971E-05    0    2.10971E-05  1.00000
   26  52 ( 52Fe) 2.41291E-01    0    2.38519E-01  0.98851
                                42    2.77264E-03  0.01149   4.59000E+01 sec. 
   25  52 ( 52Mn) 3.46840E+01    0    2.18921E+01  0.63119
                                 1    1.27919E+01  0.36881   1.26600E+03 sec. 
   24  52 ( 52Cr) 3.74422E+01    0    3.74422E+01  1.00000
   23  52 ( 52V ) 7.65363E-01    0    7.65363E-01  1.00000
   22  52 ( 52Ti) 1.60349E-03    0    1.60349E-03  1.00000
   25  51 ( 51Mn) 4.99845E+00    0    4.99845E+00  1.00000
   24  51 ( 51Cr) 2.31534E+01    0    2.31534E+01  1.00000
   23  51 ( 51V ) 2.41230E+00    0    2.41230E+00  1.00000
   22  51 ( 51Ti) 1.50356E-02    0    1.50356E-02  1.00000
   25  50 ( 50Mn) 7.15216E-02    0    2.75958E-02  0.38584
                                 1    4.39258E-02  0.61416   1.05000E+02 sec. 
   24  50 ( 50Cr) 1.35575E+01    0    1.35575E+01  1.00000
   23  50 ( 50V ) 4.80003E+00    0    4.80003E+00  1.00000
   22  50 ( 50Ti) 8.30997E-02    0    8.30997E-02  1.00000
   21  50 ( 50Sc) 1.64459E-04    0    1.64459E-04  1.00000
   24  49 ( 49Cr) 1.86610E+00    0    1.86610E+00  1.00000
   23  49 ( 49V ) 7.41678E+00    0    7.41678E+00  1.00000
   22  49 ( 49Ti) 3.20979E-01    0    3.20979E-01  1.00000
   21  49 ( 49Sc) 1.39540E-03    0    1.39540E-03  1.00000
   24  48 ( 48Cr) 5.74551E-02    0    5.74551E-02  1.00000
   23  48 ( 48V ) 2.81930E+00    0    2.81930E+00  1.00000
   22  48 ( 48Ti) 9.64790E-01    0    9.64790E-01  1.00000
   21  48 ( 48Sc) 6.85982E-03    0    6.85982E-03  1.00000
   23  47 ( 47V ) 4.84132E-01    0    4.84132E-01  1.00000
   22  47 ( 47Ti) 7.75349E-01    0    7.75349E-01  1.00000
   21  47 ( 47Sc) 7.15037E-02    0    7.15037E-02  1.00000
   23  46 ( 46V ) 1.61316E-02    0    1.61316E-02  1.00000
   22  46 ( 46Ti) 5.17917E-01    0    5.17917E-01  1.00000
   21  46 ( 46Sc) 6.73156E-02    0    5.52482E-02  0.82073
                                 2    1.20674E-02  0.17927   1.87500E+01 sec. 
   20  46 ( 46Ca) 2.18103E-04    0    2.18103E-04  1.00000
   22  45 ( 45Ti) 1.39610E-02    0    1.39610E-02  1.00000
   21  45 ( 45Sc) 4.10449E-02    0    4.10449E-02  1.00000
   20  45 ( 45Ca) 9.18827E-04    0    9.18827E-04  1.00000
   21  44 ( 44Sc) 3.25101E-02    0    2.28838E-02  0.70390
                                 4    9.62626E-03  0.29610   2.11000E+05 sec. 
   20  44 ( 44Ca) 5.40386E-03    0    5.40386E-03  1.00000
   21  43 ( 43Sc) 8.78733E-03    0    8.78733E-03  1.00000
   20  43 ( 43Ca) 4.80307E-03    0    4.80307E-03  1.00000

   b. Per mass

   A  cross section

   59 3.95271E-02
   58 2.94707E+01
   57 1.13890E+02
   56 1.56356E+02
   55 1.49097E+02
   54 1.16980E+02
   53 9.86507E+01
   52 7.31345E+01
   51 3.05792E+01
   50 1.85123E+01
   49 9.60526E+00
   48 3.84840E+00
   47 1.33098E+00
   46 6.01582E-01
   45 5.59247E-02
   44 3.79139E-02
   43 1.35904E-02

 Total residual production cross section:   802.2047729
 Non-elastic cross section              :   800.4210205

 Execution time:  0 hours  3 minutes  0.33 seconds 

 The TALYS team congratulates you with this successful calculation.
