
    TALYS-2.0 (Version: December 29, 2023)

 Copyright (C) 2023  A.J. Koning, S. Hilaire and S. Goriely

 Dimensions - Cross sections: mb, Energies: MeV, Angles: degrees

 ########## USER INPUT ##########

 USER INPUT FILE

 #
 # n-pb208-nngamma
 #
 # general
 #
 projectile n
 element pb
 mass 208
 energy energies
 #
 # parameters
 #
 isomer 1.e-4
 maxz 0
 rgamma 2.2
 optmodfilen 82 n-Pb208.omp
 #
 # output
 #
 channels y
 filechannels y
 fileresidual y
 outgamdis y

 USER INPUT FILE + DEFAULTS

 Keyword           Value   Variable     Explanation

 #
 # Four main keywords
 #
 projectile          n     ptype0       type of incident particle
 element            Pb     Starget      symbol of target nucleus
 mass              208     mass         mass number of target nucleus
 energy energies           energyfile   file with incident energies
 #
 # Basic physical and numerical parameters
 #
 ejectiles g n p d t h a   outtype      outgoing particles
 maxz                0     maxZ         maximal number of protons from the initial compound nucleus
 maxn               32     maxN         maximal number of neutrons from the initial compound nucleus
 bins               40     nbins        number of continuum excitation energy bins
 equidistant         y     flagequi     flag to use equidistant excitation bins instead of logarithmic bins
 equispec            n     flagequispec flag to use equidistant bins for emission spectra
 popmev              n     flagpopmev   flag to use initial population per MeV instead of histograms
 segment             1     segment      number of segments to divide emission energy grid
 maxlevelstar       30     nlevmax      maximum number of included discrete levels for target
 maxlevelsres       10     nlevmaxres   maximum number of included discrete levels for residual nucleus
 maxlevelsbin g     10     nlevbin      maximum number of included discrete levels for gamma    channel
 maxlevelsbin n     30     nlevbin      maximum number of included discrete levels for neutron  channel
 maxlevelsbin p     10     nlevbin      maximum number of included discrete levels for proton   channel
 maxlevelsbin d      5     nlevbin      maximum number of included discrete levels for deuteron channel
 maxlevelsbin t      5     nlevbin      maximum number of included discrete levels for triton   channel
 maxlevelsbin h      5     nlevbin      maximum number of included discrete levels for helium-3 channel
 maxlevelsbin a     10     nlevbin      maximum number of included discrete levels for alpha    channel
 ltarget             0     ltarget      excited level of target
 isomer           1.00E-04 isomer       definition of isomer in seconds
 transpower          5     transpower   power for transmission coefficient limit
 transeps         1.00E-08 transeps     limit for transmission coefficient
 xseps            1.00E-07 xseps        limit for cross sections
 popeps           1.00E-03 popeps       limit for population cross section per nucleus
 Rfiseps          1.00E-03 Rfiseps      ratio for limit for fission cross section per nucleus
 elow             1.00E-06 elow         minimal incident energy for nuclear model calculations
 angles             90     nangle       number of angles
 anglescont         18     nanglecont   number of angles for continuum
 anglesrec           1     nanglerec    number of recoil angles
 maxenrec           20     maxenrec     number of recoil energies
 channels            y     flagchannels flag for exclusive channels calculation
 maxchannel          4     maxchannel   maximal number of outgoing particles in individual channel description
 micro               n     flagmicro    flag for completely microscopic Talys calculation
 best                n     flagbest     flag to use best set of adjusted parameters
 bestbranch          y     flagbestbr   flag to use flag to use only best set of branching ratios
 bestend             n     flagbestend  flag to put best set of parameters at end of input file
 relativistic        y     flagrel      flag for relativistic kinematics
 recoil              n     flagrecoil   flag for calculation of recoils
 labddx              n     flaglabddx   flag for calculation of DDX in LAB system
 recoilaverage       n     flagrecoilav flag for average velocity in recoil calculation
 channelenergy       n     flagEchannel flag for channel energy for emission spectrum
 reaction            y     flagreaction flag for calculation of nuclear reactions
 fit                 n     flagfit      flag to use automatically fitted parameters
 ngfit               n     flagngfit    flag for using fitted (n,g) nuclear model parameters
 nffit               n     flagnffit    flag for using fitted (n,f) nuclear model parameters
 nnfit               n     flagnnfit    flag for using fitted (n,n), (n,2n) and (n,p) nuclear model parameters
 nafit               n     flagnafit    flag for using fitted (n,a) nuclear model parameters
 pnfit               n     flagpnfit    flag for using fitted (p,n) nuclear model parameters
 dnfit               n     flagdnfit    flag for using fitted (d,n) nuclear model parameters
 gnfit               n     flaggnfit    flag for using fitted (g,n) nuclear model parameters
 anfit               n     flaganfit    flag for using fitted (a,n) nuclear model parameters
 gamgamfit           n    flaggamgamfit flag for using fitted Gamma_gamma nuclear model parameters
 macsfit             n     flagmacsfit  flag for using fitted MACS nuclear model parameters
 astro               n     flagastro    flag for calculation of astrophysics reaction rate
 astrogs             n     flagastrogs  flag for calculation of astrophysics reaction rate with target in ground state only
 astroex             n     flagastroex  flag for calculation of astrophysics reaction rate to long-lived excited states
 nonthermlev        -1     nonthermlev  excited level non-thermalized in the calculation of astrophysics rate
 massmodel           2     massmodel    model for theoretical nuclear mass
 expmass             y     flagexpmass  flag for using experimental nuclear mass if available
 disctable           1     disctable    table with discrete levels
 production          n     flagprod     flag for isotope production
 outfy               n     flagoutfy    flag for output detailed fission yield calculation
 gefran          50000     gefran       number of random events for GEF calculation
 Estop            1000.000 Estop        incident energy above which TALYS stops
 rpevap              n     flagrpevap   flag for evaporation of residual products at high incident energies
 maxZrp             12     maxZrp       maximal number of protons from the initial compound nucleus before residual evaporation
 maxNrp             32     maxNrp       maximal number of neutrons from the initial compound nucleus before residual evaporation
 user      Arjan Koning    user         user for this calculation
 source    TALYS-2.0       source       source for this calculation
 format    YANDF-0.1       oformat      format for output
 #
 # Optical model
 #
 localomp            y     flaglocalomp flag for local (y) or global (n) optical model
 dispersion          n     flagdisp     flag for dispersive optical model
 jlmomp              n     flagjlm      flag for using semi-microscopic JLM OMP
 riplomp             n     flagriplomp  flag for RIPL OMP
 riplrisk            n     flagriplrisk flag for going outside RIPL mass validity range
 optmodall           n     flagompall   flag for new optical model calculation for all residual nuclei
 incadjust           y     flagincadj   flag for OMP adjustment on incident channel also
 omponly             n     flagomponly  flag to execute ONLY an optical model calculation
 autorot             n     flagautorot  flag for automatic rotational coupled channels calculations for A > 150
 spherical           n     flagspher    flag to force spherical optical model
 soukho              y     flagsoukho   flag for Soukhovitskii OMP for actinides
 coulomb             y     flagcoulomb  flag for Coulomb excitation calculation with ECIS
 statepot            n     flagstate    flag for optical model potential for each excited state
 maxband             0     maxband      highest vibrational band added to rotational model
 maxrot              2     maxrot       number of included excited rotational levels
 sysreaction               sysreaction  particles with reaction cross section from systematics
 rotational                rotational   particles with possible rotational optical model
 core               -1     core         even-even core for weakcoupling (-1 or 1)
 ecissave            n     flagecissave flag for saving ECIS input and output files
 eciscalc            y     flageciscalc flag for new ECIS calculation for outgoing particles and energy grid
 inccalc             y     flaginccalc  flag for new ECIS calculation for incident channel
 endfecis            y     flagendfecis flag for new ECIS calculation for ENDF-6 files
 radialmodel         2     radialmodel  model for radial matter densities (JLM OMP only)
 jlmmode             0     jlmmode      option for JLM imaginary potential normalization
 alphaomp            6     alphaomp     alpha OMP (1=normal, 2= McFadden-Satchler, 3-5= folding potential, 6,8= Avrigeanu, 7=Nolte)
 deuteronomp         4     deuteronomp  deuteron OMP (1=normal, 2=Daehnick, 3=Bojowald, 4=Han-Shi-Shen, 5=An-Cai)
 #
 # Compound nucleus
 #
 widthfluc           7.368 ewfc         off-set incident energy for width fluctuation calculation
 widthmode           1     wmode        designator for width fluctuation model
 WFCfactor           1     WFCfactor    enhancement factor for WFC: 1: Original, 2: Ernebjerg and Herman
 compound            y     flagcomp     flag for compound nucleus model
 fullhf              n     flagfullhf   flag for full spin dependence of transmission coefficients
 eciscompound        n     flageciscomp flag for compound nucleus calculation by ECIS
 cpang               n     flagcpang    flag for compound angular distribution calculation for incident charged particles
 urr                 n     flagurr      flag for URR calculation
 urrnjoy             n     flagurrnjoy  flag for normalization of URR parameters with NJOY method
 lurr                2     lurr         maximal orbital angular momentum for URR
 #
 # Gamma emission
 #
 gammax              2     gammax       number of l-values for gamma multipolarity
 strength            9     strength     model for E1 gamma-ray strength function
 strengthM1          3     strengthM1   model for M1 gamma-ray strength function
 electronconv        y     flagelectron flag for application of electron conversion coefficient
 racap               n     flagracap    flag for radiative capture model
 ldmodelracap        3     ldmodelracap level density model for direct radiative capture
 upbend              y     flagupbend   flag for low-energy upbend of photon strength function
 psfglobal           n    flagpsfglobal flag for global photon strength functions only
 gnorm               n     flaggnorm    flag to normalize PSF to average radiative width
 #
 # Pre-equilibrium
 #
 preequilibrium      4.206 epreeq       on-set incident energy for preequilibrium calculation
 preeqmode           2     preeqmode    designator for pre-equilibrium model
 multipreeq         20.000 emulpre      on-set incident energy for multiple preequilibrium
 mpreeqmode          2     mpreeqmode   designator for multiple pre-equilibrium model
 breakupmodel        1     breakupmodel model for break-up reaction: 1. Kalbach 2. Avrigeanu
 phmodel             1     phmodel      particle-hole state density model
 pairmodel           2     pairmodel    designator for pre-equilibrium pairing model
 preeqspin           1     pespinmodel  model for pre-equilibrium spin distribution
 giantresonance      y     flaggiant    flag for collective contribution from giant resonances
 preeqsurface        y     flagsurface  flag for surface effects in exciton model
 preeqcomplex        y     flagpecomp   flag for Kalbach complex particle emission model
 twocomponent        y     flag2comp    flag for two-component pre-equilibrium model
 ecisdwba            y     flagecisdwba flag for new ECIS calculation for DWBA for MSD
 onestep             n     flagonestep  flag for continuum one-step direct only
 #
 # Level densities
 #
 ldmodel             1     ldmodelall   level density model
 ldmodelCN           1     ldmodelCN    level density model for compound nucleus
 shellmodel          1     shellmodel   model for shell correction energies
 kvibmodel           2     kvibmodel    model for vibrational enhancement
 spincutmodel        1     spincutmodel model for spin cutoff factor for ground state
 asys                n     flagasys     flag for all level density parameters a from systematics
 parity              n     flagparity   flag for non-equal parity distribution
 colenhance          n     flagcolall   flag for collective enhancement of level density for all nuclides
 ctmglobal           n     flagctmglob  flag for global CTM model (no discrete level info)
 gshell              n     flaggshell   flag for energy dependence of single particle level density parameter g
 colldamp            n     flagcolldamp flag for damping of collective effects in effective level density
 #
 # Fission
 #
 fission             n     flagfission  flag for fission
 fismodel            3     fismodel     fission model
 fismodelalt         3     fismodelalt  alternative fission model for default barriers
 hbstate             n     flaghbstate  flag for head band states in fission
 class2              n     flagclass2   flag for class2 states in fission
 fispartdamp         n  flagfispartdamp flag for fission partial damping
 massdis             n     flagmassdis  flag for calculation of fission fragment mass yields
 ffevaporation       y     flagffevap   flag for calculation of particle evaporation from fission fragment mass yields
 fisfeed             n     flagfisfeed  flag for output of fission per excitation bin
 fymodel             2     fymodel      fission yield model, 1: Brosa 2: GEF
 ffmodel             1     ffmodel      fission fragment model, 1: GEF 2: HF3D (Okumura) 3: SPY 4: Langevin-4D 0: own files
 pfnsmodel           1     pfnsmodel    PFNS model, 1: Iwamoto 2: from FF decay
 ffspin              n     flagffspin   flag to use spin distribution in initial FF population
 #
 # Output
 #
 outmain             y     flagmain     flag for main output
 outbasic            n     flagbasic    flag for output of basic information and results
 outall              n     flagoutall   flag for output of all data in main output file
 outpopulation       n     flagpop      flag for output of population
 outcheck            n     flagcheck    flag for output of numerical checks
 outlevels           n     flaglevels   flag for output of discrete level information
 outdensity          n     flagdensity  flag for output of level densities
 outomp              n     flagoutomp   flag for output of optical model parameters
 outkd               n     flagoutkd    flag for output of KD03 OMP parameters
 outdirect           n     flagdirect   flag for output of direct reaction results
 outinverse          n     flaginverse  flag for output of transmission coefficients and inverse reaction cross sections
 outdecay            n     flagdecay    flag for output of decay of each population bin
 outtransenergy      y     flagtransen  flag for output of transmission coefficients per energy
 outecis             n     flagoutecis  flag for output of ECIS results
 outgamma            n     flaggamma    flag for output of gamma-ray information
 outpreequilibrium   n     flagpeout    flag for output of pre-equilibrium results 
 outfission          n     flagfisout   flag for output of fission information
 outdiscrete         n     flagdisc     flag for output of discrete state cross sections
 outspectra          n     flagspec     flag for output of double-differential cross sections
 outbinspectra       n     flagbinspec  flag for output of emission spectrum per excitation bin
 resonance           n     flagres      flag for output of low energy resonance cross sections
 group               n     flaggroup    flag for output of low energy groupwise cross sections
 adddiscrete         y     flagadd      flag for addition of discrete states to spectra
 addelastic          y     flagaddel    flag for addition of elastic peak to spectra
 outangle            n     flagang      flag for output of angular distributions
 outlegendre         n     flaglegendre flag for output of Legendre coefficients
 ddxmode             0     ddxmode      mode for double-differential cross sections
 outdwba             n     flagoutdwba  flag for output of DWBA cross sections for MSD
 outgamdis           y     flaggamdis   flag for output of discrete gamma-ray intensities
 outexcitation       y     flagexc      flag for output of excitation functions
 components          n     flagcompo    flag for output of cross section components
 endf                n     flagendf     flag for information for ENDF-6 file
 endfdetail          y     flagendfdet  flag for detailed ENDF-6 information per channel
 sacs                n     flagsacs     flag for statistical analysis of cross sections
 partable            n     flagpartable flag for output of model parameters on separate file
 block               n     flagblock    flag to block spectra, angle and gamma files

 ########## BASIC REACTION PARAMETERS ##########

 Projectile           : neutron     Mass in a.m.u.      :   1.008665
 Target               : Pb208       Mass in a.m.u.      : 207.976652

 Included channels:
                     gamma   
                     neutron 
                     proton  
                     deuteron
                     triton  
                     helium-3
                     alpha   

    67 incident energies (LAB):

  1.000E-11
  2.530E-08
  2.000E-07
  1.000E-06
      0.001
      0.002
      0.005
      0.010
      0.020
      0.050
      0.100
      0.200
      0.300
      0.400
      0.500
      0.750
      1.000
      1.200
      1.400
      1.600
      1.800
      2.000
      2.200
      2.400
      2.600
      2.800
      3.000
      3.200
      3.400
      3.600
      3.800
      4.000
      4.200
      4.400
      4.600
      4.800
      5.000
      5.500
      6.000
      6.500
      7.000
      7.500
      8.000
      8.500
      9.000
      9.500
     10.000
     11.000
     12.000
     13.000
     14.000
     15.000
     16.000
     17.000
     18.000
     19.000
     20.000
     21.000
     22.000
     23.000
     24.000
     25.000
     26.000
     27.000
     28.000
     29.000
     30.000

 Q-values for binary reactions:

 Q(n,g):  3.93738
 Q(n,n):  0.00000
 Q(n,p): -4.21605
 Q(n,d): -5.77848
 Q(n,t): -6.37370
 Q(n,h): -7.66267
 Q(n,a):  6.18561

 ########## RESULTS FOR E= 1.00000E-06 ##########

 Energy dependent input flags

 Width fluctuations (flagwidth)            : y
 Unresolved resonance parameters (flagurr) : n
 Preequilibrium (flagpreeq)                : n
 Multiple preequilibrium (flagmulpre)      : n
 Number of continuum excitation energy bins: 40

 ########### REACTION SUMMARY FOR E= 1.00000E-06 ###########

 Center-of-mass energy:    0.000

 1. Total (binary) cross sections

 Total           = 3.22409E+05
   Shape elastic   = 1.23959E+04
   Reaction        = 3.10013E+05
     Compound elastic= 3.08767E+05
     Non-elastic     = 1.24612E+03
       Direct          = 0.00000E+00
       Pre-equilibrium = 0.00000E+00
       Compound non-el = 1.24612E+03
     Total elastic   = 3.21163E+05

 2. Binary non-elastic cross sections (non-exclusive)

 gamma   = 1.19137E+03
 neutron = 0.00000E+00
 proton  = 0.00000E+00
 deuteron= 0.00000E+00
 triton  = 0.00000E+00
 helium-3= 0.00000E+00
 alpha   = 0.00000E+00

 3. Total particle production cross sections

 gamma   = 1.37292E+03    Multiplicity= 1.10175E+00
 neutron = 0.00000E+00    Multiplicity= 0.00000E+00
 proton  = 0.00000E+00    Multiplicity= 0.00000E+00
 deuteron= 0.00000E+00    Multiplicity= 0.00000E+00
 triton  = 0.00000E+00    Multiplicity= 0.00000E+00
 helium-3= 0.00000E+00    Multiplicity= 0.00000E+00
 alpha   = 0.00000E+00    Multiplicity= 0.00000E+00

 4. Residual production cross sections

   a. Per isotope

   Z   A  nuclide    total     level   isomeric    isomeric    lifetime
                 cross section       cross section  ratio

   82 209 (209Pb) 1.19137E+03    0    1.19137E+03  1.00000

   b. Per mass

   A  cross section

  209 1.19137E+03

 Total residual production cross section:  1191.3688965
 Non-elastic cross section              :  1246.1250000

 6. Exclusive cross sections

 6a. Total exclusive cross sections 

     Emitted particles     cross section reaction         level    isomeric    isomeric    lifetime relative yield
    n   p   d   t   h   a                                        cross section   ratio
    0   0   0   0   0   0    1.19137E+03  (n,g)                                                     1.00000E+00

 Absorption cross section                 :  1191.36902

 Sum over exclusive channel cross sections:  1191.36902
 (n,gn) + (n,gp) +...(n,ga) cross sections:     0.00000
 Total                                    :  1191.36902
 Non-elastic cross section                :  1246.12500

 10. Gamma-ray intensities

 Nuclide: 209Pb

     Initial level          Final level     Gamma Energy  Cross section 

  no.  J/Pi    Ex         no.  J/Pi    Ex

   1   5.5+  0.7789  --->  0   4.5+  0.0000    0.77889   4.211399E-04
   3   2.5+  1.5671  --->  0   4.5+  0.0000    1.56709   1.155981E+03
   4   0.5+  2.0322  --->  3   2.5+  1.5671    0.46512   9.640992E+02
   5   0.5-  2.1494  --->  0   4.5+  0.0000    2.14943   3.738509E-03
   5   0.5-  2.1494  --->  3   2.5+  1.5671    0.58234   1.627168E+00
   5   0.5-  2.1494  --->  4   0.5+  2.0322    0.11722   4.172065E+02
   6   1.5-  2.3159  --->  0   4.5+  0.0000    2.31593   2.994779E+01
   6   1.5-  2.3159  --->  3   2.5+  1.5671    0.74884   8.130933E+01
   6   1.5-  2.3159  --->  4   0.5+  2.0322    0.28372   1.426500E+02
   7   3.5-  2.4240  --->  0   4.5+  0.0000    2.42400   1.388770E-02
   7   3.5-  2.4240  --->  1   5.5+  0.7789    1.64511   7.241331E-08
   7   3.5-  2.4240  --->  3   2.5+  1.5671    0.85691   5.948899E-04
   8   2.5-  2.4610  --->  0   4.5+  0.0000    2.46100   1.872212E+00
   8   2.5-  2.4610  --->  3   2.5+  1.5671    0.89391   4.679630E-01
   9   3.5+  2.4910  --->  0   4.5+  0.0000    2.49100   1.390294E-02
   9   3.5+  2.4910  --->  1   5.5+  0.7789    1.71211   4.310196E-04
  10   1.5-  2.5249  --->  5   0.5-  2.1494    0.37550   1.440056E+02

  Total                                                  2.939200E+03

 ########## RESULTS FOR E=   0.00100 ##########

 Energy dependent input flags

 Width fluctuations (flagwidth)            : y
 Unresolved resonance parameters (flagurr) : n
 Preequilibrium (flagpreeq)                : n
 Multiple preequilibrium (flagmulpre)      : n
 Number of continuum excitation energy bins: 40

 ########### REACTION SUMMARY FOR E=   0.00100 ###########

 Center-of-mass energy:    0.001

 1. Total (binary) cross sections

 Total           = 2.20848E+04
   Shape elastic   = 1.22863E+04
   Reaction        = 9.79854E+03
     Compound elastic= 9.78972E+03
     Non-elastic     = 8.82129E+00
       Direct          = 0.00000E+00
       Pre-equilibrium = 0.00000E+00
       Compound non-el = 8.82129E+00
     Total elastic   = 2.20760E+04

 2. Binary non-elastic cross sections (non-exclusive)

 gamma   = 6.15219E+00
 neutron = 0.00000E+00
 proton  = 0.00000E+00
 deuteron= 0.00000E+00
 triton  = 0.00000E+00
 helium-3= 0.00000E+00
 alpha   = 0.00000E+00

 3. Total particle production cross sections

 gamma   = 6.97884E+00    Multiplicity= 7.91135E-01
 neutron = 0.00000E+00    Multiplicity= 0.00000E+00
 proton  = 0.00000E+00    Multiplicity= 0.00000E+00
 deuteron= 0.00000E+00    Multiplicity= 0.00000E+00
 triton  = 0.00000E+00    Multiplicity= 0.00000E+00
 helium-3= 0.00000E+00    Multiplicity= 0.00000E+00
 alpha   = 0.00000E+00    Multiplicity= 0.00000E+00

 4. Residual production cross sections

   a. Per isotope

   Z   A  nuclide    total     level   isomeric    isomeric    lifetime
                 cross section       cross section  ratio

   82 209 (209Pb) 6.15219E+00    0    6.15219E+00  1.00000

   b. Per mass

   A  cross section

  209 6.15219E+00

 Total residual production cross section:     6.1521940
 Non-elastic cross section              :     8.8212891

 6. Exclusive cross sections

 6a. Total exclusive cross sections 

     Emitted particles     cross section reaction         level    isomeric    isomeric    lifetime relative yield
    n   p   d   t   h   a                                        cross section   ratio
    0   0   0   0   0   0    6.15219E+00  (n,g)                                                     1.00000E+00

 Absorption cross section                 :     6.15219

 Sum over exclusive channel cross sections:     6.15219
 (n,gn) + (n,gp) +...(n,ga) cross sections:     0.00000
 Total                                    :     6.15219
 Non-elastic cross section                :     8.82129

 10. Gamma-ray intensities

 Nuclide: 209Pb

     Initial level          Final level     Gamma Energy  Cross section 

  no.  J/Pi    Ex         no.  J/Pi    Ex

   1   5.5+  0.7789  --->  0   4.5+  0.0000    0.77889   2.278867E-04
   3   2.5+  1.5671  --->  0   4.5+  0.0000    1.56709   5.828918E+00
   4   0.5+  2.0322  --->  3   2.5+  1.5671    0.46512   3.281233E+00
   5   0.5-  2.1494  --->  0   4.5+  0.0000    2.14943   1.016583E-05
   5   0.5-  2.1494  --->  3   2.5+  1.5671    0.58234   4.424628E-03
   5   0.5-  2.1494  --->  4   0.5+  2.0322    0.11722   1.134476E+00
   6   1.5-  2.3159  --->  0   4.5+  0.0000    2.31593   8.510275E-02
   6   1.5-  2.3159  --->  3   2.5+  1.5671    0.74884   2.310570E-01
   6   1.5-  2.3159  --->  4   0.5+  2.0322    0.28372   4.053689E-01
   7   3.5-  2.4240  --->  0   4.5+  0.0000    2.42400   1.254256E-02
   7   3.5-  2.4240  --->  1   5.5+  0.7789    1.64511   6.539950E-08
   7   3.5-  2.4240  --->  3   2.5+  1.5671    0.85691   5.372700E-04
   8   2.5-  2.4610  --->  0   4.5+  0.0000    2.46100   1.891959E-01
   8   2.5-  2.4610  --->  3   2.5+  1.5671    0.89391   4.728987E-02
   9   3.5+  2.4910  --->  0   4.5+  0.0000    2.49100   7.320466E-03
   9   3.5+  2.4910  --->  1   5.5+  0.7789    1.71211   2.269495E-04
  10   1.5-  2.5249  --->  5   0.5-  2.1494    0.37550   4.653687E-01

  Total                                                  1.169330E+01

 ########## RESULTS FOR E=   0.00200 ##########

 Energy dependent input flags

 Width fluctuations (flagwidth)            : y
 Unresolved resonance parameters (flagurr) : n
 Preequilibrium (flagpreeq)                : n
 Multiple preequilibrium (flagmulpre)      : n
 Number of continuum excitation energy bins: 40

 ########### REACTION SUMMARY FOR E=   0.00200 ###########

 Center-of-mass energy:    0.002

 1. Total (binary) cross sections

 Total           = 1.91818E+04
   Shape elastic   = 1.22280E+04
   Reaction        = 6.95380E+03
     Compound elastic= 6.94826E+03
     Non-elastic     = 5.54297E+00
       Direct          = 0.00000E+00
       Pre-equilibrium = 0.00000E+00
       Compound non-el = 5.54297E+00
     Total elastic   = 1.91763E+04

 2. Binary non-elastic cross sections (non-exclusive)

 gamma   = 3.66639E+00
 neutron = 0.00000E+00
 proton  = 0.00000E+00
 deuteron= 0.00000E+00
 triton  = 0.00000E+00
 helium-3= 0.00000E+00
 alpha   = 0.00000E+00

 3. Total particle production cross sections

 gamma   = 4.16806E+00    Multiplicity= 7.51954E-01
 neutron = 0.00000E+00    Multiplicity= 0.00000E+00
 proton  = 0.00000E+00    Multiplicity= 0.00000E+00
 deuteron= 0.00000E+00    Multiplicity= 0.00000E+00
 triton  = 0.00000E+00    Multiplicity= 0.00000E+00
 helium-3= 0.00000E+00    Multiplicity= 0.00000E+00
 alpha   = 0.00000E+00    Multiplicity= 0.00000E+00

 4. Residual production cross sections

   a. Per isotope

   Z   A  nuclide    total     level   isomeric    isomeric    lifetime
                 cross section       cross section  ratio

   82 209 (209Pb) 3.66639E+00    0    3.66639E+00  1.00000

   b. Per mass

   A  cross section

  209 3.66639E+00

 Total residual production cross section:     3.6663933
 Non-elastic cross section              :     5.5429688

 6. Exclusive cross sections

 6a. Total exclusive cross sections 

     Emitted particles     cross section reaction         level    isomeric    isomeric    lifetime relative yield
    n   p   d   t   h   a                                        cross section   ratio
    0   0   0   0   0   0    3.66639E+00  (n,g)                                                     1.00000E+00

 Absorption cross section                 :     3.66639

 Sum over exclusive channel cross sections:     3.66639
 (n,gn) + (n,gp) +...(n,ga) cross sections:     0.00000
 Total                                    :     3.66639
 Non-elastic cross section                :     5.54297

 10. Gamma-ray intensities

 Nuclide: 209Pb

     Initial level          Final level     Gamma Energy  Cross section 

  no.  J/Pi    Ex         no.  J/Pi    Ex

   1   5.5+  0.7789  --->  0   4.5+  0.0000    0.77889   3.377837E-04
   3   2.5+  1.5671  --->  0   4.5+  0.0000    1.56709   3.441058E+00
   4   0.5+  2.0322  --->  3   2.5+  1.5671    0.46512   1.889499E+00
   5   0.5-  2.1494  --->  0   4.5+  0.0000    2.14943   5.833461E-06
   5   0.5-  2.1494  --->  3   2.5+  1.5671    0.58234   2.538986E-03
   5   0.5-  2.1494  --->  4   0.5+  2.0322    0.11722   6.509968E-01
   6   1.5-  2.3159  --->  0   4.5+  0.0000    2.31593   4.984309E-02
   6   1.5-  2.3159  --->  3   2.5+  1.5671    0.74884   1.353258E-01
   6   1.5-  2.3159  --->  4   0.5+  2.0322    0.28372   2.374170E-01
   7   3.5-  2.4240  --->  0   4.5+  0.0000    2.42400   1.566039E-02
   7   3.5-  2.4240  --->  1   5.5+  0.7789    1.64511   8.165649E-08
   7   3.5-  2.4240  --->  3   2.5+  1.5671    0.85691   6.708244E-04
   8   2.5-  2.4610  --->  0   4.5+  0.0000    2.46100   1.242009E-01
   8   2.5-  2.4610  --->  3   2.5+  1.5671    0.89391   3.104426E-02
   9   3.5+  2.4910  --->  0   4.5+  0.0000    2.49100   1.065412E-02
   9   3.5+  2.4910  --->  1   5.5+  0.7789    1.71211   3.302998E-04
  10   1.5-  2.5249  --->  5   0.5-  2.1494    0.37550   2.721970E-01

  Total                                                  6.861780E+00

 ########## RESULTS FOR E=   0.00500 ##########

 Energy dependent input flags

 Width fluctuations (flagwidth)            : y
 Unresolved resonance parameters (flagurr) : n
 Preequilibrium (flagpreeq)                : n
 Multiple preequilibrium (flagmulpre)      : n
 Number of continuum excitation energy bins: 40

 ########### REACTION SUMMARY FOR E=   0.00500 ###########

 Center-of-mass energy:    0.005

 1. Total (binary) cross sections

 Total           = 1.65524E+04
   Shape elastic   = 1.20928E+04
   Reaction        = 4.45956E+03
     Compound elastic= 4.45637E+03
     Non-elastic     = 3.18701E+00
       Direct          = 0.00000E+00
       Pre-equilibrium = 0.00000E+00
       Compound non-el = 3.18701E+00
     Total elastic   = 1.65492E+04

 2. Binary non-elastic cross sections (non-exclusive)

 gamma   = 2.00292E+00
 neutron = 0.00000E+00
 proton  = 0.00000E+00
 deuteron= 0.00000E+00
 triton  = 0.00000E+00
 helium-3= 0.00000E+00
 alpha   = 0.00000E+00

 3. Total particle production cross sections

 gamma   = 2.30183E+00    Multiplicity= 7.22253E-01
 neutron = 0.00000E+00    Multiplicity= 0.00000E+00
 proton  = 0.00000E+00    Multiplicity= 0.00000E+00
 deuteron= 0.00000E+00    Multiplicity= 0.00000E+00
 triton  = 0.00000E+00    Multiplicity= 0.00000E+00
 helium-3= 0.00000E+00    Multiplicity= 0.00000E+00
 alpha   = 0.00000E+00    Multiplicity= 0.00000E+00

 4. Residual production cross sections

   a. Per isotope

   Z   A  nuclide    total     level   isomeric    isomeric    lifetime
                 cross section       cross section  ratio

   82 209 (209Pb) 2.00292E+00    0    2.00292E+00  1.00000

   b. Per mass

   A  cross section

  209 2.00292E+00

 Total residual production cross section:     2.0029223
 Non-elastic cross section              :     3.1870117

 6. Exclusive cross sections

 6a. Total exclusive cross sections 

     Emitted particles     cross section reaction         level    isomeric    isomeric    lifetime relative yield
    n   p   d   t   h   a                                        cross section   ratio
    0   0   0   0   0   0    2.00292E+00  (n,g)                                                     1.00000E+00

 Absorption cross section                 :     2.00292

 Sum over exclusive channel cross sections:     2.00292
 (n,gn) + (n,gp) +...(n,ga) cross sections:     0.00000
 Total                                    :     2.00292
 Non-elastic cross section                :     3.18701

 10. Gamma-ray intensities

 Nuclide: 209Pb

     Initial level          Final level     Gamma Energy  Cross section 

  no.  J/Pi    Ex         no.  J/Pi    Ex

   1   5.5+  0.7789  --->  0   4.5+  0.0000    0.77889   6.582022E-04
   3   2.5+  1.5671  --->  0   4.5+  0.0000    1.56709   1.809937E+00
   4   0.5+  2.0322  --->  3   2.5+  1.5671    0.46512   9.540861E-01
   5   0.5-  2.1494  --->  0   4.5+  0.0000    2.14943   3.014791E-06
   5   0.5-  2.1494  --->  3   2.5+  1.5671    0.58234   1.312173E-03
   5   0.5-  2.1494  --->  4   0.5+  2.0322    0.11722   3.364416E-01
   6   1.5-  2.3159  --->  0   4.5+  0.0000    2.31593   2.795941E-02
   6   1.5-  2.3159  --->  3   2.5+  1.5671    0.74884   7.591081E-02
   6   1.5-  2.3159  --->  4   0.5+  2.0322    0.28372   1.331787E-01
   7   3.5-  2.4240  --->  0   4.5+  0.0000    2.42400   2.772429E-02
   7   3.5-  2.4240  --->  1   5.5+  0.7789    1.64511   1.445601E-07
   7   3.5-  2.4240  --->  3   2.5+  1.5671    0.85691   1.187591E-03
   8   2.5-  2.4610  --->  0   4.5+  0.0000    2.46100   8.527438E-02
   8   2.5-  2.4610  --->  3   2.5+  1.5671    0.89391   2.131449E-02
   9   3.5+  2.4910  --->  0   4.5+  0.0000    2.49100   2.055395E-02
   9   3.5+  2.4910  --->  1   5.5+  0.7789    1.71211   6.372150E-04
  10   1.5-  2.5249  --->  5   0.5-  2.1494    0.37550   1.488693E-01

  Total                                                  3.645048E+00

 ########## RESULTS FOR E=   0.01000 ##########

 Energy dependent input flags

 Width fluctuations (flagwidth)            : y
 Unresolved resonance parameters (flagurr) : n
 Preequilibrium (flagpreeq)                : n
 Multiple preequilibrium (flagmulpre)      : n
 Number of continuum excitation energy bins: 40

 ########### REACTION SUMMARY FOR E=   0.01000 ###########

 Center-of-mass energy:    0.010

 1. Total (binary) cross sections

 Total           = 1.51466E+04
   Shape elastic   = 1.19103E+04
   Reaction        = 3.23631E+03
     Compound elastic= 3.23416E+03
     Non-elastic     = 2.15210E+00
       Direct          = 0.00000E+00
       Pre-equilibrium = 0.00000E+00
       Compound non-el = 2.15210E+00
     Total elastic   = 1.51445E+04

 2. Binary non-elastic cross sections (non-exclusive)

 gamma   = 1.30400E+00
 neutron = 0.00000E+00
 proton  = 0.00000E+00
 deuteron= 0.00000E+00
 triton  = 0.00000E+00
 helium-3= 0.00000E+00
 alpha   = 0.00000E+00

 3. Total particle production cross sections

 gamma   = 1.51425E+00    Multiplicity= 7.03615E-01
 neutron = 0.00000E+00    Multiplicity= 0.00000E+00
 proton  = 0.00000E+00    Multiplicity= 0.00000E+00
 deuteron= 0.00000E+00    Multiplicity= 0.00000E+00
 triton  = 0.00000E+00    Multiplicity= 0.00000E+00
 helium-3= 0.00000E+00    Multiplicity= 0.00000E+00
 alpha   = 0.00000E+00    Multiplicity= 0.00000E+00

 4. Residual production cross sections

   a. Per isotope

   Z   A  nuclide    total     level   isomeric    isomeric    lifetime
                 cross section       cross section  ratio

   82 209 (209Pb) 1.30400E+00    0    1.30400E+00  1.00000

   b. Per mass

   A  cross section

  209 1.30400E+00

 Total residual production cross section:     1.3039998
 Non-elastic cross section              :     2.1520996

 6. Exclusive cross sections

 6a. Total exclusive cross sections 

     Emitted particles     cross section reaction         level    isomeric    isomeric    lifetime relative yield
    n   p   d   t   h   a                                        cross section   ratio
    0   0   0   0   0   0    1.30400E+00  (n,g)                                                     1.00000E+00

 Absorption cross section                 :     1.30400

 Sum over exclusive channel cross sections:     1.30400
 (n,gn) + (n,gp) +...(n,ga) cross sections:     0.00000
 Total                                    :     1.30400
 Non-elastic cross section                :     2.15210

 10. Gamma-ray intensities

 Nuclide: 209Pb

     Initial level          Final level     Gamma Energy  Cross section 

  no.  J/Pi    Ex         no.  J/Pi    Ex

   1   5.5+  0.7789  --->  0   4.5+  0.0000    0.77889   7.285920E-04
   3   2.5+  1.5671  --->  0   4.5+  0.0000    1.56709   1.135493E+00
   4   0.5+  2.0322  --->  3   2.5+  1.5671    0.46512   5.787013E-01
   5   0.5-  2.1494  --->  0   4.5+  0.0000    2.14943   1.874207E-06
   5   0.5-  2.1494  --->  3   2.5+  1.5671    0.58234   8.157397E-04
   5   0.5-  2.1494  --->  4   0.5+  2.0322    0.11722   2.091559E-01
   6   1.5-  2.3159  --->  0   4.5+  0.0000    2.31593   1.884590E-02
   6   1.5-  2.3159  --->  3   2.5+  1.5671    0.74884   5.116728E-02
   6   1.5-  2.3159  --->  4   0.5+  2.0322    0.28372   8.976843E-02
   7   3.5-  2.4240  --->  0   4.5+  0.0000    2.42400   3.035150E-02
   7   3.5-  2.4240  --->  1   5.5+  0.7789    1.64511   1.582589E-07
   7   3.5-  2.4240  --->  3   2.5+  1.5671    0.85691   1.300129E-03
   8   2.5-  2.4610  --->  0   4.5+  0.0000    2.46100   6.472071E-02
   8   2.5-  2.4610  --->  3   2.5+  1.5671    0.89391   1.617706E-02
   9   3.5+  2.4910  --->  0   4.5+  0.0000    2.49100   2.269972E-02
   9   3.5+  2.4910  --->  1   5.5+  0.7789    1.71211   7.037382E-04
  10   1.5-  2.5249  --->  5   0.5-  2.1494    0.37550   9.814394E-02

  Total                                                  2.318775E+00

 ########## RESULTS FOR E=   0.02000 ##########

 Energy dependent input flags

 Width fluctuations (flagwidth)            : y
 Unresolved resonance parameters (flagurr) : n
 Preequilibrium (flagpreeq)                : n
 Multiple preequilibrium (flagmulpre)      : n
 Number of continuum excitation energy bins: 40

 ########### REACTION SUMMARY FOR E=   0.02000 ###########

 Center-of-mass energy:    0.020

 1. Total (binary) cross sections

 Total           = 1.40154E+04
   Shape elastic   = 1.16007E+04
   Reaction        = 2.41463E+03
     Compound elastic= 2.41321E+03
     Non-elastic     = 1.41650E+00
       Direct          = 0.00000E+00
       Pre-equilibrium = 0.00000E+00
       Compound non-el = 1.41650E+00
     Total elastic   = 1.40139E+04

 2. Binary non-elastic cross sections (non-exclusive)

 gamma   = 7.91699E-01
 neutron = 0.00000E+00
 proton  = 0.00000E+00
 deuteron= 0.00000E+00
 triton  = 0.00000E+00
 helium-3= 0.00000E+00
 alpha   = 0.00000E+00

 3. Total particle production cross sections

 gamma   = 9.26273E-01    Multiplicity= 6.53915E-01
 neutron = 0.00000E+00    Multiplicity= 0.00000E+00
 proton  = 0.00000E+00    Multiplicity= 0.00000E+00
 deuteron= 0.00000E+00    Multiplicity= 0.00000E+00
 triton  = 0.00000E+00    Multiplicity= 0.00000E+00
 helium-3= 0.00000E+00    Multiplicity= 0.00000E+00
 alpha   = 0.00000E+00    Multiplicity= 0.00000E+00

 4. Residual production cross sections

   a. Per isotope

   Z   A  nuclide    total     level   isomeric    isomeric    lifetime
                 cross section       cross section  ratio

   82 209 (209Pb) 7.91696E-01    0    7.91696E-01  1.00000

   b. Per mass

   A  cross section

  209 7.91696E-01

 Total residual production cross section:     0.7916962
 Non-elastic cross section              :     1.4165039

 6. Exclusive cross sections

 6a. Total exclusive cross sections 

     Emitted particles     cross section reaction         level    isomeric    isomeric    lifetime relative yield
    n   p   d   t   h   a                                        cross section   ratio
    0   0   0   0   0   0    7.91696E-01  (n,g)                                                     1.00000E+00

 Absorption cross section                 :     0.79170

 Sum over exclusive channel cross sections:     0.79170
 (n,gn) + (n,gp) +...(n,ga) cross sections:     0.00000
 Total                                    :     0.79170
 Non-elastic cross section                :     1.41650

 10. Gamma-ray intensities

 Nuclide: 209Pb

     Initial level          Final level     Gamma Energy  Cross section 

  no.  J/Pi    Ex         no.  J/Pi    Ex

   1   5.5+  0.7789  --->  0   4.5+  0.0000    0.77889   5.609873E-04
   3   2.5+  1.5671  --->  0   4.5+  0.0000    1.56709   6.722755E-01
   4   0.5+  2.0322  --->  3   2.5+  1.5671    0.46512   3.351264E-01
   5   0.5-  2.1494  --->  0   4.5+  0.0000    2.14943   1.102945E-06
   5   0.5-  2.1494  --->  3   2.5+  1.5671    0.58234   4.800513E-04
   5   0.5-  2.1494  --->  4   0.5+  2.0322    0.11722   1.230853E-01
   6   1.5-  2.3159  --->  0   4.5+  0.0000    2.31593   1.171459E-02
   6   1.5-  2.3159  --->  3   2.5+  1.5671    0.74884   3.180554E-02
   6   1.5-  2.3159  --->  4   0.5+  2.0322    0.28372   5.579998E-02
   7   3.5-  2.4240  --->  0   4.5+  0.0000    2.42400   2.349253E-02
   7   3.5-  2.4240  --->  1   5.5+  0.7789    1.64511   1.224949E-07
   7   3.5-  2.4240  --->  3   2.5+  1.5671    0.85691   1.006320E-03
   8   2.5-  2.4610  --->  0   4.5+  0.0000    2.46100   4.272957E-02
   8   2.5-  2.4610  --->  3   2.5+  1.5671    0.89391   1.068034E-02
   9   3.5+  2.4910  --->  0   4.5+  0.0000    2.49100   1.744720E-02
   9   3.5+  2.4910  --->  1   5.5+  0.7789    1.71211   5.408992E-04
  10   1.5-  2.5249  --->  5   0.5-  2.1494    0.37550   6.030763E-02

  Total                                                  1.387054E+00

 ########## RESULTS FOR E=   0.05000 ##########

 Energy dependent input flags

 Width fluctuations (flagwidth)            : y
 Unresolved resonance parameters (flagurr) : n
 Preequilibrium (flagpreeq)                : n
 Multiple preequilibrium (flagmulpre)      : n
 Number of continuum excitation energy bins: 40

 ########### REACTION SUMMARY FOR E=   0.05000 ###########

 Center-of-mass energy:    0.050

 1. Total (binary) cross sections

 Total           = 1.26091E+04
   Shape elastic   = 1.08293E+04
   Reaction        = 1.77972E+03
     Compound elastic= 1.77880E+03
     Non-elastic     = 9.18213E-01
       Direct          = 0.00000E+00
       Pre-equilibrium = 0.00000E+00
       Compound non-el = 9.18213E-01
     Total elastic   = 1.26081E+04

 2. Binary non-elastic cross sections (non-exclusive)

 gamma   = 4.68200E-01
 neutron = 0.00000E+00
 proton  = 0.00000E+00
 deuteron= 0.00000E+00
 triton  = 0.00000E+00
 helium-3= 0.00000E+00
 alpha   = 0.00000E+00

 3. Total particle production cross sections

 gamma   = 5.41832E-01    Multiplicity= 5.90095E-01
 neutron = 0.00000E+00    Multiplicity= 0.00000E+00
 proton  = 0.00000E+00    Multiplicity= 0.00000E+00
 deuteron= 0.00000E+00    Multiplicity= 0.00000E+00
 triton  = 0.00000E+00    Multiplicity= 0.00000E+00
 helium-3= 0.00000E+00    Multiplicity= 0.00000E+00
 alpha   = 0.00000E+00    Multiplicity= 0.00000E+00

 4. Residual production cross sections

   a. Per isotope

   Z   A  nuclide    total     level   isomeric    isomeric    lifetime
                 cross section       cross section  ratio

   82 209 (209Pb) 4.68198E-01    0    4.68198E-01  1.00000

   b. Per mass

   A  cross section

  209 4.68198E-01

 Total residual production cross section:     0.4681984
 Non-elastic cross section              :     0.9182129

 6. Exclusive cross sections

 6a. Total exclusive cross sections 

     Emitted particles     cross section reaction         level    isomeric    isomeric    lifetime relative yield
    n   p   d   t   h   a                                        cross section   ratio
    0   0   0   0   0   0    4.68198E-01  (n,g)                                                     1.00000E+00

 Absorption cross section                 :     0.46820

 Sum over exclusive channel cross sections:     0.46820
 (n,gn) + (n,gp) +...(n,ga) cross sections:     0.00000
 Total                                    :     0.46820
 Non-elastic cross section                :     0.91821

 10. Gamma-ray intensities

 Nuclide: 209Pb

     Initial level          Final level     Gamma Energy  Cross section 

  no.  J/Pi    Ex         no.  J/Pi    Ex

   1   5.5+  0.7789  --->  0   4.5+  0.0000    0.77889   5.336668E-04
   2   7.5-  1.4226  --->  0   4.5+  0.0000    1.42264   5.838376E-11
   2   7.5-  1.4226  --->  1   5.5+  0.7789    0.64375   6.421702E-12
   3   2.5+  1.5671  --->  0   4.5+  0.0000    1.56709   3.373266E-01
   4   0.5+  2.0322  --->  3   2.5+  1.5671    0.46512   1.570661E-01
   5   0.5-  2.1494  --->  0   4.5+  0.0000    2.14943   5.237576E-07
   5   0.5-  2.1494  --->  3   2.5+  1.5671    0.58234   2.279630E-04
   5   0.5-  2.1494  --->  4   0.5+  2.0322    0.11722   5.844979E-02
   6   1.5-  2.3159  --->  0   4.5+  0.0000    2.31593   5.870777E-03
   6   1.5-  2.3159  --->  3   2.5+  1.5671    0.74884   1.593937E-02
   6   1.5-  2.3159  --->  4   0.5+  2.0322    0.28372   2.796420E-02
   7   3.5-  2.4240  --->  0   4.5+  0.0000    2.42400   1.501990E-02
   7   3.5-  2.4240  --->  1   5.5+  0.7789    1.64511   7.831686E-08
   7   3.5-  2.4240  --->  3   2.5+  1.5671    0.85691   6.433887E-04
   8   2.5-  2.4610  --->  0   4.5+  0.0000    2.46100   2.310113E-02
   8   2.5-  2.4610  --->  3   2.5+  1.5671    0.89391   5.774170E-03
   9   3.5+  2.4910  --->  0   4.5+  0.0000    2.49100   1.161517E-02
   9   3.5+  2.4910  --->  1   5.5+  0.7789    1.71211   3.600941E-04
  10   1.5-  2.5249  --->  5   0.5-  2.1494    0.37550   3.035588E-02

  Total                                                  6.902488E-01

 ########## RESULTS FOR E=   0.10000 ##########

 Energy dependent input flags

 Width fluctuations (flagwidth)            : y
 Unresolved resonance parameters (flagurr) : n
 Preequilibrium (flagpreeq)                : n
 Multiple preequilibrium (flagmulpre)      : n
 Number of continuum excitation energy bins: 40

 ########### REACTION SUMMARY FOR E=   0.10000 ###########

 Center-of-mass energy:    0.100

 1. Total (binary) cross sections

 Total           = 1.13277E+04
   Shape elastic   = 9.76588E+03
   Reaction        = 1.56178E+03
     Compound elastic= 1.56093E+03
     Non-elastic     = 8.54248E-01
       Direct          = 0.00000E+00
       Pre-equilibrium = 0.00000E+00
       Compound non-el = 8.54248E-01
     Total elastic   = 1.13268E+04

 2. Binary non-elastic cross sections (non-exclusive)

 gamma   = 4.64044E-01
 neutron = 0.00000E+00
 proton  = 0.00000E+00
 deuteron= 0.00000E+00
 triton  = 0.00000E+00
 helium-3= 0.00000E+00
 alpha   = 0.00000E+00

 3. Total particle production cross sections

 gamma   = 5.20454E-01    Multiplicity= 6.09253E-01
 neutron = 2.73160E-06    Multiplicity= 3.19767E-06
 proton  = 0.00000E+00    Multiplicity= 0.00000E+00
 deuteron= 0.00000E+00    Multiplicity= 0.00000E+00
 triton  = 0.00000E+00    Multiplicity= 0.00000E+00
 helium-3= 0.00000E+00    Multiplicity= 0.00000E+00
 alpha   = 0.00000E+00    Multiplicity= 0.00000E+00

 4. Residual production cross sections

   a. Per isotope

   Z   A  nuclide    total     level   isomeric    isomeric    lifetime
                 cross section       cross section  ratio

   82 209 (209Pb) 4.64040E-01    0    4.64040E-01  1.00000

   b. Per mass

   A  cross section

  209 4.64040E-01

 Total residual production cross section:     0.4640402
 Non-elastic cross section              :     0.8542480

 6. Exclusive cross sections

 6a. Total exclusive cross sections 

     Emitted particles     cross section reaction         level    isomeric    isomeric    lifetime relative yield
    n   p   d   t   h   a                                        cross section   ratio
    0   0   0   0   0   0    4.64040E-01  (n,g)                                                     1.00000E+00

 Absorption cross section                 :     0.46404

 Sum over exclusive channel cross sections:     0.46404
 (n,gn) + (n,gp) +...(n,ga) cross sections:     0.00000
 Total                                    :     0.46404
 Non-elastic cross section                :     0.85425

 10. Gamma-ray intensities

 Nuclide: 209Pb

     Initial level          Final level     Gamma Energy  Cross section 

  no.  J/Pi    Ex         no.  J/Pi    Ex

   1   5.5+  0.7789  --->  0   4.5+  0.0000    0.77889   1.401564E-03
   2   7.5-  1.4226  --->  0   4.5+  0.0000    1.42264   3.501106E-09
   2   7.5-  1.4226  --->  1   5.5+  0.7789    0.64375   3.850910E-10
   3   2.5+  1.5671  --->  0   4.5+  0.0000    1.56709   2.302070E-01
   4   0.5+  2.0322  --->  3   2.5+  1.5671    0.46512   9.238312E-02
   5   0.5-  2.1494  --->  0   4.5+  0.0000    2.14943   3.111743E-07
   5   0.5-  2.1494  --->  3   2.5+  1.5671    0.58234   1.354371E-04
   5   0.5-  2.1494  --->  4   0.5+  2.0322    0.11722   3.472612E-02
   6   1.5-  2.3159  --->  0   4.5+  0.0000    2.31593   3.662633E-03
   6   1.5-  2.3159  --->  3   2.5+  1.5671    0.74884   9.944180E-03
   6   1.5-  2.3159  --->  4   0.5+  2.0322    0.28372   1.744618E-02
   7   3.5-  2.4240  --->  0   4.5+  0.0000    2.42400   1.299113E-02
   7   3.5-  2.4240  --->  1   5.5+  0.7789    1.64511   6.773841E-08
   7   3.5-  2.4240  --->  3   2.5+  1.5671    0.85691   5.564846E-04
   8   2.5-  2.4610  --->  0   4.5+  0.0000    2.46100   1.655378E-02
   8   2.5-  2.4610  --->  3   2.5+  1.5671    0.89391   4.137647E-03
   9   3.5+  2.4910  --->  0   4.5+  0.0000    2.49100   1.113301E-02
   9   3.5+  2.4910  --->  1   5.5+  0.7789    1.71211   3.451463E-04
  10   1.5-  2.5249  --->  5   0.5-  2.1494    0.37550   1.926336E-02

  Total                                                  4.548872E-01

 ########## RESULTS FOR E=   0.20000 ##########

 Energy dependent input flags

 Width fluctuations (flagwidth)            : y
 Unresolved resonance parameters (flagurr) : n
 Preequilibrium (flagpreeq)                : n
 Multiple preequilibrium (flagmulpre)      : n
 Number of continuum excitation energy bins: 40

 ########### REACTION SUMMARY FOR E=   0.20000 ###########

 Center-of-mass energy:    0.199

 1. Total (binary) cross sections

 Total           = 9.59277E+03
   Shape elastic   = 8.07322E+03
   Reaction        = 1.51956E+03
     Compound elastic= 1.51871E+03
     Non-elastic     = 8.49121E-01
       Direct          = 0.00000E+00
       Pre-equilibrium = 0.00000E+00
       Compound non-el = 8.49121E-01
     Total elastic   = 9.59193E+03

 2. Binary non-elastic cross sections (non-exclusive)

 gamma   = 4.78201E-01
 neutron = 0.00000E+00
 proton  = 0.00000E+00
 deuteron= 0.00000E+00
 triton  = 0.00000E+00
 helium-3= 0.00000E+00
 alpha   = 0.00000E+00

 3. Total particle production cross sections

 gamma   = 5.31433E-01    Multiplicity= 6.25862E-01
 neutron = 2.37829E-05    Multiplicity= 2.80088E-05
 proton  = 0.00000E+00    Multiplicity= 0.00000E+00
 deuteron= 0.00000E+00    Multiplicity= 0.00000E+00
 triton  = 0.00000E+00    Multiplicity= 0.00000E+00
 helium-3= 0.00000E+00    Multiplicity= 0.00000E+00
 alpha   = 0.00000E+00    Multiplicity= 0.00000E+00

 4. Residual production cross sections

   a. Per isotope

   Z   A  nuclide    total     level   isomeric    isomeric    lifetime
                 cross section       cross section  ratio

   82 209 (209Pb) 4.78176E-01    0    4.78176E-01  1.00000

   b. Per mass

   A  cross section

  209 4.78176E-01

 Total residual production cross section:     0.4781757
 Non-elastic cross section              :     0.8491211

 6. Exclusive cross sections

 6a. Total exclusive cross sections 

     Emitted particles     cross section reaction         level    isomeric    isomeric    lifetime relative yield
    n   p   d   t   h   a                                        cross section   ratio
    0   0   0   0   0   0    4.78176E-01  (n,g)                                                     1.00000E+00

 Absorption cross section                 :     0.47818

 Sum over exclusive channel cross sections:     0.47818
 (n,gn) + (n,gp) +...(n,ga) cross sections:     0.00002
 Total                                    :     0.47820
 Non-elastic cross section                :     0.84912

 10. Gamma-ray intensities

 Nuclide: 209Pb

     Initial level          Final level     Gamma Energy  Cross section 

  no.  J/Pi    Ex         no.  J/Pi    Ex

   1   5.5+  0.7789  --->  0   4.5+  0.0000    0.77889   5.281948E-03
   2   7.5-  1.4226  --->  0   4.5+  0.0000    1.42264   2.257225E-07
   2   7.5-  1.4226  --->  1   5.5+  0.7789    0.64375   2.482749E-08
   3   2.5+  1.5671  --->  0   4.5+  0.0000    1.56709   1.734444E-01
   4   0.5+  2.0322  --->  3   2.5+  1.5671    0.46512   5.927056E-02
   5   0.5-  2.1494  --->  0   4.5+  0.0000    2.14943   2.013932E-07
   5   0.5-  2.1494  --->  3   2.5+  1.5671    0.58234   8.765543E-05
   5   0.5-  2.1494  --->  4   0.5+  2.0322    0.11722   2.247488E-02
   6   1.5-  2.3159  --->  0   4.5+  0.0000    2.31593   2.458021E-03
   6   1.5-  2.3159  --->  3   2.5+  1.5671    0.74884   6.673615E-03
   6   1.5-  2.3159  --->  4   0.5+  2.0322    0.28372   1.170826E-02
   7   3.5-  2.4240  --->  0   4.5+  0.0000    2.42400   1.317144E-02
   7   3.5-  2.4240  --->  1   5.5+  0.7789    1.64511   6.867858E-08
   7   3.5-  2.4240  --->  3   2.5+  1.5671    0.85691   5.642083E-04
   8   2.5-  2.4610  --->  0   4.5+  0.0000    2.46100   1.363597E-02
   8   2.5-  2.4610  --->  3   2.5+  1.5671    0.89391   3.408337E-03
   9   3.5+  2.4910  --->  0   4.5+  0.0000    2.49100   1.178816E-02
   9   3.5+  2.4910  --->  1   5.5+  0.7789    1.71211   3.654572E-04
  10   1.5-  2.5249  --->  5   0.5-  2.1494    0.37550   1.314825E-02

  Total                                                  3.374818E-01

 ########## RESULTS FOR E=   0.30000 ##########

 Energy dependent input flags

 Width fluctuations (flagwidth)            : y
 Unresolved resonance parameters (flagurr) : n
 Preequilibrium (flagpreeq)                : n
 Multiple preequilibrium (flagmulpre)      : n
 Number of continuum excitation energy bins: 40

 ########### REACTION SUMMARY FOR E=   0.30000 ###########

 Center-of-mass energy:    0.299

 1. Total (binary) cross sections

 Total           = 8.31659E+03
   Shape elastic   = 6.76554E+03
   Reaction        = 1.55105E+03
     Compound elastic= 1.55021E+03
     Non-elastic     = 8.40210E-01
       Direct          = 0.00000E+00
       Pre-equilibrium = 0.00000E+00
       Compound non-el = 8.40210E-01
     Total elastic   = 8.31575E+03

 2. Binary non-elastic cross sections (non-exclusive)

 gamma   = 4.74023E-01
 neutron = 0.00000E+00
 proton  = 0.00000E+00
 deuteron= 0.00000E+00
 triton  = 0.00000E+00
 helium-3= 0.00000E+00
 alpha   = 0.00000E+00

 3. Total particle production cross sections

 gamma   = 5.31237E-01    Multiplicity= 6.32267E-01
 neutron = 9.78683E-05    Multiplicity= 1.16481E-04
 proton  = 0.00000E+00    Multiplicity= 0.00000E+00
 deuteron= 0.00000E+00    Multiplicity= 0.00000E+00
 triton  = 0.00000E+00    Multiplicity= 0.00000E+00
 helium-3= 0.00000E+00    Multiplicity= 0.00000E+00
 alpha   = 0.00000E+00    Multiplicity= 0.00000E+00

 4. Residual production cross sections

   a. Per isotope

   Z   A  nuclide    total     level   isomeric    isomeric    lifetime
                 cross section       cross section  ratio

   82 209 (209Pb) 4.73924E-01    0    4.73924E-01  1.00000

   b. Per mass

   A  cross section

  209 4.73924E-01

 Total residual production cross section:     0.4739238
 Non-elastic cross section              :     0.8402100

 6. Exclusive cross sections

 6a. Total exclusive cross sections 

     Emitted particles     cross section reaction         level    isomeric    isomeric    lifetime relative yield
    n   p   d   t   h   a                                        cross section   ratio
    0   0   0   0   0   0    4.73924E-01  (n,g)                                                     1.00000E+00

 Absorption cross section                 :     0.47392

 Sum over exclusive channel cross sections:     0.47392
 (n,gn) + (n,gp) +...(n,ga) cross sections:     0.00010
 Total                                    :     0.47402
 Non-elastic cross section                :     0.84021

 10. Gamma-ray intensities

 Nuclide: 209Pb

     Initial level          Final level     Gamma Energy  Cross section 

  no.  J/Pi    Ex         no.  J/Pi    Ex

   1   5.5+  0.7789  --->  0   4.5+  0.0000    0.77889   1.167979E-02
   2   7.5-  1.4226  --->  0   4.5+  0.0000    1.42264   1.133530E-05
   2   7.5-  1.4226  --->  1   5.5+  0.7789    0.64375   1.246784E-06
   3   2.5+  1.5671  --->  0   4.5+  0.0000    1.56709   1.524582E-01
   4   0.5+  2.0322  --->  3   2.5+  1.5671    0.46512   4.906005E-02
   5   0.5-  2.1494  --->  0   4.5+  0.0000    2.14943   1.672945E-07
   5   0.5-  2.1494  --->  3   2.5+  1.5671    0.58234   7.281412E-05
   5   0.5-  2.1494  --->  4   0.5+  2.0322    0.11722   1.866957E-02
   6   1.5-  2.3159  --->  0   4.5+  0.0000    2.31593   2.069014E-03
   6   1.5-  2.3159  --->  3   2.5+  1.5671    0.74884   5.617448E-03
   6   1.5-  2.3159  --->  4   0.5+  2.0322    0.28372   9.855311E-03
   7   3.5-  2.4240  --->  0   4.5+  0.0000    2.42400   1.434847E-02
   7   3.5-  2.4240  --->  1   5.5+  0.7789    1.64511   7.481584E-08
   7   3.5-  2.4240  --->  3   2.5+  1.5671    0.85691   6.146272E-04
   8   2.5-  2.4610  --->  0   4.5+  0.0000    2.46100   1.284822E-02
   8   2.5-  2.4610  --->  3   2.5+  1.5671    0.89391   3.211437E-03
   9   3.5+  2.4910  --->  0   4.5+  0.0000    2.49100   1.238101E-02
   9   3.5+  2.4910  --->  1   5.5+  0.7789    1.71211   3.838367E-04
  10   1.5-  2.5249  --->  5   0.5-  2.1494    0.37550   1.115276E-02

  Total                                                  3.044354E-01

 ########## RESULTS FOR E=   0.40000 ##########

 Energy dependent input flags

 Width fluctuations (flagwidth)            : y
 Unresolved resonance parameters (flagurr) : n
 Preequilibrium (flagpreeq)                : n
 Multiple preequilibrium (flagmulpre)      : n
 Number of continuum excitation energy bins: 40

 ########### REACTION SUMMARY FOR E=   0.40000 ###########

 Center-of-mass energy:    0.398

 1. Total (binary) cross sections

 Total           = 7.32721E+03
   Shape elastic   = 5.74313E+03
   Reaction        = 1.58408E+03
     Compound elastic= 1.58324E+03
     Non-elastic     = 8.42773E-01
       Direct          = 0.00000E+00
       Pre-equilibrium = 0.00000E+00
       Compound non-el = 8.42773E-01
     Total elastic   = 7.32637E+03

 2. Binary non-elastic cross sections (non-exclusive)

 gamma   = 4.81986E-01
 neutron = 0.00000E+00
 proton  = 0.00000E+00
 deuteron= 0.00000E+00
 triton  = 0.00000E+00
 helium-3= 0.00000E+00
 alpha   = 0.00000E+00

 3. Total particle production cross sections

 gamma   = 5.45035E-01    Multiplicity= 6.46716E-01
 neutron = 2.83288E-04    Multiplicity= 3.36138E-04
 proton  = 0.00000E+00    Multiplicity= 0.00000E+00
 deuteron= 0.00000E+00    Multiplicity= 0.00000E+00
 triton  = 0.00000E+00    Multiplicity= 0.00000E+00
 helium-3= 0.00000E+00    Multiplicity= 0.00000E+00
 alpha   = 0.00000E+00    Multiplicity= 0.00000E+00

 4. Residual production cross sections

   a. Per isotope

   Z   A  nuclide    total     level   isomeric    isomeric    lifetime
                 cross section       cross section  ratio

   82 209 (209Pb) 4.81701E-01    0    4.81701E-01  1.00000

   b. Per mass

   A  cross section

  209 4.81701E-01

 Total residual production cross section:     0.4817006
 Non-elastic cross section              :     0.8427734

 6. Exclusive cross sections

 6a. Total exclusive cross sections 

     Emitted particles     cross section reaction         level    isomeric    isomeric    lifetime relative yield
    n   p   d   t   h   a                                        cross section   ratio
    0   0   0   0   0   0    4.81701E-01  (n,g)                                                     1.00000E+00

 Absorption cross section                 :     0.48170

 Sum over exclusive channel cross sections:     0.48170
 (n,gn) + (n,gp) +...(n,ga) cross sections:     0.00028
 Total                                    :     0.48198
 Non-elastic cross section                :     0.84277

 10. Gamma-ray intensities

 Nuclide: 209Pb

     Initial level          Final level     Gamma Energy  Cross section 

  no.  J/Pi    Ex         no.  J/Pi    Ex

   1   5.5+  0.7789  --->  0   4.5+  0.0000    0.77889   1.933022E-02
   2   7.5-  1.4226  --->  0   4.5+  0.0000    1.42264   4.383544E-05
   2   7.5-  1.4226  --->  1   5.5+  0.7789    0.64375   4.821513E-06
   3   2.5+  1.5671  --->  0   4.5+  0.0000    1.56709   1.432166E-01
   4   0.5+  2.0322  --->  3   2.5+  1.5671    0.46512   4.508500E-02
   5   0.5-  2.1494  --->  0   4.5+  0.0000    2.14943   1.541412E-07
   5   0.5-  2.1494  --->  3   2.5+  1.5671    0.58234   6.708920E-05
   5   0.5-  2.1494  --->  4   0.5+  2.0322    0.11722   1.720169E-02
   6   1.5-  2.3159  --->  0   4.5+  0.0000    2.31593   1.915960E-03
   6   1.5-  2.3159  --->  3   2.5+  1.5671    0.74884   5.201901E-03
   6   1.5-  2.3159  --->  4   0.5+  2.0322    0.28372   9.126271E-03
   7   3.5-  2.4240  --->  0   4.5+  0.0000    2.42400   1.548075E-02
   7   3.5-  2.4240  --->  1   5.5+  0.7789    1.64511   8.071979E-08
   7   3.5-  2.4240  --->  3   2.5+  1.5671    0.85691   6.631293E-04
   8   2.5-  2.4610  --->  0   4.5+  0.0000    2.46100   1.261894E-02
   8   2.5-  2.4610  --->  3   2.5+  1.5671    0.89391   3.154128E-03
   9   3.5+  2.4910  --->  0   4.5+  0.0000    2.49100   1.284965E-02
   9   3.5+  2.4910  --->  1   5.5+  0.7789    1.71211   3.983658E-04
  10   1.5-  2.5249  --->  5   0.5-  2.1494    0.37550   1.039663E-02

  Total                                                  2.967551E-01

 ########## RESULTS FOR E=   0.50000 ##########

 Energy dependent input flags

 Width fluctuations (flagwidth)            : y
 Unresolved resonance parameters (flagurr) : n
 Preequilibrium (flagpreeq)                : n
 Multiple preequilibrium (flagmulpre)      : n
 Number of continuum excitation energy bins: 40

 ########### REACTION SUMMARY FOR E=   0.50000 ###########

 Center-of-mass energy:    0.498

 1. Total (binary) cross sections

 Total           = 6.55653E+03
   Shape elastic   = 4.94668E+03
   Reaction        = 1.60985E+03
     Compound elastic= 1.60898E+03
     Non-elastic     = 8.66821E-01
       Direct          = 0.00000E+00
       Pre-equilibrium = 0.00000E+00
       Compound non-el = 8.66821E-01
     Total elastic   = 6.55566E+03

 2. Binary non-elastic cross sections (non-exclusive)

 gamma   = 5.11938E-01
 neutron = 0.00000E+00
 proton  = 0.00000E+00
 deuteron= 0.00000E+00
 triton  = 0.00000E+00
 helium-3= 0.00000E+00
 alpha   = 0.00000E+00

 3. Total particle production cross sections

 gamma   = 5.82594E-01    Multiplicity= 6.72104E-01
 neutron = 6.26927E-04    Multiplicity= 7.23249E-04
 proton  = 0.00000E+00    Multiplicity= 0.00000E+00
 deuteron= 0.00000E+00    Multiplicity= 0.00000E+00
 triton  = 0.00000E+00    Multiplicity= 0.00000E+00
 helium-3= 0.00000E+00    Multiplicity= 0.00000E+00
 alpha   = 0.00000E+00    Multiplicity= 0.00000E+00

 4. Residual production cross sections

   a. Per isotope

   Z   A  nuclide    total     level   isomeric    isomeric    lifetime
                 cross section       cross section  ratio

   82 209 (209Pb) 5.11308E-01    0    5.11308E-01  1.00000

   b. Per mass

   A  cross section

  209 5.11308E-01

 Total residual production cross section:     0.5113081
 Non-elastic cross section              :     0.8668213

 6. Exclusive cross sections

 6a. Total exclusive cross sections 

     Emitted particles     cross section reaction         level    isomeric    isomeric    lifetime relative yield
    n   p   d   t   h   a                                        cross section   ratio
    0   0   0   0   0   0    5.11308E-01  (n,g)                                                     1.00000E+00

 Absorption cross section                 :     0.51131

 Sum over exclusive channel cross sections:     0.51131
 (n,gn) + (n,gp) +...(n,ga) cross sections:     0.00063
 Total                                    :     0.51194
 Non-elastic cross section                :     0.86682

 10. Gamma-ray intensities

 Nuclide: 209Pb

     Initial level          Final level     Gamma Energy  Cross section 

  no.  J/Pi    Ex         no.  J/Pi    Ex

   1   5.5+  0.7789  --->  0   4.5+  0.0000    0.77889   3.044229E-02
   2   7.5-  1.4226  --->  0   4.5+  0.0000    1.42264   1.183687E-04
   2   7.5-  1.4226  --->  1   5.5+  0.7789    0.64375   1.301952E-05
   3   2.5+  1.5671  --->  0   4.5+  0.0000    1.56709   1.400870E-01
   4   0.5+  2.0322  --->  3   2.5+  1.5671    0.46512   4.382269E-02
   5   0.5-  2.1494  --->  0   4.5+  0.0000    2.14943   1.502706E-07
   5   0.5-  2.1494  --->  3   2.5+  1.5671    0.58234   6.540453E-05
   5   0.5-  2.1494  --->  4   0.5+  2.0322    0.11722   1.676974E-02
   6   1.5-  2.3159  --->  0   4.5+  0.0000    2.31593   1.870441E-03
   6   1.5-  2.3159  --->  3   2.5+  1.5671    0.74884   5.078316E-03
   6   1.5-  2.3159  --->  4   0.5+  2.0322    0.28372   8.909452E-03
   7   3.5-  2.4240  --->  0   4.5+  0.0000    2.42400   1.660144E-02
   7   3.5-  2.4240  --->  1   5.5+  0.7789    1.64511   8.656330E-08
   7   3.5-  2.4240  --->  3   2.5+  1.5671    0.85691   7.111348E-04
   8   2.5-  2.4610  --->  0   4.5+  0.0000    2.46100   1.273418E-02
   8   2.5-  2.4610  --->  3   2.5+  1.5671    0.89391   3.182931E-03
   9   3.5+  2.4910  --->  0   4.5+  0.0000    2.49100   1.340568E-02
   9   3.5+  2.4910  --->  1   5.5+  0.7789    1.71211   4.156037E-04
  10   1.5-  2.5249  --->  5   0.5-  2.1494    0.37550   1.021970E-02

  Total                                                  3.044477E-01

 ########## RESULTS FOR E=   0.75000 ##########

 Energy dependent input flags

 Width fluctuations (flagwidth)            : y
 Unresolved resonance parameters (flagurr) : n
 Preequilibrium (flagpreeq)                : n
 Multiple preequilibrium (flagmulpre)      : n
 Number of continuum excitation energy bins: 40

 ########### REACTION SUMMARY FOR E=   0.75000 ###########

 Center-of-mass energy:    0.746

 1. Total (binary) cross sections

 Total           = 5.33980E+03
   Shape elastic   = 3.68112E+03
   Reaction        = 1.65868E+03
     Compound elastic= 1.65767E+03
     Non-elastic     = 1.00806E+00
       Direct          = 0.00000E+00
       Pre-equilibrium = 0.00000E+00
       Compound non-el = 1.00806E+00
     Total elastic   = 5.33879E+03

 2. Binary non-elastic cross sections (non-exclusive)

 gamma   = 6.66740E-01
 neutron = 0.00000E+00
 proton  = 0.00000E+00
 deuteron= 0.00000E+00
 triton  = 0.00000E+00
 helium-3= 0.00000E+00
 alpha   = 0.00000E+00

 3. Total particle production cross sections

 gamma   = 7.66028E-01    Multiplicity= 7.59906E-01
 neutron = 2.54740E-03    Multiplicity= 2.52704E-03
 proton  = 0.00000E+00    Multiplicity= 0.00000E+00
 deuteron= 0.00000E+00    Multiplicity= 0.00000E+00
 triton  = 0.00000E+00    Multiplicity= 0.00000E+00
 helium-3= 0.00000E+00    Multiplicity= 0.00000E+00
 alpha   = 0.00000E+00    Multiplicity= 0.00000E+00

 4. Residual production cross sections

   a. Per isotope

   Z   A  nuclide    total     level   isomeric    isomeric    lifetime
                 cross section       cross section  ratio

   82 209 (209Pb) 6.64189E-01    0    6.64189E-01  1.00000
   82 208 (208Pb) 2.54740E-03    0    2.54740E-03  1.00000

   b. Per mass

   A  cross section

  209 6.64189E-01
  208 2.54740E-03

 Total residual production cross section:     0.6667359
 Non-elastic cross section              :     1.0080566

 6. Exclusive cross sections

 6a. Total exclusive cross sections 

     Emitted particles     cross section reaction         level    isomeric    isomeric    lifetime relative yield
    n   p   d   t   h   a                                        cross section   ratio
    0   0   0   0   0   0    6.64189E-01  (n,g)                                                     1.00000E+00

 Absorption cross section                 :     0.66419

 Sum over exclusive channel cross sections:     0.66419
 (n,gn) + (n,gp) +...(n,ga) cross sections:     0.00255
 Total                                    :     0.66674
 Non-elastic cross section                :     1.00806

 10. Gamma-ray intensities

 Nuclide: 209Pb

     Initial level          Final level     Gamma Energy  Cross section 

  no.  J/Pi    Ex         no.  J/Pi    Ex

   1   5.5+  0.7789  --->  0   4.5+  0.0000    0.77889   7.155667E-02
   2   7.5-  1.4226  --->  0   4.5+  0.0000    1.42264   5.116577E-04
   2   7.5-  1.4226  --->  1   5.5+  0.7789    0.64375   5.627786E-05
   3   2.5+  1.5671  --->  0   4.5+  0.0000    1.56709   1.471661E-01
   4   0.5+  2.0322  --->  3   2.5+  1.5671    0.46512   4.634104E-02
   5   0.5-  2.1494  --->  0   4.5+  0.0000    2.14943   1.596568E-07
   5   0.5-  2.1494  --->  3   2.5+  1.5671    0.58234   6.948985E-05
   5   0.5-  2.1494  --->  4   0.5+  2.0322    0.11722   1.781722E-02
   6   1.5-  2.3159  --->  0   4.5+  0.0000    2.31593   1.993532E-03
   6   1.5-  2.3159  --->  3   2.5+  1.5671    0.74884   5.412512E-03
   6   1.5-  2.3159  --->  4   0.5+  2.0322    0.28372   9.495769E-03
   7   3.5-  2.4240  --->  0   4.5+  0.0000    2.42400   2.008462E-02
   7   3.5-  2.4240  --->  1   5.5+  0.7789    1.64511   1.047253E-07
   7   3.5-  2.4240  --->  3   2.5+  1.5671    0.85691   8.603396E-04
   8   2.5-  2.4610  --->  0   4.5+  0.0000    2.46100   1.405621E-02
   8   2.5-  2.4610  --->  3   2.5+  1.5671    0.89391   3.513376E-03
   9   3.5+  2.4910  --->  0   4.5+  0.0000    2.49100   1.586248E-02
   9   3.5+  2.4910  --->  1   5.5+  0.7789    1.71211   4.917695E-04
  10   1.5-  2.5249  --->  5   0.5-  2.1494    0.37550   1.102991E-02

  Total                                                  3.663192E-01

 Nuclide: 208Pb

     Initial level          Final level     Gamma Energy  Cross section 

  no.  J/Pi    Ex         no.  J/Pi    Ex


  Total                                                  0.000000E+00

 ########## RESULTS FOR E=   1.00000 ##########

 Energy dependent input flags

 Width fluctuations (flagwidth)            : y
 Unresolved resonance parameters (flagurr) : n
 Preequilibrium (flagpreeq)                : n
 Multiple preequilibrium (flagmulpre)      : n
 Number of continuum excitation energy bins: 40

 ########### REACTION SUMMARY FOR E=   1.00000 ###########

 Center-of-mass energy:    0.995

 1. Total (binary) cross sections

 Total           = 4.83722E+03
   Shape elastic   = 3.10960E+03
   Reaction        = 1.72762E+03
     Compound elastic= 1.72640E+03
     Non-elastic     = 1.21716E+00
       Direct          = 0.00000E+00
       Pre-equilibrium = 0.00000E+00
       Compound non-el = 1.21716E+00
     Total elastic   = 4.83600E+03

 2. Binary non-elastic cross sections (non-exclusive)

 gamma   = 8.77996E-01
 neutron = 0.00000E+00
 proton  = 0.00000E+00
 deuteron= 0.00000E+00
 triton  = 0.00000E+00
 helium-3= 0.00000E+00
 alpha   = 0.00000E+00

 3. Total particle production cross sections

 gamma   = 1.02252E+00    Multiplicity= 8.40084E-01
 neutron = 7.43781E-03    Multiplicity= 6.11078E-03
 proton  = 0.00000E+00    Multiplicity= 0.00000E+00
 deuteron= 0.00000E+00    Multiplicity= 0.00000E+00
 triton  = 0.00000E+00    Multiplicity= 0.00000E+00
 helium-3= 0.00000E+00    Multiplicity= 0.00000E+00
 alpha   = 0.00000E+00    Multiplicity= 0.00000E+00

 4. Residual production cross sections

   a. Per isotope

   Z   A  nuclide    total     level   isomeric    isomeric    lifetime
                 cross section       cross section  ratio

   82 209 (209Pb) 8.70558E-01    0    8.70558E-01  1.00000
   82 208 (208Pb) 7.43781E-03    0    7.43781E-03  1.00000

   b. Per mass

   A  cross section

  209 8.70557E-01
  208 7.43781E-03

 Total residual production cross section:     0.8779953
 Non-elastic cross section              :     1.2171631

 6. Exclusive cross sections

 6a. Total exclusive cross sections 

     Emitted particles     cross section reaction         level    isomeric    isomeric    lifetime relative yield
    n   p   d   t   h   a                                        cross section   ratio
    0   0   0   0   0   0    8.70558E-01  (n,g)                                                     1.00000E+00

 Absorption cross section                 :     0.87056

 Sum over exclusive channel cross sections:     0.87056
 (n,gn) + (n,gp) +...(n,ga) cross sections:     0.00744
 Total                                    :     0.87800
 Non-elastic cross section                :     1.21716

 10. Gamma-ray intensities

 Nuclide: 209Pb

     Initial level          Final level     Gamma Energy  Cross section 

  no.  J/Pi    Ex         no.  J/Pi    Ex

   1   5.5+  0.7789  --->  0   4.5+  0.0000    0.77889   1.203868E-01
   2   7.5-  1.4226  --->  0   4.5+  0.0000    1.42264   4.053800E-03
   2   7.5-  1.4226  --->  1   5.5+  0.7789    0.64375   4.458824E-04
   3   2.5+  1.5671  --->  0   4.5+  0.0000    1.56709   1.677568E-01
   4   0.5+  2.0322  --->  3   2.5+  1.5671    0.46512   5.339908E-02
   5   0.5-  2.1494  --->  0   4.5+  0.0000    2.14943   1.848608E-07
   5   0.5-  2.1494  --->  3   2.5+  1.5671    0.58234   8.045975E-05
   5   0.5-  2.1494  --->  4   0.5+  2.0322    0.11722   2.062991E-02
   6   1.5-  2.3159  --->  0   4.5+  0.0000    2.31593   2.310943E-03
   6   1.5-  2.3159  --->  3   2.5+  1.5671    0.74884   6.274295E-03
   6   1.5-  2.3159  --->  4   0.5+  2.0322    0.28372   1.100769E-02
   7   3.5-  2.4240  --->  0   4.5+  0.0000    2.42400   2.481171E-02
   7   3.5-  2.4240  --->  1   5.5+  0.7789    1.64511   1.293733E-07
   7   3.5-  2.4240  --->  3   2.5+  1.5671    0.85691   1.062828E-03
   8   2.5-  2.4610  --->  0   4.5+  0.0000    2.46100   1.652426E-02
   8   2.5-  2.4610  --->  3   2.5+  1.5671    0.89391   4.130269E-03
   9   3.5+  2.4910  --->  0   4.5+  0.0000    2.49100   2.005699E-02
   9   3.5+  2.4910  --->  1   5.5+  0.7789    1.71211   6.218079E-04
  10   1.5-  2.5249  --->  5   0.5-  2.1494    0.37550   1.292867E-02

  Total                                                  4.664825E-01

 Nuclide: 208Pb

     Initial level          Final level     Gamma Energy  Cross section 

  no.  J/Pi    Ex         no.  J/Pi    Ex


  Total                                                  0.000000E+00

 ########## RESULTS FOR E=   1.20000 ##########

 Energy dependent input flags

 Width fluctuations (flagwidth)            : y
 Unresolved resonance parameters (flagurr) : n
 Preequilibrium (flagpreeq)                : n
 Multiple preequilibrium (flagmulpre)      : n
 Number of continuum excitation energy bins: 40

 ########### REACTION SUMMARY FOR E=   1.20000 ###########

 Center-of-mass energy:    1.194

 1. Total (binary) cross sections

 Total           = 4.78181E+03
   Shape elastic   = 2.96175E+03
   Reaction        = 1.82006E+03
     Compound elastic= 1.81865E+03
     Non-elastic     = 1.41492E+00
       Direct          = 0.00000E+00
       Pre-equilibrium = 0.00000E+00
       Compound non-el = 1.41492E+00
     Total elastic   = 4.78040E+03

 2. Binary non-elastic cross sections (non-exclusive)

 gamma   = 1.06844E+00
 neutron = 0.00000E+00
 proton  = 0.00000E+00
 deuteron= 0.00000E+00
 triton  = 0.00000E+00
 helium-3= 0.00000E+00
 alpha   = 0.00000E+00

 3. Total particle production cross sections

 gamma   = 1.26248E+00    Multiplicity= 8.92262E-01
 neutron = 1.47953E-02    Multiplicity= 1.04566E-02
 proton  = 0.00000E+00    Multiplicity= 0.00000E+00
 deuteron= 0.00000E+00    Multiplicity= 0.00000E+00
 triton  = 0.00000E+00    Multiplicity= 0.00000E+00
 helium-3= 0.00000E+00    Multiplicity= 0.00000E+00
 alpha   = 0.00000E+00    Multiplicity= 0.00000E+00

 4. Residual production cross sections

   a. Per isotope

   Z   A  nuclide    total     level   isomeric    isomeric    lifetime
                 cross section       cross section  ratio

   82 209 (209Pb) 1.05365E+00    0    1.05365E+00  1.00000
   82 208 (208Pb) 1.47953E-02    0    1.47953E-02  1.00000

   b. Per mass

   A  cross section

  209 1.05365E+00
  208 1.47953E-02

 Total residual production cross section:     1.0684415
 Non-elastic cross section              :     1.4149170

 6. Exclusive cross sections

 6a. Total exclusive cross sections 

     Emitted particles     cross section reaction         level    isomeric    isomeric    lifetime relative yield
    n   p   d   t   h   a                                        cross section   ratio
    0   0   0   0   0   0    1.05365E+00  (n,g)                                                     1.00000E+00

 Absorption cross section                 :     1.05365

 Sum over exclusive channel cross sections:     1.05365
 (n,gn) + (n,gp) +...(n,ga) cross sections:     0.01480
 Total                                    :     1.06844
 Non-elastic cross section                :     1.41492

 10. Gamma-ray intensities

 Nuclide: 209Pb

     Initial level          Final level     Gamma Energy  Cross section 

  no.  J/Pi    Ex         no.  J/Pi    Ex

   1   5.5+  0.7789  --->  0   4.5+  0.0000    0.77889   1.604011E-01
   2   7.5-  1.4226  --->  0   4.5+  0.0000    1.42264   8.611335E-03
   2   7.5-  1.4226  --->  1   5.5+  0.7789    0.64375   9.471714E-04
   3   2.5+  1.5671  --->  0   4.5+  0.0000    1.56709   1.920025E-01
   4   0.5+  2.0322  --->  3   2.5+  1.5671    0.46512   6.155735E-02
   5   0.5-  2.1494  --->  0   4.5+  0.0000    2.14943   2.138241E-07
   5   0.5-  2.1494  --->  3   2.5+  1.5671    0.58234   9.306591E-05
   5   0.5-  2.1494  --->  4   0.5+  2.0322    0.11722   2.386213E-02
   6   1.5-  2.3159  --->  0   4.5+  0.0000    2.31593   2.675099E-03
   6   1.5-  2.3159  --->  3   2.5+  1.5671    0.74884   7.262991E-03
   6   1.5-  2.3159  --->  4   0.5+  2.0322    0.28372   1.274227E-02
   7   3.5-  2.4240  --->  0   4.5+  0.0000    2.42400   2.963019E-02
   7   3.5-  2.4240  --->  1   5.5+  0.7789    1.64511   1.544979E-07
   7   3.5-  2.4240  --->  3   2.5+  1.5671    0.85691   1.269231E-03
   8   2.5-  2.4610  --->  0   4.5+  0.0000    2.46100   1.928455E-02
   8   2.5-  2.4610  --->  3   2.5+  1.5671    0.89391   4.820209E-03
   9   3.5+  2.4910  --->  0   4.5+  0.0000    2.49100   2.457054E-02
   9   3.5+  2.4910  --->  1   5.5+  0.7789    1.71211   7.617374E-04
  10   1.5-  2.5249  --->  5   0.5-  2.1494    0.37550   1.509773E-02

  Total                                                  5.655895E-01

 Nuclide: 208Pb

     Initial level          Final level     Gamma Energy  Cross section 

  no.  J/Pi    Ex         no.  J/Pi    Ex


  Total                                                  0.000000E+00

 ########## RESULTS FOR E=   1.40000 ##########

 Energy dependent input flags

 Width fluctuations (flagwidth)            : y
 Unresolved resonance parameters (flagurr) : n
 Preequilibrium (flagpreeq)                : n
 Multiple preequilibrium (flagmulpre)      : n
 Number of continuum excitation energy bins: 40

 ########### REACTION SUMMARY FOR E=   1.40000 ###########

 Center-of-mass energy:    1.393

 1. Total (binary) cross sections

 Total           = 4.94126E+03
   Shape elastic   = 2.99206E+03
   Reaction        = 1.94920E+03
     Compound elastic= 1.94755E+03
     Non-elastic     = 1.64612E+00
       Direct          = 0.00000E+00
       Pre-equilibrium = 0.00000E+00
       Compound non-el = 1.64612E+00
     Total elastic   = 4.93961E+03

 2. Binary non-elastic cross sections (non-exclusive)

 gamma   = 1.29075E+00
 neutron = 0.00000E+00
 proton  = 0.00000E+00
 deuteron= 0.00000E+00
 triton  = 0.00000E+00
 helium-3= 0.00000E+00
 alpha   = 0.00000E+00

 3. Total particle production cross sections

 gamma   = 1.55197E+00    Multiplicity= 9.42806E-01
 neutron = 2.63337E-02    Multiplicity= 1.59974E-02
 proton  = 0.00000E+00    Multiplicity= 0.00000E+00
 deuteron= 0.00000E+00    Multiplicity= 0.00000E+00
 triton  = 0.00000E+00    Multiplicity= 0.00000E+00
 helium-3= 0.00000E+00    Multiplicity= 0.00000E+00
 alpha   = 0.00000E+00    Multiplicity= 0.00000E+00

 4. Residual production cross sections

   a. Per isotope

   Z   A  nuclide    total     level   isomeric    isomeric    lifetime
                 cross section       cross section  ratio

   82 209 (209Pb) 1.26442E+00    0    1.26442E+00  1.00000
   82 208 (208Pb) 2.63337E-02    0    2.63337E-02  1.00000

   b. Per mass

   A  cross section

  209 1.26442E+00
  208 2.63337E-02

 Total residual production cross section:     1.2907541
 Non-elastic cross section              :     1.6461182

 6. Exclusive cross sections

 6a. Total exclusive cross sections 

     Emitted particles     cross section reaction         level    isomeric    isomeric    lifetime relative yield
    n   p   d   t   h   a                                        cross section   ratio
    0   0   0   0   0   0    1.26442E+00  (n,g)                                                     1.00000E+00

 Absorption cross section                 :     1.26442

 Sum over exclusive channel cross sections:     1.26442
 (n,gn) + (n,gp) +...(n,ga) cross sections:     0.02633
 Total                                    :     1.29075
 Non-elastic cross section                :     1.64612

 10. Gamma-ray intensities

 Nuclide: 209Pb

     Initial level          Final level     Gamma Energy  Cross section 

  no.  J/Pi    Ex         no.  J/Pi    Ex

   1   5.5+  0.7789  --->  0   4.5+  0.0000    0.77889   2.054554E-01
   2   7.5-  1.4226  --->  0   4.5+  0.0000    1.42264   1.660626E-02
   2   7.5-  1.4226  --->  1   5.5+  0.7789    0.64375   1.826543E-03
   3   2.5+  1.5671  --->  0   4.5+  0.0000    1.56709   2.237080E-01
   4   0.5+  2.0322  --->  3   2.5+  1.5671    0.46512   7.221110E-02
   5   0.5-  2.1494  --->  0   4.5+  0.0000    2.14943   2.514388E-07
   5   0.5-  2.1494  --->  3   2.5+  1.5671    0.58234   1.094375E-04
   5   0.5-  2.1494  --->  4   0.5+  2.0322    0.11722   2.805982E-02
   6   1.5-  2.3159  --->  0   4.5+  0.0000    2.31593   3.143778E-03
   6   1.5-  2.3159  --->  3   2.5+  1.5671    0.74884   8.535470E-03
   6   1.5-  2.3159  --->  4   0.5+  2.0322    0.28372   1.497472E-02
   7   3.5-  2.4240  --->  0   4.5+  0.0000    2.42400   3.537016E-02
   7   3.5-  2.4240  --->  1   5.5+  0.7789    1.64511   1.844273E-07
   7   3.5-  2.4240  --->  3   2.5+  1.5671    0.85691   1.515107E-03
   8   2.5-  2.4610  --->  0   4.5+  0.0000    2.46100   2.274355E-02
   8   2.5-  2.4610  --->  3   2.5+  1.5671    0.89391   5.684792E-03
   9   3.5+  2.4910  --->  0   4.5+  0.0000    2.49100   3.010167E-02
   9   3.5+  2.4910  --->  1   5.5+  0.7789    1.71211   9.332138E-04
  10   1.5-  2.5249  --->  5   0.5-  2.1494    0.37550   1.787960E-02

  Total                                                  6.888590E-01

 Nuclide: 208Pb

     Initial level          Final level     Gamma Energy  Cross section 

  no.  J/Pi    Ex         no.  J/Pi    Ex


  Total                                                  0.000000E+00

 ########## RESULTS FOR E=   1.60000 ##########

 Energy dependent input flags

 Width fluctuations (flagwidth)            : y
 Unresolved resonance parameters (flagurr) : n
 Preequilibrium (flagpreeq)                : n
 Multiple preequilibrium (flagmulpre)      : n
 Number of continuum excitation energy bins: 40

 ########### REACTION SUMMARY FOR E=   1.60000 ###########

 Center-of-mass energy:    1.592

 1. Total (binary) cross sections

 Total           = 5.24694E+03
   Shape elastic   = 3.14229E+03
   Reaction        = 2.10465E+03
     Compound elastic= 2.10274E+03
     Non-elastic     = 1.90918E+00
       Direct          = 0.00000E+00
       Pre-equilibrium = 0.00000E+00
       Compound non-el = 1.90918E+00
     Total elastic   = 5.24503E+03

 2. Binary non-elastic cross sections (non-exclusive)

 gamma   = 1.54997E+00
 neutron = 0.00000E+00
 proton  = 0.00000E+00
 deuteron= 0.00000E+00
 triton  = 0.00000E+00
 helium-3= 0.00000E+00
 alpha   = 0.00000E+00

 3. Total particle production cross sections

 gamma   = 1.89692E+00    Multiplicity= 9.93579E-01
 neutron = 4.60884E-02    Multiplicity= 2.41404E-02
 proton  = 0.00000E+00    Multiplicity= 0.00000E+00
 deuteron= 0.00000E+00    Multiplicity= 0.00000E+00
 triton  = 0.00000E+00    Multiplicity= 0.00000E+00
 helium-3= 0.00000E+00    Multiplicity= 0.00000E+00
 alpha   = 0.00000E+00    Multiplicity= 0.00000E+00

 4. Residual production cross sections

   a. Per isotope

   Z   A  nuclide    total     level   isomeric    isomeric    lifetime
                 cross section       cross section  ratio

   82 209 (209Pb) 1.50388E+00    0    1.50388E+00  1.00000
   82 208 (208Pb) 4.60883E-02    0    4.60883E-02  1.00000

   b. Per mass

   A  cross section

  209 1.50388E+00
  208 4.60883E-02

 Total residual production cross section:     1.5499719
 Non-elastic cross section              :     1.9091797

 6. Exclusive cross sections

 6a. Total exclusive cross sections 

     Emitted particles     cross section reaction         level    isomeric    isomeric    lifetime relative yield
    n   p   d   t   h   a                                        cross section   ratio
    0   0   0   0   0   0    1.50388E+00  (n,g)                                                     1.00000E+00

 Absorption cross section                 :     1.50388

 Sum over exclusive channel cross sections:     1.50388
 (n,gn) + (n,gp) +...(n,ga) cross sections:     0.04609
 Total                                    :     1.54997
 Non-elastic cross section                :     1.90918

 10. Gamma-ray intensities

 Nuclide: 209Pb

     Initial level          Final level     Gamma Energy  Cross section 

  no.  J/Pi    Ex         no.  J/Pi    Ex

   1   5.5+  0.7789  --->  0   4.5+  0.0000    0.77889   2.567262E-01
   2   7.5-  1.4226  --->  0   4.5+  0.0000    1.42264   2.745546E-02
   2   7.5-  1.4226  --->  1   5.5+  0.7789    0.64375   3.019860E-03
   3   2.5+  1.5671  --->  0   4.5+  0.0000    1.56709   2.620831E-01
   4   0.5+  2.0322  --->  3   2.5+  1.5671    0.46512   8.488358E-02
   5   0.5-  2.1494  --->  0   4.5+  0.0000    2.14943   2.962867E-07
   5   0.5-  2.1494  --->  3   2.5+  1.5671    0.58234   1.289573E-04
   5   0.5-  2.1494  --->  4   0.5+  2.0322    0.11722   3.306471E-02
   6   1.5-  2.3159  --->  0   4.5+  0.0000    2.31593   3.710679E-03
   6   1.5-  2.3159  --->  3   2.5+  1.5671    0.74884   1.007463E-02
   6   1.5-  2.3159  --->  4   0.5+  2.0322    0.28372   1.767503E-02
   7   3.5-  2.4240  --->  0   4.5+  0.0000    2.42400   4.221610E-02
   7   3.5-  2.4240  --->  1   5.5+  0.7789    1.64511   2.201234E-07
   7   3.5-  2.4240  --->  3   2.5+  1.5671    0.85691   1.808358E-03
   8   2.5-  2.4610  --->  0   4.5+  0.0000    2.46100   2.691981E-02
   8   2.5-  2.4610  --->  3   2.5+  1.5671    0.89391   6.728658E-03
   9   3.5+  2.4910  --->  0   4.5+  0.0000    2.49100   3.671953E-02
   9   3.5+  2.4910  --->  1   5.5+  0.7789    1.71211   1.138381E-03
  10   1.5-  2.5249  --->  5   0.5-  2.1494    0.37550   2.119733E-02

  Total                                                  8.355509E-01

 Nuclide: 208Pb

     Initial level          Final level     Gamma Energy  Cross section 

  no.  J/Pi    Ex         no.  J/Pi    Ex


  Total                                                  0.000000E+00

 ########## RESULTS FOR E=   1.80000 ##########

 Energy dependent input flags

 Width fluctuations (flagwidth)            : y
 Unresolved resonance parameters (flagurr) : n
 Preequilibrium (flagpreeq)                : n
 Multiple preequilibrium (flagmulpre)      : n
 Number of continuum excitation energy bins: 40

 ########### REACTION SUMMARY FOR E=   1.80000 ###########

 Center-of-mass energy:    1.791

 1. Total (binary) cross sections

 Total           = 5.63534E+03
   Shape elastic   = 3.36917E+03
   Reaction        = 2.26617E+03
     Compound elastic= 2.26395E+03
     Non-elastic     = 2.22241E+00
       Direct          = 0.00000E+00
       Pre-equilibrium = 0.00000E+00
       Compound non-el = 2.22241E+00
     Total elastic   = 5.63312E+03

 2. Binary non-elastic cross sections (non-exclusive)

 gamma   = 1.86655E+00
 neutron = 0.00000E+00
 proton  = 0.00000E+00
 deuteron= 0.00000E+00
 triton  = 0.00000E+00
 helium-3= 0.00000E+00
 alpha   = 0.00000E+00

 3. Total particle production cross sections

 gamma   = 2.32428E+00    Multiplicity= 1.04584E+00
 neutron = 7.63147E-02    Multiplicity= 3.43387E-02
 proton  = 0.00000E+00    Multiplicity= 0.00000E+00
 deuteron= 0.00000E+00    Multiplicity= 0.00000E+00
 triton  = 0.00000E+00    Multiplicity= 0.00000E+00
 helium-3= 0.00000E+00    Multiplicity= 0.00000E+00
 alpha   = 0.00000E+00    Multiplicity= 0.00000E+00

 4. Residual production cross sections

   a. Per isotope

   Z   A  nuclide    total     level   isomeric    isomeric    lifetime
                 cross section       cross section  ratio

   82 209 (209Pb) 1.79023E+00    0    1.79023E+00  1.00000
   82 208 (208Pb) 7.63147E-02    0    7.63147E-02  1.00000

   b. Per mass

   A  cross section

  209 1.79023E+00
  208 7.63147E-02

 Total residual production cross section:     1.8665433
 Non-elastic cross section              :     2.2224121

 6. Exclusive cross sections

 6a. Total exclusive cross sections 

     Emitted particles     cross section reaction         level    isomeric    isomeric    lifetime relative yield
    n   p   d   t   h   a                                        cross section   ratio
    0   0   0   0   0   0    1.79023E+00  (n,g)                                                     1.00000E+00

 Absorption cross section                 :     1.79023

 Sum over exclusive channel cross sections:     1.79023
 (n,gn) + (n,gp) +...(n,ga) cross sections:     0.07631
 Total                                    :     1.86654
 Non-elastic cross section                :     2.22241

 10. Gamma-ray intensities

 Nuclide: 209Pb

     Initial level          Final level     Gamma Energy  Cross section 

  no.  J/Pi    Ex         no.  J/Pi    Ex

   1   5.5+  0.7789  --->  0   4.5+  0.0000    0.77889   3.170108E-01
   2   7.5-  1.4226  --->  0   4.5+  0.0000    1.42264   4.212849E-02
   2   7.5-  1.4226  --->  1   5.5+  0.7789    0.64375   4.633765E-03
   3   2.5+  1.5671  --->  0   4.5+  0.0000    1.56709   3.088098E-01
   4   0.5+  2.0322  --->  3   2.5+  1.5671    0.46512   1.003651E-01
   5   0.5-  2.1494  --->  0   4.5+  0.0000    2.14943   3.509318E-07
   5   0.5-  2.1494  --->  3   2.5+  1.5671    0.58234   1.527414E-04
   5   0.5-  2.1494  --->  4   0.5+  2.0322    0.11722   3.916294E-02
   6   1.5-  2.3159  --->  0   4.5+  0.0000    2.31593   4.396162E-03
   6   1.5-  2.3159  --->  3   2.5+  1.5671    0.74884   1.193574E-02
   6   1.5-  2.3159  --->  4   0.5+  2.0322    0.28372   2.094019E-02
   7   3.5-  2.4240  --->  0   4.5+  0.0000    2.42400   5.044213E-02
   7   3.5-  2.4240  --->  1   5.5+  0.7789    1.64511   2.630156E-07
   7   3.5-  2.4240  --->  3   2.5+  1.5671    0.85691   2.160726E-03
   8   2.5-  2.4610  --->  0   4.5+  0.0000    2.46100   3.200034E-02
   8   2.5-  2.4610  --->  3   2.5+  1.5671    0.89391   7.998545E-03
   9   3.5+  2.4910  --->  0   4.5+  0.0000    2.49100   4.465995E-02
   9   3.5+  2.4910  --->  1   5.5+  0.7789    1.71211   1.384551E-03
  10   1.5-  2.5249  --->  5   0.5-  2.1494    0.37550   2.523865E-02

  Total                                                  1.013421E+00

 Nuclide: 208Pb

     Initial level          Final level     Gamma Energy  Cross section 

  no.  J/Pi    Ex         no.  J/Pi    Ex


  Total                                                  0.000000E+00

 ########## RESULTS FOR E=   2.00000 ##########

 Energy dependent input flags

 Width fluctuations (flagwidth)            : y
 Unresolved resonance parameters (flagurr) : n
 Preequilibrium (flagpreeq)                : n
 Multiple preequilibrium (flagmulpre)      : n
 Number of continuum excitation energy bins: 40

 ########### REACTION SUMMARY FOR E=   2.00000 ###########

 Center-of-mass energy:    1.990

 1. Total (binary) cross sections

 Total           = 6.04738E+03
   Shape elastic   = 3.63538E+03
   Reaction        = 2.41200E+03
     Compound elastic= 2.40940E+03
     Non-elastic     = 2.59521E+00
       Direct          = 0.00000E+00
       Pre-equilibrium = 0.00000E+00
       Compound non-el = 2.59521E+00
     Total elastic   = 6.04478E+03

 2. Binary non-elastic cross sections (non-exclusive)

 gamma   = 2.24943E+00
 neutron = 0.00000E+00
 proton  = 0.00000E+00
 deuteron= 0.00000E+00
 triton  = 0.00000E+00
 helium-3= 0.00000E+00
 alpha   = 0.00000E+00

 3. Total particle production cross sections

 gamma   = 2.85089E+00    Multiplicity= 1.09852E+00
 neutron = 1.20914E-01    Multiplicity= 4.65912E-02
 proton  = 0.00000E+00    Multiplicity= 0.00000E+00
 deuteron= 0.00000E+00    Multiplicity= 0.00000E+00
 triton  = 0.00000E+00    Multiplicity= 0.00000E+00
 helium-3= 0.00000E+00    Multiplicity= 0.00000E+00
 alpha   = 0.00000E+00    Multiplicity= 0.00000E+00

 4. Residual production cross sections

   a. Per isotope

   Z   A  nuclide    total     level   isomeric    isomeric    lifetime
                 cross section       cross section  ratio

   82 209 (209Pb) 2.12851E+00    0    2.12851E+00  1.00000
   82 208 (208Pb) 1.20914E-01    0    1.20914E-01  1.00000

   b. Per mass

   A  cross section

  209 2.12851E+00
  208 1.20914E-01

 Total residual production cross section:     2.2494240
 Non-elastic cross section              :     2.5952148

 6. Exclusive cross sections

 6a. Total exclusive cross sections 

     Emitted particles     cross section reaction         level    isomeric    isomeric    lifetime relative yield
    n   p   d   t   h   a                                        cross section   ratio
    0   0   0   0   0   0    2.12851E+00  (n,g)                                                     1.00000E+00

 Absorption cross section                 :     2.12851

 Sum over exclusive channel cross sections:     2.12851
 (n,gn) + (n,gp) +...(n,ga) cross sections:     0.12091
 Total                                    :     2.24942
 Non-elastic cross section                :     2.59521

 10. Gamma-ray intensities

 Nuclide: 209Pb

     Initial level          Final level     Gamma Energy  Cross section 

  no.  J/Pi    Ex         no.  J/Pi    Ex

   1   5.5+  0.7789  --->  0   4.5+  0.0000    0.77889   3.898599E-01
   2   7.5-  1.4226  --->  0   4.5+  0.0000    1.42264   6.276938E-02
   2   7.5-  1.4226  --->  1   5.5+  0.7789    0.64375   6.904082E-03
   3   2.5+  1.5671  --->  0   4.5+  0.0000    1.56709   3.650417E-01
   4   0.5+  2.0322  --->  3   2.5+  1.5671    0.46512   1.189916E-01
   5   0.5-  2.1494  --->  0   4.5+  0.0000    2.14943   4.167216E-07
   5   0.5-  2.1494  --->  3   2.5+  1.5671    0.58234   1.813760E-04
   5   0.5-  2.1494  --->  4   0.5+  2.0322    0.11722   4.650488E-02
   6   1.5-  2.3159  --->  0   4.5+  0.0000    2.31593   5.221408E-03
   6   1.5-  2.3159  --->  3   2.5+  1.5671    0.74884   1.417631E-02
   6   1.5-  2.3159  --->  4   0.5+  2.0322    0.28372   2.487107E-02
   7   3.5-  2.4240  --->  0   4.5+  0.0000    2.42400   6.016196E-02
   7   3.5-  2.4240  --->  1   5.5+  0.7789    1.64511   3.136968E-07
   7   3.5-  2.4240  --->  3   2.5+  1.5671    0.85691   2.577082E-03
   8   2.5-  2.4610  --->  0   4.5+  0.0000    2.46100   3.806386E-02
   8   2.5-  2.4610  --->  3   2.5+  1.5671    0.89391   9.514133E-03
   9   3.5+  2.4910  --->  0   4.5+  0.0000    2.49100   5.408450E-02
   9   3.5+  2.4910  --->  1   5.5+  0.7789    1.71211   1.676731E-03
  10   1.5-  2.5249  --->  5   0.5-  2.1494    0.37550   3.012250E-02

  Total                                                  1.230723E+00

 Nuclide: 208Pb

     Initial level          Final level     Gamma Energy  Cross section 

  no.  J/Pi    Ex         no.  J/Pi    Ex


  Total                                                  0.000000E+00

 ########## RESULTS FOR E=   2.20000 ##########

 Energy dependent input flags

 Width fluctuations (flagwidth)            : y
 Unresolved resonance parameters (flagurr) : n
 Preequilibrium (flagpreeq)                : n
 Multiple preequilibrium (flagmulpre)      : n
 Number of continuum excitation energy bins: 40

 ########### REACTION SUMMARY FOR E=   2.20000 ###########

 Center-of-mass energy:    2.189

 1. Total (binary) cross sections

 Total           = 6.43614E+03
   Shape elastic   = 3.90847E+03
   Reaction        = 2.52766E+03
     Compound elastic= 2.52461E+03
     Non-elastic     = 3.04663E+00
       Direct          = 0.00000E+00
       Pre-equilibrium = 0.00000E+00
       Compound non-el = 3.04663E+00
     Total elastic   = 6.43308E+03

 2. Binary non-elastic cross sections (non-exclusive)

 gamma   = 2.71404E+00
 neutron = 0.00000E+00
 proton  = 0.00000E+00
 deuteron= 0.00000E+00
 triton  = 0.00000E+00
 helium-3= 0.00000E+00
 alpha   = 0.00000E+00

 3. Total particle production cross sections

 gamma   = 3.49843E+00    Multiplicity= 1.14829E+00
 neutron = 1.86560E-01    Multiplicity= 6.12349E-02
 proton  = 0.00000E+00    Multiplicity= 0.00000E+00
 deuteron= 0.00000E+00    Multiplicity= 0.00000E+00
 triton  = 0.00000E+00    Multiplicity= 0.00000E+00
 helium-3= 0.00000E+00    Multiplicity= 0.00000E+00
 alpha   = 0.00000E+00    Multiplicity= 0.00000E+00

 4. Residual production cross sections

   a. Per isotope

   Z   A  nuclide    total     level   isomeric    isomeric    lifetime
                 cross section       cross section  ratio

   82 209 (209Pb) 2.52748E+00    0    2.52748E+00  1.00000
   82 208 (208Pb) 1.86560E-01    0    1.86560E-01  1.00000

   b. Per mass

   A  cross section

  209 2.52748E+00
  208 1.86560E-01

 Total residual production cross section:     2.7140403
 Non-elastic cross section              :     3.0466309

 6. Exclusive cross sections

 6a. Total exclusive cross sections 

     Emitted particles     cross section reaction         level    isomeric    isomeric    lifetime relative yield
    n   p   d   t   h   a                                        cross section   ratio
    0   0   0   0   0   0    2.52748E+00  (n,g)                                                     1.00000E+00

 Absorption cross section                 :     2.52748

 Sum over exclusive channel cross sections:     2.52748
 (n,gn) + (n,gp) +...(n,ga) cross sections:     0.18656
 Total                                    :     2.71404
 Non-elastic cross section                :     3.04663

 10. Gamma-ray intensities

 Nuclide: 209Pb

     Initial level          Final level     Gamma Energy  Cross section 

  no.  J/Pi    Ex         no.  J/Pi    Ex

   1   5.5+  0.7789  --->  0   4.5+  0.0000    0.77889   4.783280E-01
   2   7.5-  1.4226  --->  0   4.5+  0.0000    1.42264   8.942419E-02
   2   7.5-  1.4226  --->  1   5.5+  0.7789    0.64375   9.835877E-03
   3   2.5+  1.5671  --->  0   4.5+  0.0000    1.56709   4.313832E-01
   4   0.5+  2.0322  --->  3   2.5+  1.5671    0.46512   1.410100E-01
   5   0.5-  2.1494  --->  0   4.5+  0.0000    2.14943   4.945910E-07
   5   0.5-  2.1494  --->  3   2.5+  1.5671    0.58234   2.152683E-04
   5   0.5-  2.1494  --->  4   0.5+  2.0322    0.11722   5.519488E-02
   6   1.5-  2.3159  --->  0   4.5+  0.0000    2.31593   6.197558E-03
   6   1.5-  2.3159  --->  3   2.5+  1.5671    0.74884   1.682659E-02
   6   1.5-  2.3159  --->  4   0.5+  2.0322    0.28372   2.952076E-02
   7   3.5-  2.4240  --->  0   4.5+  0.0000    2.42400   7.162787E-02
   7   3.5-  2.4240  --->  1   5.5+  0.7789    1.64511   3.734824E-07
   7   3.5-  2.4240  --->  3   2.5+  1.5671    0.85691   3.068232E-03
   8   2.5-  2.4610  --->  0   4.5+  0.0000    2.46100   4.524138E-02
   8   2.5-  2.4610  --->  3   2.5+  1.5671    0.89391   1.130817E-02
   9   3.5+  2.4910  --->  0   4.5+  0.0000    2.49100   6.519039E-02
   9   3.5+  2.4910  --->  1   5.5+  0.7789    1.71211   2.021037E-03
  10   1.5-  2.5249  --->  5   0.5-  2.1494    0.37550   3.588646E-02

  Total                                                  1.492281E+00

 Nuclide: 208Pb

     Initial level          Final level     Gamma Energy  Cross section 

  no.  J/Pi    Ex         no.  J/Pi    Ex


  Total                                                  0.000000E+00

 ########## RESULTS FOR E=   2.40000 ##########

 Energy dependent input flags

 Width fluctuations (flagwidth)            : y
 Unresolved resonance parameters (flagurr) : n
 Preequilibrium (flagpreeq)                : n
 Multiple preequilibrium (flagmulpre)      : n
 Number of continuum excitation energy bins: 40

 ########### REACTION SUMMARY FOR E=   2.40000 ###########

 Center-of-mass energy:    2.388

 1. Total (binary) cross sections

 Total           = 6.77265E+03
   Shape elastic   = 4.16337E+03
   Reaction        = 2.60928E+03
     Compound elastic= 2.60568E+03
     Non-elastic     = 3.60083E+00
       Direct          = 0.00000E+00
       Pre-equilibrium = 0.00000E+00
       Compound non-el = 3.60083E+00
     Total elastic   = 6.76905E+03

 2. Binary non-elastic cross sections (non-exclusive)

 gamma   = 3.28246E+00
 neutron = 0.00000E+00
 proton  = 0.00000E+00
 deuteron= 0.00000E+00
 triton  = 0.00000E+00
 helium-3= 0.00000E+00
 alpha   = 0.00000E+00

 3. Total particle production cross sections

 gamma   = 4.30138E+00    Multiplicity= 1.19455E+00
 neutron = 2.79545E-01    Multiplicity= 7.76336E-02
 proton  = 0.00000E+00    Multiplicity= 0.00000E+00
 deuteron= 0.00000E+00    Multiplicity= 0.00000E+00
 triton  = 0.00000E+00    Multiplicity= 0.00000E+00
 helium-3= 0.00000E+00    Multiplicity= 0.00000E+00
 alpha   = 0.00000E+00    Multiplicity= 0.00000E+00

 4. Residual production cross sections

   a. Per isotope

   Z   A  nuclide    total     level   isomeric    isomeric    lifetime
                 cross section       cross section  ratio

   82 209 (209Pb) 3.00291E+00    0    3.00291E+00  1.00000
   82 208 (208Pb) 2.79545E-01    0    2.79545E-01  1.00000

   b. Per mass

   A  cross section

  209 3.00291E+00
  208 2.79545E-01

 Total residual production cross section:     3.2824600
 Non-elastic cross section              :     3.6008301

 6. Exclusive cross sections

 6a. Total exclusive cross sections 

     Emitted particles     cross section reaction         level    isomeric    isomeric    lifetime relative yield
    n   p   d   t   h   a                                        cross section   ratio
    0   0   0   0   0   0    3.00291E+00  (n,g)                                                     1.00000E+00

 Absorption cross section                 :     3.00291

 Sum over exclusive channel cross sections:     3.00291
 (n,gn) + (n,gp) +...(n,ga) cross sections:     0.27955
 Total                                    :     3.28246
 Non-elastic cross section                :     3.60083

 10. Gamma-ray intensities

 Nuclide: 209Pb

     Initial level          Final level     Gamma Energy  Cross section 

  no.  J/Pi    Ex         no.  J/Pi    Ex

   1   5.5+  0.7789  --->  0   4.5+  0.0000    0.77889   5.843142E-01
   2   7.5-  1.4226  --->  0   4.5+  0.0000    1.42264   1.245864E-01
   2   7.5-  1.4226  --->  1   5.5+  0.7789    0.64375   1.370341E-02
   3   2.5+  1.5671  --->  0   4.5+  0.0000    1.56709   5.110986E-01
   4   0.5+  2.0322  --->  3   2.5+  1.5671    0.46512   1.674526E-01
   5   0.5-  2.1494  --->  0   4.5+  0.0000    2.14943   5.880342E-07
   5   0.5-  2.1494  --->  3   2.5+  1.5671    0.58234   2.559390E-04
   5   0.5-  2.1494  --->  4   0.5+  2.0322    0.11722   6.562286E-02
   6   1.5-  2.3159  --->  0   4.5+  0.0000    2.31593   7.388328E-03
   6   1.5-  2.3159  --->  3   2.5+  1.5671    0.74884   2.005958E-02
   6   1.5-  2.3159  --->  4   0.5+  2.0322    0.28372   3.519274E-02
   7   3.5-  2.4240  --->  0   4.5+  0.0000    2.42400   8.532920E-02
   7   3.5-  2.4240  --->  1   5.5+  0.7789    1.64511   4.449239E-07
   7   3.5-  2.4240  --->  3   2.5+  1.5671    0.85691   3.655139E-03
   8   2.5-  2.4610  --->  0   4.5+  0.0000    2.46100   5.387948E-02
   8   2.5-  2.4610  --->  3   2.5+  1.5671    0.89391   1.346728E-02
   9   3.5+  2.4910  --->  0   4.5+  0.0000    2.49100   7.837465E-02
   9   3.5+  2.4910  --->  1   5.5+  0.7789    1.71211   2.429776E-03
  10   1.5-  2.5249  --->  5   0.5-  2.1494    0.37550   4.282705E-02

  Total                                                  1.809638E+00

 Nuclide: 208Pb

     Initial level          Final level     Gamma Energy  Cross section 

  no.  J/Pi    Ex         no.  J/Pi    Ex


  Total                                                  0.000000E+00

 ########## RESULTS FOR E=   2.60000 ##########

 Energy dependent input flags

 Width fluctuations (flagwidth)            : y
 Unresolved resonance parameters (flagurr) : n
 Preequilibrium (flagpreeq)                : n
 Multiple preequilibrium (flagmulpre)      : n
 Number of continuum excitation energy bins: 40

 ########### REACTION SUMMARY FOR E=   2.60000 ###########

 Center-of-mass energy:    2.587

 1. Total (binary) cross sections

 Total           = 7.04489E+03
   Shape elastic   = 4.38410E+03
   Reaction        = 2.66079E+03
     Compound elastic= 2.65650E+03
     Non-elastic     = 4.28638E+00
       Direct          = 0.00000E+00
       Pre-equilibrium = 0.00000E+00
       Compound non-el = 4.28638E+00
     Total elastic   = 7.04060E+03

 2. Binary non-elastic cross sections (non-exclusive)

 gamma   = 3.98200E+00
 neutron = 0.00000E+00
 proton  = 0.00000E+00
 deuteron= 0.00000E+00
 triton  = 0.00000E+00
 helium-3= 0.00000E+00
 alpha   = 0.00000E+00

 3. Total particle production cross sections

 gamma   = 5.30003E+00    Multiplicity= 1.23648E+00
 neutron = 4.09523E-01    Multiplicity= 9.55407E-02
 proton  = 0.00000E+00    Multiplicity= 0.00000E+00
 deuteron= 0.00000E+00    Multiplicity= 0.00000E+00
 triton  = 0.00000E+00    Multiplicity= 0.00000E+00
 helium-3= 0.00000E+00    Multiplicity= 0.00000E+00
 alpha   = 0.00000E+00    Multiplicity= 0.00000E+00

 4. Residual production cross sections

   a. Per isotope

   Z   A  nuclide    total     level   isomeric    isomeric    lifetime
                 cross section       cross section  ratio

   82 209 (209Pb) 3.57248E+00    0    3.57248E+00  1.00000
   82 208 (208Pb) 4.09524E-01    0    4.09524E-01  1.00000

   b. Per mass

   A  cross section

  209 3.57248E+00
  208 4.09524E-01

 Total residual production cross section:     3.9820020
 Non-elastic cross section              :     4.2863770

 6. Exclusive cross sections

 6a. Total exclusive cross sections 

     Emitted particles     cross section reaction         level    isomeric    isomeric    lifetime relative yield
    n   p   d   t   h   a                                        cross section   ratio
    0   0   0   0   0   0    3.57248E+00  (n,g)                                                     1.00000E+00

 Absorption cross section                 :     3.57248

 Sum over exclusive channel cross sections:     3.57248
 (n,gn) + (n,gp) +...(n,ga) cross sections:     0.40952
 Total                                    :     3.98200
 Non-elastic cross section                :     4.28638

 10. Gamma-ray intensities

 Nuclide: 209Pb

     Initial level          Final level     Gamma Energy  Cross section 

  no.  J/Pi    Ex         no.  J/Pi    Ex

   1   5.5+  0.7789  --->  0   4.5+  0.0000    0.77889   7.155343E-01
   2   7.5-  1.4226  --->  0   4.5+  0.0000    1.42264   1.708820E-01
   2   7.5-  1.4226  --->  1   5.5+  0.7789    0.64375   1.879553E-02
   3   2.5+  1.5671  --->  0   4.5+  0.0000    1.56709   6.068112E-01
   4   0.5+  2.0322  --->  3   2.5+  1.5671    0.46512   1.996313E-01
   5   0.5-  2.1494  --->  0   4.5+  0.0000    2.14943   7.014261E-07
   5   0.5-  2.1494  --->  3   2.5+  1.5671    0.58234   3.052923E-04
   5   0.5-  2.1494  --->  4   0.5+  2.0322    0.11722   7.827705E-02
   6   1.5-  2.3159  --->  0   4.5+  0.0000    2.31593   8.804911E-03
   6   1.5-  2.3159  --->  3   2.5+  1.5671    0.74884   2.390565E-02
   6   1.5-  2.3159  --->  4   0.5+  2.0322    0.28372   4.194033E-02
   7   3.5-  2.4240  --->  0   4.5+  0.0000    2.42400   1.013509E-01
   7   3.5-  2.4240  --->  1   5.5+  0.7789    1.64511   5.284642E-07
   7   3.5-  2.4240  --->  3   2.5+  1.5671    0.85691   4.341439E-03
   8   2.5-  2.4610  --->  0   4.5+  0.0000    2.46100   6.406531E-02
   8   2.5-  2.4610  --->  3   2.5+  1.5671    0.89391   1.601325E-02
   9   3.5+  2.4910  --->  0   4.5+  0.0000    2.49100   9.391581E-02
   9   3.5+  2.4910  --->  1   5.5+  0.7789    1.71211   2.911584E-03
  10   1.5-  2.5249  --->  5   0.5-  2.1494    0.37550   5.118721E-02

  Total                                                  2.198674E+00

 Nuclide: 208Pb

     Initial level          Final level     Gamma Energy  Cross section 

  no.  J/Pi    Ex         no.  J/Pi    Ex


  Total                                                  0.000000E+00

 ########## RESULTS FOR E=   2.80000 ##########

 Energy dependent input flags

 Width fluctuations (flagwidth)            : y
 Unresolved resonance parameters (flagurr) : n
 Preequilibrium (flagpreeq)                : n
 Multiple preequilibrium (flagmulpre)      : n
 Number of continuum excitation energy bins: 40

 ########### REACTION SUMMARY FOR E=   2.80000 ###########

 Center-of-mass energy:    2.786

 1. Total (binary) cross sections

 Total           = 7.25226E+03
   Shape elastic   = 4.56293E+03
   Reaction        = 2.68933E+03
     Compound elastic= 2.36954E+03
     Non-elastic     = 3.19788E+02
       Direct          = 1.66622E+01
       Pre-equilibrium = 0.00000E+00
       Compound non-el = 3.03126E+02
     Total elastic   = 6.93247E+03

 2. Binary non-elastic cross sections (non-exclusive)

 gamma   = 3.59254E+00
 neutron = 3.16140E+02
 proton  = 0.00000E+00
 deuteron= 0.00000E+00
 triton  = 0.00000E+00
 helium-3= 0.00000E+00
 alpha   = 0.00000E+00

 3. Total particle production cross sections

 gamma   = 4.84825E+00    Multiplicity= 1.51608E-02
 neutron = 3.16557E+02    Multiplicity= 9.89896E-01
 proton  = 0.00000E+00    Multiplicity= 0.00000E+00
 deuteron= 0.00000E+00    Multiplicity= 0.00000E+00
 triton  = 0.00000E+00    Multiplicity= 0.00000E+00
 helium-3= 0.00000E+00    Multiplicity= 0.00000E+00
 alpha   = 0.00000E+00    Multiplicity= 0.00000E+00

 4. Residual production cross sections

   a. Per isotope

   Z   A  nuclide    total     level   isomeric    isomeric    lifetime
                 cross section       cross section  ratio

   82 209 (209Pb) 3.17563E+00    0    3.17563E+00  1.00000
   82 208 (208Pb) 3.16557E+02    0    3.16557E+02  1.00000

   b. Per mass

   A  cross section

  209 3.17563E+00
  208 3.16557E+02

 Total residual production cross section:   319.7326050
 Non-elastic cross section              :   319.7880859

 6. Exclusive cross sections

 6a. Total exclusive cross sections 

     Emitted particles     cross section reaction         level    isomeric    isomeric    lifetime relative yield
    n   p   d   t   h   a                                        cross section   ratio
    0   0   0   0   0   0    3.17563E+00  (n,g)                                                     9.94511E-03
    1   0   0   0   0   0    3.16140E+02  (n,n')                                                    9.90055E-01

 Absorption cross section                 :     3.17563

 Sum over exclusive channel cross sections:   319.31570
 (n,gn) + (n,gp) +...(n,ga) cross sections:     0.41691
 Total                                    :   319.73260
 Non-elastic cross section                :   319.78809

 10. Gamma-ray intensities

 Nuclide: 209Pb

     Initial level          Final level     Gamma Energy  Cross section 

  no.  J/Pi    Ex         no.  J/Pi    Ex

   1   5.5+  0.7789  --->  0   4.5+  0.0000    0.77889   7.015998E-01
   2   7.5-  1.4226  --->  0   4.5+  0.0000    1.42264   2.148003E-01
   2   7.5-  1.4226  --->  1   5.5+  0.7789    0.64375   2.362614E-02
   3   2.5+  1.5671  --->  0   4.5+  0.0000    1.56709   5.290245E-01
   4   0.5+  2.0322  --->  3   2.5+  1.5671    0.46512   1.890015E-01
   5   0.5-  2.1494  --->  0   4.5+  0.0000    2.14943   6.510450E-07
   5   0.5-  2.1494  --->  3   2.5+  1.5671    0.58234   2.833642E-04
   5   0.5-  2.1494  --->  4   0.5+  2.0322    0.11722   7.265468E-02
   6   1.5-  2.3159  --->  0   4.5+  0.0000    2.31593   7.657852E-03
   6   1.5-  2.3159  --->  3   2.5+  1.5671    0.74884   2.079134E-02
   6   1.5-  2.3159  --->  4   0.5+  2.0322    0.28372   3.647656E-02
   7   3.5-  2.4240  --->  0   4.5+  0.0000    2.42400   6.775360E-02
   7   3.5-  2.4240  --->  1   5.5+  0.7789    1.64511   3.532811E-07
   7   3.5-  2.4240  --->  3   2.5+  1.5671    0.85691   2.902275E-03
   8   2.5-  2.4610  --->  0   4.5+  0.0000    2.46100   4.661008E-02
   8   2.5-  2.4610  --->  3   2.5+  1.5671    0.89391   1.165028E-02
   9   3.5+  2.4910  --->  0   4.5+  0.0000    2.49100   7.523815E-02
   9   3.5+  2.4910  --->  1   5.5+  0.7789    1.71211   2.332538E-03
  10   1.5-  2.5249  --->  5   0.5-  2.1494    0.37550   4.482942E-02

  Total                                                  2.047233E+00

 Nuclide: 208Pb

     Initial level          Final level     Gamma Energy  Cross section 

  no.  J/Pi    Ex         no.  J/Pi    Ex

   1   3.0-  2.6145  --->  0   0.0+  0.0000    2.61452   3.153611E+02

  Total                                                  3.153611E+02

 ########## RESULTS FOR E=   3.00000 ##########

 Energy dependent input flags

 Width fluctuations (flagwidth)            : y
 Unresolved resonance parameters (flagurr) : n
 Preequilibrium (flagpreeq)                : n
 Multiple preequilibrium (flagmulpre)      : n
 Number of continuum excitation energy bins: 40

 ########### REACTION SUMMARY FOR E=   3.00000 ###########

 Center-of-mass energy:    2.985

 1. Total (binary) cross sections

 Total           = 7.40034E+03
   Shape elastic   = 4.69805E+03
   Reaction        = 2.70228E+03
     Compound elastic= 2.18499E+03
     Non-elastic     = 5.17288E+02
       Direct          = 2.43739E+01
       Pre-equilibrium = 0.00000E+00
       Compound non-el = 4.92914E+02
     Total elastic   = 6.88304E+03

 2. Binary non-elastic cross sections (non-exclusive)

 gamma   = 3.55692E+00
 neutron = 5.13703E+02
 proton  = 0.00000E+00
 deuteron= 0.00000E+00
 triton  = 0.00000E+00
 helium-3= 0.00000E+00
 alpha   = 0.00000E+00

 3. Total particle production cross sections

 gamma   = 4.85312E+00    Multiplicity= 9.38186E-03
 neutron = 5.14187E+02    Multiplicity= 9.94005E-01
 proton  = 0.00000E+00    Multiplicity= 0.00000E+00
 deuteron= 0.00000E+00    Multiplicity= 0.00000E+00
 triton  = 0.00000E+00    Multiplicity= 0.00000E+00
 helium-3= 0.00000E+00    Multiplicity= 0.00000E+00
 alpha   = 0.00000E+00    Multiplicity= 0.00000E+00

 4. Residual production cross sections

   a. Per isotope

   Z   A  nuclide    total     level   isomeric    isomeric    lifetime
                 cross section       cross section  ratio

   82 209 (209Pb) 3.07259E+00    0    3.07259E+00  1.00000
   82 208 (208Pb) 5.14187E+02    0    5.14187E+02  1.00000

   b. Per mass

   A  cross section

  209 3.07259E+00
  208 5.14187E+02

 Total residual production cross section:   517.2595215
 Non-elastic cross section              :   517.2880859

 6. Exclusive cross sections

 6a. Total exclusive cross sections 

     Emitted particles     cross section reaction         level    isomeric    isomeric    lifetime relative yield
    n   p   d   t   h   a                                        cross section   ratio
    0   0   0   0   0   0    3.07259E+00  (n,g)                                                     5.94571E-03
    1   0   0   0   0   0    5.13703E+02  (n,n')                                                    9.94054E-01

 Absorption cross section                 :     3.07259

 Sum over exclusive channel cross sections:   516.77515
 (n,gn) + (n,gp) +...(n,ga) cross sections:     0.48433
 Total                                    :   517.25946
 Non-elastic cross section                :   517.28809

 10. Gamma-ray intensities

 Nuclide: 209Pb

     Initial level          Final level     Gamma Energy  Cross section 

  no.  J/Pi    Ex         no.  J/Pi    Ex

   1   5.5+  0.7789  --->  0   4.5+  0.0000    0.77889   6.838135E-01
   2   7.5-  1.4226  --->  0   4.5+  0.0000    1.42264   2.371533E-01
   2   7.5-  1.4226  --->  1   5.5+  0.7789    0.64375   2.608479E-02
   3   2.5+  1.5671  --->  0   4.5+  0.0000    1.56709   5.324468E-01
   4   0.5+  2.0322  --->  3   2.5+  1.5671    0.46512   1.930653E-01
   5   0.5-  2.1494  --->  0   4.5+  0.0000    2.14943   6.657627E-07
   5   0.5-  2.1494  --->  3   2.5+  1.5671    0.58234   2.897700E-04
   5   0.5-  2.1494  --->  4   0.5+  2.0322    0.11722   7.429713E-02
   6   1.5-  2.3159  --->  0   4.5+  0.0000    2.31593   7.671021E-03
   6   1.5-  2.3159  --->  3   2.5+  1.5671    0.74884   2.082710E-02
   6   1.5-  2.3159  --->  4   0.5+  2.0322    0.28372   3.653929E-02
   7   3.5-  2.4240  --->  0   4.5+  0.0000    2.42400   6.247173E-02
   7   3.5-  2.4240  --->  1   5.5+  0.7789    1.64511   3.257404E-07
   7   3.5-  2.4240  --->  3   2.5+  1.5671    0.85691   2.676022E-03
   8   2.5-  2.4610  --->  0   4.5+  0.0000    2.46100   4.424886E-02
   8   2.5-  2.4610  --->  3   2.5+  1.5671    0.89391   1.106009E-02
   9   3.5+  2.4910  --->  0   4.5+  0.0000    2.49100   7.312778E-02
   9   3.5+  2.4910  --->  1   5.5+  0.7789    1.71211   2.267112E-03
  10   1.5-  2.5249  --->  5   0.5-  2.1494    0.37550   4.498128E-02

  Total                                                  2.053022E+00

 Nuclide: 208Pb

     Initial level          Final level     Gamma Energy  Cross section 

  no.  J/Pi    Ex         no.  J/Pi    Ex

   1   3.0-  2.6145  --->  0   0.0+  0.0000    2.61452   5.124370E+02

  Total                                                  5.124370E+02

 ########## RESULTS FOR E=   3.20000 ##########

 Energy dependent input flags

 Width fluctuations (flagwidth)            : y
 Unresolved resonance parameters (flagurr) : n
 Preequilibrium (flagpreeq)                : n
 Multiple preequilibrium (flagmulpre)      : n
 Number of continuum excitation energy bins: 40

 ########### REACTION SUMMARY FOR E=   3.20000 ###########

 Center-of-mass energy:    3.185

 1. Total (binary) cross sections

 Total           = 7.49731E+03
   Shape elastic   = 4.79124E+03
   Reaction        = 2.70607E+03
     Compound elastic= 2.03947E+03
     Non-elastic     = 6.66597E+02
       Direct          = 2.99553E+01
       Pre-equilibrium = 0.00000E+00
       Compound non-el = 6.36641E+02
     Total elastic   = 6.83071E+03

 2. Binary non-elastic cross sections (non-exclusive)

 gamma   = 3.76380E+00
 neutron = 6.62818E+02
 proton  = 0.00000E+00
 deuteron= 0.00000E+00
 triton  = 0.00000E+00
 helium-3= 0.00000E+00
 alpha   = 0.00000E+00

 3. Total particle production cross sections

 gamma   = 5.17864E+00    Multiplicity= 7.76877E-03
 neutron = 6.63411E+02    Multiplicity= 9.95220E-01
 proton  = 0.00000E+00    Multiplicity= 0.00000E+00
 deuteron= 0.00000E+00    Multiplicity= 0.00000E+00
 triton  = 0.00000E+00    Multiplicity= 0.00000E+00
 helium-3= 0.00000E+00    Multiplicity= 0.00000E+00
 alpha   = 0.00000E+00    Multiplicity= 0.00000E+00

 4. Residual production cross sections

   a. Per isotope

   Z   A  nuclide    total     level   isomeric    isomeric    lifetime
                 cross section       cross section  ratio

   82 209 (209Pb) 3.17101E+00    0    3.17101E+00  1.00000
   82 208 (208Pb) 6.63410E+02    0    6.63410E+02  1.00000

   b. Per mass

   A  cross section

  209 3.17101E+00
  208 6.63410E+02

 Total residual production cross section:   666.5814819
 Non-elastic cross section              :   666.5968018

 6. Exclusive cross sections

 6a. Total exclusive cross sections 

     Emitted particles     cross section reaction         level    isomeric    isomeric    lifetime relative yield
    n   p   d   t   h   a                                        cross section   ratio
    0   0   0   0   0   0    3.17101E+00  (n,g)                                                     4.76136E-03
    1   0   0   0   0   0    6.62818E+02  (n,n')                                                    9.95239E-01

 Absorption cross section                 :     3.17101

 Sum over exclusive channel cross sections:   665.98871
 (n,gn) + (n,gp) +...(n,ga) cross sections:     0.59279
 Total                                    :   666.58148
 Non-elastic cross section                :   666.59680

 10. Gamma-ray intensities

 Nuclide: 209Pb

     Initial level          Final level     Gamma Energy  Cross section 

  no.  J/Pi    Ex         no.  J/Pi    Ex

   1   5.5+  0.7789  --->  0   4.5+  0.0000    0.77889   7.038713E-01
   2   7.5-  1.4226  --->  0   4.5+  0.0000    1.42264   2.630059E-01
   2   7.5-  1.4226  --->  1   5.5+  0.7789    0.64375   2.892835E-02
   3   2.5+  1.5671  --->  0   4.5+  0.0000    1.56709   5.620544E-01
   4   0.5+  2.0322  --->  3   2.5+  1.5671    0.46512   2.052042E-01
   5   0.5-  2.1494  --->  0   4.5+  0.0000    2.14943   7.069269E-07
   5   0.5-  2.1494  --->  3   2.5+  1.5671    0.58234   3.076865E-04
   5   0.5-  2.1494  --->  4   0.5+  2.0322    0.11722   7.889093E-02
   6   1.5-  2.3159  --->  0   4.5+  0.0000    2.31593   8.073780E-03
   6   1.5-  2.3159  --->  3   2.5+  1.5671    0.74884   2.192060E-02
   6   1.5-  2.3159  --->  4   0.5+  2.0322    0.28372   3.845774E-02
   7   3.5-  2.4240  --->  0   4.5+  0.0000    2.42400   6.353602E-02
   7   3.5-  2.4240  --->  1   5.5+  0.7789    1.64511   3.312898E-07
   7   3.5-  2.4240  --->  3   2.5+  1.5671    0.85691   2.721612E-03
   8   2.5-  2.4610  --->  0   4.5+  0.0000    2.46100   4.550587E-02
   8   2.5-  2.4610  --->  3   2.5+  1.5671    0.89391   1.137428E-02
   9   3.5+  2.4910  --->  0   4.5+  0.0000    2.49100   7.719838E-02
   9   3.5+  2.4910  --->  1   5.5+  0.7789    1.71211   2.393309E-03
  10   1.5-  2.5249  --->  5   0.5-  2.1494    0.37550   4.737481E-02

  Total                                                  2.160820E+00

 Nuclide: 208Pb

     Initial level          Final level     Gamma Energy  Cross section 

  no.  J/Pi    Ex         no.  J/Pi    Ex

   1   3.0-  2.6145  --->  0   0.0+  0.0000    2.61452   6.611855E+02

  Total                                                  6.611855E+02

 ########## RESULTS FOR E=   3.40000 ##########

 Energy dependent input flags

 Width fluctuations (flagwidth)            : y
 Unresolved resonance parameters (flagurr) : n
 Preequilibrium (flagpreeq)                : n
 Multiple preequilibrium (flagmulpre)      : n
 Number of continuum excitation energy bins: 40

 ########### REACTION SUMMARY FOR E=   3.40000 ###########

 Center-of-mass energy:    3.384

 1. Total (binary) cross sections

 Total           = 7.55196E+03
   Shape elastic   = 4.84612E+03
   Reaction        = 2.70584E+03
     Compound elastic= 1.82967E+03
     Non-elastic     = 8.76167E+02
       Direct          = 3.53139E+01
       Pre-equilibrium = 0.00000E+00
       Compound non-el = 8.40853E+02
     Total elastic   = 6.67579E+03

 2. Binary non-elastic cross sections (non-exclusive)

 gamma   = 3.04699E+00
 neutron = 8.73114E+02
 proton  = 0.00000E+00
 deuteron= 0.00000E+00
 triton  = 0.00000E+00
 helium-3= 0.00000E+00
 alpha   = 0.00000E+00

 3. Total particle production cross sections

 gamma   = 4.10441E+00    Multiplicity= 4.68451E-03
 neutron = 8.73732E+02    Multiplicity= 9.97221E-01
 proton  = 0.00000E+00    Multiplicity= 0.00000E+00
 deuteron= 0.00000E+00    Multiplicity= 0.00000E+00
 triton  = 0.00000E+00    Multiplicity= 0.00000E+00
 helium-3= 0.00000E+00    Multiplicity= 0.00000E+00
 alpha   = 0.00000E+00    Multiplicity= 0.00000E+00

 4. Residual production cross sections

   a. Per isotope

   Z   A  nuclide    total     level   isomeric    isomeric    lifetime
                 cross section       cross section  ratio

   82 209 (209Pb) 2.42895E+00    0    2.42895E+00  1.00000
   82 208 (208Pb) 8.73732E+02    0    8.73732E+02  1.00000

   b. Per mass

   A  cross section

  209 2.42895E+00
  208 8.73732E+02

 Total residual production cross section:   876.1610107
 Non-elastic cross section              :   876.1668701

 6. Exclusive cross sections

 6a. Total exclusive cross sections 

     Emitted particles     cross section reaction         level    isomeric    isomeric    lifetime relative yield
    n   p   d   t   h   a                                        cross section   ratio
    0   0   0   0   0   0    2.42895E+00  (n,g)                                                     2.77422E-03
    1   0   0   0   0   0    8.73114E+02  (n,n')                                                    9.97226E-01

 Absorption cross section                 :     2.42895

 Sum over exclusive channel cross sections:   875.54297
 (n,gn) + (n,gp) +...(n,ga) cross sections:     0.61804
 Total                                    :   876.16101
 Non-elastic cross section                :   876.16687

 10. Gamma-ray intensities

 Nuclide: 209Pb

     Initial level          Final level     Gamma Energy  Cross section 

  no.  J/Pi    Ex         no.  J/Pi    Ex

   1   5.5+  0.7789  --->  0   4.5+  0.0000    0.77889   4.111457E-01
   2   7.5-  1.4226  --->  0   4.5+  0.0000    1.42264   1.369162E-01
   2   7.5-  1.4226  --->  1   5.5+  0.7789    0.64375   1.505958E-02
   3   2.5+  1.5671  --->  0   4.5+  0.0000    1.56709   5.871035E-01
   4   0.5+  2.0322  --->  3   2.5+  1.5671    0.46512   2.161377E-01
   5   0.5-  2.1494  --->  0   4.5+  0.0000    2.14943   7.418892E-07
   5   0.5-  2.1494  --->  3   2.5+  1.5671    0.58234   3.229037E-04
   5   0.5-  2.1494  --->  4   0.5+  2.0322    0.11722   8.279261E-02
   6   1.5-  2.3159  --->  0   4.5+  0.0000    2.31593   8.424789E-03
   6   1.5-  2.3159  --->  3   2.5+  1.5671    0.74884   2.287361E-02
   6   1.5-  2.3159  --->  4   0.5+  2.0322    0.28372   4.012970E-02
   7   3.5-  2.4240  --->  0   4.5+  0.0000    2.42400   5.792788E-02
   7   3.5-  2.4240  --->  1   5.5+  0.7789    1.64511   3.020478E-07
   7   3.5-  2.4240  --->  3   2.5+  1.5671    0.85691   2.481383E-03
   8   2.5-  2.4610  --->  0   4.5+  0.0000    2.46100   4.624484E-02
   8   2.5-  2.4610  --->  3   2.5+  1.5671    0.89391   1.155898E-02
   9   3.5+  2.4910  --->  0   4.5+  0.0000    2.49100   7.474228E-02
   9   3.5+  2.4910  --->  1   5.5+  0.7789    1.71211   2.317165E-03
  10   1.5-  2.5249  --->  5   0.5-  2.1494    0.37550   4.958918E-02

  Total                                                  1.765769E+00

 Nuclide: 208Pb

     Initial level          Final level     Gamma Energy  Cross section 

  no.  J/Pi    Ex         no.  J/Pi    Ex

   1   3.0-  2.6145  --->  0   0.0+  0.0000    2.61452   8.709655E+02
   2   5.0-  3.1977  --->  1   3.0-  2.6145    0.58319   1.347672E+02

  Total                                                  1.005733E+03

 ########## RESULTS FOR E=   3.60000 ##########

 Energy dependent input flags

 Width fluctuations (flagwidth)            : y
 Unresolved resonance parameters (flagurr) : n
 Preequilibrium (flagpreeq)                : n
 Multiple preequilibrium (flagmulpre)      : n
 Number of continuum excitation energy bins: 40

 ########### REACTION SUMMARY FOR E=   3.60000 ###########

 Center-of-mass energy:    3.583

 1. Total (binary) cross sections

 Total           = 7.57260E+03
   Shape elastic   = 4.86741E+03
   Reaction        = 2.70519E+03
     Compound elastic= 1.63232E+03
     Non-elastic     = 1.07287E+03
       Direct          = 3.96477E+01
       Pre-equilibrium = 0.00000E+00
       Compound non-el = 1.03323E+03
     Total elastic   = 6.49973E+03

 2. Binary non-elastic cross sections (non-exclusive)

 gamma   = 2.99700E+00
 neutron = 1.06987E+03
 proton  = 0.00000E+00
 deuteron= 0.00000E+00
 triton  = 0.00000E+00
 helium-3= 0.00000E+00
 alpha   = 0.00000E+00

 3. Total particle production cross sections

 gamma   = 4.02572E+00    Multiplicity= 3.75227E-03
 neutron = 1.07057E+03    Multiplicity= 9.97855E-01
 proton  = 0.00000E+00    Multiplicity= 0.00000E+00
 deuteron= 0.00000E+00    Multiplicity= 0.00000E+00
 triton  = 0.00000E+00    Multiplicity= 0.00000E+00
 helium-3= 0.00000E+00    Multiplicity= 0.00000E+00
 alpha   = 0.00000E+00    Multiplicity= 0.00000E+00

 4. Residual production cross sections

   a. Per isotope

   Z   A  nuclide    total     level   isomeric    isomeric    lifetime
                 cross section       cross section  ratio

   82 209 (209Pb) 2.29746E+00    0    2.29746E+00  1.00000
   82 208 (208Pb) 1.07057E+03    0    1.07057E+03  1.00000

   b. Per mass

   A  cross section

  209 2.29746E+00
  208 1.07057E+03

 Total residual production cross section:  1072.8710938
 Non-elastic cross section              :  1072.8747559

 6. Exclusive cross sections

 6a. Total exclusive cross sections 

     Emitted particles     cross section reaction         level    isomeric    isomeric    lifetime relative yield
    n   p   d   t   h   a                                        cross section   ratio
    0   0   0   0   0   0    2.29746E+00  (n,g)                                                     2.14281E-03
    1   0   0   0   0   0    1.06987E+03  (n,n')                                                    9.97857E-01

 Absorption cross section                 :     2.29746

 Sum over exclusive channel cross sections:  1072.17151
 (n,gn) + (n,gp) +...(n,ga) cross sections:     0.69954
 Total                                    :  1072.87109
 Non-elastic cross section                :  1072.87476

 10. Gamma-ray intensities

 Nuclide: 209Pb

     Initial level          Final level     Gamma Energy  Cross section 

  no.  J/Pi    Ex         no.  J/Pi    Ex

   1   5.5+  0.7789  --->  0   4.5+  0.0000    0.77889   3.656002E-01
   2   7.5-  1.4226  --->  0   4.5+  0.0000    1.42264   1.114021E-01
   2   7.5-  1.4226  --->  1   5.5+  0.7789    0.64375   1.225326E-02
   3   2.5+  1.5671  --->  0   4.5+  0.0000    1.56709   6.129999E-01
   4   0.5+  2.0322  --->  3   2.5+  1.5671    0.46512   2.306425E-01
   5   0.5-  2.1494  --->  0   4.5+  0.0000    2.14943   7.835364E-07
   5   0.5-  2.1494  --->  3   2.5+  1.5671    0.58234   3.410304E-04
   5   0.5-  2.1494  --->  4   0.5+  2.0322    0.11722   8.744032E-02
   6   1.5-  2.3159  --->  0   4.5+  0.0000    2.31593   8.852072E-03
   6   1.5-  2.3159  --->  3   2.5+  1.5671    0.74884   2.403369E-02
   6   1.5-  2.3159  --->  4   0.5+  2.0322    0.28372   4.216497E-02
   7   3.5-  2.4240  --->  0   4.5+  0.0000    2.42400   5.515590E-02
   7   3.5-  2.4240  --->  1   5.5+  0.7789    1.64511   2.875941E-07
   7   3.5-  2.4240  --->  3   2.5+  1.5671    0.85691   2.362643E-03
   8   2.5-  2.4610  --->  0   4.5+  0.0000    2.46100   4.685344E-02
   8   2.5-  2.4610  --->  3   2.5+  1.5671    0.89391   1.171110E-02
   9   3.5+  2.4910  --->  0   4.5+  0.0000    2.49100   7.402380E-02
   9   3.5+  2.4910  --->  1   5.5+  0.7789    1.71211   2.294890E-03
  10   1.5-  2.5249  --->  5   0.5-  2.1494    0.37550   5.197317E-02

  Total                                                  1.740106E+00

 Nuclide: 208Pb

     Initial level          Final level     Gamma Energy  Cross section 

  no.  J/Pi    Ex         no.  J/Pi    Ex

   1   3.0-  2.6145  --->  0   0.0+  0.0000    2.61452   1.067245E+03
   2   5.0-  3.1977  --->  1   3.0-  2.6145    0.58319   2.477409E+02
   3   4.0-  3.4751  --->  1   3.0-  2.6145    0.86056   4.810606E+01
   3   4.0-  3.4751  --->  2   5.0-  3.1977    0.27737   2.443698E+01

  Total                                                  1.387529E+03

 ########## RESULTS FOR E=   3.80000 ##########

 Energy dependent input flags

 Width fluctuations (flagwidth)            : y
 Unresolved resonance parameters (flagurr) : n
 Preequilibrium (flagpreeq)                : n
 Multiple preequilibrium (flagmulpre)      : n
 Number of continuum excitation energy bins: 40

 ########### REACTION SUMMARY FOR E=   3.80000 ###########

 Center-of-mass energy:    3.782

 1. Total (binary) cross sections

 Total           = 7.56594E+03
   Shape elastic   = 4.85985E+03
   Reaction        = 2.70609E+03
     Compound elastic= 1.44437E+03
     Non-elastic     = 1.26172E+03
       Direct          = 4.32260E+01
       Pre-equilibrium = 0.00000E+00
       Compound non-el = 1.21849E+03
     Total elastic   = 6.30422E+03

 2. Binary non-elastic cross sections (non-exclusive)

 gamma   = 2.97960E+00
 neutron = 1.25874E+03
 proton  = 0.00000E+00
 deuteron= 0.00000E+00
 triton  = 0.00000E+00
 helium-3= 0.00000E+00
 alpha   = 0.00000E+00

 3. Total particle production cross sections

 gamma   = 3.97883E+00    Multiplicity= 3.15350E-03
 neutron = 1.25954E+03    Multiplicity= 9.98272E-01
 proton  = 0.00000E+00    Multiplicity= 0.00000E+00
 deuteron= 0.00000E+00    Multiplicity= 0.00000E+00
 triton  = 0.00000E+00    Multiplicity= 0.00000E+00
 helium-3= 0.00000E+00    Multiplicity= 0.00000E+00
 alpha   = 0.00000E+00    Multiplicity= 0.00000E+00

 4. Residual production cross sections

   a. Per isotope

   Z   A  nuclide    total     level   isomeric    isomeric    lifetime
                 cross section       cross section  ratio

   82 209 (209Pb) 2.17793E+00    0    2.17793E+00  1.00000
   82 208 (208Pb) 1.25954E+03    0    1.25954E+03  1.00000

   b. Per mass

   A  cross section

  209 2.17793E+00
  208 1.25954E+03

 Total residual production cross section:  1261.7169189
 Non-elastic cross section              :  1261.7187500

 6. Exclusive cross sections

 6a. Total exclusive cross sections 

     Emitted particles     cross section reaction         level    isomeric    isomeric    lifetime relative yield
    n   p   d   t   h   a                                        cross section   ratio
    0   0   0   0   0   0    2.17793E+00  (n,g)                                                     1.72726E-03
    1   0   0   0   0   0    1.25874E+03  (n,n')                                                    9.98273E-01

 Absorption cross section                 :     2.17793

 Sum over exclusive channel cross sections:  1260.91528
 (n,gn) + (n,gp) +...(n,ga) cross sections:     0.80166
 Total                                    :  1261.71692
 Non-elastic cross section                :  1261.71875

 10. Gamma-ray intensities

 Nuclide: 209Pb

     Initial level          Final level     Gamma Energy  Cross section 

  no.  J/Pi    Ex         no.  J/Pi    Ex

   1   5.5+  0.7789  --->  0   4.5+  0.0000    0.77889   3.232673E-01
   2   7.5-  1.4226  --->  0   4.5+  0.0000    1.42264   9.409563E-02
   2   7.5-  1.4226  --->  1   5.5+  0.7789    0.64375   1.034969E-02
   3   2.5+  1.5671  --->  0   4.5+  0.0000    1.56709   6.289849E-01
   4   0.5+  2.0322  --->  3   2.5+  1.5671    0.46512   2.389454E-01
   5   0.5-  2.1494  --->  0   4.5+  0.0000    2.14943   8.035854E-07
   5   0.5-  2.1494  --->  3   2.5+  1.5671    0.58234   3.497566E-04
   5   0.5-  2.1494  --->  4   0.5+  2.0322    0.11722   8.967772E-02
   6   1.5-  2.3159  --->  0   4.5+  0.0000    2.31593   8.988376E-03
   6   1.5-  2.3159  --->  3   2.5+  1.5671    0.74884   2.440376E-02
   6   1.5-  2.3159  --->  4   0.5+  2.0322    0.28372   4.281422E-02
   7   3.5-  2.4240  --->  0   4.5+  0.0000    2.42400   5.290817E-02
   7   3.5-  2.4240  --->  1   5.5+  0.7789    1.64511   2.758740E-07
   7   3.5-  2.4240  --->  3   2.5+  1.5671    0.85691   2.266361E-03
   8   2.5-  2.4610  --->  0   4.5+  0.0000    2.46100   4.685074E-02
   8   2.5-  2.4610  --->  3   2.5+  1.5671    0.89391   1.171043E-02
   9   3.5+  2.4910  --->  0   4.5+  0.0000    2.49100   7.511304E-02
   9   3.5+  2.4910  --->  1   5.5+  0.7789    1.71211   2.328659E-03
  10   1.5-  2.5249  --->  5   0.5-  2.1494    0.37550   5.295832E-02

  Total                                                  1.706014E+00

 Nuclide: 208Pb

     Initial level          Final level     Gamma Energy  Cross section 

  no.  J/Pi    Ex         no.  J/Pi    Ex

   1   3.0-  2.6145  --->  0   0.0+  0.0000    2.61452   1.255650E+03
   2   5.0-  3.1977  --->  1   3.0-  2.6145    0.58319   3.727349E+02
   3   4.0-  3.4751  --->  1   3.0-  2.6145    0.86056   9.854868E+01
   3   4.0-  3.4751  --->  2   5.0-  3.1977    0.27737   5.006089E+01
   4   5.0-  3.7085  --->  1   3.0-  2.6145    1.09393   7.070612E-01
   4   5.0-  3.7085  --->  2   5.0-  3.1977    0.51074   4.040163E+01
   4   5.0-  3.7085  --->  3   4.0-  3.4751    0.23337   5.494648E-01

  Total                                                  1.818653E+03

 ########## RESULTS FOR E=   4.00000 ##########

 Energy dependent input flags

 Width fluctuations (flagwidth)            : y
 Unresolved resonance parameters (flagurr) : n
 Preequilibrium (flagpreeq)                : n
 Multiple preequilibrium (flagmulpre)      : n
 Number of continuum excitation energy bins: 40

 ########### REACTION SUMMARY FOR E=   4.00000 ###########

 Center-of-mass energy:    3.981

 1. Total (binary) cross sections

 Total           = 7.53686E+03
   Shape elastic   = 4.82808E+03
   Reaction        = 2.70879E+03
     Compound elastic= 1.26411E+03
     Non-elastic     = 1.44468E+03
       Direct          = 4.68892E+01
       Pre-equilibrium = 0.00000E+00
       Compound non-el = 1.39779E+03
     Total elastic   = 6.09219E+03

 2. Binary non-elastic cross sections (non-exclusive)

 gamma   = 2.96835E+00
 neutron = 1.44171E+03
 proton  = 0.00000E+00
 deuteron= 0.00000E+00
 triton  = 0.00000E+00
 helium-3= 0.00000E+00
 alpha   = 0.00000E+00

 3. Total particle production cross sections

 gamma   = 3.93229E+00    Multiplicity= 2.72191E-03
 neutron = 1.44262E+03    Multiplicity= 9.98574E-01
 proton  = 0.00000E+00    Multiplicity= 0.00000E+00
 deuteron= 0.00000E+00    Multiplicity= 0.00000E+00
 triton  = 0.00000E+00    Multiplicity= 0.00000E+00
 helium-3= 0.00000E+00    Multiplicity= 0.00000E+00
 alpha   = 0.00000E+00    Multiplicity= 0.00000E+00

 4. Residual production cross sections

   a. Per isotope

   Z   A  nuclide    total     level   isomeric    isomeric    lifetime
                 cross section       cross section  ratio

   82 209 (209Pb) 2.05918E+00    0    2.05918E+00  1.00000
   82 208 (208Pb) 1.44262E+03    0    1.44262E+03  1.00000

   b. Per mass

   A  cross section

  209 2.05918E+00
  208 1.44262E+03

 Total residual production cross section:  1444.6783447
 Non-elastic cross section              :  1444.6789551

 6. Exclusive cross sections

 6a. Total exclusive cross sections 

     Emitted particles     cross section reaction         level    isomeric    isomeric    lifetime relative yield
    n   p   d   t   h   a                                        cross section   ratio
    0   0   0   0   0   0    2.05918E+00  (n,g)                                                     1.42625E-03
    1   0   0   0   0   0    1.44171E+03  (n,n')                                                    9.98574E-01

 Absorption cross section                 :     2.05918

 Sum over exclusive channel cross sections:  1443.76917
 (n,gn) + (n,gp) +...(n,ga) cross sections:     0.90918
 Total                                    :  1444.67834
 Non-elastic cross section                :  1444.67896

 10. Gamma-ray intensities

 Nuclide: 209Pb

     Initial level          Final level     Gamma Energy  Cross section 

  no.  J/Pi    Ex         no.  J/Pi    Ex

   1   5.5+  0.7789  --->  0   4.5+  0.0000    0.77889   2.820275E-01
   2   7.5-  1.4226  --->  0   4.5+  0.0000    1.42264   7.391656E-02
   2   7.5-  1.4226  --->  1   5.5+  0.7789    0.64375   8.130174E-03
   3   2.5+  1.5671  --->  0   4.5+  0.0000    1.56709   6.464058E-01
   4   0.5+  2.0322  --->  3   2.5+  1.5671    0.46512   2.488300E-01
   5   0.5-  2.1494  --->  0   4.5+  0.0000    2.14943   8.228265E-07
   5   0.5-  2.1494  --->  3   2.5+  1.5671    0.58234   3.581312E-04
   5   0.5-  2.1494  --->  4   0.5+  2.0322    0.11722   9.182497E-02
   6   1.5-  2.3159  --->  0   4.5+  0.0000    2.31593   9.153886E-03
   6   1.5-  2.3159  --->  3   2.5+  1.5671    0.74884   2.485313E-02
   6   1.5-  2.3159  --->  4   0.5+  2.0322    0.28372   4.360260E-02
   7   3.5-  2.4240  --->  0   4.5+  0.0000    2.42400   5.118721E-02
   7   3.5-  2.4240  --->  1   5.5+  0.7789    1.64511   2.669006E-07
   7   3.5-  2.4240  --->  3   2.5+  1.5671    0.85691   2.192642E-03
   8   2.5-  2.4610  --->  0   4.5+  0.0000    2.46100   4.669390E-02
   8   2.5-  2.4610  --->  3   2.5+  1.5671    0.89391   1.167123E-02
   9   3.5+  2.4910  --->  0   4.5+  0.0000    2.49100   7.526603E-02
   9   3.5+  2.4910  --->  1   5.5+  0.7789    1.71211   2.333402E-03
  10   1.5-  2.5249  --->  5   0.5-  2.1494    0.37550   5.376417E-02

  Total                                                  1.672213E+00

 Nuclide: 208Pb

     Initial level          Final level     Gamma Energy  Cross section 

  no.  J/Pi    Ex         no.  J/Pi    Ex

   1   3.0-  2.6145  --->  0   0.0+  0.0000    2.61452   1.438183E+03
   2   5.0-  3.1977  --->  1   3.0-  2.6145    0.58319   5.229222E+02
   3   4.0-  3.4751  --->  1   3.0-  2.6145    0.86056   1.351953E+02
   3   4.0-  3.4751  --->  2   5.0-  3.1977    0.27737   6.867667E+01
   4   5.0-  3.7085  --->  1   3.0-  2.6145    1.09393   1.878115E+00
   4   5.0-  3.7085  --->  2   5.0-  3.1977    0.51074   1.073159E+02
   4   5.0-  3.7085  --->  3   4.0-  3.4751    0.23337   1.459503E+00
   5   6.0-  3.9200  --->  2   5.0-  3.1977    0.72225   6.833195E+00
   5   6.0-  3.9200  --->  4   5.0-  3.7085    0.21151   5.603924E+00
   6   4.0-  3.9466  --->  2   5.0-  3.1977    0.74887   1.588844E+01
   6   4.0-  3.9466  --->  3   4.0-  3.4751    0.47150   4.177536E+00
   6   4.0-  3.9466  --->  4   5.0-  3.7085    0.23813   4.020171E+00
   7   5.0-  3.9612  --->  2   5.0-  3.1977    0.76345   1.027493E+01
   7   5.0-  3.9612  --->  3   4.0-  3.4751    0.48608   2.569514E-01
   7   5.0-  3.9612  --->  4   5.0-  3.7085    0.25271   3.935121E+00

  Total                                                  2.326621E+03

 ########## RESULTS FOR E=   4.20000 ##########

 Energy dependent input flags

 Width fluctuations (flagwidth)            : y
 Unresolved resonance parameters (flagurr) : n
 Preequilibrium (flagpreeq)                : n
 Multiple preequilibrium (flagmulpre)      : n
 Number of continuum excitation energy bins: 40

 ########### REACTION SUMMARY FOR E=   4.20000 ###########

 Center-of-mass energy:    4.180

 1. Total (binary) cross sections

 Total           = 7.48842E+03
   Shape elastic   = 4.77628E+03
   Reaction        = 2.71214E+03
     Compound elastic= 1.01875E+03
     Non-elastic     = 1.69339E+03
       Direct          = 5.04656E+01
       Pre-equilibrium = 0.00000E+00
       Compound non-el = 1.64293E+03
     Total elastic   = 5.79503E+03

 2. Binary non-elastic cross sections (non-exclusive)

 gamma   = 2.70980E+00
 neutron = 1.69068E+03
 proton  = 0.00000E+00
 deuteron= 0.00000E+00
 triton  = 0.00000E+00
 helium-3= 0.00000E+00
 alpha   = 0.00000E+00

 3. Total particle production cross sections

 gamma   = 3.55751E+00    Multiplicity= 2.10082E-03
 neutron = 1.69160E+03    Multiplicity= 9.98942E-01
 proton  = 0.00000E+00    Multiplicity= 0.00000E+00
 deuteron= 0.00000E+00    Multiplicity= 0.00000E+00
 triton  = 0.00000E+00    Multiplicity= 0.00000E+00
 helium-3= 0.00000E+00    Multiplicity= 0.00000E+00
 alpha   = 0.00000E+00    Multiplicity= 0.00000E+00

 4. Residual production cross sections

   a. Per isotope

   Z   A  nuclide    total     level   isomeric    isomeric    lifetime
                 cross section       cross section  ratio

   82 209 (209Pb) 1.79196E+00    0    1.79196E+00  1.00000
   82 208 (208Pb) 1.69160E+03    0    1.69160E+03  1.00000

   b. Per mass

   A  cross section

  209 1.79196E+00
  208 1.69160E+03

 Total residual production cross section:  1693.3922119
 Non-elastic cross section              :  1693.3923340

 6. Exclusive cross sections

 6a. Total exclusive cross sections 

     Emitted particles     cross section reaction         level    isomeric    isomeric    lifetime relative yield
    n   p   d   t   h   a                                        cross section   ratio
    0   0   0   0   0   0    1.79196E+00  (n,g)                                                     1.05878E-03
    1   0   0   0   0   0    1.69068E+03  (n,n')                                                    9.98941E-01

 Absorption cross section                 :     1.79196

 Sum over exclusive channel cross sections:  1692.47437
 (n,gn) + (n,gp) +...(n,ga) cross sections:     0.91784
 Total                                    :  1693.39221
 Non-elastic cross section                :  1693.39233

 10. Gamma-ray intensities

 Nuclide: 209Pb

     Initial level          Final level     Gamma Energy  Cross section 

  no.  J/Pi    Ex         no.  J/Pi    Ex

   1   5.5+  0.7789  --->  0   4.5+  0.0000    0.77889   2.368344E-01
   2   7.5-  1.4226  --->  0   4.5+  0.0000    1.42264   4.499381E-02
   2   7.5-  1.4226  --->  1   5.5+  0.7789    0.64375   4.948925E-03
   3   2.5+  1.5671  --->  0   4.5+  0.0000    1.56709   5.951491E-01
   4   0.5+  2.0322  --->  3   2.5+  1.5671    0.46512   2.325843E-01
   5   0.5-  2.1494  --->  0   4.5+  0.0000    2.14943   7.468253E-07
   5   0.5-  2.1494  --->  3   2.5+  1.5671    0.58234   3.250521E-04
   5   0.5-  2.1494  --->  4   0.5+  2.0322    0.11722   8.334347E-02
   6   1.5-  2.3159  --->  0   4.5+  0.0000    2.31593   8.262310E-03
   6   1.5-  2.3159  --->  3   2.5+  1.5671    0.74884   2.243247E-02
   6   1.5-  2.3159  --->  4   0.5+  2.0322    0.28372   3.935576E-02
   7   3.5-  2.4240  --->  0   4.5+  0.0000    2.42400   4.449426E-02
   7   3.5-  2.4240  --->  1   5.5+  0.7789    1.64511   2.320022E-07
   7   3.5-  2.4240  --->  3   2.5+  1.5671    0.85691   1.905945E-03
   8   2.5-  2.4610  --->  0   4.5+  0.0000    2.46100   4.114373E-02
   8   2.5-  2.4610  --->  3   2.5+  1.5671    0.89391   1.028395E-02
   9   3.5+  2.4910  --->  0   4.5+  0.0000    2.49100   6.798992E-02
   9   3.5+  2.4910  --->  1   5.5+  0.7789    1.71211   2.107828E-03
  10   1.5-  2.5249  --->  5   0.5-  2.1494    0.37550   4.825200E-02

  Total                                                  1.484408E+00

 Nuclide: 208Pb

     Initial level          Final level     Gamma Energy  Cross section 

  no.  J/Pi    Ex         no.  J/Pi    Ex

   1   3.0-  2.6145  --->  0   0.0+  0.0000    2.61452   1.631837E+03
   2   5.0-  3.1977  --->  1   3.0-  2.6145    0.58319   6.779379E+02
   3   4.0-  3.4751  --->  1   3.0-  2.6145    0.86056   1.525134E+02
   3   4.0-  3.4751  --->  2   5.0-  3.1977    0.27737   7.747398E+01
   4   5.0-  3.7085  --->  1   3.0-  2.6145    1.09393   2.919758E+00
   4   5.0-  3.7085  --->  2   5.0-  3.1977    0.51074   1.668356E+02
   4   5.0-  3.7085  --->  3   4.0-  3.4751    0.23337   2.268975E+00
   5   6.0-  3.9200  --->  2   5.0-  3.1977    0.72225   1.450741E+01
   5   6.0-  3.9200  --->  4   5.0-  3.7085    0.21151   1.189757E+01
   6   4.0-  3.9466  --->  2   5.0-  3.1977    0.74887   4.543632E+01
   6   4.0-  3.9466  --->  3   4.0-  3.4751    0.47150   1.194654E+01
   6   4.0-  3.9466  --->  4   5.0-  3.7085    0.23813   1.149652E+01
   7   5.0-  3.9612  --->  2   5.0-  3.1977    0.76345   3.551756E+01
   7   5.0-  3.9612  --->  3   4.0-  3.4751    0.48608   8.882093E-01
   7   5.0-  3.9612  --->  4   5.0-  3.7085    0.25271   1.360261E+01
   8   4.0-  3.9954  --->  1   3.0-  2.6145    1.38092   4.988039E+01
   8   4.0-  3.9954  --->  2   5.0-  3.1977    0.79773   1.481244E+01
   9   7.0-  4.0374  --->  2   5.0-  3.1977    0.83973   2.349841E+00
   9   7.0-  4.0374  --->  5   6.0-  3.9200    0.11748   2.585005E-01
  10   3.0-  4.0511  --->  1   3.0-  2.6145    1.43661   5.118538E+01
  10   3.0-  4.0511  --->  3   4.0-  3.4751    0.57606   8.803088E+00
  11   2.0+  4.0855  --->  0   0.0+  0.0000    4.08552   3.975631E+01
  11   2.0+  4.0855  --->  1   3.0-  2.6145    1.47100   1.828816E-01
  12   5.0-  4.1253  --->  2   5.0-  3.1977    0.92764   1.472842E+01
  12   5.0-  4.1253  --->  3   4.0-  3.4751    0.65027   3.725716E+00
  12   5.0-  4.1253  --->  4   5.0-  3.7085    0.41690   7.364286E-01
  12   5.0-  4.1253  --->  6   4.0-  3.9466    0.17877   1.355114E-01
  12   5.0-  4.1253  --->  7   5.0-  3.9612    0.16419   7.217043E-01
  13   1.0+  4.1440  --->  0   0.0+  0.0000    4.14400   1.503142E+01
  13   1.0+  4.1440  --->  1   3.0-  2.6145    1.52948   2.254748E-04
  13   1.0+  4.1440  ---> 11   2.0+  4.0855    0.05848   1.503166E-05

  Total                                                  3.059387E+03

 ########## RESULTS FOR E=   4.40000 ##########

 Energy dependent input flags

 Width fluctuations (flagwidth)            : y
 Unresolved resonance parameters (flagurr) : n
 Preequilibrium (flagpreeq)                : y
 Multiple preequilibrium (flagmulpre)      : n
 Number of continuum excitation energy bins: 40

 ########### REACTION SUMMARY FOR E=   4.40000 ###########

 Center-of-mass energy:    4.379

 1. Total (binary) cross sections

 Total           = 7.42227E+03
   Shape elastic   = 4.70804E+03
   Reaction        = 2.71423E+03
     Compound elastic= 7.76437E+02
     Non-elastic     = 1.93779E+03
       Direct          = 5.60668E+01
       Pre-equilibrium = 5.66323E-01
       Giant resonance = 3.03403E-01
       Compound non-el = 1.88086E+03
     Total elastic   = 5.48448E+03

 2. Binary non-elastic cross sections (non-exclusive)

 gamma   = 2.49143E+00
 neutron = 1.93531E+03
 proton  = 0.00000E+00
 deuteron= 0.00000E+00
 triton  = 0.00000E+00
 helium-3= 0.00000E+00
 alpha   = 7.05825E-13

 3. Total particle production cross sections

 gamma   = 8.25539E+01    Multiplicity= 4.26020E-02
 neutron = 1.93622E+03    Multiplicity= 9.99189E-01
 proton  = 0.00000E+00    Multiplicity= 0.00000E+00
 deuteron= 0.00000E+00    Multiplicity= 0.00000E+00
 triton  = 0.00000E+00    Multiplicity= 0.00000E+00
 helium-3= 0.00000E+00    Multiplicity= 0.00000E+00
 alpha   = 7.05825E-13    Multiplicity= 3.64242E-16

 4. Residual production cross sections

   a. Per isotope

   Z   A  nuclide    total     level   isomeric    isomeric    lifetime
                 cross section       cross section  ratio

   82 209 (209Pb) 1.57825E+00    0    1.57825E+00  1.00000
   82 208 (208Pb) 1.93622E+03    0    1.93622E+03  1.00000

   b. Per mass

   A  cross section

  209 1.57825E+00
  208 1.93622E+03

 Total residual production cross section:  1937.7999268
 Non-elastic cross section              :  1937.7929688

 6. Exclusive cross sections

 6a. Total exclusive cross sections 

     Emitted particles     cross section reaction         level    isomeric    isomeric    lifetime relative yield
    n   p   d   t   h   a                                        cross section   ratio
    0   0   0   0   0   0    1.57825E+00  (n,g)                                                     8.14840E-04
    1   0   0   0   0   0    1.93531E+03  (n,n')                                                    9.99185E-01

 Absorption cross section                 :     1.57825

 Sum over exclusive channel cross sections:  1936.88586
 (n,gn) + (n,gp) +...(n,ga) cross sections:     0.91412
 Total                                    :  1937.79993
 Non-elastic cross section                :  1937.79297

 10. Gamma-ray intensities

 Nuclide: 209Pb

     Initial level          Final level     Gamma Energy  Cross section 

  no.  J/Pi    Ex         no.  J/Pi    Ex

   1   5.5+  0.7789  --->  0   4.5+  0.0000    0.77889   2.223116E-01
   2   7.5-  1.4226  --->  0   4.5+  0.0000    1.42264   4.235777E-02
   2   7.5-  1.4226  --->  1   5.5+  0.7789    0.64375   4.658983E-03
   3   2.5+  1.5671  --->  0   4.5+  0.0000    1.56709   5.066949E-01
   4   0.5+  2.0322  --->  3   2.5+  1.5671    0.46512   1.960876E-01
   5   0.5-  2.1494  --->  0   4.5+  0.0000    2.14943   6.225062E-07
   5   0.5-  2.1494  --->  3   2.5+  1.5671    0.58234   2.709428E-04
   5   0.5-  2.1494  --->  4   0.5+  2.0322    0.11722   6.946983E-02
   6   1.5-  2.3159  --->  0   4.5+  0.0000    2.31593   6.920704E-03
   6   1.5-  2.3159  --->  3   2.5+  1.5671    0.74884   1.878996E-02
   6   1.5-  2.3159  --->  4   0.5+  2.0322    0.28372   3.296531E-02
   7   3.5-  2.4240  --->  0   4.5+  0.0000    2.42400   3.841480E-02
   7   3.5-  2.4240  --->  1   5.5+  0.7789    1.64511   2.003026E-07
   7   3.5-  2.4240  --->  3   2.5+  1.5671    0.85691   1.645526E-03
   8   2.5-  2.4610  --->  0   4.5+  0.0000    2.46100   3.444609E-02
   8   2.5-  2.4610  --->  3   2.5+  1.5671    0.89391   8.609864E-03
   9   3.5+  2.4910  --->  0   4.5+  0.0000    2.49100   6.032313E-02
   9   3.5+  2.4910  --->  1   5.5+  0.7789    1.71211   1.870141E-03
  10   1.5-  2.5249  --->  5   0.5-  2.1494    0.37550   3.974632E-02

  Total                                                  1.285584E+00

 Nuclide: 208Pb

     Initial level          Final level     Gamma Energy  Cross section 

  no.  J/Pi    Ex         no.  J/Pi    Ex

   1   3.0-  2.6145  --->  0   0.0+  0.0000    2.61452   1.773743E+03
   2   5.0-  3.1977  --->  1   3.0-  2.6145    0.58319   8.113552E+02
   3   4.0-  3.4751  --->  1   3.0-  2.6145    0.86056   1.584969E+02
   3   4.0-  3.4751  --->  2   5.0-  3.1977    0.27737   8.051350E+01
   4   5.0-  3.7085  --->  1   3.0-  2.6145    1.09393   3.433777E+00
   4   5.0-  3.7085  --->  2   5.0-  3.1977    0.51074   1.962068E+02
   4   5.0-  3.7085  --->  3   4.0-  3.4751    0.23337   2.668425E+00
   5   6.0-  3.9200  --->  2   5.0-  3.1977    0.72225   1.899739E+01
   5   6.0-  3.9200  --->  4   5.0-  3.7085    0.21151   1.557982E+01
   6   4.0-  3.9466  --->  2   5.0-  3.1977    0.74887   6.170365E+01
   6   4.0-  3.9466  --->  3   4.0-  3.4751    0.47150   1.622370E+01
   6   4.0-  3.9466  --->  4   5.0-  3.7085    0.23813   1.561256E+01
   7   5.0-  3.9612  --->  2   5.0-  3.1977    0.76345   4.862685E+01
   7   5.0-  3.9612  --->  3   4.0-  3.4751    0.48608   1.216041E+00
   7   5.0-  3.9612  --->  4   5.0-  3.7085    0.25271   1.862325E+01
   8   4.0-  3.9954  --->  1   3.0-  2.6145    1.38092   7.390777E+01
   8   4.0-  3.9954  --->  2   5.0-  3.1977    0.79773   2.194759E+01
   9   7.0-  4.0374  --->  2   5.0-  3.1977    0.83973   6.442588E+00
   9   7.0-  4.0374  --->  5   6.0-  3.9200    0.11748   7.087340E-01
  10   3.0-  4.0511  --->  1   3.0-  2.6145    1.43661   8.439888E+01
  10   3.0-  4.0511  --->  3   4.0-  3.4751    0.57606   1.451530E+01
  11   2.0+  4.0855  --->  0   0.0+  0.0000    4.08552   8.916855E+01
  11   2.0+  4.0855  --->  1   3.0-  2.6145    1.47100   4.101811E-01
  12   5.0-  4.1253  --->  2   5.0-  3.1977    0.92764   3.337645E+01
  12   5.0-  4.1253  --->  3   4.0-  3.4751    0.65027   8.442938E+00
  12   5.0-  4.1253  --->  4   5.0-  3.7085    0.41690   1.668839E+00
  12   5.0-  4.1253  --->  6   4.0-  3.9466    0.17877   3.070857E-01
  12   5.0-  4.1253  --->  7   5.0-  3.9612    0.16419   1.635472E+00
  13   1.0+  4.1440  --->  0   0.0+  0.0000    4.14400   5.646297E+01
  13   1.0+  4.1440  --->  1   3.0-  2.6145    1.52948   8.469580E-04
  13   1.0+  4.1440  ---> 11   2.0+  4.0855    0.05848   5.646387E-05
  14   5.0-  4.1804  --->  2   5.0-  3.1977    0.98270   3.430177E+01
  14   5.0-  4.1804  --->  3   4.0-  3.4751    0.70534   3.670100E+00
  15   6.0-  4.2063  --->  2   5.0-  3.1977    1.00857   1.493190E+01
  15   6.0-  4.2063  --->  4   5.0-  3.7085    0.49783   3.076530E+00

  Total                                                  3.672375E+03

 ########## RESULTS FOR E=   4.60000 ##########

 Energy dependent input flags

 Width fluctuations (flagwidth)            : y
 Unresolved resonance parameters (flagurr) : n
 Preequilibrium (flagpreeq)                : y
 Multiple preequilibrium (flagmulpre)      : n
 Number of continuum excitation energy bins: 40

 ########### REACTION SUMMARY FOR E=   4.60000 ###########

 Center-of-mass energy:    4.578

 1. Total (binary) cross sections

 Total           = 7.33943E+03
   Shape elastic   = 4.62633E+03
   Reaction        = 2.71310E+03
     Compound elastic= 5.87864E+02
     Non-elastic     = 2.12524E+03
       Direct          = 6.04803E+01
       Pre-equilibrium = 2.70777E+00
       Giant resonance = 2.10554E+00
       Compound non-el = 2.05994E+03
     Total elastic   = 5.21419E+03

 2. Binary non-elastic cross sections (non-exclusive)

 gamma   = 2.29815E+00
 neutron = 2.12295E+03
 proton  = 0.00000E+00
 deuteron= 0.00000E+00
 triton  = 0.00000E+00
 helium-3= 0.00000E+00
 alpha   = 1.23702E-12

 3. Total particle production cross sections

 gamma   = 2.75382E+02    Multiplicity= 1.29577E-01
 neutron = 2.12384E+03    Multiplicity= 9.99344E-01
 proton  = 0.00000E+00    Multiplicity= 0.00000E+00
 deuteron= 0.00000E+00    Multiplicity= 0.00000E+00
 triton  = 0.00000E+00    Multiplicity= 0.00000E+00
 helium-3= 0.00000E+00    Multiplicity= 0.00000E+00
 alpha   = 1.23702E-12    Multiplicity= 5.82064E-16

 4. Residual production cross sections

   a. Per isotope

   Z   A  nuclide    total     level   isomeric    isomeric    lifetime
                 cross section       cross section  ratio

   82 209 (209Pb) 1.40313E+00    0    1.40313E+00  1.00000
   82 208 (208Pb) 2.12384E+03    0    2.12384E+03  1.00000

   b. Per mass

   A  cross section

  209 1.40313E+00
  208 2.12384E+03

 Total residual production cross section:  2125.2458496
 Non-elastic cross section              :  2125.2365723

 6. Exclusive cross sections

 6a. Total exclusive cross sections 

     Emitted particles     cross section reaction         level    isomeric    isomeric    lifetime relative yield
    n   p   d   t   h   a                                        cross section   ratio
    0   0   0   0   0   0    1.40313E+00  (n,g)                                                     6.60499E-04
    1   0   0   0   0   0    2.12295E+03  (n,n')                                                    9.99340E-01

 Absorption cross section                 :     1.40313

 Sum over exclusive channel cross sections:  2124.35010
 (n,gn) + (n,gp) +...(n,ga) cross sections:     0.89571
 Total                                    :  2125.24585
 Non-elastic cross section                :  2125.23657

 10. Gamma-ray intensities

 Nuclide: 209Pb

     Initial level          Final level     Gamma Energy  Cross section 

  no.  J/Pi    Ex         no.  J/Pi    Ex

   1   5.5+  0.7789  --->  0   4.5+  0.0000    0.77889   2.083535E-01
   2   7.5-  1.4226  --->  0   4.5+  0.0000    1.42264   3.974907E-02
   2   7.5-  1.4226  --->  1   5.5+  0.7789    0.64375   4.372049E-03
   3   2.5+  1.5671  --->  0   4.5+  0.0000    1.56709   4.312538E-01
   4   0.5+  2.0322  --->  3   2.5+  1.5671    0.46512   1.654539E-01
   5   0.5-  2.1494  --->  0   4.5+  0.0000    2.14943   5.243101E-07
   5   0.5-  2.1494  --->  3   2.5+  1.5671    0.58234   2.282034E-04
   5   0.5-  2.1494  --->  4   0.5+  2.0322    0.11722   5.851144E-02
   6   1.5-  2.3159  --->  0   4.5+  0.0000    2.31593   5.897105E-03
   6   1.5-  2.3159  --->  3   2.5+  1.5671    0.74884   1.601085E-02
   6   1.5-  2.3159  --->  4   0.5+  2.0322    0.28372   2.808961E-02
   7   3.5-  2.4240  --->  0   4.5+  0.0000    2.42400   3.377648E-02
   7   3.5-  2.4240  --->  1   5.5+  0.7789    1.64511   1.761175E-07
   7   3.5-  2.4240  --->  3   2.5+  1.5671    0.85691   1.446840E-03
   8   2.5-  2.4610  --->  0   4.5+  0.0000    2.46100   2.932754E-02
   8   2.5-  2.4610  --->  3   2.5+  1.5671    0.89391   7.330474E-03
   9   3.5+  2.4910  --->  0   4.5+  0.0000    2.49100   5.339956E-02
   9   3.5+  2.4910  --->  1   5.5+  0.7789    1.71211   1.655497E-03
  10   1.5-  2.5249  --->  5   0.5-  2.1494    0.37550   3.344956E-02

  Total                                                  1.118306E+00

 Nuclide: 208Pb

     Initial level          Final level     Gamma Energy  Cross section 

  no.  J/Pi    Ex         no.  J/Pi    Ex

   1   3.0-  2.6145  --->  0   0.0+  0.0000    2.61452   1.898698E+03
   2   5.0-  3.1977  --->  1   3.0-  2.6145    0.58319   8.971046E+02
   3   4.0-  3.4751  --->  1   3.0-  2.6145    0.86056   1.603361E+02
   3   4.0-  3.4751  --->  2   5.0-  3.1977    0.27737   8.144777E+01
   4   5.0-  3.7085  --->  1   3.0-  2.6145    1.09393   3.725164E+00
   4   5.0-  3.7085  --->  2   5.0-  3.1977    0.51074   2.128567E+02
   4   5.0-  3.7085  --->  3   4.0-  3.4751    0.23337   2.894865E+00
   5   6.0-  3.9200  --->  2   5.0-  3.1977    0.72225   2.271044E+01
   5   6.0-  3.9200  --->  4   5.0-  3.7085    0.21151   1.862490E+01
   6   4.0-  3.9466  --->  2   5.0-  3.1977    0.74887   6.800738E+01
   6   4.0-  3.9466  --->  3   4.0-  3.4751    0.47150   1.788113E+01
   6   4.0-  3.9466  --->  4   5.0-  3.7085    0.23813   1.720756E+01
   7   5.0-  3.9612  --->  2   5.0-  3.1977    0.76345   5.564330E+01
   7   5.0-  3.9612  --->  3   4.0-  3.4751    0.48608   1.391506E+00
   7   5.0-  3.9612  --->  4   5.0-  3.7085    0.25271   2.131042E+01
   8   4.0-  3.9954  --->  1   3.0-  2.6145    1.38092   8.443499E+01
   8   4.0-  3.9954  --->  2   5.0-  3.1977    0.79773   2.507375E+01
   9   7.0-  4.0374  --->  2   5.0-  3.1977    0.83973   1.037255E+01
   9   7.0-  4.0374  --->  5   6.0-  3.9200    0.11748   1.141060E+00
  10   3.0-  4.0511  --->  1   3.0-  2.6145    1.43661   9.795078E+01
  10   3.0-  4.0511  --->  3   4.0-  3.4751    0.57606   1.684601E+01
  11   2.0+  4.0855  --->  0   0.0+  0.0000    4.08552   1.072181E+02
  11   2.0+  4.0855  --->  1   3.0-  2.6145    1.47100   4.932101E-01
  12   5.0-  4.1253  --->  2   5.0-  3.1977    0.92764   4.491812E+01
  12   5.0-  4.1253  --->  3   4.0-  3.4751    0.65027   1.136253E+01
  12   5.0-  4.1253  --->  4   5.0-  3.7085    0.41690   2.245929E+00
  12   5.0-  4.1253  --->  6   4.0-  3.9466    0.17877   4.132768E-01
  12   5.0-  4.1253  --->  7   5.0-  3.9612    0.16419   2.201023E+00
  13   1.0+  4.1440  --->  0   0.0+  0.0000    4.14400   7.552235E+01
  13   1.0+  4.1440  --->  1   3.0-  2.6145    1.52948   1.132853E-03
  13   1.0+  4.1440  ---> 11   2.0+  4.0855    0.05848   7.552356E-05
  14   5.0-  4.1804  --->  2   5.0-  3.1977    0.98270   4.990155E+01
  14   5.0-  4.1804  --->  3   4.0-  3.4751    0.70534   5.339190E+00
  15   6.0-  4.2063  --->  2   5.0-  3.1977    1.00857   2.338506E+01
  15   6.0-  4.2063  --->  4   5.0-  3.7085    0.49783   4.818198E+00

  Total                                                  4.043479E+03

 ########## RESULTS FOR E=   4.80000 ##########

 Energy dependent input flags

 Width fluctuations (flagwidth)            : y
 Unresolved resonance parameters (flagurr) : n
 Preequilibrium (flagpreeq)                : y
 Multiple preequilibrium (flagmulpre)      : n
 Number of continuum excitation energy bins: 40

 ########### REACTION SUMMARY FOR E=   4.80000 ###########

 Center-of-mass energy:    4.777

 1. Total (binary) cross sections

 Total           = 7.24104E+03
   Shape elastic   = 4.53357E+03
   Reaction        = 2.70747E+03
     Compound elastic= 4.46408E+02
     Non-elastic     = 2.26106E+03
       Direct          = 6.42802E+01
       Pre-equilibrium = 6.26982E+00
       Giant resonance = 3.59100E+00
       Compound non-el = 2.18692E+03
     Total elastic   = 4.97998E+03

 2. Binary non-elastic cross sections (non-exclusive)

 gamma   = 2.15492E+00
 neutron = 2.25892E+03
 proton  = 0.00000E+00
 deuteron= 0.00000E+00
 triton  = 0.00000E+00
 helium-3= 0.00000E+00
 alpha   = 3.58911E-12

 3. Total particle production cross sections

 gamma   = 5.13036E+02    Multiplicity= 2.26900E-01
 neutron = 2.25981E+03    Multiplicity= 9.99445E-01
 proton  = 0.00000E+00    Multiplicity= 0.00000E+00
 deuteron= 0.00000E+00    Multiplicity= 0.00000E+00
 triton  = 0.00000E+00    Multiplicity= 0.00000E+00
 helium-3= 0.00000E+00    Multiplicity= 0.00000E+00
 alpha   = 3.58911E-12    Multiplicity= 1.58736E-15

 4. Residual production cross sections

   a. Per isotope

   Z   A  nuclide    total     level   isomeric    isomeric    lifetime
                 cross section       cross section  ratio

   82 209 (209Pb) 1.26447E+00    0    1.26447E+00  1.00000
   82 208 (208Pb) 2.25981E+03    0    2.25981E+03  1.00000

   b. Per mass

   A  cross section

  209 1.26447E+00
  208 2.25981E+03

 Total residual production cross section:  2261.0722656
 Non-elastic cross section              :  2261.0620117

 6. Exclusive cross sections

 6a. Total exclusive cross sections 

     Emitted particles     cross section reaction         level    isomeric    isomeric    lifetime relative yield
    n   p   d   t   h   a                                        cross section   ratio
    0   0   0   0   0   0    1.26447E+00  (n,g)                                                     5.59456E-04
    1   0   0   0   0   0    2.25892E+03  (n,n')                                                    9.99441E-01

 Absorption cross section                 :     1.26447

 Sum over exclusive channel cross sections:  2260.18091
 (n,gn) + (n,gp) +...(n,ga) cross sections:     0.89125
 Total                                    :  2261.07227
 Non-elastic cross section                :  2261.06201

 10. Gamma-ray intensities

 Nuclide: 209Pb

     Initial level          Final level     Gamma Energy  Cross section 

  no.  J/Pi    Ex         no.  J/Pi    Ex

   1   5.5+  0.7789  --->  0   4.5+  0.0000    0.77889   1.985789E-01
   2   7.5-  1.4226  --->  0   4.5+  0.0000    1.42264   3.994084E-02
   2   7.5-  1.4226  --->  1   5.5+  0.7789    0.64375   4.393142E-03
   3   2.5+  1.5671  --->  0   4.5+  0.0000    1.56709   3.717608E-01
   4   0.5+  2.0322  --->  3   2.5+  1.5671    0.46512   1.428143E-01
   5   0.5-  2.1494  --->  0   4.5+  0.0000    2.14943   4.499256E-07
   5   0.5-  2.1494  --->  3   2.5+  1.5671    0.58234   1.958279E-04
   5   0.5-  2.1494  --->  4   0.5+  2.0322    0.11722   5.021035E-02
   6   1.5-  2.3159  --->  0   4.5+  0.0000    2.31593   5.050161E-03
   6   1.5-  2.3159  --->  3   2.5+  1.5671    0.74884   1.371137E-02
   6   1.5-  2.3159  --->  4   0.5+  2.0322    0.28372   2.405537E-02
   7   3.5-  2.4240  --->  0   4.5+  0.0000    2.42400   2.995846E-02
   7   3.5-  2.4240  --->  1   5.5+  0.7789    1.64511   1.562095E-07
   7   3.5-  2.4240  --->  3   2.5+  1.5671    0.85691   1.283293E-03
   8   2.5-  2.4610  --->  0   4.5+  0.0000    2.46100   2.527326E-02
   8   2.5-  2.4610  --->  3   2.5+  1.5671    0.89391   6.317098E-03
   9   3.5+  2.4910  --->  0   4.5+  0.0000    2.49100   4.769325E-02
   9   3.5+  2.4910  --->  1   5.5+  0.7789    1.71211   1.478589E-03
  10   1.5-  2.5249  --->  5   0.5-  2.1494    0.37550   2.852825E-02

  Total                                                  9.912438E-01

 Nuclide: 208Pb

     Initial level          Final level     Gamma Energy  Cross section 

  no.  J/Pi    Ex         no.  J/Pi    Ex

   1   3.0-  2.6145  --->  0   0.0+  0.0000    2.61452   2.000165E+03
   2   5.0-  3.1977  --->  1   3.0-  2.6145    0.58319   9.532150E+02
   3   4.0-  3.4751  --->  1   3.0-  2.6145    0.86056   1.609950E+02
   3   4.0-  3.4751  --->  2   5.0-  3.1977    0.27737   8.178247E+01
   4   5.0-  3.7085  --->  1   3.0-  2.6145    1.09393   3.880232E+00
   4   5.0-  3.7085  --->  2   5.0-  3.1977    0.51074   2.217173E+02
   4   5.0-  3.7085  --->  3   4.0-  3.4751    0.23337   3.015370E+00
   5   6.0-  3.9200  --->  2   5.0-  3.1977    0.72225   2.566418E+01
   5   6.0-  3.9200  --->  4   5.0-  3.7085    0.21151   2.104727E+01
   6   4.0-  3.9466  --->  2   5.0-  3.1977    0.74887   6.884445E+01
   6   4.0-  3.9466  --->  3   4.0-  3.4751    0.47150   1.810123E+01
   6   4.0-  3.9466  --->  4   5.0-  3.7085    0.23813   1.741936E+01
   7   5.0-  3.9612  --->  2   5.0-  3.1977    0.76345   5.827737E+01
   7   5.0-  3.9612  --->  3   4.0-  3.4751    0.48608   1.457378E+00
   7   5.0-  3.9612  --->  4   5.0-  3.7085    0.25271   2.231923E+01
   8   4.0-  3.9954  --->  1   3.0-  2.6145    1.38092   8.671262E+01
   8   4.0-  3.9954  --->  2   5.0-  3.1977    0.79773   2.575011E+01
   9   7.0-  4.0374  --->  2   5.0-  3.1977    0.83973   1.385144E+01
   9   7.0-  4.0374  --->  5   6.0-  3.9200    0.11748   1.523765E+00
  10   3.0-  4.0511  --->  1   3.0-  2.6145    1.43661   9.978952E+01
  10   3.0-  4.0511  --->  3   4.0-  3.4751    0.57606   1.716224E+01
  11   2.0+  4.0855  --->  0   0.0+  0.0000    4.08552   1.088260E+02
  11   2.0+  4.0855  --->  1   3.0-  2.6145    1.47100   5.006064E-01
  12   5.0-  4.1253  --->  2   5.0-  3.1977    0.92764   5.069271E+01
  12   5.0-  4.1253  --->  3   4.0-  3.4751    0.65027   1.282328E+01
  12   5.0-  4.1253  --->  4   5.0-  3.7085    0.41690   2.534661E+00
  12   5.0-  4.1253  --->  6   4.0-  3.9466    0.17877   4.664069E-01
  12   5.0-  4.1253  --->  7   5.0-  3.9612    0.16419   2.483983E+00
  13   1.0+  4.1440  --->  0   0.0+  0.0000    4.14400   8.064482E+01
  13   1.0+  4.1440  --->  1   3.0-  2.6145    1.52948   1.209692E-03
  13   1.0+  4.1440  ---> 11   2.0+  4.0855    0.05848   8.064611E-05
  14   5.0-  4.1804  --->  2   5.0-  3.1977    0.98270   5.803958E+01
  14   5.0-  4.1804  --->  3   4.0-  3.4751    0.70534   6.209915E+00
  15   6.0-  4.2063  --->  2   5.0-  3.1977    1.00857   2.902662E+01
  15   6.0-  4.2063  --->  4   5.0-  3.7085    0.49783   5.980569E+00

  Total                                                  4.260921E+03

 ########## RESULTS FOR E=   5.00000 ##########

 Energy dependent input flags

 Width fluctuations (flagwidth)            : y
 Unresolved resonance parameters (flagurr) : n
 Preequilibrium (flagpreeq)                : y
 Multiple preequilibrium (flagmulpre)      : n
 Number of continuum excitation energy bins: 40

 ########### REACTION SUMMARY FOR E=   5.00000 ###########

 Center-of-mass energy:    4.976

 1. Total (binary) cross sections

 Total           = 7.12887E+03
   Shape elastic   = 4.43184E+03
   Reaction        = 2.69703E+03
     Compound elastic= 3.40292E+02
     Non-elastic     = 2.35674E+03
       Direct          = 6.74707E+01
       Pre-equilibrium = 1.09950E+01
       Giant resonance = 5.76083E+00
       Compound non-el = 2.27251E+03
     Total elastic   = 4.77213E+03

 2. Binary non-elastic cross sections (non-exclusive)

 gamma   = 2.05218E+00
 neutron = 2.35469E+03
 proton  = 0.00000E+00
 deuteron= 0.00000E+00
 triton  = 0.00000E+00
 helium-3= 0.00000E+00
 alpha   = 7.52169E-12

 3. Total particle production cross sections

 gamma   = 7.57754E+02    Multiplicity= 3.21526E-01
 neutron = 2.35560E+03    Multiplicity= 9.99517E-01
 proton  = 0.00000E+00    Multiplicity= 0.00000E+00
 deuteron= 0.00000E+00    Multiplicity= 0.00000E+00
 triton  = 0.00000E+00    Multiplicity= 0.00000E+00
 helium-3= 0.00000E+00    Multiplicity= 0.00000E+00
 alpha   = 7.52169E-12    Multiplicity= 3.19157E-15

 4. Residual production cross sections

   a. Per isotope

   Z   A  nuclide    total     level   isomeric    isomeric    lifetime
                 cross section       cross section  ratio

   82 209 (209Pb) 1.14704E+00    0    1.14704E+00  1.00000
   82 208 (208Pb) 2.35560E+03    0    2.35560E+03  1.00000

   b. Per mass

   A  cross section

  209 1.14704E+00
  208 2.35560E+03

 Total residual production cross section:  2356.7480469
 Non-elastic cross section              :  2356.7382812

 6. Exclusive cross sections

 6a. Total exclusive cross sections 

     Emitted particles     cross section reaction         level    isomeric    isomeric    lifetime relative yield
    n   p   d   t   h   a                                        cross section   ratio
    0   0   0   0   0   0    1.14704E+00  (n,g)                                                     4.86890E-04
    1   0   0   0   0   0    2.35470E+03  (n,n')                                                    9.99513E-01

 Absorption cross section                 :     1.14704

 Sum over exclusive channel cross sections:  2355.84204
 (n,gn) + (n,gp) +...(n,ga) cross sections:     0.90603
 Total                                    :  2356.74805
 Non-elastic cross section                :  2356.73828

 10. Gamma-ray intensities

 Nuclide: 209Pb

     Initial level          Final level     Gamma Energy  Cross section 

  no.  J/Pi    Ex         no.  J/Pi    Ex

   1   5.5+  0.7789  --->  0   4.5+  0.0000    0.77889   1.933612E-01
   2   7.5-  1.4226  --->  0   4.5+  0.0000    1.42264   3.979428E-02
   2   7.5-  1.4226  --->  1   5.5+  0.7789    0.64375   4.377022E-03
   3   2.5+  1.5671  --->  0   4.5+  0.0000    1.56709   3.170114E-01
   4   0.5+  2.0322  --->  3   2.5+  1.5671    0.46512   1.208802E-01
   5   0.5-  2.1494  --->  0   4.5+  0.0000    2.14943   3.757087E-07
   5   0.5-  2.1494  --->  3   2.5+  1.5671    0.58234   1.635254E-04
   5   0.5-  2.1494  --->  4   0.5+  2.0322    0.11722   4.192797E-02
   6   1.5-  2.3159  --->  0   4.5+  0.0000    2.31593   4.274295E-03
   6   1.5-  2.3159  --->  3   2.5+  1.5671    0.74884   1.160487E-02
   6   1.5-  2.3159  --->  4   0.5+  2.0322    0.28372   2.035970E-02
   7   3.5-  2.4240  --->  0   4.5+  0.0000    2.42400   2.651420E-02
   7   3.5-  2.4240  --->  1   5.5+  0.7789    1.64511   1.382505E-07
   7   3.5-  2.4240  --->  3   2.5+  1.5671    0.85691   1.135755E-03
   8   2.5-  2.4610  --->  0   4.5+  0.0000    2.46100   2.138075E-02
   8   2.5-  2.4610  --->  3   2.5+  1.5671    0.89391   5.344159E-03
   9   3.5+  2.4910  --->  0   4.5+  0.0000    2.49100   4.236302E-02
   9   3.5+  2.4910  --->  1   5.5+  0.7789    1.71211   1.313341E-03
  10   1.5-  2.5249  --->  5   0.5-  2.1494    0.37550   2.371540E-02

  Total                                                  8.755215E-01

 Nuclide: 208Pb

     Initial level          Final level     Gamma Energy  Cross section 

  no.  J/Pi    Ex         no.  J/Pi    Ex

   1   3.0-  2.6145  --->  0   0.0+  0.0000    2.61452   2.076372E+03
   2   5.0-  3.1977  --->  1   3.0-  2.6145    0.58319   9.903514E+02
   3   4.0-  3.4751  --->  1   3.0-  2.6145    0.86056   1.612363E+02
   3   4.0-  3.4751  --->  2   5.0-  3.1977    0.27737   8.190502E+01
   4   5.0-  3.7085  --->  1   3.0-  2.6145    1.09393   3.980215E+00
   4   5.0-  3.7085  --->  2   5.0-  3.1977    0.51074   2.274304E+02
   4   5.0-  3.7085  --->  3   4.0-  3.4751    0.23337   3.093067E+00
   5   6.0-  3.9200  --->  2   5.0-  3.1977    0.72225   2.835805E+01
   5   6.0-  3.9200  --->  4   5.0-  3.7085    0.21151   2.325653E+01
   6   4.0-  3.9466  --->  2   5.0-  3.1977    0.74887   6.745921E+01
   6   4.0-  3.9466  --->  3   4.0-  3.4751    0.47150   1.773701E+01
   6   4.0-  3.9466  --->  4   5.0-  3.7085    0.23813   1.706886E+01
   7   5.0-  3.9612  --->  2   5.0-  3.1977    0.76345   5.874484E+01
   7   5.0-  3.9612  --->  3   4.0-  3.4751    0.48608   1.469068E+00
   7   5.0-  3.9612  --->  4   5.0-  3.7085    0.25271   2.249826E+01
   8   4.0-  3.9954  --->  1   3.0-  2.6145    1.38092   8.529436E+01
   8   4.0-  3.9954  --->  2   5.0-  3.1977    0.79773   2.532895E+01
   9   7.0-  4.0374  --->  2   5.0-  3.1977    0.83973   1.724110E+01
   9   7.0-  4.0374  --->  5   6.0-  3.9200    0.11748   1.896653E+00
  10   3.0-  4.0511  --->  1   3.0-  2.6145    1.43661   9.655096E+01
  10   3.0-  4.0511  --->  3   4.0-  3.4751    0.57606   1.660526E+01
  11   2.0+  4.0855  --->  0   0.0+  0.0000    4.08552   1.045780E+02
  11   2.0+  4.0855  --->  1   3.0-  2.6145    1.47100   4.810658E-01
  12   5.0-  4.1253  --->  2   5.0-  3.1977    0.92764   5.272298E+01
  12   5.0-  4.1253  --->  3   4.0-  3.4751    0.65027   1.333685E+01
  12   5.0-  4.1253  --->  4   5.0-  3.7085    0.41690   2.636175E+00
  12   5.0-  4.1253  --->  6   4.0-  3.9466    0.17877   4.850866E-01
  12   5.0-  4.1253  --->  7   5.0-  3.9612    0.16419   2.583467E+00
  13   1.0+  4.1440  --->  0   0.0+  0.0000    4.14400   7.954939E+01
  13   1.0+  4.1440  --->  1   3.0-  2.6145    1.52948   1.193260E-03
  13   1.0+  4.1440  ---> 11   2.0+  4.0855    0.05848   7.955065E-05
  14   5.0-  4.1804  --->  2   5.0-  3.1977    0.98270   6.089794E+01
  14   5.0-  4.1804  --->  3   4.0-  3.4751    0.70534   6.515743E+00
  15   6.0-  4.2063  --->  2   5.0-  3.1977    1.00857   3.228765E+01
  15   6.0-  4.2063  --->  4   5.0-  3.7085    0.49783   6.652463E+00

  Total                                                  4.386605E+03

 ########## RESULTS FOR E=   5.50000 ##########

 Energy dependent input flags

 Width fluctuations (flagwidth)            : y
 Unresolved resonance parameters (flagurr) : n
 Preequilibrium (flagpreeq)                : y
 Multiple preequilibrium (flagmulpre)      : n
 Number of continuum excitation energy bins: 40

 ########### REACTION SUMMARY FOR E=   5.50000 ###########

 Center-of-mass energy:    5.473

 1. Total (binary) cross sections

 Total           = 6.80581E+03
   Shape elastic   = 4.15036E+03
   Reaction        = 2.65545E+03
     Compound elastic= 1.73175E+02
     Non-elastic     = 2.48228E+03
       Direct          = 7.36114E+01
       Pre-equilibrium = 2.68531E+01
       Giant resonance = 1.18535E+01
       Compound non-el = 2.36996E+03
     Total elastic   = 4.32353E+03

 2. Binary non-elastic cross sections (non-exclusive)

 gamma   = 1.87672E+00
 neutron = 2.48041E+03
 proton  = 2.54398E-28
 deuteron= 0.00000E+00
 triton  = 0.00000E+00
 helium-3= 0.00000E+00
 alpha   = 5.00320E-11

 3. Total particle production cross sections

 gamma   = 1.30847E+03    Multiplicity= 5.27123E-01
 neutron = 2.48134E+03    Multiplicity= 9.99623E-01
 proton  = 2.54398E-28    Multiplicity= 1.02486E-31
 deuteron= 0.00000E+00    Multiplicity= 0.00000E+00
 triton  = 0.00000E+00    Multiplicity= 0.00000E+00
 helium-3= 0.00000E+00    Multiplicity= 0.00000E+00
 alpha   = 5.00320E-11    Multiplicity= 2.01557E-14

 4. Residual production cross sections

   a. Per isotope

   Z   A  nuclide    total     level   isomeric    isomeric    lifetime
                 cross section       cross section  ratio

   82 209 (209Pb) 9.44018E-01    0    9.44018E-01  1.00000
   82 208 (208Pb) 2.48134E+03    0    2.48134E+03  1.00000

   b. Per mass

   A  cross section

  209 9.44018E-01
  208 2.48134E+03

 Total residual production cross section:  2482.2873535
 Non-elastic cross section              :  2482.2753906

 6. Exclusive cross sections

 6a. Total exclusive cross sections 

     Emitted particles     cross section reaction         level    isomeric    isomeric    lifetime relative yield
    n   p   d   t   h   a                                        cross section   ratio
    0   0   0   0   0   0    9.44018E-01  (n,g)                                                     3.80445E-04
    1   0   0   0   0   0    2.48041E+03  (n,n')                                                    9.99620E-01

 Absorption cross section                 :     0.94402

 Sum over exclusive channel cross sections:  2481.35352
 (n,gn) + (n,gp) +...(n,ga) cross sections:     0.93391
 Total                                    :  2482.28735
 Non-elastic cross section                :  2482.27539

 10. Gamma-ray intensities

 Nuclide: 209Pb

     Initial level          Final level     Gamma Energy  Cross section 

  no.  J/Pi    Ex         no.  J/Pi    Ex

   1   5.5+  0.7789  --->  0   4.5+  0.0000    0.77889   1.800657E-01
   2   7.5-  1.4226  --->  0   4.5+  0.0000    1.42264   4.424669E-02
   2   7.5-  1.4226  --->  1   5.5+  0.7789    0.64375   4.866748E-03
   3   2.5+  1.5671  --->  0   4.5+  0.0000    1.56709   2.363997E-01
   4   0.5+  2.0322  --->  3   2.5+  1.5671    0.46512   9.110548E-02
   5   0.5-  2.1494  --->  0   4.5+  0.0000    2.14943   2.758474E-07
   5   0.5-  2.1494  --->  3   2.5+  1.5671    0.58234   1.200612E-04
   5   0.5-  2.1494  --->  4   0.5+  2.0322    0.11722   3.078374E-02
   6   1.5-  2.3159  --->  0   4.5+  0.0000    2.31593   3.179628E-03
   6   1.5-  2.3159  --->  3   2.5+  1.5671    0.74884   8.632805E-03
   6   1.5-  2.3159  --->  4   0.5+  2.0322    0.28372   1.514549E-02
   7   3.5-  2.4240  --->  0   4.5+  0.0000    2.42400   2.052267E-02
   7   3.5-  2.4240  --->  1   5.5+  0.7789    1.64511   1.070094E-07
   7   3.5-  2.4240  --->  3   2.5+  1.5671    0.85691   8.791036E-04
   8   2.5-  2.4610  --->  0   4.5+  0.0000    2.46100   1.548465E-02
   8   2.5-  2.4610  --->  3   2.5+  1.5671    0.89391   3.870417E-03
   9   3.5+  2.4910  --->  0   4.5+  0.0000    2.49100   3.214478E-02
   9   3.5+  2.4910  --->  1   5.5+  0.7789    1.71211   9.965544E-04
  10   1.5-  2.5249  --->  5   0.5-  2.1494    0.37550   1.684330E-02

  Total                                                  7.052879E-01

 Nuclide: 208Pb

     Initial level          Final level     Gamma Energy  Cross section 

  no.  J/Pi    Ex         no.  J/Pi    Ex

   1   3.0-  2.6145  --->  0   0.0+  0.0000    2.61452   2.177954E+03
   2   5.0-  3.1977  --->  1   3.0-  2.6145    0.58319   1.042856E+03
   3   4.0-  3.4751  --->  1   3.0-  2.6145    0.86056   1.589363E+02
   3   4.0-  3.4751  --->  2   5.0-  3.1977    0.27737   8.073667E+01
   4   5.0-  3.7085  --->  1   3.0-  2.6145    1.09393   4.169713E+00
   4   5.0-  3.7085  --->  2   5.0-  3.1977    0.51074   2.382583E+02
   4   5.0-  3.7085  --->  3   4.0-  3.4751    0.23337   3.240328E+00
   5   6.0-  3.9200  --->  2   5.0-  3.1977    0.72225   3.535561E+01
   5   6.0-  3.9200  --->  4   5.0-  3.7085    0.21151   2.899524E+01
   6   4.0-  3.9466  --->  2   5.0-  3.1977    0.74887   6.247565E+01
   6   4.0-  3.9466  --->  3   4.0-  3.4751    0.47150   1.642668E+01
   6   4.0-  3.9466  --->  4   5.0-  3.7085    0.23813   1.580790E+01
   7   5.0-  3.9612  --->  2   5.0-  3.1977    0.76345   5.732383E+01
   7   5.0-  3.9612  --->  3   4.0-  3.4751    0.48608   1.433532E+00
   7   5.0-  3.9612  --->  4   5.0-  3.7085    0.25271   2.195404E+01
   8   4.0-  3.9954  --->  1   3.0-  2.6145    1.38092   7.856849E+01
   8   4.0-  3.9954  --->  2   5.0-  3.1977    0.79773   2.333164E+01
   9   7.0-  4.0374  --->  2   5.0-  3.1977    0.83973   2.709498E+01
   9   7.0-  4.0374  --->  5   6.0-  3.9200    0.11748   2.980655E+00
  10   3.0-  4.0511  --->  1   3.0-  2.6145    1.43661   8.536331E+01
  10   3.0-  4.0511  --->  3   4.0-  3.4751    0.57606   1.468116E+01
  11   2.0+  4.0855  --->  0   0.0+  0.0000    4.08552   9.334518E+01
  11   2.0+  4.0855  --->  1   3.0-  2.6145    1.47100   4.293939E-01
  12   5.0-  4.1253  --->  2   5.0-  3.1977    0.92764   5.187531E+01
  12   5.0-  4.1253  --->  3   4.0-  3.4751    0.65027   1.312243E+01
  12   5.0-  4.1253  --->  4   5.0-  3.7085    0.41690   2.593791E+00
  12   5.0-  4.1253  --->  6   4.0-  3.9466    0.17877   4.772875E-01
  12   5.0-  4.1253  --->  7   5.0-  3.9612    0.16419   2.541931E+00
  13   1.0+  4.1440  --->  0   0.0+  0.0000    4.14400   7.136591E+01
  13   1.0+  4.1440  --->  1   3.0-  2.6145    1.52948   1.070506E-03
  13   1.0+  4.1440  ---> 11   2.0+  4.0855    0.05848   7.136705E-05
  14   5.0-  4.1804  --->  2   5.0-  3.1977    0.98270   5.906729E+01
  14   5.0-  4.1804  --->  3   4.0-  3.4751    0.70534   6.319874E+00
  15   6.0-  4.2063  --->  2   5.0-  3.1977    1.00857   3.616444E+01
  15   6.0-  4.2063  --->  4   5.0-  3.7085    0.49783   7.451227E+00

  Total                                                  4.522699E+03

 ########## RESULTS FOR E=   6.00000 ##########

 Energy dependent input flags

 Width fluctuations (flagwidth)            : y
 Unresolved resonance parameters (flagurr) : n
 Preequilibrium (flagpreeq)                : y
 Multiple preequilibrium (flagmulpre)      : n
 Number of continuum excitation energy bins: 40

 ########### REACTION SUMMARY FOR E=   6.00000 ###########

 Center-of-mass energy:    5.971

 1. Total (binary) cross sections

 Total           = 6.46093E+03
   Shape elastic   = 3.85113E+03
   Reaction        = 2.60980E+03
     Compound elastic= 8.77455E+01
     Non-elastic     = 2.52205E+03
       Direct          = 7.86324E+01
       Pre-equilibrium = 4.85101E+01
       Giant resonance = 1.77126E+01
       Compound non-el = 2.37720E+03
     Total elastic   = 3.93888E+03

 2. Binary non-elastic cross sections (non-exclusive)

 gamma   = 1.76824E+00
 neutron = 2.52029E+03
 proton  = 4.77204E-20
 deuteron= 0.00000E+00
 triton  = 0.00000E+00
 helium-3= 0.00000E+00
 alpha   = 2.90705E-06

 3. Total particle production cross sections

 gamma   = 1.76110E+03    Multiplicity= 6.98279E-01
 neutron = 2.52127E+03    Multiplicity= 9.99689E-01
 proton  = 4.77204E-20    Multiplicity= 1.89212E-23
 deuteron= 0.00000E+00    Multiplicity= 0.00000E+00
 triton  = 0.00000E+00    Multiplicity= 0.00000E+00
 helium-3= 0.00000E+00    Multiplicity= 0.00000E+00
 alpha   = 2.90705E-06    Multiplicity= 1.15265E-09

 4. Residual production cross sections

   a. Per isotope

   Z   A  nuclide    total     level   isomeric    isomeric    lifetime
                 cross section       cross section  ratio

   82 209 (209Pb) 7.93216E-01    0    7.93216E-01  1.00000
   82 208 (208Pb) 2.52127E+03    0    2.52127E+03  1.00000

   b. Per mass

   A  cross section

  209 7.93216E-01
  208 2.52127E+03

 Total residual production cross section:  2522.0664062
 Non-elastic cross section              :  2522.0544434

 6. Exclusive cross sections

 6a. Total exclusive cross sections 

     Emitted particles     cross section reaction         level    isomeric    isomeric    lifetime relative yield
    n   p   d   t   h   a                                        cross section   ratio
    0   0   0   0   0   0    7.93216E-01  (n,g)                                                     3.14632E-04
    1   0   0   0   0   0    2.52030E+03  (n,n')                                                    9.99685E-01

 Absorption cross section                 :     0.79322

 Sum over exclusive channel cross sections:  2521.09009
 (n,gn) + (n,gp) +...(n,ga) cross sections:     0.97607
 Total                                    :  2522.06616
 Non-elastic cross section                :  2522.05444

 10. Gamma-ray intensities

 Nuclide: 209Pb

     Initial level          Final level     Gamma Energy  Cross section 

  no.  J/Pi    Ex         no.  J/Pi    Ex

   1   5.5+  0.7789  --->  0   4.5+  0.0000    0.77889   1.704779E-01
   2   7.5-  1.4226  --->  0   4.5+  0.0000    1.42264   5.022907E-02
   2   7.5-  1.4226  --->  1   5.5+  0.7789    0.64375   5.524757E-03
   3   2.5+  1.5671  --->  0   4.5+  0.0000    1.56709   1.809377E-01
   4   0.5+  2.0322  --->  3   2.5+  1.5671    0.46512   7.072383E-02
   5   0.5-  2.1494  --->  0   4.5+  0.0000    2.14943   2.067364E-07
   5   0.5-  2.1494  --->  3   2.5+  1.5671    0.58234   8.998100E-05
   5   0.5-  2.1494  --->  4   0.5+  2.0322    0.11722   2.307116E-02
   6   1.5-  2.3159  --->  0   4.5+  0.0000    2.31593   2.425360E-03
   6   1.5-  2.3159  --->  3   2.5+  1.5671    0.74884   6.584939E-03
   6   1.5-  2.3159  --->  4   0.5+  2.0322    0.28372   1.155269E-02
   7   3.5-  2.4240  --->  0   4.5+  0.0000    2.42400   1.601657E-02
   7   3.5-  2.4240  --->  1   5.5+  0.7789    1.64511   8.351369E-08
   7   3.5-  2.4240  --->  3   2.5+  1.5671    0.85691   6.860817E-04
   8   2.5-  2.4610  --->  0   4.5+  0.0000    2.46100   1.132565E-02
   8   2.5-  2.4610  --->  3   2.5+  1.5671    0.89391   2.830868E-03
   9   3.5+  2.4910  --->  0   4.5+  0.0000    2.49100   2.388016E-02
   9   3.5+  2.4910  --->  1   5.5+  0.7789    1.71211   7.403343E-04
  10   1.5-  2.5249  --->  5   0.5-  2.1494    0.37550   1.203216E-02

  Total                                                  5.891295E-01

 Nuclide: 208Pb

     Initial level          Final level     Gamma Energy  Cross section 

  no.  J/Pi    Ex         no.  J/Pi    Ex

   1   3.0-  2.6145  --->  0   0.0+  0.0000    2.61452   2.211898E+03
   2   5.0-  3.1977  --->  1   3.0-  2.6145    0.58319   1.076348E+03
   3   4.0-  3.4751  --->  1   3.0-  2.6145    0.86056   1.530883E+02
   3   4.0-  3.4751  --->  2   5.0-  3.1977    0.27737   7.776600E+01
   4   5.0-  3.7085  --->  1   3.0-  2.6145    1.09393   4.329361E+00
   4   5.0-  3.7085  --->  2   5.0-  3.1977    0.51074   2.473807E+02
   4   5.0-  3.7085  --->  3   4.0-  3.4751    0.23337   3.364393E+00
   5   6.0-  3.9200  --->  2   5.0-  3.1977    0.72225   4.302325E+01
   5   6.0-  3.9200  --->  4   5.0-  3.7085    0.21151   3.528349E+01
   6   4.0-  3.9466  --->  2   5.0-  3.1977    0.74887   5.787750E+01
   6   4.0-  3.9466  --->  3   4.0-  3.4751    0.47150   1.521769E+01
   6   4.0-  3.9466  --->  4   5.0-  3.7085    0.23813   1.464445E+01
   7   5.0-  3.9612  --->  2   5.0-  3.1977    0.76345   5.550606E+01
   7   5.0-  3.9612  --->  3   4.0-  3.4751    0.48608   1.388074E+00
   7   5.0-  3.9612  --->  4   5.0-  3.7085    0.25271   2.125786E+01
   8   4.0-  3.9954  --->  1   3.0-  2.6145    1.38092   7.242980E+01
   8   4.0-  3.9954  --->  2   5.0-  3.1977    0.79773   2.150870E+01
   9   7.0-  4.0374  --->  2   5.0-  3.1977    0.83973   3.982892E+01
   9   7.0-  4.0374  --->  5   6.0-  3.9200    0.11748   4.381486E+00
  10   3.0-  4.0511  --->  1   3.0-  2.6145    1.43661   7.665453E+01
  10   3.0-  4.0511  --->  3   4.0-  3.4751    0.57606   1.318339E+01
  11   2.0+  4.0855  --->  0   0.0+  0.0000    4.08552   8.396835E+01
  11   2.0+  4.0855  --->  1   3.0-  2.6145    1.47100   3.862599E-01
  12   5.0-  4.1253  --->  2   5.0-  3.1977    0.92764   5.021191E+01
  12   5.0-  4.1253  --->  3   4.0-  3.4751    0.65027   1.270165E+01
  12   5.0-  4.1253  --->  4   5.0-  3.7085    0.41690   2.510620E+00
  12   5.0-  4.1253  --->  6   4.0-  3.9466    0.17877   4.619831E-01
  12   5.0-  4.1253  --->  7   5.0-  3.9612    0.16419   2.460423E+00
  13   1.0+  4.1440  --->  0   0.0+  0.0000    4.14400   6.270143E+01
  13   1.0+  4.1440  --->  1   3.0-  2.6145    1.52948   9.405364E-04
  13   1.0+  4.1440  ---> 11   2.0+  4.0855    0.05848   6.270243E-05
  14   5.0-  4.1804  --->  2   5.0-  3.1977    0.98270   5.588951E+01
  14   5.0-  4.1804  --->  3   4.0-  3.4751    0.70534   5.979870E+00
  15   6.0-  4.2063  --->  2   5.0-  3.1977    1.00857   3.956897E+01
  15   6.0-  4.2063  --->  4   5.0-  3.7085    0.49783   8.152687E+00

  Total                                                  4.571354E+03

 ########## RESULTS FOR E=   6.50000 ##########

 Energy dependent input flags

 Width fluctuations (flagwidth)            : y
 Unresolved resonance parameters (flagurr) : n
 Preequilibrium (flagpreeq)                : y
 Multiple preequilibrium (flagmulpre)      : n
 Number of continuum excitation energy bins: 40

 ########### REACTION SUMMARY FOR E=   6.50000 ###########

 Center-of-mass energy:    6.469

 1. Total (binary) cross sections

 Total           = 6.13635E+03
   Shape elastic   = 3.55751E+03
   Reaction        = 2.57884E+03
     Compound elastic= 4.52363E+01
     Non-elastic     = 2.53360E+03
       Direct          = 8.33471E+01
       Pre-equilibrium = 7.49377E+01
       Giant resonance = 2.26733E+01
       Compound non-el = 2.35265E+03
     Total elastic   = 3.60275E+03

 2. Binary non-elastic cross sections (non-exclusive)

 gamma   = 1.73633E+00
 neutron = 2.53187E+03
 proton  = 1.52904E-15
 deuteron= 0.00000E+00
 triton  = 0.00000E+00
 helium-3= 0.00000E+00
 alpha   = 1.50324E-05

 3. Total particle production cross sections

 gamma   = 2.16087E+03    Multiplicity= 8.52882E-01
 neutron = 2.53290E+03    Multiplicity= 9.99723E-01
 proton  = 1.52904E-15    Multiplicity= 6.03503E-19
 deuteron= 0.00000E+00    Multiplicity= 0.00000E+00
 triton  = 0.00000E+00    Multiplicity= 0.00000E+00
 helium-3= 0.00000E+00    Multiplicity= 0.00000E+00
 alpha   = 1.50324E-05    Multiplicity= 5.93320E-09

 4. Residual production cross sections

   a. Per isotope

   Z   A  nuclide    total     level   isomeric    isomeric    lifetime
                 cross section       cross section  ratio

   82 209 (209Pb) 7.10402E-01    0    7.10402E-01  1.00000
   82 208 (208Pb) 2.53291E+03    0    2.53291E+03  1.00000

   b. Per mass

   A  cross section

  209 7.10402E-01
  208 2.53291E+03

 Total residual production cross section:  2533.6223145
 Non-elastic cross section              :  2533.6037598

 6. Exclusive cross sections

 6a. Total exclusive cross sections 

     Emitted particles     cross section reaction         level    isomeric    isomeric    lifetime relative yield
    n   p   d   t   h   a                                        cross section   ratio
    0   0   0   0   0   0    7.10402E-01  (n,g)                                                     2.80504E-04
    1   0   0   0   0   0    2.53188E+03  (n,n')                                                    9.99720E-01

 Absorption cross section                 :     0.71040

 Sum over exclusive channel cross sections:  2532.59497
 (n,gn) + (n,gp) +...(n,ga) cross sections:     1.02733
 Total                                    :  2533.62231
 Non-elastic cross section                :  2533.60376

 10. Gamma-ray intensities

 Nuclide: 209Pb

     Initial level          Final level     Gamma Energy  Cross section 

  no.  J/Pi    Ex         no.  J/Pi    Ex

   1   5.5+  0.7789  --->  0   4.5+  0.0000    0.77889   1.689538E-01
   2   7.5-  1.4226  --->  0   4.5+  0.0000    1.42264   5.814297E-02
   2   7.5-  1.4226  --->  1   5.5+  0.7789    0.64375   6.395217E-03
   3   2.5+  1.5671  --->  0   4.5+  0.0000    1.56709   1.543268E-01
   4   0.5+  2.0322  --->  3   2.5+  1.5671    0.46512   6.270394E-02
   5   0.5-  2.1494  --->  0   4.5+  0.0000    2.14943   1.773040E-07
   5   0.5-  2.1494  --->  3   2.5+  1.5671    0.58234   7.717072E-05
   5   0.5-  2.1494  --->  4   0.5+  2.0322    0.11722   1.978660E-02
   6   1.5-  2.3159  --->  0   4.5+  0.0000    2.31593   2.121156E-03
   6   1.5-  2.3159  --->  3   2.5+  1.5671    0.74884   5.759014E-03
   6   1.5-  2.3159  --->  4   0.5+  2.0322    0.28372   1.010368E-02
   7   3.5-  2.4240  --->  0   4.5+  0.0000    2.42400   1.343688E-02
   7   3.5-  2.4240  --->  1   5.5+  0.7789    1.64511   7.006265E-08
   7   3.5-  2.4240  --->  3   2.5+  1.5671    0.85691   5.755787E-04
   8   2.5-  2.4610  --->  0   4.5+  0.0000    2.46100   9.149881E-03
   8   2.5-  2.4610  --->  3   2.5+  1.5671    0.89391   2.287030E-03
   9   3.5+  2.4910  --->  0   4.5+  0.0000    2.49100   1.813322E-02
   9   3.5+  2.4910  --->  1   5.5+  0.7789    1.71211   5.621670E-04
  10   1.5-  2.5249  --->  5   0.5-  2.1494    0.37550   9.587111E-03

  Total                                                  5.421025E-01

 Nuclide: 208Pb

     Initial level          Final level     Gamma Energy  Cross section 

  no.  J/Pi    Ex         no.  J/Pi    Ex

   1   3.0-  2.6145  --->  0   0.0+  0.0000    2.61452   2.232643E+03
   2   5.0-  3.1977  --->  1   3.0-  2.6145    0.58319   1.115726E+03
   3   4.0-  3.4751  --->  1   3.0-  2.6145    0.86056   1.479471E+02
   3   4.0-  3.4751  --->  2   5.0-  3.1977    0.27737   7.515434E+01
   4   5.0-  3.7085  --->  1   3.0-  2.6145    1.09393   4.528067E+00
   4   5.0-  3.7085  --->  2   5.0-  3.1977    0.51074   2.587347E+02
   4   5.0-  3.7085  --->  3   4.0-  3.4751    0.23337   3.518809E+00
   5   6.0-  3.9200  --->  2   5.0-  3.1977    0.72225   5.142540E+01
   5   6.0-  3.9200  --->  4   5.0-  3.7085    0.21151   4.217412E+01
   6   4.0-  3.9466  --->  2   5.0-  3.1977    0.74887   5.391596E+01
   6   4.0-  3.9466  --->  3   4.0-  3.4751    0.47150   1.417609E+01
   6   4.0-  3.9466  --->  4   5.0-  3.7085    0.23813   1.364208E+01
   7   5.0-  3.9612  --->  2   5.0-  3.1977    0.76345   5.417706E+01
   7   5.0-  3.9612  --->  3   4.0-  3.4751    0.48608   1.354839E+00
   7   5.0-  3.9612  --->  4   5.0-  3.7085    0.25271   2.074888E+01
   8   4.0-  3.9954  --->  1   3.0-  2.6145    1.38092   6.718474E+01
   8   4.0-  3.9954  --->  2   5.0-  3.1977    0.79773   1.995113E+01
   9   7.0-  4.0374  --->  2   5.0-  3.1977    0.83973   5.525180E+01
   9   7.0-  4.0374  --->  5   6.0-  3.9200    0.11748   6.078121E+00
  10   3.0-  4.0511  --->  1   3.0-  2.6145    1.43661   6.940181E+01
  10   3.0-  4.0511  --->  3   4.0-  3.4751    0.57606   1.193603E+01
  11   2.0+  4.0855  --->  0   0.0+  0.0000    4.08552   7.247356E+01
  11   2.0+  4.0855  --->  1   3.0-  2.6145    1.47100   3.333831E-01
  12   5.0-  4.1253  --->  2   5.0-  3.1977    0.92764   4.916746E+01
  12   5.0-  4.1253  --->  3   4.0-  3.4751    0.65027   1.243745E+01
  12   5.0-  4.1253  --->  4   5.0-  3.7085    0.41690   2.458397E+00
  12   5.0-  4.1253  --->  6   4.0-  3.9466    0.17877   4.523735E-01
  12   5.0-  4.1253  --->  7   5.0-  3.9612    0.16419   2.409244E+00
  13   1.0+  4.1440  --->  0   0.0+  0.0000    4.14400   5.240792E+01
  13   1.0+  4.1440  --->  1   3.0-  2.6145    1.52948   7.861313E-04
  13   1.0+  4.1440  ---> 11   2.0+  4.0855    0.05848   5.240876E-05
  14   5.0-  4.1804  --->  2   5.0-  3.1977    0.98270   5.364234E+01
  14   5.0-  4.1804  --->  3   4.0-  3.4751    0.70534   5.739434E+00
  15   6.0-  4.2063  --->  2   5.0-  3.1977    1.00857   4.350541E+01
  15   6.0-  4.2063  --->  4   5.0-  3.7085    0.49783   8.963741E+00

  Total                                                  4.623662E+03

 ########## RESULTS FOR E=   7.00000 ##########

 Energy dependent input flags

 Width fluctuations (flagwidth)            : y
 Unresolved resonance parameters (flagurr) : n
 Preequilibrium (flagpreeq)                : y
 Multiple preequilibrium (flagmulpre)      : n
 Number of continuum excitation energy bins: 40

 ########### REACTION SUMMARY FOR E=   7.00000 ###########

 Center-of-mass energy:    6.966

 1. Total (binary) cross sections

 Total           = 5.85758E+03
   Shape elastic   = 3.28783E+03
   Reaction        = 2.56975E+03
     Compound elastic= 2.41583E+01
     Non-elastic     = 2.54559E+03
       Direct          = 8.77667E+01
       Pre-equilibrium = 1.05770E+02
       Giant resonance = 2.64477E+01
       Compound non-el = 2.32561E+03
     Total elastic   = 3.31199E+03

 2. Binary non-elastic cross sections (non-exclusive)

 gamma   = 1.78331E+00
 neutron = 2.54381E+03
 proton  = 3.17360E-12
 deuteron= 5.48044E-31
 triton  = 5.60519E-45
 helium-3= 0.00000E+00
 alpha   = 4.01895E-05

 3. Total particle production cross sections

 gamma   = 2.53976E+03    Multiplicity= 9.97709E-01
 neutron = 2.54493E+03    Multiplicity= 9.99739E-01
 proton  = 3.17360E-12    Multiplicity= 1.24671E-15
 deuteron= 5.48044E-31    Multiplicity= 2.15291E-34
 triton  = 5.60519E-45    Multiplicity= 0.00000E+00
 helium-3= 0.00000E+00    Multiplicity= 0.00000E+00
 alpha   = 4.01895E-05    Multiplicity= 1.57879E-08

 4. Residual production cross sections

   a. Per isotope

   Z   A  nuclide    total     level   isomeric    isomeric    lifetime
                 cross section       cross section  ratio

   82 209 (209Pb) 6.73071E-01    0    6.73071E-01  1.00000
   82 208 (208Pb) 2.54495E+03    0    2.54495E+03  1.00000

   b. Per mass

   A  cross section

  209 6.73071E-01
  208 2.54495E+03

 Total residual production cross section:  2545.6250000
 Non-elastic cross section              :  2545.5915527

 6. Exclusive cross sections

 6a. Total exclusive cross sections 

     Emitted particles     cross section reaction         level    isomeric    isomeric    lifetime relative yield
    n   p   d   t   h   a                                        cross section   ratio
    0   0   0   0   0   0    6.73071E-01  (n,g)                                                     2.64519E-04
    1   0   0   0   0   0    2.54384E+03  (n,n')                                                    9.99735E-01

 Absorption cross section                 :     0.67307

 Sum over exclusive channel cross sections:  2544.51294
 (n,gn) + (n,gp) +...(n,ga) cross sections:     1.11211
 Total                                    :  2545.62500
 Non-elastic cross section                :  2545.59155

 10. Gamma-ray intensities

 Nuclide: 209Pb

     Initial level          Final level     Gamma Energy  Cross section 

  no.  J/Pi    Ex         no.  J/Pi    Ex

   1   5.5+  0.7789  --->  0   4.5+  0.0000    0.77889   1.777014E-01
   2   7.5-  1.4226  --->  0   4.5+  0.0000    1.42264   6.795339E-02
   2   7.5-  1.4226  --->  1   5.5+  0.7789    0.64375   7.474277E-03
   3   2.5+  1.5671  --->  0   4.5+  0.0000    1.56709   1.371273E-01
   4   0.5+  2.0322  --->  3   2.5+  1.5671    0.46512   5.755619E-02
   5   0.5-  2.1494  --->  0   4.5+  0.0000    2.14943   1.544441E-07
   5   0.5-  2.1494  --->  3   2.5+  1.5671    0.58234   6.722104E-05
   5   0.5-  2.1494  --->  4   0.5+  2.0322    0.11722   1.723550E-02
   6   1.5-  2.3159  --->  0   4.5+  0.0000    2.31593   1.900862E-03
   6   1.5-  2.3159  --->  3   2.5+  1.5671    0.74884   5.160909E-03
   6   1.5-  2.3159  --->  4   0.5+  2.0322    0.28372   9.054354E-03
   7   3.5-  2.4240  --->  0   4.5+  0.0000    2.42400   1.175437E-02
   7   3.5-  2.4240  --->  1   5.5+  0.7789    1.64511   6.128968E-08
   7   3.5-  2.4240  --->  3   2.5+  1.5671    0.85691   5.035069E-04
   8   2.5-  2.4610  --->  0   4.5+  0.0000    2.46100   7.481494E-03
   8   2.5-  2.4610  --->  3   2.5+  1.5671    0.89391   1.870013E-03
   9   3.5+  2.4910  --->  0   4.5+  0.0000    2.49100   1.409433E-02
   9   3.5+  2.4910  --->  1   5.5+  0.7789    1.71211   4.369534E-04
  10   1.5-  2.5249  --->  5   0.5-  2.1494    0.37550   7.578086E-03

  Total                                                  5.249504E-01

 Nuclide: 208Pb

     Initial level          Final level     Gamma Energy  Cross section 

  no.  J/Pi    Ex         no.  J/Pi    Ex

   1   3.0-  2.6145  --->  0   0.0+  0.0000    2.61452   2.258432E+03
   2   5.0-  3.1977  --->  1   3.0-  2.6145    0.58319   1.169785E+03
   3   4.0-  3.4751  --->  1   3.0-  2.6145    0.86056   1.447541E+02
   3   4.0-  3.4751  --->  2   5.0-  3.1977    0.27737   7.353238E+01
   4   5.0-  3.7085  --->  1   3.0-  2.6145    1.09393   4.810885E+00
   4   5.0-  3.7085  --->  2   5.0-  3.1977    0.51074   2.748951E+02
   4   5.0-  3.7085  --->  3   4.0-  3.4751    0.23337   3.738591E+00
   5   6.0-  3.9200  --->  2   5.0-  3.1977    0.72225   6.083527E+01
   5   6.0-  3.9200  --->  4   5.0-  3.7085    0.21151   4.989119E+01
   6   4.0-  3.9466  --->  2   5.0-  3.1977    0.74887   5.122117E+01
   6   4.0-  3.9466  --->  3   4.0-  3.4751    0.47150   1.346755E+01
   6   4.0-  3.9466  --->  4   5.0-  3.7085    0.23813   1.296023E+01
   7   5.0-  3.9612  --->  2   5.0-  3.1977    0.76345   5.399444E+01
   7   5.0-  3.9612  --->  3   4.0-  3.4751    0.48608   1.350272E+00
   7   5.0-  3.9612  --->  4   5.0-  3.7085    0.25271   2.067894E+01
   8   4.0-  3.9954  --->  1   3.0-  2.6145    1.38092   6.351442E+01
   8   4.0-  3.9954  --->  2   5.0-  3.1977    0.79773   1.886119E+01
   9   7.0-  4.0374  --->  2   5.0-  3.1977    0.83973   7.322200E+01
   9   7.0-  4.0374  --->  5   6.0-  3.9200    0.11748   8.054980E+00
  10   3.0-  4.0511  --->  1   3.0-  2.6145    1.43661   6.386052E+01
  10   3.0-  4.0511  --->  3   4.0-  3.4751    0.57606   1.098302E+01
  11   2.0+  4.0855  --->  0   0.0+  0.0000    4.08552   6.300640E+01
  11   2.0+  4.0855  --->  1   3.0-  2.6145    1.47100   2.898335E-01
  12   5.0-  4.1253  --->  2   5.0-  3.1977    0.92764   4.891751E+01
  12   5.0-  4.1253  --->  3   4.0-  3.4751    0.65027   1.237422E+01
  12   5.0-  4.1253  --->  4   5.0-  3.7085    0.41690   2.445900E+00
  12   5.0-  4.1253  --->  6   4.0-  3.9466    0.17877   4.500739E-01
  12   5.0-  4.1253  --->  7   5.0-  3.9612    0.16419   2.396996E+00
  13   1.0+  4.1440  --->  0   0.0+  0.0000    4.14400   4.327811E+01
  13   1.0+  4.1440  --->  1   3.0-  2.6145    1.52948   6.491820E-04
  13   1.0+  4.1440  ---> 11   2.0+  4.0855    0.05848   4.327880E-05
  14   5.0-  4.1804  --->  2   5.0-  3.1977    0.98270   5.239744E+01
  14   5.0-  4.1804  --->  3   4.0-  3.4751    0.70534   5.606237E+00
  15   6.0-  4.2063  --->  2   5.0-  3.1977    1.00857   4.790271E+01
  15   6.0-  4.2063  --->  4   5.0-  3.7085    0.49783   9.869750E+00

  Total                                                  4.721779E+03

 ########## RESULTS FOR E=   7.50000 ##########

 Energy dependent input flags

 Width fluctuations (flagwidth)            : n
 Unresolved resonance parameters (flagurr) : n
 Preequilibrium (flagpreeq)                : y
 Multiple preequilibrium (flagmulpre)      : n
 Number of continuum excitation energy bins: 40

 ########### REACTION SUMMARY FOR E=   7.50000 ###########

 Center-of-mass energy:    7.464

 1. Total (binary) cross sections

 Total           = 5.63334E+03
   Shape elastic   = 3.05426E+03
   Reaction        = 2.57908E+03
     Compound elastic= 6.33016E+00
     Non-elastic     = 2.57275E+03
       Direct          = 9.15665E+01
       Pre-equilibrium = 1.40097E+02
       Giant resonance = 2.89934E+01
       Compound non-el = 2.31209E+03
     Total elastic   = 3.06059E+03

 2. Binary non-elastic cross sections (non-exclusive)

 gamma   = 1.89427E+00
 neutron = 2.57086E+03
 proton  = 6.62716E-08
 deuteron= 4.03818E-23
 triton  = 2.10195E-43
 helium-3= 0.00000E+00
 alpha   = 1.07365E-04

 3. Total particle production cross sections

 gamma   = 2.91270E+03    Multiplicity= 1.13214E+00
 neutron = 2.57695E+03    Multiplicity= 1.00163E+00
 proton  = 6.62716E-08    Multiplicity= 2.57590E-11
 deuteron= 4.03818E-23    Multiplicity= 1.56960E-26
 triton  = 2.10195E-43    Multiplicity= 0.00000E+00
 helium-3= 0.00000E+00    Multiplicity= 0.00000E+00
 alpha   = 1.07365E-04    Multiplicity= 4.17316E-08

 4. Residual production cross sections

   a. Per isotope

   Z   A  nuclide    total     level   isomeric    isomeric    lifetime
                 cross section       cross section  ratio

   82 209 (209Pb) 6.83001E-01    0    6.83001E-01  1.00000
   82 208 (208Pb) 2.56725E+03    0    2.56725E+03  1.00000
   82 207 (207Pb) 4.87706E+00    0    4.87706E+00  1.00000
                                 3    0.00000E+00  0.00000   8.06000E-01 sec. 

   b. Per mass

   A  cross section

  209 6.83001E-01
  208 2.56725E+03
  207 4.87706E+00

 Total residual production cross section:  2572.8073730
 Non-elastic cross section              :  2572.7500000

 6. Exclusive cross sections

 6a. Total exclusive cross sections 

     Emitted particles     cross section reaction         level    isomeric    isomeric    lifetime relative yield
    n   p   d   t   h   a                                        cross section   ratio
    0   0   0   0   0   0    6.83001E-01  (n,g)                                                     2.65594E-04
    1   0   0   0   0   0    2.56603E+03  (n,n')                                                    9.97838E-01
    2   0   0   0   0   0    4.87706E+00  (n,2n)                                                    1.89651E-03
                                                             0     4.87706E+00  1.00000
                                                             3     0.00000E+00  0.00000   8.06000E-01 sec. 

 Absorption cross section                 :     0.68300

 Sum over exclusive channel cross sections:  2571.59351
 (n,gn) + (n,gp) +...(n,ga) cross sections:     1.21378
 Total                                    :  2572.80737
 Non-elastic cross section                :  2572.75000

 10. Gamma-ray intensities

 Nuclide: 209Pb

     Initial level          Final level     Gamma Energy  Cross section 

  no.  J/Pi    Ex         no.  J/Pi    Ex

   1   5.5+  0.7789  --->  0   4.5+  0.0000    0.77889   1.947383E-01
   2   7.5-  1.4226  --->  0   4.5+  0.0000    1.42264   7.889786E-02
   2   7.5-  1.4226  --->  1   5.5+  0.7789    0.64375   8.678072E-03
   3   2.5+  1.5671  --->  0   4.5+  0.0000    1.56709   1.369413E-01
   4   0.5+  2.0322  --->  3   2.5+  1.5671    0.46512   6.000690E-02
   5   0.5-  2.1494  --->  0   4.5+  0.0000    2.14943   1.533902E-07
   5   0.5-  2.1494  --->  3   2.5+  1.5671    0.58234   6.676235E-05
   5   0.5-  2.1494  --->  4   0.5+  2.0322    0.11722   1.711789E-02
   6   1.5-  2.3159  --->  0   4.5+  0.0000    2.31593   1.938202E-03
   6   1.5-  2.3159  --->  3   2.5+  1.5671    0.74884   5.262288E-03
   6   1.5-  2.3159  --->  4   0.5+  2.0322    0.28372   9.232214E-03
   7   3.5-  2.4240  --->  0   4.5+  0.0000    2.42400   1.109104E-02
   7   3.5-  2.4240  --->  1   5.5+  0.7789    1.64511   5.783096E-08
   7   3.5-  2.4240  --->  3   2.5+  1.5671    0.85691   4.750929E-04
   8   2.5-  2.4610  --->  0   4.5+  0.0000    2.46100   6.729631E-03
   8   2.5-  2.4610  --->  3   2.5+  1.5671    0.89391   1.682084E-03
   9   3.5+  2.4910  --->  0   4.5+  0.0000    2.49100   1.159594E-02
   9   3.5+  2.4910  --->  1   5.5+  0.7789    1.71211   3.594981E-04
  10   1.5-  2.5249  --->  5   0.5-  2.1494    0.37550   6.672810E-03

  Total                                                  5.514861E-01

 Nuclide: 208Pb

     Initial level          Final level     Gamma Energy  Cross section 

  no.  J/Pi    Ex         no.  J/Pi    Ex

   1   3.0-  2.6145  --->  0   0.0+  0.0000    2.61452   2.294787E+03
   2   5.0-  3.1977  --->  1   3.0-  2.6145    0.58319   1.237884E+03
   3   4.0-  3.4751  --->  1   3.0-  2.6145    0.86056   1.430314E+02
   3   4.0-  3.4751  --->  2   5.0-  3.1977    0.27737   7.265729E+01
   4   5.0-  3.7085  --->  1   3.0-  2.6145    1.09393   5.162200E+00
   4   5.0-  3.7085  --->  2   5.0-  3.1977    0.51074   2.949693E+02
   4   5.0-  3.7085  --->  3   4.0-  3.4751    0.23337   4.011601E+00
   5   6.0-  3.9200  --->  2   5.0-  3.1977    0.72225   7.109116E+01
   5   6.0-  3.9200  --->  4   5.0-  3.7085    0.21151   5.830207E+01
   6   4.0-  3.9466  --->  2   5.0-  3.1977    0.74887   4.971536E+01
   6   4.0-  3.9466  --->  3   4.0-  3.4751    0.47150   1.307163E+01
   6   4.0-  3.9466  --->  4   5.0-  3.7085    0.23813   1.257923E+01
   7   5.0-  3.9612  --->  2   5.0-  3.1977    0.76345   5.487177E+01
   7   5.0-  3.9612  --->  3   4.0-  3.4751    0.48608   1.372212E+00
   7   5.0-  3.9612  --->  4   5.0-  3.7085    0.25271   2.101494E+01
   8   4.0-  3.9954  --->  1   3.0-  2.6145    1.38092   6.141830E+01
   8   4.0-  3.9954  --->  2   5.0-  3.1977    0.79773   1.823873E+01
   9   7.0-  4.0374  --->  2   5.0-  3.1977    0.83973   9.321255E+01
   9   7.0-  4.0374  --->  5   6.0-  3.9200    0.11748   1.025410E+01
  10   3.0-  4.0511  --->  1   3.0-  2.6145    1.43661   6.011558E+01
  10   3.0-  4.0511  --->  3   4.0-  3.4751    0.57606   1.033894E+01
  11   2.0+  4.0855  --->  0   0.0+  0.0000    4.08552   5.716101E+01
  11   2.0+  4.0855  --->  1   3.0-  2.6145    1.47100   2.629443E-01
  12   5.0-  4.1253  --->  2   5.0-  3.1977    0.92764   4.955250E+01
  12   5.0-  4.1253  --->  3   4.0-  3.4751    0.65027   1.253485E+01
  12   5.0-  4.1253  --->  4   5.0-  3.7085    0.41690   2.477650E+00
  12   5.0-  4.1253  --->  6   4.0-  3.9466    0.17877   4.559162E-01
  12   5.0-  4.1253  --->  7   5.0-  3.9612    0.16419   2.428111E+00
  13   1.0+  4.1440  --->  0   0.0+  0.0000    4.14400   3.682293E+01
  13   1.0+  4.1440  --->  1   3.0-  2.6145    1.52948   5.523527E-04
  13   1.0+  4.1440  ---> 11   2.0+  4.0855    0.05848   3.682352E-05
  14   5.0-  4.1804  --->  2   5.0-  3.1977    0.98270   5.238361E+01
  14   5.0-  4.1804  --->  3   4.0-  3.4751    0.70534   5.604758E+00
  15   6.0-  4.2063  --->  2   5.0-  3.1977    1.00857   5.280587E+01
  15   6.0-  4.2063  --->  4   5.0-  3.7085    0.49783   1.087998E+01

  Total                                                  4.871470E+03

 Nuclide: 207Pb

     Initial level          Final level     Gamma Energy  Cross section 

  no.  J/Pi    Ex         no.  J/Pi    Ex


  Total                                                  0.000000E+00

 ########## RESULTS FOR E=   8.00000 ##########

 Energy dependent input flags

 Width fluctuations (flagwidth)            : n
 Unresolved resonance parameters (flagurr) : n
 Preequilibrium (flagpreeq)                : y
 Multiple preequilibrium (flagmulpre)      : n
 Number of continuum excitation energy bins: 40

 ########### REACTION SUMMARY FOR E=   8.00000 ###########

 Center-of-mass energy:    7.961

 1. Total (binary) cross sections

 Total           = 5.45936E+03
   Shape elastic   = 2.86238E+03
   Reaction        = 2.59698E+03
     Compound elastic= 3.58299E+00
     Non-elastic     = 2.59340E+03
       Direct          = 9.42538E+01
       Pre-equilibrium = 1.75085E+02
       Giant resonance = 3.05660E+01
       Compound non-el = 2.29349E+03
     Total elastic   = 2.86596E+03

 2. Binary non-elastic cross sections (non-exclusive)

 gamma   = 2.04882E+00
 neutron = 2.59135E+03
 proton  = 3.50171E-06
 deuteron= 1.52275E-18
 triton  = 1.23047E-30
 helium-3= 0.00000E+00
 alpha   = 2.46050E-04

 3. Total particle production cross sections

 gamma   = 3.10824E+03    Multiplicity= 1.19852E+00
 neutron = 2.70307E+03    Multiplicity= 1.04229E+00
 proton  = 3.50171E-06    Multiplicity= 1.35024E-09
 deuteron= 1.52275E-18    Multiplicity= 5.87165E-22
 triton  = 1.23047E-30    Multiplicity= 4.74462E-34
 helium-3= 0.00000E+00    Multiplicity= 0.00000E+00
 alpha   = 2.46051E-04    Multiplicity= 9.48758E-08

 4. Residual production cross sections

   a. Per isotope

   Z   A  nuclide    total     level   isomeric    isomeric    lifetime
                 cross section       cross section  ratio

   82 209 (209Pb) 7.26113E-01    0    7.26113E-01  1.00000
   82 208 (208Pb) 2.48232E+03    0    2.48232E+03  1.00000
   82 207 (207Pb) 1.10398E+02    0    1.10398E+02  1.00000
                                 3    0.00000E+00  0.00000   8.06000E-01 sec. 

   b. Per mass

   A  cross section

  209 7.26113E-01
  208 2.48232E+03
  207 1.10398E+02

 Total residual production cross section:  2593.4453125
 Non-elastic cross section              :  2593.3969727

 6. Exclusive cross sections

 6a. Total exclusive cross sections 

     Emitted particles     cross section reaction         level    isomeric    isomeric    lifetime relative yield
    n   p   d   t   h   a                                        cross section   ratio
    0   0   0   0   0   0    7.26113E-01  (n,g)                                                     2.80123E-04
    1   0   0   0   0   0    2.48100E+03  (n,n')                                                    9.57130E-01
    2   0   0   0   0   0    1.10398E+02  (n,2n)                                                    4.25900E-02
                                                             0     1.10398E+02  1.00000
                                                             3     0.00000E+00  0.00000   8.06000E-01 sec. 

 Absorption cross section                 :     0.72611

 Sum over exclusive channel cross sections:  2592.12036
 (n,gn) + (n,gp) +...(n,ga) cross sections:     1.32490
 Total                                    :  2593.44531
 Non-elastic cross section                :  2593.39697

 10. Gamma-ray intensities

 Nuclide: 209Pb

     Initial level          Final level     Gamma Energy  Cross section 

  no.  J/Pi    Ex         no.  J/Pi    Ex

   1   5.5+  0.7789  --->  0   4.5+  0.0000    0.77889   2.194289E-01
   2   7.5-  1.4226  --->  0   4.5+  0.0000    1.42264   9.095111E-02
   2   7.5-  1.4226  --->  1   5.5+  0.7789    0.64375   1.000382E-02
   3   2.5+  1.5671  --->  0   4.5+  0.0000    1.56709   1.464728E-01
   4   0.5+  2.0322  --->  3   2.5+  1.5671    0.46512   6.645488E-02
   5   0.5-  2.1494  --->  0   4.5+  0.0000    2.14943   1.617592E-07
   5   0.5-  2.1494  --->  3   2.5+  1.5671    0.58234   7.040489E-05
   5   0.5-  2.1494  --->  4   0.5+  2.0322    0.11722   1.805184E-02
   6   1.5-  2.3159  --->  0   4.5+  0.0000    2.31593   2.104112E-03
   6   1.5-  2.3159  --->  3   2.5+  1.5671    0.74884   5.712740E-03
   6   1.5-  2.3159  --->  4   0.5+  2.0322    0.28372   1.002249E-02
   7   3.5-  2.4240  --->  0   4.5+  0.0000    2.42400   1.111767E-02
   7   3.5-  2.4240  --->  1   5.5+  0.7789    1.64511   5.796983E-08
   7   3.5-  2.4240  --->  3   2.5+  1.5671    0.85691   4.762337E-04
   8   2.5-  2.4610  --->  0   4.5+  0.0000    2.46100   6.379469E-03
   8   2.5-  2.4610  --->  3   2.5+  1.5671    0.89391   1.594560E-03
   9   3.5+  2.4910  --->  0   4.5+  0.0000    2.49100   1.004093E-02
   9   3.5+  2.4910  --->  1   5.5+  0.7789    1.71211   3.112896E-04
  10   1.5-  2.5249  --->  5   0.5-  2.1494    0.37550   6.138864E-03

  Total                                                  6.053324E-01

 Nuclide: 208Pb

     Initial level          Final level     Gamma Energy  Cross section 

  no.  J/Pi    Ex         no.  J/Pi    Ex

   1   3.0-  2.6145  --->  0   0.0+  0.0000    2.61452   2.252035E+03
   2   5.0-  3.1977  --->  1   3.0-  2.6145    0.58319   1.286456E+03
   3   4.0-  3.4751  --->  1   3.0-  2.6145    0.86056   1.361849E+02
   3   4.0-  3.4751  --->  2   5.0-  3.1977    0.27737   6.917937E+01
   4   5.0-  3.7085  --->  1   3.0-  2.6145    1.09393   5.445523E+00
   4   5.0-  3.7085  --->  2   5.0-  3.1977    0.51074   3.111584E+02
   4   5.0-  3.7085  --->  3   4.0-  3.4751    0.23337   4.231774E+00
   5   6.0-  3.9200  --->  2   5.0-  3.1977    0.72225   8.098270E+01
   5   6.0-  3.9200  --->  4   5.0-  3.7085    0.21151   6.641415E+01
   6   4.0-  3.9466  --->  2   5.0-  3.1977    0.74887   4.677630E+01
   6   4.0-  3.9466  --->  3   4.0-  3.4751    0.47150   1.229886E+01
   6   4.0-  3.9466  --->  4   5.0-  3.7085    0.23813   1.183557E+01
   7   5.0-  3.9612  --->  2   5.0-  3.1977    0.76345   5.505266E+01
   7   5.0-  3.9612  --->  3   4.0-  3.4751    0.48608   1.376735E+00
   7   5.0-  3.9612  --->  4   5.0-  3.7085    0.25271   2.108422E+01
   8   4.0-  3.9954  --->  1   3.0-  2.6145    1.38092   5.764608E+01
   8   4.0-  3.9954  --->  2   5.0-  3.1977    0.79773   1.711853E+01
   9   7.0-  4.0374  --->  2   5.0-  3.1977    0.83973   1.135386E+02
   9   7.0-  4.0374  --->  5   6.0-  3.9200    0.11748   1.249012E+01
  10   3.0-  4.0511  --->  1   3.0-  2.6145    1.43661   5.340430E+01
  10   3.0-  4.0511  --->  3   4.0-  3.4751    0.57606   9.184710E+00
  11   2.0+  4.0855  --->  0   0.0+  0.0000    4.08552   4.851897E+01
  11   2.0+  4.0855  --->  1   3.0-  2.6145    1.47100   2.231904E-01
  12   5.0-  4.1253  --->  2   5.0-  3.1977    0.92764   4.972478E+01
  12   5.0-  4.1253  --->  3   4.0-  3.4751    0.65027   1.257843E+01
  12   5.0-  4.1253  --->  4   5.0-  3.7085    0.41690   2.486264E+00
  12   5.0-  4.1253  --->  6   4.0-  3.9466    0.17877   4.575013E-01
  12   5.0-  4.1253  --->  7   5.0-  3.9612    0.16419   2.436553E+00
  13   1.0+  4.1440  --->  0   0.0+  0.0000    4.14400   2.934988E+01
  13   1.0+  4.1440  --->  1   3.0-  2.6145    1.52948   4.402552E-04
  13   1.0+  4.1440  ---> 11   2.0+  4.0855    0.05848   2.935035E-05
  14   5.0-  4.1804  --->  2   5.0-  3.1977    0.98270   5.205714E+01
  14   5.0-  4.1804  --->  3   4.0-  3.4751    0.70534   5.569827E+00
  15   6.0-  4.2063  --->  2   5.0-  3.1977    1.00857   5.732351E+01
  15   6.0-  4.2063  --->  4   5.0-  3.7085    0.49783   1.181079E+01

  Total                                                  4.896432E+03

 Nuclide: 207Pb

     Initial level          Final level     Gamma Energy  Cross section 

  no.  J/Pi    Ex         no.  J/Pi    Ex

   1   2.5-  0.5697  --->  0   0.5-  0.0000    0.56970   3.859060E-01

  Total                                                  3.859060E-01

 ########## RESULTS FOR E=   8.50000 ##########

 Energy dependent input flags

 Width fluctuations (flagwidth)            : n
 Unresolved resonance parameters (flagurr) : n
 Preequilibrium (flagpreeq)                : y
 Multiple preequilibrium (flagmulpre)      : n
 Number of continuum excitation energy bins: 40

 ########### REACTION SUMMARY FOR E=   8.50000 ###########

 Center-of-mass energy:    8.459

 1. Total (binary) cross sections

 Total           = 5.32496E+03
   Shape elastic   = 2.71208E+03
   Reaction        = 2.61288E+03
     Compound elastic= 2.04848E+00
     Non-elastic     = 2.61083E+03
       Direct          = 9.55049E+01
       Pre-equilibrium = 2.13134E+02
       Giant resonance = 3.14426E+01
       Compound non-el = 2.27075E+03
     Total elastic   = 2.71413E+03

 2. Binary non-elastic cross sections (non-exclusive)

 gamma   = 2.23150E+00
 neutron = 2.60860E+03
 proton  = 3.04880E-05
 deuteron= 3.72231E-15
 triton  = 7.41193E-24
 helium-3= 0.00000E+00
 alpha   = 5.08058E-04

 3. Total particle production cross sections

 gamma   = 3.07059E+03    Multiplicity= 1.17610E+00
 neutron = 2.94933E+03    Multiplicity= 1.12965E+00
 proton  = 3.04880E-05    Multiplicity= 1.16775E-08
 deuteron= 3.72231E-15    Multiplicity= 1.42572E-18
 triton  = 7.41193E-24    Multiplicity= 2.83892E-27
 helium-3= 0.00000E+00    Multiplicity= 0.00000E+00
 alpha   = 5.08060E-04    Multiplicity= 1.94597E-07

 4. Residual production cross sections

   a. Per isotope

   Z   A  nuclide    total     level   isomeric    isomeric    lifetime
                 cross section       cross section  ratio

   82 209 (209Pb) 7.91702E-01    0    7.91702E-01  1.00000
   82 208 (208Pb) 2.27084E+03    0    2.27084E+03  1.00000
   82 207 (207Pb) 3.39287E+02    0    3.39287E+02  1.00000
                                 3    0.00000E+00  0.00000   8.06000E-01 sec. 

   b. Per mass

   A  cross section

  209 7.91702E-01
  208 2.27084E+03
  207 3.39287E+02

 Total residual production cross section:  2610.9152832
 Non-elastic cross section              :  2610.8312988

 6. Exclusive cross sections

 6a. Total exclusive cross sections 

     Emitted particles     cross section reaction         level    isomeric    isomeric    lifetime relative yield
    n   p   d   t   h   a                                        cross section   ratio
    0   0   0   0   0   0    7.91702E-01  (n,g)                                                     3.03395E-04
    1   0   0   0   0   0    2.26939E+03  (n,n')                                                    8.69675E-01
    2   0   0   0   0   0    3.39287E+02  (n,2n)                                                    1.30021E-01
                                                             0     3.39287E+02  1.00000
                                                             3     0.00000E+00  0.00000   8.06000E-01 sec. 

 Absorption cross section                 :     0.79170

 Sum over exclusive channel cross sections:  2609.47266
 (n,gn) + (n,gp) +...(n,ga) cross sections:     1.44268
 Total                                    :  2610.91528
 Non-elastic cross section                :  2610.83130

 10. Gamma-ray intensities

 Nuclide: 209Pb

     Initial level          Final level     Gamma Energy  Cross section 

  no.  J/Pi    Ex         no.  J/Pi    Ex

   1   5.5+  0.7789  --->  0   4.5+  0.0000    0.77889   2.493313E-01
   2   7.5-  1.4226  --->  0   4.5+  0.0000    1.42264   1.043546E-01
   2   7.5-  1.4226  --->  1   5.5+  0.7789    0.64375   1.147809E-02
   3   2.5+  1.5671  --->  0   4.5+  0.0000    1.56709   1.619512E-01
   4   0.5+  2.0322  --->  3   2.5+  1.5671    0.46512   7.535510E-02
   5   0.5-  2.1494  --->  0   4.5+  0.0000    2.14943   1.733102E-07
   5   0.5-  2.1494  --->  3   2.5+  1.5671    0.58234   7.543242E-05
   5   0.5-  2.1494  --->  4   0.5+  2.0322    0.11722   1.934090E-02
   6   1.5-  2.3159  --->  0   4.5+  0.0000    2.31593   2.323022E-03
   6   1.5-  2.3159  --->  3   2.5+  1.5671    0.74884   6.307088E-03
   6   1.5-  2.3159  --->  4   0.5+  2.0322    0.28372   1.106522E-02
   7   3.5-  2.4240  --->  0   4.5+  0.0000    2.42400   1.159676E-02
   7   3.5-  2.4240  --->  1   5.5+  0.7789    1.64511   6.046786E-08
   7   3.5-  2.4240  --->  3   2.5+  1.5671    0.85691   4.967556E-04
   8   2.5-  2.4610  --->  0   4.5+  0.0000    2.46100   6.105613E-03
   8   2.5-  2.4610  --->  3   2.5+  1.5671    0.89391   1.526109E-03
   9   3.5+  2.4910  --->  0   4.5+  0.0000    2.49100   9.092377E-03
   9   3.5+  2.4910  --->  1   5.5+  0.7789    1.71211   2.818824E-04
  10   1.5-  2.5249  --->  5   0.5-  2.1494    0.37550   5.571426E-03

  Total                                                  6.762531E-01

 Nuclide: 208Pb

     Initial level          Final level     Gamma Energy  Cross section 

  no.  J/Pi    Ex         no.  J/Pi    Ex

   1   3.0-  2.6145  --->  0   0.0+  0.0000    2.61452   2.090613E+03
   2   5.0-  3.1977  --->  1   3.0-  2.6145    0.58319   1.270906E+03
   3   4.0-  3.4751  --->  1   3.0-  2.6145    0.86056   1.204880E+02
   3   4.0-  3.4751  --->  2   5.0-  3.1977    0.27737   6.120568E+01
   4   5.0-  3.7085  --->  1   3.0-  2.6145    1.09393   5.467485E+00
   4   5.0-  3.7085  --->  2   5.0-  3.1977    0.51074   3.124133E+02
   4   5.0-  3.7085  --->  3   4.0-  3.4751    0.23337   4.248841E+00
   5   6.0-  3.9200  --->  2   5.0-  3.1977    0.72225   8.832417E+01
   5   6.0-  3.9200  --->  4   5.0-  3.7085    0.21151   7.243491E+01
   6   4.0-  3.9466  --->  2   5.0-  3.1977    0.74887   4.083875E+01
   6   4.0-  3.9466  --->  3   4.0-  3.4751    0.47150   1.073771E+01
   6   4.0-  3.9466  --->  4   5.0-  3.7085    0.23813   1.033322E+01
   7   5.0-  3.9612  --->  2   5.0-  3.1977    0.76345   5.202670E+01
   7   5.0-  3.9612  --->  3   4.0-  3.4751    0.48608   1.301063E+00
   7   5.0-  3.9612  --->  4   5.0-  3.7085    0.25271   1.992533E+01
   8   4.0-  3.9954  --->  1   3.0-  2.6145    1.38092   5.022700E+01
   8   4.0-  3.9954  --->  2   5.0-  3.1977    0.79773   1.491537E+01
   9   7.0-  4.0374  --->  2   5.0-  3.1977    0.83973   1.318532E+02
   9   7.0-  4.0374  --->  5   6.0-  3.9200    0.11748   1.450486E+01
  10   3.0-  4.0511  --->  1   3.0-  2.6145    1.43661   4.383379E+01
  10   3.0-  4.0511  --->  3   4.0-  3.4751    0.57606   7.538731E+00
  11   2.0+  4.0855  --->  0   0.0+  0.0000    4.08552   3.860263E+01
  11   2.0+  4.0855  --->  1   3.0-  2.6145    1.47100   1.775746E-01
  12   5.0-  4.1253  --->  2   5.0-  3.1977    0.92764   4.736381E+01
  12   5.0-  4.1253  --->  3   4.0-  3.4751    0.65027   1.198119E+01
  12   5.0-  4.1253  --->  4   5.0-  3.7085    0.41690   2.368214E+00
  12   5.0-  4.1253  --->  6   4.0-  3.9466    0.17877   4.357787E-01
  12   5.0-  4.1253  --->  7   5.0-  3.9612    0.16419   2.320864E+00
  13   1.0+  4.1440  --->  0   0.0+  0.0000    4.14400   2.225945E+01
  13   1.0+  4.1440  --->  1   3.0-  2.6145    1.52948   3.338970E-04
  13   1.0+  4.1440  ---> 11   2.0+  4.0855    0.05848   2.225980E-05
  14   5.0-  4.1804  --->  2   5.0-  3.1977    0.98270   4.892208E+01
  14   5.0-  4.1804  --->  3   4.0-  3.4751    0.70534   5.234392E+00
  15   6.0-  4.2063  --->  2   5.0-  3.1977    1.00857   5.952777E+01
  15   6.0-  4.2063  --->  4   5.0-  3.7085    0.49783   1.226495E+01

  Total                                                  4.675597E+03

 Nuclide: 207Pb

     Initial level          Final level     Gamma Energy  Cross section 

  no.  J/Pi    Ex         no.  J/Pi    Ex

   1   2.5-  0.5697  --->  0   0.5-  0.0000    0.56970   9.522382E+01
   2   1.5-  0.8977  --->  0   0.5-  0.0000    0.89770   1.195760E+00
   2   1.5-  0.8977  --->  1   2.5-  0.5697    0.32800   6.456759E-03

  Total                                                  9.642603E+01

 ########## RESULTS FOR E=   9.00000 ##########

 Energy dependent input flags

 Width fluctuations (flagwidth)            : n
 Unresolved resonance parameters (flagurr) : n
 Preequilibrium (flagpreeq)                : y
 Multiple preequilibrium (flagmulpre)      : n
 Number of continuum excitation energy bins: 40

 ########### REACTION SUMMARY FOR E=   9.00000 ###########

 Center-of-mass energy:    8.956

 1. Total (binary) cross sections

 Total           = 5.21994E+03
   Shape elastic   = 2.59959E+03
   Reaction        = 2.62035E+03
     Compound elastic= 1.17041E+00
     Non-elastic     = 2.61918E+03
       Direct          = 9.53909E+01
       Pre-equilibrium = 2.48463E+02
       Giant resonance = 3.17931E+01
       Compound non-el = 2.24353E+03
     Total elastic   = 2.60076E+03

 2. Binary non-elastic cross sections (non-exclusive)

 gamma   = 2.43077E+00
 neutron = 2.61675E+03
 proton  = 1.46750E-04
 deuteron= 1.40659E-12
 triton  = 1.87153E-19
 helium-3= 0.00000E+00
 alpha   = 9.70277E-04

 3. Total particle production cross sections

 gamma   = 2.83941E+03    Multiplicity= 1.08408E+00
 neutron = 3.26516E+03    Multiplicity= 1.24663E+00
 proton  = 1.46750E-04    Multiplicity= 5.60289E-08
 deuteron= 1.40659E-12    Multiplicity= 5.37033E-16
 triton  = 1.87153E-19    Multiplicity= 7.14548E-23
 helium-3= 0.00000E+00    Multiplicity= 0.00000E+00
 alpha   = 9.70284E-04    Multiplicity= 3.70453E-07

 4. Residual production cross sections

   a. Per isotope

   Z   A  nuclide    total     level   isomeric    isomeric    lifetime
                 cross section       cross section  ratio

   82 209 (209Pb) 8.83218E-01    0    8.83218E-01  1.00000
   82 208 (208Pb) 1.97158E+03    0    1.97158E+03  1.00000
   82 207 (207Pb) 6.46860E+02    0    6.46860E+02  1.00000
                                 3    0.00000E+00  0.00000   8.06000E-01 sec. 

   b. Per mass

   A  cross section

  209 8.83218E-01
  208 1.97158E+03
  207 6.46860E+02

 Total residual production cross section:  2619.3212891
 Non-elastic cross section              :  2619.1796875

 6. Exclusive cross sections

 6a. Total exclusive cross sections 

     Emitted particles     cross section reaction         level    isomeric    isomeric    lifetime relative yield
    n   p   d   t   h   a                                        cross section   ratio
    0   0   0   0   0   0    8.83218E-01  (n,g)                                                     3.37393E-04
    1   0   0   0   0   0    1.97003E+03  (n,n')                                                    7.52560E-01
    2   0   0   0   0   0    6.46857E+02  (n,2n)                                                    2.47102E-01
                                                             0     6.46857E+02  1.00000
                                                             3     0.00000E+00  0.00000   8.06000E-01 sec. 

 Absorption cross section                 :     0.88322

 Sum over exclusive channel cross sections:  2617.77002
 (n,gn) + (n,gp) +...(n,ga) cross sections:     1.55136
 Total                                    :  2619.32129
 Non-elastic cross section                :  2619.17969

 10. Gamma-ray intensities

 Nuclide: 209Pb

     Initial level          Final level     Gamma Energy  Cross section 

  no.  J/Pi    Ex         no.  J/Pi    Ex

   1   5.5+  0.7789  --->  0   4.5+  0.0000    0.77889   2.816173E-01
   2   7.5-  1.4226  --->  0   4.5+  0.0000    1.42264   1.196332E-01
   2   7.5-  1.4226  --->  1   5.5+  0.7789    0.64375   1.315860E-02
   3   2.5+  1.5671  --->  0   4.5+  0.0000    1.56709   1.913758E-01
   4   0.5+  2.0322  --->  3   2.5+  1.5671    0.46512   9.140950E-02
   5   0.5-  2.1494  --->  0   4.5+  0.0000    2.14943   2.041854E-07
   5   0.5-  2.1494  --->  3   2.5+  1.5671    0.58234   8.887070E-05
   5   0.5-  2.1494  --->  4   0.5+  2.0322    0.11722   2.278648E-02
   6   1.5-  2.3159  --->  0   4.5+  0.0000    2.31593   2.787760E-03
   6   1.5-  2.3159  --->  3   2.5+  1.5671    0.74884   7.568868E-03
   6   1.5-  2.3159  --->  4   0.5+  2.0322    0.28372   1.327890E-02
   7   3.5-  2.4240  --->  0   4.5+  0.0000    2.42400   1.294120E-02
   7   3.5-  2.4240  --->  1   5.5+  0.7789    1.64511   6.747806E-08
   7   3.5-  2.4240  --->  3   2.5+  1.5671    0.85691   5.543458E-04
   8   2.5-  2.4610  --->  0   4.5+  0.0000    2.46100   6.449696E-03
   8   2.5-  2.4610  --->  3   2.5+  1.5671    0.89391   1.612114E-03
   9   3.5+  2.4910  --->  0   4.5+  0.0000    2.49100   8.910675E-03
   9   3.5+  2.4910  --->  1   5.5+  0.7789    1.71211   2.762493E-04
  10   1.5-  2.5249  --->  5   0.5-  2.1494    0.37550   5.707005E-03

  Total                                                  7.801568E-01

 Nuclide: 208Pb

     Initial level          Final level     Gamma Energy  Cross section 

  no.  J/Pi    Ex         no.  J/Pi    Ex

   1   3.0-  2.6145  --->  0   0.0+  0.0000    2.61452   1.835676E+03
   2   5.0-  3.1977  --->  1   3.0-  2.6145    0.58319   1.173802E+03
   3   4.0-  3.4751  --->  1   3.0-  2.6145    0.86056   9.953593E+01
   3   4.0-  3.4751  --->  2   5.0-  3.1977    0.27737   5.056240E+01
   4   5.0-  3.7085  --->  1   3.0-  2.6145    1.09393   5.115411E+00
   4   5.0-  3.7085  --->  2   5.0-  3.1977    0.51074   2.922957E+02
   4   5.0-  3.7085  --->  3   4.0-  3.4751    0.23337   3.975241E+00
   5   6.0-  3.9200  --->  2   5.0-  3.1977    0.72225   8.969746E+01
   5   6.0-  3.9200  --->  4   5.0-  3.7085    0.21151   7.356116E+01
   6   4.0-  3.9466  --->  2   5.0-  3.1977    0.74887   3.323969E+01
   6   4.0-  3.9466  --->  3   4.0-  3.4751    0.47150   8.739690E+00
   6   4.0-  3.9466  --->  4   5.0-  3.7085    0.23813   8.410471E+00
   7   5.0-  3.9612  --->  2   5.0-  3.1977    0.76345   4.526044E+01
   7   5.0-  3.9612  --->  3   4.0-  3.4751    0.48608   1.131855E+00
   7   5.0-  3.9612  --->  4   5.0-  3.7085    0.25271   1.733397E+01
   8   4.0-  3.9954  --->  1   3.0-  2.6145    1.38092   4.080273E+01
   8   4.0-  3.9954  --->  2   5.0-  3.1977    0.79773   1.211675E+01
   9   7.0-  4.0374  --->  2   5.0-  3.1977    0.83973   1.433695E+02
   9   7.0-  4.0374  --->  5   6.0-  3.9200    0.11748   1.577174E+01
  10   3.0-  4.0511  --->  1   3.0-  2.6145    1.43661   3.424865E+01
  10   3.0-  4.0511  --->  3   4.0-  3.4751    0.57606   5.890235E+00
  11   2.0+  4.0855  --->  0   0.0+  0.0000    4.08552   2.949786E+01
  11   2.0+  4.0855  --->  1   3.0-  2.6145    1.47100   1.356920E-01
  12   5.0-  4.1253  --->  2   5.0-  3.1977    0.92764   4.197477E+01
  12   5.0-  4.1253  --->  3   4.0-  3.4751    0.65027   1.061798E+01
  12   5.0-  4.1253  --->  4   5.0-  3.7085    0.41690   2.098759E+00
  12   5.0-  4.1253  --->  6   4.0-  3.9466    0.17877   3.861960E-01
  12   5.0-  4.1253  --->  7   5.0-  3.9612    0.16419   2.056797E+00
  13   1.0+  4.1440  --->  0   0.0+  0.0000    4.14400   1.651921E+01
  13   1.0+  4.1440  --->  1   3.0-  2.6145    1.52948   2.477921E-04
  13   1.0+  4.1440  ---> 11   2.0+  4.0855    0.05848   1.651948E-05
  14   5.0-  4.1804  --->  2   5.0-  3.1977    0.98270   4.235155E+01
  14   5.0-  4.1804  --->  3   4.0-  3.4751    0.70534   4.531383E+00
  15   6.0-  4.2063  --->  2   5.0-  3.1977    1.00857   5.705501E+01
  15   6.0-  4.2063  --->  4   5.0-  3.7085    0.49783   1.175547E+01

  Total                                                  4.209518E+03

 Nuclide: 207Pb

     Initial level          Final level     Gamma Energy  Cross section 

  no.  J/Pi    Ex         no.  J/Pi    Ex

   1   2.5-  0.5697  --->  0   0.5-  0.0000    0.56970   3.090241E+02
   2   1.5-  0.8977  --->  0   0.5-  0.0000    0.89770   2.325906E+01
   2   1.5-  0.8977  --->  1   2.5-  0.5697    0.32800   1.255923E-01

  Total                                                  3.324088E+02

 ########## RESULTS FOR E=   9.50000 ##########

 Energy dependent input flags

 Width fluctuations (flagwidth)            : n
 Unresolved resonance parameters (flagurr) : n
 Preequilibrium (flagpreeq)                : y
 Multiple preequilibrium (flagmulpre)      : n
 Number of continuum excitation energy bins: 40

 ########### REACTION SUMMARY FOR E=   9.50000 ###########

 Center-of-mass energy:    9.454

 1. Total (binary) cross sections

 Total           = 5.13828E+03
   Shape elastic   = 2.52005E+03
   Reaction        = 2.61824E+03
     Compound elastic= 6.63718E-01
     Non-elastic     = 2.61758E+03
       Direct          = 9.42992E+01
       Pre-equilibrium = 2.82292E+02
       Giant resonance = 3.17150E+01
       Compound non-el = 2.20927E+03
     Total elastic   = 2.52071E+03

 2. Binary non-elastic cross sections (non-exclusive)

 gamma   = 2.63326E+00
 neutron = 2.61494E+03
 proton  = 4.99034E-04
 deuteron= 8.37359E-11
 triton  = 1.01380E-16
 helium-3= 0.00000E+00
 alpha   = 1.71815E-03

 3. Total particle production cross sections

 gamma   = 2.46761E+03    Multiplicity= 9.42708E-01
 neutron = 3.59885E+03    Multiplicity= 1.37488E+00
 proton  = 4.99035E-04    Multiplicity= 1.90648E-07
 deuteron= 8.37359E-11    Multiplicity= 3.19899E-14
 triton  = 1.01380E-16    Multiplicity= 3.87305E-20
 helium-3= 0.00000E+00    Multiplicity= 0.00000E+00
 alpha   = 1.71816E-03    Multiplicity= 6.56394E-07

 4. Residual production cross sections

   a. Per isotope

   Z   A  nuclide    total     level   isomeric    isomeric    lifetime
                 cross section       cross section  ratio

   82 209 (209Pb) 9.86059E-01    0    9.86059E-01  1.00000
   82 208 (208Pb) 1.63444E+03    0    1.63444E+03  1.00000
   82 207 (207Pb) 9.82256E+02    0    9.24024E+02  0.94072
                                 3    5.82324E+01  0.05928   8.06000E-01 sec. 

   b. Per mass

   A  cross section

  209 9.86059E-01
  208 1.63444E+03
  207 9.82256E+02

 Total residual production cross section:  2617.6796875
 Non-elastic cross section              :  2617.5761719

 6. Exclusive cross sections

 6a. Total exclusive cross sections 

     Emitted particles     cross section reaction         level    isomeric    isomeric    lifetime relative yield
    n   p   d   t   h   a                                        cross section   ratio
    0   0   0   0   0   0    9.86059E-01  (n,g)                                                     3.76930E-04
    1   0   0   0   0   0    1.63280E+03  (n,n')                                                    6.24151E-01
    2   0   0   0   0   0    9.82246E+02  (n,2n)                                                    3.75472E-01
                                                             0     9.24013E+02  0.94072
                                                             3     5.82324E+01  0.05928   8.06000E-01 sec. 

 Absorption cross section                 :     0.98606

 Sum over exclusive channel cross sections:  2616.02930
 (n,gn) + (n,gp) +...(n,ga) cross sections:     1.65045
 Total                                    :  2617.67969
 Non-elastic cross section                :  2617.57617

 10. Gamma-ray intensities

 Nuclide: 209Pb

     Initial level          Final level     Gamma Energy  Cross section 

  no.  J/Pi    Ex         no.  J/Pi    Ex

   1   5.5+  0.7789  --->  0   4.5+  0.0000    0.77889   3.115242E-01
   2   7.5-  1.4226  --->  0   4.5+  0.0000    1.42264   1.370189E-01
   2   7.5-  1.4226  --->  1   5.5+  0.7789    0.64375   1.507087E-02
   3   2.5+  1.5671  --->  0   4.5+  0.0000    1.56709   2.299202E-01
   4   0.5+  2.0322  --->  3   2.5+  1.5671    0.46512   1.115892E-01
   5   0.5-  2.1494  --->  0   4.5+  0.0000    2.14943   2.441928E-07
   5   0.5-  2.1494  --->  3   2.5+  1.5671    0.58234   1.062837E-04
   5   0.5-  2.1494  --->  4   0.5+  2.0322    0.11722   2.725119E-02
   6   1.5-  2.3159  --->  0   4.5+  0.0000    2.31593   3.385791E-03
   6   1.5-  2.3159  --->  3   2.5+  1.5671    0.74884   9.192545E-03
   6   1.5-  2.3159  --->  4   0.5+  2.0322    0.28372   1.612750E-02
   7   3.5-  2.4240  --->  0   4.5+  0.0000    2.42400   1.493179E-02
   7   3.5-  2.4240  --->  1   5.5+  0.7789    1.64511   7.785739E-08
   7   3.5-  2.4240  --->  3   2.5+  1.5671    0.85691   6.396141E-04
   8   2.5-  2.4610  --->  0   4.5+  0.0000    2.46100   7.103391E-03
   8   2.5-  2.4610  --->  3   2.5+  1.5671    0.89391   1.775506E-03
   9   3.5+  2.4910  --->  0   4.5+  0.0000    2.49100   9.211064E-03
   9   3.5+  2.4910  --->  1   5.5+  0.7789    1.71211   2.855620E-04
  10   1.5-  2.5249  --->  5   0.5-  2.1494    0.37550   6.065377E-03

  Total                                                  9.011993E-01

 Nuclide: 208Pb

     Initial level          Final level     Gamma Energy  Cross section 

  no.  J/Pi    Ex         no.  J/Pi    Ex

   1   3.0-  2.6145  --->  0   0.0+  0.0000    2.61452   1.532914E+03
   2   5.0-  3.1977  --->  1   3.0-  2.6145    0.58319   1.015228E+03
   3   4.0-  3.4751  --->  1   3.0-  2.6145    0.86056   7.810135E+01
   3   4.0-  3.4751  --->  2   5.0-  3.1977    0.27737   3.967403E+01
   4   5.0-  3.7085  --->  1   3.0-  2.6145    1.09393   4.457822E+00
   4   5.0-  3.7085  --->  2   5.0-  3.1977    0.51074   2.547210E+02
   4   5.0-  3.7085  --->  3   4.0-  3.4751    0.23337   3.464221E+00
   5   6.0-  3.9200  --->  2   5.0-  3.1977    0.72225   8.341447E+01
   5   6.0-  3.9200  --->  4   5.0-  3.7085    0.21151   6.840846E+01
   6   4.0-  3.9466  --->  2   5.0-  3.1977    0.74887   2.569371E+01
   6   4.0-  3.9466  --->  3   4.0-  3.4751    0.47150   6.755629E+00
   6   4.0-  3.9466  --->  4   5.0-  3.7085    0.23813   6.501149E+00
   7   5.0-  3.9612  --->  2   5.0-  3.1977    0.76345   3.689310E+01
   7   5.0-  3.9612  --->  3   4.0-  3.4751    0.48608   9.226083E-01
   7   5.0-  3.9612  --->  4   5.0-  3.7085    0.25271   1.412942E+01
   8   4.0-  3.9954  --->  1   3.0-  2.6145    1.38092   3.148325E+01
   8   4.0-  3.9954  --->  2   5.0-  3.1977    0.79773   9.349242E+00
   9   7.0-  4.0374  --->  2   5.0-  3.1977    0.83973   1.423456E+02
   9   7.0-  4.0374  --->  5   6.0-  3.9200    0.11748   1.565911E+01
  10   3.0-  4.0511  --->  1   3.0-  2.6145    1.43661   2.594419E+01
  10   3.0-  4.0511  --->  3   4.0-  3.4751    0.57606   4.461998E+00
  11   2.0+  4.0855  --->  0   0.0+  0.0000    4.08552   2.190692E+01
  11   2.0+  4.0855  --->  1   3.0-  2.6145    1.47100   1.007732E-01
  12   5.0-  4.1253  --->  2   5.0-  3.1977    0.92764   3.529146E+01
  12   5.0-  4.1253  --->  3   4.0-  3.4751    0.65027   8.927360E+00
  12   5.0-  4.1253  --->  4   5.0-  3.7085    0.41690   1.764590E+00
  12   5.0-  4.1253  --->  6   4.0-  3.9466    0.17877   3.247050E-01
  12   5.0-  4.1253  --->  7   5.0-  3.9612    0.16419   1.729309E+00
  13   1.0+  4.1440  --->  0   0.0+  0.0000    4.14400   1.223931E+01
  13   1.0+  4.1440  --->  1   3.0-  2.6145    1.52948   1.835926E-04
  13   1.0+  4.1440  ---> 11   2.0+  4.0855    0.05848   1.223950E-05
  14   5.0-  4.1804  --->  2   5.0-  3.1977    0.98270   3.440132E+01
  14   5.0-  4.1804  --->  3   4.0-  3.4751    0.70534   3.680751E+00
  15   6.0-  4.2063  --->  2   5.0-  3.1977    1.00857   5.003868E+01
  15   6.0-  4.2063  --->  4   5.0-  3.7085    0.49783   1.030984E+01

  Total                                                  3.581238E+03

 Nuclide: 207Pb

     Initial level          Final level     Gamma Energy  Cross section 

  no.  J/Pi    Ex         no.  J/Pi    Ex

   1   2.5-  0.5697  --->  0   0.5-  0.0000    0.56970   5.028625E+02
   2   1.5-  0.8977  --->  0   0.5-  0.0000    0.89770   6.824160E+01
   2   1.5-  0.8977  --->  1   2.5-  0.5697    0.32800   3.684851E-01

  Total                                                  5.714725E+02

 ########## RESULTS FOR E=  10.00000 ##########

 Energy dependent input flags

 Width fluctuations (flagwidth)            : n
 Unresolved resonance parameters (flagurr) : n
 Preequilibrium (flagpreeq)                : y
 Multiple preequilibrium (flagmulpre)      : n
 Number of continuum excitation energy bins: 40

 ########### REACTION SUMMARY FOR E=  10.00000 ###########

 Center-of-mass energy:    9.951

 1. Total (binary) cross sections

 Total           = 5.07786E+03
   Shape elastic   = 2.46887E+03
   Reaction        = 2.60899E+03
     Compound elastic= 3.73224E-01
     Non-elastic     = 2.60862E+03
       Direct          = 9.26887E+01
       Pre-equilibrium = 3.14429E+02
       Giant resonance = 3.13150E+01
       Compound non-el = 2.17018E+03
     Total elastic   = 2.46924E+03

 2. Binary non-elastic cross sections (non-exclusive)

 gamma   = 2.81842E+00
 neutron = 2.60579E+03
 proton  = 1.34913E-03
 deuteron= 1.79294E-08
 triton  = 8.37818E-14
 helium-3= 0.00000E+00
 alpha   = 2.86053E-03

 3. Total particle production cross sections

 gamma   = 2.03360E+03    Multiplicity= 7.79570E-01
 neutron = 3.91056E+03    Multiplicity= 1.49909E+00
 proton  = 1.34913E-03    Multiplicity= 5.17183E-07
 deuteron= 1.79294E-08    Multiplicity= 6.87314E-12
 triton  = 8.37818E-14    Multiplicity= 3.21173E-17
 helium-3= 0.00000E+00    Multiplicity= 0.00000E+00
 alpha   = 2.86056E-03    Multiplicity= 1.09658E-06

 4. Residual production cross sections

   a. Per isotope

   Z   A  nuclide    total     level   isomeric    isomeric    lifetime
                 cross section       cross section  ratio

   82 209 (209Pb) 1.07957E+00    0    1.07957E+00  1.00000
   82 208 (208Pb) 1.30468E+03    0    1.30468E+03  1.00000
   82 207 (207Pb) 1.30302E+03    0    1.10881E+03  0.85095
                                 3    1.94214E+02  0.14905   8.06000E-01 sec. 

   b. Per mass

   A  cross section

  209 1.07957E+00
  208 1.30468E+03
  207 1.30302E+03

 Total residual production cross section:  2608.7824707
 Non-elastic cross section              :  2608.6166992

 6. Exclusive cross sections

 6a. Total exclusive cross sections 

     Emitted particles     cross section reaction         level    isomeric    isomeric    lifetime relative yield
    n   p   d   t   h   a                                        cross section   ratio
    0   0   0   0   0   0    1.07957E+00  (n,g)                                                     4.14098E-04
    1   0   0   0   0   0    1.30296E+03  (n,n')                                                    4.99786E-01
    2   0   0   0   0   0    1.30300E+03  (n,2n)                                                    4.99799E-01
                                                             0     1.10878E+03  0.85095
                                                             3     1.94214E+02  0.14905   8.06000E-01 sec. 

 Absorption cross section                 :     1.07957

 Sum over exclusive channel cross sections:  2607.03955
 (n,gn) + (n,gp) +...(n,ga) cross sections:     1.74309
 Total                                    :  2608.78271
 Non-elastic cross section                :  2608.61670

 10. Gamma-ray intensities

 Nuclide: 209Pb

     Initial level          Final level     Gamma Energy  Cross section 

  no.  J/Pi    Ex         no.  J/Pi    Ex

   1   5.5+  0.7789  --->  0   4.5+  0.0000    0.77889   3.278892E-01
   2   7.5-  1.4226  --->  0   4.5+  0.0000    1.42264   1.557491E-01
   2   7.5-  1.4226  --->  1   5.5+  0.7789    0.64375   1.713104E-02
   3   2.5+  1.5671  --->  0   4.5+  0.0000    1.56709   2.745450E-01
   4   0.5+  2.0322  --->  3   2.5+  1.5671    0.46512   1.347110E-01
   5   0.5-  2.1494  --->  0   4.5+  0.0000    2.14943   2.916868E-07
   5   0.5-  2.1494  --->  3   2.5+  1.5671    0.58234   1.269553E-04
   5   0.5-  2.1494  --->  4   0.5+  2.0322    0.11722   3.255137E-02
   6   1.5-  2.3159  --->  0   4.5+  0.0000    2.31593   4.104236E-03
   6   1.5-  2.3159  --->  3   2.5+  1.5671    0.74884   1.114315E-02
   6   1.5-  2.3159  --->  4   0.5+  2.0322    0.28372   1.954966E-02
   7   3.5-  2.4240  --->  0   4.5+  0.0000    2.42400   1.771226E-02
   7   3.5-  2.4240  --->  1   5.5+  0.7789    1.64511   9.235534E-08
   7   3.5-  2.4240  --->  3   2.5+  1.5671    0.85691   7.587177E-04
   8   2.5-  2.4610  --->  0   4.5+  0.0000    2.46100   8.145780E-03
   8   2.5-  2.4610  --->  3   2.5+  1.5671    0.89391   2.036053E-03
   9   3.5+  2.4910  --->  0   4.5+  0.0000    2.49100   1.012291E-02
   9   3.5+  2.4910  --->  1   5.5+  0.7789    1.71211   3.138310E-04
  10   1.5-  2.5249  --->  5   0.5-  2.1494    0.37550   6.635378E-03

  Total                                                  1.023226E+00

 Nuclide: 208Pb

     Initial level          Final level     Gamma Energy  Cross section 

  no.  J/Pi    Ex         no.  J/Pi    Ex

   1   3.0-  2.6145  --->  0   0.0+  0.0000    2.61452   1.230752E+03
   2   5.0-  3.1977  --->  1   3.0-  2.6145    0.58319   8.341307E+02
   3   4.0-  3.4751  --->  1   3.0-  2.6145    0.86056   5.902734E+01
   3   4.0-  3.4751  --->  2   5.0-  3.1977    0.27737   2.998479E+01
   4   5.0-  3.7085  --->  1   3.0-  2.6145    1.09393   3.674915E+00
   4   5.0-  3.7085  --->  2   5.0-  3.1977    0.51074   2.099854E+02
   4   5.0-  3.7085  --->  3   4.0-  3.4751    0.23337   2.855815E+00
   5   6.0-  3.9200  --->  2   5.0-  3.1977    0.72225   7.225803E+01
   5   6.0-  3.9200  --->  4   5.0-  3.7085    0.21151   5.925903E+01
   6   4.0-  3.9466  --->  2   5.0-  3.1977    0.74887   1.914583E+01
   6   4.0-  3.9466  --->  3   4.0-  3.4751    0.47150   5.033999E+00
   6   4.0-  3.9466  --->  4   5.0-  3.7085    0.23813   4.844371E+00
   7   5.0-  3.9612  --->  2   5.0-  3.1977    0.76345   2.872104E+01
   7   5.0-  3.9612  --->  3   4.0-  3.4751    0.48608   7.182444E-01
   7   5.0-  3.9612  --->  4   5.0-  3.7085    0.25271   1.099966E+01
   8   4.0-  3.9954  --->  1   3.0-  2.6145    1.38092   2.341838E+01
   8   4.0-  3.9954  --->  2   5.0-  3.1977    0.79773   6.954302E+00
   9   7.0-  4.0374  --->  2   5.0-  3.1977    0.83973   1.306138E+02
   9   7.0-  4.0374  --->  5   6.0-  3.9200    0.11748   1.436852E+01
  10   3.0-  4.0511  --->  1   3.0-  2.6145    1.43661   1.918081E+01
  10   3.0-  4.0511  --->  3   4.0-  3.4751    0.57606   3.298800E+00
  11   2.0+  4.0855  --->  0   0.0+  0.0000    4.08552   1.607881E+01
  11   2.0+  4.0855  --->  1   3.0-  2.6145    1.47100   7.396358E-02
  12   5.0-  4.1253  --->  2   5.0-  3.1977    0.92764   2.874147E+01
  12   5.0-  4.1253  --->  3   4.0-  3.4751    0.65027   7.270469E+00
  12   5.0-  4.1253  --->  4   5.0-  3.7085    0.41690   1.437088E+00
  12   5.0-  4.1253  --->  6   4.0-  3.9466    0.17877   2.644407E-01
  12   5.0-  4.1253  --->  7   5.0-  3.9612    0.16419   1.408355E+00
  13   1.0+  4.1440  --->  0   0.0+  0.0000    4.14400   9.038053E+00
  13   1.0+  4.1440  --->  1   3.0-  2.6145    1.52948   1.355729E-04
  13   1.0+  4.1440  ---> 11   2.0+  4.0855    0.05848   9.038197E-06
  14   5.0-  4.1804  --->  2   5.0-  3.1977    0.98270   2.672818E+01
  14   5.0-  4.1804  --->  3   4.0-  3.4751    0.70534   2.859768E+00
  15   6.0-  4.2063  --->  2   5.0-  3.1977    1.00857   4.106081E+01
  15   6.0-  4.2063  --->  4   5.0-  3.7085    0.49783   8.460062E+00

  Total                                                  2.912648E+03

 Nuclide: 207Pb

     Initial level          Final level     Gamma Energy  Cross section 

  no.  J/Pi    Ex         no.  J/Pi    Ex

   1   2.5-  0.5697  --->  0   0.5-  0.0000    0.56970   6.213652E+02
   2   1.5-  0.8977  --->  0   0.5-  0.0000    0.89770   1.185971E+02
   2   1.5-  0.8977  --->  1   2.5-  0.5697    0.32800   6.403902E-01
   4   3.5-  2.3399  --->  1   2.5-  0.5697    1.77022   1.602435E+00
   4   3.5-  2.3399  --->  2   1.5-  0.8977    1.44222   3.060154E-02

  Total                                                  7.422357E+02

 ########## RESULTS FOR E=  11.00000 ##########

 Energy dependent input flags

 Width fluctuations (flagwidth)            : n
 Unresolved resonance parameters (flagurr) : n
 Preequilibrium (flagpreeq)                : y
 Multiple preequilibrium (flagmulpre)      : n
 Number of continuum excitation energy bins: 40

 ########### REACTION SUMMARY FOR E=  11.00000 ###########

 Center-of-mass energy:   10.947

 1. Total (binary) cross sections

 Total           = 5.02012E+03
   Shape elastic   = 2.43666E+03
   Reaction        = 2.58346E+03
     Compound elastic= 1.15914E-01
     Non-elastic     = 2.58334E+03
       Direct          = 8.92805E+01
       Pre-equilibrium = 3.74396E+02
       Giant resonance = 3.01458E+01
       Compound non-el = 2.08952E+03
     Total elastic   = 2.43678E+03

 2. Binary non-elastic cross sections (non-exclusive)

 gamma   = 3.18589E+00
 neutron = 2.58015E+03
 proton  = 6.21154E-03
 deuteron= 1.41955E-06
 triton  = 2.23306E-09
 helium-3= 4.43136E-35
 alpha   = 6.77300E-03

 3. Total particle production cross sections

 gamma   = 1.28668E+03    Multiplicity= 4.98069E-01
 neutron = 4.36694E+03    Multiplicity= 1.69042E+00
 proton  = 6.21159E-03    Multiplicity= 2.40448E-06
 deuteron= 1.41955E-06    Multiplicity= 5.49502E-10
 triton  = 2.23306E-09    Multiplicity= 8.64407E-13
 helium-3= 4.43136E-35    Multiplicity= 1.71536E-38
 alpha   = 6.77313E-03    Multiplicity= 2.62184E-06

 4. Residual production cross sections

   a. Per isotope

   Z   A  nuclide    total     level   isomeric    isomeric    lifetime
                 cross section       cross section  ratio

   82 209 (209Pb) 1.27871E+00    0    1.27871E+00  1.00000
   82 208 (208Pb) 7.97537E+02    0    7.97537E+02  1.00000
   82 207 (207Pb) 1.78488E+03    0    1.27462E+03  0.71412
                                 3    5.10259E+02  0.28588   8.06000E-01 sec. 

   b. Per mass

   A  cross section

  209 1.27871E+00
  208 7.97537E+02
  207 1.78488E+03

 Total residual production cross section:  2583.6977539
 Non-elastic cross section              :  2583.3439941

 6. Exclusive cross sections

 6a. Total exclusive cross sections 

     Emitted particles     cross section reaction         level    isomeric    isomeric    lifetime relative yield
    n   p   d   t   h   a                                        cross section   ratio
    0   0   0   0   0   0    1.27871E+00  (n,g)                                                     4.95283E-04
    1   0   0   0   0   0    7.95726E+02  (n,n')                                                    3.08208E-01
    2   0   0   0   0   0    1.78478E+03  (n,2n)                                                    6.91297E-01
                                                             0     1.27453E+03  0.71411
                                                             3     5.10251E+02  0.28589   8.06000E-01 sec. 

 Absorption cross section                 :     1.27871

 Sum over exclusive channel cross sections:  2581.78320
 (n,gn) + (n,gp) +...(n,ga) cross sections:     1.91422
 Total                                    :  2583.69751
 Non-elastic cross section                :  2583.34399

 10. Gamma-ray intensities

 Nuclide: 209Pb

     Initial level          Final level     Gamma Energy  Cross section 

  no.  J/Pi    Ex         no.  J/Pi    Ex

   1   5.5+  0.7789  --->  0   4.5+  0.0000    0.77889   3.618506E-01
   2   7.5-  1.4226  --->  0   4.5+  0.0000    1.42264   1.894968E-01
   2   7.5-  1.4226  --->  1   5.5+  0.7789    0.64375   2.084299E-02
   3   2.5+  1.5671  --->  0   4.5+  0.0000    1.56709   3.628822E-01
   4   0.5+  2.0322  --->  3   2.5+  1.5671    0.46512   1.826546E-01
   5   0.5-  2.1494  --->  0   4.5+  0.0000    2.14943   4.018063E-07
   5   0.5-  2.1494  --->  3   2.5+  1.5671    0.58234   1.748842E-04
   5   0.5-  2.1494  --->  4   0.5+  2.0322    0.11722   4.484038E-02
   6   1.5-  2.3159  --->  0   4.5+  0.0000    2.31593   5.660200E-03
   6   1.5-  2.3159  --->  3   2.5+  1.5671    0.74884   1.536765E-02
   6   1.5-  2.3159  --->  4   0.5+  2.0322    0.28372   2.696117E-02
   7   3.5-  2.4240  --->  0   4.5+  0.0000    2.42400   2.402359E-02
   7   3.5-  2.4240  --->  1   5.5+  0.7789    1.64511   1.252639E-07
   7   3.5-  2.4240  --->  3   2.5+  1.5671    0.85691   1.029068E-03
   8   2.5-  2.4610  --->  0   4.5+  0.0000    2.46100   1.070376E-02
   8   2.5-  2.4610  --->  3   2.5+  1.5671    0.89391   2.675425E-03
   9   3.5+  2.4910  --->  0   4.5+  0.0000    2.49100   1.275262E-02
   9   3.5+  2.4910  --->  1   5.5+  0.7789    1.71211   3.953575E-04
  10   1.5-  2.5249  --->  5   0.5-  2.1494    0.37550   8.371976E-03

  Total                                                  1.270684E+00

 Nuclide: 208Pb

     Initial level          Final level     Gamma Energy  Cross section 

  no.  J/Pi    Ex         no.  J/Pi    Ex

   1   3.0-  2.6145  --->  0   0.0+  0.0000    2.61452   7.577175E+02
   2   5.0-  3.1977  --->  1   3.0-  2.6145    0.58319   5.181638E+02
   3   4.0-  3.4751  --->  1   3.0-  2.6145    0.86056   3.278975E+01
   3   4.0-  3.4751  --->  2   5.0-  3.1977    0.27737   1.665658E+01
   4   5.0-  3.7085  --->  1   3.0-  2.6145    1.09393   2.271061E+00
   4   5.0-  3.7085  --->  2   5.0-  3.1977    0.51074   1.297690E+02
   4   5.0-  3.7085  --->  3   4.0-  3.4751    0.23337   1.764866E+00
   5   6.0-  3.9200  --->  2   5.0-  3.1977    0.72225   4.733815E+01
   5   6.0-  3.9200  --->  4   5.0-  3.7085    0.21151   3.882215E+01
   6   4.0-  3.9466  --->  2   5.0-  3.1977    0.74887   1.038149E+01
   6   4.0-  3.9466  --->  3   4.0-  3.4751    0.47150   2.729597E+00
   6   4.0-  3.9466  --->  4   5.0-  3.7085    0.23813   2.626775E+00
   7   5.0-  3.9612  --->  2   5.0-  3.1977    0.76345   1.643144E+01
   7   5.0-  3.9612  --->  3   4.0-  3.4751    0.48608   4.109111E-01
   7   5.0-  3.9612  --->  4   5.0-  3.7085    0.25271   6.292960E+00
   8   4.0-  3.9954  --->  1   3.0-  2.6145    1.38092   1.265388E+01
   8   4.0-  3.9954  --->  2   5.0-  3.1977    0.79773   3.757688E+00
   9   7.0-  4.0374  --->  2   5.0-  3.1977    0.83973   9.396526E+01
   9   7.0-  4.0374  --->  5   6.0-  3.9200    0.11748   1.033690E+01
  10   3.0-  4.0511  --->  1   3.0-  2.6145    1.43661   1.076798E+01
  10   3.0-  4.0511  --->  3   4.0-  3.4751    0.57606   1.851926E+00
  11   2.0+  4.0855  --->  0   0.0+  0.0000    4.08552   9.075631E+00
  11   2.0+  4.0855  --->  1   3.0-  2.6145    1.47100   4.174849E-02
  12   5.0-  4.1253  --->  2   5.0-  3.1977    0.92764   1.882494E+01
  12   5.0-  4.1253  --->  3   4.0-  3.4751    0.65027   4.761974E+00
  12   5.0-  4.1253  --->  4   5.0-  3.7085    0.41690   9.412564E-01
  12   5.0-  4.1253  --->  6   4.0-  3.9466    0.17877   1.732021E-01
  12   5.0-  4.1253  --->  7   5.0-  3.9612    0.16419   9.224368E-01
  13   1.0+  4.1440  --->  0   0.0+  0.0000    4.14400   5.217209E+00
  13   1.0+  4.1440  --->  1   3.0-  2.6145    1.52948   7.825938E-05
  13   1.0+  4.1440  ---> 11   2.0+  4.0855    0.05848   5.217292E-06
  14   5.0-  4.1804  --->  2   5.0-  3.1977    0.98270   1.529664E+01
  14   5.0-  4.1804  --->  3   4.0-  3.4751    0.70534   1.636656E+00
  15   6.0-  4.2063  --->  2   5.0-  3.1977    1.00857   2.451546E+01
  15   6.0-  4.2063  --->  4   5.0-  3.7085    0.49783   5.051101E+00

  Total                                                  1.803958E+03

 Nuclide: 207Pb

     Initial level          Final level     Gamma Energy  Cross section 

  no.  J/Pi    Ex         no.  J/Pi    Ex

   1   2.5-  0.5697  --->  0   0.5-  0.0000    0.56970   7.397191E+02
   2   1.5-  0.8977  --->  0   0.5-  0.0000    0.89770   2.002392E+02
   2   1.5-  0.8977  --->  1   2.5-  0.5697    0.32800   1.081234E+00
   4   3.5-  2.3399  --->  1   2.5-  0.5697    1.77022   4.407502E+01
   4   3.5-  2.3399  --->  2   1.5-  0.8977    1.44222   8.416960E-01
   5   2.5+  2.6239  --->  1   2.5-  0.5697    2.05417   1.926421E+00
   5   2.5+  2.6239  --->  2   1.5-  0.8977    1.72617   8.758060E+00
   6   3.5+  2.6625  --->  0   0.5-  0.0000    2.66248   7.052070E-01
   6   3.5+  2.6625  --->  1   2.5-  0.5697    2.09278   1.330685E+01
   6   3.5+  2.6625  --->  4   3.5-  2.3399    0.32256   2.661226E-01
   7   3.5+  2.7020  --->  0   0.5-  0.0000    2.70200   3.703035E-05
   7   3.5+  2.7020  --->  1   2.5-  0.5697    2.13230   1.234298E+01
   7   3.5+  2.7020  --->  2   1.5-  0.8977    1.80430   4.196773E-04
   7   3.5+  2.7020  --->  5   2.5+  2.6239    0.07813   1.234345E-05
   8   4.5+  2.7279  --->  1   2.5-  0.5697    2.15819   3.348638E-01
   8   4.5+  2.7279  --->  3   6.5+  1.6334    1.09454   1.395003E+01
   8   4.5+  2.7279  --->  4   3.5-  2.3399    0.38797   2.720061E+00
   9   5.5-  2.9020  --->  3   6.5+  1.6334    1.26864   1.218839E+01
   9   5.5-  2.9020  --->  4   3.5-  2.3399    0.56208   1.518776E-03
   9   5.5-  2.9020  --->  8   4.5+  2.7279    0.17411   5.828915E-02
  10   1.5-  2.9090  --->  0   0.5-  0.0000    2.90900   1.540510E+00
  10   1.5-  2.9090  --->  1   2.5-  0.5697    2.33930   8.449906E-01
  10   1.5-  2.9090  --->  4   3.5-  2.3399    0.56908   8.095920E-04
  10   1.5-  2.9090  --->  5   2.5+  2.6239    0.28513   9.710137E-02

  Total                                                  1.054999E+03

 ########## RESULTS FOR E=  12.00000 ##########

 Energy dependent input flags

 Width fluctuations (flagwidth)            : n
 Unresolved resonance parameters (flagurr) : n
 Preequilibrium (flagpreeq)                : y
 Multiple preequilibrium (flagmulpre)      : n
 Number of continuum excitation energy bins: 40

 ########### REACTION SUMMARY FOR E=  12.00000 ###########

 Center-of-mass energy:   11.942

 1. Total (binary) cross sections

 Total           = 5.04344E+03
   Shape elastic   = 2.47719E+03
   Reaction        = 2.56625E+03
     Compound elastic= 3.55702E-02
     Non-elastic     = 2.56621E+03
       Direct          = 8.61687E+01
       Pre-equilibrium = 4.31426E+02
       Giant resonance = 3.01823E+01
       Compound non-el = 2.01844E+03
     Total elastic   = 2.47723E+03

 2. Binary non-elastic cross sections (non-exclusive)

 gamma   = 3.44821E+00
 neutron = 2.56273E+03
 proton  = 2.03153E-02
 deuteron= 2.32218E-05
 triton  = 4.07772E-07
 helium-3= 6.85398E-29
 alpha   = 1.34641E-02

 3. Total particle production cross sections

 gamma   = 1.07452E+03    Multiplicity= 4.18718E-01
 neutron = 4.61103E+03    Multiplicity= 1.79682E+00
 proton  = 2.03163E-02    Multiplicity= 7.91682E-06
 deuteron= 2.32218E-05    Multiplicity= 9.04905E-09
 triton  = 4.07772E-07    Multiplicity= 1.58900E-10
 helium-3= 6.85398E-29    Multiplicity= 2.67085E-32
 alpha   = 1.34646E-02    Multiplicity= 5.24687E-06

 4. Residual production cross sections

   a. Per isotope

   Z   A  nuclide    total     level   isomeric    isomeric    lifetime
                 cross section       cross section  ratio

   82 209 (209Pb) 1.37907E+00    0    1.37907E+00  1.00000
   82 208 (208Pb) 5.18973E+02    0    5.18973E+02  1.00000
   82 207 (207Pb) 2.04622E+03    0    1.26261E+03  0.61704
                                 3    7.83611E+02  0.38296   8.06000E-01 sec. 

   b. Per mass

   A  cross section

  209 1.37907E+00
  208 5.18973E+02
  207 2.04622E+03

 Total residual production cross section:  2566.5695801
 Non-elastic cross section              :  2566.2143555

 6. Exclusive cross sections

 6a. Total exclusive cross sections 

     Emitted particles     cross section reaction         level    isomeric    isomeric    lifetime relative yield
    n   p   d   t   h   a                                        cross section   ratio
    0   0   0   0   0   0    1.37907E+00  (n,g)                                                     5.37755E-04
    1   0   0   0   0   0    5.17139E+02  (n,n')                                                    2.01654E-01
    2   0   0   0   0   0    2.04597E+03  (n,2n)                                                    7.97809E-01
                                                             0     1.26240E+03  0.61702
                                                             3     7.83575E+02  0.38298   8.06000E-01 sec. 

 Absorption cross section                 :     1.37907

 Sum over exclusive channel cross sections:  2564.49268
 (n,gn) + (n,gp) +...(n,ga) cross sections:     2.07678
 Total                                    :  2566.56934
 Non-elastic cross section                :  2566.21436

 10. Gamma-ray intensities

 Nuclide: 209Pb

     Initial level          Final level     Gamma Energy  Cross section 

  no.  J/Pi    Ex         no.  J/Pi    Ex

   1   5.5+  0.7789  --->  0   4.5+  0.0000    0.77889   3.624516E-01
   2   7.5-  1.4226  --->  0   4.5+  0.0000    1.42264   2.132598E-01
   2   7.5-  1.4226  --->  1   5.5+  0.7789    0.64375   2.345671E-02
   3   2.5+  1.5671  --->  0   4.5+  0.0000    1.56709   4.047363E-01
   4   0.5+  2.0322  --->  3   2.5+  1.5671    0.46512   2.055700E-01
   5   0.5-  2.1494  --->  0   4.5+  0.0000    2.14943   4.719100E-07
   5   0.5-  2.1494  --->  3   2.5+  1.5671    0.58234   2.053965E-04
   5   0.5-  2.1494  --->  4   0.5+  2.0322    0.11722   5.266375E-02
   6   1.5-  2.3159  --->  0   4.5+  0.0000    2.31593   6.569921E-03
   6   1.5-  2.3159  --->  3   2.5+  1.5671    0.74884   1.783757E-02
   6   1.5-  2.3159  --->  4   0.5+  2.0322    0.28372   3.129442E-02
   7   3.5-  2.4240  --->  0   4.5+  0.0000    2.42400   2.878113E-02
   7   3.5-  2.4240  --->  1   5.5+  0.7789    1.64511   1.500707E-07
   7   3.5-  2.4240  --->  3   2.5+  1.5671    0.85691   1.232861E-03
   8   2.5-  2.4610  --->  0   4.5+  0.0000    2.46100   1.348625E-02
   8   2.5-  2.4610  --->  3   2.5+  1.5671    0.89391   3.370915E-03
   9   3.5+  2.4910  --->  0   4.5+  0.0000    2.49100   1.557492E-02
   9   3.5+  2.4910  --->  1   5.5+  0.7789    1.71211   4.828548E-04
  10   1.5-  2.5249  --->  5   0.5-  2.1494    0.37550   1.049031E-02

  Total                                                  1.391465E+00

 Nuclide: 208Pb

     Initial level          Final level     Gamma Energy  Cross section 

  no.  J/Pi    Ex         no.  J/Pi    Ex

   1   3.0-  2.6145  --->  0   0.0+  0.0000    2.61452   4.927477E+02
   2   5.0-  3.1977  --->  1   3.0-  2.6145    0.58319   3.251428E+02
   3   4.0-  3.4751  --->  1   3.0-  2.6145    0.86056   2.017481E+01
   3   4.0-  3.4751  --->  2   5.0-  3.1977    0.27737   1.024843E+01
   4   5.0-  3.7085  --->  1   3.0-  2.6145    1.09393   1.399773E+00
   4   5.0-  3.7085  --->  2   5.0-  3.1977    0.51074   7.998337E+01
   4   5.0-  3.7085  --->  3   4.0-  3.4751    0.23337   1.087779E+00
   5   6.0-  3.9200  --->  2   5.0-  3.1977    0.72225   2.918295E+01
   5   6.0-  3.9200  --->  4   5.0-  3.7085    0.21151   2.393303E+01
   6   4.0-  3.9466  --->  2   5.0-  3.1977    0.74887   6.244607E+00
   6   4.0-  3.9466  --->  3   4.0-  3.4751    0.47150   1.641890E+00
   6   4.0-  3.9466  --->  4   5.0-  3.7085    0.23813   1.580041E+00
   7   5.0-  3.9612  --->  2   5.0-  3.1977    0.76345   1.007535E+01
   7   5.0-  3.9612  --->  3   4.0-  3.4751    0.48608   2.519604E-01
   7   5.0-  3.9612  --->  4   5.0-  3.7085    0.25271   3.858685E+00
   8   4.0-  3.9954  --->  1   3.0-  2.6145    1.38092   7.578159E+00
   8   4.0-  3.9954  --->  2   5.0-  3.1977    0.79773   2.250404E+00
   9   7.0-  4.0374  --->  2   5.0-  3.1977    0.83973   6.098629E+01
   9   7.0-  4.0374  --->  5   6.0-  3.9200    0.11748   6.708959E+00
  10   3.0-  4.0511  --->  1   3.0-  2.6145    1.43661   7.081390E+00
  10   3.0-  4.0511  --->  3   4.0-  3.4751    0.57606   1.217889E+00
  11   2.0+  4.0855  --->  0   0.0+  0.0000    4.08552   5.877724E+00
  11   2.0+  4.0855  --->  1   3.0-  2.6145    1.47100   2.703791E-02
  12   5.0-  4.1253  --->  2   5.0-  3.1977    0.92764   1.361223E+01
  12   5.0-  4.1253  --->  3   4.0-  3.4751    0.65027   3.443362E+00
  12   5.0-  4.1253  --->  4   5.0-  3.7085    0.41690   6.806182E-01
  12   5.0-  4.1253  --->  6   4.0-  3.9466    0.17877   1.252416E-01
  12   5.0-  4.1253  --->  7   5.0-  3.9612    0.16419   6.670098E-01
  13   1.0+  4.1440  --->  0   0.0+  0.0000    4.14400   3.512045E+00
  13   1.0+  4.1440  --->  1   3.0-  2.6145    1.52948   5.268151E-05
  13   1.0+  4.1440  ---> 11   2.0+  4.0855    0.05848   3.512101E-06
  14   5.0-  4.1804  --->  2   5.0-  3.1977    0.98270   9.400305E+00
  14   5.0-  4.1804  --->  3   4.0-  3.4751    0.70534   1.005781E+00
  15   6.0-  4.2063  --->  2   5.0-  3.1977    1.00857   1.431257E+01
  15   6.0-  4.2063  --->  4   5.0-  3.7085    0.49783   2.948925E+00

  Total                                                  1.148989E+03

 Nuclide: 207Pb

     Initial level          Final level     Gamma Energy  Cross section 

  no.  J/Pi    Ex         no.  J/Pi    Ex

   1   2.5-  0.5697  --->  0   0.5-  0.0000    0.56970   7.665779E+02
   2   1.5-  0.8977  --->  0   0.5-  0.0000    0.89770   2.246570E+02
   2   1.5-  0.8977  --->  1   2.5-  0.5697    0.32800   1.213083E+00
   4   3.5-  2.3399  --->  1   2.5-  0.5697    1.77022   1.074613E+02
   4   3.5-  2.3399  --->  2   1.5-  0.8977    1.44222   2.052176E+00
   5   2.5+  2.6239  --->  1   2.5-  0.5697    2.05417   5.894707E+00
   5   2.5+  2.6239  --->  2   1.5-  0.8977    1.72617   2.679902E+01
   6   3.5+  2.6625  --->  0   0.5-  0.0000    2.66248   2.403546E+00
   6   3.5+  2.6625  --->  1   2.5-  0.5697    2.09278   4.535352E+01
   6   3.5+  2.6625  --->  4   3.5-  2.3399    0.32256   9.070216E-01
   7   3.5+  2.7020  --->  0   0.5-  0.0000    2.70200   1.334162E-04
   7   3.5+  2.7020  --->  1   2.5-  0.5697    2.13230   4.447038E+01
   7   3.5+  2.7020  --->  2   1.5-  0.8977    1.80430   1.512051E-03
   7   3.5+  2.7020  --->  5   2.5+  2.6239    0.07813   4.447208E-05
   8   4.5+  2.7279  --->  1   2.5-  0.5697    2.15819   1.149271E+00
   8   4.5+  2.7279  --->  3   6.5+  1.6334    1.09454   4.787727E+01
   8   4.5+  2.7279  --->  4   3.5-  2.3399    0.38797   9.335399E+00
   9   5.5-  2.9020  --->  3   6.5+  1.6334    1.26864   5.127299E+01
   9   5.5-  2.9020  --->  4   3.5-  2.3399    0.56208   6.389048E-03
   9   5.5-  2.9020  --->  8   4.5+  2.7279    0.17411   2.452055E-01
  10   1.5-  2.9090  --->  0   0.5-  0.0000    2.90900   7.841710E+00
  10   1.5-  2.9090  --->  1   2.5-  0.5697    2.33930   4.301285E+00
  10   1.5-  2.9090  --->  4   3.5-  2.3399    0.56908   4.121094E-03
  10   1.5-  2.9090  --->  5   2.5+  2.6239    0.28513   4.942785E-01

  Total                                                  1.350319E+03

 ########## RESULTS FOR E=  13.00000 ##########

 Energy dependent input flags

 Width fluctuations (flagwidth)            : n
 Unresolved resonance parameters (flagurr) : n
 Preequilibrium (flagpreeq)                : y
 Multiple preequilibrium (flagmulpre)      : n
 Number of continuum excitation energy bins: 40

 ########### REACTION SUMMARY FOR E=  13.00000 ###########

 Center-of-mass energy:   12.937

 1. Total (binary) cross sections

 Total           = 5.13232E+03
   Shape elastic   = 2.56848E+03
   Reaction        = 2.56383E+03
     Compound elastic= 1.08934E-02
     Non-elastic     = 2.56382E+03
       Direct          = 8.31282E+01
       Pre-equilibrium = 4.87888E+02
       Giant resonance = 3.08994E+01
       Compound non-el = 1.96190E+03
     Total elastic   = 2.56849E+03

 2. Binary non-elastic cross sections (non-exclusive)

 gamma   = 3.61240E+00
 neutron = 2.56012E+03
 proton  = 6.06944E-02
 deuteron= 2.99228E-04
 triton  = 1.01161E-05
 helium-3= 1.43774E-23
 alpha   = 2.39287E-02

 3. Total particle production cross sections

 gamma   = 1.44696E+03    Multiplicity= 5.64376E-01
 neutron = 4.73726E+03    Multiplicity= 1.84774E+00
 proton  = 6.07356E-02    Multiplicity= 2.36895E-05
 deuteron= 2.99228E-04    Multiplicity= 1.16712E-07
 triton  = 1.01161E-05    Multiplicity= 3.94573E-09
 helium-3= 1.43774E-23    Multiplicity= 5.60782E-27
 alpha   = 2.39330E-02    Multiplicity= 9.33491E-06

 4. Residual production cross sections

   a. Per isotope

   Z   A  nuclide    total     level   isomeric    isomeric    lifetime
                 cross section       cross section  ratio

   82 209 (209Pb) 1.36042E+00    0    1.36042E+00  1.00000
   82 208 (208Pb) 3.88169E+02    0    3.88169E+02  1.00000
   82 207 (207Pb) 2.17487E+03    0    1.20781E+03  0.55535
                                 3    9.67061E+02  0.44465   8.06000E-01 sec. 

   b. Per mass

   A  cross section

  209 1.36042E+00
  208 3.88169E+02
  207 2.17487E+03

 Total residual production cross section:  2564.4023438
 Non-elastic cross section              :  2563.8190918

 6. Exclusive cross sections

 6a. Total exclusive cross sections 

     Emitted particles     cross section reaction         level    isomeric    isomeric    lifetime relative yield
    n   p   d   t   h   a                                        cross section   ratio
    0   0   0   0   0   0    1.36042E+00  (n,g)                                                     5.30971E-04
    1   0   0   0   0   0    3.86332E+02  (n,n')                                                    1.50785E-01
    2   0   0   0   0   0    2.17445E+03  (n,2n)                                                    8.48684E-01
                                                             0     1.20748E+03  0.55531
                                                             3     9.66962E+02  0.44469   8.06000E-01 sec. 

 Absorption cross section                 :     1.36042

 Sum over exclusive channel cross sections:  2562.13818
 (n,gn) + (n,gp) +...(n,ga) cross sections:     2.26454
 Total                                    :  2564.40283
 Non-elastic cross section                :  2563.81909

 10. Gamma-ray intensities

 Nuclide: 209Pb

     Initial level          Final level     Gamma Energy  Cross section 

  no.  J/Pi    Ex         no.  J/Pi    Ex

   1   5.5+  0.7789  --->  0   4.5+  0.0000    0.77889   3.516497E-01
   2   7.5-  1.4226  --->  0   4.5+  0.0000    1.42264   2.376424E-01
   2   7.5-  1.4226  --->  1   5.5+  0.7789    0.64375   2.613858E-02
   3   2.5+  1.5671  --->  0   4.5+  0.0000    1.56709   3.700085E-01
   4   0.5+  2.0322  --->  3   2.5+  1.5671    0.46512   1.867638E-01
   5   0.5-  2.1494  --->  0   4.5+  0.0000    2.14943   4.410423E-07
   5   0.5-  2.1494  --->  3   2.5+  1.5671    0.58234   1.919615E-04
   5   0.5-  2.1494  --->  4   0.5+  2.0322    0.11722   4.921900E-02
   6   1.5-  2.3159  --->  0   4.5+  0.0000    2.31593   6.101041E-03
   6   1.5-  2.3159  --->  3   2.5+  1.5671    0.74884   1.656455E-02
   6   1.5-  2.3159  --->  4   0.5+  2.0322    0.28372   2.906102E-02
   7   3.5-  2.4240  --->  0   4.5+  0.0000    2.42400   2.858743E-02
   7   3.5-  2.4240  --->  1   5.5+  0.7789    1.64511   1.490607E-07
   7   3.5-  2.4240  --->  3   2.5+  1.5671    0.85691   1.224563E-03
   8   2.5-  2.4610  --->  0   4.5+  0.0000    2.46100   1.395921E-02
   8   2.5-  2.4610  --->  3   2.5+  1.5671    0.89391   3.489131E-03
   9   3.5+  2.4910  --->  0   4.5+  0.0000    2.49100   1.626524E-02
   9   3.5+  2.4910  --->  1   5.5+  0.7789    1.71211   5.042561E-04
  10   1.5-  2.5249  --->  5   0.5-  2.1494    0.37550   1.066172E-02

  Total                                                  1.348033E+00

 Nuclide: 208Pb

     Initial level          Final level     Gamma Energy  Cross section 

  no.  J/Pi    Ex         no.  J/Pi    Ex

   1   3.0-  2.6145  --->  0   0.0+  0.0000    2.61452   3.684072E+02
   2   5.0-  3.1977  --->  1   3.0-  2.6145    0.58319   2.334226E+02
   3   4.0-  3.4751  --->  1   3.0-  2.6145    0.86056   1.461475E+01
   3   4.0-  3.4751  --->  2   5.0-  3.1977    0.27737   7.424022E+00
   4   5.0-  3.7085  --->  1   3.0-  2.6145    1.09393   9.880308E-01
   4   5.0-  3.7085  --->  2   5.0-  3.1977    0.51074   5.645630E+01
   4   5.0-  3.7085  --->  3   4.0-  3.4751    0.23337   7.678093E-01
   5   6.0-  3.9200  --->  2   5.0-  3.1977    0.72225   2.021924E+01
   5   6.0-  3.9200  --->  4   5.0-  3.7085    0.21151   1.658186E+01
   6   4.0-  3.9466  --->  2   5.0-  3.1977    0.74887   4.418155E+00
   6   4.0-  3.9466  --->  3   4.0-  3.4751    0.47150   1.161662E+00
   6   4.0-  3.9466  --->  4   5.0-  3.7085    0.23813   1.117903E+00
   7   5.0-  3.9612  --->  2   5.0-  3.1977    0.76345   7.236594E+00
   7   5.0-  3.9612  --->  3   4.0-  3.4751    0.48608   1.809699E-01
   7   5.0-  3.9612  --->  4   5.0-  3.7085    0.25271   2.771491E+00
   8   4.0-  3.9954  --->  1   3.0-  2.6145    1.38092   5.334210E+00
   8   4.0-  3.9954  --->  2   5.0-  3.1977    0.79773   1.584043E+00
   9   7.0-  4.0374  --->  2   5.0-  3.1977    0.83973   4.303160E+01
   9   7.0-  4.0374  --->  5   6.0-  3.9200    0.11748   4.733805E+00
  10   3.0-  4.0511  --->  1   3.0-  2.6145    1.43661   5.393882E+00
  10   3.0-  4.0511  --->  3   4.0-  3.4751    0.57606   9.276637E-01
  11   2.0+  4.0855  --->  0   0.0+  0.0000    4.08552   4.437115E+00
  11   2.0+  4.0855  --->  1   3.0-  2.6145    1.47100   2.041101E-02
  12   5.0-  4.1253  --->  2   5.0-  3.1977    0.92764   1.118686E+01
  12   5.0-  4.1253  --->  3   4.0-  3.4751    0.65027   2.829837E+00
  12   5.0-  4.1253  --->  4   5.0-  3.7085    0.41690   5.593483E-01
  12   5.0-  4.1253  --->  6   4.0-  3.9466    0.17877   1.029265E-01
  12   5.0-  4.1253  --->  7   5.0-  3.9612    0.16419   5.481646E-01
  13   1.0+  4.1440  --->  0   0.0+  0.0000    4.14400   2.657377E+00
  13   1.0+  4.1440  --->  1   3.0-  2.6145    1.52948   3.986130E-05
  13   1.0+  4.1440  ---> 11   2.0+  4.0855    0.05848   2.657420E-06
  14   5.0-  4.1804  --->  2   5.0-  3.1977    0.98270   6.744444E+00
  14   5.0-  4.1804  --->  3   4.0-  3.4751    0.70534   7.216183E-01
  15   6.0-  4.2063  --->  2   5.0-  3.1977    1.00857   9.673802E+00
  15   6.0-  4.2063  --->  4   5.0-  3.7085    0.49783   1.993165E+00

  Total                                                  8.382489E+02

 Nuclide: 207Pb

     Initial level          Final level     Gamma Energy  Cross section 

  no.  J/Pi    Ex         no.  J/Pi    Ex

   1   2.5-  0.5697  --->  0   0.5-  0.0000    0.56970   7.781571E+02
   2   1.5-  0.8977  --->  0   0.5-  0.0000    0.89770   2.098465E+02
   2   1.5-  0.8977  --->  1   2.5-  0.5697    0.32800   1.133111E+00
   4   3.5-  2.3399  --->  1   2.5-  0.5697    1.77022   1.545211E+02
   4   3.5-  2.3399  --->  2   1.5-  0.8977    1.44222   2.950874E+00
   5   2.5+  2.6239  --->  1   2.5-  0.5697    2.05417   8.472722E+00
   5   2.5+  2.6239  --->  2   1.5-  0.8977    1.72617   3.851941E+01
   6   3.5+  2.6625  --->  0   0.5-  0.0000    2.66248   3.798949E+00
   6   3.5+  2.6625  --->  1   2.5-  0.5697    2.09278   7.168395E+01
   6   3.5+  2.6625  --->  4   3.5-  2.3399    0.32256   1.433602E+00
   7   3.5+  2.7020  --->  0   0.5-  0.0000    2.70200   2.136125E-04
   7   3.5+  2.7020  --->  1   2.5-  0.5697    2.13230   7.120146E+01
   7   3.5+  2.7020  --->  2   1.5-  0.8977    1.80430   2.420942E-03
   7   3.5+  2.7020  --->  5   2.5+  2.6239    0.07813   7.120417E-05
   8   4.5+  2.7279  --->  1   2.5-  0.5697    2.15819   1.812639E+00
   8   4.5+  2.7279  --->  3   6.5+  1.6334    1.09454   7.551241E+01
   8   4.5+  2.7279  --->  4   3.5-  2.3399    0.38797   1.472387E+01
   9   5.5-  2.9020  --->  3   6.5+  1.6334    1.26864   8.307436E+01
   9   5.5-  2.9020  --->  4   3.5-  2.3399    0.56208   1.035177E-02
   9   5.5-  2.9020  --->  8   4.5+  2.7279    0.17411   3.972909E-01
  10   1.5-  2.9090  --->  0   0.5-  0.0000    2.90900   1.331485E+01
  10   1.5-  2.9090  --->  1   2.5-  0.5697    2.33930   7.303379E+00
  10   1.5-  2.9090  --->  4   3.5-  2.3399    0.56908   6.997424E-03
  10   1.5-  2.9090  --->  5   2.5+  2.6239    0.28513   8.392615E-01

  Total                                                  1.538717E+03

 ########## RESULTS FOR E=  14.00000 ##########

 Energy dependent input flags

 Width fluctuations (flagwidth)            : n
 Unresolved resonance parameters (flagurr) : n
 Preequilibrium (flagpreeq)                : y
 Multiple preequilibrium (flagmulpre)      : n
 Number of continuum excitation energy bins: 40

 ########### REACTION SUMMARY FOR E=  14.00000 ###########

 Center-of-mass energy:   13.932

 1. Total (binary) cross sections

 Total           = 5.25844E+03
   Shape elastic   = 2.69000E+03
   Reaction        = 2.56843E+03
     Compound elastic= 3.36455E-03
     Non-elastic     = 2.56843E+03
       Direct          = 7.99740E+01
       Pre-equilibrium = 5.42983E+02
       Giant resonance = 3.16711E+01
       Compound non-el = 1.91380E+03
     Total elastic   = 2.69000E+03

 2. Binary non-elastic cross sections (non-exclusive)

 gamma   = 3.71402E+00
 neutron = 2.56450E+03
 proton  = 1.70954E-01
 deuteron= 3.14560E-03
 triton  = 1.51369E-04
 helium-3= 7.64990E-20
 alpha   = 4.12249E-02

 3. Total particle production cross sections

 gamma   = 2.11021E+03    Multiplicity= 8.21598E-01
 neutron = 4.81032E+03    Multiplicity= 1.87287E+00
 proton  = 1.71378E-01    Multiplicity= 6.67250E-05
 deuteron= 3.14560E-03    Multiplicity= 1.22472E-06
 triton  = 1.51370E-04    Multiplicity= 5.89347E-08
 helium-3= 7.64990E-20    Multiplicity= 2.97844E-23
 alpha   = 4.12517E-02    Multiplicity= 1.60611E-05

 4. Residual production cross sections

   a. Per isotope

   Z   A  nuclide    total     level   isomeric    isomeric    lifetime
                 cross section       cross section  ratio

   82 209 (209Pb) 1.26368E+00    0    1.26368E+00  1.00000
   82 208 (208Pb) 3.24244E+02    0    3.24244E+02  1.00000
   82 207 (207Pb) 2.24336E+03    0    1.14305E+03  0.50953
                                 3    1.10030E+03  0.49047   8.06000E-01 sec. 

   b. Per mass

   A  cross section

  209 1.26368E+00
  208 3.24245E+02
  207 2.24336E+03

 Total residual production cross section:  2568.8654785
 Non-elastic cross section              :  2568.4265137

 6. Exclusive cross sections

 6a. Total exclusive cross sections 

     Emitted particles     cross section reaction         level    isomeric    isomeric    lifetime relative yield
    n   p   d   t   h   a                                        cross section   ratio
    0   0   0   0   0   0    1.26368E+00  (n,g)                                                     4.92395E-04
    1   0   0   0   0   0    3.22406E+02  (n,n')                                                    1.25626E-01
    2   0   0   0   0   0    2.24273E+03  (n,2n)                                                    8.73882E-01
                                                             0     1.14263E+03  0.50948
                                                             3     1.10011E+03  0.49052   8.06000E-01 sec. 

 Absorption cross section                 :     1.26368

 Sum over exclusive channel cross sections:  2566.40210
 (n,gn) + (n,gp) +...(n,ga) cross sections:     2.46353
 Total                                    :  2568.86572
 Non-elastic cross section                :  2568.42651

 10. Gamma-ray intensities

 Nuclide: 209Pb

     Initial level          Final level     Gamma Energy  Cross section 

  no.  J/Pi    Ex         no.  J/Pi    Ex

   1   5.5+  0.7789  --->  0   4.5+  0.0000    0.77889   3.332560E-01
   2   7.5-  1.4226  --->  0   4.5+  0.0000    1.42264   2.644244E-01
   2   7.5-  1.4226  --->  1   5.5+  0.7789    0.64375   2.908436E-02
   3   2.5+  1.5671  --->  0   4.5+  0.0000    1.56709   3.050682E-01
   4   0.5+  2.0322  --->  3   2.5+  1.5671    0.46512   1.542719E-01
   5   0.5-  2.1494  --->  0   4.5+  0.0000    2.14943   3.673135E-07
   5   0.5-  2.1494  --->  3   2.5+  1.5671    0.58234   1.598714E-04
   5   0.5-  2.1494  --->  4   0.5+  2.0322    0.11722   4.099109E-02
   6   1.5-  2.3159  --->  0   4.5+  0.0000    2.31593   5.199634E-03
   6   1.5-  2.3159  --->  3   2.5+  1.5671    0.74884   1.411719E-02
   6   1.5-  2.3159  --->  4   0.5+  2.0322    0.28372   2.476735E-02
   7   3.5-  2.4240  --->  0   4.5+  0.0000    2.42400   2.496644E-02
   7   3.5-  2.4240  --->  1   5.5+  0.7789    1.64511   1.301801E-07
   7   3.5-  2.4240  --->  3   2.5+  1.5671    0.85691   1.069456E-03
   8   2.5-  2.4610  --->  0   4.5+  0.0000    2.46100   1.198144E-02
   8   2.5-  2.4610  --->  3   2.5+  1.5671    0.89391   2.994784E-03
   9   3.5+  2.4910  --->  0   4.5+  0.0000    2.49100   1.416110E-02
   9   3.5+  2.4910  --->  1   5.5+  0.7789    1.71211   4.390233E-04
  10   1.5-  2.5249  --->  5   0.5-  2.1494    0.37550   9.304834E-03

  Total                                                  1.236258E+00

 Nuclide: 208Pb

     Initial level          Final level     Gamma Energy  Cross section 

  no.  J/Pi    Ex         no.  J/Pi    Ex

   1   3.0-  2.6145  --->  0   0.0+  0.0000    2.61452   3.071573E+02
   2   5.0-  3.1977  --->  1   3.0-  2.6145    0.58319   1.880716E+02
   3   4.0-  3.4751  --->  1   3.0-  2.6145    0.86056   1.201045E+01
   3   4.0-  3.4751  --->  2   5.0-  3.1977    0.27737   6.101083E+00
   4   5.0-  3.7085  --->  1   3.0-  2.6145    1.09393   7.854764E-01
   4   5.0-  3.7085  --->  2   5.0-  3.1977    0.51074   4.488230E+01
   4   5.0-  3.7085  --->  3   4.0-  3.4751    0.23337   6.104022E-01
   5   6.0-  3.9200  --->  2   5.0-  3.1977    0.72225   1.570946E+01
   5   6.0-  3.9200  --->  4   5.0-  3.7085    0.21151   1.288338E+01
   6   4.0-  3.9466  --->  2   5.0-  3.1977    0.74887   3.569121E+00
   6   4.0-  3.9466  --->  3   4.0-  3.4751    0.47150   9.384267E-01
   6   4.0-  3.9466  --->  4   5.0-  3.7085    0.23813   9.030767E-01
   7   5.0-  3.9612  --->  2   5.0-  3.1977    0.76345   5.887619E+00
   7   5.0-  3.9612  --->  3   4.0-  3.4751    0.48608   1.472353E-01
   7   5.0-  3.9612  --->  4   5.0-  3.7085    0.25271   2.254857E+00
   8   4.0-  3.9954  --->  1   3.0-  2.6145    1.38092   4.291328E+00
   8   4.0-  3.9954  --->  2   5.0-  3.1977    0.79773   1.274349E+00
   9   7.0-  4.0374  --->  2   5.0-  3.1977    0.83973   3.364194E+01
   9   7.0-  4.0374  --->  5   6.0-  3.9200    0.11748   3.700871E+00
  10   3.0-  4.0511  --->  1   3.0-  2.6145    1.43661   4.610296E+00
  10   3.0-  4.0511  --->  3   4.0-  3.4751    0.57606   7.928992E-01
  11   2.0+  4.0855  --->  0   0.0+  0.0000    4.08552   3.802086E+00
  11   2.0+  4.0855  --->  1   3.0-  2.6145    1.47100   1.748984E-02
  12   5.0-  4.1253  --->  2   5.0-  3.1977    0.92764   9.914363E+00
  12   5.0-  4.1253  --->  3   4.0-  3.4751    0.65027   2.507946E+00
  12   5.0-  4.1253  --->  4   5.0-  3.7085    0.41690   4.957231E-01
  12   5.0-  4.1253  --->  6   4.0-  3.9466    0.17877   9.121877E-02
  12   5.0-  4.1253  --->  7   5.0-  3.9612    0.16419   4.858115E-01
  13   1.0+  4.1440  --->  0   0.0+  0.0000    4.14400   2.249039E+00
  13   1.0+  4.1440  --->  1   3.0-  2.6145    1.52948   3.373612E-05
  13   1.0+  4.1440  ---> 11   2.0+  4.0855    0.05848   2.249075E-06
  14   5.0-  4.1804  --->  2   5.0-  3.1977    0.98270   5.472864E+00
  14   5.0-  4.1804  --->  3   4.0-  3.4751    0.70534   5.855663E-01
  15   6.0-  4.2063  --->  2   5.0-  3.1977    1.00857   7.433377E+00
  15   6.0-  4.2063  --->  4   5.0-  3.7085    0.49783   1.531554E+00

  Total                                                  6.848105E+02

 Nuclide: 207Pb

     Initial level          Final level     Gamma Energy  Cross section 

  no.  J/Pi    Ex         no.  J/Pi    Ex

   1   2.5-  0.5697  --->  0   0.5-  0.0000    0.56970   7.736282E+02
   2   1.5-  0.8977  --->  0   0.5-  0.0000    0.89770   1.859660E+02
   2   1.5-  0.8977  --->  1   2.5-  0.5697    0.32800   1.004163E+00
   4   3.5-  2.3399  --->  1   2.5-  0.5697    1.77022   1.738035E+02
   4   3.5-  2.3399  --->  2   1.5-  0.8977    1.44222   3.319108E+00
   5   2.5+  2.6239  --->  1   2.5-  0.5697    2.05417   9.009857E+00
   5   2.5+  2.6239  --->  2   1.5-  0.8977    1.72617   4.096138E+01
   6   3.5+  2.6625  --->  0   0.5-  0.0000    2.66248   4.410997E+00
   6   3.5+  2.6625  --->  1   2.5-  0.5697    2.09278   8.323296E+01
   6   3.5+  2.6625  --->  4   3.5-  2.3399    0.32256   1.664570E+00
   7   3.5+  2.7020  --->  0   0.5-  0.0000    2.70200   2.491632E-04
   7   3.5+  2.7020  --->  1   2.5-  0.5697    2.13230   8.305125E+01
   7   3.5+  2.7020  --->  2   1.5-  0.8977    1.80430   2.823850E-03
   7   3.5+  2.7020  --->  5   2.5+  2.6239    0.07813   8.305441E-05
   8   4.5+  2.7279  --->  1   2.5-  0.5697    2.15819   2.131166E+00
   8   4.5+  2.7279  --->  3   6.5+  1.6334    1.09454   8.878185E+01
   8   4.5+  2.7279  --->  4   3.5-  2.3399    0.38797   1.731122E+01
   9   5.5-  2.9020  --->  3   6.5+  1.6334    1.26864   1.007132E+02
   9   5.5-  2.9020  --->  4   3.5-  2.3399    0.56208   1.254972E-02
   9   5.5-  2.9020  --->  8   4.5+  2.7279    0.17411   4.816461E-01
  10   1.5-  2.9090  --->  0   0.5-  0.0000    2.90900   1.529880E+01
  10   1.5-  2.9090  --->  1   2.5-  0.5697    2.33930   8.391600E+00
  10   1.5-  2.9090  --->  4   3.5-  2.3399    0.56908   8.040057E-03
  10   1.5-  2.9090  --->  5   2.5+  2.6239    0.28513   9.643135E-01

  Total                                                  1.594150E+03

 ########## RESULTS FOR E=  15.00000 ##########

 Energy dependent input flags

 Width fluctuations (flagwidth)            : n
 Unresolved resonance parameters (flagurr) : n
 Preequilibrium (flagpreeq)                : y
 Multiple preequilibrium (flagmulpre)      : n
 Number of continuum excitation energy bins: 40

 ########### REACTION SUMMARY FOR E=  15.00000 ###########

 Center-of-mass energy:   14.927

 1. Total (binary) cross sections

 Total           = 5.39066E+03
   Shape elastic   = 2.82250E+03
   Reaction        = 2.56816E+03
     Compound elastic= 1.05150E-03
     Non-elastic     = 2.56816E+03
       Direct          = 7.68481E+01
       Pre-equilibrium = 5.94140E+02
       Giant resonance = 3.21756E+01
       Compound non-el = 1.86499E+03
     Total elastic   = 2.82250E+03

 2. Binary non-elastic cross sections (non-exclusive)

 gamma   = 3.76321E+00
 neutron = 2.56387E+03
 proton  = 4.28360E-01
 deuteron= 2.27681E-02
 triton  = 1.55914E-03
 helium-3= 4.29852E-17
 alpha   = 7.70375E-02

 3. Total particle production cross sections

 gamma   = 2.81670E+03    Multiplicity= 1.09678E+00
 neutron = 4.84916E+03    Multiplicity= 1.88818E+00
 proton  = 4.30231E-01    Multiplicity= 1.67525E-04
 deuteron= 2.27681E-02    Multiplicity= 8.86552E-06
 triton  = 1.55914E-03    Multiplicity= 6.07106E-07
 helium-3= 4.29852E-17    Multiplicity= 1.67377E-20
 alpha   = 7.71483E-02    Multiplicity= 3.00403E-05

 4. Residual production cross sections

   a. Per isotope

   Z   A  nuclide    total     level   isomeric    isomeric    lifetime
                 cross section       cross section  ratio

   82 209 (209Pb) 1.13597E+00    0    1.13597E+00  1.00000
   82 208 (208Pb) 2.89414E+02    0    2.89414E+02  1.00000
   82 207 (207Pb) 2.27347E+03    0    1.08111E+03  0.47553
                                 3    1.19236E+03  0.52447   8.06000E-01 sec. 
   82 206 (206Pb) 4.58628E+00    0    4.58628E+00  1.00000
                                11    0.00000E+00  0.00000   1.25000E-04 sec. 

   b. Per mass

   A  cross section

  209 1.13597E+00
  208 2.89414E+02
  207 2.27347E+03
  206 4.58628E+00

 Total residual production cross section:  2568.6066895
 Non-elastic cross section              :  2568.1589355

 6. Exclusive cross sections

 6a. Total exclusive cross sections 

     Emitted particles     cross section reaction         level    isomeric    isomeric    lifetime relative yield
    n   p   d   t   h   a                                        cross section   ratio
    0   0   0   0   0   0    1.13597E+00  (n,g)                                                     4.42709E-04
    1   0   0   0   0   0    2.87579E+02  (n,n')                                                    1.12075E-01
    2   0   0   0   0   0    2.27266E+03  (n,2n)                                                    8.85695E-01
                                                             0     1.08060E+03  0.47548
                                                             3     1.19206E+03  0.52452   8.06000E-01 sec. 
    3   0   0   0   0   0    4.58628E+00  (n,3n)                                                    1.78736E-03
                                                             0     4.58628E+00  1.00000
                                                            11     0.00000E+00  0.00000   1.25000E-04 sec. 

 Absorption cross section                 :     1.13597

 Sum over exclusive channel cross sections:  2565.95874
 (n,gn) + (n,gp) +...(n,ga) cross sections:     2.64793
 Total                                    :  2568.60669
 Non-elastic cross section                :  2568.15894

 10. Gamma-ray intensities

 Nuclide: 209Pb

     Initial level          Final level     Gamma Energy  Cross section 

  no.  J/Pi    Ex         no.  J/Pi    Ex

   1   5.5+  0.7789  --->  0   4.5+  0.0000    0.77889   3.032712E-01
   2   7.5-  1.4226  --->  0   4.5+  0.0000    1.42264   2.810610E-01
   2   7.5-  1.4226  --->  1   5.5+  0.7789    0.64375   3.091424E-02
   3   2.5+  1.5671  --->  0   4.5+  0.0000    1.56709   2.481708E-01
   4   0.5+  2.0322  --->  3   2.5+  1.5671    0.46512   1.267377E-01
   5   0.5-  2.1494  --->  0   4.5+  0.0000    2.14943   3.083433E-07
   5   0.5-  2.1494  --->  3   2.5+  1.5671    0.58234   1.342049E-04
   5   0.5-  2.1494  --->  4   0.5+  2.0322    0.11722   3.441019E-02
   6   1.5-  2.3159  --->  0   4.5+  0.0000    2.31593   4.272427E-03
   6   1.5-  2.3159  --->  3   2.5+  1.5671    0.74884   1.159979E-02
   6   1.5-  2.3159  --->  4   0.5+  2.0322    0.28372   2.035080E-02
   7   3.5-  2.4240  --->  0   4.5+  0.0000    2.42400   2.089834E-02
   7   3.5-  2.4240  --->  1   5.5+  0.7789    1.64511   1.089682E-07
   7   3.5-  2.4240  --->  3   2.5+  1.5671    0.85691   8.951960E-04
   8   2.5-  2.4610  --->  0   4.5+  0.0000    2.46100   1.042604E-02
   8   2.5-  2.4610  --->  3   2.5+  1.5671    0.89391   2.606007E-03
   9   3.5+  2.4910  --->  0   4.5+  0.0000    2.49100   1.229168E-02
   9   3.5+  2.4910  --->  1   5.5+  0.7789    1.71211   3.810673E-04
  10   1.5-  2.5249  --->  5   0.5-  2.1494    0.37550   8.518101E-03

  Total                                                  1.116939E+00

 Nuclide: 208Pb

     Initial level          Final level     Gamma Energy  Cross section 

  no.  J/Pi    Ex         no.  J/Pi    Ex

   1   3.0-  2.6145  --->  0   0.0+  0.0000    2.61452   2.746932E+02
   2   5.0-  3.1977  --->  1   3.0-  2.6145    0.58319   1.663094E+02
   3   4.0-  3.4751  --->  1   3.0-  2.6145    0.86056   1.058135E+01
   3   4.0-  3.4751  --->  2   5.0-  3.1977    0.27737   5.375130E+00
   4   5.0-  3.7085  --->  1   3.0-  2.6145    1.09393   6.908531E-01
   4   5.0-  3.7085  --->  2   5.0-  3.1977    0.51074   3.947549E+01
   4   5.0-  3.7085  --->  3   4.0-  3.4751    0.23337   5.368693E-01
   5   6.0-  3.9200  --->  2   5.0-  3.1977    0.72225   1.371686E+01
   5   6.0-  3.9200  --->  4   5.0-  3.7085    0.21151   1.124924E+01
   6   4.0-  3.9466  --->  2   5.0-  3.1977    0.74887   3.122754E+00
   6   4.0-  3.9466  --->  3   4.0-  3.4751    0.47150   8.210637E-01
   6   4.0-  3.9466  --->  4   5.0-  3.7085    0.23813   7.901347E-01
   7   5.0-  3.9612  --->  2   5.0-  3.1977    0.76345   5.217363E+00
   7   5.0-  3.9612  --->  3   4.0-  3.4751    0.48608   1.304738E-01
   7   5.0-  3.9612  --->  4   5.0-  3.7085    0.25271   1.998160E+00
   8   4.0-  3.9954  --->  1   3.0-  2.6145    1.38092   3.747603E+00
   8   4.0-  3.9954  --->  2   5.0-  3.1977    0.79773   1.112885E+00
   9   7.0-  4.0374  --->  2   5.0-  3.1977    0.83973   2.952116E+01
   9   7.0-  4.0374  --->  5   6.0-  3.9200    0.11748   3.247553E+00
  10   3.0-  4.0511  --->  1   3.0-  2.6145    1.43661   4.100410E+00
  10   3.0-  4.0511  --->  3   4.0-  3.4751    0.57606   7.052067E-01
  11   2.0+  4.0855  --->  0   0.0+  0.0000    4.08552   3.361319E+00
  11   2.0+  4.0855  --->  1   3.0-  2.6145    1.47100   1.546228E-02
  12   5.0-  4.1253  --->  2   5.0-  3.1977    0.92764   9.160147E+00
  12   5.0-  4.1253  --->  3   4.0-  3.4751    0.65027   2.317159E+00
  12   5.0-  4.1253  --->  4   5.0-  3.7085    0.41690   4.580119E-01
  12   5.0-  4.1253  --->  6   4.0-  3.9466    0.17877   8.427948E-02
  12   5.0-  4.1253  --->  7   5.0-  3.9612    0.16419   4.488544E-01
  13   1.0+  4.1440  --->  0   0.0+  0.0000    4.14400   1.961345E+00
  13   1.0+  4.1440  --->  1   3.0-  2.6145    1.52948   2.942065E-05
  13   1.0+  4.1440  ---> 11   2.0+  4.0855    0.05848   1.961377E-06
  14   5.0-  4.1804  --->  2   5.0-  3.1977    0.98270   4.852538E+00
  14   5.0-  4.1804  --->  3   4.0-  3.4751    0.70534   5.191947E-01
  15   6.0-  4.2063  --->  2   5.0-  3.1977    1.00857   6.447283E+00
  15   6.0-  4.2063  --->  4   5.0-  3.7085    0.49783   1.328382E+00

  Total                                                  6.080972E+02

 Nuclide: 207Pb

     Initial level          Final level     Gamma Energy  Cross section 

  no.  J/Pi    Ex         no.  J/Pi    Ex

   1   2.5-  0.5697  --->  0   0.5-  0.0000    0.56970   7.511579E+02
   2   1.5-  0.8977  --->  0   0.5-  0.0000    0.89770   1.661683E+02
   2   1.5-  0.8977  --->  1   2.5-  0.5697    0.32800   8.972610E-01
   4   3.5-  2.3399  --->  1   2.5-  0.5697    1.77022   1.766185E+02
   4   3.5-  2.3399  --->  2   1.5-  0.8977    1.44222   3.372865E+00
   5   2.5+  2.6239  --->  1   2.5-  0.5697    2.05417   8.789402E+00
   5   2.5+  2.6239  --->  2   1.5-  0.8977    1.72617   3.995912E+01
   6   3.5+  2.6625  --->  0   0.5-  0.0000    2.66248   4.547695E+00
   6   3.5+  2.6625  --->  1   2.5-  0.5697    2.09278   8.581236E+01
   6   3.5+  2.6625  --->  4   3.5-  2.3399    0.32256   1.716155E+00
   7   3.5+  2.7020  --->  0   0.5-  0.0000    2.70200   2.572482E-04
   7   3.5+  2.7020  --->  1   2.5-  0.5697    2.13230   8.574614E+01
   7   3.5+  2.7020  --->  2   1.5-  0.8977    1.80430   2.915480E-03
   7   3.5+  2.7020  --->  5   2.5+  2.6239    0.07813   8.574940E-05
   8   4.5+  2.7279  --->  1   2.5-  0.5697    2.15819   2.229132E+00
   8   4.5+  2.7279  --->  3   6.5+  1.6334    1.09454   9.286300E+01
   8   4.5+  2.7279  --->  4   3.5-  2.3399    0.38797   1.810699E+01
   9   5.5-  2.9020  --->  3   6.5+  1.6334    1.26864   1.096791E+02
   9   5.5-  2.9020  --->  4   3.5-  2.3399    0.56208   1.366694E-02
   9   5.5-  2.9020  --->  8   4.5+  2.7279    0.17411   5.245241E-01
  10   1.5-  2.9090  --->  0   0.5-  0.0000    2.90900   1.519805E+01
  10   1.5-  2.9090  --->  1   2.5-  0.5697    2.33930   8.336336E+00
  10   1.5-  2.9090  --->  4   3.5-  2.3399    0.56908   7.987109E-03
  10   1.5-  2.9090  --->  5   2.5+  2.6239    0.28513   9.579630E-01

  Total                                                  1.572706E+03

 Nuclide: 206Pb

     Initial level          Final level     Gamma Energy  Cross section 

  no.  J/Pi    Ex         no.  J/Pi    Ex

   1   2.0+  0.8031  --->  0   0.0+  0.0000    0.80305   6.793047E-04

  Total                                                  6.793047E-04

 ########## RESULTS FOR E=  16.00000 ##########

 Energy dependent input flags

 Width fluctuations (flagwidth)            : n
 Unresolved resonance parameters (flagurr) : n
 Preequilibrium (flagpreeq)                : y
 Multiple preequilibrium (flagmulpre)      : n
 Number of continuum excitation energy bins: 40

 ########### REACTION SUMMARY FOR E=  16.00000 ###########

 Center-of-mass energy:   15.922

 1. Total (binary) cross sections

 Total           = 5.50762E+03
   Shape elastic   = 2.94988E+03
   Reaction        = 2.55774E+03
     Compound elastic= 3.32165E-04
     Non-elastic     = 2.55774E+03
       Direct          = 7.40589E+01
       Pre-equilibrium = 6.39747E+02
       Giant resonance = 3.23232E+01
       Compound non-el = 1.81161E+03
     Total elastic   = 2.94988E+03

 2. Binary non-elastic cross sections (non-exclusive)

 gamma   = 3.77296E+00
 neutron = 2.55277E+03
 proton  = 9.33338E-01
 deuteron= 1.09795E-01
 triton  = 1.06593E-02
 helium-3= 5.54599E-15
 alpha   = 1.44447E-01

 3. Total particle production cross sections

 gamma   = 3.37427E+03    Multiplicity= 1.31924E+00
 neutron = 4.90543E+03    Multiplicity= 1.91788E+00
 proton  = 9.38053E-01    Multiplicity= 3.66751E-04
 deuteron= 1.09795E-01    Multiplicity= 4.29267E-05
 triton  = 1.06593E-02    Multiplicity= 4.16748E-06
 helium-3= 5.54599E-15    Multiplicity= 2.16832E-18
 alpha   = 1.44789E-01    Multiplicity= 5.66084E-05

 4. Residual production cross sections

   a. Per isotope

   Z   A  nuclide    total     level   isomeric    isomeric    lifetime
                 cross section       cross section  ratio

   82 209 (209Pb) 9.87458E-01    0    9.87458E-01  1.00000
   82 208 (208Pb) 2.66311E+02    0    2.66311E+02  1.00000
   82 207 (207Pb) 2.23029E+03    0    9.84435E+02  0.44139
                                 3    1.24586E+03  0.55861   8.06000E-01 sec. 
   82 206 (206Pb) 5.97812E+01    0    5.97812E+01  1.00000
                                11    0.00000E+00  0.00000   1.25000E-04 sec. 

   b. Per mass

   A  cross section

  209 9.87458E-01
  208 2.66311E+02
  207 2.23029E+03
  206 5.97812E+01

 Total residual production cross section:  2557.3708496
 Non-elastic cross section              :  2557.7397461

 6. Exclusive cross sections

 6a. Total exclusive cross sections 

     Emitted particles     cross section reaction         level    isomeric    isomeric    lifetime relative yield
    n   p   d   t   h   a                                        cross section   ratio
    0   0   0   0   0   0    9.87458E-01  (n,g)                                                     3.86547E-04
    1   0   0   0   0   0    2.64469E+02  (n,n')                                                    1.03528E-01
    2   0   0   0   0   0    2.22933E+03  (n,2n)                                                    8.72684E-01
                                                             0     9.83889E+02  0.44134
                                                             3     1.24544E+03  0.55866   8.06000E-01 sec. 
    3   0   0   0   0   0    5.97811E+01  (n,3n)                                                    2.34017E-02
                                                             0     5.97811E+01  1.00000
                                                            11     0.00000E+00  0.00000   1.25000E-04 sec. 

 Absorption cross section                 :     0.98746

 Sum over exclusive channel cross sections:  2554.56470
 (n,gn) + (n,gp) +...(n,ga) cross sections:     2.80577
 Total                                    :  2557.37036
 Non-elastic cross section                :  2557.73975

 10. Gamma-ray intensities

 Nuclide: 209Pb

     Initial level          Final level     Gamma Energy  Cross section 

  no.  J/Pi    Ex         no.  J/Pi    Ex

   1   5.5+  0.7789  --->  0   4.5+  0.0000    0.77889   2.625455E-01
   2   7.5-  1.4226  --->  0   4.5+  0.0000    1.42264   2.763094E-01
   2   7.5-  1.4226  --->  1   5.5+  0.7789    0.64375   3.039161E-02
   3   2.5+  1.5671  --->  0   4.5+  0.0000    1.56709   2.023174E-01
   4   0.5+  2.0322  --->  3   2.5+  1.5671    0.46512   1.039160E-01
   5   0.5-  2.1494  --->  0   4.5+  0.0000    2.14943   2.566192E-07
   5   0.5-  2.1494  --->  3   2.5+  1.5671    0.58234   1.116923E-04
   5   0.5-  2.1494  --->  4   0.5+  2.0322    0.11722   2.863793E-02
   6   1.5-  2.3159  --->  0   4.5+  0.0000    2.31593   3.497385E-03
   6   1.5-  2.3159  --->  3   2.5+  1.5671    0.74884   9.495526E-03
   6   1.5-  2.3159  --->  4   0.5+  2.0322    0.28372   1.665905E-02
   7   3.5-  2.4240  --->  0   4.5+  0.0000    2.42400   1.722366E-02
   7   3.5-  2.4240  --->  1   5.5+  0.7789    1.64511   8.980769E-08
   7   3.5-  2.4240  --->  3   2.5+  1.5671    0.85691   7.377882E-04
   8   2.5-  2.4610  --->  0   4.5+  0.0000    2.46100   8.874426E-03
   8   2.5-  2.4610  --->  3   2.5+  1.5671    0.89391   2.218179E-03
   9   3.5+  2.4910  --->  0   4.5+  0.0000    2.49100   1.036352E-02
   9   3.5+  2.4910  --->  1   5.5+  0.7789    1.71211   3.212906E-04
  10   1.5-  2.5249  --->  5   0.5-  2.1494    0.37550   7.543767E-03

  Total                                                  9.811645E-01

 Nuclide: 208Pb

     Initial level          Final level     Gamma Energy  Cross section 

  no.  J/Pi    Ex         no.  J/Pi    Ex

   1   3.0-  2.6145  --->  0   0.0+  0.0000    2.61452   2.530017E+02
   2   5.0-  3.1977  --->  1   3.0-  2.6145    0.58319   1.524803E+02
   3   4.0-  3.4751  --->  1   3.0-  2.6145    0.86056   9.582315E+00
   3   4.0-  3.4751  --->  2   5.0-  3.1977    0.27737   4.867638E+00
   4   5.0-  3.7085  --->  1   3.0-  2.6145    1.09393   6.320979E-01
   4   5.0-  3.7085  --->  2   5.0-  3.1977    0.51074   3.611821E+01
   4   5.0-  3.7085  --->  3   4.0-  3.4751    0.23337   4.912100E-01
   5   6.0-  3.9200  --->  2   5.0-  3.1977    0.72225   1.255541E+01
   5   6.0-  3.9200  --->  4   5.0-  3.7085    0.21151   1.029673E+01
   6   4.0-  3.9466  --->  2   5.0-  3.1977    0.74887   2.821967E+00
   6   4.0-  3.9466  --->  3   4.0-  3.4751    0.47150   7.419779E-01
   6   4.0-  3.9466  --->  4   5.0-  3.7085    0.23813   7.140280E-01
   7   5.0-  3.9612  --->  2   5.0-  3.1977    0.76345   4.772755E+00
   7   5.0-  3.9612  --->  3   4.0-  3.4751    0.48608   1.193552E-01
   7   5.0-  3.9612  --->  4   5.0-  3.7085    0.25271   1.827883E+00
   8   4.0-  3.9954  --->  1   3.0-  2.6145    1.38092   3.385730E+00
   8   4.0-  3.9954  --->  2   5.0-  3.1977    0.79773   1.005424E+00
   9   7.0-  4.0374  --->  2   5.0-  3.1977    0.83973   2.717992E+01
   9   7.0-  4.0374  --->  5   6.0-  3.9200    0.11748   2.989999E+00
  10   3.0-  4.0511  --->  1   3.0-  2.6145    1.43661   3.769226E+00
  10   3.0-  4.0511  --->  3   4.0-  3.4751    0.57606   6.482482E-01
  11   2.0+  4.0855  --->  0   0.0+  0.0000    4.08552   3.081318E+00
  11   2.0+  4.0855  --->  1   3.0-  2.6145    1.47100   1.417426E-02
  12   5.0-  4.1253  --->  2   5.0-  3.1977    0.92764   8.591966E+00
  12   5.0-  4.1253  --->  3   4.0-  3.4751    0.65027   2.173431E+00
  12   5.0-  4.1253  --->  4   5.0-  3.7085    0.41690   4.296025E-01
  12   5.0-  4.1253  --->  6   4.0-  3.9466    0.17877   7.905183E-02
  12   5.0-  4.1253  --->  7   5.0-  3.9612    0.16419   4.210130E-01
  13   1.0+  4.1440  --->  0   0.0+  0.0000    4.14400   1.802918E+00
  13   1.0+  4.1440  --->  1   3.0-  2.6145    1.52948   2.704420E-05
  13   1.0+  4.1440  ---> 11   2.0+  4.0855    0.05848   1.802947E-06
  14   5.0-  4.1804  --->  2   5.0-  3.1977    0.98270   4.450168E+00
  14   5.0-  4.1804  --->  3   4.0-  3.4751    0.70534   4.761434E-01
  15   6.0-  4.2063  --->  2   5.0-  3.1977    1.00857   5.887867E+00
  15   6.0-  4.2063  --->  4   5.0-  3.7085    0.49783   1.213121E+00

  Total                                                  5.586229E+02

 Nuclide: 207Pb

     Initial level          Final level     Gamma Energy  Cross section 

  no.  J/Pi    Ex         no.  J/Pi    Ex

   1   2.5-  0.5697  --->  0   0.5-  0.0000    0.56970   6.964440E+02
   2   1.5-  0.8977  --->  0   0.5-  0.0000    0.89770   1.451346E+02
   2   1.5-  0.8977  --->  1   2.5-  0.5697    0.32800   7.836853E-01
   4   3.5-  2.3399  --->  1   2.5-  0.5697    1.77022   1.685936E+02
   4   3.5-  2.3399  --->  2   1.5-  0.8977    1.44222   3.219615E+00
   5   2.5+  2.6239  --->  1   2.5-  0.5697    2.05417   8.238909E+00
   5   2.5+  2.6239  --->  2   1.5-  0.8977    1.72617   3.745642E+01
   6   3.5+  2.6625  --->  0   0.5-  0.0000    2.66248   4.387467E+00
   6   3.5+  2.6625  --->  1   2.5-  0.5697    2.09278   8.278896E+01
   6   3.5+  2.6625  --->  4   3.5-  2.3399    0.32256   1.655690E+00
   7   3.5+  2.7020  --->  0   0.5-  0.0000    2.70200   2.486270E-04
   7   3.5+  2.7020  --->  1   2.5-  0.5697    2.13230   8.287251E+01
   7   3.5+  2.7020  --->  2   1.5-  0.8977    1.80430   2.817772E-03
   7   3.5+  2.7020  --->  5   2.5+  2.6239    0.07813   8.287566E-05
   8   4.5+  2.7279  --->  1   2.5-  0.5697    2.15819   2.196447E+00
   8   4.5+  2.7279  --->  3   6.5+  1.6334    1.09454   9.150139E+01
   8   4.5+  2.7279  --->  4   3.5-  2.3399    0.38797   1.784149E+01
   9   5.5-  2.9020  --->  3   6.5+  1.6334    1.26864   1.131490E+02
   9   5.5-  2.9020  --->  4   3.5-  2.3399    0.56208   1.409933E-02
   9   5.5-  2.9020  --->  8   4.5+  2.7279    0.17411   5.411186E-01
  10   1.5-  2.9090  --->  0   0.5-  0.0000    2.90900   1.464664E+01
  10   1.5-  2.9090  --->  1   2.5-  0.5697    2.33930   8.033881E+00
  10   1.5-  2.9090  --->  4   3.5-  2.3399    0.56908   7.697324E-03
  10   1.5-  2.9090  --->  5   2.5+  2.6239    0.28513   9.232066E-01

  Total                                                  1.480434E+03

 Nuclide: 206Pb

     Initial level          Final level     Gamma Energy  Cross section 

  no.  J/Pi    Ex         no.  J/Pi    Ex

   1   2.0+  0.8031  --->  0   0.0+  0.0000    0.80305   1.280829E+01
   2   0.0+  1.1664  --->  1   2.0+  0.8031    0.36335   6.916352E-02
   3   3.0+  1.3405  --->  1   2.0+  0.8031    0.53744   9.337521E-01
   4   2.0+  1.4668  --->  0   0.0+  0.0000    1.46681   8.771873E-03
   4   2.0+  1.4668  --->  1   2.0+  0.8031    0.66376   2.885813E-02
   4   2.0+  1.4668  --->  3   3.0+  1.3405    0.12632   1.096317E-03
   5   4.0+  1.6840  --->  1   2.0+  0.8031    0.88094   1.384376E-02
   5   4.0+  1.6840  --->  3   3.0+  1.3405    0.34350   4.900086E-03
   6   1.0+  1.7045  --->  0   0.0+  0.0000    1.70445   7.290835E-04
   7   2.0+  1.7841  --->  0   0.0+  0.0000    1.78409   6.332482E-06
   7   2.0+  1.7841  --->  1   2.0+  0.8031    0.98104   1.217767E-04
   7   2.0+  1.7841  --->  2   0.0+  1.1664    0.61769   1.339657E-05
   7   2.0+  1.7841  --->  4   2.0+  1.4668    0.31728   2.800520E-05

  Total                                                  1.386958E+01

 ########## RESULTS FOR E=  17.00000 ##########

 Energy dependent input flags

 Width fluctuations (flagwidth)            : n
 Unresolved resonance parameters (flagurr) : n
 Preequilibrium (flagpreeq)                : y
 Multiple preequilibrium (flagmulpre)      : n
 Number of continuum excitation energy bins: 40

 ########### REACTION SUMMARY FOR E=  17.00000 ###########

 Center-of-mass energy:   16.917

 1. Total (binary) cross sections

 Total           = 5.60181E+03
   Shape elastic   = 3.06118E+03
   Reaction        = 2.54064E+03
     Compound elastic= 1.05698E-04
     Non-elastic     = 2.54064E+03
       Direct          = 7.18538E+01
       Pre-equilibrium = 6.88303E+02
       Giant resonance = 3.20644E+01
       Compound non-el = 1.74842E+03
     Total elastic   = 3.06118E+03

 2. Binary non-elastic cross sections (non-exclusive)

 gamma   = 3.77432E+00
 neutron = 2.53435E+03
 proton  = 1.83844E+00
 deuteron= 3.66246E-01
 triton  = 4.88104E-02
 helium-3= 2.57925E-13
 alpha   = 2.61238E-01

 3. Total particle production cross sections

 gamma   = 3.63319E+03    Multiplicity= 1.43003E+00
 neutron = 5.04542E+03    Multiplicity= 1.98589E+00
 proton  = 1.84668E+00    Multiplicity= 7.26855E-04
 deuteron= 3.66246E-01    Multiplicity= 1.44155E-04
 triton  = 4.88104E-02    Multiplicity= 1.92119E-05
 helium-3= 2.57925E-13    Multiplicity= 1.01520E-16
 alpha   = 2.62098E-01    Multiplicity= 1.03162E-04

 4. Residual production cross sections

   a. Per isotope

   Z   A  nuclide    total     level   isomeric    isomeric    lifetime
                 cross section       cross section  ratio

   82 209 (209Pb) 8.50053E-01    0    8.50053E-01  1.00000
   82 208 (208Pb) 2.53540E+02    0    2.53540E+02  1.00000
   82 207 (207Pb) 2.06161E+03    0    8.38676E+02  0.40681
                                 3    1.22293E+03  0.59319   8.06000E-01 sec. 
   82 206 (206Pb) 2.23255E+02    0    2.17971E+02  0.97633
                                11    5.28465E+00  0.02367   1.25000E-04 sec. 

   b. Per mass

   A  cross section

  209 8.50053E-01
  208 2.53540E+02
  207 2.06161E+03
  206 2.23255E+02

 Total residual production cross section:  2539.2521973
 Non-elastic cross section              :  2540.6398926

 6. Exclusive cross sections

 6a. Total exclusive cross sections 

     Emitted particles     cross section reaction         level    isomeric    isomeric    lifetime relative yield
    n   p   d   t   h   a                                        cross section   ratio
    0   0   0   0   0   0    8.50053E-01  (n,g)                                                     3.35155E-04
    1   0   0   0   0   0    2.51655E+02  (n,n')                                                    9.92215E-02
    2   0   0   0   0   0    2.06054E+03  (n,2n)                                                    8.12420E-01
                                                             0     8.38121E+02  0.40675
                                                             3     1.22242E+03  0.59325   8.06000E-01 sec. 
    3   0   0   0   0   0    2.23254E+02  (n,3n)                                                    8.80234E-02
                                                             0     2.17969E+02  0.97633
                                                            11     5.28465E+00  0.02367   1.25000E-04 sec. 

 Absorption cross section                 :     0.85005

 Sum over exclusive channel cross sections:  2536.29883
 (n,gn) + (n,gp) +...(n,ga) cross sections:     2.95323
 Total                                    :  2539.25195
 Non-elastic cross section                :  2540.63989

 10. Gamma-ray intensities

 Nuclide: 209Pb

     Initial level          Final level     Gamma Energy  Cross section 

  no.  J/Pi    Ex         no.  J/Pi    Ex

   1   5.5+  0.7789  --->  0   4.5+  0.0000    0.77889   2.214986E-01
   2   7.5-  1.4226  --->  0   4.5+  0.0000    1.42264   2.539533E-01
   2   7.5-  1.4226  --->  1   5.5+  0.7789    0.64375   2.793264E-02
   3   2.5+  1.5671  --->  0   4.5+  0.0000    1.56709   1.711982E-01
   4   0.5+  2.0322  --->  3   2.5+  1.5671    0.46512   8.877271E-02
   5   0.5-  2.1494  --->  0   4.5+  0.0000    2.14943   2.247049E-07
   5   0.5-  2.1494  --->  3   2.5+  1.5671    0.58234   9.780170E-05
   5   0.5-  2.1494  --->  4   0.5+  2.0322    0.11722   2.507639E-02
   6   1.5-  2.3159  --->  0   4.5+  0.0000    2.31593   2.974348E-03
   6   1.5-  2.3159  --->  3   2.5+  1.5671    0.74884   8.075464E-03
   6   1.5-  2.3159  --->  4   0.5+  2.0322    0.28372   1.416768E-02
   7   3.5-  2.4240  --->  0   4.5+  0.0000    2.42400   1.485071E-02
   7   3.5-  2.4240  --->  1   5.5+  0.7789    1.64511   7.743462E-08
   7   3.5-  2.4240  --->  3   2.5+  1.5671    0.85691   6.361409E-04
   8   2.5-  2.4610  --->  0   4.5+  0.0000    2.46100   8.047123E-03
   8   2.5-  2.4610  --->  3   2.5+  1.5671    0.89391   2.011393E-03
   9   3.5+  2.4910  --->  0   4.5+  0.0000    2.49100   9.325321E-03
   9   3.5+  2.4910  --->  1   5.5+  0.7789    1.71211   2.891042E-04
  10   1.5-  2.5249  --->  5   0.5-  2.1494    0.37550   7.231828E-03

  Total                                                  8.561390E-01

 Nuclide: 208Pb

     Initial level          Final level     Gamma Energy  Cross section 

  no.  J/Pi    Ex         no.  J/Pi    Ex

   1   3.0-  2.6145  --->  0   0.0+  0.0000    2.61452   2.409274E+02
   2   5.0-  3.1977  --->  1   3.0-  2.6145    0.58319   1.453344E+02
   3   4.0-  3.4751  --->  1   3.0-  2.6145    0.86056   9.003338E+00
   3   4.0-  3.4751  --->  2   5.0-  3.1977    0.27737   4.573528E+00
   4   5.0-  3.7085  --->  1   3.0-  2.6145    1.09393   6.027929E-01
   4   5.0-  3.7085  --->  2   5.0-  3.1977    0.51074   3.444372E+01
   4   5.0-  3.7085  --->  3   4.0-  3.4751    0.23337   4.684368E-01
   5   6.0-  3.9200  --->  2   5.0-  3.1977    0.72225   1.206048E+01
   5   6.0-  3.9200  --->  4   5.0-  3.7085    0.21151   9.890840E+00
   6   4.0-  3.9466  --->  2   5.0-  3.1977    0.74887   2.665017E+00
   6   4.0-  3.9466  --->  3   4.0-  3.4751    0.47150   7.007111E-01
   6   4.0-  3.9466  --->  4   5.0-  3.7085    0.23813   6.743158E-01
   7   5.0-  3.9612  --->  2   5.0-  3.1977    0.76345   4.522361E+00
   7   5.0-  3.9612  --->  3   4.0-  3.4751    0.48608   1.130934E-01
   7   5.0-  3.9612  --->  4   5.0-  3.7085    0.25271   1.731986E+00
   8   4.0-  3.9954  --->  1   3.0-  2.6145    1.38092   3.200783E+00
   8   4.0-  3.9954  --->  2   5.0-  3.1977    0.79773   9.505020E-01
   9   7.0-  4.0374  --->  2   5.0-  3.1977    0.83973   2.636020E+01
   9   7.0-  4.0374  --->  5   6.0-  3.9200    0.11748   2.899824E+00
  10   3.0-  4.0511  --->  1   3.0-  2.6145    1.43661   3.613099E+00
  10   3.0-  4.0511  --->  3   4.0-  3.4751    0.57606   6.213968E-01
  11   2.0+  4.0855  --->  0   0.0+  0.0000    4.08552   2.985264E+00
  11   2.0+  4.0855  --->  1   3.0-  2.6145    1.47100   1.373240E-02
  12   5.0-  4.1253  --->  2   5.0-  3.1977    0.92764   8.209429E+00
  12   5.0-  4.1253  --->  3   4.0-  3.4751    0.65027   2.076665E+00
  12   5.0-  4.1253  --->  4   5.0-  3.7085    0.41690   4.104756E-01
  12   5.0-  4.1253  --->  6   4.0-  3.9466    0.17877   7.553224E-02
  12   5.0-  4.1253  --->  7   5.0-  3.9612    0.16419   4.022684E-01
  13   1.0+  4.1440  --->  0   0.0+  0.0000    4.14400   1.769297E+00
  13   1.0+  4.1440  --->  1   3.0-  2.6145    1.52948   2.653988E-05
  13   1.0+  4.1440  ---> 11   2.0+  4.0855    0.05848   1.769325E-06
  14   5.0-  4.1804  --->  2   5.0-  3.1977    0.98270   4.238076E+00
  14   5.0-  4.1804  --->  3   4.0-  3.4751    0.70534   4.534507E-01
  15   6.0-  4.2063  --->  2   5.0-  3.1977    1.00857   5.629640E+00
  15   6.0-  4.2063  --->  4   5.0-  3.7085    0.49783   1.159916E+00

  Total                                                  5.327820E+02

 Nuclide: 207Pb

     Initial level          Final level     Gamma Energy  Cross section 

  no.  J/Pi    Ex         no.  J/Pi    Ex

   1   2.5-  0.5697  --->  0   0.5-  0.0000    0.56970   5.965962E+02
   2   1.5-  0.8977  --->  0   0.5-  0.0000    0.89770   1.214097E+02
   2   1.5-  0.8977  --->  1   2.5-  0.5697    0.32800   6.555777E-01
   4   3.5-  2.3399  --->  1   2.5-  0.5697    1.77022   1.474052E+02
   4   3.5-  2.3399  --->  2   1.5-  0.8977    1.44222   2.814982E+00
   5   2.5+  2.6239  --->  1   2.5-  0.5697    2.05417   7.395506E+00
   5   2.5+  2.6239  --->  2   1.5-  0.8977    1.72617   3.362208E+01
   6   3.5+  2.6625  --->  0   0.5-  0.0000    2.66248   3.895426E+00
   6   3.5+  2.6625  --->  1   2.5-  0.5697    2.09278   7.350442E+01
   6   3.5+  2.6625  --->  4   3.5-  2.3399    0.32256   1.470009E+00
   7   3.5+  2.7020  --->  0   0.5-  0.0000    2.70200   2.215168E-04
   7   3.5+  2.7020  --->  1   2.5-  0.5697    2.13230   7.383614E+01
   7   3.5+  2.7020  --->  2   1.5-  0.8977    1.80430   2.510524E-03
   7   3.5+  2.7020  --->  5   2.5+  2.6239    0.07813   7.383894E-05
   8   4.5+  2.7279  --->  1   2.5-  0.5697    2.15819   1.991296E+00
   8   4.5+  2.7279  --->  3   6.5+  1.6334    1.09454   8.295504E+01
   8   4.5+  2.7279  --->  4   3.5-  2.3399    0.38797   1.617507E+01
   9   5.5-  2.9020  --->  3   6.5+  1.6334    1.26864   1.076729E+02
   9   5.5-  2.9020  --->  4   3.5-  2.3399    0.56208   1.341696E-02
   9   5.5-  2.9020  --->  8   4.5+  2.7279    0.17411   5.149299E-01
  10   1.5-  2.9090  --->  0   0.5-  0.0000    2.90900   1.429694E+01
  10   1.5-  2.9090  --->  1   2.5-  0.5697    2.33930   7.842064E+00
  10   1.5-  2.9090  --->  4   3.5-  2.3399    0.56908   7.513543E-03
  10   1.5-  2.9090  --->  5   2.5+  2.6239    0.28513   9.011641E-01

  Total                                                  1.294978E+03

 Nuclide: 206Pb

     Initial level          Final level     Gamma Energy  Cross section 

  no.  J/Pi    Ex         no.  J/Pi    Ex

   1   2.0+  0.8031  --->  0   0.0+  0.0000    0.80305   1.125999E+02
   2   0.0+  1.1664  --->  1   2.0+  0.8031    0.36335   1.406297E+00
   3   3.0+  1.3405  --->  1   2.0+  0.8031    0.53744   2.931436E+01
   4   2.0+  1.4668  --->  0   0.0+  0.0000    1.46681   6.339354E-01
   4   2.0+  1.4668  --->  1   2.0+  0.8031    0.66376   2.085551E+00
   4   2.0+  1.4668  --->  3   3.0+  1.3405    0.12632   7.922985E-02
   5   4.0+  1.6840  --->  1   2.0+  0.8031    0.88094   7.434376E+00
   5   4.0+  1.6840  --->  3   3.0+  1.3405    0.34350   2.631444E+00
   6   1.0+  1.7045  --->  0   0.0+  0.0000    1.70445   5.664061E-01
   7   2.0+  1.7841  --->  0   0.0+  0.0000    1.78409   2.628539E-02
   7   2.0+  1.7841  --->  1   2.0+  0.8031    0.98104   5.054809E-01
   7   2.0+  1.7841  --->  2   0.0+  1.1664    0.61769   5.560759E-02
   7   2.0+  1.7841  --->  4   2.0+  1.4668    0.31728   1.162463E-01
   8   4.0+  1.9977  --->  1   2.0+  0.8031    1.19462   1.256306E-01
   8   4.0+  1.9977  --->  3   3.0+  1.3405    0.65718   8.660066E-01
   8   4.0+  1.9977  --->  5   4.0+  1.6840    0.31368   1.818280E-01
   9   2.0+  2.1490  --->  1   2.0+  0.8031    1.34592   8.925157E-02
   9   2.0+  2.1490  --->  3   3.0+  1.3405    0.80848   1.785181E-02
   9   2.0+  2.1490  --->  4   2.0+  1.4668    0.68216   1.785263E-02

  Total                                                  1.587535E+02

 ########## RESULTS FOR E=  18.00000 ##########

 Energy dependent input flags

 Width fluctuations (flagwidth)            : n
 Unresolved resonance parameters (flagurr) : n
 Preequilibrium (flagpreeq)                : y
 Multiple preequilibrium (flagmulpre)      : n
 Number of continuum excitation energy bins: 40

 ########### REACTION SUMMARY FOR E=  18.00000 ###########

 Center-of-mass energy:   17.912

 1. Total (binary) cross sections

 Total           = 5.67439E+03
   Shape elastic   = 3.15057E+03
   Reaction        = 2.52382E+03
     Compound elastic= 3.43240E-05
     Non-elastic     = 2.52382E+03
       Direct          = 7.02324E+01
       Pre-equilibrium = 7.26381E+02
       Giant resonance = 3.17538E+01
       Compound non-el = 1.69545E+03
     Total elastic   = 3.15057E+03

 2. Binary non-elastic cross sections (non-exclusive)

 gamma   = 3.75651E+00
 neutron = 2.51544E+03
 proton  = 3.16612E+00
 deuteron= 8.54561E-01
 triton  = 1.54822E-01
 helium-3= 6.88803E-12
 alpha   = 4.48835E-01

 3. Total particle production cross sections

 gamma   = 3.53123E+03    Multiplicity= 1.39916E+00
 neutron = 5.31628E+03    Multiplicity= 2.10644E+00
 proton  = 3.17792E+00    Multiplicity= 1.25917E-03
 deuteron= 8.54561E-01    Multiplicity= 3.38598E-04
 triton  = 1.54822E-01    Multiplicity= 6.13443E-05
 helium-3= 6.88803E-12    Multiplicity= 2.72921E-15
 alpha   = 4.50691E-01    Multiplicity= 1.78575E-04

 4. Residual production cross sections

   a. Per isotope

   Z   A  nuclide    total     level   isomeric    isomeric    lifetime
                 cross section       cross section  ratio

   82 209 (209Pb) 7.04232E-01    0    7.04232E-01  1.00000
   82 208 (208Pb) 2.39195E+02    0    2.39195E+02  1.00000
   82 207 (207Pb) 1.76261E+03    0    6.72887E+02  0.38176
                                 3    1.08972E+03  0.61824   8.06000E-01 sec. 
   82 206 (206Pb) 5.17581E+02    0    4.44926E+02  0.85963
                                11    7.26543E+01  0.14037   1.25000E-04 sec. 

   b. Per mass

   A  cross section

  209 7.04232E-01
  208 2.39195E+02
  207 1.76261E+03
  206 5.17581E+02

 Total residual production cross section:  2520.0852051
 Non-elastic cross section              :  2523.8200684

 6. Exclusive cross sections

 6a. Total exclusive cross sections 

     Emitted particles     cross section reaction         level    isomeric    isomeric    lifetime relative yield
    n   p   d   t   h   a                                        cross section   ratio
    0   0   0   0   0   0    7.04232E-01  (n,g)                                                     2.79789E-04
    1   0   0   0   0   0    2.37269E+02  (n,n')                                                    9.42665E-02
    2   0   0   0   0   0    1.76146E+03  (n,2n)                                                    6.99824E-01
                                                             0     6.72335E+02  0.38169
                                                             3     1.08913E+03  0.61831   8.06000E-01 sec. 
    3   0   0   0   0   0    5.17572E+02  (n,3n)                                                    2.05630E-01
                                                             0     4.44918E+02  0.85963
                                                            11     7.26541E+01  0.14037   1.25000E-04 sec. 

 Absorption cross section                 :     0.70423

 Sum over exclusive channel cross sections:  2517.00684
 (n,gn) + (n,gp) +...(n,ga) cross sections:     3.07859
 Total                                    :  2520.08545
 Non-elastic cross section                :  2523.82007

 10. Gamma-ray intensities

 Nuclide: 209Pb

     Initial level          Final level     Gamma Energy  Cross section 

  no.  J/Pi    Ex         no.  J/Pi    Ex

   1   5.5+  0.7789  --->  0   4.5+  0.0000    0.77889   1.831875E-01
   2   7.5-  1.4226  --->  0   4.5+  0.0000    1.42264   2.181038E-01
   2   7.5-  1.4226  --->  1   5.5+  0.7789    0.64375   2.398950E-02
   3   2.5+  1.5671  --->  0   4.5+  0.0000    1.56709   1.373482E-01
   4   0.5+  2.0322  --->  3   2.5+  1.5671    0.46512   7.147496E-02
   5   0.5-  2.1494  --->  0   4.5+  0.0000    2.14943   1.790008E-07
   5   0.5-  2.1494  --->  3   2.5+  1.5671    0.58234   7.790923E-05
   5   0.5-  2.1494  --->  4   0.5+  2.0322    0.11722   1.997595E-02
   6   1.5-  2.3159  --->  0   4.5+  0.0000    2.31593   2.378910E-03
   6   1.5-  2.3159  --->  3   2.5+  1.5671    0.74884   6.458827E-03
   6   1.5-  2.3159  --->  4   0.5+  2.0322    0.28372   1.133144E-02
   7   3.5-  2.4240  --->  0   4.5+  0.0000    2.42400   1.220897E-02
   7   3.5-  2.4240  --->  1   5.5+  0.7789    1.64511   6.366005E-08
   7   3.5-  2.4240  --->  3   2.5+  1.5671    0.85691   5.229801E-04
   8   2.5-  2.4610  --->  0   4.5+  0.0000    2.46100   6.444600E-03
   8   2.5-  2.4610  --->  3   2.5+  1.5671    0.89391   1.610840E-03
   9   3.5+  2.4910  --->  0   4.5+  0.0000    2.49100   7.665178E-03
   9   3.5+  2.4910  --->  1   5.5+  0.7789    1.71211   2.376363E-04
  10   1.5-  2.5249  --->  5   0.5-  2.1494    0.37550   5.652041E-03

  Total                                                  7.086694E-01

 Nuclide: 208Pb

     Initial level          Final level     Gamma Energy  Cross section 

  no.  J/Pi    Ex         no.  J/Pi    Ex

   1   3.0-  2.6145  --->  0   0.0+  0.0000    2.61452   2.273781E+02
   2   5.0-  3.1977  --->  1   3.0-  2.6145    0.58319   1.371353E+02
   3   4.0-  3.4751  --->  1   3.0-  2.6145    0.86056   8.378456E+00
   3   4.0-  3.4751  --->  2   5.0-  3.1977    0.27737   4.256100E+00
   4   5.0-  3.7085  --->  1   3.0-  2.6145    1.09393   5.682603E-01
   4   5.0-  3.7085  --->  2   5.0-  3.1977    0.51074   3.247052E+01
   4   5.0-  3.7085  --->  3   4.0-  3.4751    0.23337   4.416011E-01
   5   6.0-  3.9200  --->  2   5.0-  3.1977    0.72225   1.140729E+01
   5   6.0-  3.9200  --->  4   5.0-  3.7085    0.21151   9.355149E+00
   6   4.0-  3.9466  --->  2   5.0-  3.1977    0.74887   2.491438E+00
   6   4.0-  3.9466  --->  3   4.0-  3.4751    0.47150   6.550721E-01
   6   4.0-  3.9466  --->  4   5.0-  3.7085    0.23813   6.303959E-01
   7   5.0-  3.9612  --->  2   5.0-  3.1977    0.76345   4.258631E+00
   7   5.0-  3.9612  --->  3   4.0-  3.4751    0.48608   1.064982E-01
   7   5.0-  3.9612  --->  4   5.0-  3.7085    0.25271   1.630982E+00
   8   4.0-  3.9954  --->  1   3.0-  2.6145    1.38092   2.995771E+00
   8   4.0-  3.9954  --->  2   5.0-  3.1977    0.79773   8.896218E-01
   9   7.0-  4.0374  --->  2   5.0-  3.1977    0.83973   2.519771E+01
   9   7.0-  4.0374  --->  5   6.0-  3.9200    0.11748   2.771941E+00
  10   3.0-  4.0511  --->  1   3.0-  2.6145    1.43661   3.427143E+00
  10   3.0-  4.0511  --->  3   4.0-  3.4751    0.57606   5.894152E-01
  11   2.0+  4.0855  --->  0   0.0+  0.0000    4.08552   2.800560E+00
  11   2.0+  4.0855  --->  1   3.0-  2.6145    1.47100   1.288276E-02
  12   5.0-  4.1253  --->  2   5.0-  3.1977    0.92764   7.850398E+00
  12   5.0-  4.1253  --->  3   4.0-  3.4751    0.65027   1.985844E+00
  12   5.0-  4.1253  --->  4   5.0-  3.7085    0.41690   3.925238E-01
  12   5.0-  4.1253  --->  6   4.0-  3.9466    0.17877   7.222891E-02
  12   5.0-  4.1253  --->  7   5.0-  3.9612    0.16419   3.846757E-01
  13   1.0+  4.1440  --->  0   0.0+  0.0000    4.14400   1.705748E+00
  13   1.0+  4.1440  --->  1   3.0-  2.6145    1.52948   2.558662E-05
  13   1.0+  4.1440  ---> 11   2.0+  4.0855    0.05848   1.705775E-06
  14   5.0-  4.1804  --->  2   5.0-  3.1977    0.98270   4.013726E+00
  14   5.0-  4.1804  --->  3   4.0-  3.4751    0.70534   4.294466E-01
  15   6.0-  4.2063  --->  2   5.0-  3.1977    1.00857   5.299457E+00
  15   6.0-  4.2063  --->  4   5.0-  3.7085    0.49783   1.091886E+00

  Total                                                  5.030749E+02

 Nuclide: 207Pb

     Initial level          Final level     Gamma Energy  Cross section 

  no.  J/Pi    Ex         no.  J/Pi    Ex

   1   2.5-  0.5697  --->  0   0.5-  0.0000    0.56970   4.738631E+02
   2   1.5-  0.8977  --->  0   0.5-  0.0000    0.89770   9.846012E+01
   2   1.5-  0.8977  --->  1   2.5-  0.5697    0.32800   5.316565E-01
   4   3.5-  2.3399  --->  1   2.5-  0.5697    1.77022   1.181574E+02
   4   3.5-  2.3399  --->  2   1.5-  0.8977    1.44222   2.256440E+00
   5   2.5+  2.6239  --->  1   2.5-  0.5697    2.05417   6.407384E+00
   5   2.5+  2.6239  --->  2   1.5-  0.8977    1.72617   2.912979E+01
   6   3.5+  2.6625  --->  0   0.5-  0.0000    2.66248   3.200267E+00
   6   3.5+  2.6625  --->  1   2.5-  0.5697    2.09278   6.038719E+01
   6   3.5+  2.6625  --->  4   3.5-  2.3399    0.32256   1.207679E+00
   7   3.5+  2.7020  --->  0   0.5-  0.0000    2.70200   1.829292E-04
   7   3.5+  2.7020  --->  1   2.5-  0.5697    2.13230   6.097407E+01
   7   3.5+  2.7020  --->  2   1.5-  0.8977    1.80430   2.073197E-03
   7   3.5+  2.7020  --->  5   2.5+  2.6239    0.07813   6.097638E-05
   8   4.5+  2.7279  --->  1   2.5-  0.5697    2.15819   1.649952E+00
   8   4.5+  2.7279  --->  3   6.5+  1.6334    1.09454   6.873506E+01
   8   4.5+  2.7279  --->  4   3.5-  2.3399    0.38797   1.340238E+01
   9   5.5-  2.9020  --->  3   6.5+  1.6334    1.26864   9.252888E+01
   9   5.5-  2.9020  --->  4   3.5-  2.3399    0.56208   1.152988E-02
   9   5.5-  2.9020  --->  8   4.5+  2.7279    0.17411   4.425057E-01
  10   1.5-  2.9090  --->  0   0.5-  0.0000    2.90900   1.381509E+01
  10   1.5-  2.9090  --->  1   2.5-  0.5697    2.33930   7.577765E+00
  10   1.5-  2.9090  --->  4   3.5-  2.3399    0.56908   7.260315E-03
  10   1.5-  2.9090  --->  5   2.5+  2.6239    0.28513   8.707923E-01

  Total                                                  1.053619E+03

 Nuclide: 206Pb

     Initial level          Final level     Gamma Energy  Cross section 

  no.  J/Pi    Ex         no.  J/Pi    Ex

   1   2.0+  0.8031  --->  0   0.0+  0.0000    0.80305   3.044320E+02
   2   0.0+  1.1664  --->  1   2.0+  0.8031    0.36335   5.284863E+00
   3   3.0+  1.3405  --->  1   2.0+  0.8031    0.53744   1.006640E+02
   4   2.0+  1.4668  --->  0   0.0+  0.0000    1.46681   2.972516E+00
   4   2.0+  1.4668  --->  1   2.0+  0.8031    0.66376   9.779126E+00
   4   2.0+  1.4668  --->  3   3.0+  1.3405    0.12632   3.715079E-01
   5   4.0+  1.6840  --->  1   2.0+  0.8031    0.88094   3.893351E+01
   5   4.0+  1.6840  --->  3   3.0+  1.3405    0.34350   1.378076E+01
   6   1.0+  1.7045  --->  0   0.0+  0.0000    1.70445   4.039771E+00
   7   2.0+  1.7841  --->  0   0.0+  0.0000    1.78409   2.047282E-01
   7   2.0+  1.7841  --->  1   2.0+  0.8031    0.98104   3.937023E+00
   7   2.0+  1.7841  --->  2   0.0+  1.1664    0.61769   4.331090E-01
   7   2.0+  1.7841  --->  4   2.0+  1.4668    0.31728   9.054038E-01
   8   4.0+  1.9977  --->  1   2.0+  0.8031    1.19462   1.313144E+00
   8   4.0+  1.9977  --->  3   3.0+  1.3405    0.65718   9.051866E+00
   8   4.0+  1.9977  --->  5   4.0+  1.6840    0.31368   1.900543E+00
   9   2.0+  2.1490  --->  1   2.0+  0.8031    1.34592   1.627764E+00
   9   2.0+  2.1490  --->  3   3.0+  1.3405    0.80848   3.255800E-01
   9   2.0+  2.1490  --->  4   2.0+  1.4668    0.68216   3.255949E-01

  Total                                                  5.002829E+02

 ########## RESULTS FOR E=  19.00000 ##########

 Energy dependent input flags

 Width fluctuations (flagwidth)            : n
 Unresolved resonance parameters (flagurr) : n
 Preequilibrium (flagpreeq)                : y
 Multiple preequilibrium (flagmulpre)      : n
 Number of continuum excitation energy bins: 40

 ########### REACTION SUMMARY FOR E=  19.00000 ###########

 Center-of-mass energy:   18.907

 1. Total (binary) cross sections

 Total           = 5.72858E+03
   Shape elastic   = 3.21597E+03
   Reaction        = 2.51261E+03
     Compound elastic= 1.14033E-05
     Non-elastic     = 2.51261E+03
       Direct          = 6.90033E+01
       Pre-equilibrium = 7.63751E+02
       Giant resonance = 3.16246E+01
       Compound non-el = 1.64823E+03
     Total elastic   = 3.21597E+03

 2. Binary non-elastic cross sections (non-exclusive)

 gamma   = 3.73039E+00
 neutron = 2.50119E+03
 proton  = 4.99583E+00
 deuteron= 1.59810E+00
 triton  = 3.70559E-01
 helium-3= 9.42474E-11
 alpha   = 7.26600E-01

 3. Total particle production cross sections

 gamma   = 3.29016E+03    Multiplicity= 1.30946E+00
 neutron = 5.65950E+03    Multiplicity= 2.25244E+00
 proton  = 5.01143E+00    Multiplicity= 1.99451E-03
 deuteron= 1.59810E+00    Multiplicity= 6.36030E-04
 triton  = 3.70559E-01    Multiplicity= 1.47480E-04
 helium-3= 9.42474E-11    Multiplicity= 3.75098E-14
 alpha   = 7.30144E-01    Multiplicity= 2.90592E-04

 4. Residual production cross sections

   a. Per isotope

   Z   A  nuclide    total     level   isomeric    isomeric    lifetime
                 cross section       cross section  ratio

   82 209 (209Pb) 5.98280E-01    0    5.98280E-01  1.00000
   82 208 (208Pb) 2.25834E+02    0    2.25834E+02  1.00000
   82 207 (207Pb) 1.40403E+03    0    5.22364E+02  0.37205
                                 3    8.81667E+02  0.62795   8.06000E-01 sec. 
   82 206 (206Pb) 8.75558E+02    0    6.63629E+02  0.75795
                                11    2.11929E+02  0.24205   1.25000E-04 sec. 

   b. Per mass

   A  cross section

  209 5.98280E-01
  208 2.25834E+02
  207 1.40403E+03
  206 8.75558E+02

 Total residual production cross section:  2506.0209961
 Non-elastic cross section              :  2512.6101074

 6. Exclusive cross sections

 6a. Total exclusive cross sections 

     Emitted particles     cross section reaction         level    isomeric    isomeric    lifetime relative yield
    n   p   d   t   h   a                                        cross section   ratio
    0   0   0   0   0   0    5.98280E-01  (n,g)                                                     2.39039E-04
    1   0   0   0   0   0    2.23904E+02  (n,n')                                                    8.94593E-02
    2   0   0   0   0   0    1.40282E+03  (n,2n)                                                    5.60489E-01
                                                             0     5.21808E+02  0.37197
                                                             3     8.81014E+02  0.62803   8.06000E-01 sec. 
    3   0   0   0   0   0    8.75531E+02  (n,3n)                                                    3.49813E-01
                                                             0     6.63603E+02  0.75794
                                                            11     2.11927E+02  0.24206   1.25000E-04 sec. 

 Absorption cross section                 :     0.59828

 Sum over exclusive channel cross sections:  2502.85449
 (n,gn) + (n,gp) +...(n,ga) cross sections:     3.16670
 Total                                    :  2506.02124
 Non-elastic cross section                :  2512.61011

 10. Gamma-ray intensities

 Nuclide: 209Pb

     Initial level          Final level     Gamma Energy  Cross section 

  no.  J/Pi    Ex         no.  J/Pi    Ex

   1   5.5+  0.7789  --->  0   4.5+  0.0000    0.77889   1.529622E-01
   2   7.5-  1.4226  --->  0   4.5+  0.0000    1.42264   1.847911E-01
   2   7.5-  1.4226  --->  1   5.5+  0.7789    0.64375   2.032541E-02
   3   2.5+  1.5671  --->  0   4.5+  0.0000    1.56709   1.206385E-01
   4   0.5+  2.0322  --->  3   2.5+  1.5671    0.46512   6.442529E-02
   5   0.5-  2.1494  --->  0   4.5+  0.0000    2.14943   1.648040E-07
   5   0.5-  2.1494  --->  3   2.5+  1.5671    0.58234   7.173012E-05
   5   0.5-  2.1494  --->  4   0.5+  2.0322    0.11722   1.839163E-02
   6   1.5-  2.3159  --->  0   4.5+  0.0000    2.31593   2.113450E-03
   6   1.5-  2.3159  --->  3   2.5+  1.5671    0.74884   5.738094E-03
   6   1.5-  2.3159  --->  4   0.5+  2.0322    0.28372   1.006697E-02
   7   3.5-  2.4240  --->  0   4.5+  0.0000    2.42400   1.083363E-02
   7   3.5-  2.4240  --->  1   5.5+  0.7789    1.64511   5.648875E-08
   7   3.5-  2.4240  --->  3   2.5+  1.5671    0.85691   4.640664E-04
   8   2.5-  2.4610  --->  0   4.5+  0.0000    2.46100   5.856821E-03
   8   2.5-  2.4610  --->  3   2.5+  1.5671    0.89391   1.463923E-03
   9   3.5+  2.4910  --->  0   4.5+  0.0000    2.49100   7.017596E-03
   9   3.5+  2.4910  --->  1   5.5+  0.7789    1.71211   2.175599E-04
  10   1.5-  2.5249  --->  5   0.5-  2.1494    0.37550   5.314770E-03

  Total                                                  6.106930E-01

 Nuclide: 208Pb

     Initial level          Final level     Gamma Energy  Cross section 

  no.  J/Pi    Ex         no.  J/Pi    Ex

   1   3.0-  2.6145  --->  0   0.0+  0.0000    2.61452   2.150518E+02
   2   5.0-  3.1977  --->  1   3.0-  2.6145    0.58319   1.298047E+02
   3   4.0-  3.4751  --->  1   3.0-  2.6145    0.86056   7.817444E+00
   3   4.0-  3.4751  --->  2   5.0-  3.1977    0.27737   3.971116E+00
   4   5.0-  3.7085  --->  1   3.0-  2.6145    1.09393   5.377373E-01
   4   5.0-  3.7085  --->  2   5.0-  3.1977    0.51074   3.072643E+01
   4   5.0-  3.7085  --->  3   4.0-  3.4751    0.23337   4.178814E-01
   5   6.0-  3.9200  --->  2   5.0-  3.1977    0.72225   1.082334E+01
   5   6.0-  3.9200  --->  4   5.0-  3.7085    0.21151   8.876257E+00
   6   4.0-  3.9466  --->  2   5.0-  3.1977    0.74887   2.336123E+00
   6   4.0-  3.9466  --->  3   4.0-  3.4751    0.47150   6.142353E-01
   6   4.0-  3.9466  --->  4   5.0-  3.7085    0.23813   5.910975E-01
   7   5.0-  3.9612  --->  2   5.0-  3.1977    0.76345   4.030063E+00
   7   5.0-  3.9612  --->  3   4.0-  3.4751    0.48608   1.007822E-01
   7   5.0-  3.9612  --->  4   5.0-  3.7085    0.25271   1.543445E+00
   8   4.0-  3.9954  --->  1   3.0-  2.6145    1.38092   2.811723E+00
   8   4.0-  3.9954  --->  2   5.0-  3.1977    0.79773   8.349670E-01
   9   7.0-  4.0374  --->  2   5.0-  3.1977    0.83973   2.410391E+01
   9   7.0-  4.0374  --->  5   6.0-  3.9200    0.11748   2.651614E+00
  10   3.0-  4.0511  --->  1   3.0-  2.6145    1.43661   3.242239E+00
  10   3.0-  4.0511  --->  3   4.0-  3.4751    0.57606   5.576146E-01
  11   2.0+  4.0855  --->  0   0.0+  0.0000    4.08552   2.621811E+00
  11   2.0+  4.0855  --->  1   3.0-  2.6145    1.47100   1.206050E-02
  12   5.0-  4.1253  --->  2   5.0-  3.1977    0.92764   7.538159E+00
  12   5.0-  4.1253  --->  3   4.0-  3.4751    0.65027   1.906860E+00
  12   5.0-  4.1253  --->  4   5.0-  3.7085    0.41690   3.769117E-01
  12   5.0-  4.1253  --->  6   4.0-  3.9466    0.17877   6.935611E-02
  12   5.0-  4.1253  --->  7   5.0-  3.9612    0.16419   3.693757E-01
  13   1.0+  4.1440  --->  0   0.0+  0.0000    4.14400   1.625353E+00
  13   1.0+  4.1440  --->  1   3.0-  2.6145    1.52948   2.438069E-05
  13   1.0+  4.1440  ---> 11   2.0+  4.0855    0.05848   1.625379E-06
  14   5.0-  4.1804  --->  2   5.0-  3.1977    0.98270   3.819935E+00
  14   5.0-  4.1804  --->  3   4.0-  3.4751    0.70534   4.087120E-01
  15   6.0-  4.2063  --->  2   5.0-  3.1977    1.00857   5.021285E+00
  15   6.0-  4.2063  --->  4   5.0-  3.7085    0.49783   1.034572E+00

  Total                                                  4.762490E+02

 Nuclide: 207Pb

     Initial level          Final level     Gamma Energy  Cross section 

  no.  J/Pi    Ex         no.  J/Pi    Ex

   1   2.5-  0.5697  --->  0   0.5-  0.0000    0.56970   3.616291E+02
   2   1.5-  0.8977  --->  0   0.5-  0.0000    0.89770   7.843530E+01
   2   1.5-  0.8977  --->  1   2.5-  0.5697    0.32800   4.235281E-01
   4   3.5-  2.3399  --->  1   2.5-  0.5697    1.77022   8.934382E+01
   4   3.5-  2.3399  --->  2   1.5-  0.8977    1.44222   1.706190E+00
   5   2.5+  2.6239  --->  1   2.5-  0.5697    2.05417   5.337901E+00
   5   2.5+  2.6239  --->  2   1.5-  0.8977    1.72617   2.426762E+01
   6   3.5+  2.6625  --->  0   0.5-  0.0000    2.66248   2.488817E+00
   6   3.5+  2.6625  --->  1   2.5-  0.5697    2.09278   4.696254E+01
   6   3.5+  2.6625  --->  4   3.5-  2.3399    0.32256   9.392001E-01
   7   3.5+  2.7020  --->  0   0.5-  0.0000    2.70200   1.430373E-04
   7   3.5+  2.7020  --->  1   2.5-  0.5697    2.13230   4.767728E+01
   7   3.5+  2.7020  --->  2   1.5-  0.8977    1.80430   1.621089E-03
   7   3.5+  2.7020  --->  5   2.5+  2.6239    0.07813   4.767909E-05
   8   4.5+  2.7279  --->  1   2.5-  0.5697    2.15819   1.276492E+00
   8   4.5+  2.7279  --->  3   6.5+  1.6334    1.09454   5.317714E+01
   8   4.5+  2.7279  --->  4   3.5-  2.3399    0.38797   1.036880E+01
   9   5.5-  2.9020  --->  3   6.5+  1.6334    1.26864   7.298116E+01
   9   5.5-  2.9020  --->  4   3.5-  2.3399    0.56208   9.094069E-03
   9   5.5-  2.9020  --->  8   4.5+  2.7279    0.17411   3.490216E-01
  10   1.5-  2.9090  --->  0   0.5-  0.0000    2.90900   1.260149E+01
  10   1.5-  2.9090  --->  1   2.5-  0.5697    2.33930   6.912087E+00
  10   1.5-  2.9090  --->  4   3.5-  2.3399    0.56908   6.622525E-03
  10   1.5-  2.9090  --->  5   2.5+  2.6239    0.28513   7.942966E-01

  Total                                                  8.176892E+02

 Nuclide: 206Pb

     Initial level          Final level     Gamma Energy  Cross section 

  no.  J/Pi    Ex         no.  J/Pi    Ex

   1   2.0+  0.8031  --->  0   0.0+  0.0000    0.80305   5.155441E+02
   2   0.0+  1.1664  --->  1   2.0+  0.8031    0.36335   1.084916E+01
   3   3.0+  1.3405  --->  1   2.0+  0.8031    0.53744   1.877154E+02
   4   2.0+  1.4668  --->  0   0.0+  0.0000    1.46681   6.427028E+00
   4   2.0+  1.4668  --->  1   2.0+  0.8031    0.66376   2.114394E+01
   4   2.0+  1.4668  --->  3   3.0+  1.3405    0.12632   8.032561E-01
   5   4.0+  1.6840  --->  1   2.0+  0.8031    0.88094   9.007338E+01
   5   4.0+  1.6840  --->  3   3.0+  1.3405    0.34350   3.188204E+01
   6   1.0+  1.7045  --->  0   0.0+  0.0000    1.70445   1.072475E+01
   7   2.0+  1.7841  --->  0   0.0+  0.0000    1.78409   5.327188E-01
   7   2.0+  1.7841  --->  1   2.0+  0.8031    0.98104   1.024444E+01
   7   2.0+  1.7841  --->  2   0.0+  1.1664    0.61769   1.126984E+00
   7   2.0+  1.7841  --->  4   2.0+  1.4668    0.31728   2.355932E+00
   8   4.0+  1.9977  --->  1   2.0+  0.8031    1.19462   3.666933E+00
   8   4.0+  1.9977  --->  3   3.0+  1.3405    0.65718   2.527719E+01
   8   4.0+  1.9977  --->  5   4.0+  1.6840    0.31368   5.307236E+00
   9   2.0+  2.1490  --->  1   2.0+  0.8031    1.34592   5.548754E+00
   9   2.0+  2.1490  --->  3   3.0+  1.3405    0.80848   1.109844E+00
   9   2.0+  2.1490  --->  4   2.0+  1.4668    0.68216   1.109895E+00

  Total                                                  9.314430E+02

 ########## RESULTS FOR E=  20.00000 ##########

 Energy dependent input flags

 Width fluctuations (flagwidth)            : n
 Unresolved resonance parameters (flagurr) : n
 Preequilibrium (flagpreeq)                : y
 Multiple preequilibrium (flagmulpre)      : y
 Number of continuum excitation energy bins: 40

 ########### REACTION SUMMARY FOR E=  20.00000 ###########

 Center-of-mass energy:   19.902

 1. Total (binary) cross sections

 Total           = 5.76595E+03
   Shape elastic   = 3.25737E+03
   Reaction        = 2.50858E+03
     Compound elastic= 3.91382E-06
     Non-elastic     = 2.50858E+03
       Direct          = 6.78970E+01
       Pre-equilibrium = 8.01387E+02
       Giant resonance = 3.17930E+01
       Compound non-el = 1.60750E+03
     Total elastic   = 3.25737E+03

 2. Binary non-elastic cross sections (non-exclusive)

 gamma   = 3.71591E+00
 neutron = 2.49312E+03
 proton  = 7.34807E+00
 deuteron= 2.57009E+00
 triton  = 7.20829E-01
 helium-3= 1.07704E-09
 alpha   = 1.10834E+00

 3. Total particle production cross sections

 gamma   = 3.15413E+03    Multiplicity= 1.25734E+00
 neutron = 5.98650E+03    Multiplicity= 2.38641E+00
 proton  = 7.37410E+00    Multiplicity= 2.93955E-03
 deuteron= 2.57009E+00    Multiplicity= 1.02452E-03
 triton  = 7.20829E-01    Multiplicity= 2.87346E-04
 helium-3= 1.07704E-09    Multiplicity= 4.29342E-13
 alpha   = 1.11441E+00    Multiplicity= 4.44239E-04

 4. Residual production cross sections

   a. Per isotope

   Z   A  nuclide    total     level   isomeric    isomeric    lifetime
                 cross section       cross section  ratio

   82 209 (209Pb) 5.11584E-01    0    5.11584E-01  1.00000
   82 208 (208Pb) 2.15255E+02    0    2.15255E+02  1.00000
   82 207 (207Pb) 1.07452E+03    0    4.04302E+02  0.37626
                                 3    6.70215E+02  0.62374   8.06000E-01 sec. 
   82 206 (206Pb) 1.20781E+03    0    8.21537E+02  0.68019
                                11    3.86271E+02  0.31981   1.25000E-04 sec. 

   b. Per mass

   A  cross section

  209 5.11584E-01
  208 2.15255E+02
  207 1.07452E+03
  206 1.20781E+03

 Total residual production cross section:  2498.0922852
 Non-elastic cross section              :  2508.5800781

 6. Exclusive cross sections

 6a. Total exclusive cross sections 

     Emitted particles     cross section reaction         level    isomeric    isomeric    lifetime relative yield
    n   p   d   t   h   a                                        cross section   ratio
    0   0   0   0   0   0    5.11584E-01  (n,g)                                                     2.05056E-04
    1   0   0   0   0   0    2.13337E+02  (n,n')                                                    8.55112E-02
    2   0   0   0   0   0    1.07325E+03  (n,2n)                                                    4.30187E-01
                                                             0     4.03730E+02  0.37618
                                                             3     6.69520E+02  0.62382   8.06000E-01 sec. 
    3   0   0   0   0   0    1.20774E+03  (n,3n)                                                    4.84096E-01
                                                             0     8.21482E+02  0.68018
                                                            11     3.86263E+02  0.31982   1.25000E-04 sec. 

 Absorption cross section                 :     0.51158

 Sum over exclusive channel cross sections:  2494.84375
 (n,gn) + (n,gp) +...(n,ga) cross sections:     3.24833
 Total                                    :  2498.09204
 Non-elastic cross section                :  2508.58008

 10. Gamma-ray intensities

 Nuclide: 209Pb

     Initial level          Final level     Gamma Energy  Cross section 

  no.  J/Pi    Ex         no.  J/Pi    Ex

   1   5.5+  0.7789  --->  0   4.5+  0.0000    0.77889   1.293226E-01
   2   7.5-  1.4226  --->  0   4.5+  0.0000    1.42264   1.546626E-01
   2   7.5-  1.4226  --->  1   5.5+  0.7789    0.64375   1.701153E-02
   3   2.5+  1.5671  --->  0   4.5+  0.0000    1.56709   1.065108E-01
   4   0.5+  2.0322  --->  3   2.5+  1.5671    0.46512   5.720975E-02
   5   0.5-  2.1494  --->  0   4.5+  0.0000    2.14943   1.472392E-07
   5   0.5-  2.1494  --->  3   2.5+  1.5671    0.58234   6.408515E-05
   5   0.5-  2.1494  --->  4   0.5+  2.0322    0.11722   1.643145E-02
   6   1.5-  2.3159  --->  0   4.5+  0.0000    2.31593   1.865017E-03
   6   1.5-  2.3159  --->  3   2.5+  1.5671    0.74884   5.063587E-03
   6   1.5-  2.3159  --->  4   0.5+  2.0322    0.28372   8.883612E-03
   7   3.5-  2.4240  --->  0   4.5+  0.0000    2.42400   9.609009E-03
   7   3.5-  2.4240  --->  1   5.5+  0.7789    1.64511   5.010334E-08
   7   3.5-  2.4240  --->  3   2.5+  1.5671    0.85691   4.116090E-04
   8   2.5-  2.4610  --->  0   4.5+  0.0000    2.46100   5.267747E-03
   8   2.5-  2.4610  --->  3   2.5+  1.5671    0.89391   1.316683E-03
   9   3.5+  2.4910  --->  0   4.5+  0.0000    2.49100   6.307773E-03
   9   3.5+  2.4910  --->  1   5.5+  0.7789    1.71211   1.955540E-04
  10   1.5-  2.5249  --->  5   0.5-  2.1494    0.37550   4.849704E-03

  Total                                                  5.249834E-01

 Nuclide: 208Pb

     Initial level          Final level     Gamma Energy  Cross section 

  no.  J/Pi    Ex         no.  J/Pi    Ex

   1   3.0-  2.6145  --->  0   0.0+  0.0000    2.61452   2.047162E+02
   2   5.0-  3.1977  --->  1   3.0-  2.6145    0.58319   1.230603E+02
   3   4.0-  3.4751  --->  1   3.0-  2.6145    0.86056   7.366979E+00
   3   4.0-  3.4751  --->  2   5.0-  3.1977    0.27737   3.742288E+00
   4   5.0-  3.7085  --->  1   3.0-  2.6145    1.09393   5.091802E-01
   4   5.0-  3.7085  --->  2   5.0-  3.1977    0.51074   2.909467E+01
   4   5.0-  3.7085  --->  3   4.0-  3.4751    0.23337   3.956893E-01
   5   6.0-  3.9200  --->  2   5.0-  3.1977    0.72225   1.025546E+01
   5   6.0-  3.9200  --->  4   5.0-  3.7085    0.21151   8.410531E+00
   6   4.0-  3.9466  --->  2   5.0-  3.1977    0.74887   2.214988E+00
   6   4.0-  3.9466  --->  3   4.0-  3.4751    0.47150   5.823855E-01
   6   4.0-  3.9466  --->  4   5.0-  3.7085    0.23813   5.604473E-01
   7   5.0-  3.9612  --->  2   5.0-  3.1977    0.76345   3.824105E+00
   7   5.0-  3.9612  --->  3   4.0-  3.4751    0.48608   9.563171E-02
   7   5.0-  3.9612  --->  4   5.0-  3.7085    0.25271   1.464566E+00
   8   4.0-  3.9954  --->  1   3.0-  2.6145    1.38092   2.670115E+00
   8   4.0-  3.9954  --->  2   5.0-  3.1977    0.79773   7.929152E-01
   9   7.0-  4.0374  --->  2   5.0-  3.1977    0.83973   2.303666E+01
   9   7.0-  4.0374  --->  5   6.0-  3.9200    0.11748   2.534209E+00
  10   3.0-  4.0511  --->  1   3.0-  2.6145    1.43661   3.146016E+00
  10   3.0-  4.0511  --->  3   4.0-  3.4751    0.57606   5.410658E-01
  11   2.0+  4.0855  --->  0   0.0+  0.0000    4.08552   2.591743E+00
  11   2.0+  4.0855  --->  1   3.0-  2.6145    1.47100   1.192219E-02
  12   5.0-  4.1253  --->  2   5.0-  3.1977    0.92764   7.249288E+00
  12   5.0-  4.1253  --->  3   4.0-  3.4751    0.65027   1.833787E+00
  12   5.0-  4.1253  --->  4   5.0-  3.7085    0.41690   3.624680E-01
  12   5.0-  4.1253  --->  6   4.0-  3.9466    0.17877   6.669830E-02
  12   5.0-  4.1253  --->  7   5.0-  3.9612    0.16419   3.552208E-01
  13   1.0+  4.1440  --->  0   0.0+  0.0000    4.14400   1.627818E+00
  13   1.0+  4.1440  --->  1   3.0-  2.6145    1.52948   2.441765E-05
  13   1.0+  4.1440  ---> 11   2.0+  4.0855    0.05848   1.627844E-06
  14   5.0-  4.1804  --->  2   5.0-  3.1977    0.98270   3.647183E+00
  14   5.0-  4.1804  --->  3   4.0-  3.4751    0.70534   3.902285E-01
  15   6.0-  4.2063  --->  2   5.0-  3.1977    1.00857   4.755873E+00
  15   6.0-  4.2063  --->  4   5.0-  3.7085    0.49783   9.798876E-01

  Total                                                  4.528865E+02

 Nuclide: 207Pb

     Initial level          Final level     Gamma Energy  Cross section 

  no.  J/Pi    Ex         no.  J/Pi    Ex

   1   2.5-  0.5697  --->  0   0.5-  0.0000    0.56970   2.761609E+02
   2   1.5-  0.8977  --->  0   0.5-  0.0000    0.89770   6.253027E+01
   2   1.5-  0.8977  --->  1   2.5-  0.5697    0.32800   3.376456E-01
   4   3.5-  2.3399  --->  1   2.5-  0.5697    1.77022   6.667889E+01
   4   3.5-  2.3399  --->  2   1.5-  0.8977    1.44222   1.273360E+00
   5   2.5+  2.6239  --->  1   2.5-  0.5697    2.05417   4.318431E+00
   5   2.5+  2.6239  --->  2   1.5-  0.8977    1.72617   1.963282E+01
   6   3.5+  2.6625  --->  0   0.5-  0.0000    2.66248   1.896745E+00
   6   3.5+  2.6625  --->  1   2.5-  0.5697    2.09278   3.579048E+01
   6   3.5+  2.6625  --->  4   3.5-  2.3399    0.32256   7.157711E-01
   7   3.5+  2.7020  --->  0   0.5-  0.0000    2.70200   1.094380E-04
   7   3.5+  2.7020  --->  1   2.5-  0.5697    2.13230   3.647793E+01
   7   3.5+  2.7020  --->  2   1.5-  0.8977    1.80430   1.240297E-03
   7   3.5+  2.7020  --->  5   2.5+  2.6239    0.07813   3.647932E-05
   8   4.5+  2.7279  --->  1   2.5-  0.5697    2.15819   9.600263E-01
   8   4.5+  2.7279  --->  3   6.5+  1.6334    1.09454   3.999357E+01
   8   4.5+  2.7279  --->  4   3.5-  2.3399    0.38797   7.798187E+00
   9   5.5-  2.9020  --->  3   6.5+  1.6334    1.26864   5.485730E+01
   9   5.5-  2.9020  --->  4   3.5-  2.3399    0.56208   6.835684E-03
   9   5.5-  2.9020  --->  8   4.5+  2.7279    0.17411   2.623469E-01
  10   1.5-  2.9090  --->  0   0.5-  0.0000    2.90900   1.071828E+01
  10   1.5-  2.9090  --->  1   2.5-  0.5697    2.33930   5.879125E+00
  10   1.5-  2.9090  --->  4   3.5-  2.3399    0.56908   5.632835E-03
  10   1.5-  2.9090  --->  5   2.5+  2.6239    0.28513   6.755946E-01

  Total                                                  6.269716E+02

 Nuclide: 206Pb

     Initial level          Final level     Gamma Energy  Cross section 

  no.  J/Pi    Ex         no.  J/Pi    Ex

   1   2.0+  0.8031  --->  0   0.0+  0.0000    0.80305   6.827313E+02
   2   0.0+  1.1664  --->  1   2.0+  0.8031    0.36335   1.607389E+01
   3   3.0+  1.3405  --->  1   2.0+  0.8031    0.53744   2.610399E+02
   4   2.0+  1.4668  --->  0   0.0+  0.0000    1.46681   9.579451E+00
   4   2.0+  1.4668  --->  1   2.0+  0.8031    0.66376   3.151493E+01
   4   2.0+  1.4668  --->  3   3.0+  1.3405    0.12632   1.197249E+00
   5   4.0+  1.6840  --->  1   2.0+  0.8031    0.88094   1.417228E+02
   5   4.0+  1.6840  --->  3   3.0+  1.3405    0.34350   5.016368E+01
   6   1.0+  1.7045  --->  0   0.0+  0.0000    1.70445   1.824896E+01
   7   2.0+  1.7841  --->  0   0.0+  0.0000    1.78409   8.800794E-01
   7   2.0+  1.7841  --->  1   2.0+  0.8031    0.98104   1.692436E+01
   7   2.0+  1.7841  --->  2   0.0+  1.1664    0.61769   1.861836E+00
   7   2.0+  1.7841  --->  4   2.0+  1.4668    0.31728   3.892123E+00
   8   4.0+  1.9977  --->  1   2.0+  0.8031    1.19462   6.387113E+00
   8   4.0+  1.9977  --->  3   3.0+  1.3405    0.65718   4.402815E+01
   8   4.0+  1.9977  --->  5   4.0+  1.6840    0.31368   9.244215E+00
   9   2.0+  2.1490  --->  1   2.0+  0.8031    1.34592   1.053264E+01
   9   2.0+  2.1490  --->  3   3.0+  1.3405    0.80848   2.106704E+00
   9   2.0+  2.1490  --->  4   2.0+  1.4668    0.68216   2.106801E+00

  Total                                                  1.310236E+03

 ########## RESULTS FOR E=  21.00000 ##########

 Energy dependent input flags

 Width fluctuations (flagwidth)            : n
 Unresolved resonance parameters (flagurr) : n
 Preequilibrium (flagpreeq)                : y
 Multiple preequilibrium (flagmulpre)      : y
 Number of continuum excitation energy bins: 40

 ########### REACTION SUMMARY FOR E=  21.00000 ###########

 Center-of-mass energy:   20.898

 1. Total (binary) cross sections

 Total           = 5.78543E+03
   Shape elastic   = 3.27561E+03
   Reaction        = 2.50982E+03
     Compound elastic= 1.41509E-06
     Non-elastic     = 2.50982E+03
       Direct          = 6.68278E+01
       Pre-equilibrium = 8.38694E+02
       Giant resonance = 3.20444E+01
       Compound non-el = 1.57225E+03
     Total elastic   = 3.27561E+03

 2. Binary non-elastic cross sections (non-exclusive)

 gamma   = 3.68223E+00
 neutron = 2.48930E+03
 proton  = 1.03216E+01
 deuteron= 3.71119E+00
 triton  = 1.19348E+00
 helium-3= 1.12481E-08
 alpha   = 1.61414E+00

 3. Total particle production cross sections

 gamma   = 3.24303E+03    Multiplicity= 1.29214E+00
 neutron = 6.24660E+03    Multiplicity= 2.48886E+00
 proton  = 1.03708E+01    Multiplicity= 4.13211E-03
 deuteron= 3.71120E+00    Multiplicity= 1.47867E-03
 triton  = 1.19348E+00    Multiplicity= 4.75525E-04
 helium-3= 1.12481E-08    Multiplicity= 4.48162E-12
 alpha   = 1.62371E+00    Multiplicity= 6.46943E-04

 4. Residual production cross sections

   a. Per isotope

   Z   A  nuclide    total     level   isomeric    isomeric    lifetime
                 cross section       cross section  ratio

   82 209 (209Pb) 4.46097E-01    0    4.46097E-01  1.00000
   82 208 (208Pb) 2.04160E+02    0    2.04160E+02  1.00000
   82 207 (207Pb) 8.24630E+02    0    3.21148E+02  0.38944
                                 3    5.03482E+02  0.61056   8.06000E-01 sec. 
   82 206 (206Pb) 1.46469E+03    0    9.17442E+02  0.62637
                                11    5.47252E+02  0.37363   1.25000E-04 sec. 

   b. Per mass

   A  cross section

  209 4.46097E-01
  208 2.04160E+02
  207 8.24630E+02
  206 1.46469E+03

 Total residual production cross section:  2493.9296875
 Non-elastic cross section              :  2509.8200684

 6. Exclusive cross sections

 6a. Total exclusive cross sections 

     Emitted particles     cross section reaction         level    isomeric    isomeric    lifetime relative yield
    n   p   d   t   h   a                                        cross section   ratio
    0   0   0   0   0   0    4.46097E-01  (n,g)                                                     1.79108E-04
    1   0   0   0   0   0    2.02327E+02  (n,n')                                                    8.12346E-02
    2   0   0   0   0   0    8.23308E+02  (n,2n)                                                    3.30559E-01
                                                             0     3.20538E+02  0.38933
                                                             3     5.02770E+02  0.61067   8.06000E-01 sec. 
    3   0   0   0   0   0    1.46457E+03  (n,3n)                                                    5.88028E-01
                                                             0     9.17346E+02  0.62636
                                                            11     5.47228E+02  0.37364   1.25000E-04 sec. 

 Absorption cross section                 :     0.44610

 Sum over exclusive channel cross sections:  2490.65527
 (n,gn) + (n,gp) +...(n,ga) cross sections:     3.27431
 Total                                    :  2493.92969
 Non-elastic cross section                :  2509.82007

 10. Gamma-ray intensities

 Nuclide: 209Pb

     Initial level          Final level     Gamma Energy  Cross section 

  no.  J/Pi    Ex         no.  J/Pi    Ex

   1   5.5+  0.7789  --->  0   4.5+  0.0000    0.77889   1.127068E-01
   2   7.5-  1.4226  --->  0   4.5+  0.0000    1.42264   1.327682E-01
   2   7.5-  1.4226  --->  1   5.5+  0.7789    0.64375   1.460333E-02
   3   2.5+  1.5671  --->  0   4.5+  0.0000    1.56709   9.471085E-02
   4   0.5+  2.0322  --->  3   2.5+  1.5671    0.46512   5.084221E-02
   5   0.5-  2.1494  --->  0   4.5+  0.0000    2.14943   1.304235E-07
   5   0.5-  2.1494  --->  3   2.5+  1.5671    0.58234   5.676619E-05
   5   0.5-  2.1494  --->  4   0.5+  2.0322    0.11722   1.455487E-02
   6   1.5-  2.3159  --->  0   4.5+  0.0000    2.31593   1.652200E-03
   6   1.5-  2.3159  --->  3   2.5+  1.5671    0.74884   4.485781E-03
   6   1.5-  2.3159  --->  4   0.5+  2.0322    0.28372   7.869903E-03
   7   3.5-  2.4240  --->  0   4.5+  0.0000    2.42400   8.457260E-03
   7   3.5-  2.4240  --->  1   5.5+  0.7789    1.64511   4.409788E-08
   7   3.5-  2.4240  --->  3   2.5+  1.5671    0.85691   3.622730E-04
   8   2.5-  2.4610  --->  0   4.5+  0.0000    2.46100   4.640190E-03
   8   2.5-  2.4610  --->  3   2.5+  1.5671    0.89391   1.159824E-03
   9   3.5+  2.4910  --->  0   4.5+  0.0000    2.49100   5.529257E-03
   9   3.5+  2.4910  --->  1   5.5+  0.7789    1.71211   1.714184E-04
  10   1.5-  2.5249  --->  5   0.5-  2.1494    0.37550   4.277838E-03

  Total                                                  4.588491E-01

 Nuclide: 208Pb

     Initial level          Final level     Gamma Energy  Cross section 

  no.  J/Pi    Ex         no.  J/Pi    Ex

   1   3.0-  2.6145  --->  0   0.0+  0.0000    2.61452   1.945482E+02
   2   5.0-  3.1977  --->  1   3.0-  2.6145    0.58319   1.169777E+02
   3   4.0-  3.4751  --->  1   3.0-  2.6145    0.86056   6.956540E+00
   3   4.0-  3.4751  --->  2   5.0-  3.1977    0.27737   3.533792E+00
   4   5.0-  3.7085  --->  1   3.0-  2.6145    1.09393   4.835282E-01
   4   5.0-  3.7085  --->  2   5.0-  3.1977    0.51074   2.762891E+01
   4   5.0-  3.7085  --->  3   4.0-  3.4751    0.23337   3.757550E-01
   5   6.0-  3.9200  --->  2   5.0-  3.1977    0.72225   9.726138E+00
   5   6.0-  3.9200  --->  4   5.0-  3.7085    0.21151   7.976435E+00
   6   4.0-  3.9466  --->  2   5.0-  3.1977    0.74887   2.106076E+00
   6   4.0-  3.9466  --->  3   4.0-  3.4751    0.47150   5.537493E-01
   6   4.0-  3.9466  --->  4   5.0-  3.7085    0.23813   5.328899E-01
   7   5.0-  3.9612  --->  2   5.0-  3.1977    0.76345   3.649537E+00
   7   5.0-  3.9612  --->  3   4.0-  3.4751    0.48608   9.126619E-02
   7   5.0-  3.9612  --->  4   5.0-  3.7085    0.25271   1.397710E+00
   8   4.0-  3.9954  --->  1   3.0-  2.6145    1.38092   2.542264E+00
   8   4.0-  3.9954  --->  2   5.0-  3.1977    0.79773   7.549486E-01
   9   7.0-  4.0374  --->  2   5.0-  3.1977    0.83973   2.200724E+01
   9   7.0-  4.0374  --->  5   6.0-  3.9200    0.11748   2.420965E+00
  10   3.0-  4.0511  --->  1   3.0-  2.6145    1.43661   2.996327E+00
  10   3.0-  4.0511  --->  3   4.0-  3.4751    0.57606   5.153217E-01
  11   2.0+  4.0855  --->  0   0.0+  0.0000    4.08552   2.422941E+00
  11   2.0+  4.0855  --->  1   3.0-  2.6145    1.47100   1.114569E-02
  12   5.0-  4.1253  --->  2   5.0-  3.1977    0.92764   6.980301E+00
  12   5.0-  4.1253  --->  3   4.0-  3.4751    0.65027   1.765743E+00
  12   5.0-  4.1253  --->  4   5.0-  3.7085    0.41690   3.490185E-01
  12   5.0-  4.1253  --->  6   4.0-  3.9466    0.17877   6.422344E-02
  12   5.0-  4.1253  --->  7   5.0-  3.9612    0.16419   3.420402E-01
  13   1.0+  4.1440  --->  0   0.0+  0.0000    4.14400   1.548673E+00
  13   1.0+  4.1440  --->  1   3.0-  2.6145    1.52948   2.323047E-05
  13   1.0+  4.1440  ---> 11   2.0+  4.0855    0.05848   1.548698E-06
  14   5.0-  4.1804  --->  2   5.0-  3.1977    0.98270   3.501750E+00
  14   5.0-  4.1804  --->  3   4.0-  3.4751    0.70534   3.746680E-01
  15   6.0-  4.2063  --->  2   5.0-  3.1977    1.00857   4.514389E+00
  15   6.0-  4.2063  --->  4   5.0-  3.7085    0.49783   9.301330E-01

  Total                                                  4.305804E+02

 Nuclide: 207Pb

     Initial level          Final level     Gamma Energy  Cross section 

  no.  J/Pi    Ex         no.  J/Pi    Ex

   1   2.5-  0.5697  --->  0   0.5-  0.0000    0.56970   2.146311E+02
   2   1.5-  0.8977  --->  0   0.5-  0.0000    0.89770   5.041262E+01
   2   1.5-  0.8977  --->  1   2.5-  0.5697    0.32800   2.722137E-01
   4   3.5-  2.3399  --->  1   2.5-  0.5697    1.77022   5.092500E+01
   4   3.5-  2.3399  --->  2   1.5-  0.8977    1.44222   9.725094E-01
   5   2.5+  2.6239  --->  1   2.5-  0.5697    2.05417   3.468229E+00
   5   2.5+  2.6239  --->  2   1.5-  0.8977    1.72617   1.576756E+01
   6   3.5+  2.6625  --->  0   0.5-  0.0000    2.66248   1.466020E+00
   6   3.5+  2.6625  --->  1   2.5-  0.5697    2.09278   2.766294E+01
   6   3.5+  2.6625  --->  4   3.5-  2.3399    0.32256   5.532290E-01
   7   3.5+  2.7020  --->  0   0.5-  0.0000    2.70200   8.479257E-05
   7   3.5+  2.7020  --->  1   2.5-  0.5697    2.13230   2.826311E+01
   7   3.5+  2.7020  --->  2   1.5-  0.8977    1.80430   9.609824E-04
   7   3.5+  2.7020  --->  5   2.5+  2.6239    0.07813   2.826419E-05
   8   4.5+  2.7279  --->  1   2.5-  0.5697    2.15819   7.323117E-01
   8   4.5+  2.7279  --->  3   6.5+  1.6334    1.09454   3.050724E+01
   8   4.5+  2.7279  --->  4   3.5-  2.3399    0.38797   5.948486E+00
   9   5.5-  2.9020  --->  3   6.5+  1.6334    1.26864   4.135154E+01
   9   5.5-  2.9020  --->  4   3.5-  2.3399    0.56208   5.152752E-03
   9   5.5-  2.9020  --->  8   4.5+  2.7279    0.17411   1.977576E-01
  10   1.5-  2.9090  --->  0   0.5-  0.0000    2.90900   8.804769E+00
  10   1.5-  2.9090  --->  1   2.5-  0.5697    2.33930   4.829536E+00
  10   1.5-  2.9090  --->  4   3.5-  2.3399    0.56908   4.627216E-03
  10   1.5-  2.9090  --->  5   2.5+  2.6239    0.28513   5.549820E-01

  Total                                                  4.873320E+02

 Nuclide: 206Pb

     Initial level          Final level     Gamma Energy  Cross section 

  no.  J/Pi    Ex         no.  J/Pi    Ex

   1   2.0+  0.8031  --->  0   0.0+  0.0000    0.80305   7.884995E+02
   2   0.0+  1.1664  --->  1   2.0+  0.8031    0.36335   1.971674E+01
   3   3.0+  1.3405  --->  1   2.0+  0.8031    0.53744   3.081637E+02
   4   2.0+  1.4668  --->  0   0.0+  0.0000    1.46681   1.168813E+01
   4   2.0+  1.4668  --->  1   2.0+  0.8031    0.66376   3.845215E+01
   4   2.0+  1.4668  --->  3   3.0+  1.3405    0.12632   1.460793E+00
   5   4.0+  1.6840  --->  1   2.0+  0.8031    0.88094   1.815608E+02
   5   4.0+  1.6840  --->  3   3.0+  1.3405    0.34350   6.426460E+01
   6   1.0+  1.7045  --->  0   0.0+  0.0000    1.70445   2.423126E+01
   7   2.0+  1.7841  --->  0   0.0+  0.0000    1.78409   1.134694E+00
   7   2.0+  1.7841  --->  1   2.0+  0.8031    0.98104   2.182073E+01
   7   2.0+  1.7841  --->  2   0.0+  1.1664    0.61769   2.400483E+00
   7   2.0+  1.7841  --->  4   2.0+  1.4668    0.31728   5.018150E+00
   8   4.0+  1.9977  --->  1   2.0+  0.8031    1.19462   8.629006E+00
   8   4.0+  1.9977  --->  3   3.0+  1.3405    0.65718   5.948214E+01
   8   4.0+  1.9977  --->  5   4.0+  1.6840    0.31368   1.248896E+01
   9   2.0+  2.1490  --->  1   2.0+  0.8031    1.34592   1.474995E+01
   9   2.0+  2.1490  --->  3   3.0+  1.3405    0.80848   2.950238E+00
   9   2.0+  2.1490  --->  4   2.0+  1.4668    0.68216   2.950373E+00

  Total                                                  1.569662E+03

 ########## RESULTS FOR E=  22.00000 ##########

 Energy dependent input flags

 Width fluctuations (flagwidth)            : n
 Unresolved resonance parameters (flagurr) : n
 Preequilibrium (flagpreeq)                : y
 Multiple preequilibrium (flagmulpre)      : y
 Number of continuum excitation energy bins: 40

 ########### REACTION SUMMARY FOR E=  22.00000 ###########

 Center-of-mass energy:   21.893

 1. Total (binary) cross sections

 Total           = 5.78394E+03
   Shape elastic   = 3.27173E+03
   Reaction        = 2.51221E+03
     Compound elastic= 5.61989E-07
     Non-elastic     = 2.51221E+03
       Direct          = 6.55173E+01
       Pre-equilibrium = 8.76239E+02
       Giant resonance = 3.21644E+01
       Compound non-el = 1.53829E+03
     Total elastic   = 3.27173E+03

 2. Binary non-elastic cross sections (non-exclusive)

 gamma   = 3.64986E+00
 neutron = 2.48589E+03
 proton  = 1.36765E+01
 deuteron= 4.96236E+00
 triton  = 1.75691E+00
 helium-3= 1.00975E-07
 alpha   = 2.27537E+00

 3. Total particle production cross sections

 gamma   = 3.54817E+03    Multiplicity= 1.41237E+00
 neutron = 6.41506E+03    Multiplicity= 2.55355E+00
 proton  = 1.37784E+01    Multiplicity= 5.48458E-03
 deuteron= 4.96239E+00    Multiplicity= 1.97531E-03
 triton  = 1.75692E+00    Multiplicity= 6.99351E-04
 helium-3= 1.00975E-07    Multiplicity= 4.01935E-11
 alpha   = 2.28933E+00    Multiplicity= 9.11280E-04

 4. Residual production cross sections

   a. Per isotope

   Z   A  nuclide    total     level   isomeric    isomeric    lifetime
                 cross section       cross section  ratio

   82 209 (209Pb) 3.92671E-01    0    3.92671E-01  1.00000
   82 208 (208Pb) 1.95713E+02    0    1.95713E+02  1.00000
   82 207 (207Pb) 6.63019E+02    0    2.67812E+02  0.40393
                                 3    3.95208E+02  0.59607   8.06000E-01 sec. 
   82 206 (206Pb) 1.63142E+03    0    9.71584E+02  0.59554
                                11    6.59839E+02  0.40446   1.25000E-04 sec. 

   b. Per mass

   A  cross section

  209 3.92671E-01
  208 1.95713E+02
  207 6.63019E+02
  206 1.63142E+03

 Total residual production cross section:  2490.5466309
 Non-elastic cross section              :  2512.2099609

 6. Exclusive cross sections

 6a. Total exclusive cross sections 

     Emitted particles     cross section reaction         level    isomeric    isomeric    lifetime relative yield
    n   p   d   t   h   a                                        cross section   ratio
    0   0   0   0   0   0    3.92671E-01  (n,g)                                                     1.57874E-04
    1   0   0   0   0   0    1.94003E+02  (n,n')                                                    7.79992E-02
    2   0   0   0   0   0    6.61614E+02  (n,2n)                                                    2.66003E-01
                                                             0     2.67144E+02  0.40378
                                                             3     3.94470E+02  0.59622   8.06000E-01 sec. 
    3   0   0   0   0   0    1.63123E+03  (n,3n)                                                    6.55840E-01
                                                             0     9.71443E+02  0.59553
                                                            11     6.59790E+02  0.40447   1.25000E-04 sec. 

 Absorption cross section                 :     0.39267

 Sum over exclusive channel cross sections:  2487.24243
 (n,gn) + (n,gp) +...(n,ga) cross sections:     3.30404
 Total                                    :  2490.54639
 Non-elastic cross section                :  2512.20996

 10. Gamma-ray intensities

 Nuclide: 209Pb

     Initial level          Final level     Gamma Energy  Cross section 

  no.  J/Pi    Ex         no.  J/Pi    Ex

   1   5.5+  0.7789  --->  0   4.5+  0.0000    0.77889   1.000753E-01
   2   7.5-  1.4226  --->  0   4.5+  0.0000    1.42264   1.124863E-01
   2   7.5-  1.4226  --->  1   5.5+  0.7789    0.64375   1.237250E-02
   3   2.5+  1.5671  --->  0   4.5+  0.0000    1.56709   8.574972E-02
   4   0.5+  2.0322  --->  3   2.5+  1.5671    0.46512   4.584634E-02
   5   0.5-  2.1494  --->  0   4.5+  0.0000    2.14943   1.169922E-07
   5   0.5-  2.1494  --->  3   2.5+  1.5671    0.58234   5.092029E-05
   5   0.5-  2.1494  --->  4   0.5+  2.0322    0.11722   1.305598E-02
   6   1.5-  2.3159  --->  0   4.5+  0.0000    2.31593   1.486169E-03
   6   1.5-  2.3159  --->  3   2.5+  1.5671    0.74884   4.035003E-03
   6   1.5-  2.3159  --->  4   0.5+  2.0322    0.28372   7.079052E-03
   7   3.5-  2.4240  --->  0   4.5+  0.0000    2.42400   7.541962E-03
   7   3.5-  2.4240  --->  1   5.5+  0.7789    1.64511   3.932533E-08
   7   3.5-  2.4240  --->  3   2.5+  1.5671    0.85691   3.230655E-04
   8   2.5-  2.4610  --->  0   4.5+  0.0000    2.46100   4.140064E-03
   8   2.5-  2.4610  --->  3   2.5+  1.5671    0.89391   1.034817E-03
   9   3.5+  2.4910  --->  0   4.5+  0.0000    2.49100   4.898600E-03
   9   3.5+  2.4910  --->  1   5.5+  0.7789    1.71211   1.518667E-04
  10   1.5-  2.5249  --->  5   0.5-  2.1494    0.37550   3.816842E-03

  Total                                                  4.041446E-01

 Nuclide: 208Pb

     Initial level          Final level     Gamma Energy  Cross section 

  no.  J/Pi    Ex         no.  J/Pi    Ex

   1   3.0-  2.6145  --->  0   0.0+  0.0000    2.61452   1.862370E+02
   2   5.0-  3.1977  --->  1   3.0-  2.6145    0.58319   1.117456E+02
   3   4.0-  3.4751  --->  1   3.0-  2.6145    0.86056   6.598272E+00
   3   4.0-  3.4751  --->  2   5.0-  3.1977    0.27737   3.351799E+00
   4   5.0-  3.7085  --->  1   3.0-  2.6145    1.09393   4.616092E-01
   4   5.0-  3.7085  --->  2   5.0-  3.1977    0.51074   2.637645E+01
   4   5.0-  3.7085  --->  3   4.0-  3.4751    0.23337   3.587214E-01
   5   6.0-  3.9200  --->  2   5.0-  3.1977    0.72225   9.309228E+00
   5   6.0-  3.9200  --->  4   5.0-  3.7085    0.21151   7.634526E+00
   6   4.0-  3.9466  --->  2   5.0-  3.1977    0.74887   2.014653E+00
   6   4.0-  3.9466  --->  3   4.0-  3.4751    0.47150   5.297115E-01
   6   4.0-  3.9466  --->  4   5.0-  3.7085    0.23813   5.097575E-01
   7   5.0-  3.9612  --->  2   5.0-  3.1977    0.76345   3.487383E+00
   7   5.0-  3.9612  --->  3   4.0-  3.4751    0.48608   8.721110E-02
   7   5.0-  3.9612  --->  4   5.0-  3.7085    0.25271   1.335607E+00
   8   4.0-  3.9954  --->  1   3.0-  2.6145    1.38092   2.436493E+00
   8   4.0-  3.9954  --->  2   5.0-  3.1977    0.79773   7.235391E-01
   9   7.0-  4.0374  --->  2   5.0-  3.1977    0.83973   2.129170E+01
   9   7.0-  4.0374  --->  5   6.0-  3.9200    0.11748   2.342250E+00
  10   3.0-  4.0511  --->  1   3.0-  2.6145    1.43661   2.916443E+00
  10   3.0-  4.0511  --->  3   4.0-  3.4751    0.57606   5.015827E-01
  11   2.0+  4.0855  --->  0   0.0+  0.0000    4.08552   2.409739E+00
  11   2.0+  4.0855  --->  1   3.0-  2.6145    1.47100   1.108495E-02
  12   5.0-  4.1253  --->  2   5.0-  3.1977    0.92764   6.718862E+00
  12   5.0-  4.1253  --->  3   4.0-  3.4751    0.65027   1.699610E+00
  12   5.0-  4.1253  --->  4   5.0-  3.7085    0.41690   3.359464E-01
  12   5.0-  4.1253  --->  6   4.0-  3.9466    0.17877   6.181802E-02
  12   5.0-  4.1253  --->  7   5.0-  3.9612    0.16419   3.292295E-01
  13   1.0+  4.1440  --->  0   0.0+  0.0000    4.14400   1.560671E+00
  13   1.0+  4.1440  --->  1   3.0-  2.6145    1.52948   2.341043E-05
  13   1.0+  4.1440  ---> 11   2.0+  4.0855    0.05848   1.560696E-06
  14   5.0-  4.1804  --->  2   5.0-  3.1977    0.98270   3.369008E+00
  14   5.0-  4.1804  --->  3   4.0-  3.4751    0.70534   3.604653E-01
  15   6.0-  4.2063  --->  2   5.0-  3.1977    1.00857   4.308544E+00
  15   6.0-  4.2063  --->  4   5.0-  3.7085    0.49783   8.877212E-01

  Total                                                  4.123023E+02

 Nuclide: 207Pb

     Initial level          Final level     Gamma Energy  Cross section 

  no.  J/Pi    Ex         no.  J/Pi    Ex

   1   2.5-  0.5697  --->  0   0.5-  0.0000    0.56970   1.791597E+02
   2   1.5-  0.8977  --->  0   0.5-  0.0000    0.89770   4.241422E+01
   2   1.5-  0.8977  --->  1   2.5-  0.5697    0.32800   2.290246E-01
   4   3.5-  2.3399  --->  1   2.5-  0.5697    1.77022   4.112724E+01
   4   3.5-  2.3399  --->  2   1.5-  0.8977    1.44222   7.854027E-01
   5   2.5+  2.6239  --->  1   2.5-  0.5697    2.05417   2.870814E+00
   5   2.5+  2.6239  --->  2   1.5-  0.8977    1.72617   1.305154E+01
   6   3.5+  2.6625  --->  0   0.5-  0.0000    2.66248   1.189069E+00
   6   3.5+  2.6625  --->  1   2.5-  0.5697    2.09278   2.243704E+01
   6   3.5+  2.6625  --->  4   3.5-  2.3399    0.32256   4.487167E-01
   7   3.5+  2.7020  --->  0   0.5-  0.0000    2.70200   6.883061E-05
   7   3.5+  2.7020  --->  1   2.5-  0.5697    2.13230   2.294266E+01
   7   3.5+  2.7020  --->  2   1.5-  0.8977    1.80430   7.800802E-04
   7   3.5+  2.7020  --->  5   2.5+  2.6239    0.07813   2.294354E-05
   8   4.5+  2.7279  --->  1   2.5-  0.5697    2.15819   5.877036E-01
   8   4.5+  2.7279  --->  3   6.5+  1.6334    1.09454   2.448304E+01
   8   4.5+  2.7279  --->  4   3.5-  2.3399    0.38797   4.773851E+00
   9   5.5-  2.9020  --->  3   6.5+  1.6334    1.26864   3.271107E+01
   9   5.5-  2.9020  --->  4   3.5-  2.3399    0.56208   4.076076E-03
   9   5.5-  2.9020  --->  8   4.5+  2.7279    0.17411   1.564359E-01
  10   1.5-  2.9090  --->  0   0.5-  0.0000    2.90900   7.334108E+00
  10   1.5-  2.9090  --->  1   2.5-  0.5697    2.33930   4.022859E+00
  10   1.5-  2.9090  --->  4   3.5-  2.3399    0.56908   3.854332E-03
  10   1.5-  2.9090  --->  5   2.5+  2.6239    0.28513   4.622834E-01

  Total                                                  4.011955E+02

 Nuclide: 206Pb

     Initial level          Final level     Gamma Energy  Cross section 

  no.  J/Pi    Ex         no.  J/Pi    Ex

   1   2.0+  0.8031  --->  0   0.0+  0.0000    0.80305   8.504427E+02
   2   0.0+  1.1664  --->  1   2.0+  0.8031    0.36335   2.208201E+01
   3   3.0+  1.3405  --->  1   2.0+  0.8031    0.53744   3.362701E+02
   4   2.0+  1.4668  --->  0   0.0+  0.0000    1.46681   1.284345E+01
   4   2.0+  1.4668  --->  1   2.0+  0.8031    0.66376   4.225299E+01
   4   2.0+  1.4668  --->  3   3.0+  1.3405    0.12632   1.605187E+00
   5   4.0+  1.6840  --->  1   2.0+  0.8031    0.88094   2.081680E+02
   5   4.0+  1.6840  --->  3   3.0+  1.3405    0.34350   7.368239E+01
   6   1.0+  1.7045  --->  0   0.0+  0.0000    1.70445   2.817991E+01
   7   2.0+  1.7841  --->  0   0.0+  0.0000    1.78409   1.288906E+00
   7   2.0+  1.7841  --->  1   2.0+  0.8031    0.98104   2.478629E+01
   7   2.0+  1.7841  --->  2   0.0+  1.1664    0.61769   2.726722E+00
   7   2.0+  1.7841  --->  4   2.0+  1.4668    0.31728   5.700146E+00
   8   4.0+  1.9977  --->  1   2.0+  0.8031    1.19462   1.017851E+01
   8   4.0+  1.9977  --->  3   3.0+  1.3405    0.65718   7.016328E+01
   8   4.0+  1.9977  --->  5   4.0+  1.6840    0.31368   1.473159E+01
   9   2.0+  2.1490  --->  1   2.0+  0.8031    1.34592   1.766802E+01
   9   2.0+  2.1490  --->  3   3.0+  1.3405    0.80848   3.533900E+00
   9   2.0+  2.1490  --->  4   2.0+  1.4668    0.68216   3.534062E+00

  Total                                                  1.729838E+03

 ########## RESULTS FOR E=  23.00000 ##########

 Energy dependent input flags

 Width fluctuations (flagwidth)            : n
 Unresolved resonance parameters (flagurr) : n
 Preequilibrium (flagpreeq)                : y
 Multiple preequilibrium (flagmulpre)      : y
 Number of continuum excitation energy bins: 40

 ########### REACTION SUMMARY FOR E=  23.00000 ###########

 Center-of-mass energy:   22.888

 1. Total (binary) cross sections

 Total           = 5.75831E+03
   Shape elastic   = 3.24686E+03
   Reaction        = 2.51145E+03
     Compound elastic= 2.64906E-07
     Non-elastic     = 2.51145E+03
       Direct          = 6.41072E+01
       Pre-equilibrium = 9.10810E+02
       Giant resonance = 3.22284E+01
       Compound non-el = 1.50430E+03
     Total elastic   = 3.24686E+03

 2. Binary non-elastic cross sections (non-exclusive)

 gamma   = 3.61562E+00
 neutron = 2.47860E+03
 proton  = 1.74253E+01
 deuteron= 6.27275E+00
 triton  = 2.38686E+00
 helium-3= 7.36740E-07
 alpha   = 3.14462E+00

 3. Total particle production cross sections

 gamma   = 3.95541E+03    Multiplicity= 1.57495E+00
 neutron = 6.51183E+03    Multiplicity= 2.59286E+00
 proton  = 1.76268E+01    Multiplicity= 7.01856E-03
 deuteron= 6.27281E+00    Multiplicity= 2.49769E-03
 triton  = 2.38689E+00    Multiplicity= 9.50403E-04
 helium-3= 7.36740E-07    Multiplicity= 2.93352E-10
 alpha   = 3.16368E+00    Multiplicity= 1.25970E-03

 4. Residual production cross sections

   a. Per isotope

   Z   A  nuclide    total     level   isomeric    isomeric    lifetime
                 cross section       cross section  ratio

   82 209 (209Pb) 3.50719E-01    0    3.50719E-01  1.00000
   82 208 (208Pb) 1.87000E+02    0    1.87000E+02  1.00000
   82 207 (207Pb) 5.62310E+02    0    2.33296E+02  0.41489
                                 3    3.29013E+02  0.58511   8.06000E-01 sec. 
   82 206 (206Pb) 1.73349E+03    0    9.99566E+02  0.57662
                                11    7.33924E+02  0.42338   1.25000E-04 sec. 
   82 205 (205Pb) 2.04837E-01    0    2.04837E-01  1.00000
                                 9    0.00000E+00  0.00000   5.55000E-03 sec. 

   b. Per mass

   A  cross section

  209 3.50719E-01
  208 1.87000E+02
  207 5.62310E+02
  206 1.73349E+03
  205 2.04837E-01

 Total residual production cross section:  2483.3549805
 Non-elastic cross section              :  2511.4499512

 6. Exclusive cross sections

 6a. Total exclusive cross sections 

     Emitted particles     cross section reaction         level    isomeric    isomeric    lifetime relative yield
    n   p   d   t   h   a                                        cross section   ratio
    0   0   0   0   0   0    3.50719E-01  (n,g)                                                     1.41417E-04
    1   0   0   0   0   0    1.85472E+02  (n,n')                                                    7.47859E-02
    2   0   0   0   0   0    5.60783E+02  (n,2n)                                                    2.26119E-01
                                                             0     2.32559E+02  0.41470
                                                             3     3.28224E+02  0.58530   8.06000E-01 sec. 
    3   0   0   0   0   0    1.73322E+03  (n,3n)                                                    6.98871E-01
                                                             0     9.99379E+02  0.57660
                                                            11     7.33844E+02  0.42340   1.25000E-04 sec. 
    4   0   0   0   0   0    2.04837E-01  (n,4n)                                                    8.25945E-05
                                                             0     2.04837E-01  1.00000
                                                             9     0.00000E+00  0.00000   5.55000E-03 sec. 

 Absorption cross section                 :     0.35072

 Sum over exclusive channel cross sections:  2480.03394
 (n,gn) + (n,gp) +...(n,ga) cross sections:     3.32117
 Total                                    :  2483.35522
 Non-elastic cross section                :  2511.44995

 10. Gamma-ray intensities

 Nuclide: 209Pb

     Initial level          Final level     Gamma Energy  Cross section 

  no.  J/Pi    Ex         no.  J/Pi    Ex

   1   5.5+  0.7789  --->  0   4.5+  0.0000    0.77889   8.918616E-02
   2   7.5-  1.4226  --->  0   4.5+  0.0000    1.42264   9.756289E-02
   2   7.5-  1.4226  --->  1   5.5+  0.7789    0.64375   1.073106E-02
   3   2.5+  1.5671  --->  0   4.5+  0.0000    1.56709   7.886368E-02
   4   0.5+  2.0322  --->  3   2.5+  1.5671    0.46512   4.202106E-02
   5   0.5-  2.1494  --->  0   4.5+  0.0000    2.14943   1.068090E-07
   5   0.5-  2.1494  --->  3   2.5+  1.5671    0.58234   4.648809E-05
   5   0.5-  2.1494  --->  4   0.5+  2.0322    0.11722   1.191956E-02
   6   1.5-  2.3159  --->  0   4.5+  0.0000    2.31593   1.361037E-03
   6   1.5-  2.3159  --->  3   2.5+  1.5671    0.74884   3.695264E-03
   6   1.5-  2.3159  --->  4   0.5+  2.0322    0.28372   6.483011E-03
   7   3.5-  2.4240  --->  0   4.5+  0.0000    2.42400   6.836839E-03
   7   3.5-  2.4240  --->  1   5.5+  0.7789    1.64511   3.564868E-08
   7   3.5-  2.4240  --->  3   2.5+  1.5671    0.85691   2.928610E-04
   8   2.5-  2.4610  --->  0   4.5+  0.0000    2.46100   3.758563E-03
   8   2.5-  2.4610  --->  3   2.5+  1.5671    0.89391   9.394598E-04
   9   3.5+  2.4910  --->  0   4.5+  0.0000    2.49100   4.411368E-03
   9   3.5+  2.4910  --->  1   5.5+  0.7789    1.71211   1.367615E-04
  10   1.5-  2.5249  --->  5   0.5-  2.1494    0.37550   3.467865E-03

  Total                                                  3.617141E-01

 Nuclide: 208Pb

     Initial level          Final level     Gamma Energy  Cross section 

  no.  J/Pi    Ex         no.  J/Pi    Ex

   1   3.0-  2.6145  --->  0   0.0+  0.0000    2.61452   1.783421E+02
   2   5.0-  3.1977  --->  1   3.0-  2.6145    0.58319   1.074273E+02
   3   4.0-  3.4751  --->  1   3.0-  2.6145    0.86056   6.255320E+00
   3   4.0-  3.4751  --->  2   5.0-  3.1977    0.27737   3.177586E+00
   4   5.0-  3.7085  --->  1   3.0-  2.6145    1.09393   4.443269E-01
   4   5.0-  3.7085  --->  2   5.0-  3.1977    0.51074   2.538894E+01
   4   5.0-  3.7085  --->  3   4.0-  3.4751    0.23337   3.452912E-01
   5   6.0-  3.9200  --->  2   5.0-  3.1977    0.72225   8.997417E+00
   5   6.0-  3.9200  --->  4   5.0-  3.7085    0.21151   7.378809E+00
   6   4.0-  3.9466  --->  2   5.0-  3.1977    0.74887   1.922145E+00
   6   4.0-  3.9466  --->  3   4.0-  3.4751    0.47150   5.053884E-01
   6   4.0-  3.9466  --->  4   5.0-  3.7085    0.23813   4.863507E-01
   7   5.0-  3.9612  --->  2   5.0-  3.1977    0.76345   3.347749E+00
   7   5.0-  3.9612  --->  3   4.0-  3.4751    0.48608   8.371920E-02
   7   5.0-  3.9612  --->  4   5.0-  3.7085    0.25271   1.282130E+00
   8   4.0-  3.9954  --->  1   3.0-  2.6145    1.38092   2.327958E+00
   8   4.0-  3.9954  --->  2   5.0-  3.1977    0.79773   6.913084E-01
   9   7.0-  4.0374  --->  2   5.0-  3.1977    0.83973   2.063313E+01
   9   7.0-  4.0374  --->  5   6.0-  3.9200    0.11748   2.269802E+00
  10   3.0-  4.0511  --->  1   3.0-  2.6145    1.43661   2.778972E+00
  10   3.0-  4.0511  --->  3   4.0-  3.4751    0.57606   4.779400E-01
  11   2.0+  4.0855  --->  0   0.0+  0.0000    4.08552   2.271056E+00
  11   2.0+  4.0855  --->  1   3.0-  2.6145    1.47100   1.044700E-02
  12   5.0-  4.1253  --->  2   5.0-  3.1977    0.92764   6.474277E+00
  12   5.0-  4.1253  --->  3   4.0-  3.4751    0.65027   1.637739E+00
  12   5.0-  4.1253  --->  4   5.0-  3.7085    0.41690   3.237171E-01
  12   5.0-  4.1253  --->  6   4.0-  3.9466    0.17877   5.956768E-02
  12   5.0-  4.1253  --->  7   5.0-  3.9612    0.16419   3.172446E-01
  13   1.0+  4.1440  --->  0   0.0+  0.0000    4.14400   1.491320E+00
  13   1.0+  4.1440  --->  1   3.0-  2.6145    1.52948   2.237015E-05
  13   1.0+  4.1440  ---> 11   2.0+  4.0855    0.05848   1.491343E-06
  14   5.0-  4.1804  --->  2   5.0-  3.1977    0.98270   3.250092E+00
  14   5.0-  4.1804  --->  3   4.0-  3.4751    0.70534   3.477419E-01
  15   6.0-  4.2063  --->  2   5.0-  3.1977    1.00857   4.190408E+00
  15   6.0-  4.2063  --->  4   5.0-  3.7085    0.49783   8.633808E-01

  Total                                                  3.958007E+02

 Nuclide: 207Pb

     Initial level          Final level     Gamma Energy  Cross section 

  no.  J/Pi    Ex         no.  J/Pi    Ex

   1   2.5-  0.5697  --->  0   0.5-  0.0000    0.56970   1.536196E+02
   2   1.5-  0.8977  --->  0   0.5-  0.0000    0.89770   3.699658E+01
   2   1.5-  0.8977  --->  1   2.5-  0.5697    0.32800   1.997709E-01
   4   3.5-  2.3399  --->  1   2.5-  0.5697    1.77022   3.496272E+01
   4   3.5-  2.3399  --->  2   1.5-  0.8977    1.44222   6.676793E-01
   5   2.5+  2.6239  --->  1   2.5-  0.5697    2.05417   2.474447E+00
   5   2.5+  2.6239  --->  2   1.5-  0.8977    1.72617   1.124954E+01
   6   3.5+  2.6625  --->  0   0.5-  0.0000    2.66248   1.012822E+00
   6   3.5+  2.6625  --->  1   2.5-  0.5697    2.09278   1.911136E+01
   6   3.5+  2.6625  --->  4   3.5-  2.3399    0.32256   3.822067E-01
   7   3.5+  2.7020  --->  0   0.5-  0.0000    2.70200   5.864606E-05
   7   3.5+  2.7020  --->  1   2.5-  0.5697    2.13230   1.954794E+01
   7   3.5+  2.7020  --->  2   1.5-  0.8977    1.80430   6.646553E-04
   7   3.5+  2.7020  --->  5   2.5+  2.6239    0.07813   1.954869E-05
   8   4.5+  2.7279  --->  1   2.5-  0.5697    2.15819   4.967148E-01
   8   4.5+  2.7279  --->  3   6.5+  1.6334    1.09454   2.069255E+01
   8   4.5+  2.7279  --->  4   3.5-  2.3399    0.38797   4.034759E+00
   9   5.5-  2.9020  --->  3   6.5+  1.6334    1.26864   2.734197E+01
   9   5.5-  2.9020  --->  4   3.5-  2.3399    0.56208   3.407041E-03
   9   5.5-  2.9020  --->  8   4.5+  2.7279    0.17411   1.307589E-01
  10   1.5-  2.9090  --->  0   0.5-  0.0000    2.90900   6.335769E+00
  10   1.5-  2.9090  --->  1   2.5-  0.5697    2.33930   3.475256E+00
  10   1.5-  2.9090  --->  4   3.5-  2.3399    0.56908   3.329670E-03
  10   1.5-  2.9090  --->  5   2.5+  2.6239    0.28513   3.993561E-01

  Total                                                  3.431393E+02

 Nuclide: 206Pb

     Initial level          Final level     Gamma Energy  Cross section 

  no.  J/Pi    Ex         no.  J/Pi    Ex

   1   2.0+  0.8031  --->  0   0.0+  0.0000    0.80305   8.832845E+02
   2   0.0+  1.1664  --->  1   2.0+  0.8031    0.36335   2.383131E+01
   3   3.0+  1.3405  --->  1   2.0+  0.8031    0.53744   3.523014E+02
   4   2.0+  1.4668  --->  0   0.0+  0.0000    1.46681   1.341424E+01
   4   2.0+  1.4668  --->  1   2.0+  0.8031    0.66376   4.413081E+01
   4   2.0+  1.4668  --->  3   3.0+  1.3405    0.12632   1.676525E+00
   5   4.0+  1.6840  --->  1   2.0+  0.8031    0.88094   2.228812E+02
   5   4.0+  1.6840  --->  3   3.0+  1.3405    0.34350   7.889020E+01
   6   1.0+  1.7045  --->  0   0.0+  0.0000    1.70445   3.064037E+01
   7   2.0+  1.7841  --->  0   0.0+  0.0000    1.78409   1.376631E+00
   7   2.0+  1.7841  --->  1   2.0+  0.8031    0.98104   2.647330E+01
   7   2.0+  1.7841  --->  2   0.0+  1.1664    0.61769   2.912308E+00
   7   2.0+  1.7841  --->  4   2.0+  1.4668    0.31728   6.088109E+00
   8   4.0+  1.9977  --->  1   2.0+  0.8031    1.19462   1.111471E+01
   8   4.0+  1.9977  --->  3   3.0+  1.3405    0.65718   7.661681E+01
   8   4.0+  1.9977  --->  5   4.0+  1.6840    0.31368   1.608658E+01
   9   2.0+  2.1490  --->  1   2.0+  0.8031    1.34592   1.959996E+01
   9   2.0+  2.1490  --->  3   3.0+  1.3405    0.80848   3.920321E+00
   9   2.0+  2.1490  --->  4   2.0+  1.4668    0.68216   3.920500E+00

  Total                                                  1.819160E+03

 Nuclide: 205Pb

     Initial level          Final level     Gamma Energy  Cross section 

  no.  J/Pi    Ex         no.  J/Pi    Ex

   1   0.5-  0.0023  --->  0   2.5-  0.0000    0.00233   7.314530E-10
   2   1.5-  0.2628  --->  0   2.5-  0.0000    0.26281   5.533561E-04
   2   1.5-  0.2628  --->  1   0.5-  0.0023    0.26048   1.651775E-03
   3   1.5-  0.5762  --->  0   2.5-  0.0000    0.57620   1.003250E-05
   3   1.5-  0.5762  --->  1   0.5-  0.0023    0.57387   3.310903E-05
   3   1.5-  0.5762  --->  2   1.5-  0.2628    0.31339   1.820898E-06

  Total                                                  2.250094E-03

 ########## RESULTS FOR E=  24.00000 ##########

 Energy dependent input flags

 Width fluctuations (flagwidth)            : n
 Unresolved resonance parameters (flagurr) : n
 Preequilibrium (flagpreeq)                : y
 Multiple preequilibrium (flagmulpre)      : y
 Number of continuum excitation energy bins: 40

 ########### REACTION SUMMARY FOR E=  24.00000 ###########

 Center-of-mass energy:   23.883

 1. Total (binary) cross sections

 Total           = 5.70791E+03
   Shape elastic   = 3.20261E+03
   Reaction        = 2.50530E+03
     Compound elastic= 1.59593E-07
     Non-elastic     = 2.50530E+03
       Direct          = 6.26693E+01
       Pre-equilibrium = 9.41781E+02
       Giant resonance = 3.23769E+01
       Compound non-el = 1.46847E+03
     Total elastic   = 3.20261E+03

 2. Binary non-elastic cross sections (non-exclusive)

 gamma   = 3.57439E+00
 neutron = 2.46529E+03
 proton  = 2.14972E+01
 deuteron= 7.60601E+00
 triton  = 3.06541E+00
 helium-3= 4.35563E-06
 alpha   = 4.26804E+00

 3. Total particle production cross sections

 gamma   = 4.36452E+03    Multiplicity= 1.74212E+00
 neutron = 6.56100E+03    Multiplicity= 2.61885E+00
 proton  = 2.18656E+01    Multiplicity= 8.72773E-03
 deuteron= 7.60610E+00    Multiplicity= 3.03601E-03
 triton  = 3.06549E+00    Multiplicity= 1.22360E-03
 helium-3= 4.35563E-06    Multiplicity= 1.73857E-09
 alpha   = 4.29270E+00    Multiplicity= 1.71345E-03

 4. Residual production cross sections

   a. Per isotope

   Z   A  nuclide    total     level   isomeric    isomeric    lifetime
                 cross section       cross section  ratio

   82 209 (209Pb) 3.13638E-01    0    3.13638E-01  1.00000
   82 208 (208Pb) 1.76953E+02    0    1.76953E+02  1.00000
   82 207 (207Pb) 4.97633E+02    0    2.09863E+02  0.42172
                                 3    2.87769E+02  0.57828   8.06000E-01 sec. 
   82 206 (206Pb) 1.78875E+03    0    1.00101E+03  0.55961
                                11    7.87738E+02  0.44039   1.25000E-04 sec. 
   82 205 (205Pb) 5.75874E+00    0    5.48575E+00  0.95260
                                 9    2.72986E-01  0.04740   5.55000E-03 sec. 

   b. Per mass

   A  cross section

  209 3.13638E-01
  208 1.76953E+02
  207 4.97633E+02
  206 1.78875E+03
  205 5.75874E+00

 Total residual production cross section:  2469.4057617
 Non-elastic cross section              :  2505.3000488

 6. Exclusive cross sections

 6a. Total exclusive cross sections 

     Emitted particles     cross section reaction         level    isomeric    isomeric    lifetime relative yield
    n   p   d   t   h   a                                        cross section   ratio
    0   0   0   0   0   0    3.13638E-01  (n,g)                                                     1.27180E-04
    1   0   0   0   0   0    1.75647E+02  (n,n')                                                    7.12246E-02
    2   0   0   0   0   0    4.95978E+02  (n,2n)                                                    2.01118E-01
                                                             0     2.09078E+02  0.42155
                                                             3     2.86900E+02  0.57845   8.06000E-01 sec. 
    3   0   0   0   0   0    1.78840E+03  (n,3n)                                                    7.25195E-01
                                                             0     1.00078E+03  0.55960
                                                            11     7.87619E+02  0.44040   1.25000E-04 sec. 
    4   0   0   0   0   0    5.75873E+00  (n,4n)                                                    2.33516E-03
                                                             0     5.48575E+00  0.95260
                                                             9     2.72985E-01  0.04740   5.55000E-03 sec. 

 Absorption cross section                 :     0.31364

 Sum over exclusive channel cross sections:  2466.09741
 (n,gn) + (n,gp) +...(n,ga) cross sections:     3.30849
 Total                                    :  2469.40601
 Non-elastic cross section                :  2505.30005

 10. Gamma-ray intensities

 Nuclide: 209Pb

     Initial level          Final level     Gamma Energy  Cross section 

  no.  J/Pi    Ex         no.  J/Pi    Ex

   1   5.5+  0.7789  --->  0   4.5+  0.0000    0.77889   8.073515E-02
   2   7.5-  1.4226  --->  0   4.5+  0.0000    1.42264   8.383473E-02
   2   7.5-  1.4226  --->  1   5.5+  0.7789    0.64375   9.221085E-03
   3   2.5+  1.5671  --->  0   4.5+  0.0000    1.56709   7.207444E-02
   4   0.5+  2.0322  --->  3   2.5+  1.5671    0.46512   3.814137E-02
   5   0.5-  2.1494  --->  0   4.5+  0.0000    2.14943   9.559293E-08
   5   0.5-  2.1494  --->  3   2.5+  1.5671    0.58234   4.160636E-05
   5   0.5-  2.1494  --->  4   0.5+  2.0322    0.11722   1.066788E-02
   6   1.5-  2.3159  --->  0   4.5+  0.0000    2.31593   1.234778E-03
   6   1.5-  2.3159  --->  3   2.5+  1.5671    0.74884   3.352466E-03
   6   1.5-  2.3159  --->  4   0.5+  2.0322    0.28372   5.881602E-03
   7   3.5-  2.4240  --->  0   4.5+  0.0000    2.42400   6.038398E-03
   7   3.5-  2.4240  --->  1   5.5+  0.7789    1.64511   3.148544E-08
   7   3.5-  2.4240  --->  3   2.5+  1.5671    0.85691   2.586592E-04
   8   2.5-  2.4610  --->  0   4.5+  0.0000    2.46100   3.272368E-03
   8   2.5-  2.4610  --->  3   2.5+  1.5671    0.89391   8.179345E-04
   9   3.5+  2.4910  --->  0   4.5+  0.0000    2.49100   3.799632E-03
   9   3.5+  2.4910  --->  1   5.5+  0.7789    1.71211   1.177964E-04
  10   1.5-  2.5249  --->  5   0.5-  2.1494    0.37550   2.976759E-03

  Total                                                  3.224668E-01

 Nuclide: 208Pb

     Initial level          Final level     Gamma Energy  Cross section 

  no.  J/Pi    Ex         no.  J/Pi    Ex

   1   3.0-  2.6145  --->  0   0.0+  0.0000    2.61452   1.685788E+02
   2   5.0-  3.1977  --->  1   3.0-  2.6145    0.58319   1.008166E+02
   3   4.0-  3.4751  --->  1   3.0-  2.6145    0.86056   5.867106E+00
   3   4.0-  3.4751  --->  2   5.0-  3.1977    0.27737   2.980380E+00
   4   5.0-  3.7085  --->  1   3.0-  2.6145    1.09393   4.159138E-01
   4   5.0-  3.7085  --->  2   5.0-  3.1977    0.51074   2.376541E+01
   4   5.0-  3.7085  --->  3   4.0-  3.4751    0.23337   3.232110E-01
   5   6.0-  3.9200  --->  2   5.0-  3.1977    0.72225   8.386826E+00
   5   6.0-  3.9200  --->  4   5.0-  3.7085    0.21151   6.878061E+00
   6   4.0-  3.9466  --->  2   5.0-  3.1977    0.74887   1.812872E+00
   6   4.0-  3.9466  --->  3   4.0-  3.4751    0.47150   4.766571E-01
   6   4.0-  3.9466  --->  4   5.0-  3.7085    0.23813   4.587017E-01
   7   5.0-  3.9612  --->  2   5.0-  3.1977    0.76345   3.159407E+00
   7   5.0-  3.9612  --->  3   4.0-  3.4751    0.48608   7.900921E-02
   7   5.0-  3.9612  --->  4   5.0-  3.7085    0.25271   1.209998E+00
   8   4.0-  3.9954  --->  1   3.0-  2.6145    1.38092   2.197501E+00
   8   4.0-  3.9954  --->  2   5.0-  3.1977    0.79773   6.525682E-01
   9   7.0-  4.0374  --->  2   5.0-  3.1977    0.83973   1.939142E+01
   9   7.0-  4.0374  --->  5   6.0-  3.9200    0.11748   2.133205E+00
  10   3.0-  4.0511  --->  1   3.0-  2.6145    1.43661   2.670792E+00
  10   3.0-  4.0511  --->  3   4.0-  3.4751    0.57606   4.593347E-01
  11   2.0+  4.0855  --->  0   0.0+  0.0000    4.08552   2.199902E+00
  11   2.0+  4.0855  --->  1   3.0-  2.6145    1.47100   1.011969E-02
  12   5.0-  4.1253  --->  2   5.0-  3.1977    0.92764   6.199461E+00
  12   5.0-  4.1253  --->  3   4.0-  3.4751    0.65027   1.568221E+00
  12   5.0-  4.1253  --->  4   5.0-  3.7085    0.41690   3.099761E-01
  12   5.0-  4.1253  --->  6   4.0-  3.9466    0.17877   5.703919E-02
  12   5.0-  4.1253  --->  7   5.0-  3.9612    0.16419   3.037784E-01
  13   1.0+  4.1440  --->  0   0.0+  0.0000    4.14400   1.458229E+00
  13   1.0+  4.1440  --->  1   3.0-  2.6145    1.52948   2.187378E-05
  13   1.0+  4.1440  ---> 11   2.0+  4.0855    0.05848   1.458252E-06
  14   5.0-  4.1804  --->  2   5.0-  3.1977    0.98270   3.082896E+00
  14   5.0-  4.1804  --->  3   4.0-  3.4751    0.70534   3.298528E-01
  15   6.0-  4.2063  --->  2   5.0-  3.1977    1.00857   3.902838E+00
  15   6.0-  4.2063  --->  4   5.0-  3.7085    0.49783   8.041306E-01

  Total                                                  3.729403E+02

 Nuclide: 207Pb

     Initial level          Final level     Gamma Energy  Cross section 

  no.  J/Pi    Ex         no.  J/Pi    Ex

   1   2.5-  0.5697  --->  0   0.5-  0.0000    0.56970   1.393231E+02
   2   1.5-  0.8977  --->  0   0.5-  0.0000    0.89770   3.339770E+01
   2   1.5-  0.8977  --->  1   2.5-  0.5697    0.32800   1.803380E-01
   4   3.5-  2.3399  --->  1   2.5-  0.5697    1.77022   3.116649E+01
   4   3.5-  2.3399  --->  2   1.5-  0.8977    1.44222   5.951833E-01
   5   2.5+  2.6239  --->  1   2.5-  0.5697    2.05417   2.226862E+00
   5   2.5+  2.6239  --->  2   1.5-  0.8977    1.72617   1.012395E+01
   6   3.5+  2.6625  --->  0   0.5-  0.0000    2.66248   9.046526E-01
   6   3.5+  2.6625  --->  1   2.5-  0.5697    2.09278   1.707027E+01
   6   3.5+  2.6625  --->  4   3.5-  2.3399    0.32256   3.413870E-01
   7   3.5+  2.7020  --->  0   0.5-  0.0000    2.70200   5.241008E-05
   7   3.5+  2.7020  --->  1   2.5-  0.5697    2.13230   1.746936E+01
   7   3.5+  2.7020  --->  2   1.5-  0.8977    1.80430   5.939808E-04
   7   3.5+  2.7020  --->  5   2.5+  2.6239    0.07813   1.747003E-05
   8   4.5+  2.7279  --->  1   2.5-  0.5697    2.15819   4.414578E-01
   8   4.5+  2.7279  --->  3   6.5+  1.6334    1.09454   1.839061E+01
   8   4.5+  2.7279  --->  4   3.5-  2.3399    0.38797   3.585913E+00
   9   5.5-  2.9020  --->  3   6.5+  1.6334    1.26864   2.411473E+01
   9   5.5-  2.9020  --->  4   3.5-  2.3399    0.56208   3.004899E-03
   9   5.5-  2.9020  --->  8   4.5+  2.7279    0.17411   1.153251E-01
  10   1.5-  2.9090  --->  0   0.5-  0.0000    2.90900   5.726290E+00
  10   1.5-  2.9090  --->  1   2.5-  0.5697    2.33930   3.140948E+00
  10   1.5-  2.9090  --->  4   3.5-  2.3399    0.56908   3.009367E-03
  10   1.5-  2.9090  --->  5   2.5+  2.6239    0.28513   3.609394E-01

  Total                                                  3.086822E+02

 Nuclide: 206Pb

     Initial level          Final level     Gamma Energy  Cross section 

  no.  J/Pi    Ex         no.  J/Pi    Ex

   1   2.0+  0.8031  --->  0   0.0+  0.0000    0.80305   8.874319E+02
   2   0.0+  1.1664  --->  1   2.0+  0.8031    0.36335   2.528636E+01
   3   3.0+  1.3405  --->  1   2.0+  0.8031    0.53744   3.543259E+02
   4   2.0+  1.4668  --->  0   0.0+  0.0000    1.46681   1.362849E+01
   4   2.0+  1.4668  --->  1   2.0+  0.8031    0.66376   4.483565E+01
   4   2.0+  1.4668  --->  3   3.0+  1.3405    0.12632   1.703302E+00
   5   4.0+  1.6840  --->  1   2.0+  0.8031    0.88094   2.269352E+02
   5   4.0+  1.6840  --->  3   3.0+  1.3405    0.34350   8.032513E+01
   6   1.0+  1.7045  --->  0   0.0+  0.0000    1.70445   3.211118E+01
   7   2.0+  1.7841  --->  0   0.0+  0.0000    1.78409   1.423823E+00
   7   2.0+  1.7841  --->  1   2.0+  0.8031    0.98104   2.738081E+01
   7   2.0+  1.7841  --->  2   0.0+  1.1664    0.61769   3.012143E+00
   7   2.0+  1.7841  --->  4   2.0+  1.4668    0.31728   6.296812E+00
   8   4.0+  1.9977  --->  1   2.0+  0.8031    1.19462   1.155013E+01
   8   4.0+  1.9977  --->  3   3.0+  1.3405    0.65718   7.961823E+01
   8   4.0+  1.9977  --->  5   4.0+  1.6840    0.31368   1.671676E+01
   9   2.0+  2.1490  --->  1   2.0+  0.8031    1.34592   2.088938E+01
   9   2.0+  2.1490  --->  3   3.0+  1.3405    0.80848   4.178226E+00
   9   2.0+  2.1490  --->  4   2.0+  1.4668    0.68216   4.178418E+00

  Total                                                  1.841828E+03

 Nuclide: 205Pb

     Initial level          Final level     Gamma Energy  Cross section 

  no.  J/Pi    Ex         no.  J/Pi    Ex

   1   0.5-  0.0023  --->  0   2.5-  0.0000    0.00233   2.098142E-08
   2   1.5-  0.2628  --->  0   2.5-  0.0000    0.26281   5.236907E-02
   2   1.5-  0.2628  --->  1   0.5-  0.0023    0.26048   1.563224E-01
   3   1.5-  0.5762  --->  0   2.5-  0.0000    0.57620   1.170731E-02
   3   1.5-  0.5762  --->  1   0.5-  0.0023    0.57387   3.863621E-02
   3   1.5-  0.5762  --->  2   1.5-  0.2628    0.31339   2.124876E-03
   4   3.5-  0.7034  --->  0   2.5-  0.0000    0.70344   2.224256E-01
   4   3.5-  0.7034  --->  3   1.5-  0.5762    0.12724   2.222905E-05
   5   2.5-  0.7614  --->  0   2.5-  0.0000    0.76143   1.204800E-02
   5   2.5-  0.7614  --->  1   0.5-  0.0023    0.75910   1.825733E-02
   5   2.5-  0.7614  --->  2   1.5-  0.2628    0.49862   1.643262E-03
   5   2.5-  0.7614  --->  3   1.5-  0.5762    0.18523   1.680163E-03
   6   1.5-  0.8033  --->  0   2.5-  0.0000    0.80335   1.664827E-03
   6   1.5-  0.8033  --->  2   1.5-  0.2628    0.54054   6.938346E-03
   6   1.5-  0.8033  --->  3   1.5-  0.5762    0.22715   2.150772E-03
   7   4.5-  0.9876  --->  0   2.5-  0.0000    0.98763   4.224022E-02
   7   4.5-  0.9876  --->  4   3.5-  0.7034    0.28419   4.429752E-03
   8   0.5-  0.9976  --->  1   0.5-  0.0023    0.99527   2.185282E-03
  10   3.5-  1.0437  --->  0   2.5-  0.0000    1.04372   1.029127E-02
  10   3.5-  1.0437  --->  2   1.5-  0.2628    0.78091   7.841978E-04
  10   3.5-  1.0437  --->  5   2.5-  0.7614    0.28229   5.835134E-04

  Total                                                  5.885046E-01

 ########## RESULTS FOR E=  25.00000 ##########

 Energy dependent input flags

 Width fluctuations (flagwidth)            : n
 Unresolved resonance parameters (flagurr) : n
 Preequilibrium (flagpreeq)                : y
 Multiple preequilibrium (flagmulpre)      : y
 Number of continuum excitation energy bins: 40

 ########### REACTION SUMMARY FOR E=  25.00000 ###########

 Center-of-mass energy:   24.878

 1. Total (binary) cross sections

 Total           = 5.63592E+03
   Shape elastic   = 3.14140E+03
   Reaction        = 2.49451E+03
     Compound elastic= 1.21783E-07
     Non-elastic     = 2.49451E+03
       Direct          = 6.13088E+01
       Pre-equilibrium = 9.68996E+02
       Giant resonance = 3.25222E+01
       Compound non-el = 1.43168E+03
     Total elastic   = 3.14140E+03

 2. Binary non-elastic cross sections (non-exclusive)

 gamma   = 3.52705E+00
 neutron = 2.44690E+03
 proton  = 2.58659E+01
 deuteron= 8.93971E+00
 triton  = 3.77701E+00
 helium-3= 2.13468E-05
 alpha   = 5.50344E+00

 3. Total particle production cross sections

 gamma   = 4.69237E+03    Multiplicity= 1.88108E+00
 neutron = 6.60016E+03    Multiplicity= 2.64588E+00
 proton  = 2.64997E+01    Multiplicity= 1.06232E-02
 deuteron= 8.93984E+00    Multiplicity= 3.58381E-03
 triton  = 3.77717E+00    Multiplicity= 1.51419E-03
 helium-3= 2.13468E-05    Multiplicity= 8.55751E-09
 alpha   = 5.53417E+00    Multiplicity= 2.21854E-03

 4. Residual production cross sections

   a. Per isotope

   Z   A  nuclide    total     level   isomeric    isomeric    lifetime
                 cross section       cross section  ratio

   82 209 (209Pb) 2.87110E-01    0    2.87110E-01  1.00000
   82 208 (208Pb) 1.69229E+02    0    1.69229E+02  1.00000
   82 207 (207Pb) 4.53098E+02    0    1.92822E+02  0.42556
                                 3    2.60276E+02  0.57444   8.06000E-01 sec. 
   82 206 (206Pb) 1.78771E+03    0    9.75500E+02  0.54567
                                11    8.12211E+02  0.45433   1.25000E-04 sec. 
   82 205 (205Pb) 4.04815E+01    0    3.31041E+01  0.81776
                                 9    7.37742E+00  0.18224   5.55000E-03 sec. 

   b. Per mass

   A  cross section

  209 2.87110E-01
  208 1.69229E+02
  207 4.53098E+02
  206 1.78771E+03
  205 4.04815E+01

 Total residual production cross section:  2450.8073730
 Non-elastic cross section              :  2494.5100098

 6. Exclusive cross sections

 6a. Total exclusive cross sections 

     Emitted particles     cross section reaction         level    isomeric    isomeric    lifetime relative yield
    n   p   d   t   h   a                                        cross section   ratio
    0   0   0   0   0   0    2.87110E-01  (n,g)                                                     1.17307E-04
    1   0   0   0   0   0    1.68116E+02  (n,n')                                                    6.86884E-02
    2   0   0   0   0   0    4.51337E+02  (n,2n)                                                    1.84407E-01
                                                             0     1.92002E+02  0.42541
                                                             3     2.59335E+02  0.57459   8.06000E-01 sec. 
    3   0   0   0   0   0    1.78729E+03  (n,3n)                                                    7.30248E-01
                                                             0     9.75236E+02  0.54565
                                                            11     8.12054E+02  0.45435   1.25000E-04 sec. 
    4   0   0   0   0   0    4.04814E+01  (n,4n)                                                    1.65398E-02
                                                             0     3.31040E+01  0.81776
                                                             9     7.37741E+00  0.18224   5.55000E-03 sec. 

 Absorption cross section                 :     0.28711

 Sum over exclusive channel cross sections:  2447.51221
 (n,gn) + (n,gp) +...(n,ga) cross sections:     3.29547
 Total                                    :  2450.80762
 Non-elastic cross section                :  2494.51001

 10. Gamma-ray intensities

 Nuclide: 209Pb

     Initial level          Final level     Gamma Energy  Cross section 

  no.  J/Pi    Ex         no.  J/Pi    Ex

   1   5.5+  0.7789  --->  0   4.5+  0.0000    0.77889   7.430983E-02
   2   7.5-  1.4226  --->  0   4.5+  0.0000    1.42264   7.502431E-02
   2   7.5-  1.4226  --->  1   5.5+  0.7789    0.64375   8.252015E-03
   3   2.5+  1.5671  --->  0   4.5+  0.0000    1.56709   6.688225E-02
   4   0.5+  2.0322  --->  3   2.5+  1.5671    0.46512   3.517868E-02
   5   0.5-  2.1494  --->  0   4.5+  0.0000    2.14943   8.734195E-08
   5   0.5-  2.1494  --->  3   2.5+  1.5671    0.58234   3.801516E-05
   5   0.5-  2.1494  --->  4   0.5+  2.0322    0.11722   9.747100E-03
   6   1.5-  2.3159  --->  0   4.5+  0.0000    2.31593   1.137933E-03
   6   1.5-  2.3159  --->  3   2.5+  1.5671    0.74884   3.089530E-03
   6   1.5-  2.3159  --->  4   0.5+  2.0322    0.28372   5.420305E-03
   7   3.5-  2.4240  --->  0   4.5+  0.0000    2.42400   5.466289E-03
   7   3.5-  2.4240  --->  1   5.5+  0.7789    1.64511   2.850235E-08
   7   3.5-  2.4240  --->  3   2.5+  1.5671    0.85691   2.341525E-04
   8   2.5-  2.4610  --->  0   4.5+  0.0000    2.46100   2.942293E-03
   8   2.5-  2.4610  --->  3   2.5+  1.5671    0.89391   7.354316E-04
   9   3.5+  2.4910  --->  0   4.5+  0.0000    2.49100   3.387172E-03
   9   3.5+  2.4910  --->  1   5.5+  0.7789    1.71211   1.050093E-04
  10   1.5-  2.5249  --->  5   0.5-  2.1494    0.37550   2.655394E-03

  Total                                                  2.946058E-01

 Nuclide: 208Pb

     Initial level          Final level     Gamma Energy  Cross section 

  no.  J/Pi    Ex         no.  J/Pi    Ex

   1   3.0-  2.6145  --->  0   0.0+  0.0000    2.61452   1.610998E+02
   2   5.0-  3.1977  --->  1   3.0-  2.6145    0.58319   9.614169E+01
   3   4.0-  3.4751  --->  1   3.0-  2.6145    0.86056   5.551053E+00
   3   4.0-  3.4751  --->  2   5.0-  3.1977    0.27737   2.819831E+00
   4   5.0-  3.7085  --->  1   3.0-  2.6145    1.09393   3.969064E-01
   4   5.0-  3.7085  --->  2   5.0-  3.1977    0.51074   2.267932E+01
   4   5.0-  3.7085  --->  3   4.0-  3.4751    0.23337   3.084402E-01
   5   6.0-  3.9200  --->  2   5.0-  3.1977    0.72225   8.012809E+00
   5   6.0-  3.9200  --->  4   5.0-  3.7085    0.21151   6.571329E+00
   6   4.0-  3.9466  --->  2   5.0-  3.1977    0.74887   1.730905E+00
   6   4.0-  3.9466  --->  3   4.0-  3.4751    0.47150   4.551057E-01
   6   4.0-  3.9466  --->  4   5.0-  3.7085    0.23813   4.379621E-01
   7   5.0-  3.9612  --->  2   5.0-  3.1977    0.76345   3.021718E+00
   7   5.0-  3.9612  --->  3   4.0-  3.4751    0.48608   7.556594E-02
   7   5.0-  3.9612  --->  4   5.0-  3.7085    0.25271   1.157266E+00
   8   4.0-  3.9954  --->  1   3.0-  2.6145    1.38092   2.101439E+00
   8   4.0-  3.9954  --->  2   5.0-  3.1977    0.79773   6.240416E-01
   9   7.0-  4.0374  --->  2   5.0-  3.1977    0.83973   1.858806E+01
   9   7.0-  4.0374  --->  5   6.0-  3.9200    0.11748   2.044829E+00
  10   3.0-  4.0511  --->  1   3.0-  2.6145    1.43661   2.587321E+00
  10   3.0-  4.0511  --->  3   4.0-  3.4751    0.57606   4.449789E-01
  11   2.0+  4.0855  --->  0   0.0+  0.0000    4.08552   2.163753E+00
  11   2.0+  4.0855  --->  1   3.0-  2.6145    1.47100   9.953402E-03
  12   5.0-  4.1253  --->  2   5.0-  3.1977    0.92764   5.978287E+00
  12   5.0-  4.1253  --->  3   4.0-  3.4751    0.65027   1.512273E+00
  12   5.0-  4.1253  --->  4   5.0-  3.7085    0.41690   2.989173E-01
  12   5.0-  4.1253  --->  6   4.0-  3.9466    0.17877   5.500424E-02
  12   5.0-  4.1253  --->  7   5.0-  3.9612    0.16419   2.929407E-01
  13   1.0+  4.1440  --->  0   0.0+  0.0000    4.14400   1.432898E+00
  13   1.0+  4.1440  --->  1   3.0-  2.6145    1.52948   2.149382E-05
  13   1.0+  4.1440  ---> 11   2.0+  4.0855    0.05848   1.432921E-06
  14   5.0-  4.1804  --->  2   5.0-  3.1977    0.98270   2.964031E+00
  14   5.0-  4.1804  --->  3   4.0-  3.4751    0.70534   3.171350E-01
  15   6.0-  4.2063  --->  2   5.0-  3.1977    1.00857   3.770752E+00
  15   6.0-  4.2063  --->  4   5.0-  3.7085    0.49783   7.769160E-01

  Total                                                  3.564233E+02

 Nuclide: 207Pb

     Initial level          Final level     Gamma Energy  Cross section 

  no.  J/Pi    Ex         no.  J/Pi    Ex

   1   2.5-  0.5697  --->  0   0.5-  0.0000    0.56970   1.277600E+02
   2   1.5-  0.8977  --->  0   0.5-  0.0000    0.89770   3.078577E+01
   2   1.5-  0.8977  --->  1   2.5-  0.5697    0.32800   1.662343E-01
   4   3.5-  2.3399  --->  1   2.5-  0.5697    1.77022   2.864434E+01
   4   3.5-  2.3399  --->  2   1.5-  0.8977    1.44222   5.470180E-01
   5   2.5+  2.6239  --->  1   2.5-  0.5697    2.05417   2.064805E+00
   5   2.5+  2.6239  --->  2   1.5-  0.8977    1.72617   9.387193E+00
   6   3.5+  2.6625  --->  0   0.5-  0.0000    2.66248   8.338132E-01
   6   3.5+  2.6625  --->  1   2.5-  0.5697    2.09278   1.573357E+01
   6   3.5+  2.6625  --->  4   3.5-  2.3399    0.32256   3.146545E-01
   7   3.5+  2.7020  --->  0   0.5-  0.0000    2.70200   4.833204E-05
   7   3.5+  2.7020  --->  1   2.5-  0.5697    2.13230   1.611007E+01
   7   3.5+  2.7020  --->  2   1.5-  0.8977    1.80430   5.477631E-04
   7   3.5+  2.7020  --->  5   2.5+  2.6239    0.07813   1.611068E-05
   8   4.5+  2.7279  --->  1   2.5-  0.5697    2.15819   4.056480E-01
   8   4.5+  2.7279  --->  3   6.5+  1.6334    1.09454   1.689882E+01
   8   4.5+  2.7279  --->  4   3.5-  2.3399    0.38797   3.295033E+00
   9   5.5-  2.9020  --->  3   6.5+  1.6334    1.26864   2.203473E+01
   9   5.5-  2.9020  --->  4   3.5-  2.3399    0.56208   2.745714E-03
   9   5.5-  2.9020  --->  8   4.5+  2.7279    0.17411   1.053778E-01
  10   1.5-  2.9090  --->  0   0.5-  0.0000    2.90900   5.339866E+00
  10   1.5-  2.9090  --->  1   2.5-  0.5697    2.33930   2.928990E+00
  10   1.5-  2.9090  --->  4   3.5-  2.3399    0.56908   2.806288E-03
  10   1.5-  2.9090  --->  5   2.5+  2.6239    0.28513   3.365823E-01

  Total                                                  2.836987E+02

 Nuclide: 206Pb

     Initial level          Final level     Gamma Energy  Cross section 

  no.  J/Pi    Ex         no.  J/Pi    Ex

   1   2.0+  0.8031  --->  0   0.0+  0.0000    0.80305   8.641306E+02
   2   0.0+  1.1664  --->  1   2.0+  0.8031    0.36335   2.660816E+01
   3   3.0+  1.3405  --->  1   2.0+  0.8031    0.53744   3.444171E+02
   4   2.0+  1.4668  --->  0   0.0+  0.0000    1.46681   1.348886E+01
   4   2.0+  1.4668  --->  1   2.0+  0.8031    0.66376   4.437629E+01
   4   2.0+  1.4668  --->  3   3.0+  1.3405    0.12632   1.685850E+00
   5   4.0+  1.6840  --->  1   2.0+  0.8031    0.88094   2.213442E+02
   5   4.0+  1.6840  --->  3   3.0+  1.3405    0.34350   7.834616E+01
   6   1.0+  1.7045  --->  0   0.0+  0.0000    1.70445   3.288985E+01
   7   2.0+  1.7841  --->  0   0.0+  0.0000    1.78409   1.436150E+00
   7   2.0+  1.7841  --->  1   2.0+  0.8031    0.98104   2.761787E+01
   7   2.0+  1.7841  --->  2   0.0+  1.1664    0.61769   3.038222E+00
   7   2.0+  1.7841  --->  4   2.0+  1.4668    0.31728   6.351328E+00
   8   4.0+  1.9977  --->  1   2.0+  0.8031    1.19462   1.149694E+01
   8   4.0+  1.9977  --->  3   3.0+  1.3405    0.65718   7.925160E+01
   8   4.0+  1.9977  --->  5   4.0+  1.6840    0.31368   1.663978E+01
   9   2.0+  2.1490  --->  1   2.0+  0.8031    1.34592   2.172741E+01
   9   2.0+  2.1490  --->  3   3.0+  1.3405    0.80848   4.345846E+00
   9   2.0+  2.1490  --->  4   2.0+  1.4668    0.68216   4.346045E+00

  Total                                                  1.803538E+03

 Nuclide: 205Pb

     Initial level          Final level     Gamma Energy  Cross section 

  no.  J/Pi    Ex         no.  J/Pi    Ex

   1   0.5-  0.0023  --->  0   2.5-  0.0000    0.00233   1.456681E-07
   2   1.5-  0.2628  --->  0   2.5-  0.0000    0.26281   3.951405E-01
   2   1.5-  0.2628  --->  1   0.5-  0.0023    0.26048   1.179500E+00
   3   1.5-  0.5762  --->  0   2.5-  0.0000    0.57620   1.638296E-01
   3   1.5-  0.5762  --->  1   0.5-  0.0023    0.57387   5.406669E-01
   3   1.5-  0.5762  --->  2   1.5-  0.2628    0.31339   2.973506E-02
   4   3.5-  0.7034  --->  0   2.5-  0.0000    0.70344   3.057614E+00
   4   3.5-  0.7034  --->  3   1.5-  0.5762    0.12724   3.055757E-04
   5   2.5-  0.7614  --->  0   2.5-  0.0000    0.76143   2.257997E-01
   5   2.5-  0.7614  --->  1   0.5-  0.0023    0.75910   3.421730E-01
   5   2.5-  0.7614  --->  2   1.5-  0.2628    0.49862   3.079749E-02
   5   2.5-  0.7614  --->  3   1.5-  0.5762    0.18523   3.148907E-02
   6   1.5-  0.8033  --->  0   2.5-  0.0000    0.80335   3.804073E-02
   6   1.5-  0.8033  --->  2   1.5-  0.2628    0.54054   1.585389E-01
   6   1.5-  0.8033  --->  3   1.5-  0.5762    0.22715   4.914442E-02
   7   4.5-  0.9876  --->  0   2.5-  0.0000    0.98763   1.236755E+00
   7   4.5-  0.9876  --->  4   3.5-  0.7034    0.28419   1.296991E-01
   8   0.5-  0.9976  --->  1   0.5-  0.0023    0.99527   1.001762E-01
  10   3.5-  1.0437  --->  0   2.5-  0.0000    1.04372   3.938415E-01
  10   3.5-  1.0437  --->  2   1.5-  0.2628    0.78091   3.001083E-02
  10   3.5-  1.0437  --->  5   2.5-  0.7614    0.28229   2.233075E-02

  Total                                                  8.155588E+00

 ########## RESULTS FOR E=  26.00000 ##########

 Energy dependent input flags

 Width fluctuations (flagwidth)            : n
 Unresolved resonance parameters (flagurr) : n
 Preequilibrium (flagpreeq)                : y
 Multiple preequilibrium (flagmulpre)      : y
 Number of continuum excitation energy bins: 40

 ########### REACTION SUMMARY FOR E=  26.00000 ###########

 Center-of-mass energy:   25.873

 1. Total (binary) cross sections

 Total           = 5.54840E+03
   Shape elastic   = 3.06657E+03
   Reaction        = 2.48183E+03
     Compound elastic= 1.08056E-07
     Non-elastic     = 2.48183E+03
       Direct          = 6.00276E+01
       Pre-equilibrium = 9.94486E+02
       Giant resonance = 3.25373E+01
       Compound non-el = 1.39478E+03
     Total elastic   = 3.06657E+03

 2. Binary non-elastic cross sections (non-exclusive)

 gamma   = 3.47873E+00
 neutron = 2.42667E+03
 proton  = 3.04068E+01
 deuteron= 1.02619E+01
 triton  = 4.51879E+00
 helium-3= 8.91083E-05
 alpha   = 6.49092E+00

 3. Total particle production cross sections

 gamma   = 4.81109E+03    Multiplicity= 1.93852E+00
 neutron = 6.68260E+03    Multiplicity= 2.69261E+00
 proton  = 3.13807E+01    Multiplicity= 1.26442E-02
 deuteron= 1.02621E+01    Multiplicity= 4.13490E-03
 triton  = 4.51906E+00    Multiplicity= 1.82086E-03
 helium-3= 8.91083E-05    Multiplicity= 3.59043E-08
 alpha   = 6.52843E+00    Multiplicity= 2.63049E-03

 4. Residual production cross sections

   a. Per isotope

   Z   A  nuclide    total     level   isomeric    isomeric    lifetime
                 cross section       cross section  ratio

   82 209 (209Pb) 2.64720E-01    0    2.64720E-01  1.00000
   82 208 (208Pb) 1.59950E+02    0    1.59950E+02  1.00000
   82 207 (207Pb) 4.23321E+02    0    1.81177E+02  0.42799
                                 3    2.42144E+02  0.57201   8.06000E-01 sec. 
   82 206 (206Pb) 1.70913E+03    0    9.11152E+02  0.53311
                                11    7.97982E+02  0.46689   1.25000E-04 sec. 
   82 205 (205Pb) 1.37025E+02    0    9.68595E+01  0.70687
                                 9    4.01657E+01  0.29313   5.55000E-03 sec. 

   b. Per mass

   A  cross section

  209 2.64720E-01
  208 1.59950E+02
  207 4.23321E+02
  206 1.70913E+03
  205 1.37025E+02

 Total residual production cross section:  2429.6955566
 Non-elastic cross section              :  2481.8300781

 6. Exclusive cross sections

 6a. Total exclusive cross sections 

     Emitted particles     cross section reaction         level    isomeric    isomeric    lifetime relative yield
    n   p   d   t   h   a                                        cross section   ratio
    0   0   0   0   0   0    2.64720E-01  (n,g)                                                     1.09098E-04
    1   0   0   0   0   0    1.59032E+02  (n,n')                                                    6.55413E-02
    2   0   0   0   0   0    4.21470E+02  (n,2n)                                                    1.73699E-01
                                                             0     1.80336E+02  0.42787
                                                             3     2.41134E+02  0.57213   8.06000E-01 sec. 
    3   0   0   0   0   0    1.70865E+03  (n,3n)                                                    7.04179E-01
                                                             0     9.10857E+02  0.53309
                                                            11     7.97788E+02  0.46691   1.25000E-04 sec. 
    4   0   0   0   0   0    1.37025E+02  (n,4n)                                                    5.64715E-02
                                                             0     9.68589E+01  0.70687
                                                             9     4.01656E+01  0.29313   5.55000E-03 sec. 

 Absorption cross section                 :     0.26472

 Sum over exclusive channel cross sections:  2426.43555
 (n,gn) + (n,gp) +...(n,ga) cross sections:     3.26024
 Total                                    :  2429.69580
 Non-elastic cross section                :  2481.83008

 10. Gamma-ray intensities

 Nuclide: 209Pb

     Initial level          Final level     Gamma Energy  Cross section 

  no.  J/Pi    Ex         no.  J/Pi    Ex

   1   5.5+  0.7789  --->  0   4.5+  0.0000    0.77889   6.840638E-02
   2   7.5-  1.4226  --->  0   4.5+  0.0000    1.42264   6.764665E-02
   2   7.5-  1.4226  --->  1   5.5+  0.7789    0.64375   7.440538E-03
   3   2.5+  1.5671  --->  0   4.5+  0.0000    1.56709   6.261537E-02
   4   0.5+  2.0322  --->  3   2.5+  1.5671    0.46512   3.282274E-02
   5   0.5-  2.1494  --->  0   4.5+  0.0000    2.14943   8.112184E-08
   5   0.5-  2.1494  --->  3   2.5+  1.5671    0.58234   3.530789E-05
   5   0.5-  2.1494  --->  4   0.5+  2.0322    0.11722   9.052955E-03
   6   1.5-  2.3159  --->  0   4.5+  0.0000    2.31593   1.063673E-03
   6   1.5-  2.3159  --->  3   2.5+  1.5671    0.74884   2.887910E-03
   6   1.5-  2.3159  --->  4   0.5+  2.0322    0.28372   5.066581E-03
   7   3.5-  2.4240  --->  0   4.5+  0.0000    2.42400   5.040417E-03
   7   3.5-  2.4240  --->  1   5.5+  0.7789    1.64511   2.628177E-08
   7   3.5-  2.4240  --->  3   2.5+  1.5671    0.85691   2.159100E-04
   8   2.5-  2.4610  --->  0   4.5+  0.0000    2.46100   2.702849E-03
   8   2.5-  2.4610  --->  3   2.5+  1.5671    0.89391   6.755820E-04
   9   3.5+  2.4910  --->  0   4.5+  0.0000    2.49100   3.088254E-03
   9   3.5+  2.4910  --->  1   5.5+  0.7789    1.71211   9.574224E-05
  10   1.5-  2.5249  --->  5   0.5-  2.1494    0.37550   2.425704E-03

  Total                                                  2.712827E-01

 Nuclide: 208Pb

     Initial level          Final level     Gamma Energy  Cross section 

  no.  J/Pi    Ex         no.  J/Pi    Ex

   1   3.0-  2.6145  --->  0   0.0+  0.0000    2.61452   1.525465E+02
   2   5.0-  3.1977  --->  1   3.0-  2.6145    0.58319   9.050773E+01
   3   4.0-  3.4751  --->  1   3.0-  2.6145    0.86056   5.243714E+00
   3   4.0-  3.4751  --->  2   5.0-  3.1977    0.27737   2.663709E+00
   4   5.0-  3.7085  --->  1   3.0-  2.6145    1.09393   3.723502E-01
   4   5.0-  3.7085  --->  2   5.0-  3.1977    0.51074   2.127617E+01
   4   5.0-  3.7085  --->  3   4.0-  3.4751    0.23337   2.893573E-01
   5   6.0-  3.9200  --->  2   5.0-  3.1977    0.72225   7.460238E+00
   5   6.0-  3.9200  --->  4   5.0-  3.7085    0.21151   6.118164E+00
   6   4.0-  3.9466  --->  2   5.0-  3.1977    0.74887   1.641788E+00
   6   4.0-  3.9466  --->  3   4.0-  3.4751    0.47150   4.316743E-01
   6   4.0-  3.9466  --->  4   5.0-  3.7085    0.23813   4.154134E-01
   7   5.0-  3.9612  --->  2   5.0-  3.1977    0.76345   2.868555E+00
   7   5.0-  3.9612  --->  3   4.0-  3.4751    0.48608   7.173570E-02
   7   5.0-  3.9612  --->  4   5.0-  3.7085    0.25271   1.098607E+00
   8   4.0-  3.9954  --->  1   3.0-  2.6145    1.38092   1.994240E+00
   8   4.0-  3.9954  --->  2   5.0-  3.1977    0.79773   5.922080E-01
   9   7.0-  4.0374  --->  2   5.0-  3.1977    0.83973   1.743485E+01
   9   7.0-  4.0374  --->  5   6.0-  3.9200    0.11748   1.917967E+00
  10   3.0-  4.0511  --->  1   3.0-  2.6145    1.43661   2.460917E+00
  10   3.0-  4.0511  --->  3   4.0-  3.4751    0.57606   4.232394E-01
  11   2.0+  4.0855  --->  0   0.0+  0.0000    4.08552   2.031703E+00
  11   2.0+  4.0855  --->  1   3.0-  2.6145    1.47100   9.345966E-03
  12   5.0-  4.1253  --->  2   5.0-  3.1977    0.92764   5.752783E+00
  12   5.0-  4.1253  --->  3   4.0-  3.4751    0.65027   1.455229E+00
  12   5.0-  4.1253  --->  4   5.0-  3.7085    0.41690   2.876420E-01
  12   5.0-  4.1253  --->  6   4.0-  3.9466    0.17877   5.292945E-02
  12   5.0-  4.1253  --->  7   5.0-  3.9612    0.16419   2.818909E-01
  13   1.0+  4.1440  --->  0   0.0+  0.0000    4.14400   1.350834E+00
  13   1.0+  4.1440  --->  1   3.0-  2.6145    1.52948   2.026283E-05
  13   1.0+  4.1440  ---> 11   2.0+  4.0855    0.05848   1.350855E-06
  14   5.0-  4.1804  --->  2   5.0-  3.1977    0.98270   2.823483E+00
  14   5.0-  4.1804  --->  3   4.0-  3.4751    0.70534   3.020971E-01
  15   6.0-  4.2063  --->  2   5.0-  3.1977    1.00857   3.508207E+00
  15   6.0-  4.2063  --->  4   5.0-  3.7085    0.49783   7.228218E-01

  Total                                                  3.364081E+02

 Nuclide: 207Pb

     Initial level          Final level     Gamma Energy  Cross section 

  no.  J/Pi    Ex         no.  J/Pi    Ex

   1   2.5-  0.5697  --->  0   0.5-  0.0000    0.56970   1.190369E+02
   2   1.5-  0.8977  --->  0   0.5-  0.0000    0.89770   2.899711E+01
   2   1.5-  0.8977  --->  1   2.5-  0.5697    0.32800   1.565761E-01
   4   3.5-  2.3399  --->  1   2.5-  0.5697    1.77022   2.676536E+01
   4   3.5-  2.3399  --->  2   1.5-  0.8977    1.44222   5.111353E-01
   5   2.5+  2.6239  --->  1   2.5-  0.5697    2.05417   1.950465E+00
   5   2.5+  2.6239  --->  2   1.5-  0.8977    1.72617   8.867368E+00
   6   3.5+  2.6625  --->  0   0.5-  0.0000    2.66248   7.817854E-01
   6   3.5+  2.6625  --->  1   2.5-  0.5697    2.09278   1.475184E+01
   6   3.5+  2.6625  --->  4   3.5-  2.3399    0.32256   2.950208E-01
   7   3.5+  2.7020  --->  0   0.5-  0.0000    2.70200   4.534963E-05
   7   3.5+  2.7020  --->  1   2.5-  0.5697    2.13230   1.511597E+01
   7   3.5+  2.7020  --->  2   1.5-  0.8977    1.80430   5.139625E-04
   7   3.5+  2.7020  --->  5   2.5+  2.6239    0.07813   1.511654E-05
   8   4.5+  2.7279  --->  1   2.5-  0.5697    2.15819   3.791222E-01
   8   4.5+  2.7279  --->  3   6.5+  1.6334    1.09454   1.579378E+01
   8   4.5+  2.7279  --->  4   3.5-  2.3399    0.38797   3.079567E+00
   9   5.5-  2.9020  --->  3   6.5+  1.6334    1.26864   2.057109E+01
   9   5.5-  2.9020  --->  4   3.5-  2.3399    0.56208   2.563332E-03
   9   5.5-  2.9020  --->  8   4.5+  2.7279    0.17411   9.837823E-02
  10   1.5-  2.9090  --->  0   0.5-  0.0000    2.90900   5.093603E+00
  10   1.5-  2.9090  --->  1   2.5-  0.5697    2.33930   2.793911E+00
  10   1.5-  2.9090  --->  4   3.5-  2.3399    0.56908   2.676867E-03
  10   1.5-  2.9090  --->  5   2.5+  2.6239    0.28513   3.210599E-01

  Total                                                  2.653659E+02

 Nuclide: 206Pb

     Initial level          Final level     Gamma Energy  Cross section 

  no.  J/Pi    Ex         no.  J/Pi    Ex

   1   2.0+  0.8031  --->  0   0.0+  0.0000    0.80305   8.040892E+02
   2   0.0+  1.1664  --->  1   2.0+  0.8031    0.36335   2.735731E+01
   3   3.0+  1.3405  --->  1   2.0+  0.8031    0.53744   3.190141E+02
   4   2.0+  1.4668  --->  0   0.0+  0.0000    1.46681   1.288600E+01
   4   2.0+  1.4668  --->  1   2.0+  0.8031    0.66376   4.239297E+01
   4   2.0+  1.4668  --->  3   3.0+  1.3405    0.12632   1.610504E+00
   5   4.0+  1.6840  --->  1   2.0+  0.8031    0.88094   2.044481E+02
   5   4.0+  1.6840  --->  3   3.0+  1.3405    0.34350   7.236571E+01
   6   1.0+  1.7045  --->  0   0.0+  0.0000    1.70445   3.270526E+01
   7   2.0+  1.7841  --->  0   0.0+  0.0000    1.78409   1.401282E+00
   7   2.0+  1.7841  --->  1   2.0+  0.8031    0.98104   2.694734E+01
   7   2.0+  1.7841  --->  2   0.0+  1.1664    0.61769   2.964458E+00
   7   2.0+  1.7841  --->  4   2.0+  1.4668    0.31728   6.197126E+00
   8   4.0+  1.9977  --->  1   2.0+  0.8031    1.19462   1.086252E+01
   8   4.0+  1.9977  --->  3   3.0+  1.3405    0.65718   7.487838E+01
   8   4.0+  1.9977  --->  5   4.0+  1.6840    0.31368   1.572158E+01
   9   2.0+  2.1490  --->  1   2.0+  0.8031    1.34592   2.189458E+01
   9   2.0+  2.1490  --->  3   3.0+  1.3405    0.80848   4.379283E+00
   9   2.0+  2.1490  --->  4   2.0+  1.4668    0.68216   4.379484E+00

  Total                                                  1.686495E+03

 Nuclide: 205Pb

     Initial level          Final level     Gamma Energy  Cross section 

  no.  J/Pi    Ex         no.  J/Pi    Ex

   1   0.5-  0.0023  --->  0   2.5-  0.0000    0.00233   4.767084E-07
   2   1.5-  0.2628  --->  0   2.5-  0.0000    0.26281   1.312620E+00
   2   1.5-  0.2628  --->  1   0.5-  0.0023    0.26048   3.918187E+00
   3   1.5-  0.5762  --->  0   2.5-  0.0000    0.57620   7.281862E-01
   3   1.5-  0.5762  --->  1   0.5-  0.0023    0.57387   2.403144E+00
   3   1.5-  0.5762  --->  2   1.5-  0.2628    0.31339   1.321657E-01
   4   3.5-  0.7034  --->  0   2.5-  0.0000    0.70344   1.301789E+01
   4   3.5-  0.7034  --->  3   1.5-  0.5762    0.12724   1.300998E-03
   5   2.5-  0.7614  --->  0   2.5-  0.0000    0.76143   1.101259E+00
   5   2.5-  0.7614  --->  1   0.5-  0.0023    0.75910   1.668829E+00
   5   2.5-  0.7614  --->  2   1.5-  0.2628    0.49862   1.502040E-01
   5   2.5-  0.7614  --->  3   1.5-  0.5762    0.18523   1.535769E-01
   6   1.5-  0.8033  --->  0   2.5-  0.0000    0.80335   2.057429E-01
   6   1.5-  0.8033  --->  2   1.5-  0.2628    0.54054   8.574557E-01
   6   1.5-  0.8033  --->  3   1.5-  0.5762    0.22715   2.657970E-01
   7   4.5-  0.9876  --->  0   2.5-  0.0000    0.98763   7.086751E+00
   7   4.5-  0.9876  --->  4   3.5-  0.7034    0.28419   7.431909E-01
   8   0.5-  0.9976  --->  1   0.5-  0.0023    0.99527   7.027208E-01
  10   3.5-  1.0437  --->  0   2.5-  0.0000    1.04372   2.386781E+00
  10   3.5-  1.0437  --->  2   1.5-  0.2628    0.78091   1.818734E-01
  10   3.5-  1.0437  --->  5   2.5-  0.7614    0.28229   1.353301E-01

  Total                                                  3.715300E+01

 ########## RESULTS FOR E=  27.00000 ##########

 Energy dependent input flags

 Width fluctuations (flagwidth)            : n
 Unresolved resonance parameters (flagurr) : n
 Preequilibrium (flagpreeq)                : y
 Multiple preequilibrium (flagmulpre)      : y
 Number of continuum excitation energy bins: 40

 ########### REACTION SUMMARY FOR E=  27.00000 ###########

 Center-of-mass energy:   26.868

 1. Total (binary) cross sections

 Total           = 5.45201E+03
   Shape elastic   = 2.98192E+03
   Reaction        = 2.47009E+03
     Compound elastic= 1.03020E-07
     Non-elastic     = 2.47009E+03
       Direct          = 5.92893E+01
       Pre-equilibrium = 1.01905E+03
       Giant resonance = 3.24695E+01
       Compound non-el = 1.35928E+03
     Total elastic   = 2.98192E+03

 2. Binary non-elastic cross sections (non-exclusive)

 gamma   = 3.43284E+00
 neutron = 2.40662E+03
 proton  = 3.51278E+01
 deuteron= 1.22018E+01
 triton  = 5.25662E+00
 helium-3= 3.24048E-04
 alpha   = 7.44636E+00

 3. Total particle production cross sections

 gamma   = 4.71859E+03    Multiplicity= 1.91029E+00
 neutron = 6.82783E+03    Multiplicity= 2.76420E+00
 proton  = 3.65603E+01    Multiplicity= 1.48012E-02
 deuteron= 1.22021E+01    Multiplicity= 4.93994E-03
 triton  = 5.25703E+00    Multiplicity= 2.12827E-03
 helium-3= 3.24048E-04    Multiplicity= 1.31189E-07
 alpha   = 7.49179E+00    Multiplicity= 3.03300E-03

 4. Residual production cross sections

   a. Per isotope

   Z   A  nuclide    total     level   isomeric    isomeric    lifetime
                 cross section       cross section  ratio

   82 209 (209Pb) 2.45509E-01    0    2.45509E-01  1.00000
   82 208 (208Pb) 1.53017E+02    0    1.53017E+02  1.00000
   82 207 (207Pb) 3.98036E+02    0    1.70902E+02  0.42936
                                 3    2.27134E+02  0.57064   8.06000E-01 sec. 
   82 206 (206Pb) 1.55365E+03    0    8.15052E+02  0.52460
                                11    7.38602E+02  0.47540   1.25000E-04 sec. 
   82 205 (205Pb) 3.04205E+02    0    1.92988E+02  0.63440
                                 9    1.11217E+02  0.36560   5.55000E-03 sec. 

   b. Per mass

   A  cross section

  209 2.45509E-01
  208 1.53017E+02
  207 3.98036E+02
  206 1.55365E+03
  205 3.04205E+02

 Total residual production cross section:  2409.1582031
 Non-elastic cross section              :  2470.0900879

 6. Exclusive cross sections

 6a. Total exclusive cross sections 

     Emitted particles     cross section reaction         level    isomeric    isomeric    lifetime relative yield
    n   p   d   t   h   a                                        cross section   ratio
    0   0   0   0   0   0    2.45509E-01  (n,g)                                                     1.02044E-04
    1   0   0   0   0   0    1.52245E+02  (n,n')                                                    6.32792E-02
    2   0   0   0   0   0    3.96131E+02  (n,2n)                                                    1.64648E-01
                                                             0     1.70056E+02  0.42929
                                                             3     2.26074E+02  0.57071   8.06000E-01 sec. 
    3   0   0   0   0   0    1.55310E+03  (n,3n)                                                    6.45531E-01
                                                             0     8.14722E+02  0.52458
                                                            11     7.38373E+02  0.47542   1.25000E-04 sec. 
    4   0   0   0   0   0    3.04202E+02  (n,4n)                                                    1.26439E-01
                                                             0     1.92986E+02  0.63440
                                                             9     1.11216E+02  0.36560   5.55000E-03 sec. 

 Absorption cross section                 :     0.24551

 Sum over exclusive channel cross sections:  2405.91870
 (n,gn) + (n,gp) +...(n,ga) cross sections:     3.24000
 Total                                    :  2409.15869
 Non-elastic cross section                :  2470.09009

 10. Gamma-ray intensities

 Nuclide: 209Pb

     Initial level          Final level     Gamma Energy  Cross section 

  no.  J/Pi    Ex         no.  J/Pi    Ex

   1   5.5+  0.7789  --->  0   4.5+  0.0000    0.77889   6.378159E-02
   2   7.5-  1.4226  --->  0   4.5+  0.0000    1.42264   6.104640E-02
   2   7.5-  1.4226  --->  1   5.5+  0.7789    0.64375   6.714568E-03
   3   2.5+  1.5671  --->  0   4.5+  0.0000    1.56709   5.855019E-02
   4   0.5+  2.0322  --->  3   2.5+  1.5671    0.46512   3.031927E-02
   5   0.5-  2.1494  --->  0   4.5+  0.0000    2.14943   7.407534E-08
   5   0.5-  2.1494  --->  3   2.5+  1.5671    0.58234   3.224093E-05
   5   0.5-  2.1494  --->  4   0.5+  2.0322    0.11722   8.266587E-03
   6   1.5-  2.3159  --->  0   4.5+  0.0000    2.31593   9.845475E-04
   6   1.5-  2.3159  --->  3   2.5+  1.5671    0.74884   2.673082E-03
   6   1.5-  2.3159  --->  4   0.5+  2.0322    0.28372   4.689684E-03
   7   3.5-  2.4240  --->  0   4.5+  0.0000    2.42400   4.677913E-03
   7   3.5-  2.4240  --->  1   5.5+  0.7789    1.64511   2.439160E-08
   7   3.5-  2.4240  --->  3   2.5+  1.5671    0.85691   2.003819E-04
   8   2.5-  2.4610  --->  0   4.5+  0.0000    2.46100   2.506694E-03
   8   2.5-  2.4610  --->  3   2.5+  1.5671    0.89391   6.265528E-04
   9   3.5+  2.4910  --->  0   4.5+  0.0000    2.49100   2.846146E-03
   9   3.5+  2.4910  --->  1   5.5+  0.7789    1.71211   8.823637E-05
  10   1.5-  2.5249  --->  5   0.5-  2.1494    0.37550   2.189129E-03

  Total                                                  2.501933E-01

 Nuclide: 208Pb

     Initial level          Final level     Gamma Energy  Cross section 

  no.  J/Pi    Ex         no.  J/Pi    Ex

   1   3.0-  2.6145  --->  0   0.0+  0.0000    2.61452   1.458521E+02
   2   5.0-  3.1977  --->  1   3.0-  2.6145    0.58319   8.600708E+01
   3   4.0-  3.4751  --->  1   3.0-  2.6145    0.86056   4.983261E+00
   3   4.0-  3.4751  --->  2   5.0-  3.1977    0.27737   2.531404E+00
   4   5.0-  3.7085  --->  1   3.0-  2.6145    1.09393   3.536653E-01
   4   5.0-  3.7085  --->  2   5.0-  3.1977    0.51074   2.020851E+01
   4   5.0-  3.7085  --->  3   4.0-  3.4751    0.23337   2.748371E-01
   5   6.0-  3.9200  --->  2   5.0-  3.1977    0.72225   7.060328E+00
   5   6.0-  3.9200  --->  4   5.0-  3.7085    0.21151   5.790196E+00
   6   4.0-  3.9466  --->  2   5.0-  3.1977    0.74887   1.560477E+00
   6   4.0-  3.9466  --->  3   4.0-  3.4751    0.47150   4.102952E-01
   6   4.0-  3.9466  --->  4   5.0-  3.7085    0.23813   3.948396E-01
   7   5.0-  3.9612  --->  2   5.0-  3.1977    0.76345   2.737437E+00
   7   5.0-  3.9612  --->  3   4.0-  3.4751    0.48608   6.845674E-02
   7   5.0-  3.9612  --->  4   5.0-  3.7085    0.25271   1.048391E+00
   8   4.0-  3.9954  --->  1   3.0-  2.6145    1.38092   1.895120E+00
   8   4.0-  3.9954  --->  2   5.0-  3.1977    0.79773   5.627732E-01
   9   7.0-  4.0374  --->  2   5.0-  3.1977    0.83973   1.646314E+01
   9   7.0-  4.0374  --->  5   6.0-  3.9200    0.11748   1.811071E+00
  10   3.0-  4.0511  --->  1   3.0-  2.6145    1.43661   2.373046E+00
  10   3.0-  4.0511  --->  3   4.0-  3.4751    0.57606   4.081270E-01
  11   2.0+  4.0855  --->  0   0.0+  0.0000    4.08552   1.941285E+00
  11   2.0+  4.0855  --->  1   3.0-  2.6145    1.47100   8.930038E-03
  12   5.0-  4.1253  --->  2   5.0-  3.1977    0.92764   5.549904E+00
  12   5.0-  4.1253  --->  3   4.0-  3.4751    0.65027   1.403909E+00
  12   5.0-  4.1253  --->  4   5.0-  3.7085    0.41690   2.774980E-01
  12   5.0-  4.1253  --->  6   4.0-  3.9466    0.17877   5.106283E-02
  12   5.0-  4.1253  --->  7   5.0-  3.9612    0.16419   2.719496E-01
  13   1.0+  4.1440  --->  0   0.0+  0.0000    4.14400   1.302782E+00
  13   1.0+  4.1440  --->  1   3.0-  2.6145    1.52948   1.954204E-05
  13   1.0+  4.1440  ---> 11   2.0+  4.0855    0.05848   1.302803E-06
  14   5.0-  4.1804  --->  2   5.0-  3.1977    0.98270   2.697619E+00
  14   5.0-  4.1804  --->  3   4.0-  3.4751    0.70534   2.886303E-01
  15   6.0-  4.2063  --->  2   5.0-  3.1977    1.00857   3.352339E+00
  15   6.0-  4.2063  --->  4   5.0-  3.7085    0.49783   6.907071E-01

  Total                                                  3.206312E+02

 Nuclide: 207Pb

     Initial level          Final level     Gamma Energy  Cross section 

  no.  J/Pi    Ex         no.  J/Pi    Ex

   1   2.5-  0.5697  --->  0   0.5-  0.0000    0.56970   1.129686E+02
   2   1.5-  0.8977  --->  0   0.5-  0.0000    0.89770   2.746110E+01
   2   1.5-  0.8977  --->  1   2.5-  0.5697    0.32800   1.482821E-01
   4   3.5-  2.3399  --->  1   2.5-  0.5697    1.77022   2.528482E+01
   4   3.5-  2.3399  --->  2   1.5-  0.8977    1.44222   4.828615E-01
   5   2.5+  2.6239  --->  1   2.5-  0.5697    2.05417   1.876097E+00
   5   2.5+  2.6239  --->  2   1.5-  0.8977    1.72617   8.529271E+00
   6   3.5+  2.6625  --->  0   0.5-  0.0000    2.66248   7.439666E-01
   6   3.5+  2.6625  --->  1   2.5-  0.5697    2.09278   1.403822E+01
   6   3.5+  2.6625  --->  4   3.5-  2.3399    0.32256   2.807492E-01
   7   3.5+  2.7020  --->  0   0.5-  0.0000    2.70200   4.319916E-05
   7   3.5+  2.7020  --->  1   2.5-  0.5697    2.13230   1.439917E+01
   7   3.5+  2.7020  --->  2   1.5-  0.8977    1.80430   4.895905E-04
   7   3.5+  2.7020  --->  5   2.5+  2.6239    0.07813   1.439972E-05
   8   4.5+  2.7279  --->  1   2.5-  0.5697    2.15819   3.595021E-01
   8   4.5+  2.7279  --->  3   6.5+  1.6334    1.09454   1.497643E+01
   8   4.5+  2.7279  --->  4   3.5-  2.3399    0.38797   2.920195E+00
   9   5.5-  2.9020  --->  3   6.5+  1.6334    1.26864   1.942645E+01
   9   5.5-  2.9020  --->  4   3.5-  2.3399    0.56208   2.420700E-03
   9   5.5-  2.9020  --->  8   4.5+  2.7279    0.17411   9.290411E-02
  10   1.5-  2.9090  --->  0   0.5-  0.0000    2.90900   4.934554E+00
  10   1.5-  2.9090  --->  1   2.5-  0.5697    2.33930   2.706670E+00
  10   1.5-  2.9090  --->  4   3.5-  2.3399    0.56908   2.593282E-03
  10   1.5-  2.9090  --->  5   2.5+  2.6239    0.28513   3.110347E-01

  Total                                                  2.519464E+02

 Nuclide: 206Pb

     Initial level          Final level     Gamma Energy  Cross section 

  no.  J/Pi    Ex         no.  J/Pi    Ex

   1   2.0+  0.8031  --->  0   0.0+  0.0000    0.80305   7.150612E+02
   2   0.0+  1.1664  --->  1   2.0+  0.8031    0.36335   2.720193E+01
   3   3.0+  1.3405  --->  1   2.0+  0.8031    0.53744   2.809713E+02
   4   2.0+  1.4668  --->  0   0.0+  0.0000    1.46681   1.190853E+01
   4   2.0+  1.4668  --->  1   2.0+  0.8031    0.66376   3.917725E+01
   4   2.0+  1.4668  --->  3   3.0+  1.3405    0.12632   1.488340E+00
   5   4.0+  1.6840  --->  1   2.0+  0.8031    0.88094   1.783491E+02
   5   4.0+  1.6840  --->  3   3.0+  1.3405    0.34350   6.312778E+01
   6   1.0+  1.7045  --->  0   0.0+  0.0000    1.70445   3.152380E+01
   7   2.0+  1.7841  --->  0   0.0+  0.0000    1.78409   1.322672E+00
   7   2.0+  1.7841  --->  1   2.0+  0.8031    0.98104   2.543562E+01
   7   2.0+  1.7841  --->  2   0.0+  1.1664    0.61769   2.798154E+00
   7   2.0+  1.7841  --->  4   2.0+  1.4668    0.31728   5.849473E+00
   8   4.0+  1.9977  --->  1   2.0+  0.8031    1.19462   9.724566E+00
   8   4.0+  1.9977  --->  3   3.0+  1.3405    0.65718   6.703414E+01
   8   4.0+  1.9977  --->  5   4.0+  1.6840    0.31368   1.407459E+01
   9   2.0+  2.1490  --->  1   2.0+  0.8031    1.34592   2.130855E+01
   9   2.0+  2.1490  --->  3   3.0+  1.3405    0.80848   4.262067E+00
   9   2.0+  2.1490  --->  4   2.0+  1.4668    0.68216   4.262263E+00

  Total                                                  1.504881E+03

 Nuclide: 205Pb

     Initial level          Final level     Gamma Energy  Cross section 

  no.  J/Pi    Ex         no.  J/Pi    Ex

   1   0.5-  0.0023  --->  0   2.5-  0.0000    0.00233   1.041770E-06
   2   1.5-  0.2628  --->  0   2.5-  0.0000    0.26281   2.873401E+00
   2   1.5-  0.2628  --->  1   0.5-  0.0023    0.26048   8.577140E+00
   3   1.5-  0.5762  --->  0   2.5-  0.0000    0.57620   1.886098E+00
   3   1.5-  0.5762  --->  1   0.5-  0.0023    0.57387   6.224459E+00
   3   1.5-  0.5762  --->  2   1.5-  0.2628    0.31339   3.423266E-01
   4   3.5-  0.7034  --->  0   2.5-  0.0000    0.70344   3.127355E+01
   4   3.5-  0.7034  --->  3   1.5-  0.5762    0.12724   3.125455E-03
   5   2.5-  0.7614  --->  0   2.5-  0.0000    0.76143   2.940276E+00
   5   2.5-  0.7614  --->  1   0.5-  0.0023    0.75910   4.455644E+00
   5   2.5-  0.7614  --->  2   1.5-  0.2628    0.49862   4.010330E-01
   5   2.5-  0.7614  --->  3   1.5-  0.5762    0.18523   4.100386E-01
   6   1.5-  0.8033  --->  0   2.5-  0.0000    0.80335   5.973086E-01
   6   1.5-  0.8033  --->  2   1.5-  0.2628    0.54054   2.489349E+00
   6   1.5-  0.8033  --->  3   1.5-  0.5762    0.22715   7.716568E-01
   7   4.5-  0.9876  --->  0   2.5-  0.0000    0.98763   2.044867E+01
   7   4.5-  0.9876  --->  4   3.5-  0.7034    0.28419   2.144461E+00
   8   0.5-  0.9976  --->  1   0.5-  0.0023    0.99527   2.361642E+00
  10   3.5-  1.0437  --->  0   2.5-  0.0000    1.04372   7.256430E+00
  10   3.5-  1.0437  --->  2   1.5-  0.2628    0.78091   5.529419E-01
  10   3.5-  1.0437  --->  5   2.5-  0.7614    0.28229   4.114383E-01

  Total                                                  9.642097E+01

 ########## RESULTS FOR E=  28.00000 ##########

 Energy dependent input flags

 Width fluctuations (flagwidth)            : n
 Unresolved resonance parameters (flagurr) : n
 Preequilibrium (flagpreeq)                : y
 Multiple preequilibrium (flagmulpre)      : y
 Number of continuum excitation energy bins: 40

 ########### REACTION SUMMARY FOR E=  28.00000 ###########

 Center-of-mass energy:   27.863

 1. Total (binary) cross sections

 Total           = 5.35221E+03
   Shape elastic   = 2.89123E+03
   Reaction        = 2.46098E+03
     Compound elastic= 1.01151E-07
     Non-elastic     = 2.46098E+03
       Direct          = 5.79196E+01
       Pre-equilibrium = 1.04252E+03
       Giant resonance = 3.23700E+01
       Compound non-el = 1.32817E+03
     Total elastic   = 2.89123E+03

 2. Binary non-elastic cross sections (non-exclusive)

 gamma   = 3.39161E+00
 neutron = 2.39054E+03
 proton  = 4.00435E+01
 deuteron= 1.34345E+01
 triton  = 6.04695E+00
 helium-3= 1.04276E-03
 alpha   = 7.52657E+00

 3. Total particle production cross sections

 gamma   = 4.50552E+03    Multiplicity= 1.83078E+00
 neutron = 7.03081E+03    Multiplicity= 2.85691E+00
 proton  = 4.20466E+01    Multiplicity= 1.70853E-02
 deuteron= 1.34349E+01    Multiplicity= 5.45917E-03
 triton  = 6.04752E+00    Multiplicity= 2.45736E-03
 helium-3= 1.04276E-03    Multiplicity= 4.23717E-07
 alpha   = 7.58168E+00    Multiplicity= 3.08076E-03

 4. Residual production cross sections

   a. Per isotope

   Z   A  nuclide    total     level   isomeric    isomeric    lifetime
                 cross section       cross section  ratio

   82 209 (209Pb) 2.25074E-01    0    2.25074E-01  1.00000
   82 208 (208Pb) 1.48674E+02    0    1.48674E+02  1.00000
   82 207 (207Pb) 3.75600E+02    0    1.62570E+02  0.43283
                                 3    2.13030E+02  0.56717   8.06000E-01 sec. 
   82 206 (206Pb) 1.34247E+03    0    6.99003E+02  0.52068
                                11    6.43470E+02  0.47932   1.25000E-04 sec. 
   82 205 (205Pb) 5.25496E+02    0    3.10433E+02  0.59074
                                 9    2.15064E+02  0.40926   5.55000E-03 sec. 

   b. Per mass

   A  cross section

  209 2.25074E-01
  208 1.48674E+02
  207 3.75600E+02
  206 1.34247E+03
  205 5.25496E+02

 Total residual production cross section:  2392.4687500
 Non-elastic cross section              :  2460.9799805

 6. Exclusive cross sections

 6a. Total exclusive cross sections 

     Emitted particles     cross section reaction         level    isomeric    isomeric    lifetime relative yield
    n   p   d   t   h   a                                        cross section   ratio
    0   0   0   0   0   0    2.25074E-01  (n,g)                                                     9.42031E-05
    1   0   0   0   0   0    1.48001E+02  (n,n')                                                    6.19445E-02
    2   0   0   0   0   0    3.73693E+02  (n,2n)                                                    1.56406E-01
                                                             0     1.61734E+02  0.43280
                                                             3     2.11959E+02  0.56720   8.06000E-01 sec. 
    3   0   0   0   0   0    1.34184E+03  (n,3n)                                                    5.61616E-01
                                                             0     6.98630E+02  0.52065
                                                            11     6.43207E+02  0.47935   1.25000E-04 sec. 
    4   0   0   0   0   0    5.25488E+02  (n,4n)                                                    2.19939E-01
                                                             0     3.10427E+02  0.59074
                                                             9     2.15061E+02  0.40926   5.55000E-03 sec. 

 Absorption cross section                 :     0.22507

 Sum over exclusive channel cross sections:  2389.24365
 (n,gn) + (n,gp) +...(n,ga) cross sections:     3.22588
 Total                                    :  2392.46948
 Non-elastic cross section                :  2460.97998

 10. Gamma-ray intensities

 Nuclide: 209Pb

     Initial level          Final level     Gamma Energy  Cross section 

  no.  J/Pi    Ex         no.  J/Pi    Ex

   1   5.5+  0.7789  --->  0   4.5+  0.0000    0.77889   6.007671E-02
   2   7.5-  1.4226  --->  0   4.5+  0.0000    1.42264   5.557231E-02
   2   7.5-  1.4226  --->  1   5.5+  0.7789    0.64375   6.112467E-03
   3   2.5+  1.5671  --->  0   4.5+  0.0000    1.56709   5.125564E-02
   4   0.5+  2.0322  --->  3   2.5+  1.5671    0.46512   2.680919E-02
   5   0.5-  2.1494  --->  0   4.5+  0.0000    2.14943   6.374343E-08
   5   0.5-  2.1494  --->  3   2.5+  1.5671    0.58234   2.774402E-05
   5   0.5-  2.1494  --->  4   0.5+  2.0322    0.11722   7.113576E-03
   6   1.5-  2.3159  --->  0   4.5+  0.0000    2.31593   8.629140E-04
   6   1.5-  2.3159  --->  3   2.5+  1.5671    0.74884   2.342843E-03
   6   1.5-  2.3159  --->  4   0.5+  2.0322    0.28372   4.110308E-03
   7   3.5-  2.4240  --->  0   4.5+  0.0000    2.42400   4.247885E-03
   7   3.5-  2.4240  --->  1   5.5+  0.7789    1.64511   2.214934E-08
   7   3.5-  2.4240  --->  3   2.5+  1.5671    0.85691   1.819613E-04
   8   2.5-  2.4610  --->  0   4.5+  0.0000    2.46100   2.086670E-03
   8   2.5-  2.4610  --->  3   2.5+  1.5671    0.89391   5.215672E-04
   9   3.5+  2.4910  --->  0   4.5+  0.0000    2.49100   2.482622E-03
   9   3.5+  2.4910  --->  1   5.5+  0.7789    1.71211   7.696640E-05
  10   1.5-  2.5249  --->  5   0.5-  2.1494    0.37550   1.705176E-03

  Total                                                  2.255867E-01

 Nuclide: 208Pb

     Initial level          Final level     Gamma Energy  Cross section 

  no.  J/Pi    Ex         no.  J/Pi    Ex

   1   3.0-  2.6145  --->  0   0.0+  0.0000    2.61452   1.415786E+02
   2   5.0-  3.1977  --->  1   3.0-  2.6145    0.58319   8.320162E+01
   3   4.0-  3.4751  --->  1   3.0-  2.6145    0.86056   4.826447E+00
   3   4.0-  3.4751  --->  2   5.0-  3.1977    0.27737   2.451745E+00
   4   5.0-  3.7085  --->  1   3.0-  2.6145    1.09393   3.421555E-01
   4   5.0-  3.7085  --->  2   5.0-  3.1977    0.51074   1.955084E+01
   4   5.0-  3.7085  --->  3   4.0-  3.4751    0.23337   2.658927E-01
   5   6.0-  3.9200  --->  2   5.0-  3.1977    0.72225   6.834132E+00
   5   6.0-  3.9200  --->  4   5.0-  3.7085    0.21151   5.604692E+00
   6   4.0-  3.9466  --->  2   5.0-  3.1977    0.74887   1.511064E+00
   6   4.0-  3.9466  --->  3   4.0-  3.4751    0.47150   3.973031E-01
   6   4.0-  3.9466  --->  4   5.0-  3.7085    0.23813   3.823369E-01
   7   5.0-  3.9612  --->  2   5.0-  3.1977    0.76345   2.645211E+00
   7   5.0-  3.9612  --->  3   4.0-  3.4751    0.48608   6.615040E-02
   7   5.0-  3.9612  --->  4   5.0-  3.7085    0.25271   1.013070E+00
   8   4.0-  3.9954  --->  1   3.0-  2.6145    1.38092   1.835016E+00
   8   4.0-  3.9954  --->  2   5.0-  3.1977    0.79773   5.449249E-01
   9   7.0-  4.0374  --->  2   5.0-  3.1977    0.83973   1.592666E+01
   9   7.0-  4.0374  --->  5   6.0-  3.9200    0.11748   1.752054E+00
  10   3.0-  4.0511  --->  1   3.0-  2.6145    1.43661   2.317801E+00
  10   3.0-  4.0511  --->  3   4.0-  3.4751    0.57606   3.986257E-01
  11   2.0+  4.0855  --->  0   0.0+  0.0000    4.08552   1.911236E+00
  11   2.0+  4.0855  --->  1   3.0-  2.6145    1.47100   8.791809E-03
  12   5.0-  4.1253  --->  2   5.0-  3.1977    0.92764   5.381278E+00
  12   5.0-  4.1253  --->  3   4.0-  3.4751    0.65027   1.361253E+00
  12   5.0-  4.1253  --->  4   5.0-  3.7085    0.41690   2.690665E-01
  12   5.0-  4.1253  --->  6   4.0-  3.9466    0.17877   4.951135E-02
  12   5.0-  4.1253  --->  7   5.0-  3.9612    0.16419   2.636868E-01
  13   1.0+  4.1440  --->  0   0.0+  0.0000    4.14400   1.283991E+00
  13   1.0+  4.1440  --->  1   3.0-  2.6145    1.52948   1.926017E-05
  13   1.0+  4.1440  ---> 11   2.0+  4.0855    0.05848   1.284012E-06
  14   5.0-  4.1804  --->  2   5.0-  3.1977    0.98270   2.607001E+00
  14   5.0-  4.1804  --->  3   4.0-  3.4751    0.70534   2.789348E-01
  15   6.0-  4.2063  --->  2   5.0-  3.1977    1.00857   3.259145E+00
  15   6.0-  4.2063  --->  4   5.0-  3.7085    0.49783   6.715059E-01

  Total                                                  3.107918E+02

 Nuclide: 207Pb

     Initial level          Final level     Gamma Energy  Cross section 

  no.  J/Pi    Ex         no.  J/Pi    Ex

   1   2.5-  0.5697  --->  0   0.5-  0.0000    0.56970   1.073946E+02
   2   1.5-  0.8977  --->  0   0.5-  0.0000    0.89770   2.616329E+01
   2   1.5-  0.8977  --->  1   2.5-  0.5697    0.32800   1.412743E-01
   4   3.5-  2.3399  --->  1   2.5-  0.5697    1.77022   2.410069E+01
   4   3.5-  2.3399  --->  2   1.5-  0.8977    1.44222   4.602483E-01
   5   2.5+  2.6239  --->  1   2.5-  0.5697    2.05417   1.810693E+00
   5   2.5+  2.6239  --->  2   1.5-  0.8977    1.72617   8.231928E+00
   6   3.5+  2.6625  --->  0   0.5-  0.0000    2.66248   7.126688E-01
   6   3.5+  2.6625  --->  1   2.5-  0.5697    2.09278   1.344765E+01
   6   3.5+  2.6625  --->  4   3.5-  2.3399    0.32256   2.689385E-01
   7   3.5+  2.7020  --->  0   0.5-  0.0000    2.70200   4.142434E-05
   7   3.5+  2.7020  --->  1   2.5-  0.5697    2.13230   1.380759E+01
   7   3.5+  2.7020  --->  2   1.5-  0.8977    1.80430   4.694758E-04
   7   3.5+  2.7020  --->  5   2.5+  2.6239    0.07813   1.380811E-05
   8   4.5+  2.7279  --->  1   2.5-  0.5697    2.15819   3.434568E-01
   8   4.5+  2.7279  --->  3   6.5+  1.6334    1.09454   1.430801E+01
   8   4.5+  2.7279  --->  4   3.5-  2.3399    0.38797   2.789861E+00
   9   5.5-  2.9020  --->  3   6.5+  1.6334    1.26864   1.857548E+01
   9   5.5-  2.9020  --->  4   3.5-  2.3399    0.56208   2.314662E-03
   9   5.5-  2.9020  --->  8   4.5+  2.7279    0.17411   8.883449E-02
  10   1.5-  2.9090  --->  0   0.5-  0.0000    2.90900   4.814372E+00
  10   1.5-  2.9090  --->  1   2.5-  0.5697    2.33930   2.640749E+00
  10   1.5-  2.9090  --->  4   3.5-  2.3399    0.56908   2.530122E-03
  10   1.5-  2.9090  --->  5   2.5+  2.6239    0.28513   3.034594E-01

  Total                                                  2.404091E+02

 Nuclide: 206Pb

     Initial level          Final level     Gamma Energy  Cross section 

  no.  J/Pi    Ex         no.  J/Pi    Ex

   1   2.0+  0.8031  --->  0   0.0+  0.0000    0.80305   6.083719E+02
   2   0.0+  1.1664  --->  1   2.0+  0.8031    0.36335   2.580234E+01
   3   3.0+  1.3405  --->  1   2.0+  0.8031    0.53744   2.360634E+02
   4   2.0+  1.4668  --->  0   0.0+  0.0000    1.46681   1.057178E+01
   4   2.0+  1.4668  --->  1   2.0+  0.8031    0.66376   3.477956E+01
   4   2.0+  1.4668  --->  3   3.0+  1.3405    0.12632   1.321272E+00
   5   4.0+  1.6840  --->  1   2.0+  0.8031    0.88094   1.478327E+02
   5   4.0+  1.6840  --->  3   3.0+  1.3405    0.34350   5.232630E+01
   6   1.0+  1.7045  --->  0   0.0+  0.0000    1.70445   2.909322E+01
   7   2.0+  1.7841  --->  0   0.0+  0.0000    1.78409   1.197142E+00
   7   2.0+  1.7841  --->  1   2.0+  0.8031    0.98104   2.302162E+01
   7   2.0+  1.7841  --->  2   0.0+  1.1664    0.61769   2.532592E+00
   7   2.0+  1.7841  --->  4   2.0+  1.4668    0.31728   5.294322E+00
   8   4.0+  1.9977  --->  1   2.0+  0.8031    1.19462   8.303164E+00
   8   4.0+  1.9977  --->  3   3.0+  1.3405    0.65718   5.723603E+01
   8   4.0+  1.9977  --->  5   4.0+  1.6840    0.31368   1.201736E+01
   9   2.0+  2.1490  --->  1   2.0+  0.8031    1.34592   1.981153E+01
   9   2.0+  2.1490  --->  3   3.0+  1.3405    0.80848   3.962637E+00
   9   2.0+  2.1490  --->  4   2.0+  1.4668    0.68216   3.962819E+00

  Total                                                  1.283502E+03

 Nuclide: 205Pb

     Initial level          Final level     Gamma Energy  Cross section 

  no.  J/Pi    Ex         no.  J/Pi    Ex

   1   0.5-  0.0023  --->  0   2.5-  0.0000    0.00233   1.796108E-06
   2   1.5-  0.2628  --->  0   2.5-  0.0000    0.26281   4.816720E+00
   2   1.5-  0.2628  --->  1   0.5-  0.0023    0.26048   1.437797E+01
   3   1.5-  0.5762  --->  0   2.5-  0.0000    0.57620   3.539166E+00
   3   1.5-  0.5762  --->  1   0.5-  0.0023    0.57387   1.167987E+01
   3   1.5-  0.5762  --->  2   1.5-  0.2628    0.31339   6.423581E-01
   4   3.5-  0.7034  --->  0   2.5-  0.0000    0.70344   5.655199E+01
   4   3.5-  0.7034  --->  3   1.5-  0.5762    0.12724   5.651763E-03
   5   2.5-  0.7614  --->  0   2.5-  0.0000    0.76143   5.556467E+00
   5   2.5-  0.7614  --->  1   0.5-  0.0023    0.75910   8.420175E+00
   5   2.5-  0.7614  --->  2   1.5-  0.2628    0.49862   7.578630E-01
   5   2.5-  0.7614  --->  3   1.5-  0.5762    0.18523   7.748815E-01
   6   1.5-  0.8033  --->  0   2.5-  0.0000    0.80335   1.203480E+00
   6   1.5-  0.8033  --->  2   1.5-  0.2628    0.54054   5.015634E+00
   6   1.5-  0.8033  --->  3   1.5-  0.5762    0.22715   1.554763E+00
   7   4.5-  0.9876  --->  0   2.5-  0.0000    0.98763   4.060691E+01
   7   4.5-  0.9876  --->  4   3.5-  0.7034    0.28419   4.258465E+00
   8   0.5-  0.9976  --->  1   0.5-  0.0023    0.99527   5.292539E+00
  10   3.5-  1.0437  --->  0   2.5-  0.0000    1.04372   1.471884E+01
  10   3.5-  1.0437  --->  2   1.5-  0.2628    0.78091   1.121580E+00
  10   3.5-  1.0437  --->  5   2.5-  0.7614    0.28229   8.345557E-01

  Total                                                  1.817299E+02

 ########## RESULTS FOR E=  29.00000 ##########

 Energy dependent input flags

 Width fluctuations (flagwidth)            : n
 Unresolved resonance parameters (flagurr) : n
 Preequilibrium (flagpreeq)                : y
 Multiple preequilibrium (flagmulpre)      : y
 Number of continuum excitation energy bins: 40

 ########### REACTION SUMMARY FOR E=  29.00000 ###########

 Center-of-mass energy:   28.858

 1. Total (binary) cross sections

 Total           = 5.25237E+03
   Shape elastic   = 2.79778E+03
   Reaction        = 2.45459E+03
     Compound elastic= 1.00446E-07
     Non-elastic     = 2.45459E+03
       Direct          = 5.66031E+01
       Pre-equilibrium = 1.06626E+03
       Giant resonance = 3.22236E+01
       Compound non-el = 1.29950E+03
     Total elastic   = 2.79778E+03

 2. Binary non-elastic cross sections (non-exclusive)

 gamma   = 3.35504E+00
 neutron = 2.37660E+03
 proton  = 4.51312E+01
 deuteron= 1.46285E+01
 triton  = 6.84166E+00
 helium-3= 2.98743E-03
 alpha   = 8.02798E+00

 3. Total particle production cross sections

 gamma   = 4.31956E+03    Multiplicity= 1.75979E+00
 neutron = 7.24223E+03    Multiplicity= 2.95048E+00
 proton  = 4.78147E+01    Multiplicity= 1.94797E-02
 deuteron= 1.46291E+01    Multiplicity= 5.95990E-03
 triton  = 6.84241E+00    Multiplicity= 2.78760E-03
 helium-3= 2.98743E-03    Multiplicity= 1.21708E-06
 alpha   = 8.09515E+00    Multiplicity= 3.29796E-03

 4. Residual production cross sections

   a. Per isotope

   Z   A  nuclide    total     level   isomeric    isomeric    lifetime
                 cross section       cross section  ratio

   82 209 (209Pb) 2.13360E-01    0    2.13360E-01  1.00000
   82 208 (208Pb) 1.42224E+02    0    1.42224E+02  1.00000
   82 207 (207Pb) 3.62828E+02    0    1.54787E+02  0.42661
                                 3    2.08041E+02  0.57339   8.06000E-01 sec. 
   82 206 (206Pb) 1.11708E+03    0    5.84685E+02  0.52340
                                11    5.32397E+02  0.47660   1.25000E-04 sec. 
   82 205 (205Pb) 7.55141E+02    0    4.26871E+02  0.56529
                                 9    3.28271E+02  0.43471   5.55000E-03 sec. 

   b. Per mass

   A  cross section

  209 2.13360E-01
  208 1.42224E+02
  207 3.62828E+02
  206 1.11708E+03
  205 7.55141E+02

 Total residual production cross section:  2377.4887695
 Non-elastic cross section              :  2454.5900879

 6. Exclusive cross sections

 6a. Total exclusive cross sections 

     Emitted particles     cross section reaction         level    isomeric    isomeric    lifetime relative yield
    n   p   d   t   h   a                                        cross section   ratio
    0   0   0   0   0   0    2.13360E-01  (n,g)                                                     8.98623E-05
    1   0   0   0   0   0    1.41643E+02  (n,n')                                                    5.96566E-02
    2   0   0   0   0   0    3.60955E+02  (n,2n)                                                    1.52026E-01
                                                             0     1.53989E+02  0.42662
                                                             3     2.06965E+02  0.57338   8.06000E-01 sec. 
    3   0   0   0   0   0    1.11637E+03  (n,3n)                                                    4.70188E-01
                                                             0     5.84259E+02  0.52336
                                                            11     5.32108E+02  0.47664   1.25000E-04 sec. 
    4   0   0   0   0   0    7.55122E+02  (n,4n)                                                    3.18040E-01
                                                             0     4.26858E+02  0.56528
                                                             9     3.28264E+02  0.43472   5.55000E-03 sec. 

 Absorption cross section                 :     0.21336

 Sum over exclusive channel cross sections:  2374.29980
 (n,gn) + (n,gp) +...(n,ga) cross sections:     3.19049
 Total                                    :  2377.49023
 Non-elastic cross section                :  2454.59009

 10. Gamma-ray intensities

 Nuclide: 209Pb

     Initial level          Final level     Gamma Energy  Cross section 

  no.  J/Pi    Ex         no.  J/Pi    Ex

   1   5.5+  0.7789  --->  0   4.5+  0.0000    0.77889   5.708032E-02
   2   7.5-  1.4226  --->  0   4.5+  0.0000    1.42264   5.228864E-02
   2   7.5-  1.4226  --->  1   5.5+  0.7789    0.64375   5.751292E-03
   3   2.5+  1.5671  --->  0   4.5+  0.0000    1.56709   4.865524E-02
   4   0.5+  2.0322  --->  3   2.5+  1.5671    0.46512   2.544853E-02
   5   0.5-  2.1494  --->  0   4.5+  0.0000    2.14943   6.005740E-08
   5   0.5-  2.1494  --->  3   2.5+  1.5671    0.58234   2.613969E-05
   5   0.5-  2.1494  --->  4   0.5+  2.0322    0.11722   6.702226E-03
   6   1.5-  2.3159  --->  0   4.5+  0.0000    2.31593   8.136632E-04
   6   1.5-  2.3159  --->  3   2.5+  1.5671    0.74884   2.209125E-03
   6   1.5-  2.3159  --->  4   0.5+  2.0322    0.28372   3.875712E-03
   7   3.5-  2.4240  --->  0   4.5+  0.0000    2.42400   3.996518E-03
   7   3.5-  2.4240  --->  1   5.5+  0.7789    1.64511   2.083866E-08
   7   3.5-  2.4240  --->  3   2.5+  1.5671    0.85691   1.711938E-04
   8   2.5-  2.4610  --->  0   4.5+  0.0000    2.46100   1.942255E-03
   8   2.5-  2.4610  --->  3   2.5+  1.5671    0.89391   4.854702E-04
   9   3.5+  2.4910  --->  0   4.5+  0.0000    2.49100   2.326160E-03
   9   3.5+  2.4910  --->  1   5.5+  0.7789    1.71211   7.211576E-05
  10   1.5-  2.5249  --->  5   0.5-  2.1494    0.37550   1.571346E-03

  Total                                                  2.134160E-01

 Nuclide: 208Pb

     Initial level          Final level     Gamma Energy  Cross section 

  no.  J/Pi    Ex         no.  J/Pi    Ex

   1   3.0-  2.6145  --->  0   0.0+  0.0000    2.61452   1.352237E+02
   2   5.0-  3.1977  --->  1   3.0-  2.6145    0.58319   7.830553E+01
   3   4.0-  3.4751  --->  1   3.0-  2.6145    0.86056   4.659872E+00
   3   4.0-  3.4751  --->  2   5.0-  3.1977    0.27737   2.367128E+00
   4   5.0-  3.7085  --->  1   3.0-  2.6145    1.09393   3.202044E-01
   4   5.0-  3.7085  --->  2   5.0-  3.1977    0.51074   1.829655E+01
   4   5.0-  3.7085  --->  3   4.0-  3.4751    0.23337   2.488343E-01
   5   6.0-  3.9200  --->  2   5.0-  3.1977    0.72225   6.276430E+00
   5   6.0-  3.9200  --->  4   5.0-  3.7085    0.21151   5.147319E+00
   6   4.0-  3.9466  --->  2   5.0-  3.1977    0.74887   1.460913E+00
   6   4.0-  3.9466  --->  3   4.0-  3.4751    0.47150   3.841168E-01
   6   4.0-  3.9466  --->  4   5.0-  3.7085    0.23813   3.696473E-01
   7   5.0-  3.9612  --->  2   5.0-  3.1977    0.76345   2.533226E+00
   7   5.0-  3.9612  --->  3   4.0-  3.4751    0.48608   6.334993E-02
   7   5.0-  3.9612  --->  4   5.0-  3.7085    0.25271   9.701820E-01
   8   4.0-  3.9954  --->  1   3.0-  2.6145    1.38092   1.774122E+00
   8   4.0-  3.9954  --->  2   5.0-  3.1977    0.79773   5.268420E-01
   9   7.0-  4.0374  --->  2   5.0-  3.1977    0.83973   1.464989E+01
   9   7.0-  4.0374  --->  5   6.0-  3.9200    0.11748   1.611600E+00
  10   3.0-  4.0511  --->  1   3.0-  2.6145    1.43661   2.262187E+00
  10   3.0-  4.0511  --->  3   4.0-  3.4751    0.57606   3.890610E-01
  11   2.0+  4.0855  --->  0   0.0+  0.0000    4.08552   1.877898E+00
  11   2.0+  4.0855  --->  1   3.0-  2.6145    1.47100   8.638451E-03
  12   5.0-  4.1253  --->  2   5.0-  3.1977    0.92764   5.200527E+00
  12   5.0-  4.1253  --->  3   4.0-  3.4751    0.65027   1.315530E+00
  12   5.0-  4.1253  --->  4   5.0-  3.7085    0.41690   2.600289E-01
  12   5.0-  4.1253  --->  6   4.0-  3.9466    0.17877   4.784833E-02
  12   5.0-  4.1253  --->  7   5.0-  3.9612    0.16419   2.548299E-01
  13   1.0+  4.1440  --->  0   0.0+  0.0000    4.14400   1.259215E+00
  13   1.0+  4.1440  --->  1   3.0-  2.6145    1.52948   1.888852E-05
  13   1.0+  4.1440  ---> 11   2.0+  4.0855    0.05848   1.259235E-06
  14   5.0-  4.1804  --->  2   5.0-  3.1977    0.98270   2.499081E+00
  14   5.0-  4.1804  --->  3   4.0-  3.4751    0.70534   2.673879E-01
  15   6.0-  4.2063  --->  2   5.0-  3.1977    1.00857   3.013316E+00
  15   6.0-  4.2063  --->  4   5.0-  3.7085    0.49783   6.208558E-01

  Total                                                  2.944659E+02

 Nuclide: 207Pb

     Initial level          Final level     Gamma Energy  Cross section 

  no.  J/Pi    Ex         no.  J/Pi    Ex

   1   2.5-  0.5697  --->  0   0.5-  0.0000    0.56970   1.012458E+02
   2   1.5-  0.8977  --->  0   0.5-  0.0000    0.89770   2.531635E+01
   2   1.5-  0.8977  --->  1   2.5-  0.5697    0.32800   1.367011E-01
   4   3.5-  2.3399  --->  1   2.5-  0.5697    1.77022   2.316749E+01
   4   3.5-  2.3399  --->  2   1.5-  0.8977    1.44222   4.424271E-01
   5   2.5+  2.6239  --->  1   2.5-  0.5697    2.05417   1.773631E+00
   5   2.5+  2.6239  --->  2   1.5-  0.8977    1.72617   8.063432E+00
   6   3.5+  2.6625  --->  0   0.5-  0.0000    2.66248   6.903716E-01
   6   3.5+  2.6625  --->  1   2.5-  0.5697    2.09278   1.302691E+01
   6   3.5+  2.6625  --->  4   3.5-  2.3399    0.32256   2.605242E-01
   7   3.5+  2.7020  --->  0   0.5-  0.0000    2.70200   4.017061E-05
   7   3.5+  2.7020  --->  1   2.5-  0.5697    2.13230   1.338969E+01
   7   3.5+  2.7020  --->  2   1.5-  0.8977    1.80430   4.552668E-04
   7   3.5+  2.7020  --->  5   2.5+  2.6239    0.07813   1.339020E-05
   8   4.5+  2.7279  --->  1   2.5-  0.5697    2.15819   3.315353E-01
   8   4.5+  2.7279  --->  3   6.5+  1.6334    1.09454   1.381137E+01
   8   4.5+  2.7279  --->  4   3.5-  2.3399    0.38797   2.693024E+00
   9   5.5-  2.9020  --->  3   6.5+  1.6334    1.26864   1.789501E+01
   9   5.5-  2.9020  --->  4   3.5-  2.3399    0.56208   2.229869E-03
   9   5.5-  2.9020  --->  8   4.5+  2.7279    0.17411   8.558022E-02
  10   1.5-  2.9090  --->  0   0.5-  0.0000    2.90900   4.758275E+00
  10   1.5-  2.9090  --->  1   2.5-  0.5697    2.33930   2.609979E+00
  10   1.5-  2.9090  --->  4   3.5-  2.3399    0.56908   2.500641E-03
  10   1.5-  2.9090  --->  5   2.5+  2.6239    0.28513   2.999235E-01

  Total                                                  2.300033E+02

 Nuclide: 206Pb

     Initial level          Final level     Gamma Energy  Cross section 

  no.  J/Pi    Ex         no.  J/Pi    Ex

   1   2.0+  0.8031  --->  0   0.0+  0.0000    0.80305   5.046616E+02
   2   0.0+  1.1664  --->  1   2.0+  0.8031    0.36335   2.327707E+01
   3   3.0+  1.3405  --->  1   2.0+  0.8031    0.53744   1.941941E+02
   4   2.0+  1.4668  --->  0   0.0+  0.0000    1.46681   9.082745E+00
   4   2.0+  1.4668  --->  1   2.0+  0.8031    0.66376   2.988085E+01
   4   2.0+  1.4668  --->  3   3.0+  1.3405    0.12632   1.135170E+00
   5   4.0+  1.6840  --->  1   2.0+  0.8031    0.88094   1.192958E+02
   5   4.0+  1.6840  --->  3   3.0+  1.3405    0.34350   4.222549E+01
   6   1.0+  1.7045  --->  0   0.0+  0.0000    1.70445   2.570757E+01
   7   2.0+  1.7841  --->  0   0.0+  0.0000    1.78409   1.042953E+00
   7   2.0+  1.7841  --->  1   2.0+  0.8031    0.98104   2.005649E+01
   7   2.0+  1.7841  --->  2   0.0+  1.1664    0.61769   2.206400E+00
   7   2.0+  1.7841  --->  4   2.0+  1.4668    0.31728   4.612425E+00
   8   4.0+  1.9977  --->  1   2.0+  0.8031    1.19462   6.883821E+00
   8   4.0+  1.9977  --->  3   3.0+  1.3405    0.65718   4.745209E+01
   8   4.0+  1.9977  --->  5   4.0+  1.6840    0.31368   9.963111E+00
   9   2.0+  2.1490  --->  1   2.0+  0.8031    1.34592   1.759980E+01
   9   2.0+  2.1490  --->  3   3.0+  1.3405    0.80848   3.520256E+00
   9   2.0+  2.1490  --->  4   2.0+  1.4668    0.68216   3.520417E+00

  Total                                                  1.066318E+03

 Nuclide: 205Pb

     Initial level          Final level     Gamma Energy  Cross section 

  no.  J/Pi    Ex         no.  J/Pi    Ex

   1   0.5-  0.0023  --->  0   2.5-  0.0000    0.00233   2.614208E-06
   2   1.5-  0.2628  --->  0   2.5-  0.0000    0.26281   6.816399E+00
   2   1.5-  0.2628  --->  1   0.5-  0.0023    0.26048   2.034704E+01
   3   1.5-  0.5762  --->  0   2.5-  0.0000    0.57620   5.394972E+00
   3   1.5-  0.5762  --->  1   0.5-  0.0023    0.57387   1.780437E+01
   3   1.5-  0.5762  --->  2   1.5-  0.2628    0.31339   9.791868E-01
   4   3.5-  0.7034  --->  0   2.5-  0.0000    0.70344   8.253976E+01
   4   3.5-  0.7034  --->  3   1.5-  0.5762    0.12724   8.248962E-03
   5   2.5-  0.7614  --->  0   2.5-  0.0000    0.76143   8.478335E+00
   5   2.5-  0.7614  --->  1   0.5-  0.0023    0.75910   1.284792E+01
   5   2.5-  0.7614  --->  2   1.5-  0.2628    0.49862   1.156385E+00
   5   2.5-  0.7614  --->  3   1.5-  0.5762    0.18523   1.182353E+00
   6   1.5-  0.8033  --->  0   2.5-  0.0000    0.80335   1.931940E+00
   6   1.5-  0.8033  --->  2   1.5-  0.2628    0.54054   8.051570E+00
   6   1.5-  0.8033  --->  3   1.5-  0.5762    0.22715   2.495853E+00
   7   4.5-  0.9876  --->  0   2.5-  0.0000    0.98763   6.338388E+01
   7   4.5-  0.9876  --->  4   3.5-  0.7034    0.28419   6.647096E+00
   8   0.5-  0.9976  --->  1   0.5-  0.0023    0.99527   9.213552E+00
  10   3.5-  1.0437  --->  0   2.5-  0.0000    1.04372   2.357446E+01
  10   3.5-  1.0437  --->  2   1.5-  0.2628    0.78091   1.796380E+00
  10   3.5-  1.0437  --->  5   2.5-  0.7614    0.28229   1.336668E+00

  Total                                                  2.759864E+02

 ########## RESULTS FOR E=  30.00000 ##########

 Energy dependent input flags

 Width fluctuations (flagwidth)            : n
 Unresolved resonance parameters (flagurr) : n
 Preequilibrium (flagpreeq)                : y
 Multiple preequilibrium (flagmulpre)      : y
 Number of continuum excitation energy bins: 40

 ########### REACTION SUMMARY FOR E=  30.00000 ###########

 Center-of-mass energy:   29.853

 1. Total (binary) cross sections

 Total           = 5.15385E+03
   Shape elastic   = 2.70411E+03
   Reaction        = 2.44974E+03
     Compound elastic= 1.00175E-07
     Non-elastic     = 2.44974E+03
       Direct          = 5.52998E+01
       Pre-equilibrium = 1.08948E+03
       Giant resonance = 3.20078E+01
       Compound non-el = 1.27295E+03
     Total elastic   = 2.70411E+03

 2. Binary non-elastic cross sections (non-exclusive)

 gamma   = 3.32076E+00
 neutron = 2.36409E+03
 proton  = 5.03575E+01
 deuteron= 1.58415E+01
 triton  = 7.50669E+00
 helium-3= 9.18448E-03
 alpha   = 8.61017E+00

 3. Total particle production cross sections

 gamma   = 4.21616E+03    Multiplicity= 1.72106E+00
 neutron = 7.44276E+03    Multiplicity= 3.03818E+00
 proton  = 5.38572E+01    Multiplicity= 2.19849E-02
 deuteron= 1.58422E+01    Multiplicity= 6.46689E-03
 triton  = 7.50766E+00    Multiplicity= 3.06468E-03
 helium-3= 9.18448E-03    Multiplicity= 3.74916E-06
 alpha   = 8.69239E+00    Multiplicity= 3.54829E-03

 4. Residual production cross sections

   a. Per isotope

   Z   A  nuclide    total     level   isomeric    isomeric    lifetime
                 cross section       cross section  ratio

   82 209 (209Pb) 2.01815E-01    0    2.01815E-01  1.00000
   82 208 (208Pb) 1.35691E+02    0    1.35691E+02  1.00000
   82 207 (207Pb) 3.45147E+02    0    1.48871E+02  0.43132
                                 3    1.96277E+02  0.56868   8.06000E-01 sec. 
   82 206 (206Pb) 9.19025E+02    0    4.86881E+02  0.52978
                                11    4.32144E+02  0.47022   1.25000E-04 sec. 
   82 205 (205Pb) 9.64079E+02    0    5.24260E+02  0.54379
                                 9    4.39819E+02  0.45621   5.55000E-03 sec. 
   82 204 (204Pb) 7.67050E-03    0    7.67050E-03  1.00000
                                21    0.00000E+00  0.00000   4.01600E+03 sec. 

   b. Per mass

   A  cross section

  209 2.01815E-01
  208 1.35691E+02
  207 3.45147E+02
  206 9.19025E+02
  205 9.64079E+02
  204 7.67050E-03

 Total residual production cross section:  2364.1511230
 Non-elastic cross section              :  2449.7399902

 6. Exclusive cross sections

 6a. Total exclusive cross sections 

     Emitted particles     cross section reaction         level    isomeric    isomeric    lifetime relative yield
    n   p   d   t   h   a                                        cross section   ratio
    0   0   0   0   0   0    2.01815E-01  (n,g)                                                     8.54797E-05
    1   0   0   0   0   0    1.35180E+02  (n,n')                                                    5.72562E-02
    2   0   0   0   0   0    3.43366E+02  (n,2n)                                                    1.45434E-01
                                                             0     1.48113E+02  0.43136
                                                             3     1.95253E+02  0.56864   8.06000E-01 sec. 
    3   0   0   0   0   0    9.18181E+02  (n,3n)                                                    3.88900E-01
                                                             0     4.86375E+02  0.52972
                                                            11     4.31806E+02  0.47028   1.25000E-04 sec. 
    4   0   0   0   0   0    9.64043E+02  (n,4n)                                                    4.08325E-01
                                                             0     5.24237E+02  0.54379
                                                             9     4.39806E+02  0.45621   5.55000E-03 sec. 

 Absorption cross section                 :     0.20182

 Sum over exclusive channel cross sections:  2360.97217
 (n,gn) + (n,gp) +...(n,ga) cross sections:     3.17324
 Total                                    :  2364.14551
 Non-elastic cross section                :  2449.73999

 10. Gamma-ray intensities

 Nuclide: 209Pb

     Initial level          Final level     Gamma Energy  Cross section 

  no.  J/Pi    Ex         no.  J/Pi    Ex

   1   5.5+  0.7789  --->  0   4.5+  0.0000    0.77889   5.407774E-02
   2   7.5-  1.4226  --->  0   4.5+  0.0000    1.42264   4.897977E-02
   2   7.5-  1.4226  --->  1   5.5+  0.7789    0.64375   5.387345E-03
   3   2.5+  1.5671  --->  0   4.5+  0.0000    1.56709   4.622805E-02
   4   0.5+  2.0322  --->  3   2.5+  1.5671    0.46512   2.434759E-02
   5   0.5-  2.1494  --->  0   4.5+  0.0000    2.14943   5.738687E-08
   5   0.5-  2.1494  --->  3   2.5+  1.5671    0.58234   2.497736E-05
   5   0.5-  2.1494  --->  4   0.5+  2.0322    0.11722   6.404203E-03
   6   1.5-  2.3159  --->  0   4.5+  0.0000    2.31593   7.737529E-04
   6   1.5-  2.3159  --->  3   2.5+  1.5671    0.74884   2.100767E-03
   6   1.5-  2.3159  --->  4   0.5+  2.0322    0.28372   3.685608E-03
   7   3.5-  2.4240  --->  0   4.5+  0.0000    2.42400   3.790099E-03
   7   3.5-  2.4240  --->  1   5.5+  0.7789    1.64511   1.976235E-08
   7   3.5-  2.4240  --->  3   2.5+  1.5671    0.85691   1.623517E-04
   8   2.5-  2.4610  --->  0   4.5+  0.0000    2.46100   1.831099E-03
   8   2.5-  2.4610  --->  3   2.5+  1.5671    0.89391   4.576865E-04
   9   3.5+  2.4910  --->  0   4.5+  0.0000    2.49100   2.209374E-03
   9   3.5+  2.4910  --->  1   5.5+  0.7789    1.71211   6.849515E-05
  10   1.5-  2.5249  --->  5   0.5-  2.1494    0.37550   1.472654E-03

  Total                                                  2.020016E-01

 Nuclide: 208Pb

     Initial level          Final level     Gamma Energy  Cross section 

  no.  J/Pi    Ex         no.  J/Pi    Ex

   1   3.0-  2.6145  --->  0   0.0+  0.0000    2.61452   1.292997E+02
   2   5.0-  3.1977  --->  1   3.0-  2.6145    0.58319   7.451439E+01
   3   4.0-  3.4751  --->  1   3.0-  2.6145    0.86056   4.419978E+00
   3   4.0-  3.4751  --->  2   5.0-  3.1977    0.27737   2.245266E+00
   4   5.0-  3.7085  --->  1   3.0-  2.6145    1.09393   3.046293E-01
   4   5.0-  3.7085  --->  2   5.0-  3.1977    0.51074   1.740659E+01
   4   5.0-  3.7085  --->  3   4.0-  3.4751    0.23337   2.367307E-01
   5   6.0-  3.9200  --->  2   5.0-  3.1977    0.72225   5.960964E+00
   5   6.0-  3.9200  --->  4   5.0-  3.7085    0.21151   4.888604E+00
   6   4.0-  3.9466  --->  2   5.0-  3.1977    0.74887   1.375851E+00
   6   4.0-  3.9466  --->  3   4.0-  3.4751    0.47150   3.617516E-01
   6   4.0-  3.9466  --->  4   5.0-  3.7085    0.23813   3.481247E-01
   7   5.0-  3.9612  --->  2   5.0-  3.1977    0.76345   2.408772E+00
   7   5.0-  3.9612  --->  3   4.0-  3.4751    0.48608   6.023763E-02
   7   5.0-  3.9612  --->  4   5.0-  3.7085    0.25271   9.225181E-01
   8   4.0-  3.9954  --->  1   3.0-  2.6145    1.38092   1.667841E+00
   8   4.0-  3.9954  --->  2   5.0-  3.1977    0.79773   4.952808E-01
   9   7.0-  4.0374  --->  2   5.0-  3.1977    0.83973   1.385138E+01
   9   7.0-  4.0374  --->  5   6.0-  3.9200    0.11748   1.523758E+00
  10   3.0-  4.0511  --->  1   3.0-  2.6145    1.43661   2.136244E+00
  10   3.0-  4.0511  --->  3   4.0-  3.4751    0.57606   3.674007E-01
  11   2.0+  4.0855  --->  0   0.0+  0.0000    4.08552   1.775434E+00
  11   2.0+  4.0855  --->  1   3.0-  2.6145    1.47100   8.167109E-03
  12   5.0-  4.1253  --->  2   5.0-  3.1977    0.92764   5.005559E+00
  12   5.0-  4.1253  --->  3   4.0-  3.4751    0.65027   1.266211E+00
  12   5.0-  4.1253  --->  4   5.0-  3.7085    0.41690   2.502805E-01
  12   5.0-  4.1253  --->  6   4.0-  3.9466    0.17877   4.605450E-02
  12   5.0-  4.1253  --->  7   5.0-  3.9612    0.16419   2.452763E-01
  13   1.0+  4.1440  --->  0   0.0+  0.0000    4.14400   1.165205E+00
  13   1.0+  4.1440  --->  1   3.0-  2.6145    1.52948   1.747835E-05
  13   1.0+  4.1440  ---> 11   2.0+  4.0855    0.05848   1.165224E-06
  14   5.0-  4.1804  --->  2   5.0-  3.1977    0.98270   2.368232E+00
  14   5.0-  4.1804  --->  3   4.0-  3.4751    0.70534   2.533878E-01
  15   6.0-  4.2063  --->  2   5.0-  3.1977    1.00857   2.877692E+00
  15   6.0-  4.2063  --->  4   5.0-  3.7085    0.49783   5.929122E-01

  Total                                                  2.806504E+02

 Nuclide: 207Pb

     Initial level          Final level     Gamma Energy  Cross section 

  no.  J/Pi    Ex         no.  J/Pi    Ex

   1   2.5-  0.5697  --->  0   0.5-  0.0000    0.56970   9.788259E+01
   2   1.5-  0.8977  --->  0   0.5-  0.0000    0.89770   2.425655E+01
   2   1.5-  0.8977  --->  1   2.5-  0.5697    0.32800   1.309785E-01
   4   3.5-  2.3399  --->  1   2.5-  0.5697    1.77022   2.215779E+01
   4   3.5-  2.3399  --->  2   1.5-  0.8977    1.44222   4.231451E-01
   5   2.5+  2.6239  --->  1   2.5-  0.5697    2.05417   1.715627E+00
   5   2.5+  2.6239  --->  2   1.5-  0.8977    1.72617   7.799727E+00
   6   3.5+  2.6625  --->  0   0.5-  0.0000    2.66248   6.633129E-01
   6   3.5+  2.6625  --->  1   2.5-  0.5697    2.09278   1.251633E+01
   6   3.5+  2.6625  --->  4   3.5-  2.3399    0.32256   2.503131E-01
   7   3.5+  2.7020  --->  0   0.5-  0.0000    2.70200   3.863919E-05
   7   3.5+  2.7020  --->  1   2.5-  0.5697    2.13230   1.287924E+01
   7   3.5+  2.7020  --->  2   1.5-  0.8977    1.80430   4.379108E-04
   7   3.5+  2.7020  --->  5   2.5+  2.6239    0.07813   1.287973E-05
   8   4.5+  2.7279  --->  1   2.5-  0.5697    2.15819   3.178130E-01
   8   4.5+  2.7279  --->  3   6.5+  1.6334    1.09454   1.323972E+01
   8   4.5+  2.7279  --->  4   3.5-  2.3399    0.38797   2.581560E+00
   9   5.5-  2.9020  --->  3   6.5+  1.6334    1.26864   1.715048E+01
   9   5.5-  2.9020  --->  4   3.5-  2.3399    0.56208   2.137095E-03
   9   5.5-  2.9020  --->  8   4.5+  2.7279    0.17411   8.201965E-02
  10   1.5-  2.9090  --->  0   0.5-  0.0000    2.90900   4.645690E+00
  10   1.5-  2.9090  --->  1   2.5-  0.5697    2.33930   2.548225E+00
  10   1.5-  2.9090  --->  4   3.5-  2.3399    0.56908   2.441474E-03
  10   1.5-  2.9090  --->  5   2.5+  2.6239    0.28513   2.928271E-01

  Total                                                  2.215390E+02

 Nuclide: 206Pb

     Initial level          Final level     Gamma Energy  Cross section 

  no.  J/Pi    Ex         no.  J/Pi    Ex

   1   2.0+  0.8031  --->  0   0.0+  0.0000    0.80305   4.175566E+02
   2   0.0+  1.1664  --->  1   2.0+  0.8031    0.36335   2.059509E+01
   3   3.0+  1.3405  --->  1   2.0+  0.8031    0.53744   1.589340E+02
   4   2.0+  1.4668  --->  0   0.0+  0.0000    1.46681   7.789382E+00
   4   2.0+  1.4668  --->  1   2.0+  0.8031    0.66376   2.562588E+01
   4   2.0+  1.4668  --->  3   3.0+  1.3405    0.12632   9.735243E-01
   5   4.0+  1.6840  --->  1   2.0+  0.8031    0.88094   9.525824E+01
   5   4.0+  1.6840  --->  3   3.0+  1.3405    0.34350   3.371725E+01
   6   1.0+  1.7045  --->  0   0.0+  0.0000    1.70445   2.248966E+01
   7   2.0+  1.7841  --->  0   0.0+  0.0000    1.78409   9.031601E-01
   7   2.0+  1.7841  --->  1   2.0+  0.8031    0.98104   1.736821E+01
   7   2.0+  1.7841  --->  2   0.0+  1.1664    0.61769   1.910664E+00
   7   2.0+  1.7841  --->  4   2.0+  1.4668    0.31728   3.994197E+00
   8   4.0+  1.9977  --->  1   2.0+  0.8031    1.19462   5.639149E+00
   8   4.0+  1.9977  --->  3   3.0+  1.3405    0.65718   3.887222E+01
   8   4.0+  1.9977  --->  5   4.0+  1.6840    0.31368   8.161670E+00
   9   2.0+  2.1490  --->  1   2.0+  0.8031    1.34592   1.541823E+01
   9   2.0+  2.1490  --->  3   3.0+  1.3405    0.80848   3.083905E+00
   9   2.0+  2.1490  --->  4   2.0+  1.4668    0.68216   3.084047E+00

  Total                                                  8.813752E+02

 Nuclide: 205Pb

     Initial level          Final level     Gamma Energy  Cross section 

  no.  J/Pi    Ex         no.  J/Pi    Ex

   1   0.5-  0.0023  --->  0   2.5-  0.0000    0.00233   3.347574E-06
   2   1.5-  0.2628  --->  0   2.5-  0.0000    0.26281   8.549883E+00
   2   1.5-  0.2628  --->  1   0.5-  0.0023    0.26048   2.552151E+01
   3   1.5-  0.5762  --->  0   2.5-  0.0000    0.57620   7.130836E+00
   3   1.5-  0.5762  --->  1   0.5-  0.0023    0.57387   2.353302E+01
   3   1.5-  0.5762  --->  2   1.5-  0.2628    0.31339   1.294246E+00
   4   3.5-  0.7034  --->  0   2.5-  0.0000    0.70344   1.058338E+02
   4   3.5-  0.7034  --->  3   1.5-  0.5762    0.12724   1.057695E-02
   5   2.5-  0.7614  --->  0   2.5-  0.0000    0.76143   1.115047E+01
   5   2.5-  0.7614  --->  1   0.5-  0.0023    0.75910   1.689722E+01
   5   2.5-  0.7614  --->  2   1.5-  0.2628    0.49862   1.520845E+00
   5   2.5-  0.7614  --->  3   1.5-  0.5762    0.18523   1.554997E+00
   6   1.5-  0.8033  --->  0   2.5-  0.0000    0.80335   2.645786E+00
   6   1.5-  0.8033  --->  2   1.5-  0.2628    0.54054   1.102660E+01
   6   1.5-  0.8033  --->  3   1.5-  0.5762    0.22715   3.418063E+00
   7   4.5-  0.9876  --->  0   2.5-  0.0000    0.98763   8.512317E+01
   7   4.5-  0.9876  --->  4   3.5-  0.7034    0.28419   8.926906E+00
   8   0.5-  0.9976  --->  1   0.5-  0.0023    0.99527   1.343756E+01
  10   3.5-  1.0437  --->  0   2.5-  0.0000    1.04372   3.204868E+01
  10   3.5-  1.0437  --->  2   1.5-  0.2628    0.78091   2.442118E+00
  10   3.5-  1.0437  --->  5   2.5-  0.7614    0.28229   1.817155E+00

  Total                                                  3.638835E+02

 Nuclide: 204Pb

     Initial level          Final level     Gamma Energy  Cross section 

  no.  J/Pi    Ex         no.  J/Pi    Ex

   1   2.0+  0.8992  --->  0   0.0+  0.0000    0.89916   2.393005E-06

  Total                                                  2.393005E-06

 ########## EXCITATION FUNCTIONS ###########

 1. Total (binary) cross sections

file: all.tot
file: total.tot
file: elastic.tot
file: nonelastic.tot
file: reaction.tot

 2. Binary non-elastic cross sections (non-exclusive)

file: binary.tot

 3. Total particle production cross sections

file: gprod.tot
file: nprod.tot
file: pprod.tot
file: dprod.tot
file: tprod.tot
file: hprod.tot
file: aprod.tot

 4. Residual production cross sections

file: rp082209.tot
file: rp082208.tot
file: rp082207.tot
file: rp082207.L00
file: rp082207.L03
file: rp082206.tot
file: rp082206.L00
file: rp082206.L11
file: rp082205.tot
file: rp082205.L00
file: rp082205.L09
file: rp082204.tot
file: rp082204.L00
file: rp082204.L21

 6. Exclusive cross sections

file: xs000000.tot
file: xs100000.tot
file: xs200000.tot
file: xs300000.tot
file: xs400000.tot

 7. Gamma-ray intensities

file: gam082209L01L00.tot
file: gam082209L02L00.tot
file: gam082209L02L01.tot
file: gam082209L03L00.tot
file: gam082209L04L03.tot
file: gam082209L05L00.tot
file: gam082209L05L03.tot
file: gam082209L05L04.tot
file: gam082209L06L00.tot
file: gam082209L06L03.tot
file: gam082209L06L04.tot
file: gam082209L07L00.tot
file: gam082209L07L01.tot
file: gam082209L07L03.tot
file: gam082209L08L00.tot
file: gam082209L08L03.tot
file: gam082209L09L00.tot
file: gam082209L09L01.tot
file: gam082209L10L05.tot
file: gam082208L01L00.tot
file: gam082208L02L01.tot
file: gam082208L03L01.tot
file: gam082208L03L02.tot
file: gam082208L04L01.tot
file: gam082208L04L02.tot
file: gam082208L04L03.tot
file: gam082208L05L02.tot
file: gam082208L05L04.tot
file: gam082208L06L02.tot
file: gam082208L06L03.tot
file: gam082208L06L04.tot
file: gam082208L07L02.tot
file: gam082208L07L03.tot
file: gam082208L07L04.tot
file: gam082208L08L01.tot
file: gam082208L08L02.tot
file: gam082208L09L02.tot
file: gam082208L09L05.tot
file: gam082208L10L01.tot
file: gam082208L10L03.tot
file: gam082208L11L00.tot
file: gam082208L11L01.tot
file: gam082208L12L02.tot
file: gam082208L12L03.tot
file: gam082208L12L04.tot
file: gam082208L12L06.tot
file: gam082208L12L07.tot
file: gam082208L13L00.tot
file: gam082208L13L01.tot
file: gam082208L13L11.tot
file: gam082208L14L02.tot
file: gam082208L14L03.tot
file: gam082208L15L02.tot
file: gam082208L15L04.tot
file: gam082207L01L00.tot
file: gam082207L02L00.tot
file: gam082207L02L01.tot
file: gam082207L04L01.tot
file: gam082207L04L02.tot
file: gam082207L05L01.tot
file: gam082207L05L02.tot
file: gam082207L06L00.tot
file: gam082207L06L01.tot
file: gam082207L06L04.tot
file: gam082207L07L00.tot
file: gam082207L07L01.tot
file: gam082207L07L02.tot
file: gam082207L07L05.tot
file: gam082207L08L01.tot
file: gam082207L08L03.tot
file: gam082207L08L04.tot
file: gam082207L09L03.tot
file: gam082207L09L04.tot
file: gam082207L09L08.tot
file: gam082207L10L00.tot
file: gam082207L10L01.tot
file: gam082207L10L04.tot
file: gam082207L10L05.tot
file: gam082206L01L00.tot
file: gam082206L02L01.tot
file: gam082206L03L01.tot
file: gam082206L04L00.tot
file: gam082206L04L01.tot
file: gam082206L04L03.tot
file: gam082206L05L01.tot
file: gam082206L05L03.tot
file: gam082206L06L00.tot
file: gam082206L07L00.tot
file: gam082206L07L01.tot
file: gam082206L07L02.tot
file: gam082206L07L04.tot
file: gam082206L08L01.tot
file: gam082206L08L03.tot
file: gam082206L08L05.tot
file: gam082206L09L01.tot
file: gam082206L09L03.tot
file: gam082206L09L04.tot
file: gam082205L01L00.tot
file: gam082205L02L00.tot
file: gam082205L02L01.tot
file: gam082205L03L00.tot
file: gam082205L03L01.tot
file: gam082205L03L02.tot
file: gam082205L04L00.tot
file: gam082205L04L03.tot
file: gam082205L05L00.tot
file: gam082205L05L01.tot
file: gam082205L05L02.tot
file: gam082205L05L03.tot
file: gam082205L06L00.tot
file: gam082205L06L02.tot
file: gam082205L06L03.tot
file: gam082205L07L00.tot
file: gam082205L07L04.tot
file: gam082205L08L01.tot
file: gam082205L10L00.tot
file: gam082205L10L02.tot
file: gam082205L10L05.tot
file: gam082204L01L00.tot

 Execution time:  0 hours  0 minutes 35.96 seconds 

 The TALYS team congratulates you with this successful calculation.
