
    TALYS-1.96 (Version: December 30, 2021)

 Copyright (C) 2021  A.J. Koning, S. Hilaire and S. Goriely

 Dimensions - Cross sections: mb, Energies: MeV, Angles: degrees

 ########## USER INPUT ##########

 USER INPUT FILE

 #
 # general
 #
 ldmodel 2
 #
 # (n,tot), (n,el), (n,inl)
 #
 #
 # (n,p), (n,2n), (n,np)
 #
 #
 # (n,a)
 #
 #
 # (n,g)
 ldmodelcn 1
 #
 pshiftadjust 76 187 0.80
 #
 # other: isomers, (n,d), (n,t), (n,h) etc.
 #
 #
 # n-os187-astro-ng
 #
 # general
 #
 projectile n
 element    os
 mass       187
 energy   energies
 channels y
 filechannels y
 #
 # parameters
 #
 best y

 USER INPUT FILE + DEFAULTS

 Keyword           Value   Variable     Explanation

 #
 # Four main keywords
 #
 projectile          n     ptype0       type of incident particle
 element            Os     Starget      symbol of target nucleus
 mass              187     mass         mass number of target nucleus
 energy energies           energyfile   file with incident energies
 #
 # Basic physical and numerical parameters
 #
 ejectiles g n p d t h a   outtype      outgoing particles
 maxz               12     maxZ         maximal number of protons away from the initial compound nucleus
 maxn               32     maxN         maximal number of neutrons away from the initial compound nucleus
 bins               40     nbins        number of continuum excitation energy bins
 equidistant         y     flagequi     flag to use equidistant excitation bins instead of logarithmic bins
 equispec            n     flagequispec flag to use equidistant bins for emission spectra
 popmev              n     flagpopmev   flag to use initial population per MeV instead of histograms
 segment             1     segment      number of segments to divide emission energy grid
 maxlevelstar       30     nlevmax      maximum number of included discrete levels for target
 maxlevelsres       10     nlevmaxres   maximum number of included discrete levels for residual nucleus
 maxlevelsbin g     10     nlevbin      maximum number of included discrete levels for gamma    channel
 maxlevelsbin n     30     nlevbin      maximum number of included discrete levels for neutron  channel
 maxlevelsbin p     10     nlevbin      maximum number of included discrete levels for proton   channel
 maxlevelsbin d      5     nlevbin      maximum number of included discrete levels for deuteron channel
 maxlevelsbin t      5     nlevbin      maximum number of included discrete levels for triton   channel
 maxlevelsbin h      5     nlevbin      maximum number of included discrete levels for helium-3 channel
 maxlevelsbin a     10     nlevbin      maximum number of included discrete levels for alpha    channel
 ltarget             0     ltarget      excited level of target
 isomer           1.00E+00 isomer       definition of isomer in seconds
 transpower          5     transpower   power for transmission coefficient limit
 transeps         1.00E-08 transeps     limit for transmission coefficient
 xseps            1.00E-07 xseps        limit for cross sections
 popeps           1.00E-03 popeps       limit for population cross section per nucleus
 Rfiseps          1.00E-03 Rfiseps      ratio for limit for fission cross section per nucleus
 elow             1.00E-06 elow         minimal incident energy for nuclear model calculations
 angles             90     nangle       number of angles
 anglescont         18     nanglecont   number of angles for continuum
 anglesrec           1     nanglerec    number of recoil angles
 maxenrec           20     maxenrec     number of recoil energies
 channels            y     flagchannels flag for exclusive channels calculation
 maxchannel          4     maxchannel   maximal number of outgoing particles in individual channel description
 micro               n     flagmicro    flag for completely microscopic Talys calculation
 best                y     flagbest     flag to use best set of adjusted parameters
 bestbranch          y     flagbestbr   flag to use flag to use only best set of branching ratios
 bestend             n     flagbestend  flag to put best set of parameters at end of input file
 relativistic        y     flagrel      flag for relativistic kinematics
 recoil              n     flagrecoil   flag for calculation of recoils
 labddx              n     flaglabddx   flag for calculation of DDX in LAB system
 recoilaverage       n     flagrecoilav flag for average velocity in recoil calculation
 channelenergy       n     flagEchannel flag for channel energy for emission spectrum
 reaction            y     flagreaction flag for calculation of nuclear reactions
 ngfit               y     flagngfit    flag for using fitted (n,g) nuclear model parameters
 nnfit               n     flagnnfit    flag for using fitted (n,n), (n,2n) and (n,p) nuclear model parameters
 nafit               n     flagnafit    flag for using fitted (n,a) nuclear model parameters
 astro               n     flagastro    flag for calculation of astrophysics reaction rate
 astrogs             n     flagastrogs  flag for calculation of astrophysics reaction rate with target in ground state only
 astroex             n     flagastroex  flag for calculation of astrophysics reaction rate to long-lived excited states
 nonthermlev        -1     nonthermlev  excited level non-thermalized in the calculation of astrophysics rate
 massmodel           2     massmodel    model for theoretical nuclear mass
 expmass             y     flagexpmass  flag for using experimental nuclear mass if available
 disctable           1     disctable    table with discrete levels
 production          n     flagprod     flag for isotope production
 outfy               n     flagoutfy    flag for output detailed fission yield calculation
 gefran          50000     gefran       number of random events for GEF calculation
 Estop            1000.000 Estop        incident energy above which TALYS stops
 rpevap              n     flagrpevap   flag for evaporation of residual products at high incident energies
 maxZrp             12     maxZrp       maximal number of protons away from the initial compound nucleus before residual evaporation
 maxNrp             32     maxNrp       maximal number of neutrons away from the initial compound nucleus before residual evaporation
 #
 # Optical model
 #
 localomp            y     flaglocalomp flag for local (y) or global (n) optical model
 dispersion          n     flagdisp     flag for dispersive optical model
 jlmomp              n     flagjlm      flag for using semi-microscopic JLM OMP
 riplomp             n     flagriplomp  flag for RIPL OMP
 riplrisk            n     flagriplrisk flag for going outside RIPL mass validity range
 optmodall           n     flagompall   flag for new optical model calculation for all residual nuclei
 incadjust           y     flagincadj   flag for OMP adjustment on incident channel also
 omponly             n     flagomponly  flag to execute ONLY an optical model calculation
 autorot             n     flagautorot  flag for automatic rotational coupled channels calculations for A > 150
 spherical           n     flagspher    flag to force spherical optical model
 soukho              y     flagsoukho   flag for Soukhovitskii OMP for actinides
 coulomb             y     flagcoulomb  flag for Coulomb excitation calculation with ECIS
 statepot            n     flagstate    flag for optical model potential for each excited state
 maxband             0     maxband      highest vibrational band added to rotational model
 maxrot              2     maxrot       number of included excited rotational levels
 sysreaction               sysreaction  particles with reaction cross section from systematics
 rotational   n            rotational   particles with possible rotational optical model
 core               -1     core         even-even core for weakcoupling (-1 or 1)
 ecissave            n     flagecissave flag for saving ECIS input and output files
 eciscalc            y     flageciscalc flag for new ECIS calculation for outgoing particles and energy grid
 inccalc             y     flaginccalc  flag for new ECIS calculation for incident channel
 endfecis            y     flagendfecis flag for new ECIS calculation for ENDF-6 files
 radialmodel         2     radialmodel  model for radial matter densities (JLM OMP only)
 jlmmode             0     jlmmode      option for JLM imaginary potential normalization
 alphaomp            6     alphaomp     alpha OMP (1=normal, 2= McFadden-Satchler, 3-5= folding potential, 6,8= Avrigeanu, 7=Nolte)
 deuteronomp         1     deuteronomp  deuteron OMP (1=normal, 2=Daehnick, 3=Bojowald, 4=Han-Shi-Shen, 5=An-Cai)
 #
 # Compound nucleus
 #
 widthfluc           y     flagwidth    flag for width fluctuation calculation
 widthmode           1     wmode        designator for width fluctuation model
 compound            y     flagcomp     flag for compound nucleus model
 fullhf              n     flagfullhf   flag for full spin dependence of transmission coefficients
 eciscompound        n     flageciscomp flag for compound nucleus calculation by ECIS
 cpang               n     flagcpang    flag for compound angular distribution calculation for incident charged particles
 urr                 n     flagurr      flag for URR calculation
 urrnjoy             n     flagurrnjoy  flag for normalization of URR parameters with NJOY method
 lurr                2     lurr         maximal orbital angular momentum for URR
 #
 # Gamma emission
 #
 gammax              2     gammax       number of l-values for gamma multipolarity
 strength            9     strength     model for E1 gamma-ray strength function
 strengthM1          3     strengthM1   model for M1 gamma-ray strength function
 electronconv        y     flagelectron flag for application of electron conversion coefficient
 racap               n     flagracap    flag for radiative capture model
 ldmodelracap        1     ldmodelracap level density model for direct radiative capture
 upbend              y     flagupbend   flag for low-energy upbend of photon strength function
 psfglobal           n    flagpsfglobal flag for global photon strength functions only
 #
 # Pre-equilibrium
 #
 preequilibrium      n     flagpreeq    flag for pre-equilibrium calculation
 preeqmode           2     preeqmode    designator for pre-equilibrium model
 multipreeq          n     flagmulpre   flag for multiple pre-equilibrium calculation
 mpreeqmode          2     mpreeqmode   designator for multiple pre-equilibrium model
 breakupmodel        1     breakupmodel model for break-up reaction: 1. Kalbach 2. Avrigeanu
 phmodel             1     phmodel      particle-hole state density model
 pairmodel           2     pairmodel    designator for pre-equilibrium pairing model
 preeqspin           1     pespinmodel  model for pre-equilibrium spin distribution
 giantresonance      y     flaggiant    flag for collective contribution from giant resonances
 preeqsurface        y     flagsurface  flag for surface effects in exciton model
 preeqcomplex        y     flagpecomp   flag for Kalbach complex particle emission model
 twocomponent        y     flag2comp    flag for two-component pre-equilibrium model
 ecisdwba            y     flagecisdwba flag for new ECIS calculation for DWBA for MSD
 onestep             n     flagonestep  flag for continuum one-step direct only
 #
 # Level densities
 #
 ldmodel             2     ldmodelall   level density model
 ldmodelCN           1     ldmodelCN    level density model for compound nucleus
 shellmodel          1     shellmodel   model for shell correction energies
 kvibmodel           2     kvibmodel    model for vibrational enhancement
 spincutmodel        1     spincutmodel model for spin cutoff factor for ground state
 asys                n     flagasys     flag for all level density parameters a from systematics
 parity              n     flagparity   flag for non-equal parity distribution
 colenhance          n     flagcolall   flag for collective enhancement of level density for all nuclides
 ctmglobal           n     flagctmglob  flag for global CTM model (no discrete level info)
 gshell              n     flaggshell   flag for energy dependence of single particle level density parameter g
 colldamp            n     flagcolldamp flag for damping of collective effects in effective level density
 #
 # Fission
 #
 fission             n     flagfission  flag for fission
 fismodel            3     fismodel     fission model
 fismodelalt         3     fismodelalt  alternative fission model for default barriers
 hbstate             y     flaghbstate  flag for head band states in fission
 class2              y     flagclass2   flag for class2 states in fission
 fispartdamp         n  flagfispartdamp flag for fission partial damping
 massdis             n     flagmassdis  flag for calculation of fission fragment mass yields
 ffevaporation       y     flagffevap   flag for calculation of particle evaporation from fission fragment mass yields
 fisfeed             n     flagfisfeed  flag for output of fission per excitation bin
 fymodel             2     fymodel      fission yield model, 1: Brosa 2: GEF
 ffmodel             1     ffmodel      fission fragment model, 1: GEF 2: HF3D (Okumura) 3: SPY
 pfnsmodel           1     pfnsmodel    PFNS model, 1: Iwamoto 2: from FF decay
 ffspin              n     flagffspin   flag to use spin distribution in initial FF population
 #
 # Output
 #
 outmain             y     flagmain     flag for main output
 outbasic            n     flagbasic    flag for output of basic information and results
 outpopulation       n     flagpop      flag for output of population
 outcheck            n     flagcheck    flag for output of numerical checks
 outlevels           n     flaglevels   flag for output of discrete level information
 outdensity          n     flagdensity  flag for output of level densities
 outomp              n     flagoutomp   flag for output of optical model parameters
 outkd               n     flagoutkd    flag for output of KD03 OMP parameters
 outdirect           n     flagdirect   flag for output of direct reaction results
 outinverse          n     flaginverse  flag for output of transmission coefficients and inverse reaction cross sections
 outdecay            n     flagdecay    flag for output of decay of each population bin
 outtransenergy      y     flagtransen  flag for output of transmission coefficients per energy
 outecis             n     flagoutecis  flag for output of ECIS results
 outgamma            n     flaggamma    flag for output of gamma-ray information
 outpreequilibrium   n     flagpeout    flag for output of pre-equilibrium results 
 outfission          n     flagfisout   flag for output of fission information
 outdiscrete         n     flagdisc     flag for output of discrete state cross sections
 outspectra          n     flagspec     flag for output of double-differential cross sections
 outbinspectra       n     flagbinspec  flag for output of emission spectrum per excitation bin
 resonance           n     flagres      flag for output of low energy resonance cross sections
 group               n     flaggroup    flag for output of low energy groupwise cross sections
 addiscrete          y     flagadd      flag for addition of discrete states to spectra
 addelastic          y     flagaddel    flag for addition of elastic peak to spectra
 outangle            n     flagang      flag for output of angular distributions
 outlegendre         n     flaglegendre flag for output of Legendre coefficients
 ddxmode             0     ddxmode      mode for double-differential cross sections
 outdwba             n     flagoutdwba  flag for output of DWBA cross sections for MSD
 outgamdis           n     flaggamdis   flag for output of discrete gamma-ray intensities
 outexcitation       y     flagexc      flag for output of excitation functions
 components          n     flagcompo    flag for output of cross section components
 endf                n     flagendf     flag for information for ENDF-6 file
 endfdetail          y     flagendfdet  flag for detailed ENDF-6 information per channel
 sacs                n     flagsacs     flag for statistical analysis of cross sections
 partable            n     flagpartable flag for output of model parameters on separate file
 block               n     flagblock    flag to block spectra, angle and gamma files

 ########## BASIC REACTION PARAMETERS ##########

 Projectile           : neutron     Mass in a.m.u.      :   1.008665
 Target               : 187Os       Mass in a.m.u.      : 186.955750

 Included channels:
                     gamma   
                     neutron 
                     proton  
                     deuteron
                     triton  
                     helium-3
                     alpha   

    21 incident energies (LAB):

      0.005
      0.010
      0.020
      0.030
      0.040
      0.050
      0.060
      0.070
      0.080
      0.090
      0.100
      0.120
      0.140
      0.160
      0.180
      0.200
      0.250
      0.300
      0.350
      0.400
      0.500

 Q-values for binary reactions:

 Q(n,g):  7.98961
 Q(n,n):  0.00000
 Q(n,p):  0.77989
 Q(n,d): -4.35609
 Q(n,t): -4.27844
 Q(n,h): -4.69102
 Q(n,a): 10.13285

 ########## RESULTS FOR E=   0.00500 ##########

 Energy dependent input flags

 Width fluctuations (flagwidth)            : y
 Unresolved resonance parameters (flagurr) : n
 Preequilibrium (flagpreeq)                : n
 Multiple preequilibrium (flagmulpre)      : n
 Number of continuum excitation energy bins: 40

 ########### REACTION SUMMARY FOR E=   0.00500 ###########

 Center-of-mass energy:    0.005

 1. Total (binary) cross sections

 Total           = 3.66946E+04
   Shape elastic   = 4.36561E+03
   Reaction        = 3.23290E+04
     Compound elastic= 2.86022E+04
     Non-elastic     = 3.72679E+03
       Direct          = 0.00000E+00
       Pre-equilibrium = 0.00000E+00
       Compound non-el = 3.72679E+03
     Total elastic   = 3.29678E+04

 2. Binary non-elastic cross sections (non-exclusive)

 gamma   = 3.72663E+03
 neutron = 0.00000E+00
 proton  = 0.00000E+00
 deuteron= 0.00000E+00
 triton  = 0.00000E+00
 helium-3= 0.00000E+00
 alpha   = 0.00000E+00

 3. Total particle production cross sections

 gamma   = 1.10202E+04    Multiplicity= 2.95702E+00
 neutron = 2.51636E-02    Multiplicity= 6.75209E-06
 proton  = 0.00000E+00    Multiplicity= 0.00000E+00
 deuteron= 0.00000E+00    Multiplicity= 0.00000E+00
 triton  = 0.00000E+00    Multiplicity= 0.00000E+00
 helium-3= 0.00000E+00    Multiplicity= 0.00000E+00
 alpha   = 0.00000E+00    Multiplicity= 0.00000E+00

 4. Residual production cross sections

   a. Per isotope

   Z   A  nuclide    total     level   isomeric    isomeric    lifetime
                 cross section       cross section  ratio

   76 188 (188Os) 3.72660E+03    0    3.72660E+03  1.00000
   76 187 (187Os) 2.51636E-02    0    2.51636E-02  1.00000
   75 187 (187Re) 1.00000E-07    0    0.00000E+00  0.00000
   74 184 (184W ) 1.00000E-07    0    0.00000E+00  0.00000
   74 183 (183W ) 1.00000E-07    0    0.00000E+00  0.00000
                                 7    0.00000E+00  0.00000   5.20000E+00 sec. 

   b. Per mass

   A  cross section

  188 3.72660E+03
  187 2.51636E-02

 Total residual production cross section:  3726.6250000
 Non-elastic cross section              :  3726.7871094

 6. Exclusive cross sections

 6a. Total exclusive cross sections 

     Emitted particles     cross section reaction         level    isomeric    isomeric    lifetime relative yield
    n   p   d   t   h   a                                        cross section   ratio
    0   0   0   0   0   0    3.72660E+03  (n,g)                                                     1.00000E+00
    0   1   0   0   0   0    1.00000E-07  (n,p)                                                     2.68341E-11
    0   0   0   0   0   1    1.00000E-07  (n,a)                                                     2.68341E-11
    1   0   0   0   0   1    1.00000E-07  (n,na)                                                    2.68341E-11
                                                             0     5.00000E-08  0.50000
                                                             7     5.00000E-08  0.50000   5.20000E+00 sec. 
    0   1   0   0   0   1    1.00000E-07  (n,pa)                                                    2.68341E-11
    0   0   0   0   0   2    1.00000E-07  (n,2a)                                                    2.68341E-11
    1   0   0   0   0   2    1.00000E-07  (n,n2a)                                                   2.68341E-11
    0   1   0   0   0   2    1.00000E-07  (n,p2a)                                                   2.68341E-11
    0   0   0   0   0   3    1.00000E-07  (n,3a)                                                    2.68341E-11
    1   0   0   0   0   3    1.00000E-07  (n,n3a)                                                   2.68341E-11

 Absorption cross section                 :  3726.59937

 Sum over exclusive channel cross sections:  3726.59937
 (n,gn) + (n,gp) +...(n,ga) cross sections:     0.02516
 Total                                    :  3726.62451
 Non-elastic cross section                :  3726.78711

 ########## RESULTS FOR E=   0.01000 ##########

 Energy dependent input flags

 Width fluctuations (flagwidth)            : y
 Unresolved resonance parameters (flagurr) : n
 Preequilibrium (flagpreeq)                : n
 Multiple preequilibrium (flagmulpre)      : n
 Number of continuum excitation energy bins: 40

 ########### REACTION SUMMARY FOR E=   0.01000 ###########

 Center-of-mass energy:    0.010

 1. Total (binary) cross sections

 Total           = 2.61759E+04
   Shape elastic   = 4.13101E+03
   Reaction        = 2.20449E+04
     Compound elastic= 1.97316E+04
     Non-elastic     = 2.31335E+03
       Direct          = 4.68135E-02
       Pre-equilibrium = 0.00000E+00
       Compound non-el = 2.31330E+03
     Total elastic   = 2.38626E+04

 2. Binary non-elastic cross sections (non-exclusive)

 gamma   = 2.31315E+03
 neutron = 4.68135E-02
 proton  = 0.00000E+00
 deuteron= 0.00000E+00
 triton  = 0.00000E+00
 helium-3= 0.00000E+00
 alpha   = 0.00000E+00

 3. Total particle production cross sections

 gamma   = 6.85866E+03    Multiplicity= 2.96482E+00
 neutron = 7.25325E-02    Multiplicity= 3.13540E-05
 proton  = 0.00000E+00    Multiplicity= 0.00000E+00
 deuteron= 0.00000E+00    Multiplicity= 0.00000E+00
 triton  = 0.00000E+00    Multiplicity= 0.00000E+00
 helium-3= 0.00000E+00    Multiplicity= 0.00000E+00
 alpha   = 0.00000E+00    Multiplicity= 0.00000E+00

 4. Residual production cross sections

   a. Per isotope

   Z   A  nuclide    total     level   isomeric    isomeric    lifetime
                 cross section       cross section  ratio

   76 188 (188Os) 2.31312E+03    0    2.31312E+03  1.00000
   76 187 (187Os) 7.25325E-02    0    7.25325E-02  1.00000
   75 187 (187Re) 1.00000E-07    0    0.00000E+00  0.00000
   74 184 (184W ) 1.00000E-07    0    0.00000E+00  0.00000
   74 183 (183W ) 1.00000E-07    0    0.00000E+00  0.00000
                                 7    0.00000E+00  0.00000   5.20000E+00 sec. 

   b. Per mass

   A  cross section

  188 2.31312E+03
  187 7.25325E-02

 Total residual production cross section:  2313.1940918
 Non-elastic cross section              :  2313.3457031

 6. Exclusive cross sections

 6a. Total exclusive cross sections 

     Emitted particles     cross section reaction         level    isomeric    isomeric    lifetime relative yield
    n   p   d   t   h   a                                        cross section   ratio
    0   0   0   0   0   0    2.31312E+03  (n,g)                                                     9.99980E-01
    1   0   0   0   0   0    4.68135E-02  (n,n')                                                    2.02378E-05
    0   1   0   0   0   0    1.00000E-07  (n,p)                                                     4.32307E-11
    0   0   0   0   0   1    1.00000E-07  (n,a)                                                     4.32307E-11
    1   0   0   0   0   1    1.00000E-07  (n,na)                                                    4.32307E-11
                                                             0     5.00000E-08  0.50000
                                                             7     5.00000E-08  0.50000   5.20000E+00 sec. 
    0   1   0   0   0   1    1.00000E-07  (n,pa)                                                    4.32307E-11
    0   0   0   0   0   2    1.00000E-07  (n,2a)                                                    4.32307E-11
    1   0   0   0   0   2    1.00000E-07  (n,n2a)                                                   4.32307E-11
    0   1   0   0   0   2    1.00000E-07  (n,p2a)                                                   4.32307E-11
    0   0   0   0   0   3    1.00000E-07  (n,3a)                                                    4.32307E-11
    1   0   0   0   0   3    1.00000E-07  (n,n3a)                                                   4.32307E-11

 Absorption cross section                 :  2313.12158

 Sum over exclusive channel cross sections:  2313.16846
 (n,gn) + (n,gp) +...(n,ga) cross sections:     0.02572
 Total                                    :  2313.19409
 Non-elastic cross section                :  2313.34570

 ########## RESULTS FOR E=   0.02000 ##########

 Energy dependent input flags

 Width fluctuations (flagwidth)            : y
 Unresolved resonance parameters (flagurr) : n
 Preequilibrium (flagpreeq)                : n
 Multiple preequilibrium (flagmulpre)      : n
 Number of continuum excitation energy bins: 40

 ########### REACTION SUMMARY FOR E=   0.02000 ###########

 Center-of-mass energy:    0.020

 1. Total (binary) cross sections

 Total           = 1.88333E+04
   Shape elastic   = 3.82272E+03
   Reaction        = 1.50106E+04
     Compound elastic= 1.11926E+04
     Non-elastic     = 3.81804E+03
       Direct          = 1.18624E+00
       Pre-equilibrium = 0.00000E+00
       Compound non-el = 3.81686E+03
     Total elastic   = 1.50153E+04

 2. Binary non-elastic cross sections (non-exclusive)

 gamma   = 1.22359E+03
 neutron = 2.59436E+03
 proton  = 0.00000E+00
 deuteron= 0.00000E+00
 triton  = 0.00000E+00
 helium-3= 0.00000E+00
 alpha   = 0.00000E+00

 3. Total particle production cross sections

 gamma   = 3.64855E+03    Multiplicity= 9.55607E-01
 neutron = 2.59438E+03    Multiplicity= 6.79507E-01
 proton  = 0.00000E+00    Multiplicity= 0.00000E+00
 deuteron= 0.00000E+00    Multiplicity= 0.00000E+00
 triton  = 0.00000E+00    Multiplicity= 0.00000E+00
 helium-3= 0.00000E+00    Multiplicity= 0.00000E+00
 alpha   = 0.00000E+00    Multiplicity= 0.00000E+00

 4. Residual production cross sections

   a. Per isotope

   Z   A  nuclide    total     level   isomeric    isomeric    lifetime
                 cross section       cross section  ratio

   76 188 (188Os) 1.22357E+03    0    1.22357E+03  1.00000
   76 187 (187Os) 2.59438E+03    0    2.59438E+03  1.00000
   75 187 (187Re) 1.00000E-07    0    0.00000E+00  0.00000
   74 184 (184W ) 1.00000E-07    0    0.00000E+00  0.00000
   74 183 (183W ) 1.00000E-07    0    0.00000E+00  0.00000
                                 7    0.00000E+00  0.00000   5.20000E+00 sec. 

   b. Per mass

   A  cross section

  188 1.22357E+03
  187 2.59438E+03

 Total residual production cross section:  3817.9538574
 Non-elastic cross section              :  3818.0419922

 6. Exclusive cross sections

 6a. Total exclusive cross sections 

     Emitted particles     cross section reaction         level    isomeric    isomeric    lifetime relative yield
    n   p   d   t   h   a                                        cross section   ratio
    0   0   0   0   0   0    1.22357E+03  (n,g)                                                     3.20480E-01
    1   0   0   0   0   0    2.59436E+03  (n,n')                                                    6.79520E-01
    0   1   0   0   0   0    1.00000E-07  (n,p)                                                     2.61922E-11
    0   0   0   0   0   1    1.00000E-07  (n,a)                                                     2.61922E-11
    1   0   0   0   0   1    1.00000E-07  (n,na)                                                    2.61922E-11
                                                             0     5.00000E-08  0.50000
                                                             7     5.00000E-08  0.50000   5.20000E+00 sec. 
    0   1   0   0   0   1    1.00000E-07  (n,pa)                                                    2.61922E-11
    0   0   0   0   0   2    1.00000E-07  (n,2a)                                                    2.61922E-11
    1   0   0   0   0   2    1.00000E-07  (n,n2a)                                                   2.61922E-11
    0   1   0   0   0   2    1.00000E-07  (n,p2a)                                                   2.61922E-11
    0   0   0   0   0   3    1.00000E-07  (n,3a)                                                    2.61922E-11
    1   0   0   0   0   3    1.00000E-07  (n,n3a)                                                   2.61922E-11

 Absorption cross section                 :  1223.56946

 Sum over exclusive channel cross sections:  3817.93066
 (n,gn) + (n,gp) +...(n,ga) cross sections:     0.02336
 Total                                    :  3817.95410
 Non-elastic cross section                :  3818.04199

 ########## RESULTS FOR E=   0.03000 ##########

 Energy dependent input flags

 Width fluctuations (flagwidth)            : y
 Unresolved resonance parameters (flagurr) : n
 Preequilibrium (flagpreeq)                : n
 Multiple preequilibrium (flagmulpre)      : n
 Number of continuum excitation energy bins: 40

 ########### REACTION SUMMARY FOR E=   0.03000 ###########

 Center-of-mass energy:    0.030

 1. Total (binary) cross sections

 Total           = 1.56446E+04
   Shape elastic   = 3.60319E+03
   Reaction        = 1.20414E+04
     Compound elastic= 8.75131E+03
     Non-elastic     = 3.29009E+03
       Direct          = 3.39584E+00
       Pre-equilibrium = 0.00000E+00
       Compound non-el = 3.28670E+03
     Total elastic   = 1.23545E+04

 2. Binary non-elastic cross sections (non-exclusive)

 gamma   = 9.80540E+02
 neutron = 2.30950E+03
 proton  = 0.00000E+00
 deuteron= 0.00000E+00
 triton  = 0.00000E+00
 helium-3= 0.00000E+00
 alpha   = 0.00000E+00

 3. Total particle production cross sections

 gamma   = 2.93277E+03    Multiplicity= 8.91396E-01
 neutron = 2.30952E+03    Multiplicity= 7.01962E-01
 proton  = 0.00000E+00    Multiplicity= 0.00000E+00
 deuteron= 0.00000E+00    Multiplicity= 0.00000E+00
 triton  = 0.00000E+00    Multiplicity= 0.00000E+00
 helium-3= 0.00000E+00    Multiplicity= 0.00000E+00
 alpha   = 0.00000E+00    Multiplicity= 0.00000E+00

 4. Residual production cross sections

   a. Per isotope

   Z   A  nuclide    total     level   isomeric    isomeric    lifetime
                 cross section       cross section  ratio

   76 188 (188Os) 9.80518E+02    0    9.80518E+02  1.00000
   76 187 (187Os) 2.30952E+03    0    2.30952E+03  1.00000
   75 187 (187Re) 1.00000E-07    0    0.00000E+00  0.00000
   74 184 (184W ) 1.00000E-07    0    0.00000E+00  0.00000
   74 183 (183W ) 1.00000E-07    0    0.00000E+00  0.00000
                                 7    0.00000E+00  0.00000   5.20000E+00 sec. 

   b. Per mass

   A  cross section

  188 9.80518E+02
  187 2.30952E+03

 Total residual production cross section:  3290.0383301
 Non-elastic cross section              :  3290.0927734

 6. Exclusive cross sections

 6a. Total exclusive cross sections 

     Emitted particles     cross section reaction         level    isomeric    isomeric    lifetime relative yield
    n   p   d   t   h   a                                        cross section   ratio
    0   0   0   0   0   0    9.80519E+02  (n,g)                                                     2.98028E-01
    1   0   0   0   0   0    2.30950E+03  (n,n')                                                    7.01972E-01
    0   1   0   0   0   0    1.00000E-07  (n,p)                                                     3.03950E-11
    0   0   0   0   0   1    1.00000E-07  (n,a)                                                     3.03950E-11
    1   0   0   0   0   1    1.00000E-07  (n,na)                                                    3.03950E-11
                                                             0     5.00000E-08  0.50000
                                                             7     5.00000E-08  0.50000   5.20000E+00 sec. 
    0   1   0   0   0   1    1.00000E-07  (n,pa)                                                    3.03950E-11
    0   0   0   0   0   2    1.00000E-07  (n,2a)                                                    3.03950E-11
    1   0   0   0   0   2    1.00000E-07  (n,n2a)                                                   3.03950E-11
    0   1   0   0   0   2    1.00000E-07  (n,p2a)                                                   3.03950E-11
    0   0   0   0   0   3    1.00000E-07  (n,3a)                                                    3.03950E-11
    1   0   0   0   0   3    1.00000E-07  (n,n3a)                                                   3.03950E-11

 Absorption cross section                 :   980.51855

 Sum over exclusive channel cross sections:  3290.01636
 (n,gn) + (n,gp) +...(n,ga) cross sections:     0.02198
 Total                                    :  3290.03833
 Non-elastic cross section                :  3290.09277

 ########## RESULTS FOR E=   0.04000 ##########

 Energy dependent input flags

 Width fluctuations (flagwidth)            : y
 Unresolved resonance parameters (flagurr) : n
 Preequilibrium (flagpreeq)                : n
 Multiple preequilibrium (flagmulpre)      : n
 Number of continuum excitation energy bins: 40

 ########### REACTION SUMMARY FOR E=   0.04000 ###########

 Center-of-mass energy:    0.040

 1. Total (binary) cross sections

 Total           = 1.37834E+04
   Shape elastic   = 3.42899E+03
   Reaction        = 1.03544E+04
     Compound elastic= 7.38514E+03
     Non-elastic     = 2.96926E+03
       Direct          = 6.62606E+00
       Pre-equilibrium = 0.00000E+00
       Compound non-el = 2.96264E+03
     Total elastic   = 1.08141E+04

 2. Binary non-elastic cross sections (non-exclusive)

 gamma   = 8.43946E+02
 neutron = 2.12525E+03
 proton  = 0.00000E+00
 deuteron= 0.00000E+00
 triton  = 0.00000E+00
 helium-3= 0.00000E+00
 alpha   = 0.00000E+00

 3. Total particle production cross sections

 gamma   = 2.53044E+03    Multiplicity= 8.52212E-01
 neutron = 2.12527E+03    Multiplicity= 7.15756E-01
 proton  = 0.00000E+00    Multiplicity= 0.00000E+00
 deuteron= 0.00000E+00    Multiplicity= 0.00000E+00
 triton  = 0.00000E+00    Multiplicity= 0.00000E+00
 helium-3= 0.00000E+00    Multiplicity= 0.00000E+00
 alpha   = 0.00000E+00    Multiplicity= 0.00000E+00

 4. Residual production cross sections

   a. Per isotope

   Z   A  nuclide    total     level   isomeric    isomeric    lifetime
                 cross section       cross section  ratio

   76 188 (188Os) 8.43925E+02    0    8.43925E+02  1.00000
   76 187 (187Os) 2.12527E+03    0    2.12527E+03  1.00000
   75 187 (187Re) 1.00000E-07    0    0.00000E+00  0.00000
   74 184 (184W ) 1.00000E-07    0    0.00000E+00  0.00000
   74 183 (183W ) 1.00000E-07    0    0.00000E+00  0.00000
                                 7    0.00000E+00  0.00000   5.20000E+00 sec. 

   b. Per mass

   A  cross section

  188 8.43925E+02
  187 2.12527E+03

 Total residual production cross section:  2969.1945801
 Non-elastic cross section              :  2969.2636719

 6. Exclusive cross sections

 6a. Total exclusive cross sections 

     Emitted particles     cross section reaction         level    isomeric    isomeric    lifetime relative yield
    n   p   d   t   h   a                                        cross section   ratio
    0   0   0   0   0   0    8.43925E+02  (n,g)                                                     2.84229E-01
    1   0   0   0   0   0    2.12525E+03  (n,n')                                                    7.15771E-01
    0   1   0   0   0   0    1.00000E-07  (n,p)                                                     3.36794E-11
    0   0   0   0   0   1    1.00000E-07  (n,a)                                                     3.36794E-11
    1   0   0   0   0   1    1.00000E-07  (n,na)                                                    3.36794E-11
                                                             0     5.00000E-08  0.50000
                                                             7     5.00000E-08  0.50000   5.20000E+00 sec. 
    0   1   0   0   0   1    1.00000E-07  (n,pa)                                                    3.36794E-11
    0   0   0   0   0   2    1.00000E-07  (n,2a)                                                    3.36794E-11
    1   0   0   0   0   2    1.00000E-07  (n,n2a)                                                   3.36794E-11
    0   1   0   0   0   2    1.00000E-07  (n,p2a)                                                   3.36794E-11
    0   0   0   0   0   3    1.00000E-07  (n,3a)                                                    3.36794E-11
    1   0   0   0   0   3    1.00000E-07  (n,n3a)                                                   3.36794E-11

 Absorption cross section                 :   843.92548

 Sum over exclusive channel cross sections:  2969.17407
 (n,gn) + (n,gp) +...(n,ga) cross sections:     0.02069
 Total                                    :  2969.19482
 Non-elastic cross section                :  2969.26367

 ########## RESULTS FOR E=   0.05000 ##########

 Energy dependent input flags

 Width fluctuations (flagwidth)            : y
 Unresolved resonance parameters (flagurr) : n
 Preequilibrium (flagpreeq)                : n
 Multiple preequilibrium (flagmulpre)      : n
 Number of continuum excitation energy bins: 40

 ########### REACTION SUMMARY FOR E=   0.05000 ###########

 Center-of-mass energy:    0.050

 1. Total (binary) cross sections

 Total           = 1.25419E+04
   Shape elastic   = 3.28347E+03
   Reaction        = 9.25841E+03
     Compound elastic= 6.51548E+03
     Non-elastic     = 2.74293E+03
       Direct          = 1.07635E+01
       Pre-equilibrium = 0.00000E+00
       Compound non-el = 2.73216E+03
     Total elastic   = 9.79896E+03

 2. Binary non-elastic cross sections (non-exclusive)

 gamma   = 7.55727E+02
 neutron = 1.98715E+03
 proton  = 0.00000E+00
 deuteron= 0.00000E+00
 triton  = 0.00000E+00
 helium-3= 0.00000E+00
 alpha   = 0.00000E+00

 3. Total particle production cross sections

 gamma   = 2.27084E+03    Multiplicity= 8.27891E-01
 neutron = 1.98717E+03    Multiplicity= 7.24472E-01
 proton  = 0.00000E+00    Multiplicity= 0.00000E+00
 deuteron= 0.00000E+00    Multiplicity= 0.00000E+00
 triton  = 0.00000E+00    Multiplicity= 0.00000E+00
 helium-3= 0.00000E+00    Multiplicity= 0.00000E+00
 alpha   = 0.00000E+00    Multiplicity= 0.00000E+00

 4. Residual production cross sections

   a. Per isotope

   Z   A  nuclide    total     level   isomeric    isomeric    lifetime
                 cross section       cross section  ratio

   76 188 (188Os) 7.55707E+02    0    7.55707E+02  1.00000
   76 187 (187Os) 1.98717E+03    0    1.98717E+03  1.00000
   75 187 (187Re) 1.00000E-07    0    0.00000E+00  0.00000
   74 184 (184W ) 1.00000E-07    0    0.00000E+00  0.00000
   74 183 (183W ) 1.00000E-07    0    0.00000E+00  0.00000
                                 7    0.00000E+00  0.00000   5.20000E+00 sec. 

   b. Per mass

   A  cross section

  188 7.55707E+02
  187 1.98717E+03

 Total residual production cross section:  2742.8781738
 Non-elastic cross section              :  2742.9252930

 6. Exclusive cross sections

 6a. Total exclusive cross sections 

     Emitted particles     cross section reaction         level    isomeric    isomeric    lifetime relative yield
    n   p   d   t   h   a                                        cross section   ratio
    0   0   0   0   0   0    7.55707E+02  (n,g)                                                     2.75518E-01
    1   0   0   0   0   0    1.98715E+03  (n,n')                                                    7.24482E-01
    0   1   0   0   0   0    1.00000E-07  (n,p)                                                     3.64583E-11
    0   0   0   0   0   1    1.00000E-07  (n,a)                                                     3.64583E-11
    1   0   0   0   0   1    1.00000E-07  (n,na)                                                    3.64583E-11
                                                             0     5.00000E-08  0.50000
                                                             7     5.00000E-08  0.50000   5.20000E+00 sec. 
    0   1   0   0   0   1    1.00000E-07  (n,pa)                                                    3.64583E-11
    0   0   0   0   0   2    1.00000E-07  (n,2a)                                                    3.64583E-11
    1   0   0   0   0   2    1.00000E-07  (n,n2a)                                                   3.64583E-11
    0   1   0   0   0   2    1.00000E-07  (n,p2a)                                                   3.64583E-11
    0   0   0   0   0   3    1.00000E-07  (n,3a)                                                    3.64583E-11
    1   0   0   0   0   3    1.00000E-07  (n,n3a)                                                   3.64583E-11

 Absorption cross section                 :   755.70691

 Sum over exclusive channel cross sections:  2742.85815
 (n,gn) + (n,gp) +...(n,ga) cross sections:     0.02007
 Total                                    :  2742.87817
 Non-elastic cross section                :  2742.92529

 ########## RESULTS FOR E=   0.06000 ##########

 Energy dependent input flags

 Width fluctuations (flagwidth)            : y
 Unresolved resonance parameters (flagurr) : n
 Preequilibrium (flagpreeq)                : n
 Multiple preequilibrium (flagmulpre)      : n
 Number of continuum excitation energy bins: 40

 ########### REACTION SUMMARY FOR E=   0.06000 ###########

 Center-of-mass energy:    0.060

 1. Total (binary) cross sections

 Total           = 1.16479E+04
   Shape elastic   = 3.15814E+03
   Reaction        = 8.48977E+03
     Compound elastic= 5.92011E+03
     Non-elastic     = 2.56966E+03
       Direct          = 1.57024E+01
       Pre-equilibrium = 0.00000E+00
       Compound non-el = 2.55396E+03
     Total elastic   = 9.07825E+03

 2. Binary non-elastic cross sections (non-exclusive)

 gamma   = 6.95074E+02
 neutron = 1.87455E+03
 proton  = 0.00000E+00
 deuteron= 0.00000E+00
 triton  = 0.00000E+00
 helium-3= 0.00000E+00
 alpha   = 0.00000E+00

 3. Total particle production cross sections

 gamma   = 2.09278E+03    Multiplicity= 8.14417E-01
 neutron = 1.87457E+03    Multiplicity= 7.29500E-01
 proton  = 0.00000E+00    Multiplicity= 0.00000E+00
 deuteron= 0.00000E+00    Multiplicity= 0.00000E+00
 triton  = 0.00000E+00    Multiplicity= 0.00000E+00
 helium-3= 0.00000E+00    Multiplicity= 0.00000E+00
 alpha   = 0.00000E+00    Multiplicity= 0.00000E+00

 4. Residual production cross sections

   a. Per isotope

   Z   A  nuclide    total     level   isomeric    isomeric    lifetime
                 cross section       cross section  ratio

   76 188 (188Os) 6.95054E+02    0    6.95054E+02  1.00000
   76 187 (187Os) 1.87457E+03    0    1.87457E+03  1.00000
   75 187 (187Re) 1.00000E-07    0    0.00000E+00  0.00000
   74 184 (184W ) 1.00000E-07    0    0.00000E+00  0.00000
   74 183 (183W ) 1.00000E-07    0    0.00000E+00  0.00000
                                 7    0.00000E+00  0.00000   5.20000E+00 sec. 

   b. Per mass

   A  cross section

  188 6.95054E+02
  187 1.87457E+03

 Total residual production cross section:  2569.6223145
 Non-elastic cross section              :  2569.6611328

 6. Exclusive cross sections

 6a. Total exclusive cross sections 

     Emitted particles     cross section reaction         level    isomeric    isomeric    lifetime relative yield
    n   p   d   t   h   a                                        cross section   ratio
    0   0   0   0   0   0    6.95054E+02  (n,g)                                                     2.70491E-01
    1   0   0   0   0   0    1.87455E+03  (n,n')                                                    7.29509E-01
    0   1   0   0   0   0    1.00000E-07  (n,p)                                                     3.89165E-11
    0   0   0   0   0   1    1.00000E-07  (n,a)                                                     3.89165E-11
    1   0   0   0   0   1    1.00000E-07  (n,na)                                                    3.89165E-11
                                                             0     5.00000E-08  0.50000
                                                             7     5.00000E-08  0.50000   5.20000E+00 sec. 
    0   1   0   0   0   1    1.00000E-07  (n,pa)                                                    3.89165E-11
    0   0   0   0   0   2    1.00000E-07  (n,2a)                                                    3.89165E-11
    1   0   0   0   0   2    1.00000E-07  (n,n2a)                                                   3.89165E-11
    0   1   0   0   0   2    1.00000E-07  (n,p2a)                                                   3.89165E-11
    0   0   0   0   0   3    1.00000E-07  (n,3a)                                                    3.89165E-11
    1   0   0   0   0   3    1.00000E-07  (n,n3a)                                                   3.89165E-11

 Absorption cross section                 :   695.05426

 Sum over exclusive channel cross sections:  2569.60254
 (n,gn) + (n,gp) +...(n,ga) cross sections:     0.02000
 Total                                    :  2569.62256
 Non-elastic cross section                :  2569.66113

 ########## RESULTS FOR E=   0.07000 ##########

 Energy dependent input flags

 Width fluctuations (flagwidth)            : y
 Unresolved resonance parameters (flagurr) : n
 Preequilibrium (flagpreeq)                : n
 Multiple preequilibrium (flagmulpre)      : n
 Number of continuum excitation energy bins: 40

 ########### REACTION SUMMARY FOR E=   0.07000 ###########

 Center-of-mass energy:    0.070

 1. Total (binary) cross sections

 Total           = 1.09716E+04
   Shape elastic   = 3.04823E+03
   Reaction        = 7.92338E+03
     Compound elastic= 5.45709E+03
     Non-elastic     = 2.46629E+03
       Direct          = 2.13395E+01
       Pre-equilibrium = 0.00000E+00
       Compound non-el = 2.44495E+03
     Total elastic   = 8.50532E+03

 2. Binary non-elastic cross sections (non-exclusive)

 gamma   = 6.50240E+02
 neutron = 1.81601E+03
 proton  = 0.00000E+00
 deuteron= 0.00000E+00
 triton  = 0.00000E+00
 helium-3= 0.00000E+00
 alpha   = 0.00000E+00

 3. Total particle production cross sections

 gamma   = 1.96163E+03    Multiplicity= 7.95378E-01
 neutron = 1.81603E+03    Multiplicity= 7.36340E-01
 proton  = 0.00000E+00    Multiplicity= 0.00000E+00
 deuteron= 0.00000E+00    Multiplicity= 0.00000E+00
 triton  = 0.00000E+00    Multiplicity= 0.00000E+00
 helium-3= 0.00000E+00    Multiplicity= 0.00000E+00
 alpha   = 0.00000E+00    Multiplicity= 0.00000E+00

 4. Residual production cross sections

   a. Per isotope

   Z   A  nuclide    total     level   isomeric    isomeric    lifetime
                 cross section       cross section  ratio

   76 188 (188Os) 6.50220E+02    0    6.50220E+02  1.00000
   76 187 (187Os) 1.81603E+03    0    1.81603E+03  1.00000
   75 187 (187Re) 1.00000E-07    0    0.00000E+00  0.00000
   74 184 (184W ) 1.00000E-07    0    0.00000E+00  0.00000
   74 183 (183W ) 1.00000E-07    0    0.00000E+00  0.00000
                                 7    0.00000E+00  0.00000   5.20000E+00 sec. 

   b. Per mass

   A  cross section

  188 6.50220E+02
  187 1.81603E+03

 Total residual production cross section:  2466.2468262
 Non-elastic cross section              :  2466.2895508

 6. Exclusive cross sections

 6a. Total exclusive cross sections 

     Emitted particles     cross section reaction         level    isomeric    isomeric    lifetime relative yield
    n   p   d   t   h   a                                        cross section   ratio
    0   0   0   0   0   0    6.50220E+02  (n,g)                                                     2.63650E-01
    1   0   0   0   0   0    1.81601E+03  (n,n')                                                    7.36350E-01
    0   1   0   0   0   0    1.00000E-07  (n,p)                                                     4.05478E-11
    0   0   0   0   0   1    1.00000E-07  (n,a)                                                     4.05478E-11
    1   0   0   0   0   1    1.00000E-07  (n,na)                                                    4.05478E-11
                                                             0     5.00000E-08  0.50000
                                                             7     5.00000E-08  0.50000   5.20000E+00 sec. 
    0   1   0   0   0   1    1.00000E-07  (n,pa)                                                    4.05478E-11
    0   0   0   0   0   2    1.00000E-07  (n,2a)                                                    4.05478E-11
    1   0   0   0   0   2    1.00000E-07  (n,n2a)                                                   4.05478E-11
    0   1   0   0   0   2    1.00000E-07  (n,p2a)                                                   4.05478E-11
    0   0   0   0   0   3    1.00000E-07  (n,3a)                                                    4.05478E-11
    1   0   0   0   0   3    1.00000E-07  (n,n3a)                                                   4.05478E-11

 Absorption cross section                 :   650.21973

 Sum over exclusive channel cross sections:  2466.22681
 (n,gn) + (n,gp) +...(n,ga) cross sections:     0.02008
 Total                                    :  2466.24683
 Non-elastic cross section                :  2466.28955

 ########## RESULTS FOR E=   0.08000 ##########

 Energy dependent input flags

 Width fluctuations (flagwidth)            : y
 Unresolved resonance parameters (flagurr) : n
 Preequilibrium (flagpreeq)                : n
 Multiple preequilibrium (flagmulpre)      : n
 Number of continuum excitation energy bins: 40

 ########### REACTION SUMMARY FOR E=   0.08000 ###########

 Center-of-mass energy:    0.080

 1. Total (binary) cross sections

 Total           = 1.04424E+04
   Shape elastic   = 2.95054E+03
   Reaction        = 7.49187E+03
     Compound elastic= 4.77509E+03
     Non-elastic     = 2.71678E+03
       Direct          = 2.75833E+01
       Pre-equilibrium = 0.00000E+00
       Compound non-el = 2.68920E+03
     Total elastic   = 7.72563E+03

 2. Binary non-elastic cross sections (non-exclusive)

 gamma   = 5.81381E+02
 neutron = 2.13536E+03
 proton  = 0.00000E+00
 deuteron= 0.00000E+00
 triton  = 0.00000E+00
 helium-3= 0.00000E+00
 alpha   = 0.00000E+00

 3. Total particle production cross sections

 gamma   = 1.75831E+03    Multiplicity= 6.47204E-01
 neutron = 2.13538E+03    Multiplicity= 7.85995E-01
 proton  = 0.00000E+00    Multiplicity= 0.00000E+00
 deuteron= 0.00000E+00    Multiplicity= 0.00000E+00
 triton  = 0.00000E+00    Multiplicity= 0.00000E+00
 helium-3= 0.00000E+00    Multiplicity= 0.00000E+00
 alpha   = 0.00000E+00    Multiplicity= 0.00000E+00

 4. Residual production cross sections

   a. Per isotope

   Z   A  nuclide    total     level   isomeric    isomeric    lifetime
                 cross section       cross section  ratio

   76 188 (188Os) 5.81362E+02    0    5.81362E+02  1.00000
   76 187 (187Os) 2.13538E+03    0    2.13538E+03  1.00000
   75 187 (187Re) 1.00000E-07    0    0.00000E+00  0.00000
   74 184 (184W ) 1.00000E-07    0    0.00000E+00  0.00000
   74 183 (183W ) 1.00000E-07    0    0.00000E+00  0.00000
                                 7    0.00000E+00  0.00000   5.20000E+00 sec. 

   b. Per mass

   A  cross section

  188 5.81362E+02
  187 2.13538E+03

 Total residual production cross section:  2716.7412109
 Non-elastic cross section              :  2716.7832031

 6. Exclusive cross sections

 6a. Total exclusive cross sections 

     Emitted particles     cross section reaction         level    isomeric    isomeric    lifetime relative yield
    n   p   d   t   h   a                                        cross section   ratio
    0   0   0   0   0   0    5.81362E+02  (n,g)                                                     2.13994E-01
    1   0   0   0   0   0    2.13536E+03  (n,n')                                                    7.86006E-01
    0   1   0   0   0   0    1.00000E-07  (n,p)                                                     3.68091E-11
    0   0   0   0   0   1    1.00000E-07  (n,a)                                                     3.68091E-11
    1   0   0   0   0   1    1.00000E-07  (n,na)                                                    3.68091E-11
                                                             0     5.00000E-08  0.50000
                                                             7     5.00000E-08  0.50000   5.20000E+00 sec. 
    0   1   0   0   0   1    1.00000E-07  (n,pa)                                                    3.68091E-11
    0   0   0   0   0   2    1.00000E-07  (n,2a)                                                    3.68091E-11
    1   0   0   0   0   2    1.00000E-07  (n,n2a)                                                   3.68091E-11
    0   1   0   0   0   2    1.00000E-07  (n,p2a)                                                   3.68091E-11
    0   0   0   0   0   3    1.00000E-07  (n,3a)                                                    3.68091E-11
    1   0   0   0   0   3    1.00000E-07  (n,n3a)                                                   3.68091E-11

 Absorption cross section                 :   581.36206

 Sum over exclusive channel cross sections:  2716.72266
 (n,gn) + (n,gp) +...(n,ga) cross sections:     0.01863
 Total                                    :  2716.74121
 Non-elastic cross section                :  2716.78320

 ########## RESULTS FOR E=   0.09000 ##########

 Energy dependent input flags

 Width fluctuations (flagwidth)            : y
 Unresolved resonance parameters (flagurr) : n
 Preequilibrium (flagpreeq)                : n
 Multiple preequilibrium (flagmulpre)      : n
 Number of continuum excitation energy bins: 40

 ########### REACTION SUMMARY FOR E=   0.09000 ###########

 Center-of-mass energy:    0.090

 1. Total (binary) cross sections

 Total           = 1.00160E+04
   Shape elastic   = 2.86289E+03
   Reaction        = 7.15314E+03
     Compound elastic= 4.38458E+03
     Non-elastic     = 2.76856E+03
       Direct          = 3.67928E+01
       Pre-equilibrium = 0.00000E+00
       Compound non-el = 2.73177E+03
     Total elastic   = 7.24747E+03

 2. Binary non-elastic cross sections (non-exclusive)

 gamma   = 5.04756E+02
 neutron = 2.26376E+03
 proton  = 0.00000E+00
 deuteron= 0.00000E+00
 triton  = 0.00000E+00
 helium-3= 0.00000E+00
 alpha   = 0.00000E+00

 3. Total particle production cross sections

 gamma   = 1.52767E+03    Multiplicity= 5.51791E-01
 neutron = 2.26378E+03    Multiplicity= 8.17674E-01
 proton  = 0.00000E+00    Multiplicity= 0.00000E+00
 deuteron= 0.00000E+00    Multiplicity= 0.00000E+00
 triton  = 0.00000E+00    Multiplicity= 0.00000E+00
 helium-3= 0.00000E+00    Multiplicity= 0.00000E+00
 alpha   = 0.00000E+00    Multiplicity= 0.00000E+00

 4. Residual production cross sections

   a. Per isotope

   Z   A  nuclide    total     level   isomeric    isomeric    lifetime
                 cross section       cross section  ratio

   76 188 (188Os) 5.04739E+02    0    5.04739E+02  1.00000
   76 187 (187Os) 2.26378E+03    0    2.26378E+03  1.00000
   75 187 (187Re) 1.00000E-07    0    0.00000E+00  0.00000
   74 184 (184W ) 1.00000E-07    0    0.00000E+00  0.00000
   74 183 (183W ) 1.00000E-07    0    0.00000E+00  0.00000
                                 7    0.00000E+00  0.00000   5.20000E+00 sec. 

   b. Per mass

   A  cross section

  188 5.04739E+02
  187 2.26378E+03

 Total residual production cross section:  2768.5205078
 Non-elastic cross section              :  2768.5634766

 6. Exclusive cross sections

 6a. Total exclusive cross sections 

     Emitted particles     cross section reaction         level    isomeric    isomeric    lifetime relative yield
    n   p   d   t   h   a                                        cross section   ratio
    0   0   0   0   0   0    5.04739E+02  (n,g)                                                     1.82315E-01
    1   0   0   0   0   0    2.26376E+03  (n,n')                                                    8.17685E-01
    0   1   0   0   0   0    1.00000E-07  (n,p)                                                     3.61206E-11
    0   0   0   0   0   1    1.00000E-07  (n,a)                                                     3.61206E-11
    1   0   0   0   0   1    1.00000E-07  (n,na)                                                    3.61206E-11
                                                             0     5.00000E-08  0.50000
                                                             7     5.00000E-08  0.50000   5.20000E+00 sec. 
    0   1   0   0   0   1    1.00000E-07  (n,pa)                                                    3.61206E-11
    0   0   0   0   0   2    1.00000E-07  (n,2a)                                                    3.61206E-11
    1   0   0   0   0   2    1.00000E-07  (n,n2a)                                                   3.61206E-11
    0   1   0   0   0   2    1.00000E-07  (n,p2a)                                                   3.61206E-11
    0   0   0   0   0   3    1.00000E-07  (n,3a)                                                    3.61206E-11
    1   0   0   0   0   3    1.00000E-07  (n,n3a)                                                   3.61206E-11

 Absorption cross section                 :   504.73859

 Sum over exclusive channel cross sections:  2768.50269
 (n,gn) + (n,gp) +...(n,ga) cross sections:     0.01772
 Total                                    :  2768.52051
 Non-elastic cross section                :  2768.56348

 ########## RESULTS FOR E=   0.10000 ##########

 Energy dependent input flags

 Width fluctuations (flagwidth)            : y
 Unresolved resonance parameters (flagurr) : n
 Preequilibrium (flagpreeq)                : n
 Multiple preequilibrium (flagmulpre)      : n
 Number of continuum excitation energy bins: 40

 ########### REACTION SUMMARY FOR E=   0.10000 ###########

 Center-of-mass energy:    0.099

 1. Total (binary) cross sections

 Total           = 9.66799E+03
   Shape elastic   = 2.78384E+03
   Reaction        = 6.88415E+03
     Compound elastic= 4.10044E+03
     Non-elastic     = 2.78371E+03
       Direct          = 4.98790E+01
       Pre-equilibrium = 0.00000E+00
       Compound non-el = 2.73383E+03
     Total elastic   = 6.88428E+03

 2. Binary non-elastic cross sections (non-exclusive)

 gamma   = 4.50897E+02
 neutron = 2.33277E+03
 proton  = 0.00000E+00
 deuteron= 0.00000E+00
 triton  = 0.00000E+00
 helium-3= 0.00000E+00
 alpha   = 0.00000E+00

 3. Total particle production cross sections

 gamma   = 1.36600E+03    Multiplicity= 4.90713E-01
 neutron = 2.33279E+03    Multiplicity= 8.38013E-01
 proton  = 0.00000E+00    Multiplicity= 0.00000E+00
 deuteron= 0.00000E+00    Multiplicity= 0.00000E+00
 triton  = 0.00000E+00    Multiplicity= 0.00000E+00
 helium-3= 0.00000E+00    Multiplicity= 0.00000E+00
 alpha   = 0.00000E+00    Multiplicity= 0.00000E+00

 4. Residual production cross sections

   a. Per isotope

   Z   A  nuclide    total     level   isomeric    isomeric    lifetime
                 cross section       cross section  ratio

   76 188 (188Os) 4.50880E+02    0    4.50880E+02  1.00000
   76 187 (187Os) 2.33279E+03    0    2.33279E+03  1.00000
   75 187 (187Re) 1.00000E-07    0    0.00000E+00  0.00000
   74 184 (184W ) 1.00000E-07    0    0.00000E+00  0.00000
   74 183 (183W ) 1.00000E-07    0    0.00000E+00  0.00000
                                 7    0.00000E+00  0.00000   5.20000E+00 sec. 

   b. Per mass

   A  cross section

  188 4.50880E+02
  187 2.33279E+03

 Total residual production cross section:  2783.6650391
 Non-elastic cross section              :  2783.7099609

 6. Exclusive cross sections

 6a. Total exclusive cross sections 

     Emitted particles     cross section reaction         level    isomeric    isomeric    lifetime relative yield
    n   p   d   t   h   a                                        cross section   ratio
    0   0   0   0   0   0    4.50880E+02  (n,g)                                                     1.61974E-01
    1   0   0   0   0   0    2.33277E+03  (n,n')                                                    8.38026E-01
    0   1   0   0   0   0    1.00000E-07  (n,p)                                                     3.59241E-11
    0   0   0   0   0   1    1.00000E-07  (n,a)                                                     3.59241E-11
    1   0   0   0   0   1    1.00000E-07  (n,na)                                                    3.59241E-11
                                                             0     5.00000E-08  0.50000
                                                             7     5.00000E-08  0.50000   5.20000E+00 sec. 
    0   1   0   0   0   1    1.00000E-07  (n,pa)                                                    3.59241E-11
    0   0   0   0   0   2    1.00000E-07  (n,2a)                                                    3.59241E-11
    1   0   0   0   0   2    1.00000E-07  (n,n2a)                                                   3.59241E-11
    0   1   0   0   0   2    1.00000E-07  (n,p2a)                                                   3.59241E-11
    0   0   0   0   0   3    1.00000E-07  (n,3a)                                                    3.59241E-11
    1   0   0   0   0   3    1.00000E-07  (n,n3a)                                                   3.59241E-11

 Absorption cross section                 :   450.87952

 Sum over exclusive channel cross sections:  2783.64746
 (n,gn) + (n,gp) +...(n,ga) cross sections:     0.01756
 Total                                    :  2783.66504
 Non-elastic cross section                :  2783.70996

 ########## RESULTS FOR E=   0.12000 ##########

 Energy dependent input flags

 Width fluctuations (flagwidth)            : y
 Unresolved resonance parameters (flagurr) : n
 Preequilibrium (flagpreeq)                : n
 Multiple preequilibrium (flagmulpre)      : n
 Number of continuum excitation energy bins: 40

 ########### REACTION SUMMARY FOR E=   0.12000 ###########

 Center-of-mass energy:    0.119

 1. Total (binary) cross sections

 Total           = 9.13961E+03
   Shape elastic   = 2.64704E+03
   Reaction        = 6.49257E+03
     Compound elastic= 3.66373E+03
     Non-elastic     = 2.82884E+03
       Direct          = 7.89532E+01
       Pre-equilibrium = 0.00000E+00
       Compound non-el = 2.74988E+03
     Total elastic   = 6.31077E+03

 2. Binary non-elastic cross sections (non-exclusive)

 gamma   = 3.64568E+02
 neutron = 2.46424E+03
 proton  = 0.00000E+00
 deuteron= 0.00000E+00
 triton  = 0.00000E+00
 helium-3= 0.00000E+00
 alpha   = 0.00000E+00

 3. Total particle production cross sections

 gamma   = 1.10618E+03    Multiplicity= 3.91038E-01
 neutron = 2.46425E+03    Multiplicity= 8.71120E-01
 proton  = 0.00000E+00    Multiplicity= 0.00000E+00
 deuteron= 0.00000E+00    Multiplicity= 0.00000E+00
 triton  = 0.00000E+00    Multiplicity= 0.00000E+00
 helium-3= 0.00000E+00    Multiplicity= 0.00000E+00
 alpha   = 0.00000E+00    Multiplicity= 0.00000E+00

 4. Residual production cross sections

   a. Per isotope

   Z   A  nuclide    total     level   isomeric    isomeric    lifetime
                 cross section       cross section  ratio

   76 188 (188Os) 3.64551E+02    0    3.64551E+02  1.00000
   76 187 (187Os) 2.46425E+03    0    2.46425E+03  1.00000
   75 187 (187Re) 1.00000E-07    0    0.00000E+00  0.00000
   74 184 (184W ) 1.00000E-07    0    0.00000E+00  0.00000
   74 183 (183W ) 1.00000E-07    0    0.00000E+00  0.00000
                                 7    0.00000E+00  0.00000   5.20000E+00 sec. 

   b. Per mass

   A  cross section

  188 3.64551E+02
  187 2.46425E+03

 Total residual production cross section:  2828.8056641
 Non-elastic cross section              :  2828.8352051

 6. Exclusive cross sections

 6a. Total exclusive cross sections 

     Emitted particles     cross section reaction         level    isomeric    isomeric    lifetime relative yield
    n   p   d   t   h   a                                        cross section   ratio
    0   0   0   0   0   0    3.64551E+02  (n,g)                                                     1.28872E-01
    1   0   0   0   0   0    2.46424E+03  (n,n')                                                    8.71128E-01
    0   1   0   0   0   0    1.00000E-07  (n,p)                                                     3.53508E-11
    0   0   0   0   0   1    1.00000E-07  (n,a)                                                     3.53508E-11
    1   0   0   0   0   1    1.00000E-07  (n,na)                                                    3.53508E-11
                                                             0     5.00000E-08  0.50000
                                                             7     5.00000E-08  0.50000   5.20000E+00 sec. 
    0   1   0   0   0   1    1.00000E-07  (n,pa)                                                    3.53508E-11
    0   0   0   0   0   2    1.00000E-07  (n,2a)                                                    3.53508E-11
    1   0   0   0   0   2    1.00000E-07  (n,n2a)                                                   3.53508E-11
    0   1   0   0   0   2    1.00000E-07  (n,p2a)                                                   3.53508E-11
    0   0   0   0   0   3    1.00000E-07  (n,3a)                                                    3.53508E-11
    1   0   0   0   0   3    1.00000E-07  (n,n3a)                                                   3.53508E-11

 Absorption cross section                 :   364.55127

 Sum over exclusive channel cross sections:  2828.78857
 (n,gn) + (n,gp) +...(n,ga) cross sections:     0.01696
 Total                                    :  2828.80542
 Non-elastic cross section                :  2828.83521

 ########## RESULTS FOR E=   0.14000 ##########

 Energy dependent input flags

 Width fluctuations (flagwidth)            : y
 Unresolved resonance parameters (flagurr) : n
 Preequilibrium (flagpreeq)                : n
 Multiple preequilibrium (flagmulpre)      : n
 Number of continuum excitation energy bins: 40

 ########### REACTION SUMMARY FOR E=   0.14000 ###########

 Center-of-mass energy:    0.139

 1. Total (binary) cross sections

 Total           = 8.76229E+03
   Shape elastic   = 2.53353E+03
   Reaction        = 6.22875E+03
     Compound elastic= 3.33667E+03
     Non-elastic     = 2.89208E+03
       Direct          = 1.12465E+02
       Pre-equilibrium = 0.00000E+00
       Compound non-el = 2.77962E+03
     Total elastic   = 5.87020E+03

 2. Binary non-elastic cross sections (non-exclusive)

 gamma   = 3.17974E+02
 neutron = 2.57408E+03
 proton  = 0.00000E+00
 deuteron= 0.00000E+00
 triton  = 0.00000E+00
 helium-3= 0.00000E+00
 alpha   = 0.00000E+00

 3. Total particle production cross sections

 gamma   = 9.67166E+02    Multiplicity= 3.34419E-01
 neutron = 2.57410E+03    Multiplicity= 8.90051E-01
 proton  = 0.00000E+00    Multiplicity= 0.00000E+00
 deuteron= 0.00000E+00    Multiplicity= 0.00000E+00
 triton  = 0.00000E+00    Multiplicity= 0.00000E+00
 helium-3= 0.00000E+00    Multiplicity= 0.00000E+00
 alpha   = 0.00000E+00    Multiplicity= 0.00000E+00

 4. Residual production cross sections

   a. Per isotope

   Z   A  nuclide    total     level   isomeric    isomeric    lifetime
                 cross section       cross section  ratio

   76 188 (188Os) 3.17958E+02    0    3.17958E+02  1.00000
   76 187 (187Os) 2.57410E+03    0    2.57410E+03  1.00000
   75 187 (187Re) 1.00000E-07    0    0.00000E+00  0.00000
   74 184 (184W ) 1.00000E-07    0    0.00000E+00  0.00000
   74 183 (183W ) 1.00000E-07    0    0.00000E+00  0.00000
                                 7    0.00000E+00  0.00000   5.20000E+00 sec. 

   b. Per mass

   A  cross section

  188 3.17958E+02
  187 2.57410E+03

 Total residual production cross section:  2892.0585938
 Non-elastic cross section              :  2892.0805664

 6. Exclusive cross sections

 6a. Total exclusive cross sections 

     Emitted particles     cross section reaction         level    isomeric    isomeric    lifetime relative yield
    n   p   d   t   h   a                                        cross section   ratio
    0   0   0   0   0   0    3.17958E+02  (n,g)                                                     1.09942E-01
    1   0   0   0   0   0    2.57408E+03  (n,n')                                                    8.90058E-01
    0   1   0   0   0   0    1.00000E-07  (n,p)                                                     3.45776E-11
    0   0   0   0   0   1    1.00000E-07  (n,a)                                                     3.45776E-11
    1   0   0   0   0   1    1.00000E-07  (n,na)                                                    3.45776E-11
                                                             0     5.00000E-08  0.50000
                                                             7     5.00000E-08  0.50000   5.20000E+00 sec. 
    0   1   0   0   0   1    1.00000E-07  (n,pa)                                                    3.45776E-11
    0   0   0   0   0   2    1.00000E-07  (n,2a)                                                    3.45776E-11
    1   0   0   0   0   2    1.00000E-07  (n,n2a)                                                   3.45776E-11
    0   1   0   0   0   2    1.00000E-07  (n,p2a)                                                   3.45776E-11
    0   0   0   0   0   3    1.00000E-07  (n,3a)                                                    3.45776E-11
    1   0   0   0   0   3    1.00000E-07  (n,n3a)                                                   3.45776E-11

 Absorption cross section                 :   317.95792

 Sum over exclusive channel cross sections:  2892.04199
 (n,gn) + (n,gp) +...(n,ga) cross sections:     0.01651
 Total                                    :  2892.05859
 Non-elastic cross section                :  2892.08057

 ########## RESULTS FOR E=   0.16000 ##########

 Energy dependent input flags

 Width fluctuations (flagwidth)            : y
 Unresolved resonance parameters (flagurr) : n
 Preequilibrium (flagpreeq)                : n
 Multiple preequilibrium (flagmulpre)      : n
 Number of continuum excitation energy bins: 40

 ########### REACTION SUMMARY FOR E=   0.16000 ###########

 Center-of-mass energy:    0.159

 1. Total (binary) cross sections

 Total           = 8.48559E+03
   Shape elastic   = 2.43883E+03
   Reaction        = 6.04676E+03
     Compound elastic= 3.07668E+03
     Non-elastic     = 2.97007E+03
       Direct          = 1.49100E+02
       Pre-equilibrium = 0.00000E+00
       Compound non-el = 2.82097E+03
     Total elastic   = 5.51551E+03

 2. Binary non-elastic cross sections (non-exclusive)

 gamma   = 2.86006E+02
 neutron = 2.68405E+03
 proton  = 0.00000E+00
 deuteron= 0.00000E+00
 triton  = 0.00000E+00
 helium-3= 0.00000E+00
 alpha   = 0.00000E+00

 3. Total particle production cross sections

 gamma   = 8.72145E+02    Multiplicity= 2.93644E-01
 neutron = 2.68406E+03    Multiplicity= 9.03702E-01
 proton  = 0.00000E+00    Multiplicity= 0.00000E+00
 deuteron= 0.00000E+00    Multiplicity= 0.00000E+00
 triton  = 0.00000E+00    Multiplicity= 0.00000E+00
 helium-3= 0.00000E+00    Multiplicity= 0.00000E+00
 alpha   = 0.00000E+00    Multiplicity= 0.00000E+00

 4. Residual production cross sections

   a. Per isotope

   Z   A  nuclide    total     level   isomeric    isomeric    lifetime
                 cross section       cross section  ratio

   76 188 (188Os) 2.85990E+02    0    2.85990E+02  1.00000
   76 187 (187Os) 2.68406E+03    0    2.68406E+03  1.00000
   75 187 (187Re) 1.00000E-07    0    0.00000E+00  0.00000
   74 184 (184W ) 1.00000E-07    0    0.00000E+00  0.00000
   74 183 (183W ) 1.00000E-07    0    0.00000E+00  0.00000
                                 7    0.00000E+00  0.00000   5.20000E+00 sec. 

   b. Per mass

   A  cross section

  188 2.85990E+02
  187 2.68406E+03

 Total residual production cross section:  2970.0512695
 Non-elastic cross section              :  2970.0749512

 6. Exclusive cross sections

 6a. Total exclusive cross sections 

     Emitted particles     cross section reaction         level    isomeric    isomeric    lifetime relative yield
    n   p   d   t   h   a                                        cross section   ratio
    0   0   0   0   0   0    2.85990E+02  (n,g)                                                     9.62918E-02
    1   0   0   0   0   0    2.68404E+03  (n,n')                                                    9.03708E-01
    0   1   0   0   0   0    1.00000E-07  (n,p)                                                     3.36696E-11
    0   0   0   0   0   1    1.00000E-07  (n,a)                                                     3.36696E-11
    1   0   0   0   0   1    1.00000E-07  (n,na)                                                    3.36696E-11
                                                             0     5.00000E-08  0.50000
                                                             7     5.00000E-08  0.50000   5.20000E+00 sec. 
    0   1   0   0   0   1    1.00000E-07  (n,pa)                                                    3.36696E-11
    0   0   0   0   0   2    1.00000E-07  (n,2a)                                                    3.36696E-11
    1   0   0   0   0   2    1.00000E-07  (n,n2a)                                                   3.36696E-11
    0   1   0   0   0   2    1.00000E-07  (n,p2a)                                                   3.36696E-11
    0   0   0   0   0   3    1.00000E-07  (n,3a)                                                    3.36696E-11
    1   0   0   0   0   3    1.00000E-07  (n,n3a)                                                   3.36696E-11

 Absorption cross section                 :   285.99014

 Sum over exclusive channel cross sections:  2970.03516
 (n,gn) + (n,gp) +...(n,ga) cross sections:     0.01600
 Total                                    :  2970.05127
 Non-elastic cross section                :  2970.07495

 ########## RESULTS FOR E=   0.18000 ##########

 Energy dependent input flags

 Width fluctuations (flagwidth)            : y
 Unresolved resonance parameters (flagurr) : n
 Preequilibrium (flagpreeq)                : n
 Multiple preequilibrium (flagmulpre)      : n
 Number of continuum excitation energy bins: 40

 ########### REACTION SUMMARY FOR E=   0.18000 ###########

 Center-of-mass energy:    0.179

 1. Total (binary) cross sections

 Total           = 8.27949E+03
   Shape elastic   = 2.35977E+03
   Reaction        = 5.91972E+03
     Compound elastic= 2.86414E+03
     Non-elastic     = 3.05558E+03
       Direct          = 1.87636E+02
       Pre-equilibrium = 0.00000E+00
       Compound non-el = 2.86794E+03
     Total elastic   = 5.22391E+03

 2. Binary non-elastic cross sections (non-exclusive)

 gamma   = 2.63116E+02
 neutron = 2.79244E+03
 proton  = 0.00000E+00
 deuteron= 0.00000E+00
 triton  = 0.00000E+00
 helium-3= 0.00000E+00
 alpha   = 0.00000E+00

 3. Total particle production cross sections

 gamma   = 8.04358E+02    Multiplicity= 2.63243E-01
 neutron = 2.79248E+03    Multiplicity= 9.13895E-01
 proton  = 0.00000E+00    Multiplicity= 0.00000E+00
 deuteron= 0.00000E+00    Multiplicity= 0.00000E+00
 triton  = 0.00000E+00    Multiplicity= 0.00000E+00
 helium-3= 0.00000E+00    Multiplicity= 0.00000E+00
 alpha   = 0.00000E+00    Multiplicity= 0.00000E+00

 4. Residual production cross sections

   a. Per isotope

   Z   A  nuclide    total     level   isomeric    isomeric    lifetime
                 cross section       cross section  ratio

   76 188 (188Os) 2.63080E+02    0    2.63080E+02  1.00000
   76 187 (187Os) 2.79248E+03    0    2.79248E+03  1.00000
   75 187 (187Re) 1.00000E-07    0    0.00000E+00  0.00000
   74 184 (184W ) 1.00000E-07    0    0.00000E+00  0.00000
   74 183 (183W ) 1.00000E-07    0    0.00000E+00  0.00000
                                 7    0.00000E+00  0.00000   5.20000E+00 sec. 

   b. Per mass

   A  cross section

  188 2.63080E+02
  187 2.79248E+03

 Total residual production cross section:  3055.5573730
 Non-elastic cross section              :  3055.5766602

 6. Exclusive cross sections

 6a. Total exclusive cross sections 

     Emitted particles     cross section reaction         level    isomeric    isomeric    lifetime relative yield
    n   p   d   t   h   a                                        cross section   ratio
    0   0   0   0   0   0    2.63080E+02  (n,g)                                                     8.60998E-02
    1   0   0   0   0   0    2.79244E+03  (n,n')                                                    9.13900E-01
    0   1   0   0   0   0    1.00000E-07  (n,p)                                                     3.27276E-11
    0   0   0   0   0   1    1.00000E-07  (n,a)                                                     3.27276E-11
    1   0   0   0   0   1    1.00000E-07  (n,na)                                                    3.27276E-11
                                                             0     5.00000E-08  0.50000
                                                             7     5.00000E-08  0.50000   5.20000E+00 sec. 
    0   1   0   0   0   1    1.00000E-07  (n,pa)                                                    3.27276E-11
    0   0   0   0   0   2    1.00000E-07  (n,2a)                                                    3.27276E-11
    1   0   0   0   0   2    1.00000E-07  (n,n2a)                                                   3.27276E-11
    0   1   0   0   0   2    1.00000E-07  (n,p2a)                                                   3.27276E-11
    0   0   0   0   0   3    1.00000E-07  (n,3a)                                                    3.27276E-11
    1   0   0   0   0   3    1.00000E-07  (n,n3a)                                                   3.27276E-11

 Absorption cross section                 :   263.07962

 Sum over exclusive channel cross sections:  3055.52100
 (n,gn) + (n,gp) +...(n,ga) cross sections:     0.03638
 Total                                    :  3055.55737
 Non-elastic cross section                :  3055.57666

 ########## RESULTS FOR E=   0.20000 ##########

 Energy dependent input flags

 Width fluctuations (flagwidth)            : y
 Unresolved resonance parameters (flagurr) : n
 Preequilibrium (flagpreeq)                : n
 Multiple preequilibrium (flagmulpre)      : n
 Number of continuum excitation energy bins: 40

 ########### REACTION SUMMARY FOR E=   0.20000 ###########

 Center-of-mass energy:    0.199

 1. Total (binary) cross sections

 Total           = 8.12497E+03
   Shape elastic   = 2.29398E+03
   Reaction        = 5.83099E+03
     Compound elastic= 2.66724E+03
     Non-elastic     = 3.16375E+03
       Direct          = 2.27061E+02
       Pre-equilibrium = 0.00000E+00
       Compound non-el = 2.93669E+03
     Total elastic   = 4.96122E+03

 2. Binary non-elastic cross sections (non-exclusive)

 gamma   = 2.33888E+02
 neutron = 2.92984E+03
 proton  = 0.00000E+00
 deuteron= 0.00000E+00
 triton  = 0.00000E+00
 helium-3= 0.00000E+00
 alpha   = 0.00000E+00

 3. Total particle production cross sections

 gamma   = 7.16074E+02    Multiplicity= 2.26337E-01
 neutron = 2.92993E+03    Multiplicity= 9.26092E-01
 proton  = 0.00000E+00    Multiplicity= 0.00000E+00
 deuteron= 0.00000E+00    Multiplicity= 0.00000E+00
 triton  = 0.00000E+00    Multiplicity= 0.00000E+00
 helium-3= 0.00000E+00    Multiplicity= 0.00000E+00
 alpha   = 0.00000E+00    Multiplicity= 0.00000E+00

 4. Residual production cross sections

   a. Per isotope

   Z   A  nuclide    total     level   isomeric    isomeric    lifetime
                 cross section       cross section  ratio

   76 188 (188Os) 2.33799E+02    0    2.33799E+02  1.00000
   76 187 (187Os) 2.92993E+03    0    2.92993E+03  1.00000
   75 187 (187Re) 1.00000E-07    0    0.00000E+00  0.00000
   74 184 (184W ) 1.00000E-07    0    0.00000E+00  0.00000
   74 183 (183W ) 1.00000E-07    0    0.00000E+00  0.00000
                                 7    0.00000E+00  0.00000   5.20000E+00 sec. 

   b. Per mass

   A  cross section

  188 2.33799E+02
  187 2.92993E+03

 Total residual production cross section:  3163.7238770
 Non-elastic cross section              :  3163.7517090

 6. Exclusive cross sections

 6a. Total exclusive cross sections 

     Emitted particles     cross section reaction         level    isomeric    isomeric    lifetime relative yield
    n   p   d   t   h   a                                        cross section   ratio
    0   0   0   0   0   0    2.33799E+02  (n,g)                                                     7.39019E-02
    1   0   0   0   0   0    2.92984E+03  (n,n')                                                    9.26098E-01
    0   1   0   0   0   0    1.00000E-07  (n,p)                                                     3.16092E-11
    0   0   0   0   0   1    1.00000E-07  (n,a)                                                     3.16092E-11
    1   0   0   0   0   1    1.00000E-07  (n,na)                                                    3.16092E-11
                                                             0     5.00000E-08  0.50000
                                                             7     5.00000E-08  0.50000   5.20000E+00 sec. 
    0   1   0   0   0   1    1.00000E-07  (n,pa)                                                    3.16092E-11
    0   0   0   0   0   2    1.00000E-07  (n,2a)                                                    3.16092E-11
    1   0   0   0   0   2    1.00000E-07  (n,n2a)                                                   3.16092E-11
    0   1   0   0   0   2    1.00000E-07  (n,p2a)                                                   3.16092E-11
    0   0   0   0   0   3    1.00000E-07  (n,3a)                                                    3.16092E-11
    1   0   0   0   0   3    1.00000E-07  (n,n3a)                                                   3.16092E-11

 Absorption cross section                 :   233.79861

 Sum over exclusive channel cross sections:  3163.63428
 (n,gn) + (n,gp) +...(n,ga) cross sections:     0.08960
 Total                                    :  3163.72388
 Non-elastic cross section                :  3163.75171

 ########## RESULTS FOR E=   0.25000 ##########

 Energy dependent input flags

 Width fluctuations (flagwidth)            : y
 Unresolved resonance parameters (flagurr) : n
 Preequilibrium (flagpreeq)                : n
 Multiple preequilibrium (flagmulpre)      : n
 Number of continuum excitation energy bins: 40

 ########### REACTION SUMMARY FOR E=   0.25000 ###########

 Center-of-mass energy:    0.249

 1. Total (binary) cross sections

 Total           = 7.89003E+03
   Shape elastic   = 2.17650E+03
   Reaction        = 5.71353E+03
     Compound elastic= 2.26915E+03
     Non-elastic     = 3.44438E+03
       Direct          = 3.24699E+02
       Pre-equilibrium = 0.00000E+00
       Compound non-el = 3.11969E+03
     Total elastic   = 4.44565E+03

 2. Binary non-elastic cross sections (non-exclusive)

 gamma   = 1.96837E+02
 neutron = 3.24752E+03
 proton  = 0.00000E+00
 deuteron= 0.00000E+00
 triton  = 0.00000E+00
 helium-3= 0.00000E+00
 alpha   = 0.00000E+00

 3. Total particle production cross sections

 gamma   = 6.06045E+02    Multiplicity= 1.75952E-01
 neutron = 3.24766E+03    Multiplicity= 9.42886E-01
 proton  = 0.00000E+00    Multiplicity= 0.00000E+00
 deuteron= 0.00000E+00    Multiplicity= 0.00000E+00
 triton  = 0.00000E+00    Multiplicity= 0.00000E+00
 helium-3= 0.00000E+00    Multiplicity= 0.00000E+00
 alpha   = 0.00000E+00    Multiplicity= 0.00000E+00

 4. Residual production cross sections

   a. Per isotope

   Z   A  nuclide    total     level   isomeric    isomeric    lifetime
                 cross section       cross section  ratio

   76 188 (188Os) 1.96698E+02    0    1.96698E+02  1.00000
   76 187 (187Os) 3.24766E+03    0    3.24766E+03  1.00000
   75 187 (187Re) 1.00000E-07    0    0.00000E+00  0.00000
   74 184 (184W ) 1.00000E-07    0    0.00000E+00  0.00000
   74 183 (183W ) 1.00000E-07    0    0.00000E+00  0.00000
                                 7    0.00000E+00  0.00000   5.20000E+00 sec. 

   b. Per mass

   A  cross section

  188 1.96698E+02
  187 3.24766E+03

 Total residual production cross section:  3444.3605957
 Non-elastic cross section              :  3444.3847656

 6. Exclusive cross sections

 6a. Total exclusive cross sections 

     Emitted particles     cross section reaction         level    isomeric    isomeric    lifetime relative yield
    n   p   d   t   h   a                                        cross section   ratio
    0   0   0   0   0   0    1.96698E+02  (n,g)                                                     5.71095E-02
    1   0   0   0   0   0    3.24752E+03  (n,n')                                                    9.42890E-01
    0   1   0   0   0   0    1.00000E-07  (n,p)                                                     2.90341E-11
    0   0   0   0   0   1    1.00000E-07  (n,a)                                                     2.90341E-11
    1   0   0   0   0   1    1.00000E-07  (n,na)                                                    2.90341E-11
                                                             0     5.00000E-08  0.50000
                                                             7     5.00000E-08  0.50000   5.20000E+00 sec. 
    0   1   0   0   0   1    1.00000E-07  (n,pa)                                                    2.90341E-11
    0   0   0   0   0   2    1.00000E-07  (n,2a)                                                    2.90341E-11
    1   0   0   0   0   2    1.00000E-07  (n,n2a)                                                   2.90341E-11
    0   1   0   0   0   2    1.00000E-07  (n,p2a)                                                   2.90341E-11
    0   0   0   0   0   3    1.00000E-07  (n,3a)                                                    2.90341E-11
    1   0   0   0   0   3    1.00000E-07  (n,n3a)                                                   2.90341E-11

 Absorption cross section                 :   196.69792

 Sum over exclusive channel cross sections:  3444.22119
 (n,gn) + (n,gp) +...(n,ga) cross sections:     0.13940
 Total                                    :  3444.36060
 Non-elastic cross section                :  3444.38477

 ########## RESULTS FOR E=   0.30000 ##########

 Energy dependent input flags

 Width fluctuations (flagwidth)            : y
 Unresolved resonance parameters (flagurr) : n
 Preequilibrium (flagpreeq)                : n
 Multiple preequilibrium (flagmulpre)      : n
 Number of continuum excitation energy bins: 40

 ########### REACTION SUMMARY FOR E=   0.30000 ###########

 Center-of-mass energy:    0.298

 1. Total (binary) cross sections

 Total           = 7.78883E+03
   Shape elastic   = 2.11123E+03
   Reaction        = 5.67760E+03
     Compound elastic= 1.97001E+03
     Non-elastic     = 3.70759E+03
       Direct          = 4.15312E+02
       Pre-equilibrium = 0.00000E+00
       Compound non-el = 3.29228E+03
     Total elastic   = 4.08124E+03

 2. Binary non-elastic cross sections (non-exclusive)

 gamma   = 1.77341E+02
 neutron = 3.53022E+03
 proton  = 0.00000E+00
 deuteron= 0.00000E+00
 triton  = 0.00000E+00
 helium-3= 0.00000E+00
 alpha   = 0.00000E+00

 3. Total particle production cross sections

 gamma   = 5.49276E+02    Multiplicity= 1.48149E-01
 neutron = 3.53041E+03    Multiplicity= 9.52211E-01
 proton  = 0.00000E+00    Multiplicity= 0.00000E+00
 deuteron= 0.00000E+00    Multiplicity= 0.00000E+00
 triton  = 0.00000E+00    Multiplicity= 0.00000E+00
 helium-3= 0.00000E+00    Multiplicity= 0.00000E+00
 alpha   = 0.00000E+00    Multiplicity= 0.00000E+00

 4. Residual production cross sections

   a. Per isotope

   Z   A  nuclide    total     level   isomeric    isomeric    lifetime
                 cross section       cross section  ratio

   76 188 (188Os) 1.77154E+02    0    1.77154E+02  1.00000
   76 187 (187Os) 3.53041E+03    0    3.53041E+03  1.00000
   75 187 (187Re) 1.00000E-07    0    0.00000E+00  0.00000
   74 184 (184W ) 1.00000E-07    0    0.00000E+00  0.00000
   74 183 (183W ) 1.00000E-07    0    0.00000E+00  0.00000
                                 7    0.00000E+00  0.00000   5.20000E+00 sec. 

   b. Per mass

   A  cross section

  188 1.77154E+02
  187 3.53041E+03

 Total residual production cross section:  3707.5612793
 Non-elastic cross section              :  3707.5895996

 6. Exclusive cross sections

 6a. Total exclusive cross sections 

     Emitted particles     cross section reaction         level    isomeric    isomeric    lifetime relative yield
    n   p   d   t   h   a                                        cross section   ratio
    0   0   0   0   0   0    1.77154E+02  (n,g)                                                     4.77842E-02
    1   0   0   0   0   0    3.53022E+03  (n,n')                                                    9.52216E-01
    0   1   0   0   0   0    1.00000E-07  (n,p)                                                     2.69733E-11
    0   0   0   0   0   1    1.00000E-07  (n,a)                                                     2.69733E-11
    1   0   0   0   0   1    1.00000E-07  (n,na)                                                    2.69733E-11
                                                             0     5.00000E-08  0.50000
                                                             7     5.00000E-08  0.50000   5.20000E+00 sec. 
    0   1   0   0   0   1    1.00000E-07  (n,pa)                                                    2.69733E-11
    0   0   0   0   0   2    1.00000E-07  (n,2a)                                                    2.69733E-11
    1   0   0   0   0   2    1.00000E-07  (n,n2a)                                                   2.69733E-11
    0   1   0   0   0   2    1.00000E-07  (n,p2a)                                                   2.69733E-11
    0   0   0   0   0   3    1.00000E-07  (n,3a)                                                    2.69733E-11
    1   0   0   0   0   3    1.00000E-07  (n,n3a)                                                   2.69733E-11

 Absorption cross section                 :   177.15408

 Sum over exclusive channel cross sections:  3707.37427
 (n,gn) + (n,gp) +...(n,ga) cross sections:     0.18670
 Total                                    :  3707.56104
 Non-elastic cross section                :  3707.58960

 ########## RESULTS FOR E=   0.35000 ##########

 Energy dependent input flags

 Width fluctuations (flagwidth)            : y
 Unresolved resonance parameters (flagurr) : n
 Preequilibrium (flagpreeq)                : n
 Multiple preequilibrium (flagmulpre)      : n
 Number of continuum excitation energy bins: 40

 ########### REACTION SUMMARY FOR E=   0.35000 ###########

 Center-of-mass energy:    0.348

 1. Total (binary) cross sections

 Total           = 7.76262E+03
   Shape elastic   = 2.08551E+03
   Reaction        = 5.67711E+03
     Compound elastic= 1.73581E+03
     Non-elastic     = 3.94130E+03
       Direct          = 4.95732E+02
       Pre-equilibrium = 0.00000E+00
       Compound non-el = 3.44556E+03
     Total elastic   = 3.82132E+03

 2. Binary non-elastic cross sections (non-exclusive)

 gamma   = 1.63853E+02
 neutron = 3.77741E+03
 proton  = 0.00000E+00
 deuteron= 0.00000E+00
 triton  = 0.00000E+00
 helium-3= 0.00000E+00
 alpha   = 0.00000E+00

 3. Total particle production cross sections

 gamma   = 5.10470E+02    Multiplicity= 1.29518E-01
 neutron = 3.77762E+03    Multiplicity= 9.58471E-01
 proton  = 0.00000E+00    Multiplicity= 0.00000E+00
 deuteron= 0.00000E+00    Multiplicity= 0.00000E+00
 triton  = 0.00000E+00    Multiplicity= 0.00000E+00
 helium-3= 0.00000E+00    Multiplicity= 0.00000E+00
 alpha   = 0.00000E+00    Multiplicity= 0.00000E+00

 4. Residual production cross sections

   a. Per isotope

   Z   A  nuclide    total     level   isomeric    isomeric    lifetime
                 cross section       cross section  ratio

   76 188 (188Os) 1.63648E+02    0    1.63648E+02  1.00000
   76 187 (187Os) 3.77762E+03    0    3.77762E+03  1.00000
   75 187 (187Re) 1.00000E-07    0    0.00000E+00  0.00000
   74 184 (184W ) 1.00000E-07    0    0.00000E+00  0.00000
   74 183 (183W ) 1.00000E-07    0    0.00000E+00  0.00000
                                 7    0.00000E+00  0.00000   5.20000E+00 sec. 

   b. Per mass

   A  cross section

  188 1.63648E+02
  187 3.77762E+03

 Total residual production cross section:  3941.2666016
 Non-elastic cross section              :  3941.2954102

 6. Exclusive cross sections

 6a. Total exclusive cross sections 

     Emitted particles     cross section reaction         level    isomeric    isomeric    lifetime relative yield
    n   p   d   t   h   a                                        cross section   ratio
    0   0   0   0   0   0    1.63648E+02  (n,g)                                                     4.15238E-02
    1   0   0   0   0   0    3.77741E+03  (n,n')                                                    9.58476E-01
    0   1   0   0   0   0    1.00000E-07  (n,p)                                                     2.53739E-11
    0   0   0   0   0   1    1.00000E-07  (n,a)                                                     2.53739E-11
    1   0   0   0   0   1    1.00000E-07  (n,na)                                                    2.53739E-11
                                                             0     5.00000E-08  0.50000
                                                             7     5.00000E-08  0.50000   5.20000E+00 sec. 
    0   1   0   0   0   1    1.00000E-07  (n,pa)                                                    2.53739E-11
    0   0   0   0   0   2    1.00000E-07  (n,2a)                                                    2.53739E-11
    1   0   0   0   0   2    1.00000E-07  (n,n2a)                                                   2.53739E-11
    0   1   0   0   0   2    1.00000E-07  (n,p2a)                                                   2.53739E-11
    0   0   0   0   0   3    1.00000E-07  (n,3a)                                                    2.53739E-11
    1   0   0   0   0   3    1.00000E-07  (n,n3a)                                                   2.53739E-11

 Absorption cross section                 :   163.64780

 Sum over exclusive channel cross sections:  3941.06128
 (n,gn) + (n,gp) +...(n,ga) cross sections:     0.20510
 Total                                    :  3941.26636
 Non-elastic cross section                :  3941.29541

 ########## RESULTS FOR E=   0.40000 ##########

 Energy dependent input flags

 Width fluctuations (flagwidth)            : y
 Unresolved resonance parameters (flagurr) : n
 Preequilibrium (flagpreeq)                : n
 Multiple preequilibrium (flagmulpre)      : n
 Number of continuum excitation energy bins: 40

 ########### REACTION SUMMARY FOR E=   0.40000 ###########

 Center-of-mass energy:    0.398

 1. Total (binary) cross sections

 Total           = 7.77611E+03
   Shape elastic   = 2.09059E+03
   Reaction        = 5.68552E+03
     Compound elastic= 1.54928E+03
     Non-elastic     = 4.13624E+03
       Direct          = 5.65418E+02
       Pre-equilibrium = 0.00000E+00
       Compound non-el = 3.57082E+03
     Total elastic   = 3.63987E+03

 2. Binary non-elastic cross sections (non-exclusive)

 gamma   = 1.55169E+02
 neutron = 3.98105E+03
 proton  = 0.00000E+00
 deuteron= 0.00000E+00
 triton  = 0.00000E+00
 helium-3= 0.00000E+00
 alpha   = 2.16199E-05

 3. Total particle production cross sections

 gamma   = 4.85597E+02    Multiplicity= 1.17401E-01
 neutron = 3.98150E+03    Multiplicity= 9.62589E-01
 proton  = 0.00000E+00    Multiplicity= 0.00000E+00
 deuteron= 0.00000E+00    Multiplicity= 0.00000E+00
 triton  = 0.00000E+00    Multiplicity= 0.00000E+00
 helium-3= 0.00000E+00    Multiplicity= 0.00000E+00
 alpha   = 2.16199E-05    Multiplicity= 5.22694E-09

 4. Residual production cross sections

   a. Per isotope

   Z   A  nuclide    total     level   isomeric    isomeric    lifetime
                 cross section       cross section  ratio

   76 188 (188Os) 1.54721E+02    0    1.54721E+02  1.00000
   76 187 (187Os) 3.98150E+03    0    3.98150E+03  1.00000
   75 187 (187Re) 1.00000E-07    0    0.00000E+00  0.00000
   74 184 (184W ) 1.00000E-07    0    2.16199E-05  0.00000
   74 183 (183W ) 1.00000E-07    0    0.00000E+00  0.00000
                                 7    0.00000E+00  0.00000   5.20000E+00 sec. 

   b. Per mass

   A  cross section

  188 1.54721E+02
  187 3.98150E+03

 Total residual production cross section:  4136.2207031
 Non-elastic cross section              :  4136.2402344

 6. Exclusive cross sections

 6a. Total exclusive cross sections 

     Emitted particles     cross section reaction         level    isomeric    isomeric    lifetime relative yield
    n   p   d   t   h   a                                        cross section   ratio
    0   0   0   0   0   0    1.54721E+02  (n,g)                                                     3.74105E-02
    1   0   0   0   0   0    3.98105E+03  (n,n')                                                    9.62590E-01
    0   1   0   0   0   0    1.00000E-07  (n,p)                                                     2.41793E-11
    0   0   0   0   0   1    2.16199E-05  (n,a)                                                     5.22753E-09
    1   0   0   0   0   1    1.00000E-07  (n,na)                                                    2.41793E-11
                                                             0     5.00000E-08  0.50000
                                                             7     5.00000E-08  0.50000   5.20000E+00 sec. 
    0   1   0   0   0   1    1.00000E-07  (n,pa)                                                    2.41793E-11
    0   0   0   0   0   2    1.00000E-07  (n,2a)                                                    2.41793E-11
    1   0   0   0   0   2    1.00000E-07  (n,n2a)                                                   2.41793E-11
    0   1   0   0   0   2    1.00000E-07  (n,p2a)                                                   2.41793E-11
    0   0   0   0   0   3    1.00000E-07  (n,3a)                                                    2.41793E-11
    1   0   0   0   0   3    1.00000E-07  (n,n3a)                                                   2.41793E-11

 Absorption cross section                 :   154.72133

 Sum over exclusive channel cross sections:  4135.77344
 (n,gn) + (n,gp) +...(n,ga) cross sections:     0.44737
 Total                                    :  4136.22070
 Non-elastic cross section                :  4136.24023

 ########## RESULTS FOR E=   0.50000 ##########

 Energy dependent input flags

 Width fluctuations (flagwidth)            : y
 Unresolved resonance parameters (flagurr) : n
 Preequilibrium (flagpreeq)                : n
 Multiple preequilibrium (flagmulpre)      : n
 Number of continuum excitation energy bins: 40

 ########### REACTION SUMMARY FOR E=   0.50000 ###########

 Center-of-mass energy:    0.497

 1. Total (binary) cross sections

 Total           = 7.83989E+03
   Shape elastic   = 2.16722E+03
   Reaction        = 5.67266E+03
     Compound elastic= 1.25104E+03
     Non-elastic     = 4.42162E+03
       Direct          = 6.75492E+02
       Pre-equilibrium = 0.00000E+00
       Compound non-el = 3.74613E+03
     Total elastic   = 3.41826E+03

 2. Binary non-elastic cross sections (non-exclusive)

 gamma   = 1.40092E+02
 neutron = 4.28151E+03
 proton  = 0.00000E+00
 deuteron= 0.00000E+00
 triton  = 0.00000E+00
 helium-3= 0.00000E+00
 alpha   = 6.02168E-05

 3. Total particle production cross sections

 gamma   = 4.42553E+02    Multiplicity= 1.00088E-01
 neutron = 4.28224E+03    Multiplicity= 9.68476E-01
 proton  = 0.00000E+00    Multiplicity= 0.00000E+00
 deuteron= 0.00000E+00    Multiplicity= 0.00000E+00
 triton  = 0.00000E+00    Multiplicity= 0.00000E+00
 helium-3= 0.00000E+00    Multiplicity= 0.00000E+00
 alpha   = 6.02168E-05    Multiplicity= 1.36187E-08

 4. Residual production cross sections

   a. Per isotope

   Z   A  nuclide    total     level   isomeric    isomeric    lifetime
                 cross section       cross section  ratio

   76 188 (188Os) 1.39370E+02    0    1.39370E+02  1.00000
   76 187 (187Os) 4.28224E+03    0    4.28224E+03  1.00000
   75 187 (187Re) 1.00000E-07    0    0.00000E+00  0.00000
   74 184 (184W ) 1.00000E-07    0    2.34494E-05  0.00000
   74 183 (183W ) 1.00000E-07    0    0.00000E+00  0.00000
                                 7    0.00000E+00  0.00000   5.20000E+00 sec. 

   b. Per mass

   A  cross section

  188 1.39370E+02
  187 4.28224E+03

 Total residual production cross section:  4421.6064453
 Non-elastic cross section              :  4421.6240234

 6. Exclusive cross sections

 6a. Total exclusive cross sections 

     Emitted particles     cross section reaction         level    isomeric    isomeric    lifetime relative yield
    n   p   d   t   h   a                                        cross section   ratio
    0   0   0   0   0   0    1.39370E+02  (n,g)                                                     3.15254E-02
    1   0   0   0   0   0    4.28151E+03  (n,n')                                                    9.68475E-01
    0   1   0   0   0   0    1.00000E-07  (n,p)                                                     2.26199E-11
    0   0   0   0   0   1    2.34494E-05  (n,a)                                                     5.30422E-09
    1   0   0   0   0   1    1.00000E-07  (n,na)                                                    2.26199E-11
                                                             0     5.00000E-08  0.50000
                                                             7     5.00000E-08  0.50000   5.20000E+00 sec. 
    0   1   0   0   0   1    1.00000E-07  (n,pa)                                                    2.26199E-11
    0   0   0   0   0   2    1.00000E-07  (n,2a)                                                    2.26199E-11
    1   0   0   0   0   2    1.00000E-07  (n,n2a)                                                   2.26199E-11
    0   1   0   0   0   2    1.00000E-07  (n,p2a)                                                   2.26199E-11
    0   0   0   0   0   3    1.00000E-07  (n,3a)                                                    2.26199E-11
    1   0   0   0   0   3    1.00000E-07  (n,n3a)                                                   2.26199E-11

 Absorption cross section                 :   139.37022

 Sum over exclusive channel cross sections:  4420.88477
 (n,gn) + (n,gp) +...(n,ga) cross sections:     0.72198
 Total                                    :  4421.60693
 Non-elastic cross section                :  4421.62402

 ########## EXCITATION FUNCTIONS ###########

 1. Total (binary) cross sections

   Energy    Non-elastic  Elastic     Total    Comp. el.  Shape el.  Reaction   Comp non-el  Direct   Pre-equil.

  5.00000E-03 3.72679E+03 3.29678E+04 3.66946E+04 2.86022E+04 4.36561E+03 3.23290E+04 3.72679E+03 0.00000E+00 0.0
  1.00000E-02 2.31335E+03 2.38626E+04 2.61759E+04 1.97316E+04 4.13101E+03 2.20449E+04 2.31330E+03 4.68135E-02 0.0
  2.00000E-02 3.81804E+03 1.50153E+04 1.88333E+04 1.11926E+04 3.82272E+03 1.50106E+04 3.81686E+03 1.18624E+00 0.0
  3.00000E-02 3.29009E+03 1.23545E+04 1.56446E+04 8.75131E+03 3.60319E+03 1.20414E+04 3.28670E+03 3.39584E+00 0.0
  4.00000E-02 2.96926E+03 1.08141E+04 1.37834E+04 7.38514E+03 3.42899E+03 1.03544E+04 2.96264E+03 6.62606E+00 0.0
  5.00000E-02 2.74293E+03 9.79896E+03 1.25419E+04 6.51548E+03 3.28347E+03 9.25841E+03 2.73216E+03 1.07635E+01 0.0
  6.00000E-02 2.56966E+03 9.07825E+03 1.16479E+04 5.92011E+03 3.15814E+03 8.48977E+03 2.55396E+03 1.57024E+01 0.0
  7.00000E-02 2.46629E+03 8.50532E+03 1.09716E+04 5.45709E+03 3.04823E+03 7.92338E+03 2.44495E+03 2.13395E+01 0.0
  8.00000E-02 2.71678E+03 7.72563E+03 1.04424E+04 4.77509E+03 2.95054E+03 7.49187E+03 2.68920E+03 2.75833E+01 0.0
  9.00000E-02 2.76856E+03 7.24747E+03 1.00160E+04 4.38458E+03 2.86289E+03 7.15314E+03 2.73177E+03 3.67928E+01 0.0
  1.00000E-01 2.78371E+03 6.88428E+03 9.66799E+03 4.10044E+03 2.78384E+03 6.88415E+03 2.73383E+03 4.98790E+01 0.0
  1.20000E-01 2.82884E+03 6.31077E+03 9.13961E+03 3.66373E+03 2.64704E+03 6.49257E+03 2.74988E+03 7.89532E+01 0.0
  1.40000E-01 2.89208E+03 5.87020E+03 8.76229E+03 3.33667E+03 2.53353E+03 6.22875E+03 2.77962E+03 1.12465E+02 0.0
  1.60000E-01 2.97007E+03 5.51551E+03 8.48559E+03 3.07668E+03 2.43883E+03 6.04676E+03 2.82097E+03 1.49100E+02 0.0
  1.80000E-01 3.05558E+03 5.22391E+03 8.27949E+03 2.86414E+03 2.35977E+03 5.91972E+03 2.86794E+03 1.87636E+02 0.0
  2.00000E-01 3.16375E+03 4.96122E+03 8.12497E+03 2.66724E+03 2.29398E+03 5.83099E+03 2.93669E+03 2.27061E+02 0.0
  2.50000E-01 3.44438E+03 4.44565E+03 7.89003E+03 2.26915E+03 2.17650E+03 5.71353E+03 3.11969E+03 3.24699E+02 0.0
  3.00000E-01 3.70759E+03 4.08124E+03 7.78883E+03 1.97001E+03 2.11123E+03 5.67760E+03 3.29228E+03 4.15312E+02 0.0
  3.50000E-01 3.94130E+03 3.82132E+03 7.76262E+03 1.73581E+03 2.08551E+03 5.67711E+03 3.44556E+03 4.95732E+02 0.0
  4.00000E-01 4.13624E+03 3.63987E+03 7.77611E+03 1.54928E+03 2.09059E+03 5.68552E+03 3.57082E+03 5.65418E+02 0.0
  5.00000E-01 4.42162E+03 3.41826E+03 7.83989E+03 1.25104E+03 2.16722E+03 5.67266E+03 3.74613E+03 6.75492E+02 0.0

 2. Binary non-elastic cross sections (non-exclusive)

   Energy     gamma      neutron    proton     deuteron   triton     helium-3   alpha   

  5.00000E-03 3.72663E+03 0.00000E+00 0.00000E+00 0.00000E+00 0.00000E+00 0.00000E+00 0.00000E+00                
  1.00000E-02 2.31315E+03 4.68135E-02 0.00000E+00 0.00000E+00 0.00000E+00 0.00000E+00 0.00000E+00                
  2.00000E-02 1.22359E+03 2.59436E+03 0.00000E+00 0.00000E+00 0.00000E+00 0.00000E+00 0.00000E+00                
  3.00000E-02 9.80540E+02 2.30950E+03 0.00000E+00 0.00000E+00 0.00000E+00 0.00000E+00 0.00000E+00                
  4.00000E-02 8.43946E+02 2.12525E+03 0.00000E+00 0.00000E+00 0.00000E+00 0.00000E+00 0.00000E+00                
  5.00000E-02 7.55727E+02 1.98715E+03 0.00000E+00 0.00000E+00 0.00000E+00 0.00000E+00 0.00000E+00                
  6.00000E-02 6.95074E+02 1.87455E+03 0.00000E+00 0.00000E+00 0.00000E+00 0.00000E+00 0.00000E+00                
  7.00000E-02 6.50240E+02 1.81601E+03 0.00000E+00 0.00000E+00 0.00000E+00 0.00000E+00 0.00000E+00                
  8.00000E-02 5.81381E+02 2.13536E+03 0.00000E+00 0.00000E+00 0.00000E+00 0.00000E+00 0.00000E+00                
  9.00000E-02 5.04756E+02 2.26376E+03 0.00000E+00 0.00000E+00 0.00000E+00 0.00000E+00 0.00000E+00                
  1.00000E-01 4.50897E+02 2.33277E+03 0.00000E+00 0.00000E+00 0.00000E+00 0.00000E+00 0.00000E+00                
  1.20000E-01 3.64568E+02 2.46424E+03 0.00000E+00 0.00000E+00 0.00000E+00 0.00000E+00 0.00000E+00                
  1.40000E-01 3.17974E+02 2.57408E+03 0.00000E+00 0.00000E+00 0.00000E+00 0.00000E+00 0.00000E+00                
  1.60000E-01 2.86006E+02 2.68405E+03 0.00000E+00 0.00000E+00 0.00000E+00 0.00000E+00 0.00000E+00                
  1.80000E-01 2.63116E+02 2.79244E+03 0.00000E+00 0.00000E+00 0.00000E+00 0.00000E+00 0.00000E+00                
  2.00000E-01 2.33888E+02 2.92984E+03 0.00000E+00 0.00000E+00 0.00000E+00 0.00000E+00 0.00000E+00                
  2.50000E-01 1.96837E+02 3.24752E+03 0.00000E+00 0.00000E+00 0.00000E+00 0.00000E+00 0.00000E+00                
  3.00000E-01 1.77341E+02 3.53022E+03 0.00000E+00 0.00000E+00 0.00000E+00 0.00000E+00 0.00000E+00                
  3.50000E-01 1.63853E+02 3.77741E+03 0.00000E+00 0.00000E+00 0.00000E+00 0.00000E+00 0.00000E+00                
  4.00000E-01 1.55169E+02 3.98105E+03 0.00000E+00 0.00000E+00 0.00000E+00 0.00000E+00 2.16199E-05                
  5.00000E-01 1.40092E+02 4.28151E+03 0.00000E+00 0.00000E+00 0.00000E+00 0.00000E+00 6.02168E-05                

 3. Total particle production cross sections

 gamma    production

 Energy   Cross section Multiplicity

  5.00000E-03 1.10202E+04 2.95702E+00                                            
  1.00000E-02 6.85866E+03 2.96482E+00                                            
  2.00000E-02 3.64855E+03 9.55607E-01                                            
  3.00000E-02 2.93277E+03 8.91396E-01                                            
  4.00000E-02 2.53044E+03 8.52212E-01                                            
  5.00000E-02 2.27084E+03 8.27891E-01                                            
  6.00000E-02 2.09278E+03 8.14417E-01                                            
  7.00000E-02 1.96163E+03 7.95378E-01                                            
  8.00000E-02 1.75831E+03 6.47204E-01                                            
  9.00000E-02 1.52767E+03 5.51791E-01                                            
  1.00000E-01 1.36600E+03 4.90713E-01                                            
  1.20000E-01 1.10618E+03 3.91038E-01                                            
  1.40000E-01 9.67166E+02 3.34419E-01                                            
  1.60000E-01 8.72145E+02 2.93644E-01                                            
  1.80000E-01 8.04358E+02 2.63243E-01                                            
  2.00000E-01 7.16074E+02 2.26337E-01                                            
  2.50000E-01 6.06045E+02 1.75952E-01                                            
  3.00000E-01 5.49276E+02 1.48149E-01                                            
  3.50000E-01 5.10470E+02 1.29518E-01                                            
  4.00000E-01 4.85597E+02 1.17401E-01                                            
  5.00000E-01 4.42553E+02 1.00088E-01                                            

 neutron  production

 Energy   Cross section Multiplicity

  5.00000E-03 2.51636E-02 6.75209E-06                                            
  1.00000E-02 7.25325E-02 3.13540E-05                                            
  2.00000E-02 2.59438E+03 6.79507E-01                                            
  3.00000E-02 2.30952E+03 7.01962E-01                                            
  4.00000E-02 2.12527E+03 7.15756E-01                                            
  5.00000E-02 1.98717E+03 7.24472E-01                                            
  6.00000E-02 1.87457E+03 7.29500E-01                                            
  7.00000E-02 1.81603E+03 7.36340E-01                                            
  8.00000E-02 2.13538E+03 7.85995E-01                                            
  9.00000E-02 2.26378E+03 8.17674E-01                                            
  1.00000E-01 2.33279E+03 8.38013E-01                                            
  1.20000E-01 2.46425E+03 8.71120E-01                                            
  1.40000E-01 2.57410E+03 8.90051E-01                                            
  1.60000E-01 2.68406E+03 9.03702E-01                                            
  1.80000E-01 2.79248E+03 9.13895E-01                                            
  2.00000E-01 2.92993E+03 9.26092E-01                                            
  2.50000E-01 3.24766E+03 9.42886E-01                                            
  3.00000E-01 3.53041E+03 9.52211E-01                                            
  3.50000E-01 3.77762E+03 9.58471E-01                                            
  4.00000E-01 3.98150E+03 9.62589E-01                                            
  5.00000E-01 4.28224E+03 9.68476E-01                                            

 proton   production

 Energy   Cross section Multiplicity

  5.00000E-03 0.00000E+00 0.00000E+00                                            
  1.00000E-02 0.00000E+00 0.00000E+00                                            
  2.00000E-02 0.00000E+00 0.00000E+00                                            
  3.00000E-02 0.00000E+00 0.00000E+00                                            
  4.00000E-02 0.00000E+00 0.00000E+00                                            
  5.00000E-02 0.00000E+00 0.00000E+00                                            
  6.00000E-02 0.00000E+00 0.00000E+00                                            
  7.00000E-02 0.00000E+00 0.00000E+00                                            
  8.00000E-02 0.00000E+00 0.00000E+00                                            
  9.00000E-02 0.00000E+00 0.00000E+00                                            
  1.00000E-01 0.00000E+00 0.00000E+00                                            
  1.20000E-01 0.00000E+00 0.00000E+00                                            
  1.40000E-01 0.00000E+00 0.00000E+00                                            
  1.60000E-01 0.00000E+00 0.00000E+00                                            
  1.80000E-01 0.00000E+00 0.00000E+00                                            
  2.00000E-01 0.00000E+00 0.00000E+00                                            
  2.50000E-01 0.00000E+00 0.00000E+00                                            
  3.00000E-01 0.00000E+00 0.00000E+00                                            
  3.50000E-01 0.00000E+00 0.00000E+00                                            
  4.00000E-01 0.00000E+00 0.00000E+00                                            
  5.00000E-01 0.00000E+00 0.00000E+00                                            

 deuteron production

 Energy   Cross section Multiplicity

  5.00000E-03 0.00000E+00 0.00000E+00                                            
  1.00000E-02 0.00000E+00 0.00000E+00                                            
  2.00000E-02 0.00000E+00 0.00000E+00                                            
  3.00000E-02 0.00000E+00 0.00000E+00                                            
  4.00000E-02 0.00000E+00 0.00000E+00                                            
  5.00000E-02 0.00000E+00 0.00000E+00                                            
  6.00000E-02 0.00000E+00 0.00000E+00                                            
  7.00000E-02 0.00000E+00 0.00000E+00                                            
  8.00000E-02 0.00000E+00 0.00000E+00                                            
  9.00000E-02 0.00000E+00 0.00000E+00                                            
  1.00000E-01 0.00000E+00 0.00000E+00                                            
  1.20000E-01 0.00000E+00 0.00000E+00                                            
  1.40000E-01 0.00000E+00 0.00000E+00                                            
  1.60000E-01 0.00000E+00 0.00000E+00                                            
  1.80000E-01 0.00000E+00 0.00000E+00                                            
  2.00000E-01 0.00000E+00 0.00000E+00                                            
  2.50000E-01 0.00000E+00 0.00000E+00                                            
  3.00000E-01 0.00000E+00 0.00000E+00                                            
  3.50000E-01 0.00000E+00 0.00000E+00                                            
  4.00000E-01 0.00000E+00 0.00000E+00                                            
  5.00000E-01 0.00000E+00 0.00000E+00                                            

 triton   production

 Energy   Cross section Multiplicity

  5.00000E-03 0.00000E+00 0.00000E+00                                            
  1.00000E-02 0.00000E+00 0.00000E+00                                            
  2.00000E-02 0.00000E+00 0.00000E+00                                            
  3.00000E-02 0.00000E+00 0.00000E+00                                            
  4.00000E-02 0.00000E+00 0.00000E+00                                            
  5.00000E-02 0.00000E+00 0.00000E+00                                            
  6.00000E-02 0.00000E+00 0.00000E+00                                            
  7.00000E-02 0.00000E+00 0.00000E+00                                            
  8.00000E-02 0.00000E+00 0.00000E+00                                            
  9.00000E-02 0.00000E+00 0.00000E+00                                            
  1.00000E-01 0.00000E+00 0.00000E+00                                            
  1.20000E-01 0.00000E+00 0.00000E+00                                            
  1.40000E-01 0.00000E+00 0.00000E+00                                            
  1.60000E-01 0.00000E+00 0.00000E+00                                            
  1.80000E-01 0.00000E+00 0.00000E+00                                            
  2.00000E-01 0.00000E+00 0.00000E+00                                            
  2.50000E-01 0.00000E+00 0.00000E+00                                            
  3.00000E-01 0.00000E+00 0.00000E+00                                            
  3.50000E-01 0.00000E+00 0.00000E+00                                            
  4.00000E-01 0.00000E+00 0.00000E+00                                            
  5.00000E-01 0.00000E+00 0.00000E+00                                            

 helium-3 production

 Energy   Cross section Multiplicity

  5.00000E-03 0.00000E+00 0.00000E+00                                            
  1.00000E-02 0.00000E+00 0.00000E+00                                            
  2.00000E-02 0.00000E+00 0.00000E+00                                            
  3.00000E-02 0.00000E+00 0.00000E+00                                            
  4.00000E-02 0.00000E+00 0.00000E+00                                            
  5.00000E-02 0.00000E+00 0.00000E+00                                            
  6.00000E-02 0.00000E+00 0.00000E+00                                            
  7.00000E-02 0.00000E+00 0.00000E+00                                            
  8.00000E-02 0.00000E+00 0.00000E+00                                            
  9.00000E-02 0.00000E+00 0.00000E+00                                            
  1.00000E-01 0.00000E+00 0.00000E+00                                            
  1.20000E-01 0.00000E+00 0.00000E+00                                            
  1.40000E-01 0.00000E+00 0.00000E+00                                            
  1.60000E-01 0.00000E+00 0.00000E+00                                            
  1.80000E-01 0.00000E+00 0.00000E+00                                            
  2.00000E-01 0.00000E+00 0.00000E+00                                            
  2.50000E-01 0.00000E+00 0.00000E+00                                            
  3.00000E-01 0.00000E+00 0.00000E+00                                            
  3.50000E-01 0.00000E+00 0.00000E+00                                            
  4.00000E-01 0.00000E+00 0.00000E+00                                            
  5.00000E-01 0.00000E+00 0.00000E+00                                            

 alpha    production

 Energy   Cross section Multiplicity

  5.00000E-03 0.00000E+00 0.00000E+00                                            
  1.00000E-02 0.00000E+00 0.00000E+00                                            
  2.00000E-02 0.00000E+00 0.00000E+00                                            
  3.00000E-02 0.00000E+00 0.00000E+00                                            
  4.00000E-02 0.00000E+00 0.00000E+00                                            
  5.00000E-02 0.00000E+00 0.00000E+00                                            
  6.00000E-02 0.00000E+00 0.00000E+00                                            
  7.00000E-02 0.00000E+00 0.00000E+00                                            
  8.00000E-02 0.00000E+00 0.00000E+00                                            
  9.00000E-02 0.00000E+00 0.00000E+00                                            
  1.00000E-01 0.00000E+00 0.00000E+00                                            
  1.20000E-01 0.00000E+00 0.00000E+00                                            
  1.40000E-01 0.00000E+00 0.00000E+00                                            
  1.60000E-01 0.00000E+00 0.00000E+00                                            
  1.80000E-01 0.00000E+00 0.00000E+00                                            
  2.00000E-01 0.00000E+00 0.00000E+00                                            
  2.50000E-01 0.00000E+00 0.00000E+00                                            
  3.00000E-01 0.00000E+00 0.00000E+00                                            
  3.50000E-01 0.00000E+00 0.00000E+00                                            
  4.00000E-01 2.16199E-05 5.22694E-09                                            
  5.00000E-01 6.02168E-05 1.36187E-08                                            

 4. Residual production cross sections

 Production of Z= 76 A=188 (188Os) - Total

 Q-value    =   7.989608
 E-threshold=   0.000000

 Energy   Cross section

  5.00000E-03 3.72660E+03                                                        
  1.00000E-02 2.31312E+03                                                        
  2.00000E-02 1.22357E+03                                                        
  3.00000E-02 9.80518E+02                                                        
  4.00000E-02 8.43925E+02                                                        
  5.00000E-02 7.55707E+02                                                        
  6.00000E-02 6.95054E+02                                                        
  7.00000E-02 6.50220E+02                                                        
  8.00000E-02 5.81362E+02                                                        
  9.00000E-02 5.04739E+02                                                        
  1.00000E-01 4.50880E+02                                                        
  1.20000E-01 3.64551E+02                                                        
  1.40000E-01 3.17958E+02                                                        
  1.60000E-01 2.85990E+02                                                        
  1.80000E-01 2.63080E+02                                                        
  2.00000E-01 2.33799E+02                                                        
  2.50000E-01 1.96698E+02                                                        
  3.00000E-01 1.77154E+02                                                        
  3.50000E-01 1.63648E+02                                                        
  4.00000E-01 1.54721E+02                                                        
  5.00000E-01 1.39370E+02                                                        

 Production of Z= 76 A=187 (187Os) - Total

 Q-value    =   0.000000
 E-threshold=  -0.000000

 Energy   Cross section

  5.00000E-03 2.51636E-02                                                        
  1.00000E-02 7.25325E-02                                                        
  2.00000E-02 2.59438E+03                                                        
  3.00000E-02 2.30952E+03                                                        
  4.00000E-02 2.12527E+03                                                        
  5.00000E-02 1.98717E+03                                                        
  6.00000E-02 1.87457E+03                                                        
  7.00000E-02 1.81603E+03                                                        
  8.00000E-02 2.13538E+03                                                        
  9.00000E-02 2.26378E+03                                                        
  1.00000E-01 2.33279E+03                                                        
  1.20000E-01 2.46425E+03                                                        
  1.40000E-01 2.57410E+03                                                        
  1.60000E-01 2.68406E+03                                                        
  1.80000E-01 2.79248E+03                                                        
  2.00000E-01 2.92993E+03                                                        
  2.50000E-01 3.24766E+03                                                        
  3.00000E-01 3.53041E+03                                                        
  3.50000E-01 3.77762E+03                                                        
  4.00000E-01 3.98150E+03                                                        
  5.00000E-01 4.28224E+03                                                        

 Production of Z= 75 A=187 (187Re) - Total

 Q-value    =   0.779886
 E-threshold=   0.000000

 Energy   Cross section

  5.00000E-03 1.00000E-07                                                        
  1.00000E-02 1.00000E-07                                                        
  2.00000E-02 1.00000E-07                                                        
  3.00000E-02 1.00000E-07                                                        
  4.00000E-02 1.00000E-07                                                        
  5.00000E-02 1.00000E-07                                                        
  6.00000E-02 1.00000E-07                                                        
  7.00000E-02 1.00000E-07                                                        
  8.00000E-02 1.00000E-07                                                        
  9.00000E-02 1.00000E-07                                                        
  1.00000E-01 1.00000E-07                                                        
  1.20000E-01 1.00000E-07                                                        
  1.40000E-01 1.00000E-07                                                        
  1.60000E-01 1.00000E-07                                                        
  1.80000E-01 1.00000E-07                                                        
  2.00000E-01 1.00000E-07                                                        
  2.50000E-01 1.00000E-07                                                        
  3.00000E-01 1.00000E-07                                                        
  3.50000E-01 1.00000E-07                                                        
  4.00000E-01 1.00000E-07                                                        
  5.00000E-01 1.00000E-07                                                        

 Production of Z= 74 A=184 (184W ) - Total

 Q-value    =  10.132849
 E-threshold=   0.000000

 Energy   Cross section

  5.00000E-03 1.00000E-07                                                        
  1.00000E-02 1.00000E-07                                                        
  2.00000E-02 1.00000E-07                                                        
  3.00000E-02 1.00000E-07                                                        
  4.00000E-02 1.00000E-07                                                        
  5.00000E-02 1.00000E-07                                                        
  6.00000E-02 1.00000E-07                                                        
  7.00000E-02 1.00000E-07                                                        
  8.00000E-02 1.00000E-07                                                        
  9.00000E-02 1.00000E-07                                                        
  1.00000E-01 1.00000E-07                                                        
  1.20000E-01 1.00000E-07                                                        
  1.40000E-01 1.00000E-07                                                        
  1.60000E-01 1.00000E-07                                                        
  1.80000E-01 1.00000E-07                                                        
  2.00000E-01 1.00000E-07                                                        
  2.50000E-01 1.00000E-07                                                        
  3.00000E-01 1.00000E-07                                                        
  3.50000E-01 1.00000E-07                                                        
  4.00000E-01 1.00000E-07                                                        
  5.00000E-01 1.00000E-07                                                        

 Production of Z= 74 A=183 (183W ) - Total

 Q-value    =   2.721736
 E-threshold=   0.000000

 Energy   Cross section

  5.00000E-03 1.00000E-07                                                        
  1.00000E-02 1.00000E-07                                                        
  2.00000E-02 1.00000E-07                                                        
  3.00000E-02 1.00000E-07                                                        
  4.00000E-02 1.00000E-07                                                        
  5.00000E-02 1.00000E-07                                                        
  6.00000E-02 1.00000E-07                                                        
  7.00000E-02 1.00000E-07                                                        
  8.00000E-02 1.00000E-07                                                        
  9.00000E-02 1.00000E-07                                                        
  1.00000E-01 1.00000E-07                                                        
  1.20000E-01 1.00000E-07                                                        
  1.40000E-01 1.00000E-07                                                        
  1.60000E-01 1.00000E-07                                                        
  1.80000E-01 1.00000E-07                                                        
  2.00000E-01 1.00000E-07                                                        
  2.50000E-01 1.00000E-07                                                        
  3.00000E-01 1.00000E-07                                                        
  3.50000E-01 1.00000E-07                                                        
  4.00000E-01 1.00000E-07                                                        
  5.00000E-01 1.00000E-07                                                        

 Production of Z= 74 A=183 (183W ) - Level  0  (lifetime: 0.00000E+00 sec.)

 Q-value    =   2.721736
 E-threshold=   0.000000

 Energy   Cross section Branching ratio

  5.00000E-03 0.00000E+00 0.00000E+00                                            
  1.00000E-02 0.00000E+00 0.00000E+00                                            
  2.00000E-02 0.00000E+00 0.00000E+00                                            
  3.00000E-02 0.00000E+00 0.00000E+00                                            
  4.00000E-02 0.00000E+00 0.00000E+00                                            
  5.00000E-02 0.00000E+00 0.00000E+00                                            
  6.00000E-02 0.00000E+00 0.00000E+00                                            
  7.00000E-02 0.00000E+00 0.00000E+00                                            
  8.00000E-02 0.00000E+00 0.00000E+00                                            
  9.00000E-02 0.00000E+00 0.00000E+00                                            
  1.00000E-01 0.00000E+00 0.00000E+00                                            
  1.20000E-01 0.00000E+00 0.00000E+00                                            
  1.40000E-01 0.00000E+00 0.00000E+00                                            
  1.60000E-01 0.00000E+00 0.00000E+00                                            
  1.80000E-01 0.00000E+00 0.00000E+00                                            
  2.00000E-01 0.00000E+00 0.00000E+00                                            
  2.50000E-01 0.00000E+00 0.00000E+00                                            
  3.00000E-01 0.00000E+00 0.00000E+00                                            
  3.50000E-01 0.00000E+00 0.00000E+00                                            
  4.00000E-01 0.00000E+00 0.00000E+00                                            
  5.00000E-01 0.00000E+00 0.00000E+00                                            

 Production of Z= 74 A=183 (183W ) - Level  7  (lifetime: 5.20000E+00 sec.)

 Q-value    =   2.360942
 E-threshold=   0.000000

 Energy   Cross section Branching ratio

  5.00000E-03 0.00000E+00 0.00000E+00                                            
  1.00000E-02 0.00000E+00 0.00000E+00                                            
  2.00000E-02 0.00000E+00 0.00000E+00                                            
  3.00000E-02 0.00000E+00 0.00000E+00                                            
  4.00000E-02 0.00000E+00 0.00000E+00                                            
  5.00000E-02 0.00000E+00 0.00000E+00                                            
  6.00000E-02 0.00000E+00 0.00000E+00                                            
  7.00000E-02 0.00000E+00 0.00000E+00                                            
  8.00000E-02 0.00000E+00 0.00000E+00                                            
  9.00000E-02 0.00000E+00 0.00000E+00                                            
  1.00000E-01 0.00000E+00 0.00000E+00                                            
  1.20000E-01 0.00000E+00 0.00000E+00                                            
  1.40000E-01 0.00000E+00 0.00000E+00                                            
  1.60000E-01 0.00000E+00 0.00000E+00                                            
  1.80000E-01 0.00000E+00 0.00000E+00                                            
  2.00000E-01 0.00000E+00 0.00000E+00                                            
  2.50000E-01 0.00000E+00 0.00000E+00                                            
  3.00000E-01 0.00000E+00 0.00000E+00                                            
  3.50000E-01 0.00000E+00 0.00000E+00                                            
  4.00000E-01 0.00000E+00 0.00000E+00                                            
  5.00000E-01 0.00000E+00 0.00000E+00                                            

 6. Exclusive cross sections

     Emitted particles     reaction
   n   p   d   t   h   a
   0   0   0   0   0   0       (n,g)            

 Q-value    =   7.989608
 E-threshold=   0.000000

 Energy   Cross section Gamma c.s. c.s./res.prod.cs

  5.00000E-03 3.72660E+03 1.51408E+04 1.00000E+00                                                    
  1.00000E-02 2.31312E+03 9.45585E+03 1.00000E+00                                                    
  2.00000E-02 1.22357E+03 5.06540E+03 1.00000E+00                                                    
  3.00000E-02 9.80519E+02 4.09104E+03 1.00000E+00                                                    
  4.00000E-02 8.43925E+02 3.54392E+03 1.00000E+00                                                    
  5.00000E-02 7.55707E+02 3.19197E+03 1.00000E+00                                                    
  6.00000E-02 6.95054E+02 2.95181E+03 1.00000E+00                                                    
  7.00000E-02 6.50220E+02 2.77611E+03 1.00000E+00                                                    
  8.00000E-02 5.81362E+02 2.49890E+03 1.00000E+00                                                    
  9.00000E-02 5.04739E+02 2.16522E+03 1.00000E+00                                                    
  1.00000E-01 4.50880E+02 1.93427E+03 1.00000E+00                                                    
  1.20000E-01 3.64551E+02 1.56103E+03 1.00000E+00                                                    
  1.40000E-01 3.17958E+02 1.36605E+03 1.00000E+00                                                    
  1.60000E-01 2.85990E+02 1.23344E+03 1.00000E+00                                                    
  1.80000E-01 2.63080E+02 1.13926E+03 1.00000E+00                                                    
  2.00000E-01 2.33799E+02 1.01158E+03 1.00000E+00                                                    
  2.50000E-01 1.96698E+02 8.57221E+02 1.00000E+00                                                    
  3.00000E-01 1.77154E+02 7.79049E+02 1.00000E+00                                                    
  3.50000E-01 1.63648E+02 7.25122E+02 1.00000E+00                                                    
  4.00000E-01 1.54721E+02 6.90699E+02 1.00000E+00                                                    
  5.00000E-01 1.39370E+02 6.29758E+02 1.00000E+00                                                    

     Emitted particles     reaction
   n   p   d   t   h   a
   1   0   0   0   0   0       (n,n')           

 Q-value    =   0.000000
 E-threshold=   0.009809

 Energy   Cross section Gamma c.s. c.s./res.prod.cs

  5.00000E-03 0.00000E+00 0.00000E+00 0.00000E+00                                                    
  1.00000E-02 4.68135E-02 4.68135E-02 6.45414E-01                                                    
  2.00000E-02 2.59436E+03 2.59436E+03 9.99991E-01                                                    
  3.00000E-02 2.30950E+03 2.30950E+03 9.99990E-01                                                    
  4.00000E-02 2.12525E+03 2.12525E+03 9.99990E-01                                                    
  5.00000E-02 1.98715E+03 1.98715E+03 9.99990E-01                                                    
  6.00000E-02 1.87455E+03 1.87455E+03 9.99989E-01                                                    
  7.00000E-02 1.81601E+03 1.81601E+03 9.99989E-01                                                    
  8.00000E-02 2.13536E+03 2.20744E+03 9.99991E-01                                                    
  9.00000E-02 2.26376E+03 2.39521E+03 9.99992E-01                                                    
  1.00000E-01 2.33277E+03 2.51258E+03 9.99993E-01                                                    
  1.20000E-01 2.46424E+03 2.80928E+03 9.99993E-01                                                    
  1.40000E-01 2.57408E+03 3.03643E+03 9.99994E-01                                                    
  1.60000E-01 2.68404E+03 3.25552E+03 9.99994E-01                                                    
  1.80000E-01 2.79244E+03 3.46869E+03 9.99987E-01                                                    
  2.00000E-01 2.92984E+03 3.75252E+03 9.99969E-01                                                    
  2.50000E-01 3.24752E+03 4.40233E+03 9.99957E-01                                                    
  3.00000E-01 3.53022E+03 4.98196E+03 9.99947E-01                                                    
  3.50000E-01 3.77741E+03 5.51364E+03 9.99946E-01                                                    
  4.00000E-01 3.98105E+03 5.97624E+03 9.99888E-01                                                    
  5.00000E-01 4.28151E+03 6.86620E+03 9.99831E-01                                                    

     Emitted particles     reaction
   n   p   d   t   h   a
   0   1   0   0   0   0       (n,p)            

 Q-value    =   0.779886
 E-threshold=   0.000000

 Energy   Cross section Gamma c.s. c.s./res.prod.cs

  5.00000E-03 1.00000E-07 1.00000E-07 0.00000E+00                                                    
  1.00000E-02 1.00000E-07 1.00000E-07 0.00000E+00                                                    
  2.00000E-02 1.00000E-07 1.00000E-07 0.00000E+00                                                    
  3.00000E-02 1.00000E-07 1.00000E-07 0.00000E+00                                                    
  4.00000E-02 1.00000E-07 1.00000E-07 0.00000E+00                                                    
  5.00000E-02 1.00000E-07 1.00000E-07 0.00000E+00                                                    
  6.00000E-02 1.00000E-07 1.00000E-07 0.00000E+00                                                    
  7.00000E-02 1.00000E-07 1.00000E-07 0.00000E+00                                                    
  8.00000E-02 1.00000E-07 1.00000E-07 0.00000E+00                                                    
  9.00000E-02 1.00000E-07 1.00000E-07 0.00000E+00                                                    
  1.00000E-01 1.00000E-07 1.00000E-07 0.00000E+00                                                    
  1.20000E-01 1.00000E-07 1.00000E-07 0.00000E+00                                                    
  1.40000E-01 1.00000E-07 1.00000E-07 0.00000E+00                                                    
  1.60000E-01 1.00000E-07 1.00000E-07 0.00000E+00                                                    
  1.80000E-01 1.00000E-07 1.00000E-07 0.00000E+00                                                    
  2.00000E-01 1.00000E-07 1.00000E-07 0.00000E+00                                                    
  2.50000E-01 1.00000E-07 1.00000E-07 0.00000E+00                                                    
  3.00000E-01 1.00000E-07 1.00000E-07 0.00000E+00                                                    
  3.50000E-01 1.00000E-07 1.00000E-07 0.00000E+00                                                    
  4.00000E-01 1.00000E-07 1.00000E-07 0.00000E+00                                                    
  5.00000E-01 1.00000E-07 1.00000E-07 0.00000E+00                                                    

     Emitted particles     reaction
   n   p   d   t   h   a
   0   0   0   0   0   1       (n,a)            

 Q-value    =  10.132849
 E-threshold=   0.000000

 Energy   Cross section Gamma c.s. c.s./res.prod.cs

  5.00000E-03 1.00000E-07 1.00000E-07 0.00000E+00                                                    
  1.00000E-02 1.00000E-07 1.00000E-07 0.00000E+00                                                    
  2.00000E-02 1.00000E-07 1.00000E-07 0.00000E+00                                                    
  3.00000E-02 1.00000E-07 1.00000E-07 0.00000E+00                                                    
  4.00000E-02 1.00000E-07 1.00000E-07 0.00000E+00                                                    
  5.00000E-02 1.00000E-07 1.00000E-07 0.00000E+00                                                    
  6.00000E-02 1.00000E-07 1.00000E-07 0.00000E+00                                                    
  7.00000E-02 1.00000E-07 1.00000E-07 0.00000E+00                                                    
  8.00000E-02 1.00000E-07 1.00000E-07 0.00000E+00                                                    
  9.00000E-02 1.00000E-07 1.00000E-07 0.00000E+00                                                    
  1.00000E-01 1.00000E-07 1.00000E-07 0.00000E+00                                                    
  1.20000E-01 1.00000E-07 1.00000E-07 0.00000E+00                                                    
  1.40000E-01 1.00000E-07 1.00000E-07 0.00000E+00                                                    
  1.60000E-01 1.00000E-07 1.00000E-07 0.00000E+00                                                    
  1.80000E-01 1.00000E-07 1.00000E-07 0.00000E+00                                                    
  2.00000E-01 1.00000E-07 1.00000E-07 0.00000E+00                                                    
  2.50000E-01 1.00000E-07 1.00000E-07 0.00000E+00                                                    
  3.00000E-01 1.00000E-07 1.00000E-07 0.00000E+00                                                    
  3.50000E-01 1.00000E-07 1.00000E-07 0.00000E+00                                                    
  4.00000E-01 2.16199E-05 0.00000E+00 0.00000E+00                                                    
  5.00000E-01 2.34494E-05 0.00000E+00 0.00000E+00                                                    

     Emitted particles     reaction
   n   p   d   t   h   a
   1   0   0   0   0   1       (n,na)           

 Q-value    =   2.721737
 E-threshold=   0.000000

 Energy   Cross section Gamma c.s. c.s./res.prod.cs

  5.00000E-03 1.00000E-07 1.00000E-07 0.00000E+00                                                    
  1.00000E-02 1.00000E-07 1.00000E-07 0.00000E+00                                                    
  2.00000E-02 1.00000E-07 1.00000E-07 0.00000E+00                                                    
  3.00000E-02 1.00000E-07 1.00000E-07 0.00000E+00                                                    
  4.00000E-02 1.00000E-07 1.00000E-07 0.00000E+00                                                    
  5.00000E-02 1.00000E-07 1.00000E-07 0.00000E+00                                                    
  6.00000E-02 1.00000E-07 1.00000E-07 0.00000E+00                                                    
  7.00000E-02 1.00000E-07 1.00000E-07 0.00000E+00                                                    
  8.00000E-02 1.00000E-07 1.00000E-07 0.00000E+00                                                    
  9.00000E-02 1.00000E-07 1.00000E-07 0.00000E+00                                                    
  1.00000E-01 1.00000E-07 1.00000E-07 0.00000E+00                                                    
  1.20000E-01 1.00000E-07 1.00000E-07 0.00000E+00                                                    
  1.40000E-01 1.00000E-07 1.00000E-07 0.00000E+00                                                    
  1.60000E-01 1.00000E-07 1.00000E-07 0.00000E+00                                                    
  1.80000E-01 1.00000E-07 1.00000E-07 0.00000E+00                                                    
  2.00000E-01 1.00000E-07 1.00000E-07 0.00000E+00                                                    
  2.50000E-01 1.00000E-07 1.00000E-07 0.00000E+00                                                    
  3.00000E-01 1.00000E-07 1.00000E-07 0.00000E+00                                                    
  3.50000E-01 1.00000E-07 1.00000E-07 0.00000E+00                                                    
  4.00000E-01 1.00000E-07 1.00000E-07 0.00000E+00                                                    
  5.00000E-01 1.00000E-07 1.00000E-07 0.00000E+00                                                    

     Emitted particles     reaction
   n   p   d   t   h   a
   0   1   0   0   0   1       (n,pa)           

 Q-value    =   2.431974
 E-threshold=   0.000000

 Energy   Cross section Gamma c.s. c.s./res.prod.cs

  5.00000E-03 1.00000E-07 1.00000E-07 0.00000E+00                                                    
  1.00000E-02 1.00000E-07 1.00000E-07 0.00000E+00                                                    
  2.00000E-02 1.00000E-07 1.00000E-07 0.00000E+00                                                    
  3.00000E-02 1.00000E-07 1.00000E-07 0.00000E+00                                                    
  4.00000E-02 1.00000E-07 1.00000E-07 0.00000E+00                                                    
  5.00000E-02 1.00000E-07 1.00000E-07 0.00000E+00                                                    
  6.00000E-02 1.00000E-07 1.00000E-07 0.00000E+00                                                    
  7.00000E-02 1.00000E-07 1.00000E-07 0.00000E+00                                                    
  8.00000E-02 1.00000E-07 1.00000E-07 0.00000E+00                                                    
  9.00000E-02 1.00000E-07 1.00000E-07 0.00000E+00                                                    
  1.00000E-01 1.00000E-07 1.00000E-07 0.00000E+00                                                    
  1.20000E-01 1.00000E-07 1.00000E-07 0.00000E+00                                                    
  1.40000E-01 1.00000E-07 1.00000E-07 0.00000E+00                                                    
  1.60000E-01 1.00000E-07 1.00000E-07 0.00000E+00                                                    
  1.80000E-01 1.00000E-07 1.00000E-07 0.00000E+00                                                    
  2.00000E-01 1.00000E-07 1.00000E-07 0.00000E+00                                                    
  2.50000E-01 1.00000E-07 1.00000E-07 0.00000E+00                                                    
  3.00000E-01 1.00000E-07 1.00000E-07 0.00000E+00                                                    
  3.50000E-01 1.00000E-07 1.00000E-07 0.00000E+00                                                    
  4.00000E-01 1.00000E-07 1.00000E-07 0.00000E+00                                                    
  5.00000E-01 1.00000E-07 1.00000E-07 0.00000E+00                                                    

     Emitted particles     reaction
   n   p   d   t   h   a
   0   0   0   0   0   2       (n,2a)           

 Q-value    =  11.781961
 E-threshold=   0.000000

 Energy   Cross section Gamma c.s. c.s./res.prod.cs

  5.00000E-03 1.00000E-07 1.00000E-07 0.00000E+00                                                    
  1.00000E-02 1.00000E-07 1.00000E-07 0.00000E+00                                                    
  2.00000E-02 1.00000E-07 1.00000E-07 0.00000E+00                                                    
  3.00000E-02 1.00000E-07 1.00000E-07 0.00000E+00                                                    
  4.00000E-02 1.00000E-07 1.00000E-07 0.00000E+00                                                    
  5.00000E-02 1.00000E-07 1.00000E-07 0.00000E+00                                                    
  6.00000E-02 1.00000E-07 1.00000E-07 0.00000E+00                                                    
  7.00000E-02 1.00000E-07 1.00000E-07 0.00000E+00                                                    
  8.00000E-02 1.00000E-07 1.00000E-07 0.00000E+00                                                    
  9.00000E-02 1.00000E-07 1.00000E-07 0.00000E+00                                                    
  1.00000E-01 1.00000E-07 1.00000E-07 0.00000E+00                                                    
  1.20000E-01 1.00000E-07 1.00000E-07 0.00000E+00                                                    
  1.40000E-01 1.00000E-07 1.00000E-07 0.00000E+00                                                    
  1.60000E-01 1.00000E-07 1.00000E-07 0.00000E+00                                                    
  1.80000E-01 1.00000E-07 1.00000E-07 0.00000E+00                                                    
  2.00000E-01 1.00000E-07 1.00000E-07 0.00000E+00                                                    
  2.50000E-01 1.00000E-07 1.00000E-07 0.00000E+00                                                    
  3.00000E-01 1.00000E-07 1.00000E-07 0.00000E+00                                                    
  3.50000E-01 1.00000E-07 1.00000E-07 0.00000E+00                                                    
  4.00000E-01 1.00000E-07 1.00000E-07 0.00000E+00                                                    
  5.00000E-01 1.00000E-07 1.00000E-07 0.00000E+00                                                    

     Emitted particles     reaction
   n   p   d   t   h   a
   1   0   0   0   0   2       (n,n2a)          

 Q-value    =   4.394199
 E-threshold=   0.000000

 Energy   Cross section Gamma c.s. c.s./res.prod.cs

  5.00000E-03 1.00000E-07 1.00000E-07 0.00000E+00                                                    
  1.00000E-02 1.00000E-07 1.00000E-07 0.00000E+00                                                    
  2.00000E-02 1.00000E-07 1.00000E-07 0.00000E+00                                                    
  3.00000E-02 1.00000E-07 1.00000E-07 0.00000E+00                                                    
  4.00000E-02 1.00000E-07 1.00000E-07 0.00000E+00                                                    
  5.00000E-02 1.00000E-07 1.00000E-07 0.00000E+00                                                    
  6.00000E-02 1.00000E-07 1.00000E-07 0.00000E+00                                                    
  7.00000E-02 1.00000E-07 1.00000E-07 0.00000E+00                                                    
  8.00000E-02 1.00000E-07 1.00000E-07 0.00000E+00                                                    
  9.00000E-02 1.00000E-07 1.00000E-07 0.00000E+00                                                    
  1.00000E-01 1.00000E-07 1.00000E-07 0.00000E+00                                                    
  1.20000E-01 1.00000E-07 1.00000E-07 0.00000E+00                                                    
  1.40000E-01 1.00000E-07 1.00000E-07 0.00000E+00                                                    
  1.60000E-01 1.00000E-07 1.00000E-07 0.00000E+00                                                    
  1.80000E-01 1.00000E-07 1.00000E-07 0.00000E+00                                                    
  2.00000E-01 1.00000E-07 1.00000E-07 0.00000E+00                                                    
  2.50000E-01 1.00000E-07 1.00000E-07 0.00000E+00                                                    
  3.00000E-01 1.00000E-07 1.00000E-07 0.00000E+00                                                    
  3.50000E-01 1.00000E-07 1.00000E-07 0.00000E+00                                                    
  4.00000E-01 1.00000E-07 1.00000E-07 0.00000E+00                                                    
  5.00000E-01 1.00000E-07 1.00000E-07 0.00000E+00                                                    

     Emitted particles     reaction
   n   p   d   t   h   a
   0   1   0   0   0   2       (n,p2a)          

 Q-value    =   3.772529
 E-threshold=   0.000000

 Energy   Cross section Gamma c.s. c.s./res.prod.cs

  5.00000E-03 1.00000E-07 1.00000E-07 0.00000E+00                                                    
  1.00000E-02 1.00000E-07 1.00000E-07 0.00000E+00                                                    
  2.00000E-02 1.00000E-07 1.00000E-07 0.00000E+00                                                    
  3.00000E-02 1.00000E-07 1.00000E-07 0.00000E+00                                                    
  4.00000E-02 1.00000E-07 1.00000E-07 0.00000E+00                                                    
  5.00000E-02 1.00000E-07 1.00000E-07 0.00000E+00                                                    
  6.00000E-02 1.00000E-07 1.00000E-07 0.00000E+00                                                    
  7.00000E-02 1.00000E-07 1.00000E-07 0.00000E+00                                                    
  8.00000E-02 1.00000E-07 1.00000E-07 0.00000E+00                                                    
  9.00000E-02 1.00000E-07 1.00000E-07 0.00000E+00                                                    
  1.00000E-01 1.00000E-07 1.00000E-07 0.00000E+00                                                    
  1.20000E-01 1.00000E-07 1.00000E-07 0.00000E+00                                                    
  1.40000E-01 1.00000E-07 1.00000E-07 0.00000E+00                                                    
  1.60000E-01 1.00000E-07 1.00000E-07 0.00000E+00                                                    
  1.80000E-01 1.00000E-07 1.00000E-07 0.00000E+00                                                    
  2.00000E-01 1.00000E-07 1.00000E-07 0.00000E+00                                                    
  2.50000E-01 1.00000E-07 1.00000E-07 0.00000E+00                                                    
  3.00000E-01 1.00000E-07 1.00000E-07 0.00000E+00                                                    
  3.50000E-01 1.00000E-07 1.00000E-07 0.00000E+00                                                    
  4.00000E-01 1.00000E-07 1.00000E-07 0.00000E+00                                                    
  5.00000E-01 1.00000E-07 1.00000E-07 0.00000E+00                                                    

     Emitted particles     reaction
   n   p   d   t   h   a
   0   0   0   0   0   3       (n,3a)           

 Q-value    =  13.068895
 E-threshold=   0.000000

 Energy   Cross section Gamma c.s. c.s./res.prod.cs

  5.00000E-03 1.00000E-07 1.00000E-07 0.00000E+00                                                    
  1.00000E-02 1.00000E-07 1.00000E-07 0.00000E+00                                                    
  2.00000E-02 1.00000E-07 1.00000E-07 0.00000E+00                                                    
  3.00000E-02 1.00000E-07 1.00000E-07 0.00000E+00                                                    
  4.00000E-02 1.00000E-07 1.00000E-07 0.00000E+00                                                    
  5.00000E-02 1.00000E-07 1.00000E-07 0.00000E+00                                                    
  6.00000E-02 1.00000E-07 1.00000E-07 0.00000E+00                                                    
  7.00000E-02 1.00000E-07 1.00000E-07 0.00000E+00                                                    
  8.00000E-02 1.00000E-07 1.00000E-07 0.00000E+00                                                    
  9.00000E-02 1.00000E-07 1.00000E-07 0.00000E+00                                                    
  1.00000E-01 1.00000E-07 1.00000E-07 0.00000E+00                                                    
  1.20000E-01 1.00000E-07 1.00000E-07 0.00000E+00                                                    
  1.40000E-01 1.00000E-07 1.00000E-07 0.00000E+00                                                    
  1.60000E-01 1.00000E-07 1.00000E-07 0.00000E+00                                                    
  1.80000E-01 1.00000E-07 1.00000E-07 0.00000E+00                                                    
  2.00000E-01 1.00000E-07 1.00000E-07 0.00000E+00                                                    
  2.50000E-01 1.00000E-07 1.00000E-07 0.00000E+00                                                    
  3.00000E-01 1.00000E-07 1.00000E-07 0.00000E+00                                                    
  3.50000E-01 1.00000E-07 1.00000E-07 0.00000E+00                                                    
  4.00000E-01 1.00000E-07 1.00000E-07 0.00000E+00                                                    
  5.00000E-01 1.00000E-07 1.00000E-07 0.00000E+00                                                    

     Emitted particles     reaction
   n   p   d   t   h   a
   1   0   0   0   0   3       (n,n3a)          

 Q-value    =   6.201807
 E-threshold=   0.000000

 Energy   Cross section Gamma c.s. c.s./res.prod.cs

  5.00000E-03 1.00000E-07 1.00000E-07 0.00000E+00                                                    
  1.00000E-02 1.00000E-07 1.00000E-07 0.00000E+00                                                    
  2.00000E-02 1.00000E-07 1.00000E-07 0.00000E+00                                                    
  3.00000E-02 1.00000E-07 1.00000E-07 0.00000E+00                                                    
  4.00000E-02 1.00000E-07 1.00000E-07 0.00000E+00                                                    
  5.00000E-02 1.00000E-07 1.00000E-07 0.00000E+00                                                    
  6.00000E-02 1.00000E-07 1.00000E-07 0.00000E+00                                                    
  7.00000E-02 1.00000E-07 1.00000E-07 0.00000E+00                                                    
  8.00000E-02 1.00000E-07 1.00000E-07 0.00000E+00                                                    
  9.00000E-02 1.00000E-07 1.00000E-07 0.00000E+00                                                    
  1.00000E-01 1.00000E-07 1.00000E-07 0.00000E+00                                                    
  1.20000E-01 1.00000E-07 1.00000E-07 0.00000E+00                                                    
  1.40000E-01 1.00000E-07 1.00000E-07 0.00000E+00                                                    
  1.60000E-01 1.00000E-07 1.00000E-07 0.00000E+00                                                    
  1.80000E-01 1.00000E-07 1.00000E-07 0.00000E+00                                                    
  2.00000E-01 1.00000E-07 1.00000E-07 0.00000E+00                                                    
  2.50000E-01 1.00000E-07 1.00000E-07 0.00000E+00                                                    
  3.00000E-01 1.00000E-07 1.00000E-07 0.00000E+00                                                    
  3.50000E-01 1.00000E-07 1.00000E-07 0.00000E+00                                                    
  4.00000E-01 1.00000E-07 1.00000E-07 0.00000E+00                                                    
  5.00000E-01 1.00000E-07 1.00000E-07 0.00000E+00                                                    

 Execution time:  0 hours  0 minutes  6.70 seconds 

 The TALYS team congratulates you with this successful calculation.
