
    TALYS-1.97 (Version: December 29, 2023)

 Copyright (C) 2023  A.J. Koning, S. Hilaire and S. Goriely

 Dimensions - Cross sections: mb, Energies: MeV, Angles: degrees

 ########## USER INPUT ##########

 USER INPUT FILE

 #
 # n-pb208-xs
 #
 # general
 #
 projectile n
 element pb
 mass 208
 energy energies
 #
 # parameters
 #
 rgamma 2.2
 gn 81 208 9.4
 gp 81 208 6.2
 optmodfilen 82 n-Pb208.omp
 #
 # output
 #
 channels y
 filechannels y
 filetotal y
 fileresidual y
 outdiscrete y

 USER INPUT FILE + DEFAULTS

 Keyword           Value   Variable     Explanation

 #
 # Four main keywords
 #
 projectile          n     ptype0       type of incident particle
 element            Pb     Starget      symbol of target nucleus
 mass              208     mass         mass number of target nucleus
 energy energies           energyfile   file with incident energies
 #
 # Basic physical and numerical parameters
 #
 ejectiles g n p d t h a   outtype      outgoing particles
 maxz               12     maxZ         maximal number of protons from the initial compound nucleus
 maxn               32     maxN         maximal number of neutrons from the initial compound nucleus
 bins               40     nbins        number of continuum excitation energy bins
 equidistant         y     flagequi     flag to use equidistant excitation bins instead of logarithmic bins
 equispec            n     flagequispec flag to use equidistant bins for emission spectra
 popmev              n     flagpopmev   flag to use initial population per MeV instead of histograms
 segment             1     segment      number of segments to divide emission energy grid
 maxlevelstar       30     nlevmax      maximum number of included discrete levels for target
 maxlevelsres       10     nlevmaxres   maximum number of included discrete levels for residual nucleus
 maxlevelsbin g     10     nlevbin      maximum number of included discrete levels for gamma    channel
 maxlevelsbin n     30     nlevbin      maximum number of included discrete levels for neutron  channel
 maxlevelsbin p     10     nlevbin      maximum number of included discrete levels for proton   channel
 maxlevelsbin d      5     nlevbin      maximum number of included discrete levels for deuteron channel
 maxlevelsbin t      5     nlevbin      maximum number of included discrete levels for triton   channel
 maxlevelsbin h      5     nlevbin      maximum number of included discrete levels for helium-3 channel
 maxlevelsbin a     10     nlevbin      maximum number of included discrete levels for alpha    channel
 ltarget             0     ltarget      excited level of target
 isomer           1.00E+00 isomer       definition of isomer in seconds
 transpower          5     transpower   power for transmission coefficient limit
 transeps         1.00E-08 transeps     limit for transmission coefficient
 xseps            1.00E-07 xseps        limit for cross sections
 popeps           1.00E-03 popeps       limit for population cross section per nucleus
 Rfiseps          1.00E-03 Rfiseps      ratio for limit for fission cross section per nucleus
 elow             1.00E-06 elow         minimal incident energy for nuclear model calculations
 angles             90     nangle       number of angles
 anglescont         18     nanglecont   number of angles for continuum
 anglesrec           1     nanglerec    number of recoil angles
 maxenrec           20     maxenrec     number of recoil energies
 channels            y     flagchannels flag for exclusive channels calculation
 maxchannel          4     maxchannel   maximal number of outgoing particles in individual channel description
 micro               n     flagmicro    flag for completely microscopic Talys calculation
 best                n     flagbest     flag to use best set of adjusted parameters
 bestbranch          y     flagbestbr   flag to use flag to use only best set of branching ratios
 bestend             n     flagbestend  flag to put best set of parameters at end of input file
 relativistic        y     flagrel      flag for relativistic kinematics
 recoil              n     flagrecoil   flag for calculation of recoils
 labddx              n     flaglabddx   flag for calculation of DDX in LAB system
 recoilaverage       n     flagrecoilav flag for average velocity in recoil calculation
 channelenergy       n     flagEchannel flag for channel energy for emission spectrum
 reaction            y     flagreaction flag for calculation of nuclear reactions
 fit                 n     flagfit      flag to use automatically fitted parameters
 ngfit               n     flagngfit    flag for using fitted (n,g) nuclear model parameters
 nffit               n     flagnffit    flag for using fitted (n,f) nuclear model parameters
 nnfit               n     flagnnfit    flag for using fitted (n,n), (n,2n) and (n,p) nuclear model parameters
 nafit               n     flagnafit    flag for using fitted (n,a) nuclear model parameters
 pnfit               n     flagpnfit    flag for using fitted (p,n) nuclear model parameters
 dnfit               n     flagdnfit    flag for using fitted (d,n) nuclear model parameters
 gnfit               n     flaggnfit    flag for using fitted (g,n) nuclear model parameters
 anfit               n     flaganfit    flag for using fitted (a,n) nuclear model parameters
 gamgamfit           n    flaggamgamfit flag for using fitted Gamma_gamma nuclear model parameters
 macsfit             n     flagmacsfit  flag for using fitted MACS nuclear model parameters
 astro               n     flagastro    flag for calculation of astrophysics reaction rate
 astrogs             n     flagastrogs  flag for calculation of astrophysics reaction rate with target in ground state only
 astroex             n     flagastroex  flag for calculation of astrophysics reaction rate to long-lived excited states
 nonthermlev        -1     nonthermlev  excited level non-thermalized in the calculation of astrophysics rate
 massmodel           2     massmodel    model for theoretical nuclear mass
 expmass             y     flagexpmass  flag for using experimental nuclear mass if available
 disctable           1     disctable    table with discrete levels
 production          n     flagprod     flag for isotope production
 outfy               n     flagoutfy    flag for output detailed fission yield calculation
 gefran          50000     gefran       number of random events for GEF calculation
 Estop            1000.000 Estop        incident energy above which TALYS stops
 rpevap              n     flagrpevap   flag for evaporation of residual products at high incident energies
 maxZrp             12     maxZrp       maximal number of protons from the initial compound nucleus before residual evaporation
 maxNrp             32     maxNrp       maximal number of neutrons from the initial compound nucleus before residual evaporation
 #
 # Optical model
 #
 localomp            y     flaglocalomp flag for local (y) or global (n) optical model
 dispersion          n     flagdisp     flag for dispersive optical model
 jlmomp              n     flagjlm      flag for using semi-microscopic JLM OMP
 riplomp             n     flagriplomp  flag for RIPL OMP
 riplrisk            n     flagriplrisk flag for going outside RIPL mass validity range
 optmodall           n     flagompall   flag for new optical model calculation for all residual nuclei
 incadjust           y     flagincadj   flag for OMP adjustment on incident channel also
 omponly             n     flagomponly  flag to execute ONLY an optical model calculation
 autorot             n     flagautorot  flag for automatic rotational coupled channels calculations for A > 150
 spherical           n     flagspher    flag to force spherical optical model
 soukho              y     flagsoukho   flag for Soukhovitskii OMP for actinides
 coulomb             y     flagcoulomb  flag for Coulomb excitation calculation with ECIS
 statepot            n     flagstate    flag for optical model potential for each excited state
 maxband             0     maxband      highest vibrational band added to rotational model
 maxrot              2     maxrot       number of included excited rotational levels
 sysreaction               sysreaction  particles with reaction cross section from systematics
 rotational                rotational   particles with possible rotational optical model
 core               -1     core         even-even core for weakcoupling (-1 or 1)
 ecissave            n     flagecissave flag for saving ECIS input and output files
 eciscalc            y     flageciscalc flag for new ECIS calculation for outgoing particles and energy grid
 inccalc             y     flaginccalc  flag for new ECIS calculation for incident channel
 endfecis            y     flagendfecis flag for new ECIS calculation for ENDF-6 files
 radialmodel         2     radialmodel  model for radial matter densities (JLM OMP only)
 jlmmode             0     jlmmode      option for JLM imaginary potential normalization
 alphaomp            6     alphaomp     alpha OMP (1=normal, 2= McFadden-Satchler, 3-5= folding potential, 6,8= Avrigeanu, 7=Nolte)
 deuteronomp         4     deuteronomp  deuteron OMP (1=normal, 2=Daehnick, 3=Bojowald, 4=Han-Shi-Shen, 5=An-Cai)
 #
 # Compound nucleus
 #
 widthfluc           7.368 ewfc         off-set incident energy for width fluctuation calculation
 widthmode           1     wmode        designator for width fluctuation model
 WFCfactor           1     WFCfactor    enhancement factor for WFC: 1: Original, 2: Ernebjerg and Herman
 compound            y     flagcomp     flag for compound nucleus model
 fullhf              n     flagfullhf   flag for full spin dependence of transmission coefficients
 eciscompound        n     flageciscomp flag for compound nucleus calculation by ECIS
 cpang               n     flagcpang    flag for compound angular distribution calculation for incident charged particles
 urr                 n     flagurr      flag for URR calculation
 urrnjoy             n     flagurrnjoy  flag for normalization of URR parameters with NJOY method
 lurr                2     lurr         maximal orbital angular momentum for URR
 #
 # Gamma emission
 #
 gammax              2     gammax       number of l-values for gamma multipolarity
 strength            9     strength     model for E1 gamma-ray strength function
 strengthM1          3     strengthM1   model for M1 gamma-ray strength function
 electronconv        y     flagelectron flag for application of electron conversion coefficient
 racap               n     flagracap    flag for radiative capture model
 ldmodelracap        3     ldmodelracap level density model for direct radiative capture
 upbend              y     flagupbend   flag for low-energy upbend of photon strength function
 psfglobal           n    flagpsfglobal flag for global photon strength functions only
 gnorm               n     flaggnorm    flag to normalize PSF to average radiative width
 #
 # Pre-equilibrium
 #
 preequilibrium      4.206 epreeq       on-set incident energy for preequilibrium calculation
 preeqmode           2     preeqmode    designator for pre-equilibrium model
 multipreeq         20.000 emulpre      on-set incident energy for multiple preequilibrium
 mpreeqmode          2     mpreeqmode   designator for multiple pre-equilibrium model
 breakupmodel        1     breakupmodel model for break-up reaction: 1. Kalbach 2. Avrigeanu
 phmodel             1     phmodel      particle-hole state density model
 pairmodel           2     pairmodel    designator for pre-equilibrium pairing model
 preeqspin           1     pespinmodel  model for pre-equilibrium spin distribution
 giantresonance      y     flaggiant    flag for collective contribution from giant resonances
 preeqsurface        y     flagsurface  flag for surface effects in exciton model
 preeqcomplex        y     flagpecomp   flag for Kalbach complex particle emission model
 twocomponent        y     flag2comp    flag for two-component pre-equilibrium model
 ecisdwba            y     flagecisdwba flag for new ECIS calculation for DWBA for MSD
 onestep             n     flagonestep  flag for continuum one-step direct only
 #
 # Level densities
 #
 ldmodel             1     ldmodelall   level density model
 ldmodelCN           1     ldmodelCN    level density model for compound nucleus
 shellmodel          1     shellmodel   model for shell correction energies
 kvibmodel           2     kvibmodel    model for vibrational enhancement
 spincutmodel        1     spincutmodel model for spin cutoff factor for ground state
 asys                n     flagasys     flag for all level density parameters a from systematics
 parity              n     flagparity   flag for non-equal parity distribution
 colenhance          n     flagcolall   flag for collective enhancement of level density for all nuclides
 ctmglobal           n     flagctmglob  flag for global CTM model (no discrete level info)
 gshell              n     flaggshell   flag for energy dependence of single particle level density parameter g
 colldamp            n     flagcolldamp flag for damping of collective effects in effective level density
 #
 # Fission
 #
 fission             n     flagfission  flag for fission
 fismodel            3     fismodel     fission model
 fismodelalt         3     fismodelalt  alternative fission model for default barriers
 hbstate             n     flaghbstate  flag for head band states in fission
 class2              n     flagclass2   flag for class2 states in fission
 fispartdamp         n  flagfispartdamp flag for fission partial damping
 massdis             n     flagmassdis  flag for calculation of fission fragment mass yields
 ffevaporation       y     flagffevap   flag for calculation of particle evaporation from fission fragment mass yields
 fisfeed             n     flagfisfeed  flag for output of fission per excitation bin
 fymodel             2     fymodel      fission yield model, 1: Brosa 2: GEF
 ffmodel             1     ffmodel      fission fragment model, 1: GEF 2: HF3D (Okumura) 3: SPY 4: Langevin-4D 0: own files
 pfnsmodel           1     pfnsmodel    PFNS model, 1: Iwamoto 2: from FF decay
 ffspin              n     flagffspin   flag to use spin distribution in initial FF population
 #
 # Output
 #
 outmain             y     flagmain     flag for main output
 outbasic            n     flagbasic    flag for output of basic information and results
 outpopulation       n     flagpop      flag for output of population
 outcheck            n     flagcheck    flag for output of numerical checks
 outlevels           n     flaglevels   flag for output of discrete level information
 outdensity          n     flagdensity  flag for output of level densities
 outomp              n     flagoutomp   flag for output of optical model parameters
 outkd               n     flagoutkd    flag for output of KD03 OMP parameters
 outdirect           n     flagdirect   flag for output of direct reaction results
 outinverse          n     flaginverse  flag for output of transmission coefficients and inverse reaction cross sections
 outdecay            n     flagdecay    flag for output of decay of each population bin
 outtransenergy      y     flagtransen  flag for output of transmission coefficients per energy
 outecis             n     flagoutecis  flag for output of ECIS results
 outgamma            n     flaggamma    flag for output of gamma-ray information
 outpreequilibrium   n     flagpeout    flag for output of pre-equilibrium results 
 outfission          n     flagfisout   flag for output of fission information
 outdiscrete         y     flagdisc     flag for output of discrete state cross sections
 outspectra          n     flagspec     flag for output of double-differential cross sections
 outbinspectra       n     flagbinspec  flag for output of emission spectrum per excitation bin
 resonance           n     flagres      flag for output of low energy resonance cross sections
 group               n     flaggroup    flag for output of low energy groupwise cross sections
 adddiscrete         y     flagadd      flag for addition of discrete states to spectra
 addelastic          y     flagaddel    flag for addition of elastic peak to spectra
 outangle            n     flagang      flag for output of angular distributions
 outlegendre         n     flaglegendre flag for output of Legendre coefficients
 ddxmode             0     ddxmode      mode for double-differential cross sections
 outdwba             n     flagoutdwba  flag for output of DWBA cross sections for MSD
 outgamdis           n     flaggamdis   flag for output of discrete gamma-ray intensities
 outexcitation       y     flagexc      flag for output of excitation functions
 components          n     flagcompo    flag for output of cross section components
 endf                n     flagendf     flag for information for ENDF-6 file
 endfdetail          y     flagendfdet  flag for detailed ENDF-6 information per channel
 sacs                n     flagsacs     flag for statistical analysis of cross sections
 partable            n     flagpartable flag for output of model parameters on separate file
 block               n     flagblock    flag to block spectra, angle and gamma files

 ########## BASIC REACTION PARAMETERS ##########

 Projectile           : neutron     Mass in a.m.u.      :   1.008665
 Target               : Pb208       Mass in a.m.u.      : 207.976652

 Included channels:
                     gamma   
                     neutron 
                     proton  
                     deuteron
                     triton  
                     helium-3
                     alpha   

    46 incident energies (LAB):

      1.000
      1.200
      1.400
      1.600
      1.800
      2.000
      2.200
      2.400
      2.600
      2.800
      3.000
      3.200
      3.400
      3.600
      3.800
      4.000
      4.200
      4.400
      4.600
      4.800
      5.000
      5.500
      6.000
      6.500
      7.000
      7.500
      8.000
      8.500
      9.000
      9.500
     10.000
     11.000
     12.000
     13.000
     14.000
     15.000
     16.000
     17.000
     18.000
     19.000
     20.000
     22.000
     24.000
     26.000
     28.000
     30.000

 Q-values for binary reactions:

 Q(n,g):  3.93738
 Q(n,n):  0.00000
 Q(n,p): -4.21605
 Q(n,d): -5.77848
 Q(n,t): -6.37370
 Q(n,h): -7.66267
 Q(n,a):  6.18561

 ########## RESULTS FOR E=   1.00000 ##########

 Energy dependent input flags

 Width fluctuations (flagwidth)            : y
 Unresolved resonance parameters (flagurr) : n
 Preequilibrium (flagpreeq)                : n
 Multiple preequilibrium (flagmulpre)      : n
 Number of continuum excitation energy bins: 40

 ########### REACTION SUMMARY FOR E=   1.00000 ###########

 Center-of-mass energy:    0.995

 1. Total (binary) cross sections

 Total           = 4.83722E+03
   Shape elastic   = 3.10960E+03
   Reaction        = 1.72762E+03
     Compound elastic= 1.72640E+03
     Non-elastic     = 1.21716E+00
       Direct          = 0.00000E+00
       Pre-equilibrium = 0.00000E+00
       Compound non-el = 1.21716E+00
     Total elastic   = 4.83600E+03

 2. Binary non-elastic cross sections (non-exclusive)

 gamma   = 8.77996E-01
 neutron = 0.00000E+00
 proton  = 0.00000E+00
 deuteron= 0.00000E+00
 triton  = 0.00000E+00
 helium-3= 0.00000E+00
 alpha   = 0.00000E+00

 3. Total particle production cross sections

 gamma   = 1.02252E+00    Multiplicity= 8.40084E-01
 neutron = 7.43781E-03    Multiplicity= 6.11078E-03
 proton  = 0.00000E+00    Multiplicity= 0.00000E+00
 deuteron= 0.00000E+00    Multiplicity= 0.00000E+00
 triton  = 0.00000E+00    Multiplicity= 0.00000E+00
 helium-3= 0.00000E+00    Multiplicity= 0.00000E+00
 alpha   = 0.00000E+00    Multiplicity= 0.00000E+00

 4. Residual production cross sections

   a. Per isotope

   Z   A  nuclide    total     level   isomeric    isomeric    lifetime
                 cross section       cross section  ratio

   82 209 (209Pb) 8.70558E-01    0    8.70558E-01  1.00000
   82 208 (208Pb) 7.43781E-03    0    7.43781E-03  1.00000
   80 205 (205Hg) 1.00000E-07    0    0.00000E+00  0.00000
   80 204 (204Hg) 1.00000E-07    0    0.00000E+00  0.00000

   b. Per mass

   A  cross section

  209 8.70557E-01
  208 7.43781E-03

 Total residual production cross section:     0.8779953
 Non-elastic cross section              :     1.2171631

 5. Binary reactions to discrete levels and continuum

   (n,g)   cross sections:

 Inclusive:

 Level Energy    E-out     J/P       Direct    Compound      Total     Origin

  0   0.00000   4.93255    4.5+     0.00000     0.44134     0.44134          
  1   0.77889   4.15366    5.5+     0.00000     0.10755     0.10755          
  2   1.42264   3.50991    7.5-     0.00000     0.00283     0.00283          
  3   1.56709   3.36546    2.5+     0.00000     0.06698     0.06698          
  4   2.03221   2.90034    0.5+     0.00000     0.01225     0.01225          
  5   2.14943   2.78312    0.5-     0.00000     0.01028     0.01028          
  6   2.31593   2.61662    1.5-     0.00000     0.01592     0.01592          
  7   2.42400   2.50855    3.5-     0.00000     0.02372     0.02372          
  8   2.46100   2.47155    2.5-     0.00000     0.01859     0.01859          
  9   2.49100   2.44155    3.5+     0.00000     0.01888     0.01888          
 10   2.52493   2.40762    1.5-     0.00000     0.01153     0.01153          
                                  ---------   ---------   ---------
 Discrete    (n,g)  :               0.00000     0.72986     0.72986
 Continuum   (n,g)  :               0.00000     0.14814     0.14814
                                  ---------   ---------   ---------
 Total       (n,g)  :               0.00000     0.87800     0.87800


 Exclusive

 Discrete    (n,g)  :     0.72986
 Continuum   (n,g)  :     0.14070
 Total       (n,g)  :     0.87056

 6. Exclusive cross sections

 6a. Total exclusive cross sections 

     Emitted particles     cross section reaction         level    isomeric    isomeric    lifetime relative yield
    n   p   d   t   h   a                                        cross section   ratio
    0   0   0   0   0   0    8.70558E-01  (n,g)                                                     1.00000E+00
    0   0   0   0   0   1    1.00000E-07  (n,a)                                                     1.14869E-07
    1   0   0   0   0   1    1.00000E-07  (n,na)                                                    1.14869E-07
    0   0   0   0   0   2    1.00000E-07  (n,2a)                                                    1.14869E-07
    1   0   0   0   0   2    1.00000E-07  (n,n2a)                                                   1.14869E-07
    0   0   0   0   0   3    1.00000E-07  (n,3a)                                                    1.14869E-07

 Absorption cross section                 :     0.87056

 Sum over exclusive channel cross sections:     0.87056
 (n,gn) + (n,gp) +...(n,ga) cross sections:     0.00744
 Total                                    :     0.87800
 Non-elastic cross section                :     1.21716

 ########## RESULTS FOR E=   1.20000 ##########

 Energy dependent input flags

 Width fluctuations (flagwidth)            : y
 Unresolved resonance parameters (flagurr) : n
 Preequilibrium (flagpreeq)                : n
 Multiple preequilibrium (flagmulpre)      : n
 Number of continuum excitation energy bins: 40

 ########### REACTION SUMMARY FOR E=   1.20000 ###########

 Center-of-mass energy:    1.194

 1. Total (binary) cross sections

 Total           = 4.78181E+03
   Shape elastic   = 2.96175E+03
   Reaction        = 1.82006E+03
     Compound elastic= 1.81865E+03
     Non-elastic     = 1.41492E+00
       Direct          = 0.00000E+00
       Pre-equilibrium = 0.00000E+00
       Compound non-el = 1.41492E+00
     Total elastic   = 4.78040E+03

 2. Binary non-elastic cross sections (non-exclusive)

 gamma   = 1.06844E+00
 neutron = 0.00000E+00
 proton  = 0.00000E+00
 deuteron= 0.00000E+00
 triton  = 0.00000E+00
 helium-3= 0.00000E+00
 alpha   = 0.00000E+00

 3. Total particle production cross sections

 gamma   = 1.26248E+00    Multiplicity= 8.92262E-01
 neutron = 1.47953E-02    Multiplicity= 1.04566E-02
 proton  = 0.00000E+00    Multiplicity= 0.00000E+00
 deuteron= 0.00000E+00    Multiplicity= 0.00000E+00
 triton  = 0.00000E+00    Multiplicity= 0.00000E+00
 helium-3= 0.00000E+00    Multiplicity= 0.00000E+00
 alpha   = 0.00000E+00    Multiplicity= 0.00000E+00

 4. Residual production cross sections

   a. Per isotope

   Z   A  nuclide    total     level   isomeric    isomeric    lifetime
                 cross section       cross section  ratio

   82 209 (209Pb) 1.05365E+00    0    1.05365E+00  1.00000
   82 208 (208Pb) 1.47953E-02    0    1.47953E-02  1.00000
   80 205 (205Hg) 1.00000E-07    0    0.00000E+00  0.00000
   80 204 (204Hg) 1.00000E-07    0    0.00000E+00  0.00000

   b. Per mass

   A  cross section

  209 1.05365E+00
  208 1.47953E-02

 Total residual production cross section:     1.0684415
 Non-elastic cross section              :     1.4149170

 5. Binary reactions to discrete levels and continuum

   (n,g)   cross sections:

 Inclusive:

 Level Energy    E-out     J/P       Direct    Compound      Total     Origin

  0   0.00000   5.13158    4.5+     0.00000     0.51654     0.51654          
  1   0.77889   4.35269    5.5+     0.00000     0.14006     0.14006          
  2   1.42264   3.70894    7.5-     0.00000     0.00632     0.00632          
  3   1.56709   3.56450    2.5+     0.00000     0.07321     0.07321          
  4   2.03221   3.09937    0.5+     0.00000     0.01364     0.01364          
  5   2.14943   2.98215    0.5-     0.00000     0.01153     0.01153          
  6   2.31593   2.81565    1.5-     0.00000     0.01807     0.01807          
  7   2.42400   2.70758    3.5-     0.00000     0.02807     0.02807          
  8   2.46100   2.67058    2.5-     0.00000     0.02145     0.02145          
  9   2.49100   2.64058    3.5+     0.00000     0.02294     0.02294          
 10   2.52493   2.60665    1.5-     0.00000     0.01330     0.01330          
                                  ---------   ---------   ---------
 Discrete    (n,g)  :               0.00000     0.86514     0.86514
 Continuum   (n,g)  :               0.00000     0.20331     0.20331
                                  ---------   ---------   ---------
 Total       (n,g)  :               0.00000     1.06844     1.06844


 Exclusive

 Discrete    (n,g)  :     0.86514
 Continuum   (n,g)  :     0.18851
 Total       (n,g)  :     1.05365

 6. Exclusive cross sections

 6a. Total exclusive cross sections 

     Emitted particles     cross section reaction         level    isomeric    isomeric    lifetime relative yield
    n   p   d   t   h   a                                        cross section   ratio
    0   0   0   0   0   0    1.05365E+00  (n,g)                                                     1.00000E+00
    0   0   0   0   0   1    1.00000E-07  (n,a)                                                     9.49085E-08
    1   0   0   0   0   1    1.00000E-07  (n,na)                                                    9.49085E-08
    0   0   0   0   0   2    1.00000E-07  (n,2a)                                                    9.49085E-08
    1   0   0   0   0   2    1.00000E-07  (n,n2a)                                                   9.49085E-08
    0   0   0   0   0   3    1.00000E-07  (n,3a)                                                    9.49085E-08

 Absorption cross section                 :     1.05365

 Sum over exclusive channel cross sections:     1.05365
 (n,gn) + (n,gp) +...(n,ga) cross sections:     0.01480
 Total                                    :     1.06844
 Non-elastic cross section                :     1.41492

 ########## RESULTS FOR E=   1.40000 ##########

 Energy dependent input flags

 Width fluctuations (flagwidth)            : y
 Unresolved resonance parameters (flagurr) : n
 Preequilibrium (flagpreeq)                : n
 Multiple preequilibrium (flagmulpre)      : n
 Number of continuum excitation energy bins: 40

 ########### REACTION SUMMARY FOR E=   1.40000 ###########

 Center-of-mass energy:    1.393

 1. Total (binary) cross sections

 Total           = 4.94126E+03
   Shape elastic   = 2.99206E+03
   Reaction        = 1.94920E+03
     Compound elastic= 1.94755E+03
     Non-elastic     = 1.64612E+00
       Direct          = 0.00000E+00
       Pre-equilibrium = 0.00000E+00
       Compound non-el = 1.64612E+00
     Total elastic   = 4.93961E+03

 2. Binary non-elastic cross sections (non-exclusive)

 gamma   = 1.29075E+00
 neutron = 0.00000E+00
 proton  = 0.00000E+00
 deuteron= 0.00000E+00
 triton  = 0.00000E+00
 helium-3= 0.00000E+00
 alpha   = 0.00000E+00

 3. Total particle production cross sections

 gamma   = 1.55197E+00    Multiplicity= 9.42806E-01
 neutron = 2.63337E-02    Multiplicity= 1.59974E-02
 proton  = 0.00000E+00    Multiplicity= 0.00000E+00
 deuteron= 0.00000E+00    Multiplicity= 0.00000E+00
 triton  = 0.00000E+00    Multiplicity= 0.00000E+00
 helium-3= 0.00000E+00    Multiplicity= 0.00000E+00
 alpha   = 0.00000E+00    Multiplicity= 0.00000E+00

 4. Residual production cross sections

   a. Per isotope

   Z   A  nuclide    total     level   isomeric    isomeric    lifetime
                 cross section       cross section  ratio

   82 209 (209Pb) 1.26442E+00    0    1.26442E+00  1.00000
   82 208 (208Pb) 2.63337E-02    0    2.63337E-02  1.00000
   80 205 (205Hg) 1.00000E-07    0    0.00000E+00  0.00000
   80 204 (204Hg) 1.00000E-07    0    0.00000E+00  0.00000

   b. Per mass

   A  cross section

  209 1.26442E+00
  208 2.63337E-02

 Total residual production cross section:     1.2907541
 Non-elastic cross section              :     1.6461182

 5. Binary reactions to discrete levels and continuum

   (n,g)   cross sections:

 Inclusive:

 Level Energy    E-out     J/P       Direct    Compound      Total     Origin

  0   0.00000   5.33062    4.5+     0.00000     0.59304     0.59304          
  1   0.77889   4.55172    5.5+     0.00000     0.17390     0.17390          
  2   1.42264   3.90798    7.5-     0.00000     0.01193     0.01193          
  3   1.56709   3.76353    2.5+     0.00000     0.08154     0.08154          
  4   2.03221   3.29840    0.5+     0.00000     0.01548     0.01548          
  5   2.14943   3.18119    0.5-     0.00000     0.01314     0.01314          
  6   2.31593   3.01469    1.5-     0.00000     0.02080     0.02080          
  7   2.42400   2.90662    3.5-     0.00000     0.03315     0.03315          
  8   2.46100   2.86962    2.5-     0.00000     0.02499     0.02499          
  9   2.49100   2.83962    3.5+     0.00000     0.02786     0.02786          
 10   2.52493   2.80569    1.5-     0.00000     0.01553     0.01553          
                                  ---------   ---------   ---------
 Discrete    (n,g)  :               0.00000     1.01138     1.01138
 Continuum   (n,g)  :               0.00000     0.27938     0.27938
                                  ---------   ---------   ---------
 Total       (n,g)  :               0.00000     1.29076     1.29075


 Exclusive

 Discrete    (n,g)  :     1.01138
 Continuum   (n,g)  :     0.25304
 Total       (n,g)  :     1.26442

 6. Exclusive cross sections

 6a. Total exclusive cross sections 

     Emitted particles     cross section reaction         level    isomeric    isomeric    lifetime relative yield
    n   p   d   t   h   a                                        cross section   ratio
    0   0   0   0   0   0    1.26442E+00  (n,g)                                                     1.00000E+00
    0   0   0   0   0   1    1.00000E-07  (n,a)                                                     7.90876E-08
    1   0   0   0   0   1    1.00000E-07  (n,na)                                                    7.90876E-08
    0   0   0   0   0   2    1.00000E-07  (n,2a)                                                    7.90876E-08
    1   0   0   0   0   2    1.00000E-07  (n,n2a)                                                   7.90876E-08
    0   0   0   0   0   3    1.00000E-07  (n,3a)                                                    7.90876E-08

 Absorption cross section                 :     1.26442

 Sum over exclusive channel cross sections:     1.26442
 (n,gn) + (n,gp) +...(n,ga) cross sections:     0.02633
 Total                                    :     1.29075
 Non-elastic cross section                :     1.64612

 ########## RESULTS FOR E=   1.60000 ##########

 Energy dependent input flags

 Width fluctuations (flagwidth)            : y
 Unresolved resonance parameters (flagurr) : n
 Preequilibrium (flagpreeq)                : n
 Multiple preequilibrium (flagmulpre)      : n
 Number of continuum excitation energy bins: 40

 ########### REACTION SUMMARY FOR E=   1.60000 ###########

 Center-of-mass energy:    1.592

 1. Total (binary) cross sections

 Total           = 5.24694E+03
   Shape elastic   = 3.14229E+03
   Reaction        = 2.10465E+03
     Compound elastic= 2.10274E+03
     Non-elastic     = 1.90918E+00
       Direct          = 0.00000E+00
       Pre-equilibrium = 0.00000E+00
       Compound non-el = 1.90918E+00
     Total elastic   = 5.24503E+03

 2. Binary non-elastic cross sections (non-exclusive)

 gamma   = 1.54997E+00
 neutron = 0.00000E+00
 proton  = 0.00000E+00
 deuteron= 0.00000E+00
 triton  = 0.00000E+00
 helium-3= 0.00000E+00
 alpha   = 0.00000E+00

 3. Total particle production cross sections

 gamma   = 1.89692E+00    Multiplicity= 9.93579E-01
 neutron = 4.60884E-02    Multiplicity= 2.41404E-02
 proton  = 0.00000E+00    Multiplicity= 0.00000E+00
 deuteron= 0.00000E+00    Multiplicity= 0.00000E+00
 triton  = 0.00000E+00    Multiplicity= 0.00000E+00
 helium-3= 0.00000E+00    Multiplicity= 0.00000E+00
 alpha   = 0.00000E+00    Multiplicity= 0.00000E+00

 4. Residual production cross sections

   a. Per isotope

   Z   A  nuclide    total     level   isomeric    isomeric    lifetime
                 cross section       cross section  ratio

   82 209 (209Pb) 1.50388E+00    0    1.50388E+00  1.00000
   82 208 (208Pb) 4.60883E-02    0    4.60883E-02  1.00000
   80 205 (205Hg) 1.00000E-07    0    0.00000E+00  0.00000
   80 204 (204Hg) 1.00000E-07    0    0.00000E+00  0.00000

   b. Per mass

   A  cross section

  209 1.50388E+00
  208 4.60883E-02

 Total residual production cross section:     1.5499719
 Non-elastic cross section              :     1.9091797

 5. Binary reactions to discrete levels and continuum

   (n,g)   cross sections:

 Inclusive:

 Level Energy    E-out     J/P       Direct    Compound      Total     Origin

  0   0.00000   5.52965    4.5+     0.00000     0.67040     0.67040          
  1   0.77889   4.75076    5.5+     0.00000     0.20979     0.20979          
  2   1.42264   4.10701    7.5-     0.00000     0.01910     0.01910          
  3   1.56709   3.96256    2.5+     0.00000     0.09200     0.09200          
  4   2.03221   3.49744    0.5+     0.00000     0.01772     0.01772          
  5   2.14943   3.38022    0.5-     0.00000     0.01514     0.01514          
  6   2.31593   3.21372    1.5-     0.00000     0.02418     0.02418          
  7   2.42400   3.10565    3.5-     0.00000     0.03919     0.03919          
  8   2.46100   3.06865    2.5-     0.00000     0.02928     0.02928          
  9   2.49100   3.03865    3.5+     0.00000     0.03372     0.03372          
 10   2.52493   3.00472    1.5-     0.00000     0.01825     0.01825          
                                  ---------   ---------   ---------
 Discrete    (n,g)  :               0.00000     1.16875     1.16875
 Continuum   (n,g)  :               0.00000     0.38122     0.38122
                                  ---------   ---------   ---------
 Total       (n,g)  :               0.00000     1.54997     1.54997


 Exclusive

 Discrete    (n,g)  :     1.16875
 Continuum   (n,g)  :     0.33513
 Total       (n,g)  :     1.50388

 6. Exclusive cross sections

 6a. Total exclusive cross sections 

     Emitted particles     cross section reaction         level    isomeric    isomeric    lifetime relative yield
    n   p   d   t   h   a                                        cross section   ratio
    0   0   0   0   0   0    1.50388E+00  (n,g)                                                     1.00000E+00
    0   0   0   0   0   1    1.00000E-07  (n,a)                                                     6.64945E-08
    1   0   0   0   0   1    1.00000E-07  (n,na)                                                    6.64945E-08
    0   0   0   0   0   2    1.00000E-07  (n,2a)                                                    6.64945E-08
    1   0   0   0   0   2    1.00000E-07  (n,n2a)                                                   6.64945E-08
    0   0   0   0   0   3    1.00000E-07  (n,3a)                                                    6.64945E-08

 Absorption cross section                 :     1.50388

 Sum over exclusive channel cross sections:     1.50388
 (n,gn) + (n,gp) +...(n,ga) cross sections:     0.04609
 Total                                    :     1.54997
 Non-elastic cross section                :     1.90918

 ########## RESULTS FOR E=   1.80000 ##########

 Energy dependent input flags

 Width fluctuations (flagwidth)            : y
 Unresolved resonance parameters (flagurr) : n
 Preequilibrium (flagpreeq)                : n
 Multiple preequilibrium (flagmulpre)      : n
 Number of continuum excitation energy bins: 40

 ########### REACTION SUMMARY FOR E=   1.80000 ###########

 Center-of-mass energy:    1.791

 1. Total (binary) cross sections

 Total           = 5.63534E+03
   Shape elastic   = 3.36917E+03
   Reaction        = 2.26617E+03
     Compound elastic= 2.26395E+03
     Non-elastic     = 2.22241E+00
       Direct          = 0.00000E+00
       Pre-equilibrium = 0.00000E+00
       Compound non-el = 2.22241E+00
     Total elastic   = 5.63312E+03

 2. Binary non-elastic cross sections (non-exclusive)

 gamma   = 1.86655E+00
 neutron = 0.00000E+00
 proton  = 0.00000E+00
 deuteron= 0.00000E+00
 triton  = 0.00000E+00
 helium-3= 0.00000E+00
 alpha   = 0.00000E+00

 3. Total particle production cross sections

 gamma   = 2.32428E+00    Multiplicity= 1.04584E+00
 neutron = 7.63147E-02    Multiplicity= 3.43387E-02
 proton  = 0.00000E+00    Multiplicity= 0.00000E+00
 deuteron= 0.00000E+00    Multiplicity= 0.00000E+00
 triton  = 0.00000E+00    Multiplicity= 0.00000E+00
 helium-3= 0.00000E+00    Multiplicity= 0.00000E+00
 alpha   = 0.00000E+00    Multiplicity= 0.00000E+00

 4. Residual production cross sections

   a. Per isotope

   Z   A  nuclide    total     level   isomeric    isomeric    lifetime
                 cross section       cross section  ratio

   82 209 (209Pb) 1.79023E+00    0    1.79023E+00  1.00000
   82 208 (208Pb) 7.63147E-02    0    7.63147E-02  1.00000
   80 205 (205Hg) 1.00000E-07    0    0.00000E+00  0.00000
   80 204 (204Hg) 1.00000E-07    0    0.00000E+00  0.00000

   b. Per mass

   A  cross section

  209 1.79023E+00
  208 7.63147E-02

 Total residual production cross section:     1.8665433
 Non-elastic cross section              :     2.2224121

 5. Binary reactions to discrete levels and continuum

   (n,g)   cross sections:

 Inclusive:

 Level Energy    E-out     J/P       Direct    Compound      Total     Origin

  0   0.00000   5.72868    4.5+     0.00000     0.75864     0.75864          
  1   0.77889   4.94979    5.5+     0.00000     0.24919     0.24919          
  2   1.42264   4.30604    7.5-     0.00000     0.02784     0.02784          
  3   1.56709   4.16160    2.5+     0.00000     0.10458     0.10458          
  4   2.03221   3.69647    0.5+     0.00000     0.02040     0.02040          
  5   2.14943   3.57925    0.5-     0.00000     0.01752     0.01752          
  6   2.31593   3.41275    1.5-     0.00000     0.02824     0.02824          
  7   2.42400   3.30468    3.5-     0.00000     0.04642     0.04642          
  8   2.46100   3.26768    2.5-     0.00000     0.03450     0.03450          
  9   2.49100   3.23768    3.5+     0.00000     0.04072     0.04072          
 10   2.52493   3.20375    1.5-     0.00000     0.02154     0.02154          
                                  ---------   ---------   ---------
 Discrete    (n,g)  :               0.00000     1.34959     1.34959
 Continuum   (n,g)  :               0.00000     0.51696     0.51696
                                  ---------   ---------   ---------
 Total       (n,g)  :               0.00000     1.86655     1.86655


 Exclusive

 Discrete    (n,g)  :     1.34959
 Continuum   (n,g)  :     0.44064
 Total       (n,g)  :     1.79023

 6. Exclusive cross sections

 6a. Total exclusive cross sections 

     Emitted particles     cross section reaction         level    isomeric    isomeric    lifetime relative yield
    n   p   d   t   h   a                                        cross section   ratio
    0   0   0   0   0   0    1.79023E+00  (n,g)                                                     1.00000E+00
    0   0   0   0   0   1    1.00000E-07  (n,a)                                                     5.58588E-08
    1   0   0   0   0   1    1.00000E-07  (n,na)                                                    5.58588E-08
    0   0   0   0   0   2    1.00000E-07  (n,2a)                                                    5.58588E-08
    1   0   0   0   0   2    1.00000E-07  (n,n2a)                                                   5.58588E-08
    0   0   0   0   0   3    1.00000E-07  (n,3a)                                                    5.58588E-08

 Absorption cross section                 :     1.79023

 Sum over exclusive channel cross sections:     1.79023
 (n,gn) + (n,gp) +...(n,ga) cross sections:     0.07631
 Total                                    :     1.86654
 Non-elastic cross section                :     2.22241

 ########## RESULTS FOR E=   2.00000 ##########

 Energy dependent input flags

 Width fluctuations (flagwidth)            : y
 Unresolved resonance parameters (flagurr) : n
 Preequilibrium (flagpreeq)                : n
 Multiple preequilibrium (flagmulpre)      : n
 Number of continuum excitation energy bins: 40

 ########### REACTION SUMMARY FOR E=   2.00000 ###########

 Center-of-mass energy:    1.990

 1. Total (binary) cross sections

 Total           = 6.04738E+03
   Shape elastic   = 3.63538E+03
   Reaction        = 2.41200E+03
     Compound elastic= 2.40940E+03
     Non-elastic     = 2.59521E+00
       Direct          = 0.00000E+00
       Pre-equilibrium = 0.00000E+00
       Compound non-el = 2.59521E+00
     Total elastic   = 6.04478E+03

 2. Binary non-elastic cross sections (non-exclusive)

 gamma   = 2.24943E+00
 neutron = 0.00000E+00
 proton  = 0.00000E+00
 deuteron= 0.00000E+00
 triton  = 0.00000E+00
 helium-3= 0.00000E+00
 alpha   = 0.00000E+00

 3. Total particle production cross sections

 gamma   = 2.85089E+00    Multiplicity= 1.09852E+00
 neutron = 1.20914E-01    Multiplicity= 4.65912E-02
 proton  = 0.00000E+00    Multiplicity= 0.00000E+00
 deuteron= 0.00000E+00    Multiplicity= 0.00000E+00
 triton  = 0.00000E+00    Multiplicity= 0.00000E+00
 helium-3= 0.00000E+00    Multiplicity= 0.00000E+00
 alpha   = 0.00000E+00    Multiplicity= 0.00000E+00

 4. Residual production cross sections

   a. Per isotope

   Z   A  nuclide    total     level   isomeric    isomeric    lifetime
                 cross section       cross section  ratio

   82 209 (209Pb) 2.12851E+00    0    2.12851E+00  1.00000
   82 208 (208Pb) 1.20914E-01    0    1.20914E-01  1.00000
   80 205 (205Hg) 1.00000E-07    0    0.00000E+00  0.00000
   80 204 (204Hg) 1.00000E-07    0    0.00000E+00  0.00000

   b. Per mass

   A  cross section

  209 2.12851E+00
  208 1.20914E-01

 Total residual production cross section:     2.2494240
 Non-elastic cross section              :     2.5952148

 5. Binary reactions to discrete levels and continuum

   (n,g)   cross sections:

 Inclusive:

 Level Energy    E-out     J/P       Direct    Compound      Total     Origin

  0   0.00000   5.92771    4.5+     0.00000     0.85289     0.85289          
  1   0.77889   5.14882    5.5+     0.00000     0.29396     0.29396          
  2   1.42264   4.50507    7.5-     0.00000     0.03905     0.03905          
  3   1.56709   4.36063    2.5+     0.00000     0.11939     0.11939          
  4   2.03221   3.89550    0.5+     0.00000     0.02358     0.02358          
  5   2.14943   3.77828    0.5-     0.00000     0.02033     0.02033          
  6   2.31593   3.61178    1.5-     0.00000     0.03303     0.03303          
  7   2.42400   3.50371    3.5-     0.00000     0.05484     0.05484          
  8   2.46100   3.46671    2.5-     0.00000     0.04064     0.04064          
  9   2.49100   3.43671    3.5+     0.00000     0.04893     0.04893          
 10   2.52493   3.40278    1.5-     0.00000     0.02547     0.02547          
                                  ---------   ---------   ---------
 Discrete    (n,g)  :               0.00000     1.55209     1.55209
 Continuum   (n,g)  :               0.00000     0.69733     0.69733
                                  ---------   ---------   ---------
 Total       (n,g)  :               0.00000     2.24943     2.24943


 Exclusive

 Discrete    (n,g)  :     1.55209
 Continuum   (n,g)  :     0.57642
 Total       (n,g)  :     2.12851

 6. Exclusive cross sections

 6a. Total exclusive cross sections 

     Emitted particles     cross section reaction         level    isomeric    isomeric    lifetime relative yield
    n   p   d   t   h   a                                        cross section   ratio
    0   0   0   0   0   0    2.12851E+00  (n,g)                                                     1.00000E+00
    0   0   0   0   0   1    1.00000E-07  (n,a)                                                     4.69812E-08
    1   0   0   0   0   1    1.00000E-07  (n,na)                                                    4.69812E-08
    0   0   0   0   0   2    1.00000E-07  (n,2a)                                                    4.69812E-08
    1   0   0   0   0   2    1.00000E-07  (n,n2a)                                                   4.69812E-08
    0   0   0   0   0   3    1.00000E-07  (n,3a)                                                    4.69812E-08

 Absorption cross section                 :     2.12851

 Sum over exclusive channel cross sections:     2.12851
 (n,gn) + (n,gp) +...(n,ga) cross sections:     0.12091
 Total                                    :     2.24942
 Non-elastic cross section                :     2.59521

 ########## RESULTS FOR E=   2.20000 ##########

 Energy dependent input flags

 Width fluctuations (flagwidth)            : y
 Unresolved resonance parameters (flagurr) : n
 Preequilibrium (flagpreeq)                : n
 Multiple preequilibrium (flagmulpre)      : n
 Number of continuum excitation energy bins: 40

 ########### REACTION SUMMARY FOR E=   2.20000 ###########

 Center-of-mass energy:    2.189

 1. Total (binary) cross sections

 Total           = 6.43614E+03
   Shape elastic   = 3.90847E+03
   Reaction        = 2.52766E+03
     Compound elastic= 2.52461E+03
     Non-elastic     = 3.04663E+00
       Direct          = 0.00000E+00
       Pre-equilibrium = 0.00000E+00
       Compound non-el = 3.04663E+00
     Total elastic   = 6.43308E+03

 2. Binary non-elastic cross sections (non-exclusive)

 gamma   = 2.71404E+00
 neutron = 0.00000E+00
 proton  = 0.00000E+00
 deuteron= 0.00000E+00
 triton  = 0.00000E+00
 helium-3= 0.00000E+00
 alpha   = 0.00000E+00

 3. Total particle production cross sections

 gamma   = 3.49843E+00    Multiplicity= 1.14829E+00
 neutron = 1.86560E-01    Multiplicity= 6.12349E-02
 proton  = 0.00000E+00    Multiplicity= 0.00000E+00
 deuteron= 0.00000E+00    Multiplicity= 0.00000E+00
 triton  = 0.00000E+00    Multiplicity= 0.00000E+00
 helium-3= 0.00000E+00    Multiplicity= 0.00000E+00
 alpha   = 0.00000E+00    Multiplicity= 0.00000E+00

 4. Residual production cross sections

   a. Per isotope

   Z   A  nuclide    total     level   isomeric    isomeric    lifetime
                 cross section       cross section  ratio

   82 209 (209Pb) 2.52748E+00    0    2.52748E+00  1.00000
   82 208 (208Pb) 1.86560E-01    0    1.86560E-01  1.00000
   80 205 (205Hg) 1.00000E-07    0    0.00000E+00  0.00000
   80 204 (204Hg) 1.00000E-07    0    0.00000E+00  0.00000

   b. Per mass

   A  cross section

  209 2.52748E+00
  208 1.86560E-01

 Total residual production cross section:     2.7140403
 Non-elastic cross section              :     3.0466309

 5. Binary reactions to discrete levels and continuum

   (n,g)   cross sections:

 Inclusive:

 Level Energy    E-out     J/P       Direct    Compound      Total     Origin

  0   0.00000   6.12675    4.5+     0.00000     0.95494     0.95494          
  1   0.77889   5.34786    5.5+     0.00000     0.34550     0.34550          
  2   1.42264   4.70411    7.5-     0.00000     0.05179     0.05179          
  3   1.56709   4.55966    2.5+     0.00000     0.13646     0.13646          
  4   2.03221   4.09454    0.5+     0.00000     0.02732     0.02732          
  5   2.14943   3.97732    0.5-     0.00000     0.02366     0.02366          
  6   2.31593   3.81082    1.5-     0.00000     0.03866     0.03866          
  7   2.42400   3.70275    3.5-     0.00000     0.06470     0.06470          
  8   2.46100   3.66575    2.5-     0.00000     0.04787     0.04787          
  9   2.49100   3.63575    3.5+     0.00000     0.05853     0.05853          
 10   2.52493   3.60182    1.5-     0.00000     0.03008     0.03008          
                                  ---------   ---------   ---------
 Discrete    (n,g)  :               0.00000     1.77950     1.77950
 Continuum   (n,g)  :               0.00000     0.93454     0.93454
                                  ---------   ---------   ---------
 Total       (n,g)  :               0.00000     2.71404     2.71404


 Exclusive

 Discrete    (n,g)  :     1.77950
 Continuum   (n,g)  :     0.74798
 Total       (n,g)  :     2.52748

 6. Exclusive cross sections

 6a. Total exclusive cross sections 

     Emitted particles     cross section reaction         level    isomeric    isomeric    lifetime relative yield
    n   p   d   t   h   a                                        cross section   ratio
    0   0   0   0   0   0    2.52748E+00  (n,g)                                                     1.00000E+00
    0   0   0   0   0   1    1.00000E-07  (n,a)                                                     3.95651E-08
    1   0   0   0   0   1    1.00000E-07  (n,na)                                                    3.95651E-08
    0   0   0   0   0   2    1.00000E-07  (n,2a)                                                    3.95651E-08
    1   0   0   0   0   2    1.00000E-07  (n,n2a)                                                   3.95651E-08
    0   0   0   0   0   3    1.00000E-07  (n,3a)                                                    3.95651E-08

 Absorption cross section                 :     2.52748

 Sum over exclusive channel cross sections:     2.52748
 (n,gn) + (n,gp) +...(n,ga) cross sections:     0.18656
 Total                                    :     2.71404
 Non-elastic cross section                :     3.04663

 ########## RESULTS FOR E=   2.40000 ##########

 Energy dependent input flags

 Width fluctuations (flagwidth)            : y
 Unresolved resonance parameters (flagurr) : n
 Preequilibrium (flagpreeq)                : n
 Multiple preequilibrium (flagmulpre)      : n
 Number of continuum excitation energy bins: 40

 ########### REACTION SUMMARY FOR E=   2.40000 ###########

 Center-of-mass energy:    2.388

 1. Total (binary) cross sections

 Total           = 6.77265E+03
   Shape elastic   = 4.16337E+03
   Reaction        = 2.60928E+03
     Compound elastic= 2.60568E+03
     Non-elastic     = 3.60083E+00
       Direct          = 0.00000E+00
       Pre-equilibrium = 0.00000E+00
       Compound non-el = 3.60083E+00
     Total elastic   = 6.76905E+03

 2. Binary non-elastic cross sections (non-exclusive)

 gamma   = 3.28246E+00
 neutron = 0.00000E+00
 proton  = 0.00000E+00
 deuteron= 0.00000E+00
 triton  = 0.00000E+00
 helium-3= 0.00000E+00
 alpha   = 0.00000E+00

 3. Total particle production cross sections

 gamma   = 4.30138E+00    Multiplicity= 1.19455E+00
 neutron = 2.79545E-01    Multiplicity= 7.76336E-02
 proton  = 0.00000E+00    Multiplicity= 0.00000E+00
 deuteron= 0.00000E+00    Multiplicity= 0.00000E+00
 triton  = 0.00000E+00    Multiplicity= 0.00000E+00
 helium-3= 0.00000E+00    Multiplicity= 0.00000E+00
 alpha   = 0.00000E+00    Multiplicity= 0.00000E+00

 4. Residual production cross sections

   a. Per isotope

   Z   A  nuclide    total     level   isomeric    isomeric    lifetime
                 cross section       cross section  ratio

   82 209 (209Pb) 3.00291E+00    0    3.00291E+00  1.00000
   82 208 (208Pb) 2.79545E-01    0    2.79545E-01  1.00000
   80 205 (205Hg) 1.00000E-07    0    0.00000E+00  0.00000
   80 204 (204Hg) 1.00000E-07    0    0.00000E+00  0.00000

   b. Per mass

   A  cross section

  209 3.00291E+00
  208 2.79545E-01

 Total residual production cross section:     3.2824600
 Non-elastic cross section              :     3.6008301

 5. Binary reactions to discrete levels and continuum

   (n,g)   cross sections:

 Inclusive:

 Level Energy    E-out     J/P       Direct    Compound      Total     Origin

  0   0.00000   6.32578    4.5+     0.00000     1.06830     1.06830          
  1   0.77889   5.54689    5.5+     0.00000     0.40328     0.40328          
  2   1.42264   4.90314    7.5-     0.00000     0.06672     0.06672          
  3   1.56709   4.75869    2.5+     0.00000     0.15639     0.15639          
  4   2.03221   4.29357    0.5+     0.00000     0.03168     0.03168          
  5   2.14943   4.17635    0.5-     0.00000     0.02753     0.02753          
  6   2.31593   4.00985    1.5-     0.00000     0.04531     0.04531          
  7   2.42400   3.90178    3.5-     0.00000     0.07627     0.07627          
  8   2.46100   3.86478    2.5-     0.00000     0.05636     0.05636          
  9   2.49100   3.83478    3.5+     0.00000     0.06975     0.06975          
 10   2.52493   3.80085    1.5-     0.00000     0.03549     0.03549          
                                  ---------   ---------   ---------
 Discrete    (n,g)  :               0.00000     2.03708     2.03708
 Continuum   (n,g)  :               0.00000     1.24538     1.24538
                                  ---------   ---------   ---------
 Total       (n,g)  :               0.00000     3.28246     3.28246


 Exclusive

 Discrete    (n,g)  :     2.03708
 Continuum   (n,g)  :     0.96583
 Total       (n,g)  :     3.00291

 6. Exclusive cross sections

 6a. Total exclusive cross sections 

     Emitted particles     cross section reaction         level    isomeric    isomeric    lifetime relative yield
    n   p   d   t   h   a                                        cross section   ratio
    0   0   0   0   0   0    3.00291E+00  (n,g)                                                     1.00000E+00
    0   0   0   0   0   1    1.00000E-07  (n,a)                                                     3.33010E-08
    1   0   0   0   0   1    1.00000E-07  (n,na)                                                    3.33010E-08
    0   0   0   0   0   2    1.00000E-07  (n,2a)                                                    3.33010E-08
    1   0   0   0   0   2    1.00000E-07  (n,n2a)                                                   3.33010E-08
    0   0   0   0   0   3    1.00000E-07  (n,3a)                                                    3.33010E-08

 Absorption cross section                 :     3.00291

 Sum over exclusive channel cross sections:     3.00291
 (n,gn) + (n,gp) +...(n,ga) cross sections:     0.27955
 Total                                    :     3.28246
 Non-elastic cross section                :     3.60083

 ########## RESULTS FOR E=   2.60000 ##########

 Energy dependent input flags

 Width fluctuations (flagwidth)            : y
 Unresolved resonance parameters (flagurr) : n
 Preequilibrium (flagpreeq)                : n
 Multiple preequilibrium (flagmulpre)      : n
 Number of continuum excitation energy bins: 40

 ########### REACTION SUMMARY FOR E=   2.60000 ###########

 Center-of-mass energy:    2.587

 1. Total (binary) cross sections

 Total           = 7.04489E+03
   Shape elastic   = 4.38410E+03
   Reaction        = 2.66079E+03
     Compound elastic= 2.65650E+03
     Non-elastic     = 4.28638E+00
       Direct          = 0.00000E+00
       Pre-equilibrium = 0.00000E+00
       Compound non-el = 4.28638E+00
     Total elastic   = 7.04060E+03

 2. Binary non-elastic cross sections (non-exclusive)

 gamma   = 3.98200E+00
 neutron = 0.00000E+00
 proton  = 0.00000E+00
 deuteron= 0.00000E+00
 triton  = 0.00000E+00
 helium-3= 0.00000E+00
 alpha   = 0.00000E+00

 3. Total particle production cross sections

 gamma   = 5.30003E+00    Multiplicity= 1.23648E+00
 neutron = 4.09523E-01    Multiplicity= 9.55407E-02
 proton  = 0.00000E+00    Multiplicity= 0.00000E+00
 deuteron= 0.00000E+00    Multiplicity= 0.00000E+00
 triton  = 0.00000E+00    Multiplicity= 0.00000E+00
 helium-3= 0.00000E+00    Multiplicity= 0.00000E+00
 alpha   = 0.00000E+00    Multiplicity= 0.00000E+00

 4. Residual production cross sections

   a. Per isotope

   Z   A  nuclide    total     level   isomeric    isomeric    lifetime
                 cross section       cross section  ratio

   82 209 (209Pb) 3.57248E+00    0    3.57248E+00  1.00000
   82 208 (208Pb) 4.09524E-01    0    4.09524E-01  1.00000
   80 205 (205Hg) 1.00000E-07    0    0.00000E+00  0.00000
   80 204 (204Hg) 1.00000E-07    0    0.00000E+00  0.00000

   b. Per mass

   A  cross section

  209 3.57248E+00
  208 4.09524E-01

 Total residual production cross section:     3.9820020
 Non-elastic cross section              :     4.2863770

 5. Binary reactions to discrete levels and continuum

   (n,g)   cross sections:

 Inclusive:

 Level Energy    E-out     J/P       Direct    Compound      Total     Origin

  0   0.00000   6.52481    4.5+     0.00000     1.19315     1.19315          
  1   0.77889   5.74592    5.5+     0.00000     0.47227     0.47227          
  2   1.42264   5.10217    7.5-     0.00000     0.08434     0.08434          
  3   1.56709   4.95772    2.5+     0.00000     0.17906     0.17906          
  4   2.03221   4.49260    0.5+     0.00000     0.03671     0.03671          
  5   2.14943   4.37538    0.5-     0.00000     0.03204     0.03204          
  6   2.31593   4.20888    1.5-     0.00000     0.05304     0.05304          
  7   2.42400   4.10081    3.5-     0.00000     0.08973     0.08973          
  8   2.46100   4.06381    2.5-     0.00000     0.06631     0.06631          
  9   2.49100   4.03381    3.5+     0.00000     0.08289     0.08289          
 10   2.52493   3.99988    1.5-     0.00000     0.04187     0.04187          
                                  ---------   ---------   ---------
 Discrete    (n,g)  :               0.00000     2.33140     2.33140
 Continuum   (n,g)  :               0.00000     1.65061     1.65061
                                  ---------   ---------   ---------
 Total       (n,g)  :               0.00000     3.98200     3.98200


 Exclusive

 Discrete    (n,g)  :     2.33140
 Continuum   (n,g)  :     1.24108
 Total       (n,g)  :     3.57248

 6. Exclusive cross sections

 6a. Total exclusive cross sections 

     Emitted particles     cross section reaction         level    isomeric    isomeric    lifetime relative yield
    n   p   d   t   h   a                                        cross section   ratio
    0   0   0   0   0   0    3.57248E+00  (n,g)                                                     1.00000E+00
    0   0   0   0   0   1    1.00000E-07  (n,a)                                                     2.79918E-08
    1   0   0   0   0   1    1.00000E-07  (n,na)                                                    2.79918E-08
    0   0   0   0   0   2    1.00000E-07  (n,2a)                                                    2.79918E-08
    1   0   0   0   0   2    1.00000E-07  (n,n2a)                                                   2.79918E-08
    0   0   0   0   0   3    1.00000E-07  (n,3a)                                                    2.79918E-08

 Absorption cross section                 :     3.57248

 Sum over exclusive channel cross sections:     3.57248
 (n,gn) + (n,gp) +...(n,ga) cross sections:     0.40952
 Total                                    :     3.98200
 Non-elastic cross section                :     4.28638

 ########## RESULTS FOR E=   2.80000 ##########

 Energy dependent input flags

 Width fluctuations (flagwidth)            : y
 Unresolved resonance parameters (flagurr) : n
 Preequilibrium (flagpreeq)                : n
 Multiple preequilibrium (flagmulpre)      : n
 Number of continuum excitation energy bins: 40

 ########### REACTION SUMMARY FOR E=   2.80000 ###########

 Center-of-mass energy:    2.786

 1. Total (binary) cross sections

 Total           = 7.25226E+03
   Shape elastic   = 4.56293E+03
   Reaction        = 2.68933E+03
     Compound elastic= 2.36954E+03
     Non-elastic     = 3.19788E+02
       Direct          = 1.66622E+01
       Pre-equilibrium = 0.00000E+00
       Compound non-el = 3.03126E+02
     Total elastic   = 6.93247E+03

 2. Binary non-elastic cross sections (non-exclusive)

 gamma   = 3.59254E+00
 neutron = 3.16140E+02
 proton  = 0.00000E+00
 deuteron= 0.00000E+00
 triton  = 0.00000E+00
 helium-3= 0.00000E+00
 alpha   = 0.00000E+00

 3. Total particle production cross sections

 gamma   = 4.84825E+00    Multiplicity= 1.51608E-02
 neutron = 3.16557E+02    Multiplicity= 9.89896E-01
 proton  = 0.00000E+00    Multiplicity= 0.00000E+00
 deuteron= 0.00000E+00    Multiplicity= 0.00000E+00
 triton  = 0.00000E+00    Multiplicity= 0.00000E+00
 helium-3= 0.00000E+00    Multiplicity= 0.00000E+00
 alpha   = 0.00000E+00    Multiplicity= 0.00000E+00

 4. Residual production cross sections

   a. Per isotope

   Z   A  nuclide    total     level   isomeric    isomeric    lifetime
                 cross section       cross section  ratio

   82 209 (209Pb) 3.17563E+00    0    3.17563E+00  1.00000
   82 208 (208Pb) 3.16557E+02    0    3.16557E+02  1.00000
   80 205 (205Hg) 1.00000E-07    0    0.00000E+00  0.00000
   80 204 (204Hg) 1.00000E-07    0    0.00000E+00  0.00000

   b. Per mass

   A  cross section

  209 3.17563E+00
  208 3.16557E+02

 Total residual production cross section:   319.7326050
 Non-elastic cross section              :   319.7880859

 5. Binary reactions to discrete levels and continuum

   (n,g)   cross sections:

 Inclusive:

 Level Energy    E-out     J/P       Direct    Compound      Total     Origin

  0   0.00000   6.72384    4.5+     0.00000     0.99822     0.99822          
  1   0.77889   5.94495    5.5+     0.00000     0.43787     0.43787          
  2   1.42264   5.30120    7.5-     0.00000     0.09694     0.09694          
  3   1.56709   5.15676    2.5+     0.00000     0.15146     0.15146          
  4   2.03221   4.69163    0.5+     0.00000     0.03914     0.03914          
  5   2.14943   4.57441    0.5-     0.00000     0.03188     0.03188          
  6   2.31593   4.40791    1.5-     0.00000     0.04643     0.04643          
  7   2.42400   4.29984    3.5-     0.00000     0.05763     0.05763          
  8   2.46100   4.26284    2.5-     0.00000     0.04699     0.04699          
  9   2.49100   4.23284    3.5+     0.00000     0.06577     0.06577          
 10   2.52493   4.19891    1.5-     0.00000     0.03692     0.03692          
                                  ---------   ---------   ---------
 Discrete    (n,g)  :               0.00000     2.00924     2.00924
 Continuum   (n,g)  :               0.00000     1.58330     1.58330
                                  ---------   ---------   ---------
 Total       (n,g)  :               0.00000     3.59254     3.59254


 Exclusive

 Discrete    (n,g)  :     2.00924
 Continuum   (n,g)  :     1.16639
 Total       (n,g)  :     3.17563

 Inelastic cross sections:

 Inclusive:

 Level Energy    E-out     J/P       Direct    Compound      Total     Origin

  1   2.61452   0.17194    3.0-    16.66220   299.47787   316.14008    Direct
  2   3.19771  -0.41125    5.0-     0.00000     0.00000     0.00000          
  3   3.47508  -0.68861    4.0-     0.00000     0.00000     0.00000          
  4   3.70845  -0.92199    5.0-     0.00000     0.00000     0.00000          
  5   3.91997  -1.13350    6.0-     0.00000     0.00000     0.00000          
  6   3.94658  -1.16011    4.0-     0.00000     0.00000     0.00000          
  7   3.96116  -1.17470    5.0-     0.00000     0.00000     0.00000          
  8   3.99544  -1.20897    4.0-     0.00000     0.00000     0.00000          
  9   4.03744  -1.25098    7.0-     0.00000     0.00000     0.00000          
 10   4.05113  -1.26467    3.0-     0.00000     0.00000     0.00000          
 11   4.08552  -1.29905    2.0+     0.00000     0.00000     0.00000          
 12   4.12535  -1.33888    5.0-     0.00000     0.00000     0.00000          
 13   4.14400  -1.35753    1.0+     0.00000     0.00000     0.00000          
 14   4.18041  -1.39395    5.0-     0.00000     0.00000     0.00000          
 15   4.20628  -1.41981    6.0-     0.00000     0.00000     0.00000          
                                  ---------   ---------   ---------
 Discrete  Inelastic:              16.66220   299.47787   316.14008
 Continuum Inelastic:               0.00000     0.00000     0.00000
                                  ---------   ---------   ---------
 Total     Inelastic:              16.66220   299.47787   316.14008

 (n,gn) cross section:     0.41691

 Exclusive

 Discrete  Inelastic:   316.14008
 Continuum Inelastic:     0.00000
 Total     Inelastic:   316.14008

 6. Exclusive cross sections

 6a. Total exclusive cross sections 

     Emitted particles     cross section reaction         level    isomeric    isomeric    lifetime relative yield
    n   p   d   t   h   a                                        cross section   ratio
    0   0   0   0   0   0    3.17563E+00  (n,g)                                                     9.94511E-03
    1   0   0   0   0   0    3.16140E+02  (n,n')                                                    9.90055E-01
    0   0   0   0   0   1    1.00000E-07  (n,a)                                                     3.13170E-10
    1   0   0   0   0   1    1.00000E-07  (n,na)                                                    3.13170E-10
    0   0   0   0   0   2    1.00000E-07  (n,2a)                                                    3.13170E-10
    1   0   0   0   0   2    1.00000E-07  (n,n2a)                                                   3.13170E-10
    0   0   0   0   0   3    1.00000E-07  (n,3a)                                                    3.13170E-10

 Absorption cross section                 :     3.17563

 Sum over exclusive channel cross sections:   319.31570
 (n,gn) + (n,gp) +...(n,ga) cross sections:     0.41691
 Total                                    :   319.73260
 Non-elastic cross section                :   319.78809

 ########## RESULTS FOR E=   3.00000 ##########

 Energy dependent input flags

 Width fluctuations (flagwidth)            : y
 Unresolved resonance parameters (flagurr) : n
 Preequilibrium (flagpreeq)                : n
 Multiple preequilibrium (flagmulpre)      : n
 Number of continuum excitation energy bins: 40

 ########### REACTION SUMMARY FOR E=   3.00000 ###########

 Center-of-mass energy:    2.985

 1. Total (binary) cross sections

 Total           = 7.40034E+03
   Shape elastic   = 4.69805E+03
   Reaction        = 2.70228E+03
     Compound elastic= 2.18499E+03
     Non-elastic     = 5.17288E+02
       Direct          = 2.43739E+01
       Pre-equilibrium = 0.00000E+00
       Compound non-el = 4.92914E+02
     Total elastic   = 6.88304E+03

 2. Binary non-elastic cross sections (non-exclusive)

 gamma   = 3.55692E+00
 neutron = 5.13703E+02
 proton  = 0.00000E+00
 deuteron= 0.00000E+00
 triton  = 0.00000E+00
 helium-3= 0.00000E+00
 alpha   = 0.00000E+00

 3. Total particle production cross sections

 gamma   = 4.85312E+00    Multiplicity= 9.38186E-03
 neutron = 5.14187E+02    Multiplicity= 9.94005E-01
 proton  = 0.00000E+00    Multiplicity= 0.00000E+00
 deuteron= 0.00000E+00    Multiplicity= 0.00000E+00
 triton  = 0.00000E+00    Multiplicity= 0.00000E+00
 helium-3= 0.00000E+00    Multiplicity= 0.00000E+00
 alpha   = 0.00000E+00    Multiplicity= 0.00000E+00

 4. Residual production cross sections

   a. Per isotope

   Z   A  nuclide    total     level   isomeric    isomeric    lifetime
                 cross section       cross section  ratio

   82 209 (209Pb) 3.07259E+00    0    3.07259E+00  1.00000
   82 208 (208Pb) 5.14187E+02    0    5.14187E+02  1.00000
   80 205 (205Hg) 1.00000E-07    0    0.00000E+00  0.00000
   80 204 (204Hg) 1.00000E-07    0    0.00000E+00  0.00000

   b. Per mass

   A  cross section

  209 3.07259E+00
  208 5.14187E+02

 Total residual production cross section:   517.2595215
 Non-elastic cross section              :   517.2880859

 5. Binary reactions to discrete levels and continuum

   (n,g)   cross sections:

 Inclusive:

 Level Energy    E-out     J/P       Direct    Compound      Total     Origin

  0   0.00000   6.92287    4.5+     0.00000     0.91190     0.91190          
  1   0.77889   6.14398    5.5+     0.00000     0.41219     0.41219          
  2   1.42264   5.50024    7.5-     0.00000     0.09290     0.09290          
  3   1.56709   5.35579    2.5+     0.00000     0.15025     0.15025          
  4   2.03221   4.89067    0.5+     0.00000     0.04013     0.04013          
  5   2.14943   4.77345    0.5-     0.00000     0.03313     0.03313          
  6   2.31593   4.60695    1.5-     0.00000     0.04603     0.04603          
  7   2.42400   4.49887    3.5-     0.00000     0.05198     0.05198          
  8   2.46100   4.46187    2.5-     0.00000     0.04377     0.04377          
  9   2.49100   4.43188    3.5+     0.00000     0.06332     0.06332          
 10   2.52493   4.39794    1.5-     0.00000     0.03684     0.03684          
                                  ---------   ---------   ---------
 Discrete    (n,g)  :               0.00000     1.88246     1.88246
 Continuum   (n,g)  :               0.00000     1.67447     1.67447
                                  ---------   ---------   ---------
 Total       (n,g)  :               0.00000     3.55692     3.55692


 Exclusive

 Discrete    (n,g)  :     1.88246
 Continuum   (n,g)  :     1.19014
 Total       (n,g)  :     3.07259

 Inelastic cross sections:

 Inclusive:

 Level Energy    E-out     J/P       Direct    Compound      Total     Origin

  1   2.61452   0.37098    3.0-    24.37390   489.32867   513.70258    Direct
  2   3.19771  -0.21221    5.0-     0.00000     0.00000     0.00000          
  3   3.47508  -0.48958    4.0-     0.00000     0.00000     0.00000          
  4   3.70845  -0.72295    5.0-     0.00000     0.00000     0.00000          
  5   3.91997  -0.93447    6.0-     0.00000     0.00000     0.00000          
  6   3.94658  -0.96108    4.0-     0.00000     0.00000     0.00000          
  7   3.96116  -0.97566    5.0-     0.00000     0.00000     0.00000          
  8   3.99544  -1.00994    4.0-     0.00000     0.00000     0.00000          
  9   4.03744  -1.05195    7.0-     0.00000     0.00000     0.00000          
 10   4.05113  -1.06564    3.0-     0.00000     0.00000     0.00000          
 11   4.08552  -1.10002    2.0+     0.00000     0.00000     0.00000          
 12   4.12535  -1.13985    5.0-     0.00000     0.00000     0.00000          
 13   4.14400  -1.15850    1.0+     0.00000     0.00000     0.00000          
 14   4.18041  -1.19492    5.0-     0.00000     0.00000     0.00000          
 15   4.20628  -1.22078    6.0-     0.00000     0.00000     0.00000          
                                  ---------   ---------   ---------
 Discrete  Inelastic:              24.37390   489.32867   513.70258
 Continuum Inelastic:               0.00000     0.00000     0.00000
                                  ---------   ---------   ---------
 Total     Inelastic:              24.37390   489.32867   513.70251

 (n,gn) cross section:     0.48433

 Exclusive

 Discrete  Inelastic:   513.70258
 Continuum Inelastic:     0.00000
 Total     Inelastic:   513.70258

 6. Exclusive cross sections

 6a. Total exclusive cross sections 

     Emitted particles     cross section reaction         level    isomeric    isomeric    lifetime relative yield
    n   p   d   t   h   a                                        cross section   ratio
    0   0   0   0   0   0    3.07259E+00  (n,g)                                                     5.94571E-03
    1   0   0   0   0   0    5.13703E+02  (n,n')                                                    9.94054E-01
    0   0   0   0   0   1    1.00000E-07  (n,a)                                                     1.93508E-10
    1   0   0   0   0   1    1.00000E-07  (n,na)                                                    1.93508E-10
    0   0   0   0   0   2    1.00000E-07  (n,2a)                                                    1.93508E-10
    1   0   0   0   0   2    1.00000E-07  (n,n2a)                                                   1.93508E-10
    0   0   0   0   0   3    1.00000E-07  (n,3a)                                                    1.93508E-10

 Absorption cross section                 :     3.07259

 Sum over exclusive channel cross sections:   516.77515
 (n,gn) + (n,gp) +...(n,ga) cross sections:     0.48433
 Total                                    :   517.25946
 Non-elastic cross section                :   517.28809

 ########## RESULTS FOR E=   3.20000 ##########

 Energy dependent input flags

 Width fluctuations (flagwidth)            : y
 Unresolved resonance parameters (flagurr) : n
 Preequilibrium (flagpreeq)                : n
 Multiple preequilibrium (flagmulpre)      : n
 Number of continuum excitation energy bins: 40

 ########### REACTION SUMMARY FOR E=   3.20000 ###########

 Center-of-mass energy:    3.185

 1. Total (binary) cross sections

 Total           = 7.49731E+03
   Shape elastic   = 4.79124E+03
   Reaction        = 2.70607E+03
     Compound elastic= 2.03947E+03
     Non-elastic     = 6.66597E+02
       Direct          = 2.99553E+01
       Pre-equilibrium = 0.00000E+00
       Compound non-el = 6.36641E+02
     Total elastic   = 6.83071E+03

 2. Binary non-elastic cross sections (non-exclusive)

 gamma   = 3.76380E+00
 neutron = 6.62818E+02
 proton  = 0.00000E+00
 deuteron= 0.00000E+00
 triton  = 0.00000E+00
 helium-3= 0.00000E+00
 alpha   = 0.00000E+00

 3. Total particle production cross sections

 gamma   = 5.17864E+00    Multiplicity= 7.76877E-03
 neutron = 6.63411E+02    Multiplicity= 9.95220E-01
 proton  = 0.00000E+00    Multiplicity= 0.00000E+00
 deuteron= 0.00000E+00    Multiplicity= 0.00000E+00
 triton  = 0.00000E+00    Multiplicity= 0.00000E+00
 helium-3= 0.00000E+00    Multiplicity= 0.00000E+00
 alpha   = 0.00000E+00    Multiplicity= 0.00000E+00

 4. Residual production cross sections

   a. Per isotope

   Z   A  nuclide    total     level   isomeric    isomeric    lifetime
                 cross section       cross section  ratio

   82 209 (209Pb) 3.17101E+00    0    3.17101E+00  1.00000
   82 208 (208Pb) 6.63410E+02    0    6.63410E+02  1.00000
   80 205 (205Hg) 1.00000E-07    0    0.00000E+00  0.00000
   80 204 (204Hg) 1.00000E-07    0    0.00000E+00  0.00000

   b. Per mass

   A  cross section

  209 3.17101E+00
  208 6.63410E+02

 Total residual production cross section:   666.5814819
 Non-elastic cross section              :   666.5968018

 5. Binary reactions to discrete levels and continuum

   (n,g)   cross sections:

 Inclusive:

 Level Energy    E-out     J/P       Direct    Compound      Total     Origin

  0   0.00000   7.12191    4.5+     0.00000     0.90330     0.90330          
  1   0.77889   6.34302    5.5+     0.00000     0.41336     0.41336          
  2   1.42264   5.69927    7.5-     0.00000     0.08951     0.08951          
  3   1.56709   5.55482    2.5+     0.00000     0.15485     0.15485          
  4   2.03221   5.08970    0.5+     0.00000     0.04205     0.04205          
  5   2.14943   4.97248    0.5-     0.00000     0.03484     0.03484          
  6   2.31593   4.80598    1.5-     0.00000     0.04765     0.04765          
  7   2.42400   4.69791    3.5-     0.00000     0.05203     0.05203          
  8   2.46100   4.66091    2.5-     0.00000     0.04431     0.04431          
  9   2.49100   4.63091    3.5+     0.00000     0.06644     0.06644          
 10   2.52493   4.59698    1.5-     0.00000     0.03833     0.03833          
                                  ---------   ---------   ---------
 Discrete    (n,g)  :               0.00000     1.88668     1.88668
 Continuum   (n,g)  :               0.00000     1.87712     1.87712
                                  ---------   ---------   ---------
 Total       (n,g)  :               0.00000     3.76380     3.76380


 Exclusive

 Discrete    (n,g)  :     1.88668
 Continuum   (n,g)  :     1.28433
 Total       (n,g)  :     3.17101

 Inelastic cross sections:

 Inclusive:

 Level Energy    E-out     J/P       Direct    Compound      Total     Origin

  1   2.61452   0.57001    3.0-    29.95530   632.86237   662.81769    Direct
  2   3.19771  -0.01318    5.0-     0.00000     0.00000     0.00000          
  3   3.47508  -0.29055    4.0-     0.00000     0.00000     0.00000          
  4   3.70845  -0.52392    5.0-     0.00000     0.00000     0.00000          
  5   3.91997  -0.73544    6.0-     0.00000     0.00000     0.00000          
  6   3.94658  -0.76205    4.0-     0.00000     0.00000     0.00000          
  7   3.96116  -0.77663    5.0-     0.00000     0.00000     0.00000          
  8   3.99544  -0.81091    4.0-     0.00000     0.00000     0.00000          
  9   4.03744  -0.85291    7.0-     0.00000     0.00000     0.00000          
 10   4.05113  -0.86661    3.0-     0.00000     0.00000     0.00000          
 11   4.08552  -0.90099    2.0+     0.00000     0.00000     0.00000          
 12   4.12535  -0.94082    5.0-     0.00000     0.00000     0.00000          
 13   4.14400  -0.95947    1.0+     0.00000     0.00000     0.00000          
 14   4.18041  -0.99589    5.0-     0.00000     0.00000     0.00000          
 15   4.20628  -1.02175    6.0-     0.00000     0.00000     0.00000          
                                  ---------   ---------   ---------
 Discrete  Inelastic:              29.95530   632.86237   662.81769
 Continuum Inelastic:               0.00000     0.00000     0.00000
                                  ---------   ---------   ---------
 Total     Inelastic:              29.95530   632.86237   662.81775

 (n,gn) cross section:     0.59279

 Exclusive

 Discrete  Inelastic:   662.81769
 Continuum Inelastic:     0.00000
 Total     Inelastic:   662.81769

 6. Exclusive cross sections

 6a. Total exclusive cross sections 

     Emitted particles     cross section reaction         level    isomeric    isomeric    lifetime relative yield
    n   p   d   t   h   a                                        cross section   ratio
    0   0   0   0   0   0    3.17101E+00  (n,g)                                                     4.76136E-03
    1   0   0   0   0   0    6.62818E+02  (n,n')                                                    9.95239E-01
    0   0   0   0   0   1    1.00000E-07  (n,a)                                                     1.50153E-10
    1   0   0   0   0   1    1.00000E-07  (n,na)                                                    1.50153E-10
    0   0   0   0   0   2    1.00000E-07  (n,2a)                                                    1.50153E-10
    1   0   0   0   0   2    1.00000E-07  (n,n2a)                                                   1.50153E-10
    0   0   0   0   0   3    1.00000E-07  (n,3a)                                                    1.50153E-10

 Absorption cross section                 :     3.17101

 Sum over exclusive channel cross sections:   665.98871
 (n,gn) + (n,gp) +...(n,ga) cross sections:     0.59279
 Total                                    :   666.58148
 Non-elastic cross section                :   666.59680

 ########## RESULTS FOR E=   3.40000 ##########

 Energy dependent input flags

 Width fluctuations (flagwidth)            : y
 Unresolved resonance parameters (flagurr) : n
 Preequilibrium (flagpreeq)                : n
 Multiple preequilibrium (flagmulpre)      : n
 Number of continuum excitation energy bins: 40

 ########### REACTION SUMMARY FOR E=   3.40000 ###########

 Center-of-mass energy:    3.384

 1. Total (binary) cross sections

 Total           = 7.55196E+03
   Shape elastic   = 4.84612E+03
   Reaction        = 2.70584E+03
     Compound elastic= 1.82967E+03
     Non-elastic     = 8.76167E+02
       Direct          = 3.53139E+01
       Pre-equilibrium = 0.00000E+00
       Compound non-el = 8.40853E+02
     Total elastic   = 6.67579E+03

 2. Binary non-elastic cross sections (non-exclusive)

 gamma   = 3.04699E+00
 neutron = 8.73114E+02
 proton  = 0.00000E+00
 deuteron= 0.00000E+00
 triton  = 0.00000E+00
 helium-3= 0.00000E+00
 alpha   = 0.00000E+00

 3. Total particle production cross sections

 gamma   = 4.10441E+00    Multiplicity= 4.68451E-03
 neutron = 8.73732E+02    Multiplicity= 9.97221E-01
 proton  = 0.00000E+00    Multiplicity= 0.00000E+00
 deuteron= 0.00000E+00    Multiplicity= 0.00000E+00
 triton  = 0.00000E+00    Multiplicity= 0.00000E+00
 helium-3= 0.00000E+00    Multiplicity= 0.00000E+00
 alpha   = 0.00000E+00    Multiplicity= 0.00000E+00

 4. Residual production cross sections

   a. Per isotope

   Z   A  nuclide    total     level   isomeric    isomeric    lifetime
                 cross section       cross section  ratio

   82 209 (209Pb) 2.42895E+00    0    2.42895E+00  1.00000
   82 208 (208Pb) 8.73732E+02    0    8.73732E+02  1.00000
   80 205 (205Hg) 1.00000E-07    0    0.00000E+00  0.00000
   80 204 (204Hg) 1.00000E-07    0    0.00000E+00  0.00000

   b. Per mass

   A  cross section

  209 2.42895E+00
  208 8.73732E+02

 Total residual production cross section:   876.1610107
 Non-elastic cross section              :   876.1668701

 5. Binary reactions to discrete levels and continuum

   (n,g)   cross sections:

 Inclusive:

 Level Energy    E-out     J/P       Direct    Compound      Total     Origin

  0   0.00000   7.32094    4.5+     0.00000     0.69518     0.69518          
  1   0.77889   6.54205    5.5+     0.00000     0.24225     0.24225          
  2   1.42264   5.89830    7.5-     0.00000     0.04142     0.04142          
  3   1.56709   5.75385    2.5+     0.00000     0.16074     0.16074          
  4   2.03221   5.28873    0.5+     0.00000     0.04483     0.04483          
  5   2.14943   5.17151    0.5-     0.00000     0.03659     0.03659          
  6   2.31593   5.00501    1.5-     0.00000     0.04974     0.04974          
  7   2.42400   4.89694    3.5-     0.00000     0.04648     0.04648          
  8   2.46100   4.85994    2.5-     0.00000     0.04483     0.04483          
  9   2.49100   4.82994    3.5+     0.00000     0.06415     0.06415          
 10   2.52493   4.79601    1.5-     0.00000     0.04025     0.04025          
                                  ---------   ---------   ---------
 Discrete    (n,g)  :               0.00000     1.46647     1.46647
 Continuum   (n,g)  :               0.00000     1.58053     1.58053
                                  ---------   ---------   ---------
 Total       (n,g)  :               0.00000     3.04699     3.04699


 Exclusive

 Discrete    (n,g)  :     1.46647
 Continuum   (n,g)  :     0.96249
 Total       (n,g)  :     2.42895

 Inelastic cross sections:

 Inclusive:

 Level Energy    E-out     J/P       Direct    Compound      Total     Origin

  1   2.61452   0.76904    3.0-    33.93230   701.65179   735.58411    Direct
  2   3.19771   0.18585    5.0-     1.38161   136.14832   137.52992    Direct
  3   3.47508  -0.09152    4.0-     0.00000     0.00000     0.00000          
  4   3.70845  -0.32489    5.0-     0.00000     0.00000     0.00000          
  5   3.91997  -0.53641    6.0-     0.00000     0.00000     0.00000          
  6   3.94658  -0.56302    4.0-     0.00000     0.00000     0.00000          
  7   3.96116  -0.57760    5.0-     0.00000     0.00000     0.00000          
  8   3.99544  -0.61188    4.0-     0.00000     0.00000     0.00000          
  9   4.03744  -0.65388    7.0-     0.00000     0.00000     0.00000          
 10   4.05113  -0.66757    3.0-     0.00000     0.00000     0.00000          
 11   4.08552  -0.70196    2.0+     0.00000     0.00000     0.00000          
 12   4.12535  -0.74179    5.0-     0.00000     0.00000     0.00000          
 13   4.14400  -0.76044    1.0+     0.00000     0.00000     0.00000          
 14   4.18041  -0.79685    5.0-     0.00000     0.00000     0.00000          
 15   4.20628  -0.82272    6.0-     0.00000     0.00000     0.00000          
                                  ---------   ---------   ---------
 Discrete  Inelastic:              35.31391   837.80011   873.11401
 Continuum Inelastic:               0.00000     0.00000     0.00000
                                  ---------   ---------   ---------
 Total     Inelastic:              35.31391   837.80011   873.11401

 (n,gn) cross section:     0.61804

 Exclusive

 Discrete  Inelastic:   873.11401
 Continuum Inelastic:     0.00000
 Total     Inelastic:   873.11401

 6. Exclusive cross sections

 6a. Total exclusive cross sections 

     Emitted particles     cross section reaction         level    isomeric    isomeric    lifetime relative yield
    n   p   d   t   h   a                                        cross section   ratio
    0   0   0   0   0   0    2.42895E+00  (n,g)                                                     2.77422E-03
    1   0   0   0   0   0    8.73114E+02  (n,n')                                                    9.97226E-01
    0   0   0   0   0   1    1.00000E-07  (n,a)                                                     1.14215E-10
    1   0   0   0   0   1    1.00000E-07  (n,na)                                                    1.14215E-10
    0   0   0   0   0   2    1.00000E-07  (n,2a)                                                    1.14215E-10
    1   0   0   0   0   2    1.00000E-07  (n,n2a)                                                   1.14215E-10
    0   0   0   0   0   3    1.00000E-07  (n,3a)                                                    1.14215E-10

 Absorption cross section                 :     2.42895

 Sum over exclusive channel cross sections:   875.54297
 (n,gn) + (n,gp) +...(n,ga) cross sections:     0.61804
 Total                                    :   876.16101
 Non-elastic cross section                :   876.16687

 ########## RESULTS FOR E=   3.60000 ##########

 Energy dependent input flags

 Width fluctuations (flagwidth)            : y
 Unresolved resonance parameters (flagurr) : n
 Preequilibrium (flagpreeq)                : n
 Multiple preequilibrium (flagmulpre)      : n
 Number of continuum excitation energy bins: 40

 ########### REACTION SUMMARY FOR E=   3.60000 ###########

 Center-of-mass energy:    3.583

 1. Total (binary) cross sections

 Total           = 7.57260E+03
   Shape elastic   = 4.86741E+03
   Reaction        = 2.70519E+03
     Compound elastic= 1.63232E+03
     Non-elastic     = 1.07287E+03
       Direct          = 3.96477E+01
       Pre-equilibrium = 0.00000E+00
       Compound non-el = 1.03323E+03
     Total elastic   = 6.49973E+03

 2. Binary non-elastic cross sections (non-exclusive)

 gamma   = 2.99700E+00
 neutron = 1.06987E+03
 proton  = 0.00000E+00
 deuteron= 0.00000E+00
 triton  = 0.00000E+00
 helium-3= 0.00000E+00
 alpha   = 0.00000E+00

 3. Total particle production cross sections

 gamma   = 4.02572E+00    Multiplicity= 3.75227E-03
 neutron = 1.07057E+03    Multiplicity= 9.97855E-01
 proton  = 0.00000E+00    Multiplicity= 0.00000E+00
 deuteron= 0.00000E+00    Multiplicity= 0.00000E+00
 triton  = 0.00000E+00    Multiplicity= 0.00000E+00
 helium-3= 0.00000E+00    Multiplicity= 0.00000E+00
 alpha   = 0.00000E+00    Multiplicity= 0.00000E+00

 4. Residual production cross sections

   a. Per isotope

   Z   A  nuclide    total     level   isomeric    isomeric    lifetime
                 cross section       cross section  ratio

   82 209 (209Pb) 2.29746E+00    0    2.29746E+00  1.00000
   82 208 (208Pb) 1.07057E+03    0    1.07057E+03  1.00000
   80 205 (205Hg) 1.00000E-07    0    0.00000E+00  0.00000
   80 204 (204Hg) 1.00000E-07    0    0.00000E+00  0.00000

   b. Per mass

   A  cross section

  209 2.29746E+00
  208 1.07057E+03

 Total residual production cross section:  1072.8710938
 Non-elastic cross section              :  1072.8747559

 5. Binary reactions to discrete levels and continuum

   (n,g)   cross sections:

 Inclusive:

 Level Energy    E-out     J/P       Direct    Compound      Total     Origin

  0   0.00000   7.51997    4.5+     0.00000     0.63051     0.63051          
  1   0.77889   6.74108    5.5+     0.00000     0.21167     0.21167          
  2   1.42264   6.09733    7.5-     0.00000     0.02937     0.02937          
  3   1.56709   5.95288    2.5+     0.00000     0.16103     0.16103          
  4   2.03221   5.48776    0.5+     0.00000     0.04817     0.04817          
  5   2.14943   5.37054    0.5-     0.00000     0.03790     0.03790          
  6   2.31593   5.20404    1.5-     0.00000     0.05130     0.05130          
  7   2.42400   5.09597    3.5-     0.00000     0.04309     0.04309          
  8   2.46100   5.05897    2.5-     0.00000     0.04460     0.04460          
  9   2.49100   5.02897    3.5+     0.00000     0.06288     0.06288          
 10   2.52493   4.99504    1.5-     0.00000     0.04157     0.04157          
                                  ---------   ---------   ---------
 Discrete    (n,g)  :               0.00000     1.36209     1.36209
 Continuum   (n,g)  :               0.00000     1.63490     1.63490
                                  ---------   ---------   ---------
 Total       (n,g)  :               0.00000     2.99700     2.99700


 Exclusive

 Discrete    (n,g)  :     1.36209
 Continuum   (n,g)  :     0.93536
 Total       (n,g)  :     2.29746

 Inelastic cross sections:

 Inclusive:

 Level Energy    E-out     J/P       Direct    Compound      Total     Origin

  1   2.61452   0.96807    3.0-    36.79940   730.87939   767.67877    Direct
  2   3.19771   0.38488    5.0-     2.84825   212.50911   215.35736    Direct
  3   3.47508   0.10751    4.0-     0.00000    86.83795    86.83795          
  4   3.70845  -0.12586    5.0-     0.00000     0.00000     0.00000          
  5   3.91997  -0.33737    6.0-     0.00000     0.00000     0.00000          
  6   3.94658  -0.36399    4.0-     0.00000     0.00000     0.00000          
  7   3.96116  -0.37857    5.0-     0.00000     0.00000     0.00000          
  8   3.99544  -0.41285    4.0-     0.00000     0.00000     0.00000          
  9   4.03744  -0.45485    7.0-     0.00000     0.00000     0.00000          
 10   4.05113  -0.46854    3.0-     0.00000     0.00000     0.00000          
 11   4.08552  -0.50293    2.0+     0.00000     0.00000     0.00000          
 12   4.12535  -0.54276    5.0-     0.00000     0.00000     0.00000          
 13   4.14400  -0.56141    1.0+     0.00000     0.00000     0.00000          
 14   4.18041  -0.59782    5.0-     0.00000     0.00000     0.00000          
 15   4.20628  -0.62369    6.0-     0.00000     0.00000     0.00000          
                                  ---------   ---------   ---------
 Discrete  Inelastic:              39.64765  1030.22644  1069.87402
 Continuum Inelastic:               0.00000     0.00000     0.00000
                                  ---------   ---------   ---------
 Total     Inelastic:              39.64765  1030.22644  1069.87415

 (n,gn) cross section:     0.69954

 Exclusive

 Discrete  Inelastic:  1069.87402
 Continuum Inelastic:     0.00000
 Total     Inelastic:  1069.87402

 6. Exclusive cross sections

 6a. Total exclusive cross sections 

     Emitted particles     cross section reaction         level    isomeric    isomeric    lifetime relative yield
    n   p   d   t   h   a                                        cross section   ratio
    0   0   0   0   0   0    2.29746E+00  (n,g)                                                     2.14281E-03
    1   0   0   0   0   0    1.06987E+03  (n,n')                                                    9.97857E-01
    0   0   0   0   0   1    1.00000E-07  (n,a)                                                     9.32687E-11
    1   0   0   0   0   1    1.00000E-07  (n,na)                                                    9.32687E-11
    0   0   0   0   0   2    1.00000E-07  (n,2a)                                                    9.32687E-11
    1   0   0   0   0   2    1.00000E-07  (n,n2a)                                                   9.32687E-11
    0   0   0   0   0   3    1.00000E-07  (n,3a)                                                    9.32687E-11

 Absorption cross section                 :     2.29746

 Sum over exclusive channel cross sections:  1072.17151
 (n,gn) + (n,gp) +...(n,ga) cross sections:     0.69954
 Total                                    :  1072.87109
 Non-elastic cross section                :  1072.87476

 ########## RESULTS FOR E=   3.80000 ##########

 Energy dependent input flags

 Width fluctuations (flagwidth)            : y
 Unresolved resonance parameters (flagurr) : n
 Preequilibrium (flagpreeq)                : n
 Multiple preequilibrium (flagmulpre)      : n
 Number of continuum excitation energy bins: 40

 ########### REACTION SUMMARY FOR E=   3.80000 ###########

 Center-of-mass energy:    3.782

 1. Total (binary) cross sections

 Total           = 7.56594E+03
   Shape elastic   = 4.85985E+03
   Reaction        = 2.70609E+03
     Compound elastic= 1.44437E+03
     Non-elastic     = 1.26172E+03
       Direct          = 4.32260E+01
       Pre-equilibrium = 0.00000E+00
       Compound non-el = 1.21849E+03
     Total elastic   = 6.30422E+03

 2. Binary non-elastic cross sections (non-exclusive)

 gamma   = 2.97960E+00
 neutron = 1.25874E+03
 proton  = 0.00000E+00
 deuteron= 0.00000E+00
 triton  = 0.00000E+00
 helium-3= 0.00000E+00
 alpha   = 0.00000E+00

 3. Total particle production cross sections

 gamma   = 3.97883E+00    Multiplicity= 3.15350E-03
 neutron = 1.25954E+03    Multiplicity= 9.98272E-01
 proton  = 0.00000E+00    Multiplicity= 0.00000E+00
 deuteron= 0.00000E+00    Multiplicity= 0.00000E+00
 triton  = 0.00000E+00    Multiplicity= 0.00000E+00
 helium-3= 0.00000E+00    Multiplicity= 0.00000E+00
 alpha   = 0.00000E+00    Multiplicity= 0.00000E+00

 4. Residual production cross sections

   a. Per isotope

   Z   A  nuclide    total     level   isomeric    isomeric    lifetime
                 cross section       cross section  ratio

   82 209 (209Pb) 2.17793E+00    0    2.17793E+00  1.00000
   82 208 (208Pb) 1.25954E+03    0    1.25954E+03  1.00000
   80 205 (205Hg) 1.00000E-07    0    0.00000E+00  0.00000
   80 204 (204Hg) 1.00000E-07    0    0.00000E+00  0.00000

   b. Per mass

   A  cross section

  209 2.17793E+00
  208 1.25954E+03

 Total residual production cross section:  1261.7169189
 Non-elastic cross section              :  1261.7187500

 5. Binary reactions to discrete levels and continuum

   (n,g)   cross sections:

 Inclusive:

 Level Energy    E-out     J/P       Direct    Compound      Total     Origin

  0   0.00000   7.71900    4.5+     0.00000     0.57039     0.57039          
  1   0.77889   6.94011    5.5+     0.00000     0.18292     0.18292          
  2   1.42264   6.29636    7.5-     0.00000     0.02162     0.02162          
  3   1.56709   6.15191    2.5+     0.00000     0.16292     0.16292          
  4   2.03221   5.68679    0.5+     0.00000     0.05157     0.05157          
  5   2.14943   5.56957    0.5-     0.00000     0.03889     0.03889          
  6   2.31593   5.40307    1.5-     0.00000     0.05162     0.05162          
  7   2.42400   5.29500    3.5-     0.00000     0.04037     0.04037          
  8   2.46100   5.25800    2.5-     0.00000     0.04403     0.04403          
  9   2.49100   5.22800    3.5+     0.00000     0.06362     0.06362          
 10   2.52493   5.19407    1.5-     0.00000     0.04227     0.04227          
                                  ---------   ---------   ---------
 Discrete    (n,g)  :               0.00000     1.27022     1.27022
 Continuum   (n,g)  :               0.00000     1.70937     1.70937
                                  ---------   ---------   ---------
 Total       (n,g)  :               0.00000     2.97960     2.97960


 Exclusive

 Discrete    (n,g)  :     1.27022
 Continuum   (n,g)  :     0.90771
 Total       (n,g)  :     2.17793

 Inelastic cross sections:

 Inclusive:

 Level Energy    E-out     J/P       Direct    Compound      Total     Origin

  1   2.61452   1.16710    3.0-    39.01270   737.48816   776.50085    Direct
  2   3.19771   0.58391    5.0-     4.21330   254.86714   259.08044    Direct
  3   3.47508   0.30654    4.0-     0.00000   176.95959   176.95959          
  4   3.70845   0.07317    5.0-     0.00000    46.19635    46.19635          
  5   3.91997  -0.13834    6.0-     0.00000     0.00000     0.00000          
  6   3.94658  -0.16496    4.0-     0.00000     0.00000     0.00000          
  7   3.96116  -0.17954    5.0-     0.00000     0.00000     0.00000          
  8   3.99544  -0.21382    4.0-     0.00000     0.00000     0.00000          
  9   4.03744  -0.25582    7.0-     0.00000     0.00000     0.00000          
 10   4.05113  -0.26951    3.0-     0.00000     0.00000     0.00000          
 11   4.08552  -0.30390    2.0+     0.00000     0.00000     0.00000          
 12   4.12535  -0.34372    5.0-     0.00000     0.00000     0.00000          
 13   4.14400  -0.36238    1.0+     0.00000     0.00000     0.00000          
 14   4.18041  -0.39879    5.0-     0.00000     0.00000     0.00000          
 15   4.20628  -0.42465    6.0-     0.00000     0.00000     0.00000          
                                  ---------   ---------   ---------
 Discrete  Inelastic:              43.22600  1215.51123  1258.73718
 Continuum Inelastic:               0.00000     0.00000     0.00000
                                  ---------   ---------   ---------
 Total     Inelastic:              43.22600  1215.51123  1258.73718

 (n,gn) cross section:     0.80166

 Exclusive

 Discrete  Inelastic:  1258.73718
 Continuum Inelastic:     0.00000
 Total     Inelastic:  1258.73730

 6. Exclusive cross sections

 6a. Total exclusive cross sections 

     Emitted particles     cross section reaction         level    isomeric    isomeric    lifetime relative yield
    n   p   d   t   h   a                                        cross section   ratio
    0   0   0   0   0   0    2.17793E+00  (n,g)                                                     1.72726E-03
    1   0   0   0   0   0    1.25874E+03  (n,n')                                                    9.98273E-01
    0   0   0   0   0   1    1.00000E-07  (n,a)                                                     7.93075E-11
    1   0   0   0   0   1    1.00000E-07  (n,na)                                                    7.93075E-11
    0   0   0   0   0   2    1.00000E-07  (n,2a)                                                    7.93075E-11
    1   0   0   0   0   2    1.00000E-07  (n,n2a)                                                   7.93075E-11
    0   0   0   0   0   3    1.00000E-07  (n,3a)                                                    7.93075E-11

 Absorption cross section                 :     2.17793

 Sum over exclusive channel cross sections:  1260.91528
 (n,gn) + (n,gp) +...(n,ga) cross sections:     0.80166
 Total                                    :  1261.71692
 Non-elastic cross section                :  1261.71875

 ########## RESULTS FOR E=   4.00000 ##########

 Energy dependent input flags

 Width fluctuations (flagwidth)            : y
 Unresolved resonance parameters (flagurr) : n
 Preequilibrium (flagpreeq)                : n
 Multiple preequilibrium (flagmulpre)      : n
 Number of continuum excitation energy bins: 40

 ########### REACTION SUMMARY FOR E=   4.00000 ###########

 Center-of-mass energy:    3.981

 1. Total (binary) cross sections

 Total           = 7.53686E+03
   Shape elastic   = 4.82808E+03
   Reaction        = 2.70879E+03
     Compound elastic= 1.26411E+03
     Non-elastic     = 1.44468E+03
       Direct          = 4.68892E+01
       Pre-equilibrium = 0.00000E+00
       Compound non-el = 1.39779E+03
     Total elastic   = 6.09219E+03

 2. Binary non-elastic cross sections (non-exclusive)

 gamma   = 2.96835E+00
 neutron = 1.44171E+03
 proton  = 0.00000E+00
 deuteron= 0.00000E+00
 triton  = 0.00000E+00
 helium-3= 0.00000E+00
 alpha   = 0.00000E+00

 3. Total particle production cross sections

 gamma   = 3.93229E+00    Multiplicity= 2.72191E-03
 neutron = 1.44262E+03    Multiplicity= 9.98574E-01
 proton  = 0.00000E+00    Multiplicity= 0.00000E+00
 deuteron= 0.00000E+00    Multiplicity= 0.00000E+00
 triton  = 0.00000E+00    Multiplicity= 0.00000E+00
 helium-3= 0.00000E+00    Multiplicity= 0.00000E+00
 alpha   = 0.00000E+00    Multiplicity= 0.00000E+00

 4. Residual production cross sections

   a. Per isotope

   Z   A  nuclide    total     level   isomeric    isomeric    lifetime
                 cross section       cross section  ratio

   82 209 (209Pb) 2.05918E+00    0    2.05918E+00  1.00000
   82 208 (208Pb) 1.44262E+03    0    1.44262E+03  1.00000
   80 205 (205Hg) 1.00000E-07    0    0.00000E+00  0.00000
   80 204 (204Hg) 1.00000E-07    0    0.00000E+00  0.00000

   b. Per mass

   A  cross section

  209 2.05918E+00
  208 1.44262E+03

 Total residual production cross section:  1444.6783447
 Non-elastic cross section              :  1444.6789551

 5. Binary reactions to discrete levels and continuum

   (n,g)   cross sections:

 Inclusive:

 Level Energy    E-out     J/P       Direct    Compound      Total     Origin

  0   0.00000   7.91803    4.5+     0.00000     0.51188     0.51188          
  1   0.77889   7.13914    5.5+     0.00000     0.15693     0.15693          
  2   1.42264   6.49539    7.5-     0.00000     0.01489     0.01489          
  3   1.56709   6.35094    2.5+     0.00000     0.16344     0.16344          
  4   2.03221   5.88582    0.5+     0.00000     0.05526     0.05526          
  5   2.14943   5.76860    0.5-     0.00000     0.03929     0.03929          
  6   2.31593   5.60210    1.5-     0.00000     0.05201     0.05201          
  7   2.42400   5.49403    3.5-     0.00000     0.03852     0.03852          
  8   2.46100   5.45703    2.5-     0.00000     0.04349     0.04349          
  9   2.49100   5.42703    3.5+     0.00000     0.06361     0.06361          
 10   2.52493   5.39310    1.5-     0.00000     0.04258     0.04258          
                                  ---------   ---------   ---------
 Discrete    (n,g)  :               0.00000     1.18189     1.18189
 Continuum   (n,g)  :               0.00000     1.78646     1.78646
                                  ---------   ---------   ---------
 Total       (n,g)  :               0.00000     2.96835     2.96835


 Exclusive

 Discrete    (n,g)  :     1.18189
 Continuum   (n,g)  :     0.87728
 Total       (n,g)  :     2.05918

 Inelastic cross sections:

 Inclusive:

 Level Energy    E-out     J/P       Direct    Compound      Total     Origin

  1   2.61452   1.36613    3.0-    40.89930   726.51801   767.41730    Direct
  2   3.19771   0.78294    5.0-     5.33558   270.45688   275.79245    Direct
  3   3.47508   0.50558    4.0-     0.00000   236.58867   236.58867          
  4   3.70845   0.27220    5.0-     0.65431    96.46931    97.12362    Direct
  5   3.91997   0.06069    6.0-     0.00000    19.01363    19.01363          
  6   3.94658   0.03408    4.0-     0.00000    28.43151    28.43151          
  7   3.96116   0.01949    5.0-     0.00000    17.34273    17.34273          
  8   3.99544  -0.01478    4.0-     0.00000     0.00000     0.00000          
  9   4.03744  -0.05679    7.0-     0.00000     0.00000     0.00000          
 10   4.05113  -0.07048    3.0-     0.00000     0.00000     0.00000          
 11   4.08552  -0.10487    2.0+     0.00000     0.00000     0.00000          
 12   4.12535  -0.14469    5.0-     0.00000     0.00000     0.00000          
 13   4.14400  -0.16335    1.0+     0.00000     0.00000     0.00000          
 14   4.18041  -0.19976    5.0-     0.00000     0.00000     0.00000          
 15   4.20628  -0.22562    6.0-     0.00000     0.00000     0.00000          
                                  ---------   ---------   ---------
 Discrete  Inelastic:              46.88919  1394.82080  1441.70996
 Continuum Inelastic:               0.00000     0.00000     0.00000
                                  ---------   ---------   ---------
 Total     Inelastic:              46.88919  1394.82080  1441.70996

 (n,gn) cross section:     0.90918

 Exclusive

 Discrete  Inelastic:  1441.70996
 Continuum Inelastic:     0.00000
 Total     Inelastic:  1441.70996

 6. Exclusive cross sections

 6a. Total exclusive cross sections 

     Emitted particles     cross section reaction         level    isomeric    isomeric    lifetime relative yield
    n   p   d   t   h   a                                        cross section   ratio
    0   0   0   0   0   0    2.05918E+00  (n,g)                                                     1.42625E-03
    1   0   0   0   0   0    1.44171E+03  (n,n')                                                    9.98574E-01
    0   0   0   0   0   1    1.00000E-07  (n,a)                                                     6.92632E-11
    1   0   0   0   0   1    1.00000E-07  (n,na)                                                    6.92632E-11
    0   0   0   0   0   2    1.00000E-07  (n,2a)                                                    6.92632E-11
    1   0   0   0   0   2    1.00000E-07  (n,n2a)                                                   6.92632E-11
    0   0   0   0   0   3    1.00000E-07  (n,3a)                                                    6.92632E-11

 Absorption cross section                 :     2.05918

 Sum over exclusive channel cross sections:  1443.76917
 (n,gn) + (n,gp) +...(n,ga) cross sections:     0.90918
 Total                                    :  1444.67834
 Non-elastic cross section                :  1444.67896

 ########## RESULTS FOR E=   4.20000 ##########

 Energy dependent input flags

 Width fluctuations (flagwidth)            : y
 Unresolved resonance parameters (flagurr) : n
 Preequilibrium (flagpreeq)                : n
 Multiple preequilibrium (flagmulpre)      : n
 Number of continuum excitation energy bins: 40

 ########### REACTION SUMMARY FOR E=   4.20000 ###########

 Center-of-mass energy:    4.180

 1. Total (binary) cross sections

 Total           = 7.48842E+03
   Shape elastic   = 4.77628E+03
   Reaction        = 2.71214E+03
     Compound elastic= 1.01875E+03
     Non-elastic     = 1.69339E+03
       Direct          = 5.04656E+01
       Pre-equilibrium = 0.00000E+00
       Compound non-el = 1.64293E+03
     Total elastic   = 5.79503E+03

 2. Binary non-elastic cross sections (non-exclusive)

 gamma   = 2.70980E+00
 neutron = 1.69068E+03
 proton  = 0.00000E+00
 deuteron= 0.00000E+00
 triton  = 0.00000E+00
 helium-3= 0.00000E+00
 alpha   = 0.00000E+00

 3. Total particle production cross sections

 gamma   = 3.55751E+00    Multiplicity= 2.10082E-03
 neutron = 1.69160E+03    Multiplicity= 9.98942E-01
 proton  = 0.00000E+00    Multiplicity= 0.00000E+00
 deuteron= 0.00000E+00    Multiplicity= 0.00000E+00
 triton  = 0.00000E+00    Multiplicity= 0.00000E+00
 helium-3= 0.00000E+00    Multiplicity= 0.00000E+00
 alpha   = 0.00000E+00    Multiplicity= 0.00000E+00

 4. Residual production cross sections

   a. Per isotope

   Z   A  nuclide    total     level   isomeric    isomeric    lifetime
                 cross section       cross section  ratio

   82 209 (209Pb) 1.79196E+00    0    1.79196E+00  1.00000
   82 208 (208Pb) 1.69160E+03    0    1.69160E+03  1.00000
   80 205 (205Hg) 1.00000E-07    0    0.00000E+00  0.00000
   80 204 (204Hg) 1.00000E-07    0    0.00000E+00  0.00000

   b. Per mass

   A  cross section

  209 1.79196E+00
  208 1.69160E+03

 Total residual production cross section:  1693.3922119
 Non-elastic cross section              :  1693.3923340

 5. Binary reactions to discrete levels and continuum

   (n,g)   cross sections:

 Inclusive:

 Level Energy    E-out     J/P       Direct    Compound      Total     Origin

  0   0.00000   8.11706    4.5+     0.00000     0.43046     0.43046          
  1   0.77889   7.33817    5.5+     0.00000     0.13205     0.13205          
  2   1.42264   6.69442    7.5-     0.00000     0.00724     0.00724          
  3   1.56709   6.54997    2.5+     0.00000     0.14651     0.14651          
  4   2.03221   6.08485    0.5+     0.00000     0.05422     0.05422          
  5   2.14943   5.96763    0.5-     0.00000     0.03442     0.03442          
  6   2.31593   5.80113    1.5-     0.00000     0.04535     0.04535          
  7   2.42400   5.69306    3.5-     0.00000     0.03262     0.03262          
  8   2.46100   5.65606    2.5-     0.00000     0.03723     0.03723          
  9   2.49100   5.62606    3.5+     0.00000     0.05708     0.05708          
 10   2.52493   5.59213    1.5-     0.00000     0.03732     0.03732          
                                  ---------   ---------   ---------
 Discrete    (n,g)  :               0.00000     1.01449     1.01449
 Continuum   (n,g)  :               0.00000     1.69531     1.69531
                                  ---------   ---------   ---------
 Total       (n,g)  :               0.00000     2.70980     2.70980


 Exclusive

 Discrete    (n,g)  :     1.01449
 Continuum   (n,g)  :     0.77746
 Total       (n,g)  :     1.79196

 Inelastic cross sections:

 Inclusive:

 Level Energy    E-out     J/P       Direct    Compound      Total     Origin

  1   2.61452   1.56516    3.0-    42.64160   639.96851   682.61011    Direct
  2   3.19771   0.98197    5.0-     6.23853   251.22885   257.46738    Direct
  3   3.47508   0.70461    4.0-     0.00000   243.97658   243.97658          
  4   3.70845   0.47123    5.0-     1.07959   120.61386   121.69345    Direct
  5   3.91997   0.25972    6.0-     0.00000    38.91982    38.91982          
  6   3.94658   0.23311    4.0-     0.00000    81.00774    81.00774          
  7   3.96116   0.21852    5.0-     0.15960    57.91293    58.07253    Direct
  8   3.99544   0.18425    4.0-     0.00000    65.52977    65.52977          
  9   4.03744   0.14224    7.0-     0.02409     3.79544     3.81953    Direct
 10   4.05113   0.12855    3.0-     0.32217    60.35544    60.67761    Direct
 11   4.08552   0.09416    2.0+     0.00000    40.00503    40.00503          
 12   4.12535   0.05434    5.0-     0.00000    21.87110    21.87110          
 13   4.14400   0.03568    1.0+     0.00000    15.03166    15.03166          
 14   4.18041  -0.00073    5.0-     0.00000     0.00000     0.00000          
 15   4.20628  -0.02659    6.0-     0.00000     0.00000     0.00000          
                                  ---------   ---------   ---------
 Discrete  Inelastic:              50.46558  1640.21667  1690.68225
 Continuum Inelastic:               0.00000     0.00000     0.00000
                                  ---------   ---------   ---------
 Total     Inelastic:              50.46558  1640.21667  1690.68213

 (n,gn) cross section:     0.91784

 Exclusive

 Discrete  Inelastic:  1690.68225
 Continuum Inelastic:     0.00000
 Total     Inelastic:  1690.68237

 6. Exclusive cross sections

 6a. Total exclusive cross sections 

     Emitted particles     cross section reaction         level    isomeric    isomeric    lifetime relative yield
    n   p   d   t   h   a                                        cross section   ratio
    0   0   0   0   0   0    1.79196E+00  (n,g)                                                     1.05878E-03
    1   0   0   0   0   0    1.69068E+03  (n,n')                                                    9.98941E-01
    0   0   0   0   0   1    1.00000E-07  (n,a)                                                     5.90851E-11
    1   0   0   0   0   1    1.00000E-07  (n,na)                                                    5.90851E-11
    0   0   0   0   0   2    1.00000E-07  (n,2a)                                                    5.90851E-11
    1   0   0   0   0   2    1.00000E-07  (n,n2a)                                                   5.90851E-11
    0   0   0   0   0   3    1.00000E-07  (n,3a)                                                    5.90851E-11

 Absorption cross section                 :     1.79196

 Sum over exclusive channel cross sections:  1692.47437
 (n,gn) + (n,gp) +...(n,ga) cross sections:     0.91784
 Total                                    :  1693.39221
 Non-elastic cross section                :  1693.39233

 ########## RESULTS FOR E=   4.40000 ##########

 Energy dependent input flags

 Width fluctuations (flagwidth)            : y
 Unresolved resonance parameters (flagurr) : n
 Preequilibrium (flagpreeq)                : y
 Multiple preequilibrium (flagmulpre)      : n
 Number of continuum excitation energy bins: 40

 ########### REACTION SUMMARY FOR E=   4.40000 ###########

 Center-of-mass energy:    4.379

 1. Total (binary) cross sections

 Total           = 7.42227E+03
   Shape elastic   = 4.70804E+03
   Reaction        = 2.71423E+03
     Compound elastic= 7.76437E+02
     Non-elastic     = 1.93779E+03
       Direct          = 5.60668E+01
       Pre-equilibrium = 5.66323E-01
       Giant resonance = 3.03403E-01
       Compound non-el = 1.88086E+03
     Total elastic   = 5.48448E+03

 2. Binary non-elastic cross sections (non-exclusive)

 gamma   = 2.49143E+00
 neutron = 1.93531E+03
 proton  = 0.00000E+00
 deuteron= 0.00000E+00
 triton  = 0.00000E+00
 helium-3= 0.00000E+00
 alpha   = 7.05825E-13

 3. Total particle production cross sections

 gamma   = 8.25539E+01    Multiplicity= 4.26020E-02
 neutron = 1.93622E+03    Multiplicity= 9.99189E-01
 proton  = 0.00000E+00    Multiplicity= 0.00000E+00
 deuteron= 0.00000E+00    Multiplicity= 0.00000E+00
 triton  = 0.00000E+00    Multiplicity= 0.00000E+00
 helium-3= 0.00000E+00    Multiplicity= 0.00000E+00
 alpha   = 7.05825E-13    Multiplicity= 3.64242E-16

 4. Residual production cross sections

   a. Per isotope

   Z   A  nuclide    total     level   isomeric    isomeric    lifetime
                 cross section       cross section  ratio

   82 209 (209Pb) 1.57825E+00    0    1.57825E+00  1.00000
   82 208 (208Pb) 1.93622E+03    0    1.93622E+03  1.00000
   80 205 (205Hg) 1.00000E-07    0    0.00000E+00  0.00000
   80 204 (204Hg) 1.00000E-07    0    0.00000E+00  0.00000

   b. Per mass

   A  cross section

  209 1.57825E+00
  208 1.93622E+03

 Total residual production cross section:  1937.7999268
 Non-elastic cross section              :  1937.7929688

 5. Binary reactions to discrete levels and continuum

   (n,g)   cross sections:

 Inclusive:

 Level Energy    E-out     J/P       Direct    Compound      Total     Origin

  0   0.00000   8.31609    4.5+     0.01514     0.36240     0.37754    Preeq 
  1   0.77889   7.53720    5.5+     0.02049     0.10991     0.13040    Preeq 
  2   1.42264   6.89345    7.5-     0.00833     0.00493     0.01326    Preeq 
  3   1.56709   6.74901    2.5+     0.00543     0.12234     0.12777    Preeq 
  4   2.03221   6.28388    0.5+     0.00445     0.04380     0.04825    Preeq 
  5   2.14943   6.16666    0.5-     0.00181     0.02821     0.03002    Preeq 
  6   2.31593   6.00016    1.5-     0.00150     0.03732     0.03882    Preeq 
  7   2.42400   5.89209    3.5-     0.00065     0.02755     0.02821    Preeq 
  8   2.46100   5.85509    2.5-     0.00030     0.03102     0.03132    Preeq 
  9   2.49100   5.82509    3.5+     0.00029     0.05062     0.05091    Preeq 
 10   2.52493   5.79116    1.5-     0.00015     0.03095     0.03110    Preeq 
                                  ---------   ---------   ---------
 Discrete    (n,g)  :               0.05855     0.84905     0.90760
 Continuum   (n,g)  :               0.01968     1.56414     1.58382
                                  ---------   ---------   ---------
 Total       (n,g)  :               0.07823     2.41319     2.49143


 Exclusive

 Discrete    (n,g)  :     0.90760
 Continuum   (n,g)  :     0.67065
 Total       (n,g)  :     1.57825

 Inelastic cross sections:

 Inclusive:

 Level Energy    E-out     J/P       Direct    Compound      Total     Origin

  1   2.61452   1.76419    3.0-    44.29830   535.45557   579.75385    Direct
  2   3.19771   1.18100    5.0-     6.98230   222.56754   229.54984    Direct
  3   3.47508   0.90364    4.0-     0.00000   228.39658   228.39658    Preeq 
  4   3.70845   0.67026    5.0-     1.43834   124.18311   125.62144    Direct
  5   3.91997   0.45875    6.0-     0.00000    48.03819    48.03819    Preeq 
  6   3.94658   0.43214    4.0-     0.00000   109.25034   109.25034    Preeq 
  7   3.96116   0.41755    5.0-     0.28176    77.19425    77.47601    Direct
  8   3.99544   0.38328    4.0-     0.00000    96.78376    96.78376    Preeq 
  9   4.03744   0.34127    7.0-     0.12440    10.07392    10.19832    Direct
 10   4.05113   0.32758    3.0-     0.55964    99.31642    99.87606    Direct
 11   4.08552   0.29319    2.0+     0.19997    89.46516    89.66512    Direct
 12   4.12535   0.25337    5.0-     1.93436    47.58294    49.51730    Direct
 13   4.14400   0.23471    1.0+     0.00000    55.00870    55.00870    Preeq 
 14   4.18041   0.19830    5.0-     0.18918    38.31005    38.49923    Direct
 15   4.20628   0.17244    6.0-     0.00000    18.39139    18.39139    Preeq 
                                  ---------   ---------   ---------
 Discrete  Inelastic:              56.00825  1800.01794  1856.02625
 Continuum Inelastic:               0.85004    78.43050    79.28055
                                  ---------   ---------   ---------
 Total     Inelastic:              56.85829  1878.44849  1935.30664

 (n,gn) cross section:     0.91412

 Exclusive

 Discrete  Inelastic:  1856.02625
 Continuum Inelastic:    79.28137
 Total     Inelastic:  1935.30762

   (n,a)   cross sections:

 Inclusive:

 Level Energy    E-out     J/P       Direct    Compound      Total     Origin

  0   0.00000  10.56433    0.5-     0.00000     0.00000     0.00000    Preeq 
  1   0.37946  10.18486    2.5-     0.00000     0.00000     0.00000    Preeq 
  2   0.46751  10.09682    1.5-     0.00000     0.00000     0.00000    Preeq 
  3   1.28070   9.28363    3.5+     0.00000     0.00000     0.00000    Preeq 
  4   1.32520   9.23913    4.5+     0.00000     0.00000     0.00000    Preeq 
  5   1.34612   9.21821    3.5-     0.00000     0.00000     0.00000    Preeq 
  6   1.39508   9.16925    4.5-     0.00000     0.00000     0.00000    Preeq 
  7   1.44750   9.11683    5.5-     0.00000     0.00000     0.00000    Preeq 
  8   1.55640   9.00793    6.5+     0.00000     0.00000     0.00000    Preeq 
  9   1.81820   8.74613    2.5+     0.00000     0.00000     0.00000    Preeq 
 10   1.84730   8.71703    4.5+     0.00000     0.00000     0.00000    Preeq 
                                  ---------   ---------   ---------
 Discrete    (n,a)  :               0.00000     0.00000     0.00000
 Continuum   (n,a)  :               0.00000     0.00000     0.00000
                                  ---------   ---------   ---------
 Total       (n,a)  :               0.00000     0.00000     0.00000

 (n,ga) cross section:     0.00000

 Exclusive

 Discrete    (n,a)  :     0.00000
 Continuum   (n,a)  :     0.00000
 Total       (n,a)  :     0.00000

 6. Exclusive cross sections

 6a. Total exclusive cross sections 

     Emitted particles     cross section reaction         level    isomeric    isomeric    lifetime relative yield
    n   p   d   t   h   a                                        cross section   ratio
    0   0   0   0   0   0    1.57825E+00  (n,g)                                                     8.14840E-04
    1   0   0   0   0   0    1.93531E+03  (n,n')                                                    9.99185E-01
    0   0   0   0   0   1    1.00000E-07  (n,a)                                                     5.16293E-11
    1   0   0   0   0   1    1.00000E-07  (n,na)                                                    5.16293E-11
    0   0   0   0   0   2    1.00000E-07  (n,2a)                                                    5.16293E-11
    1   0   0   0   0   2    1.00000E-07  (n,n2a)                                                   5.16293E-11
    0   0   0   0   0   3    1.00000E-07  (n,3a)                                                    5.16293E-11

 Absorption cross section                 :     1.57825

 Sum over exclusive channel cross sections:  1936.88586
 (n,gn) + (n,gp) +...(n,ga) cross sections:     0.91412
 Total                                    :  1937.79993
 Non-elastic cross section                :  1937.79297

 ########## RESULTS FOR E=   4.60000 ##########

 Energy dependent input flags

 Width fluctuations (flagwidth)            : y
 Unresolved resonance parameters (flagurr) : n
 Preequilibrium (flagpreeq)                : y
 Multiple preequilibrium (flagmulpre)      : n
 Number of continuum excitation energy bins: 40

 ########### REACTION SUMMARY FOR E=   4.60000 ###########

 Center-of-mass energy:    4.578

 1. Total (binary) cross sections

 Total           = 7.33943E+03
   Shape elastic   = 4.62633E+03
   Reaction        = 2.71310E+03
     Compound elastic= 5.87864E+02
     Non-elastic     = 2.12524E+03
       Direct          = 6.04803E+01
       Pre-equilibrium = 2.70777E+00
       Giant resonance = 2.10554E+00
       Compound non-el = 2.05994E+03
     Total elastic   = 5.21419E+03

 2. Binary non-elastic cross sections (non-exclusive)

 gamma   = 2.29815E+00
 neutron = 2.12295E+03
 proton  = 0.00000E+00
 deuteron= 0.00000E+00
 triton  = 0.00000E+00
 helium-3= 0.00000E+00
 alpha   = 1.23702E-12

 3. Total particle production cross sections

 gamma   = 2.75382E+02    Multiplicity= 1.29577E-01
 neutron = 2.12384E+03    Multiplicity= 9.99344E-01
 proton  = 0.00000E+00    Multiplicity= 0.00000E+00
 deuteron= 0.00000E+00    Multiplicity= 0.00000E+00
 triton  = 0.00000E+00    Multiplicity= 0.00000E+00
 helium-3= 0.00000E+00    Multiplicity= 0.00000E+00
 alpha   = 1.23702E-12    Multiplicity= 5.82064E-16

 4. Residual production cross sections

   a. Per isotope

   Z   A  nuclide    total     level   isomeric    isomeric    lifetime
                 cross section       cross section  ratio

   82 209 (209Pb) 1.40313E+00    0    1.40313E+00  1.00000
   82 208 (208Pb) 2.12384E+03    0    2.12384E+03  1.00000
   80 205 (205Hg) 1.00000E-07    0    0.00000E+00  0.00000
   80 204 (204Hg) 1.00000E-07    0    0.00000E+00  0.00000

   b. Per mass

   A  cross section

  209 1.40313E+00
  208 2.12384E+03

 Total residual production cross section:  2125.2458496
 Non-elastic cross section              :  2125.2365723

 5. Binary reactions to discrete levels and continuum

   (n,g)   cross sections:

 Inclusive:

 Level Energy    E-out     J/P       Direct    Compound      Total     Origin

  0   0.00000   8.51512    4.5+     0.01979     0.31593     0.33572    Preeq 
  1   0.77889   7.73623    5.5+     0.02388     0.09857     0.12245    Preeq 
  2   1.42264   7.09248    7.5-     0.00937     0.00415     0.01352    Preeq 
  3   1.56709   6.94804    2.5+     0.00626     0.10122     0.10749    Preeq 
  4   2.03221   6.48291    0.5+     0.00433     0.03565     0.03998    Preeq 
  5   2.14943   6.36569    0.5-     0.00176     0.02302     0.02478    Preeq 
  6   2.31593   6.19919    1.5-     0.00170     0.03076     0.03247    Preeq 
  7   2.42400   6.09112    3.5-     0.00090     0.02364     0.02454    Preeq 
  8   2.46100   6.05412    2.5-     0.00042     0.02574     0.02615    Preeq 
  9   2.49100   6.02412    3.5+     0.00040     0.04450     0.04490    Preeq 
 10   2.52493   5.99019    1.5-     0.00018     0.02551     0.02569    Preeq 
                                  ---------   ---------   ---------
 Discrete    (n,g)  :               0.06900     0.72868     0.79767
 Continuum   (n,g)  :               0.02214     1.47833     1.50047
                                  ---------   ---------   ---------
 Total       (n,g)  :               0.09113     2.20701     2.29815


 Exclusive

 Discrete    (n,g)  :     0.79767
 Continuum   (n,g)  :     0.60546
 Total       (n,g)  :     1.40313

 Inelastic cross sections:

 Inclusive:

 Level Energy    E-out     J/P       Direct    Compound      Total     Origin

  1   2.61452   1.96322    3.0-    45.84770   441.56415   487.41183    Direct
  2   3.19771   1.38003    5.0-     7.61988   199.48389   207.10376    Direct
  3   3.47508   1.10267    4.0-     0.00000   206.92043   206.92043    Preeq 
  4   3.70845   0.86929    5.0-     1.72033   121.30632   123.02665    Direct
  5   3.91997   0.65778    6.0-     0.00000    52.99669    52.99669    Preeq 
  6   3.94658   0.63117    4.0-     0.00000   118.38292   118.38292    Preeq 
  7   3.96116   0.61658    5.0-     0.38690    86.06348    86.45038    Direct
  8   3.99544   0.58231    4.0-     0.00000   109.23148   109.23148    Preeq 
  9   4.03744   0.54030    7.0-     0.25844    15.16004    15.41848    Direct
 10   4.05113   0.52661    3.0-     0.75207   114.21368   114.96574    Direct
 11   4.08552   0.49222    2.0+     0.30727   107.08405   107.39132    Direct
 12   4.12535   0.45240    5.0-     3.17834    63.10788    66.28622    Direct
 13   4.14400   0.43374    1.0+     0.00000    71.08685    71.08685    Preeq 
 14   4.18041   0.39733    5.0-     0.34037    55.46839    55.80876    Direct
 15   4.20628   0.37147    6.0-     0.00000    28.63888    28.63888    Preeq 
                                  ---------   ---------   ---------
 Discrete  Inelastic:              60.41130  1790.70911  1851.12036
 Continuum Inelastic:               4.79118   267.03439   271.82556
                                  ---------   ---------   ---------
 Total     Inelastic:              65.20248  2057.74341  2122.94653

 (n,gn) cross section:     0.89571

 Exclusive

 Discrete  Inelastic:  1851.12036
 Continuum Inelastic:   271.82666
 Total     Inelastic:  2122.94702

   (n,a)   cross sections:

 Inclusive:

 Level Energy    E-out     J/P       Direct    Compound      Total     Origin

  0   0.00000  10.76336    0.5-     0.00000     0.00000     0.00000    Preeq 
  1   0.37946  10.38389    2.5-     0.00000     0.00000     0.00000    Preeq 
  2   0.46751  10.29585    1.5-     0.00000     0.00000     0.00000    Preeq 
  3   1.28070   9.48266    3.5+     0.00000     0.00000     0.00000    Preeq 
  4   1.32520   9.43816    4.5+     0.00000     0.00000     0.00000    Preeq 
  5   1.34612   9.41724    3.5-     0.00000     0.00000     0.00000    Preeq 
  6   1.39508   9.36828    4.5-     0.00000     0.00000     0.00000    Preeq 
  7   1.44750   9.31586    5.5-     0.00000     0.00000     0.00000    Preeq 
  8   1.55640   9.20695    6.5+     0.00000     0.00000     0.00000    Preeq 
  9   1.81820   8.94516    2.5+     0.00000     0.00000     0.00000    Preeq 
 10   1.84730   8.91606    4.5+     0.00000     0.00000     0.00000    Preeq 
                                  ---------   ---------   ---------
 Discrete    (n,a)  :               0.00000     0.00000     0.00000
 Continuum   (n,a)  :               0.00000     0.00000     0.00000
                                  ---------   ---------   ---------
 Total       (n,a)  :               0.00000     0.00000     0.00000

 (n,ga) cross section:     0.00000

 Exclusive

 Discrete    (n,a)  :     0.00000
 Continuum   (n,a)  :     0.00000
 Total       (n,a)  :     0.00000

 6. Exclusive cross sections

 6a. Total exclusive cross sections 

     Emitted particles     cross section reaction         level    isomeric    isomeric    lifetime relative yield
    n   p   d   t   h   a                                        cross section   ratio
    0   0   0   0   0   0    1.40313E+00  (n,g)                                                     6.60499E-04
    1   0   0   0   0   0    2.12295E+03  (n,n')                                                    9.99340E-01
    0   0   0   0   0   1    1.00000E-07  (n,a)                                                     4.70732E-11
    1   0   0   0   0   1    1.00000E-07  (n,na)                                                    4.70732E-11
    0   0   0   0   0   2    1.00000E-07  (n,2a)                                                    4.70732E-11
    1   0   0   0   0   2    1.00000E-07  (n,n2a)                                                   4.70732E-11
    0   0   0   0   0   3    1.00000E-07  (n,3a)                                                    4.70732E-11

 Absorption cross section                 :     1.40313

 Sum over exclusive channel cross sections:  2124.35010
 (n,gn) + (n,gp) +...(n,ga) cross sections:     0.89571
 Total                                    :  2125.24585
 Non-elastic cross section                :  2125.23657

 ########## RESULTS FOR E=   4.80000 ##########

 Energy dependent input flags

 Width fluctuations (flagwidth)            : y
 Unresolved resonance parameters (flagurr) : n
 Preequilibrium (flagpreeq)                : y
 Multiple preequilibrium (flagmulpre)      : n
 Number of continuum excitation energy bins: 40

 ########### REACTION SUMMARY FOR E=   4.80000 ###########

 Center-of-mass energy:    4.777

 1. Total (binary) cross sections

 Total           = 7.24104E+03
   Shape elastic   = 4.53357E+03
   Reaction        = 2.70747E+03
     Compound elastic= 4.46408E+02
     Non-elastic     = 2.26106E+03
       Direct          = 6.42802E+01
       Pre-equilibrium = 6.26982E+00
       Giant resonance = 3.59100E+00
       Compound non-el = 2.18692E+03
     Total elastic   = 4.97998E+03

 2. Binary non-elastic cross sections (non-exclusive)

 gamma   = 2.15492E+00
 neutron = 2.25892E+03
 proton  = 0.00000E+00
 deuteron= 0.00000E+00
 triton  = 0.00000E+00
 helium-3= 0.00000E+00
 alpha   = 3.58911E-12

 3. Total particle production cross sections

 gamma   = 5.13036E+02    Multiplicity= 2.26900E-01
 neutron = 2.25981E+03    Multiplicity= 9.99445E-01
 proton  = 0.00000E+00    Multiplicity= 0.00000E+00
 deuteron= 0.00000E+00    Multiplicity= 0.00000E+00
 triton  = 0.00000E+00    Multiplicity= 0.00000E+00
 helium-3= 0.00000E+00    Multiplicity= 0.00000E+00
 alpha   = 3.58911E-12    Multiplicity= 1.58736E-15

 4. Residual production cross sections

   a. Per isotope

   Z   A  nuclide    total     level   isomeric    isomeric    lifetime
                 cross section       cross section  ratio

   82 209 (209Pb) 1.26447E+00    0    1.26447E+00  1.00000
   82 208 (208Pb) 2.25981E+03    0    2.25981E+03  1.00000
   80 205 (205Hg) 1.00000E-07    0    0.00000E+00  0.00000
   80 204 (204Hg) 1.00000E-07    0    0.00000E+00  0.00000

   b. Per mass

   A  cross section

  209 1.26447E+00
  208 2.25981E+03

 Total residual production cross section:  2261.0722656
 Non-elastic cross section              :  2261.0620117

 5. Binary reactions to discrete levels and continuum

   (n,g)   cross sections:

 Inclusive:

 Level Energy    E-out     J/P       Direct    Compound      Total     Origin

  0   0.00000   8.71415    4.5+     0.01923     0.27922     0.29845    Preeq 
  1   0.77889   7.93526    5.5+     0.02611     0.08979     0.11591    Preeq 
  2   1.42264   7.29151    7.5-     0.01072     0.00393     0.01465    Preeq 
  3   1.56709   7.14707    2.5+     0.00609     0.08482     0.09091    Preeq 
  4   2.03221   6.68194    0.5+     0.00490     0.02970     0.03460    Preeq 
  5   2.14943   6.56472    0.5-     0.00205     0.01887     0.02092    Preeq 
  6   2.31593   6.39822    1.5-     0.00166     0.02546     0.02712    Preeq 
  7   2.42400   6.29015    3.5-     0.00088     0.02067     0.02155    Preeq 
  8   2.46100   6.25315    2.5-     0.00040     0.02169     0.02209    Preeq 
  9   2.49100   6.22315    3.5+     0.00039     0.03962     0.04000    Preeq 
 10   2.52493   6.18922    1.5-     0.00020     0.02129     0.02150    Preeq 
                                  ---------   ---------   ---------
 Discrete    (n,g)  :               0.07263     0.63507     0.70770
 Continuum   (n,g)  :               0.02506     1.42217     1.44722
                                  ---------   ---------   ---------
 Total       (n,g)  :               0.09769     2.05724     2.15492


 Exclusive

 Discrete    (n,g)  :     0.70770
 Continuum   (n,g)  :     0.55677
 Total       (n,g)  :     1.26447

 Inelastic cross sections:

 Inclusive:

 Level Energy    E-out     J/P       Direct    Compound      Total     Origin

  1   2.61452   2.16225    3.0-    47.24050   361.67468   408.91519    Direct
  2   3.19771   1.57906    5.0-     8.18764   178.37920   186.56683    Direct
  3   3.47508   1.30170    4.0-     0.00000   184.79561   184.79561    Preeq 
  4   3.70845   1.06832    5.0-     1.94224   114.37724   116.31947    Direct
  5   3.91997   0.85681    6.0-     0.00000    54.22856    54.22856    Preeq 
  6   3.94658   0.83020    4.0-     0.00000   116.15958   116.15958    Preeq 
  7   3.96116   0.81561    5.0-     0.46920    86.97375    87.44294    Direct
  8   3.99544   0.78134    4.0-     0.00000   109.39896   109.39896    Preeq 
  9   4.03744   0.73933    7.0-     0.39667    18.38112    18.77779    Direct
 10   4.05113   0.72564    3.0-     0.89691   113.97308   114.87000    Direct
 11   4.08552   0.69125    2.0+     0.39155   107.48733   107.87888    Direct
 12   4.12535   0.65143    5.0-     4.21224    69.60224    73.81448    Direct
 13   4.14400   0.63277    1.0+     0.00000    73.02885    73.02885    Preeq 
 14   4.18041   0.59636    5.0-     0.47061    63.76213    64.23274    Direct
 15   4.20628   0.57050    6.0-     0.00000    34.95790    34.95790    Preeq 
                                  ---------   ---------   ---------
 Discrete  Inelastic:              64.20755  1687.18018  1751.38770
 Continuum Inelastic:               9.83576   497.69138   507.52713
                                  ---------   ---------   ---------
 Total     Inelastic:              74.04331  2184.87158  2258.91553

 (n,gn) cross section:     0.89125

 Exclusive

 Discrete  Inelastic:  1751.38770
 Continuum Inelastic:   507.52881
 Total     Inelastic:  2258.91650

   (n,a)   cross sections:

 Inclusive:

 Level Energy    E-out     J/P       Direct    Compound      Total     Origin

  0   0.00000  10.96239    0.5-     0.00000     0.00000     0.00000    Preeq 
  1   0.37946  10.58292    2.5-     0.00000     0.00000     0.00000    Preeq 
  2   0.46751  10.49487    1.5-     0.00000     0.00000     0.00000    Preeq 
  3   1.28070   9.68169    3.5+     0.00000     0.00000     0.00000    Preeq 
  4   1.32520   9.63719    4.5+     0.00000     0.00000     0.00000    Preeq 
  5   1.34612   9.61627    3.5-     0.00000     0.00000     0.00000    Preeq 
  6   1.39508   9.56731    4.5-     0.00000     0.00000     0.00000    Preeq 
  7   1.44750   9.51488    5.5-     0.00000     0.00000     0.00000    Preeq 
  8   1.55640   9.40598    6.5+     0.00000     0.00000     0.00000    Preeq 
  9   1.81820   9.14419    2.5+     0.00000     0.00000     0.00000    Preeq 
 10   1.84730   9.11509    4.5+     0.00000     0.00000     0.00000    Preeq 
                                  ---------   ---------   ---------
 Discrete    (n,a)  :               0.00000     0.00000     0.00000
 Continuum   (n,a)  :               0.00000     0.00000     0.00000
                                  ---------   ---------   ---------
 Total       (n,a)  :               0.00000     0.00000     0.00000

 (n,ga) cross section:     0.00000

 Exclusive

 Discrete    (n,a)  :     0.00000
 Continuum   (n,a)  :     0.00000
 Total       (n,a)  :     0.00000

 6. Exclusive cross sections

 6a. Total exclusive cross sections 

     Emitted particles     cross section reaction         level    isomeric    isomeric    lifetime relative yield
    n   p   d   t   h   a                                        cross section   ratio
    0   0   0   0   0   0    1.26447E+00  (n,g)                                                     5.59456E-04
    1   0   0   0   0   0    2.25892E+03  (n,n')                                                    9.99441E-01
    0   0   0   0   0   1    1.00000E-07  (n,a)                                                     4.42442E-11
    1   0   0   0   0   1    1.00000E-07  (n,na)                                                    4.42442E-11
    0   0   0   0   0   2    1.00000E-07  (n,2a)                                                    4.42442E-11
    1   0   0   0   0   2    1.00000E-07  (n,n2a)                                                   4.42442E-11
    0   0   0   0   0   3    1.00000E-07  (n,3a)                                                    4.42442E-11

 Absorption cross section                 :     1.26447

 Sum over exclusive channel cross sections:  2260.18091
 (n,gn) + (n,gp) +...(n,ga) cross sections:     0.89125
 Total                                    :  2261.07227
 Non-elastic cross section                :  2261.06201

 ########## RESULTS FOR E=   5.00000 ##########

 Energy dependent input flags

 Width fluctuations (flagwidth)            : y
 Unresolved resonance parameters (flagurr) : n
 Preequilibrium (flagpreeq)                : y
 Multiple preequilibrium (flagmulpre)      : n
 Number of continuum excitation energy bins: 40

 ########### REACTION SUMMARY FOR E=   5.00000 ###########

 Center-of-mass energy:    4.976

 1. Total (binary) cross sections

 Total           = 7.12887E+03
   Shape elastic   = 4.43184E+03
   Reaction        = 2.69703E+03
     Compound elastic= 3.40292E+02
     Non-elastic     = 2.35674E+03
       Direct          = 6.74707E+01
       Pre-equilibrium = 1.09950E+01
       Giant resonance = 5.76083E+00
       Compound non-el = 2.27251E+03
     Total elastic   = 4.77213E+03

 2. Binary non-elastic cross sections (non-exclusive)

 gamma   = 2.05218E+00
 neutron = 2.35469E+03
 proton  = 0.00000E+00
 deuteron= 0.00000E+00
 triton  = 0.00000E+00
 helium-3= 0.00000E+00
 alpha   = 7.52169E-12

 3. Total particle production cross sections

 gamma   = 7.57754E+02    Multiplicity= 3.21526E-01
 neutron = 2.35560E+03    Multiplicity= 9.99517E-01
 proton  = 0.00000E+00    Multiplicity= 0.00000E+00
 deuteron= 0.00000E+00    Multiplicity= 0.00000E+00
 triton  = 0.00000E+00    Multiplicity= 0.00000E+00
 helium-3= 0.00000E+00    Multiplicity= 0.00000E+00
 alpha   = 7.52169E-12    Multiplicity= 3.19157E-15

 4. Residual production cross sections

   a. Per isotope

   Z   A  nuclide    total     level   isomeric    isomeric    lifetime
                 cross section       cross section  ratio

   82 209 (209Pb) 1.14704E+00    0    1.14704E+00  1.00000
   82 208 (208Pb) 2.35560E+03    0    2.35560E+03  1.00000
   80 205 (205Hg) 1.00000E-07    0    0.00000E+00  0.00000
   80 204 (204Hg) 1.00000E-07    0    0.00000E+00  0.00000

   b. Per mass

   A  cross section

  209 1.14704E+00
  208 2.35560E+03

 Total residual production cross section:  2356.7480469
 Non-elastic cross section              :  2356.7382812

 5. Binary reactions to discrete levels and continuum

   (n,g)   cross sections:

 Inclusive:

 Level Energy    E-out     J/P       Direct    Compound      Total     Origin

  0   0.00000   8.91318    4.5+     0.02142     0.24894     0.27036    Preeq 
  1   0.77889   8.13429    5.5+     0.03037     0.08266     0.11303    Preeq 
  2   1.42264   7.49054    7.5-     0.01041     0.00390     0.01431    Preeq 
  3   1.56709   7.34610    2.5+     0.00684     0.07169     0.07853    Preeq 
  4   2.03221   6.88097    0.5+     0.00564     0.02507     0.03071    Preeq 
  5   2.14943   6.76375    0.5-     0.00232     0.01571     0.01803    Preeq 
  6   2.31593   6.59725    1.5-     0.00224     0.02125     0.02349    Preeq 
  7   2.42400   6.48918    3.5-     0.00102     0.01815     0.01916    Preeq 
  8   2.46100   6.45218    2.5-     0.00039     0.01836     0.01876    Preeq 
  9   2.49100   6.42218    3.5+     0.00037     0.03525     0.03563    Preeq 
 10   2.52493   6.38825    1.5-     0.00020     0.01790     0.01810    Preeq 
                                  ---------   ---------   ---------
 Discrete    (n,g)  :               0.08122     0.55889     0.64011
 Continuum   (n,g)  :               0.02655     1.38551     1.41207
                                  ---------   ---------   ---------
 Total       (n,g)  :               0.10777     1.94441     2.05218


 Exclusive

 Discrete    (n,g)  :     0.64011
 Continuum   (n,g)  :     0.50692
 Total       (n,g)  :     1.14704

 Inelastic cross sections:

 Inclusive:

 Level Energy    E-out     J/P       Direct    Compound      Total     Origin

  1   2.61452   2.36128    3.0-    48.44180   294.53448   342.97629    Direct
  2   3.19771   1.77809    5.0-     8.70595   158.29474   167.00069    Direct
  3   3.47508   1.50073    4.0-     0.00000   163.66147   163.66147    Preeq 
  4   3.70845   1.26735    5.0-     2.12466   105.70676   107.83142    Direct
  5   3.91997   1.05584    6.0-     0.00000    53.26153    53.26153    Preeq 
  6   3.94658   1.02923    4.0-     0.00000   108.50078   108.50078    Preeq 
  7   3.96116   1.01464    5.0-     0.53303    83.43751    83.97054    Direct
  8   3.99544   0.98037    4.0-     0.00000   103.28599   103.28599    Preeq 
  9   4.03744   0.93836    7.0-     0.53410    20.23626    20.77036    Direct
 10   4.05113   0.92467    3.0-     1.00225   106.34875   107.35100    Direct
 11   4.08552   0.89028    2.0+     0.46462   101.19170   101.65632    Direct
 12   4.12535   0.85046    5.0-     5.01093    69.88977    74.90070    Direct
 13   4.14400   0.83180    1.0+     0.00000    68.98141    68.98141    Preeq 
 14   4.18041   0.79539    5.0-     0.57209    65.41279    65.98488    Direct
 15   4.20628   0.76953    6.0-     0.00000    37.64046    37.64046    Preeq 
                                  ---------   ---------   ---------
 Discrete  Inelastic:              67.38944  1540.38452  1607.77393
 Continuum Inelastic:              16.72929   730.18799   746.91730
                                  ---------   ---------   ---------
 Total     Inelastic:              84.11874  2270.57251  2354.69360

 (n,gn) cross section:     0.90603

 Exclusive

 Discrete  Inelastic:  1607.77393
 Continuum Inelastic:   746.92114
 Total     Inelastic:  2354.69507

   (n,a)   cross sections:

 Inclusive:

 Level Energy    E-out     J/P       Direct    Compound      Total     Origin

  0   0.00000  11.16142    0.5-     0.00000     0.00000     0.00000    Preeq 
  1   0.37946  10.78195    2.5-     0.00000     0.00000     0.00000    Preeq 
  2   0.46751  10.69390    1.5-     0.00000     0.00000     0.00000    Preeq 
  3   1.28070   9.88072    3.5+     0.00000     0.00000     0.00000    Preeq 
  4   1.32520   9.83622    4.5+     0.00000     0.00000     0.00000    Preeq 
  5   1.34612   9.81530    3.5-     0.00000     0.00000     0.00000    Preeq 
  6   1.39508   9.76634    4.5-     0.00000     0.00000     0.00000    Preeq 
  7   1.44750   9.71391    5.5-     0.00000     0.00000     0.00000    Preeq 
  8   1.55640   9.60501    6.5+     0.00000     0.00000     0.00000    Preeq 
  9   1.81820   9.34321    2.5+     0.00000     0.00000     0.00000    Preeq 
 10   1.84730   9.31412    4.5+     0.00000     0.00000     0.00000    Preeq 
                                  ---------   ---------   ---------
 Discrete    (n,a)  :               0.00000     0.00000     0.00000
 Continuum   (n,a)  :               0.00000     0.00000     0.00000
                                  ---------   ---------   ---------
 Total       (n,a)  :               0.00000     0.00000     0.00000

 (n,ga) cross section:     0.00000

 Exclusive

 Discrete    (n,a)  :     0.00000
 Continuum   (n,a)  :     0.00000
 Total       (n,a)  :     0.00000

 6. Exclusive cross sections

 6a. Total exclusive cross sections 

     Emitted particles     cross section reaction         level    isomeric    isomeric    lifetime relative yield
    n   p   d   t   h   a                                        cross section   ratio
    0   0   0   0   0   0    1.14704E+00  (n,g)                                                     4.86890E-04
    1   0   0   0   0   0    2.35470E+03  (n,n')                                                    9.99513E-01
    0   0   0   0   0   1    1.00000E-07  (n,a)                                                     4.24477E-11
    1   0   0   0   0   1    1.00000E-07  (n,na)                                                    4.24477E-11
    0   0   0   0   0   2    1.00000E-07  (n,2a)                                                    4.24477E-11
    1   0   0   0   0   2    1.00000E-07  (n,n2a)                                                   4.24477E-11
    0   0   0   0   0   3    1.00000E-07  (n,3a)                                                    4.24477E-11

 Absorption cross section                 :     1.14704

 Sum over exclusive channel cross sections:  2355.84204
 (n,gn) + (n,gp) +...(n,ga) cross sections:     0.90603
 Total                                    :  2356.74805
 Non-elastic cross section                :  2356.73828

 ########## RESULTS FOR E=   5.50000 ##########

 Energy dependent input flags

 Width fluctuations (flagwidth)            : y
 Unresolved resonance parameters (flagurr) : n
 Preequilibrium (flagpreeq)                : y
 Multiple preequilibrium (flagmulpre)      : n
 Number of continuum excitation energy bins: 40

 ########### REACTION SUMMARY FOR E=   5.50000 ###########

 Center-of-mass energy:    5.473

 1. Total (binary) cross sections

 Total           = 6.80581E+03
   Shape elastic   = 4.15036E+03
   Reaction        = 2.65545E+03
     Compound elastic= 1.73175E+02
     Non-elastic     = 2.48228E+03
       Direct          = 7.36114E+01
       Pre-equilibrium = 2.68531E+01
       Giant resonance = 1.18535E+01
       Compound non-el = 2.36996E+03
     Total elastic   = 4.32353E+03

 2. Binary non-elastic cross sections (non-exclusive)

 gamma   = 1.87672E+00
 neutron = 2.48041E+03
 proton  = 3.24284E-28
 deuteron= 0.00000E+00
 triton  = 0.00000E+00
 helium-3= 0.00000E+00
 alpha   = 5.00320E-11

 3. Total particle production cross sections

 gamma   = 1.30847E+03    Multiplicity= 5.27123E-01
 neutron = 2.48134E+03    Multiplicity= 9.99623E-01
 proton  = 3.24284E-28    Multiplicity= 1.30640E-31
 deuteron= 0.00000E+00    Multiplicity= 0.00000E+00
 triton  = 0.00000E+00    Multiplicity= 0.00000E+00
 helium-3= 0.00000E+00    Multiplicity= 0.00000E+00
 alpha   = 5.00320E-11    Multiplicity= 2.01557E-14

 4. Residual production cross sections

   a. Per isotope

   Z   A  nuclide    total     level   isomeric    isomeric    lifetime
                 cross section       cross section  ratio

   82 209 (209Pb) 9.44018E-01    0    9.44018E-01  1.00000
   82 208 (208Pb) 2.48134E+03    0    2.48134E+03  1.00000
   80 205 (205Hg) 1.00000E-07    0    0.00000E+00  0.00000
   80 204 (204Hg) 1.00000E-07    0    0.00000E+00  0.00000

   b. Per mass

   A  cross section

  209 9.44018E-01
  208 2.48134E+03

 Total residual production cross section:  2482.2873535
 Non-elastic cross section              :  2482.2753906

 5. Binary reactions to discrete levels and continuum

   (n,g)   cross sections:

 Inclusive:

 Level Energy    E-out     J/P       Direct    Compound      Total     Origin

  0   0.00000   9.41075    4.5+     0.02680     0.18683     0.21362    Preeq 
  1   0.77889   8.63186    5.5+     0.03795     0.06587     0.10382    Preeq 
  2   1.42264   7.98811    7.5-     0.01302     0.00419     0.01721    Preeq 
  3   1.56709   7.84367    2.5+     0.00858     0.04846     0.05705    Preeq 
  4   2.03221   7.37854    0.5+     0.00713     0.01702     0.02415    Preeq 
  5   2.14943   7.26132    0.5-     0.00295     0.01034     0.01329    Preeq 
  6   2.31593   7.09482    1.5-     0.00285     0.01414     0.01699    Preeq 
  7   2.42400   6.98675    3.5-     0.00130     0.01332     0.01462    Preeq 
  8   2.46100   6.94975    2.5-     0.00051     0.01254     0.01305    Preeq 
  9   2.49100   6.91975    3.5+     0.00048     0.02625     0.02673    Preeq 
 10   2.52493   6.88582    1.5-     0.00026     0.01206     0.01231    Preeq 
                                  ---------   ---------   ---------
 Discrete    (n,g)  :               0.10183     0.41102     0.51285
 Continuum   (n,g)  :               0.03461     1.32926     1.36387
                                  ---------   ---------   ---------
 Total       (n,g)  :               0.13644     1.74028     1.87672


 Exclusive

 Discrete    (n,g)  :     0.51285
 Continuum   (n,g)  :     0.43117
 Total       (n,g)  :     0.94402

 Inelastic cross sections:

 Inclusive:

 Level Energy    E-out     J/P       Direct    Compound      Total     Origin

  1   2.61452   2.85886    3.0-    50.66370   172.36673   223.03043    Direct
  2   3.19771   2.27567    5.0-     9.82912   110.74750   120.57661    Direct
  3   3.47508   1.99830    4.0-     0.00000   115.47644   115.47644    Preeq 
  4   3.70845   1.76493    5.0-     2.50386    81.68553    84.18939    Direct
  5   3.91997   1.55341    6.0-     0.00000    46.53892    46.53892    Preeq 
  6   3.94658   1.52680    4.0-     0.00000    83.43851    83.43851    Preeq 
  7   3.96116   1.51222    5.0-     0.65162    67.61699    68.26862    Direct
  8   3.99544   1.47794    4.0-     0.00000    80.28664    80.28664    Preeq 
  9   4.03744   1.43593    7.0-     0.91166    21.73014    22.64180    Direct
 10   4.05113   1.42224    3.0-     1.17616    80.08216    81.25832    Direct
 11   4.08552   1.38786    2.0+     0.64552    82.03858    82.68410    Direct
 12   4.12535   1.34803    5.0-     6.38491    59.12624    65.51115    Direct
 13   4.14400   1.32938    1.0+     0.00000    54.77120    54.77120    Preeq 
 14   4.18041   1.29296    5.0-     0.74305    56.41508    57.15813    Direct
 15   4.20628   1.26710    6.0-     0.00000    35.85559    35.85559    Preeq 
                                  ---------   ---------   ---------
 Discrete  Inelastic:              73.50961  1148.17627  1221.68591
 Continuum Inelastic:              38.67196  1220.04297  1258.71497
                                  ---------   ---------   ---------
 Total     Inelastic:             112.18156  2368.21924  2480.40503

 (n,gn) cross section:     0.93391

 Exclusive

 Discrete  Inelastic:  1221.68591
 Continuum Inelastic:  1258.72351
 Total     Inelastic:  2480.40942

   (n,p)   cross sections:

 Inclusive:

 Level Energy    E-out     J/P       Direct    Compound      Total     Origin

  0   0.00000   1.25733    5.0+     0.00000     0.00000     0.00000    Preeq 
  1   0.03986   1.21747    4.0+     0.00000     0.00000     0.00000    Preeq 
  2   0.32804   0.92929    5.0+     0.00000     0.00000     0.00000    Preeq 
  3   0.47340   0.78393    4.0+     0.00000     0.00000     0.00000    Preeq 
  4   0.49284   0.76449    3.0+     0.00000     0.00000     0.00000    Preeq 
  5   0.61700   0.64033    6.0+     0.00000     0.00000     0.00000    Preeq 
  6   0.62040   0.63693    6.0+     0.00000     0.00000     0.00000    Preeq 
  7   0.69800   0.55933    2.0+     0.00000     0.00000     0.00000    Preeq 
  8   0.76000   0.49733    4.0+     0.00000     0.00000     0.00000    Preeq 
  9   0.78900   0.46833    1.0-     0.00000     0.00000     0.00000    Preeq 
 10   0.80000   0.45733    1.0-     0.00000     0.00000     0.00000    Preeq 
                                  ---------   ---------   ---------
 Discrete    (n,p)  :               0.00000     0.00000     0.00000
 Continuum   (n,p)  :               0.00000     0.00000     0.00000
                                  ---------   ---------   ---------
 Total       (n,p)  :               0.00000     0.00000     0.00000

 (n,gp) cross section:     0.00000

 Exclusive

 Discrete    (n,p)  :     0.00000
 Continuum   (n,p)  :     0.00000
 Total       (n,p)  :     0.00000

   (n,a)   cross sections:

 Inclusive:

 Level Energy    E-out     J/P       Direct    Compound      Total     Origin

  0   0.00000  11.65899    0.5-     0.00000     0.00000     0.00000    Preeq 
  1   0.37946  11.27953    2.5-     0.00000     0.00000     0.00000    Preeq 
  2   0.46751  11.19148    1.5-     0.00000     0.00000     0.00000    Preeq 
  3   1.28070  10.37829    3.5+     0.00000     0.00000     0.00000    Preeq 
  4   1.32520  10.33379    4.5+     0.00000     0.00000     0.00000    Preeq 
  5   1.34612  10.31287    3.5-     0.00000     0.00000     0.00000    Preeq 
  6   1.39508  10.26391    4.5-     0.00000     0.00000     0.00000    Preeq 
  7   1.44750  10.21149    5.5-     0.00000     0.00000     0.00000    Preeq 
  8   1.55640  10.10259    6.5+     0.00000     0.00000     0.00000    Preeq 
  9   1.81820   9.84079    2.5+     0.00000     0.00000     0.00000    Preeq 
 10   1.84730   9.81169    4.5+     0.00000     0.00000     0.00000    Preeq 
                                  ---------   ---------   ---------
 Discrete    (n,a)  :               0.00000     0.00000     0.00000
 Continuum   (n,a)  :               0.00000     0.00000     0.00000
                                  ---------   ---------   ---------
 Total       (n,a)  :               0.00000     0.00000     0.00000

 (n,ga) cross section:     0.00000

 Exclusive

 Discrete    (n,a)  :     0.00000
 Continuum   (n,a)  :     0.00000
 Total       (n,a)  :     0.00000

 6. Exclusive cross sections

 6a. Total exclusive cross sections 

     Emitted particles     cross section reaction         level    isomeric    isomeric    lifetime relative yield
    n   p   d   t   h   a                                        cross section   ratio
    0   0   0   0   0   0    9.44018E-01  (n,g)                                                     3.80445E-04
    1   0   0   0   0   0    2.48041E+03  (n,n')                                                    9.99620E-01
    0   0   0   0   0   1    1.00000E-07  (n,a)                                                     4.03006E-11
    1   0   0   0   0   1    1.00000E-07  (n,na)                                                    4.03006E-11
    0   0   0   0   0   2    1.00000E-07  (n,2a)                                                    4.03006E-11
    1   0   0   0   0   2    1.00000E-07  (n,n2a)                                                   4.03006E-11
    0   0   0   0   0   3    1.00000E-07  (n,3a)                                                    4.03006E-11

 Absorption cross section                 :     0.94402

 Sum over exclusive channel cross sections:  2481.35352
 (n,gn) + (n,gp) +...(n,ga) cross sections:     0.93391
 Total                                    :  2482.28735
 Non-elastic cross section                :  2482.27539

 ########## RESULTS FOR E=   6.00000 ##########

 Energy dependent input flags

 Width fluctuations (flagwidth)            : y
 Unresolved resonance parameters (flagurr) : n
 Preequilibrium (flagpreeq)                : y
 Multiple preequilibrium (flagmulpre)      : n
 Number of continuum excitation energy bins: 40

 ########### REACTION SUMMARY FOR E=   6.00000 ###########

 Center-of-mass energy:    5.971

 1. Total (binary) cross sections

 Total           = 6.46093E+03
   Shape elastic   = 3.85113E+03
   Reaction        = 2.60980E+03
     Compound elastic= 8.77455E+01
     Non-elastic     = 2.52205E+03
       Direct          = 7.86324E+01
       Pre-equilibrium = 4.85101E+01
       Giant resonance = 1.77126E+01
       Compound non-el = 2.37720E+03
     Total elastic   = 3.93888E+03

 2. Binary non-elastic cross sections (non-exclusive)

 gamma   = 1.76824E+00
 neutron = 2.52029E+03
 proton  = 6.08305E-20
 deuteron= 0.00000E+00
 triton  = 0.00000E+00
 helium-3= 0.00000E+00
 alpha   = 2.90705E-06

 3. Total particle production cross sections

 gamma   = 1.76110E+03    Multiplicity= 6.98279E-01
 neutron = 2.52127E+03    Multiplicity= 9.99689E-01
 proton  = 6.08305E-20    Multiplicity= 2.41194E-23
 deuteron= 0.00000E+00    Multiplicity= 0.00000E+00
 triton  = 0.00000E+00    Multiplicity= 0.00000E+00
 helium-3= 0.00000E+00    Multiplicity= 0.00000E+00
 alpha   = 2.90705E-06    Multiplicity= 1.15265E-09

 4. Residual production cross sections

   a. Per isotope

   Z   A  nuclide    total     level   isomeric    isomeric    lifetime
                 cross section       cross section  ratio

   82 209 (209Pb) 7.93216E-01    0    7.93216E-01  1.00000
   82 208 (208Pb) 2.52127E+03    0    2.52127E+03  1.00000
   80 205 (205Hg) 1.00000E-07    0    2.90676E-06  0.00000
   80 204 (204Hg) 1.00000E-07    0    0.00000E+00  0.00000

   b. Per mass

   A  cross section

  209 7.93216E-01
  208 2.52127E+03

 Total residual production cross section:  2522.0664062
 Non-elastic cross section              :  2522.0544434

 5. Binary reactions to discrete levels and continuum

   (n,g)   cross sections:

 Inclusive:

 Level Energy    E-out     J/P       Direct    Compound      Total     Origin

  0   0.00000   9.90833    4.5+     0.03373     0.13728     0.17102    Preeq 
  1   0.77889   9.12944    5.5+     0.04766     0.05043     0.09809    Preeq 
  2   1.42264   8.48569    7.5-     0.01628     0.00475     0.02103    Preeq 
  3   1.56709   8.34124    2.5+     0.01074     0.03357     0.04431    Preeq 
  4   2.03221   7.87612    0.5+     0.00894     0.01193     0.02087    Preeq 
  5   2.14943   7.75890    0.5-     0.00372     0.00724     0.01095    Preeq 
  6   2.31593   7.59240    1.5-     0.00360     0.00991     0.01350    Preeq 
  7   2.42400   7.48433    3.5-     0.00165     0.00988     0.01153    Preeq 
  8   2.46100   7.44733    2.5-     0.00065     0.00891     0.00956    Preeq 
  9   2.49100   7.41733    3.5+     0.00062     0.01911     0.01973    Preeq 
 10   2.52493   7.38340    1.5-     0.00033     0.00852     0.00885    Preeq 
                                  ---------   ---------   ---------
 Discrete    (n,g)  :               0.12792     0.30153     0.42944
 Continuum   (n,g)  :               0.04465     1.29414     1.33880
                                  ---------   ---------   ---------
 Total       (n,g)  :               0.17257     1.59567     1.76824


 Exclusive

 Discrete    (n,g)  :     0.42944
 Continuum   (n,g)  :     0.36377
 Total       (n,g)  :     0.79322

 Inelastic cross sections:

 Inclusive:

 Level Energy    E-out     J/P       Direct    Compound      Total     Origin

  1   2.61452   3.35643    3.0-    52.26750    99.71722   151.98473    Direct
  2   3.19771   2.77324    5.0-    10.74430    72.32497    83.06927    Direct
  3   3.47508   2.49587    4.0-     0.00000    75.93370    75.93370    Preeq 
  4   3.70845   2.26250    5.0-     2.84102    58.29842    61.13943    Direct
  5   3.91997   2.05098    6.0-     0.00000    37.38966    37.38966    Preeq 
  6   3.94658   2.02437    4.0-     0.00000    60.06590    60.06590    Preeq 
  7   3.96116   2.00979    5.0-     0.75458    50.65229    51.40686    Direct
  8   3.99544   1.97551    4.0-     0.00000    58.30941    58.30941    Preeq 
  9   4.03744   1.93351    7.0-     1.37659    20.66678    22.04338    Direct
 10   4.05113   1.91982    3.0-     1.32217    57.21177    58.53394    Direct
 11   4.08552   1.88543    2.0+     0.82106    63.26735    64.08842    Direct
 12   4.12535   1.84560    5.0-     7.49981    45.54998    53.04979    Direct
 13   4.14400   1.82695    1.0+     0.00000    41.70453    41.70453    Preeq 
 14   4.18041   1.79054    5.0-     0.87743    43.84409    44.72152    Direct
 15   4.20628   1.76467    6.0-     0.00000    30.46702    30.46702    Preeq 
                                  ---------   ---------   ---------
 Discrete  Inelastic:              78.50446   815.40314   893.90759
 Continuum Inelastic:              66.17802  1560.20789  1626.38586
                                  ---------   ---------   ---------
 Total     Inelastic:             144.68248  2375.61108  2520.29321

 (n,gn) cross section:     0.97607

 Exclusive

 Discrete  Inelastic:   893.90759
 Continuum Inelastic:  1626.38928
 Total     Inelastic:  2520.29688

   (n,p)   cross sections:

 Inclusive:

 Level Energy    E-out     J/P       Direct    Compound      Total     Origin

  0   0.00000   1.75490    5.0+     0.00000     0.00000     0.00000    Preeq 
  1   0.03986   1.71505    4.0+     0.00000     0.00000     0.00000    Preeq 
  2   0.32804   1.42686    5.0+     0.00000     0.00000     0.00000    Preeq 
  3   0.47340   1.28150    4.0+     0.00000     0.00000     0.00000    Preeq 
  4   0.49284   1.26206    3.0+     0.00000     0.00000     0.00000    Preeq 
  5   0.61700   1.13790    6.0+     0.00000     0.00000     0.00000    Preeq 
  6   0.62040   1.13450    6.0+     0.00000     0.00000     0.00000    Preeq 
  7   0.69800   1.05690    2.0+     0.00000     0.00000     0.00000    Preeq 
  8   0.76000   0.99490    4.0+     0.00000     0.00000     0.00000    Preeq 
  9   0.78900   0.96590    1.0-     0.00000     0.00000     0.00000    Preeq 
 10   0.80000   0.95490    1.0-     0.00000     0.00000     0.00000    Preeq 
                                  ---------   ---------   ---------
 Discrete    (n,p)  :               0.00000     0.00000     0.00000
 Continuum   (n,p)  :               0.00000     0.00000     0.00000
                                  ---------   ---------   ---------
 Total       (n,p)  :               0.00000     0.00000     0.00000

 (n,gp) cross section:     0.00000

 Exclusive

 Discrete    (n,p)  :     0.00000
 Continuum   (n,p)  :     0.00000
 Total       (n,p)  :     0.00000

   (n,a)   cross sections:

 Inclusive:

 Level Energy    E-out     J/P       Direct    Compound      Total     Origin

  0   0.00000  12.15656    0.5-     0.00000     0.00000     0.00000    Preeq 
  1   0.37946  11.77710    2.5-     0.00000     0.00000     0.00000    Preeq 
  2   0.46751  11.68905    1.5-     0.00000     0.00000     0.00000    Preeq 
  3   1.28070  10.87586    3.5+     0.00000     0.00000     0.00000    Preeq 
  4   1.32520  10.83136    4.5+     0.00000     0.00000     0.00000    Preeq 
  5   1.34612  10.81044    3.5-     0.00000     0.00000     0.00000    Preeq 
  6   1.39508  10.76148    4.5-     0.00000     0.00000     0.00000    Preeq 
  7   1.44750  10.70906    5.5-     0.00000     0.00000     0.00000    Preeq 
  8   1.55640  10.60016    6.5+     0.00000     0.00000     0.00000    Preeq 
  9   1.81820  10.33836    2.5+     0.00000     0.00000     0.00000    Preeq 
 10   1.84730  10.30926    4.5+     0.00000     0.00000     0.00000    Preeq 
                                  ---------   ---------   ---------
 Discrete    (n,a)  :               0.00000     0.00000     0.00000
 Continuum   (n,a)  :               0.00000     0.00000     0.00000
                                  ---------   ---------   ---------
 Total       (n,a)  :               0.00000     0.00000     0.00000

 (n,ga) cross section:     0.00000

 Exclusive

 Discrete    (n,a)  :     0.00000
 Continuum   (n,a)  :     0.00000
 Total       (n,a)  :     0.00000

 6. Exclusive cross sections

 6a. Total exclusive cross sections 

     Emitted particles     cross section reaction         level    isomeric    isomeric    lifetime relative yield
    n   p   d   t   h   a                                        cross section   ratio
    0   0   0   0   0   0    7.93216E-01  (n,g)                                                     3.14632E-04
    1   0   0   0   0   0    2.52030E+03  (n,n')                                                    9.99685E-01
    0   0   0   0   0   1    2.90676E-06  (n,a)                                                     1.15298E-09
    1   0   0   0   0   1    1.00000E-07  (n,na)                                                    3.96654E-11
    0   0   0   0   0   2    1.00000E-07  (n,2a)                                                    3.96654E-11
    1   0   0   0   0   2    1.00000E-07  (n,n2a)                                                   3.96654E-11
    0   0   0   0   0   3    1.00000E-07  (n,3a)                                                    3.96654E-11

 Absorption cross section                 :     0.79322

 Sum over exclusive channel cross sections:  2521.09009
 (n,gn) + (n,gp) +...(n,ga) cross sections:     0.97607
 Total                                    :  2522.06616
 Non-elastic cross section                :  2522.05444

 ########## RESULTS FOR E=   6.50000 ##########

 Energy dependent input flags

 Width fluctuations (flagwidth)            : y
 Unresolved resonance parameters (flagurr) : n
 Preequilibrium (flagpreeq)                : y
 Multiple preequilibrium (flagmulpre)      : n
 Number of continuum excitation energy bins: 40

 ########### REACTION SUMMARY FOR E=   6.50000 ###########

 Center-of-mass energy:    6.469

 1. Total (binary) cross sections

 Total           = 6.13635E+03
   Shape elastic   = 3.55751E+03
   Reaction        = 2.57884E+03
     Compound elastic= 4.52363E+01
     Non-elastic     = 2.53360E+03
       Direct          = 8.33471E+01
       Pre-equilibrium = 7.49377E+01
       Giant resonance = 2.26733E+01
       Compound non-el = 2.35265E+03
     Total elastic   = 3.60275E+03

 2. Binary non-elastic cross sections (non-exclusive)

 gamma   = 1.73633E+00
 neutron = 2.53187E+03
 proton  = 1.94927E-15
 deuteron= 0.00000E+00
 triton  = 0.00000E+00
 helium-3= 0.00000E+00
 alpha   = 1.50324E-05

 3. Total particle production cross sections

 gamma   = 2.16087E+03    Multiplicity= 8.52882E-01
 neutron = 2.53290E+03    Multiplicity= 9.99723E-01
 proton  = 1.94927E-15    Multiplicity= 7.69367E-19
 deuteron= 0.00000E+00    Multiplicity= 0.00000E+00
 triton  = 0.00000E+00    Multiplicity= 0.00000E+00
 helium-3= 0.00000E+00    Multiplicity= 0.00000E+00
 alpha   = 1.50324E-05    Multiplicity= 5.93320E-09

 4. Residual production cross sections

   a. Per isotope

   Z   A  nuclide    total     level   isomeric    isomeric    lifetime
                 cross section       cross section  ratio

   82 209 (209Pb) 7.10402E-01    0    7.10402E-01  1.00000
   82 208 (208Pb) 2.53291E+03    0    2.53291E+03  1.00000
   80 205 (205Hg) 1.00000E-07    0    7.57443E-06  0.00000
   80 204 (204Hg) 1.00000E-07    0    0.00000E+00  0.00000

   b. Per mass

   A  cross section

  209 7.10402E-01
  208 2.53291E+03

 Total residual production cross section:  2533.6223145
 Non-elastic cross section              :  2533.6037598

 5. Binary reactions to discrete levels and continuum

   (n,g)   cross sections:

 Inclusive:

 Level Energy    E-out     J/P       Direct    Compound      Total     Origin

  0   0.00000  10.40590    4.5+     0.04280     0.10075     0.14355    Preeq 
  1   0.77889   9.62701    5.5+     0.06046     0.03802     0.09849    Preeq 
  2   1.42264   8.98326    7.5-     0.02061     0.00548     0.02610    Preeq 
  3   1.56709   8.83881    2.5+     0.01357     0.02402     0.03758    Preeq 
  4   2.03221   8.37369    0.5+     0.01130     0.00866     0.01996    Preeq 
  5   2.14943   8.25647    0.5-     0.00470     0.00539     0.01008    Preeq 
  6   2.31593   8.08997    1.5-     0.00454     0.00734     0.01189    Preeq 
  7   2.42400   7.98190    3.5-     0.00209     0.00761     0.00970    Preeq 
  8   2.46100   7.94490    2.5-     0.00082     0.00667     0.00750    Preeq 
  9   2.49100   7.91490    3.5+     0.00079     0.01387     0.01465    Preeq 
 10   2.52493   7.88097    1.5-     0.00042     0.00632     0.00674    Preeq 
                                  ---------   ---------   ---------
 Discrete    (n,g)  :               0.16211     0.22414     0.38625
 Continuum   (n,g)  :               0.05749     1.29259     1.35008
                                  ---------   ---------   ---------
 Total       (n,g)  :               0.21960     1.51673     1.73633


 Exclusive

 Discrete    (n,g)  :     0.38625
 Continuum   (n,g)  :     0.32415
 Total       (n,g)  :     0.71040

 Inelastic cross sections:

 Inclusive:

 Level Energy    E-out     J/P       Direct    Compound      Total     Origin

  1   2.61452   3.85400    3.0-    53.82100    58.74758   112.56858    Direct
  2   3.19771   3.27081    5.0-    11.53580    46.39129    57.92709    Direct
  3   3.47508   2.99344    4.0-     0.00000    48.30997    48.30997    Preeq 
  4   3.70845   2.76007    5.0-     3.13742    39.54127    42.67869    Direct
  5   3.91997   2.54855    6.0-     0.00000    28.01426    28.01426    Preeq 
  6   3.94658   2.52194    4.0-     0.00000    40.99416    40.99416    Preeq 
  7   3.96116   2.50736    5.0-     0.84992    35.83102    36.68093    Direct
  8   3.99544   2.47308    4.0-     0.00000    40.16322    40.16322    Preeq 
  9   4.03744   2.43108    7.0-     1.87032    17.61798    19.48829    Direct
 10   4.05113   2.41739    3.0-     1.46303    39.01943    40.48246    Direct
 11   4.08552   2.38300    2.0+     0.93382    43.06270    43.99652    Direct
 12   4.12535   2.34317    5.0-     8.56665    33.25468    41.82133    Direct
 13   4.14400   2.32452    1.0+     0.00000    28.42761    28.42761    Preeq 
 14   4.18041   2.28811    5.0-     1.00705    32.36104    33.36809    Direct
 15   4.20628   2.26224    6.0-     0.00000    24.30015    24.30015    Preeq 
                                  ---------   ---------   ---------
 Discrete  Inelastic:              83.18501   556.03638   639.22137
 Continuum Inelastic:              97.55358  1795.09802  1892.65161
                                  ---------   ---------   ---------
 Total     Inelastic:             180.73859  2351.13428  2531.87402

 (n,gn) cross section:     1.02733

 Exclusive

 Discrete  Inelastic:   639.22137
 Continuum Inelastic:  1892.66309
 Total     Inelastic:  2531.88452

   (n,p)   cross sections:

 Inclusive:

 Level Energy    E-out     J/P       Direct    Compound      Total     Origin

  0   0.00000   2.25247    5.0+     0.00000     0.00000     0.00000    Preeq 
  1   0.03986   2.21262    4.0+     0.00000     0.00000     0.00000    Preeq 
  2   0.32804   1.92443    5.0+     0.00000     0.00000     0.00000    Preeq 
  3   0.47340   1.77907    4.0+     0.00000     0.00000     0.00000    Preeq 
  4   0.49284   1.75963    3.0+     0.00000     0.00000     0.00000    Preeq 
  5   0.61700   1.63547    6.0+     0.00000     0.00000     0.00000    Preeq 
  6   0.62040   1.63207    6.0+     0.00000     0.00000     0.00000    Preeq 
  7   0.69800   1.55447    2.0+     0.00000     0.00000     0.00000    Preeq 
  8   0.76000   1.49247    4.0+     0.00000     0.00000     0.00000    Preeq 
  9   0.78900   1.46347    1.0-     0.00000     0.00000     0.00000    Preeq 
 10   0.80000   1.45247    1.0-     0.00000     0.00000     0.00000    Preeq 
                                  ---------   ---------   ---------
 Discrete    (n,p)  :               0.00000     0.00000     0.00000
 Continuum   (n,p)  :               0.00000     0.00000     0.00000
                                  ---------   ---------   ---------
 Total       (n,p)  :               0.00000     0.00000     0.00000

 (n,gp) cross section:     0.00000

 Exclusive

 Discrete    (n,p)  :     0.00000
 Continuum   (n,p)  :     0.00000
 Total       (n,p)  :     0.00000

   (n,a)   cross sections:

 Inclusive:

 Level Energy    E-out     J/P       Direct    Compound      Total     Origin

  0   0.00000  12.65413    0.5-     0.00000     0.00001     0.00001    Preeq 
  1   0.37946  12.27467    2.5-     0.00000     0.00000     0.00000    Preeq 
  2   0.46751  12.18662    1.5-     0.00000     0.00000     0.00000    Preeq 
  3   1.28070  11.37343    3.5+     0.00000     0.00000     0.00000    Preeq 
  4   1.32520  11.32893    4.5+     0.00000     0.00000     0.00000    Preeq 
  5   1.34612  11.30801    3.5-     0.00000     0.00000     0.00000    Preeq 
  6   1.39508  11.25905    4.5-     0.00000     0.00000     0.00000    Preeq 
  7   1.44750  11.20663    5.5-     0.00000     0.00000     0.00000    Preeq 
  8   1.55640  11.09773    6.5+     0.00000     0.00000     0.00000    Preeq 
  9   1.81820  10.83593    2.5+     0.00000     0.00000     0.00000    Preeq 
 10   1.84730  10.80683    4.5+     0.00000     0.00000     0.00000    Preeq 
                                  ---------   ---------   ---------
 Discrete    (n,a)  :               0.00000     0.00002     0.00001
 Continuum   (n,a)  :               0.00000     0.00000     0.00000
                                  ---------   ---------   ---------
 Total       (n,a)  :               0.00000     0.00002     0.00002

 (n,ga) cross section:     0.00000

 Exclusive

 Discrete    (n,a)  :     0.00001
 Continuum   (n,a)  :     0.00000
 Total       (n,a)  :     0.00001

 6. Exclusive cross sections

 6a. Total exclusive cross sections 

     Emitted particles     cross section reaction         level    isomeric    isomeric    lifetime relative yield
    n   p   d   t   h   a                                        cross section   ratio
    0   0   0   0   0   0    7.10402E-01  (n,g)                                                     2.80504E-04
    1   0   0   0   0   0    2.53188E+03  (n,n')                                                    9.99720E-01
    0   0   0   0   0   1    7.57443E-06  (n,a)                                                     2.99078E-09
    1   0   0   0   0   1    1.00000E-07  (n,na)                                                    3.94852E-11
    0   0   0   0   0   2    1.00000E-07  (n,2a)                                                    3.94852E-11
    1   0   0   0   0   2    1.00000E-07  (n,n2a)                                                   3.94852E-11
    0   0   0   0   0   3    1.00000E-07  (n,3a)                                                    3.94852E-11

 Absorption cross section                 :     0.71041

 Sum over exclusive channel cross sections:  2532.59497
 (n,gn) + (n,gp) +...(n,ga) cross sections:     1.02733
 Total                                    :  2533.62231
 Non-elastic cross section                :  2533.60376

 ########## RESULTS FOR E=   7.00000 ##########

 Energy dependent input flags

 Width fluctuations (flagwidth)            : y
 Unresolved resonance parameters (flagurr) : n
 Preequilibrium (flagpreeq)                : y
 Multiple preequilibrium (flagmulpre)      : n
 Number of continuum excitation energy bins: 40

 ########### REACTION SUMMARY FOR E=   7.00000 ###########

 Center-of-mass energy:    6.966

 1. Total (binary) cross sections

 Total           = 5.85758E+03
   Shape elastic   = 3.28783E+03
   Reaction        = 2.56975E+03
     Compound elastic= 2.41583E+01
     Non-elastic     = 2.54559E+03
       Direct          = 8.77667E+01
       Pre-equilibrium = 1.05770E+02
       Giant resonance = 2.64477E+01
       Compound non-el = 2.32561E+03
     Total elastic   = 3.31199E+03

 2. Binary non-elastic cross sections (non-exclusive)

 gamma   = 1.78331E+00
 neutron = 2.54381E+03
 proton  = 4.04558E-12
 deuteron= 5.48044E-31
 triton  = 5.60519E-45
 helium-3= 0.00000E+00
 alpha   = 4.01895E-05

 3. Total particle production cross sections

 gamma   = 2.53976E+03    Multiplicity= 9.97709E-01
 neutron = 2.54493E+03    Multiplicity= 9.99739E-01
 proton  = 4.04558E-12    Multiplicity= 1.58925E-15
 deuteron= 5.48044E-31    Multiplicity= 2.15291E-34
 triton  = 5.60519E-45    Multiplicity= 0.00000E+00
 helium-3= 0.00000E+00    Multiplicity= 0.00000E+00
 alpha   = 4.01895E-05    Multiplicity= 1.57879E-08

 4. Residual production cross sections

   a. Per isotope

   Z   A  nuclide    total     level   isomeric    isomeric    lifetime
                 cross section       cross section  ratio

   82 209 (209Pb) 6.73071E-01    0    6.73071E-01  1.00000
   82 208 (208Pb) 2.54495E+03    0    2.54495E+03  1.00000
   80 205 (205Hg) 1.00000E-07    0    1.93387E-05  0.00000
   80 204 (204Hg) 1.00000E-07    0    0.00000E+00  0.00000

   b. Per mass

   A  cross section

  209 6.73071E-01
  208 2.54495E+03

 Total residual production cross section:  2545.6250000
 Non-elastic cross section              :  2545.5915527

 5. Binary reactions to discrete levels and continuum

   (n,g)   cross sections:

 Inclusive:

 Level Energy    E-out     J/P       Direct    Compound      Total     Origin

  0   0.00000  10.90347    4.5+     0.05527     0.07460     0.12986    Preeq 
  1   0.77889  10.12458    5.5+     0.07801     0.02901     0.10702    Preeq 
  2   1.42264   9.48083    7.5-     0.02652     0.00616     0.03269    Preeq 
  3   1.56709   9.33638    2.5+     0.01743     0.01787     0.03530    Preeq 
  4   2.03221   8.87126    0.5+     0.01449     0.00653     0.02102    Preeq 
  5   2.14943   8.75404    0.5-     0.00601     0.00419     0.01020    Preeq 
  6   2.31593   8.58754    1.5-     0.00582     0.00570     0.01152    Preeq 
  7   2.42400   8.47947    3.5-     0.00268     0.00609     0.00877    Preeq 
  8   2.46100   8.44247    2.5-     0.00105     0.00524     0.00629    Preeq 
  9   2.49100   8.41247    3.5+     0.00101     0.01025     0.01126    Preeq 
 10   2.52493   8.37854    1.5-     0.00053     0.00490     0.00543    Preeq 
                                  ---------   ---------   ---------
 Discrete    (n,g)  :               0.20881     0.17055     0.37936
 Continuum   (n,g)  :               0.07425     1.32970     1.40395
                                  ---------   ---------   ---------
 Total       (n,g)  :               0.28306     1.50024     1.78331


 Exclusive

 Discrete    (n,g)  :     0.37936
 Continuum   (n,g)  :     0.29371
 Total       (n,g)  :     0.67307

 Inelastic cross sections:

 Inclusive:

 Level Energy    E-out     J/P       Direct    Compound      Total     Origin

  1   2.61452   4.35157    3.0-    55.48010    35.34274    90.82284    Direct
  2   3.19771   3.76838    5.0-    12.26520    29.87853    42.14373    Direct
  3   3.47508   3.49101    4.0-     0.00000    30.55407    30.55407    Preeq 
  4   3.70845   3.25764    5.0-     3.39149    26.20412    29.59561    Direct
  5   3.91997   3.04612    6.0-     0.00000    19.96229    19.96229    Preeq 
  6   3.94658   3.01951    4.0-     0.00000    26.94119    26.94119    Preeq 
  7   3.96116   3.00493    5.0-     0.93166    24.34011    25.27176    Direct
  8   3.99544   2.97065    4.0-     0.00000    26.54916    26.54916    Preeq 
  9   4.03744   2.92865    7.0-     2.31592    13.70899    16.02491    Direct
 10   4.05113   2.91496    3.0-     1.58022    25.41873    26.99895    Direct
 11   4.08552   2.88057    2.0+     0.97277    26.57630    27.54906    Direct
 12   4.12535   2.84074    5.0-     9.49908    23.07950    32.57858    Direct
 13   4.14400   2.82209    1.0+     0.00000    17.57845    17.57845    Preeq 
 14   4.18041   2.78568    5.0-     1.12144    22.64339    23.76483    Direct
 15   4.20628   2.75981    6.0-     0.00000    18.06718    18.06718    Preeq 
                                  ---------   ---------   ---------
 Discrete  Inelastic:              87.55787   366.84476   454.40262
 Continuum Inelastic:             132.14362  1957.26746  2089.41113
                                  ---------   ---------   ---------
 Total     Inelastic:             219.70148  2324.11230  2543.81470

 (n,gn) cross section:     1.11211

 Exclusive

 Discrete  Inelastic:   454.40262
 Continuum Inelastic:  2089.43726
 Total     Inelastic:  2543.83984

   (n,p)   cross sections:

 Inclusive:

 Level Energy    E-out     J/P       Direct    Compound      Total     Origin

  0   0.00000   2.75004    5.0+     0.00000     0.00000     0.00000    Preeq 
  1   0.03986   2.71019    4.0+     0.00000     0.00000     0.00000    Preeq 
  2   0.32804   2.42200    5.0+     0.00000     0.00000     0.00000    Preeq 
  3   0.47340   2.27664    4.0+     0.00000     0.00000     0.00000    Preeq 
  4   0.49284   2.25720    3.0+     0.00000     0.00000     0.00000    Preeq 
  5   0.61700   2.13304    6.0+     0.00000     0.00000     0.00000    Preeq 
  6   0.62040   2.12964    6.0+     0.00000     0.00000     0.00000    Preeq 
  7   0.69800   2.05204    2.0+     0.00000     0.00000     0.00000    Preeq 
  8   0.76000   1.99004    4.0+     0.00000     0.00000     0.00000    Preeq 
  9   0.78900   1.96104    1.0-     0.00000     0.00000     0.00000    Preeq 
 10   0.80000   1.95004    1.0-     0.00000     0.00000     0.00000    Preeq 
                                  ---------   ---------   ---------
 Discrete    (n,p)  :               0.00000     0.00000     0.00000
 Continuum   (n,p)  :               0.00000     0.00000     0.00000
                                  ---------   ---------   ---------
 Total       (n,p)  :               0.00000     0.00000     0.00000

 (n,gp) cross section:     0.00000

 Exclusive

 Discrete    (n,p)  :     0.00000
 Continuum   (n,p)  :     0.00000
 Total       (n,p)  :     0.00000

   (n,d)   cross sections:

 Inclusive:

 Level Energy    E-out     J/P       Direct    Compound      Total     Origin

  0   0.00000   1.18761    0.5+     0.00000     0.00000     0.00000    Preeq 
  1   0.35106   0.83655    1.5+     0.00000     0.00000     0.00000    Preeq 
  2   1.34818  -0.16057    5.5-     0.00000     0.00000     0.00000          
  3   1.68258  -0.49497    2.5+     0.00000     0.00000     0.00000          
  4   2.67569  -1.48808    2.5+     0.00000     0.00000     0.00000          
  5   2.70892  -1.52131    2.5-     0.00000     0.00000     0.00000          
                                  ---------   ---------   ---------
 Discrete    (n,d)  :               0.00000     0.00000     0.00000
 Continuum   (n,d)  :               0.00000     0.00000     0.00000
                                  ---------   ---------   ---------
 Total       (n,d)  :               0.00000     0.00000     0.00000

 (n,gd) cross section:     0.00000

 Exclusive

 Discrete    (n,d)  :     0.00000
 Continuum   (n,d)  :     0.00000
 Total       (n,d)  :     0.00000

   (n,t)   cross sections:

 Inclusive:

 Level Energy    E-out     J/P       Direct    Compound      Total     Origin

  0   0.00000   0.59239    0.0-     0.00000     0.00000     0.00000    Preeq 
  1   0.26583   0.32656    2.0-     0.00000     0.00000     0.00000    Preeq 
  2   0.30490   0.28750    1.0-     0.00000     0.00000     0.00000    Preeq 
  3   0.63502  -0.04263    2.0-     0.00000     0.00000     0.00000          
  4   0.64942  -0.05703    1.0-     0.00000     0.00000     0.00000          
  5   2.64310  -2.05071   12.0-     0.00000     0.00000     0.00000          
                                  ---------   ---------   ---------
 Discrete    (n,t)  :               0.00000     0.00000     0.00000
 Continuum   (n,t)  :               0.00000     0.00000     0.00000
                                  ---------   ---------   ---------
 Total       (n,t)  :               0.00000     0.00000     0.00000

 (n,gt) cross section:     0.00000

 Exclusive

 Discrete    (n,t)  :     0.00000
 Continuum   (n,t)  :     0.00000
 Total       (n,t)  :     0.00000

   (n,a)   cross sections:

 Inclusive:

 Level Energy    E-out     J/P       Direct    Compound      Total     Origin

  0   0.00000  13.15170    0.5-     0.00000     0.00002     0.00002    Preeq 
  1   0.37946  12.77224    2.5-     0.00000     0.00001     0.00001    Preeq 
  2   0.46751  12.68419    1.5-     0.00000     0.00001     0.00001    Preeq 
  3   1.28070  11.87100    3.5+     0.00000     0.00000     0.00000    Preeq 
  4   1.32520  11.82650    4.5+     0.00000     0.00000     0.00000    Preeq 
  5   1.34612  11.80558    3.5-     0.00000     0.00000     0.00000    Preeq 
  6   1.39508  11.75662    4.5-     0.00000     0.00000     0.00000    Preeq 
  7   1.44750  11.70420    5.5-     0.00000     0.00000     0.00000    Preeq 
  8   1.55640  11.59530    6.5+     0.00000     0.00000     0.00000    Preeq 
  9   1.81820  11.33350    2.5+     0.00000     0.00000     0.00000    Preeq 
 10   1.84730  11.30440    4.5+     0.00000     0.00000     0.00000    Preeq 
                                  ---------   ---------   ---------
 Discrete    (n,a)  :               0.00000     0.00004     0.00002
 Continuum   (n,a)  :               0.00000     0.00000     0.00000
                                  ---------   ---------   ---------
 Total       (n,a)  :               0.00000     0.00004     0.00004

 (n,ga) cross section:     0.00000

 Exclusive

 Discrete    (n,a)  :     0.00002
 Continuum   (n,a)  :     0.00000
 Total       (n,a)  :     0.00002

 6. Exclusive cross sections

 6a. Total exclusive cross sections 

     Emitted particles     cross section reaction         level    isomeric    isomeric    lifetime relative yield
    n   p   d   t   h   a                                        cross section   ratio
    0   0   0   0   0   0    6.73071E-01  (n,g)                                                     2.64519E-04
    1   0   0   0   0   0    2.54384E+03  (n,n')                                                    9.99735E-01
    0   0   0   0   0   1    1.93387E-05  (n,a)                                                     7.60016E-09
    1   0   0   0   0   1    1.00000E-07  (n,na)                                                    3.93003E-11
    0   0   0   0   0   2    1.00000E-07  (n,2a)                                                    3.93003E-11
    1   0   0   0   0   2    1.00000E-07  (n,n2a)                                                   3.93003E-11
    0   0   0   0   0   3    1.00000E-07  (n,3a)                                                    3.93003E-11

 Absorption cross section                 :     0.67309

 Sum over exclusive channel cross sections:  2544.51294
 (n,gn) + (n,gp) +...(n,ga) cross sections:     1.11211
 Total                                    :  2545.62500
 Non-elastic cross section                :  2545.59155

 ########## RESULTS FOR E=   7.50000 ##########

 Energy dependent input flags

 Width fluctuations (flagwidth)            : n
 Unresolved resonance parameters (flagurr) : n
 Preequilibrium (flagpreeq)                : y
 Multiple preequilibrium (flagmulpre)      : n
 Number of continuum excitation energy bins: 40

 ########### REACTION SUMMARY FOR E=   7.50000 ###########

 Center-of-mass energy:    7.464

 1. Total (binary) cross sections

 Total           = 5.63334E+03
   Shape elastic   = 3.05426E+03
   Reaction        = 2.57908E+03
     Compound elastic= 6.33016E+00
     Non-elastic     = 2.57275E+03
       Direct          = 9.15665E+01
       Pre-equilibrium = 1.40097E+02
       Giant resonance = 2.89934E+01
       Compound non-el = 2.31209E+03
     Total elastic   = 3.06059E+03

 2. Binary non-elastic cross sections (non-exclusive)

 gamma   = 1.89427E+00
 neutron = 2.57086E+03
 proton  = 6.63151E-08
 deuteron= 4.03818E-23
 triton  = 2.10195E-43
 helium-3= 0.00000E+00
 alpha   = 1.07365E-04

 3. Total particle production cross sections

 gamma   = 2.91270E+03    Multiplicity= 1.13214E+00
 neutron = 2.57695E+03    Multiplicity= 1.00163E+00
 proton  = 6.63151E-08    Multiplicity= 2.57759E-11
 deuteron= 4.03818E-23    Multiplicity= 1.56960E-26
 triton  = 2.10195E-43    Multiplicity= 0.00000E+00
 helium-3= 0.00000E+00    Multiplicity= 0.00000E+00
 alpha   = 1.07365E-04    Multiplicity= 4.17316E-08

 4. Residual production cross sections

   a. Per isotope

   Z   A  nuclide    total     level   isomeric    isomeric    lifetime
                 cross section       cross section  ratio

   82 209 (209Pb) 6.83001E-01    0    6.83001E-01  1.00000
   82 208 (208Pb) 2.56725E+03    0    2.56725E+03  1.00000
   82 207 (207Pb) 4.87706E+00    0    4.87706E+00  1.00000
   80 205 (205Hg) 1.00000E-07    0    4.41387E-05  0.00000
   80 204 (204Hg) 1.00000E-07    0    0.00000E+00  0.00000

   b. Per mass

   A  cross section

  209 6.83001E-01
  208 2.56725E+03
  207 4.87706E+00

 Total residual production cross section:  2572.8073730
 Non-elastic cross section              :  2572.7500000

 5. Binary reactions to discrete levels and continuum

   (n,g)   cross sections:

 Inclusive:

 Level Energy    E-out     J/P       Direct    Compound      Total     Origin

  0   0.00000  11.40104    4.5+     0.07087     0.05600     0.12687    Preeq 
  1   0.77889  10.62215    5.5+     0.10051     0.02253     0.12304    Preeq 
  2   1.42264   9.97840    7.5-     0.03451     0.00655     0.04106    Preeq 
  3   1.56709   9.83395    2.5+     0.02271     0.01375     0.03645    Preeq 
  4   2.03221   9.36882    0.5+     0.01886     0.00512     0.02397    Preeq 
  5   2.14943   9.25161    0.5-     0.00781     0.00337     0.01118    Preeq 
  6   2.31593   9.08511    1.5-     0.00755     0.00457     0.01213    Preeq 
  7   2.42400   8.97704    3.5-     0.00347     0.00499     0.00846    Preeq 
  8   2.46100   8.94003    2.5-     0.00137     0.00423     0.00559    Preeq 
  9   2.49100   8.91004    3.5+     0.00130     0.00774     0.00904    Preeq 
 10   2.52493   8.87611    1.5-     0.00069     0.00390     0.00460    Preeq 
                                  ---------   ---------   ---------
 Discrete    (n,g)  :               0.26965     0.13274     0.40239
 Continuum   (n,g)  :               0.09631     1.39557     1.49188
                                  ---------   ---------   ---------
 Total       (n,g)  :               0.36596     1.52831     1.89427


 Exclusive

 Discrete    (n,g)  :     0.40239
 Continuum   (n,g)  :     0.28061
 Total       (n,g)  :     0.68300

 Inelastic cross sections:

 Inclusive:

 Level Energy    E-out     J/P       Direct    Compound      Total     Origin

  1   2.61452   4.84914    3.0-    57.00010    21.45567    78.45577    Direct
  2   3.19771   4.26595    5.0-    12.91400    19.28261    32.19661    Direct
  3   3.47508   3.98858    4.0-     0.00000    19.37743    19.37743    Preeq 
  4   3.70845   3.75521    5.0-     3.60315    17.19078    20.79393    Direct
  5   3.91997   3.54369    6.0-     0.00000    13.76076    13.76076    Preeq 
  6   3.94658   3.51708    4.0-     0.00000    17.39428    17.39428    Preeq 
  7   3.96116   3.50250    5.0-     0.99785    16.15765    17.15550    Direct
  8   3.99544   3.46822    4.0-     0.00000    17.18780    17.18780    Preeq 
  9   4.03744   3.42622    7.0-     2.68604    10.01406    12.70010    Direct
 10   4.05113   3.41252    3.0-     1.66677    16.17335    17.84012    Direct
 11   4.08552   3.37814    2.0+     0.96925    15.85165    16.82089    Direct
 12   4.12535   3.33831    5.0-    10.24660    15.48526    25.73186    Direct
 13   4.14400   3.31966    1.0+     0.00000    10.48824    10.48824    Preeq 
 14   4.18041   3.28324    5.0-     1.21304    15.25811    16.47115    Direct
 15   4.20628   3.25738    6.0-     0.00000    12.72774    12.72774    Preeq 
                                  ---------   ---------   ---------
 Discrete  Inelastic:              91.29680   237.80537   329.10217
 Continuum Inelastic:             168.99371  2072.76001  2241.75366
                                  ---------   ---------   ---------
 Total     Inelastic:             260.29053  2310.56543  2570.85596

 (n,gn) cross section:     1.21378

 Exclusive

 Discrete  Inelastic:   329.10217
 Continuum Inelastic:  2236.93115
 Total     Inelastic:  2566.03345

   (n,p)   cross sections:

 Inclusive:

 Level Energy    E-out     J/P       Direct    Compound      Total     Origin

  0   0.00000   3.24761    5.0+     0.00000     0.00000     0.00000    Preeq 
  1   0.03986   3.20775    4.0+     0.00000     0.00000     0.00000    Preeq 
  2   0.32804   2.91957    5.0+     0.00000     0.00000     0.00000    Preeq 
  3   0.47340   2.77421    4.0+     0.00000     0.00000     0.00000    Preeq 
  4   0.49284   2.75477    3.0+     0.00000     0.00000     0.00000    Preeq 
  5   0.61700   2.63061    6.0+     0.00000     0.00000     0.00000    Preeq 
  6   0.62040   2.62721    6.0+     0.00000     0.00000     0.00000    Preeq 
  7   0.69800   2.54961    2.0+     0.00000     0.00000     0.00000    Preeq 
  8   0.76000   2.48761    4.0+     0.00000     0.00000     0.00000    Preeq 
  9   0.78900   2.45861    1.0-     0.00000     0.00000     0.00000    Preeq 
 10   0.80000   2.44761    1.0-     0.00000     0.00000     0.00000    Preeq 
                                  ---------   ---------   ---------
 Discrete    (n,p)  :               0.00000     0.00000     0.00000
 Continuum   (n,p)  :               0.00000     0.00000     0.00000
                                  ---------   ---------   ---------
 Total       (n,p)  :               0.00000     0.00000     0.00000

 (n,gp) cross section:     0.00000

 Exclusive

 Discrete    (n,p)  :     0.00000
 Continuum   (n,p)  :     0.00000
 Total       (n,p)  :     0.00000

   (n,d)   cross sections:

 Inclusive:

 Level Energy    E-out     J/P       Direct    Compound      Total     Origin

  0   0.00000   1.68518    0.5+     0.00000     0.00000     0.00000    Preeq 
  1   0.35106   1.33412    1.5+     0.00000     0.00000     0.00000    Preeq 
  2   1.34818   0.33700    5.5-     0.00000     0.00000     0.00000    Preeq 
  3   1.68258   0.00260    2.5+     0.00000     0.00000     0.00000    Preeq 
  4   2.67569  -0.99051    2.5+     0.00000     0.00000     0.00000          
  5   2.70892  -1.02374    2.5-     0.00000     0.00000     0.00000          
                                  ---------   ---------   ---------
 Discrete    (n,d)  :               0.00000     0.00000     0.00000
 Continuum   (n,d)  :               0.00000     0.00000     0.00000
                                  ---------   ---------   ---------
 Total       (n,d)  :               0.00000     0.00000     0.00000

 (n,gd) cross section:     0.00000

 Exclusive

 Discrete    (n,d)  :     0.00000
 Continuum   (n,d)  :     0.00000
 Total       (n,d)  :     0.00000

   (n,t)   cross sections:

 Inclusive:

 Level Energy    E-out     J/P       Direct    Compound      Total     Origin

  0   0.00000   1.08996    0.0-     0.00000     0.00000     0.00000    Preeq 
  1   0.26583   0.82413    2.0-     0.00000     0.00000     0.00000    Preeq 
  2   0.30490   0.78506    1.0-     0.00000     0.00000     0.00000    Preeq 
  3   0.63502   0.45494    2.0-     0.00000     0.00000     0.00000    Preeq 
  4   0.64942   0.44054    1.0-     0.00000     0.00000     0.00000    Preeq 
  5   2.64310  -1.55314   12.0-     0.00000     0.00000     0.00000          
                                  ---------   ---------   ---------
 Discrete    (n,t)  :               0.00000     0.00000     0.00000
 Continuum   (n,t)  :               0.00000     0.00000     0.00000
                                  ---------   ---------   ---------
 Total       (n,t)  :               0.00000     0.00000     0.00000

 (n,gt) cross section:     0.00000

 Exclusive

 Discrete    (n,t)  :     0.00000
 Continuum   (n,t)  :     0.00000
 Total       (n,t)  :     0.00000

   (n,a)   cross sections:

 Inclusive:

 Level Energy    E-out     J/P       Direct    Compound      Total     Origin

  0   0.00000  13.64927    0.5-     0.00000     0.00004     0.00004    Preeq 
  1   0.37946  13.26981    2.5-     0.00000     0.00003     0.00003    Preeq 
  2   0.46751  13.18176    1.5-     0.00000     0.00002     0.00002    Preeq 
  3   1.28070  12.36857    3.5+     0.00000     0.00000     0.00000    Preeq 
  4   1.32520  12.32407    4.5+     0.00000     0.00000     0.00000    Preeq 
  5   1.34612  12.30315    3.5-     0.00000     0.00000     0.00000    Preeq 
  6   1.39508  12.25419    4.5-     0.00000     0.00000     0.00000    Preeq 
  7   1.44750  12.20177    5.5-     0.00000     0.00000     0.00000    Preeq 
  8   1.55640  12.09287    6.5+     0.00000     0.00000     0.00000    Preeq 
  9   1.81820  11.83107    2.5+     0.00000     0.00000     0.00000    Preeq 
 10   1.84730  11.80197    4.5+     0.00000     0.00000     0.00000    Preeq 
                                  ---------   ---------   ---------
 Discrete    (n,a)  :               0.00000     0.00011     0.00004
 Continuum   (n,a)  :               0.00000     0.00000     0.00000
                                  ---------   ---------   ---------
 Total       (n,a)  :               0.00000     0.00011     0.00011

 (n,ga) cross section:     0.00000

 Exclusive

 Discrete    (n,a)  :     0.00004
 Continuum   (n,a)  :     0.00000
 Total       (n,a)  :     0.00004

 6. Exclusive cross sections

 6a. Total exclusive cross sections 

     Emitted particles     cross section reaction         level    isomeric    isomeric    lifetime relative yield
    n   p   d   t   h   a                                        cross section   ratio
    0   0   0   0   0   0    6.83001E-01  (n,g)                                                     2.65594E-04
    1   0   0   0   0   0    2.56603E+03  (n,n')                                                    9.97838E-01
    0   0   0   0   0   1    4.41386E-05  (n,a)                                                     1.71639E-08
    2   0   0   0   0   0    4.87706E+00  (n,2n)                                                    1.89651E-03
    1   0   0   0   0   1    1.00000E-07  (n,na)                                                    3.88864E-11
    0   0   0   0   0   2    1.00000E-07  (n,2a)                                                    3.88864E-11
    1   0   0   0   0   2    1.00000E-07  (n,n2a)                                                   3.88864E-11
    0   0   0   0   0   3    1.00000E-07  (n,3a)                                                    3.88864E-11

 Absorption cross section                 :     0.68305

 Sum over exclusive channel cross sections:  2571.59351
 (n,gn) + (n,gp) +...(n,ga) cross sections:     1.21378
 Total                                    :  2572.80737
 Non-elastic cross section                :  2572.75000

 ########## RESULTS FOR E=   8.00000 ##########

 Energy dependent input flags

 Width fluctuations (flagwidth)            : n
 Unresolved resonance parameters (flagurr) : n
 Preequilibrium (flagpreeq)                : y
 Multiple preequilibrium (flagmulpre)      : n
 Number of continuum excitation energy bins: 40

 ########### REACTION SUMMARY FOR E=   8.00000 ###########

 Center-of-mass energy:    7.961

 1. Total (binary) cross sections

 Total           = 5.45936E+03
   Shape elastic   = 2.86238E+03
   Reaction        = 2.59698E+03
     Compound elastic= 3.58299E+00
     Non-elastic     = 2.59340E+03
       Direct          = 9.42538E+01
       Pre-equilibrium = 1.75085E+02
       Giant resonance = 3.05660E+01
       Compound non-el = 2.29349E+03
     Total elastic   = 2.86596E+03

 2. Binary non-elastic cross sections (non-exclusive)

 gamma   = 2.04882E+00
 neutron = 2.59135E+03
 proton  = 3.50486E-06
 deuteron= 1.52275E-18
 triton  = 1.23047E-30
 helium-3= 0.00000E+00
 alpha   = 2.46050E-04

 3. Total particle production cross sections

 gamma   = 3.10824E+03    Multiplicity= 1.19852E+00
 neutron = 2.70307E+03    Multiplicity= 1.04229E+00
 proton  = 3.50486E-06    Multiplicity= 1.35145E-09
 deuteron= 1.52275E-18    Multiplicity= 5.87165E-22
 triton  = 1.23047E-30    Multiplicity= 4.74462E-34
 helium-3= 0.00000E+00    Multiplicity= 0.00000E+00
 alpha   = 2.46051E-04    Multiplicity= 9.48758E-08

 4. Residual production cross sections

   a. Per isotope

   Z   A  nuclide    total     level   isomeric    isomeric    lifetime
                 cross section       cross section  ratio

   82 209 (209Pb) 7.26113E-01    0    7.26113E-01  1.00000
   82 208 (208Pb) 2.48232E+03    0    2.48232E+03  1.00000
   82 207 (207Pb) 1.10398E+02    0    1.10398E+02  1.00000
   80 205 (205Hg) 1.00000E-07    0    8.96028E-05  0.00000
   80 204 (204Hg) 1.00000E-07    0    0.00000E+00  0.00000

   b. Per mass

   A  cross section

  209 7.26113E-01
  208 2.48232E+03
  207 1.10398E+02

 Total residual production cross section:  2593.4453125
 Non-elastic cross section              :  2593.3969727

 5. Binary reactions to discrete levels and continuum

   (n,g)   cross sections:

 Inclusive:

 Level Energy    E-out     J/P       Direct    Compound      Total     Origin

  0   0.00000  11.89860    4.5+     0.08983     0.04143     0.13126    Preeq 
  1   0.77889  11.11971    5.5+     0.12910     0.01764     0.14674    Preeq 
  2   1.42264  10.47596    7.5-     0.04529     0.00650     0.05179    Preeq 
  3   1.56709  10.33152    2.5+     0.02972     0.01076     0.04048    Preeq 
  4   2.03221   9.86639    0.5+     0.02471     0.00408     0.02878    Preeq 
  5   2.14943   9.74917    0.5-     0.01024     0.00275     0.01299    Preeq 
  6   2.31593   9.58267    1.5-     0.00991     0.00373     0.01364    Preeq 
  7   2.42400   9.47460    3.5-     0.00455     0.00414     0.00869    Preeq 
  8   2.46100   9.43760    2.5-     0.00179     0.00347     0.00526    Preeq 
  9   2.49100   9.40760    3.5+     0.00170     0.00595     0.00765    Preeq 
 10   2.52493   9.37367    1.5-     0.00090     0.00317     0.00408    Preeq 
                                  ---------   ---------   ---------
 Discrete    (n,g)  :               0.34776     0.10361     0.45136
 Continuum   (n,g)  :               0.12531     1.47215     1.59746
                                  ---------   ---------   ---------
 Total       (n,g)  :               0.47306     1.57576     2.04882


 Exclusive

 Discrete    (n,g)  :     0.45136
 Continuum   (n,g)  :     0.27475
 Total       (n,g)  :     0.72611

 Inelastic cross sections:

 Inclusive:

 Level Energy    E-out     J/P       Direct    Compound      Total     Origin

  1   2.61452   5.34670    3.0-    57.98410    12.83231    70.81641    Direct
  2   3.19771   4.76351    5.0-    13.40260    12.18883    25.59143    Direct
  3   3.47508   4.48615    4.0-     0.00000    12.12341    12.12341    Preeq 
  4   3.70845   4.25277    5.0-     3.76044    11.06376    14.82420    Direct
  5   3.91997   4.04126    6.0-     0.00000     9.17929     9.17929    Preeq 
  6   3.94658   4.01465    4.0-     0.00000    11.02912    11.02912    Preeq 
  7   3.96116   4.00006    5.0-     1.04631    10.47934    11.52565    Direct
  8   3.99544   3.96579    4.0-     0.00000    10.91330    10.91330    Preeq 
  9   4.03744   3.92378    7.0-     2.97372     6.95111     9.92483    Direct
 10   4.05113   3.91009    3.0-     1.72145    10.10420    11.82565    Direct
 11   4.08552   3.87571    2.0+     0.94974     9.31806    10.26780    Direct
 12   4.12535   3.83588    5.0-    10.78840    10.09521    20.88361    Direct
 13   4.14400   3.81723    1.0+     0.00000     6.15522     6.15522    Preeq 
 14   4.18041   3.78081    5.0-     1.27925     9.96669    11.24594    Direct
 15   4.20628   3.75495    6.0-     0.00000     8.58118     8.58118    Preeq 
                                  ---------   ---------   ---------
 Discrete  Inelastic:              93.90601   150.98105   244.88705
 Continuum Inelastic:             205.52551  2140.93579  2346.46143
                                  ---------   ---------   ---------
 Total     Inelastic:             299.43152  2291.91675  2591.34863

 (n,gn) cross section:     1.32490

 Exclusive

 Discrete  Inelastic:   244.88705
 Continuum Inelastic:  2236.10889
 Total     Inelastic:  2480.99585

   (n,p)   cross sections:

 Inclusive:

 Level Energy    E-out     J/P       Direct    Compound      Total     Origin

  0   0.00000   3.74518    5.0+     0.00000     0.00000     0.00000    Preeq 
  1   0.03986   3.70532    4.0+     0.00000     0.00000     0.00000    Preeq 
  2   0.32804   3.41714    5.0+     0.00000     0.00000     0.00000    Preeq 
  3   0.47340   3.27178    4.0+     0.00000     0.00000     0.00000    Preeq 
  4   0.49284   3.25234    3.0+     0.00000     0.00000     0.00000    Preeq 
  5   0.61700   3.12818    6.0+     0.00000     0.00000     0.00000    Preeq 
  6   0.62040   3.12478    6.0+     0.00000     0.00000     0.00000    Preeq 
  7   0.69800   3.04718    2.0+     0.00000     0.00000     0.00000    Preeq 
  8   0.76000   2.98518    4.0+     0.00000     0.00000     0.00000    Preeq 
  9   0.78900   2.95618    1.0-     0.00000     0.00000     0.00000    Preeq 
 10   0.80000   2.94518    1.0-     0.00000     0.00000     0.00000    Preeq 
                                  ---------   ---------   ---------
 Discrete    (n,p)  :               0.00000     0.00000     0.00000
 Continuum   (n,p)  :               0.00000     0.00000     0.00000
                                  ---------   ---------   ---------
 Total       (n,p)  :               0.00000     0.00000     0.00000

 (n,gp) cross section:     0.00000

 Exclusive

 Discrete    (n,p)  :     0.00000
 Continuum   (n,p)  :     0.00000
 Total       (n,p)  :     0.00000

   (n,d)   cross sections:

 Inclusive:

 Level Energy    E-out     J/P       Direct    Compound      Total     Origin

  0   0.00000   2.18274    0.5+     0.00000     0.00000     0.00000    Preeq 
  1   0.35106   1.83168    1.5+     0.00000     0.00000     0.00000    Preeq 
  2   1.34818   0.83456    5.5-     0.00000     0.00000     0.00000    Preeq 
  3   1.68258   0.50016    2.5+     0.00000     0.00000     0.00000    Preeq 
  4   2.67569  -0.49294    2.5+     0.00000     0.00000     0.00000          
  5   2.70892  -0.52618    2.5-     0.00000     0.00000     0.00000          
                                  ---------   ---------   ---------
 Discrete    (n,d)  :               0.00000     0.00000     0.00000
 Continuum   (n,d)  :               0.00000     0.00000     0.00000
                                  ---------   ---------   ---------
 Total       (n,d)  :               0.00000     0.00000     0.00000

 (n,gd) cross section:     0.00000

 Exclusive

 Discrete    (n,d)  :     0.00000
 Continuum   (n,d)  :     0.00000
 Total       (n,d)  :     0.00000

   (n,t)   cross sections:

 Inclusive:

 Level Energy    E-out     J/P       Direct    Compound      Total     Origin

  0   0.00000   1.58753    0.0-     0.00000     0.00000     0.00000    Preeq 
  1   0.26583   1.32170    2.0-     0.00000     0.00000     0.00000    Preeq 
  2   0.30490   1.28263    1.0-     0.00000     0.00000     0.00000    Preeq 
  3   0.63502   0.95251    2.0-     0.00000     0.00000     0.00000    Preeq 
  4   0.64942   0.93811    1.0-     0.00000     0.00000     0.00000    Preeq 
  5   2.64310  -1.05557   12.0-     0.00000     0.00000     0.00000          
                                  ---------   ---------   ---------
 Discrete    (n,t)  :               0.00000     0.00000     0.00000
 Continuum   (n,t)  :               0.00000     0.00000     0.00000
                                  ---------   ---------   ---------
 Total       (n,t)  :               0.00000     0.00000     0.00000

 (n,gt) cross section:     0.00000

 Exclusive

 Discrete    (n,t)  :     0.00000
 Continuum   (n,t)  :     0.00000
 Total       (n,t)  :     0.00000

   (n,a)   cross sections:

 Inclusive:

 Level Energy    E-out     J/P       Direct    Compound      Total     Origin

  0   0.00000  14.14684    0.5-     0.00000     0.00009     0.00009    Preeq 
  1   0.37946  13.76738    2.5-     0.00000     0.00007     0.00007    Preeq 
  2   0.46751  13.67933    1.5-     0.00000     0.00005     0.00005    Preeq 
  3   1.28070  12.86614    3.5+     0.00000     0.00001     0.00001    Preeq 
  4   1.32520  12.82164    4.5+     0.00000     0.00001     0.00001    Preeq 
  5   1.34612  12.80072    3.5-     0.00000     0.00001     0.00001    Preeq 
  6   1.39508  12.75176    4.5-     0.00000     0.00000     0.00000    Preeq 
  7   1.44750  12.69934    5.5-     0.00000     0.00000     0.00000    Preeq 
  8   1.55640  12.59044    6.5+     0.00000     0.00000     0.00000    Preeq 
  9   1.81820  12.32864    2.5+     0.00000     0.00000     0.00000    Preeq 
 10   1.84730  12.29954    4.5+     0.00000     0.00000     0.00000    Preeq 
                                  ---------   ---------   ---------
 Discrete    (n,a)  :               0.00000     0.00024     0.00009
 Continuum   (n,a)  :               0.00000     0.00000     0.00000
                                  ---------   ---------   ---------
 Total       (n,a)  :               0.00000     0.00025     0.00025

 (n,ga) cross section:     0.00000

 Exclusive

 Discrete    (n,a)  :     0.00009
 Continuum   (n,a)  :     0.00000
 Total       (n,a)  :     0.00009

 6. Exclusive cross sections

 6a. Total exclusive cross sections 

     Emitted particles     cross section reaction         level    isomeric    isomeric    lifetime relative yield
    n   p   d   t   h   a                                        cross section   ratio
    0   0   0   0   0   0    7.26113E-01  (n,g)                                                     2.80123E-04
    1   0   0   0   0   0    2.48100E+03  (n,n')                                                    9.57130E-01
    0   1   0   0   0   0    1.70660E-06  (n,p)                                                     6.58380E-10
    0   0   0   0   0   1    8.96025E-05  (n,a)                                                     3.45672E-08
    2   0   0   0   0   0    1.10398E+02  (n,2n)                                                    4.25900E-02
    1   0   0   0   0   1    1.00000E-07  (n,na)                                                    3.85785E-11
    0   0   0   0   0   2    1.00000E-07  (n,2a)                                                    3.85785E-11
    1   0   0   0   0   2    1.00000E-07  (n,n2a)                                                   3.85785E-11
    0   0   0   0   0   3    1.00000E-07  (n,3a)                                                    3.85785E-11

 Absorption cross section                 :     0.72620

 Sum over exclusive channel cross sections:  2592.12036
 (n,gn) + (n,gp) +...(n,ga) cross sections:     1.32490
 Total                                    :  2593.44531
 Non-elastic cross section                :  2593.39697

 ########## RESULTS FOR E=   8.50000 ##########

 Energy dependent input flags

 Width fluctuations (flagwidth)            : n
 Unresolved resonance parameters (flagurr) : n
 Preequilibrium (flagpreeq)                : y
 Multiple preequilibrium (flagmulpre)      : n
 Number of continuum excitation energy bins: 40

 ########### REACTION SUMMARY FOR E=   8.50000 ###########

 Center-of-mass energy:    8.459

 1. Total (binary) cross sections

 Total           = 5.32496E+03
   Shape elastic   = 2.71208E+03
   Reaction        = 2.61288E+03
     Compound elastic= 2.04848E+00
     Non-elastic     = 2.61083E+03
       Direct          = 9.55049E+01
       Pre-equilibrium = 2.13134E+02
       Giant resonance = 3.14426E+01
       Compound non-el = 2.27075E+03
     Total elastic   = 2.71413E+03

 2. Binary non-elastic cross sections (non-exclusive)

 gamma   = 2.23150E+00
 neutron = 2.60860E+03
 proton  = 3.05248E-05
 deuteron= 3.72231E-15
 triton  = 7.41193E-24
 helium-3= 0.00000E+00
 alpha   = 5.08058E-04

 3. Total particle production cross sections

 gamma   = 3.07059E+03    Multiplicity= 1.17610E+00
 neutron = 2.94933E+03    Multiplicity= 1.12965E+00
 proton  = 3.05248E-05    Multiplicity= 1.16916E-08
 deuteron= 3.72231E-15    Multiplicity= 1.42572E-18
 triton  = 7.41193E-24    Multiplicity= 2.83892E-27
 helium-3= 0.00000E+00    Multiplicity= 0.00000E+00
 alpha   = 5.08060E-04    Multiplicity= 1.94597E-07

 4. Residual production cross sections

   a. Per isotope

   Z   A  nuclide    total     level   isomeric    isomeric    lifetime
                 cross section       cross section  ratio

   82 209 (209Pb) 7.91702E-01    0    7.91702E-01  1.00000
   82 208 (208Pb) 2.27084E+03    0    2.27084E+03  1.00000
   82 207 (207Pb) 3.39287E+02    0    3.39287E+02  1.00000
   80 205 (205Hg) 1.00000E-07    0    1.64287E-04  0.00000
   80 204 (204Hg) 1.00000E-07    0    0.00000E+00  0.00000

   b. Per mass

   A  cross section

  209 7.91702E-01
  208 2.27084E+03
  207 3.39287E+02

 Total residual production cross section:  2610.9152832
 Non-elastic cross section              :  2610.8312988

 5. Binary reactions to discrete levels and continuum

   (n,g)   cross sections:

 Inclusive:

 Level Energy    E-out     J/P       Direct    Compound      Total     Origin

  0   0.00000  12.39617    4.5+     0.11061     0.02932     0.13994    Preeq 
  1   0.77889  11.61728    5.5+     0.16195     0.01374     0.17569    Preeq 
  2   1.42264  10.97353    7.5-     0.05909     0.00606     0.06515    Preeq 
  3   1.56709  10.82908    2.5+     0.03918     0.00851     0.04769    Preeq 
  4   2.03221  10.36396    0.5+     0.03251     0.00329     0.03580    Preeq 
  5   2.14943  10.24674    0.5-     0.01344     0.00226     0.01570    Preeq 
  6   2.31593  10.08024    1.5-     0.01300     0.00306     0.01606    Preeq 
  7   2.42400   9.97217    3.5-     0.00598     0.00344     0.00942    Preeq 
  8   2.46100   9.93517    2.5-     0.00235     0.00287     0.00522    Preeq 
  9   2.49100   9.90517    3.5+     0.00224     0.00463     0.00687    Preeq 
 10   2.52493   9.87124    1.5-     0.00119     0.00260     0.00379    Preeq 
                                  ---------   ---------   ---------
 Discrete    (n,g)  :               0.44155     0.07977     0.52132
 Continuum   (n,g)  :               0.16307     1.54711     1.71018
                                  ---------   ---------   ---------
 Total       (n,g)  :               0.60462     1.62688     2.23150


 Exclusive

 Discrete    (n,g)  :     0.52132
 Continuum   (n,g)  :     0.27038
 Total       (n,g)  :     0.79170

 Inelastic cross sections:

 Inclusive:

 Level Energy    E-out     J/P       Direct    Compound      Total     Origin

  1   2.61452   5.84427    3.0-    58.21590     7.56527    65.78117    Direct
  2   3.19771   5.26108    5.0-    13.65780     7.49733    21.15513    Direct
  3   3.47508   4.98371    4.0-     0.00000     7.42291     7.42291    Preeq 
  4   3.70845   4.75034    5.0-     3.84865     6.94656    10.79521    Direct
  5   3.91997   4.53883    6.0-     0.00000     5.92972     5.92972    Preeq 
  6   3.94658   4.51221    4.0-     0.00000     6.87507     6.87507    Preeq 
  7   3.96116   4.49763    5.0-     1.07433     6.64372     7.71805    Direct
  8   3.99544   4.46335    4.0-     0.00000     6.81296     6.81296    Preeq 
  9   4.03744   4.42135    7.0-     3.17277     4.62346     7.79623    Direct
 10   4.05113   4.40766    3.0-     1.74363     6.23701     7.98064    Direct
 11   4.08552   4.37327    2.0+     0.92527     5.47276     6.39803    Direct
 12   4.12535   4.33344    5.0-    11.10670     6.43248    17.53918    Direct
 13   4.14400   4.31479    1.0+     0.00000     3.60859     3.60859    Preeq 
 14   4.18041   4.27838    5.0-     1.31831     6.36118     7.67949    Direct
 15   4.20628   4.25251    6.0-     0.00000     5.59726     5.59726    Preeq 
                                  ---------   ---------   ---------
 Discrete  Inelastic:              95.06336    94.02628   189.08963
 Continuum Inelastic:             244.41342  2175.09497  2419.50830
                                  ---------   ---------   ---------
 Total     Inelastic:             339.47678  2269.12134  2608.59937

 (n,gn) cross section:     1.44268

 Exclusive

 Discrete  Inelastic:   189.08963
 Continuum Inelastic:  2080.30444
 Total     Inelastic:  2269.39404

   (n,p)   cross sections:

 Inclusive:

 Level Energy    E-out     J/P       Direct    Compound      Total     Origin

  0   0.00000   4.24275    5.0+     0.00000     0.00001     0.00001    Preeq 
  1   0.03986   4.20289    4.0+     0.00000     0.00001     0.00001    Preeq 
  2   0.32804   3.91471    5.0+     0.00000     0.00000     0.00000    Preeq 
  3   0.47340   3.76935    4.0+     0.00000     0.00000     0.00000    Preeq 
  4   0.49284   3.74991    3.0+     0.00000     0.00000     0.00000    Preeq 
  5   0.61700   3.62575    6.0+     0.00000     0.00000     0.00000    Preeq 
  6   0.62040   3.62235    6.0+     0.00000     0.00000     0.00000    Preeq 
  7   0.69800   3.54475    2.0+     0.00000     0.00000     0.00000    Preeq 
  8   0.76000   3.48275    4.0+     0.00000     0.00000     0.00000    Preeq 
  9   0.78900   3.45375    1.0-     0.00000     0.00000     0.00000    Preeq 
 10   0.80000   3.44275    1.0-     0.00000     0.00000     0.00000    Preeq 
                                  ---------   ---------   ---------
 Discrete    (n,p)  :               0.00000     0.00003     0.00001
 Continuum   (n,p)  :               0.00000     0.00000     0.00000
                                  ---------   ---------   ---------
 Total       (n,p)  :               0.00000     0.00003     0.00003

 (n,gp) cross section:     0.00000

 Exclusive

 Discrete    (n,p)  :     0.00001
 Continuum   (n,p)  :     0.00000
 Total       (n,p)  :     0.00001

   (n,d)   cross sections:

 Inclusive:

 Level Energy    E-out     J/P       Direct    Compound      Total     Origin

  0   0.00000   2.68031    0.5+     0.00000     0.00000     0.00000    Preeq 
  1   0.35106   2.32925    1.5+     0.00000     0.00000     0.00000    Preeq 
  2   1.34818   1.33213    5.5-     0.00000     0.00000     0.00000    Preeq 
  3   1.68258   0.99773    2.5+     0.00000     0.00000     0.00000    Preeq 
  4   2.67569   0.00462    2.5+     0.00000     0.00000     0.00000    Preeq 
  5   2.70892  -0.02861    2.5-     0.00000     0.00000     0.00000          
                                  ---------   ---------   ---------
 Discrete    (n,d)  :               0.00000     0.00000     0.00000
 Continuum   (n,d)  :               0.00000     0.00000     0.00000
                                  ---------   ---------   ---------
 Total       (n,d)  :               0.00000     0.00000     0.00000

 (n,gd) cross section:     0.00000

 Exclusive

 Discrete    (n,d)  :     0.00000
 Continuum   (n,d)  :     0.00000
 Total       (n,d)  :     0.00000

   (n,t)   cross sections:

 Inclusive:

 Level Energy    E-out     J/P       Direct    Compound      Total     Origin

  0   0.00000   2.08509    0.0-     0.00000     0.00000     0.00000    Preeq 
  1   0.26583   1.81926    2.0-     0.00000     0.00000     0.00000    Preeq 
  2   0.30490   1.78020    1.0-     0.00000     0.00000     0.00000    Preeq 
  3   0.63502   1.45007    2.0-     0.00000     0.00000     0.00000    Preeq 
  4   0.64942   1.43567    1.0-     0.00000     0.00000     0.00000    Preeq 
  5   2.64310  -0.55801   12.0-     0.00000     0.00000     0.00000          
                                  ---------   ---------   ---------
 Discrete    (n,t)  :               0.00000     0.00000     0.00000
 Continuum   (n,t)  :               0.00000     0.00000     0.00000
                                  ---------   ---------   ---------
 Total       (n,t)  :               0.00000     0.00000     0.00000

 (n,gt) cross section:     0.00000

 Exclusive

 Discrete    (n,t)  :     0.00000
 Continuum   (n,t)  :     0.00000
 Total       (n,t)  :     0.00000

   (n,a)   cross sections:

 Inclusive:

 Level Energy    E-out     J/P       Direct    Compound      Total     Origin

  0   0.00000  14.64440    0.5-     0.00000     0.00016     0.00016    Preeq 
  1   0.37946  14.26494    2.5-     0.00000     0.00015     0.00015    Preeq 
  2   0.46751  14.17689    1.5-     0.00000     0.00010     0.00010    Preeq 
  3   1.28070  13.36370    3.5+     0.00000     0.00002     0.00002    Preeq 
  4   1.32520  13.31920    4.5+     0.00000     0.00002     0.00002    Preeq 
  5   1.34612  13.29828    3.5-     0.00000     0.00001     0.00001    Preeq 
  6   1.39508  13.24932    4.5-     0.00000     0.00001     0.00001    Preeq 
  7   1.44750  13.19690    5.5-     0.00000     0.00001     0.00001    Preeq 
  8   1.55640  13.08800    6.5+     0.00000     0.00001     0.00001    Preeq 
  9   1.81820  12.82620    2.5+     0.00000     0.00000     0.00000    Preeq 
 10   1.84730  12.79710    4.5+     0.00000     0.00000     0.00000    Preeq 
                                  ---------   ---------   ---------
 Discrete    (n,a)  :               0.00000     0.00049     0.00016
 Continuum   (n,a)  :               0.00000     0.00002     0.00002
                                  ---------   ---------   ---------
 Total       (n,a)  :               0.00000     0.00051     0.00051

 (n,ga) cross section:     0.00000

 Exclusive

 Discrete    (n,a)  :     0.00016
 Continuum   (n,a)  :     0.00000
 Total       (n,a)  :     0.00016

 6. Exclusive cross sections

 6a. Total exclusive cross sections 

     Emitted particles     cross section reaction         level    isomeric    isomeric    lifetime relative yield
    n   p   d   t   h   a                                        cross section   ratio
    0   0   0   0   0   0    7.91702E-01  (n,g)                                                     3.03395E-04
    1   0   0   0   0   0    2.26939E+03  (n,n')                                                    8.69675E-01
    0   1   0   0   0   0    1.28852E-05  (n,p)                                                     4.93787E-09
    0   0   0   0   0   1    1.64286E-04  (n,a)                                                     6.29574E-08
    2   0   0   0   0   0    3.39287E+02  (n,2n)                                                    1.30021E-01
    1   0   0   0   0   1    1.00000E-07  (n,na)                                                    3.83219E-11
    0   0   0   0   0   2    1.00000E-07  (n,2a)                                                    3.83219E-11
    1   0   0   0   0   2    1.00000E-07  (n,n2a)                                                   3.83219E-11
    0   0   0   0   0   3    1.00000E-07  (n,3a)                                                    3.83219E-11

 Absorption cross section                 :     0.79188

 Sum over exclusive channel cross sections:  2609.47290
 (n,gn) + (n,gp) +...(n,ga) cross sections:     1.44268
 Total                                    :  2610.91553
 Non-elastic cross section                :  2610.83130

 ########## RESULTS FOR E=   9.00000 ##########

 Energy dependent input flags

 Width fluctuations (flagwidth)            : n
 Unresolved resonance parameters (flagurr) : n
 Preequilibrium (flagpreeq)                : y
 Multiple preequilibrium (flagmulpre)      : n
 Number of continuum excitation energy bins: 40

 ########### REACTION SUMMARY FOR E=   9.00000 ###########

 Center-of-mass energy:    8.956

 1. Total (binary) cross sections

 Total           = 5.21994E+03
   Shape elastic   = 2.59959E+03
   Reaction        = 2.62035E+03
     Compound elastic= 1.17041E+00
     Non-elastic     = 2.61918E+03
       Direct          = 9.53909E+01
       Pre-equilibrium = 2.48463E+02
       Giant resonance = 3.17931E+01
       Compound non-el = 2.24353E+03
     Total elastic   = 2.60076E+03

 2. Binary non-elastic cross sections (non-exclusive)

 gamma   = 2.43077E+00
 neutron = 2.61675E+03
 proton  = 1.47078E-04
 deuteron= 1.40659E-12
 triton  = 1.87153E-19
 helium-3= 0.00000E+00
 alpha   = 9.70277E-04

 3. Total particle production cross sections

 gamma   = 2.83941E+03    Multiplicity= 1.08408E+00
 neutron = 3.26516E+03    Multiplicity= 1.24663E+00
 proton  = 1.47078E-04    Multiplicity= 5.61543E-08
 deuteron= 1.40659E-12    Multiplicity= 5.37033E-16
 triton  = 1.87153E-19    Multiplicity= 7.14548E-23
 helium-3= 0.00000E+00    Multiplicity= 0.00000E+00
 alpha   = 9.70284E-04    Multiplicity= 3.70453E-07

 4. Residual production cross sections

   a. Per isotope

   Z   A  nuclide    total     level   isomeric    isomeric    lifetime
                 cross section       cross section  ratio

   82 209 (209Pb) 8.83218E-01    0    8.83218E-01  1.00000
   82 208 (208Pb) 1.97158E+03    0    1.97158E+03  1.00000
   82 207 (207Pb) 6.46860E+02    0    6.46860E+02  1.00000
   80 205 (205Hg) 1.00000E-07    0    2.76464E-04  0.00000
   80 204 (204Hg) 1.00000E-07    0    0.00000E+00  0.00000

   b. Per mass

   A  cross section

  209 8.83218E-01
  208 1.97158E+03
  207 6.46860E+02

 Total residual production cross section:  2619.3212891
 Non-elastic cross section              :  2619.1796875

 5. Binary reactions to discrete levels and continuum

   (n,g)   cross sections:

 Inclusive:

 Level Energy    E-out     J/P       Direct    Compound      Total     Origin

  0   0.00000  12.89373    4.5+     0.12964     0.01924     0.14888    Preeq 
  1   0.77889  12.11484    5.5+     0.19576     0.01036     0.20612    Preeq 
  2   1.42264  11.47109    7.5-     0.07564     0.00527     0.08091    Preeq 
  3   1.56709  11.32665    2.5+     0.05069     0.00670     0.05739    Preeq 
  4   2.03221  10.86152    0.5+     0.04239     0.00266     0.04505    Preeq 
  5   2.14943  10.74430    0.5-     0.01771     0.00187     0.01958    Preeq 
  6   2.31593  10.57780    1.5-     0.01714     0.00253     0.01966    Preeq 
  7   2.42400  10.46973    3.5-     0.00786     0.00286     0.01073    Preeq 
  8   2.46100  10.43273    2.5-     0.00308     0.00239     0.00547    Preeq 
  9   2.49100  10.40273    3.5+     0.00294     0.00365     0.00659    Preeq 
 10   2.52493  10.36880    1.5-     0.00156     0.00215     0.00371    Preeq 
                                  ---------   ---------   ---------
 Discrete    (n,g)  :               0.54441     0.05967     0.60409
 Continuum   (n,g)  :               0.21178     1.61490     1.82669
                                  ---------   ---------   ---------
 Total       (n,g)  :               0.75619     1.67458     2.43077


 Exclusive

 Discrete    (n,g)  :     0.60409
 Continuum   (n,g)  :     0.27913
 Total       (n,g)  :     0.88322

 Inelastic cross sections:

 Inclusive:

 Level Energy    E-out     J/P       Direct    Compound      Total     Origin

  1   2.61452   6.34183    3.0-    57.78120     4.41538    62.19658    Direct
  2   3.19771   5.75865    5.0-    13.67600     4.50020    18.17620    Direct
  3   3.47508   5.48128    4.0-     0.00000     4.43910     4.43910    Preeq 
  4   3.70845   5.24790    5.0-     3.86336     4.23926     8.10262    Direct
  5   3.91997   5.03639    6.0-     0.00000     3.69905     3.69905    Preeq 
  6   3.94658   5.00978    4.0-     0.00000     4.18472     4.18472    Preeq 
  7   3.96116   4.99519    5.0-     1.08121     4.09397     5.17518    Direct
  8   3.99544   4.96092    4.0-     0.00000     4.15509     4.15509    Preeq 
  9   4.03744   4.91891    7.0-     3.28037     2.94929     6.22966    Direct
 10   4.05113   4.90522    3.0-     1.73519     3.78009     5.51528    Direct
 11   4.08552   4.87084    2.0+     0.89767     3.19512     4.09279    Direct
 12   4.12535   4.83101    5.0-    11.20100     3.99119    15.19219    Direct
 13   4.14400   4.81236    1.0+     0.00000     2.10323     2.10323    Preeq 
 14   4.18041   4.77594    5.0-     1.33053     3.95575     5.28628    Direct
 15   4.20628   4.75008    6.0-     0.00000     3.53366     3.53366    Preeq 
                                  ---------   ---------   ---------
 Discrete  Inelastic:              94.84652    57.23509   152.08160
 Continuum Inelastic:             280.04422  2184.62036  2464.66455
                                  ---------   ---------   ---------
 Total     Inelastic:             374.89075  2241.85547  2616.74731

 (n,gn) cross section:     1.55136

 Exclusive

 Discrete  Inelastic:   152.08160
 Continuum Inelastic:  1817.94849
 Total     Inelastic:  1970.03003

   (n,p)   cross sections:

 Inclusive:

 Level Energy    E-out     J/P       Direct    Compound      Total     Origin

  0   0.00000   4.74031    5.0+     0.00000     0.00005     0.00005    Preeq 
  1   0.03986   4.70045    4.0+     0.00000     0.00005     0.00005    Preeq 
  2   0.32804   4.41227    5.0+     0.00000     0.00001     0.00001    Preeq 
  3   0.47340   4.26691    4.0+     0.00000     0.00001     0.00001    Preeq 
  4   0.49284   4.24747    3.0+     0.00000     0.00001     0.00001    Preeq 
  5   0.61700   4.12331    6.0+     0.00000     0.00000     0.00000    Preeq 
  6   0.62040   4.11991    6.0+     0.00000     0.00000     0.00000    Preeq 
  7   0.69800   4.04231    2.0+     0.00000     0.00000     0.00000    Preeq 
  8   0.76000   3.98031    4.0+     0.00000     0.00000     0.00000    Preeq 
  9   0.78900   3.95131    1.0-     0.00000     0.00000     0.00000    Preeq 
 10   0.80000   3.94031    1.0-     0.00000     0.00000     0.00000    Preeq 
                                  ---------   ---------   ---------
 Discrete    (n,p)  :               0.00000     0.00014     0.00005
 Continuum   (n,p)  :               0.00000     0.00001     0.00001
                                  ---------   ---------   ---------
 Total       (n,p)  :               0.00000     0.00015     0.00015

 (n,gp) cross section:     0.00000

 Exclusive

 Discrete    (n,p)  :     0.00005
 Continuum   (n,p)  :     0.00000
 Total       (n,p)  :     0.00005

   (n,d)   cross sections:

 Inclusive:

 Level Energy    E-out     J/P       Direct    Compound      Total     Origin

  0   0.00000   3.17788    0.5+     0.00000     0.00000     0.00000    Preeq 
  1   0.35106   2.82682    1.5+     0.00000     0.00000     0.00000    Preeq 
  2   1.34818   1.82970    5.5-     0.00000     0.00000     0.00000    Preeq 
  3   1.68258   1.49530    2.5+     0.00000     0.00000     0.00000    Preeq 
  4   2.67569   0.50219    2.5+     0.00000     0.00000     0.00000    Preeq 
  5   2.70892   0.46896    2.5-     0.00000     0.00000     0.00000    Preeq 
                                  ---------   ---------   ---------
 Discrete    (n,d)  :               0.00000     0.00000     0.00000
 Continuum   (n,d)  :               0.00000     0.00000     0.00000
                                  ---------   ---------   ---------
 Total       (n,d)  :               0.00000     0.00000     0.00000

 (n,gd) cross section:     0.00000

 Exclusive

 Discrete    (n,d)  :     0.00000
 Continuum   (n,d)  :     0.00000
 Total       (n,d)  :     0.00000

   (n,t)   cross sections:

 Inclusive:

 Level Energy    E-out     J/P       Direct    Compound      Total     Origin

  0   0.00000   2.58266    0.0-     0.00000     0.00000     0.00000    Preeq 
  1   0.26583   2.31683    2.0-     0.00000     0.00000     0.00000    Preeq 
  2   0.30490   2.27776    1.0-     0.00000     0.00000     0.00000    Preeq 
  3   0.63502   1.94764    2.0-     0.00000     0.00000     0.00000    Preeq 
  4   0.64942   1.93324    1.0-     0.00000     0.00000     0.00000    Preeq 
  5   2.64310  -0.06044   12.0-     0.00000     0.00000     0.00000          
                                  ---------   ---------   ---------
 Discrete    (n,t)  :               0.00000     0.00000     0.00000
 Continuum   (n,t)  :               0.00000     0.00000     0.00000
                                  ---------   ---------   ---------
 Total       (n,t)  :               0.00000     0.00000     0.00000

 (n,gt) cross section:     0.00000

 Exclusive

 Discrete    (n,t)  :     0.00000
 Continuum   (n,t)  :     0.00000
 Total       (n,t)  :     0.00000

   (n,a)   cross sections:

 Inclusive:

 Level Energy    E-out     J/P       Direct    Compound      Total     Origin

  0   0.00000  15.14197    0.5-     0.00000     0.00028     0.00028    Preeq 
  1   0.37946  14.76251    2.5-     0.00000     0.00027     0.00027    Preeq 
  2   0.46751  14.67446    1.5-     0.00000     0.00018     0.00018    Preeq 
  3   1.28070  13.86127    3.5+     0.00000     0.00004     0.00004    Preeq 
  4   1.32520  13.81677    4.5+     0.00000     0.00003     0.00003    Preeq 
  5   1.34612  13.79585    3.5-     0.00000     0.00003     0.00003    Preeq 
  6   1.39508  13.74689    4.5-     0.00000     0.00003     0.00003    Preeq 
  7   1.44750  13.69447    5.5-     0.00000     0.00002     0.00002    Preeq 
  8   1.55640  13.58557    6.5+     0.00000     0.00001     0.00001    Preeq 
  9   1.81820  13.32377    2.5+     0.00000     0.00001     0.00001    Preeq 
 10   1.84730  13.29467    4.5+     0.00000     0.00001     0.00001    Preeq 
                                  ---------   ---------   ---------
 Discrete    (n,a)  :               0.00000     0.00090     0.00028
 Continuum   (n,a)  :               0.00000     0.00007     0.00007
                                  ---------   ---------   ---------
 Total       (n,a)  :               0.00000     0.00097     0.00097

 (n,ga) cross section:     0.00000

 Exclusive

 Discrete    (n,a)  :     0.00028
 Continuum   (n,a)  :     0.00000
 Total       (n,a)  :     0.00028

 6. Exclusive cross sections

 6a. Total exclusive cross sections 

     Emitted particles     cross section reaction         level    isomeric    isomeric    lifetime relative yield
    n   p   d   t   h   a                                        cross section   ratio
    0   0   0   0   0   0    8.83218E-01  (n,g)                                                     3.37393E-04
    1   0   0   0   0   0    1.97003E+03  (n,n')                                                    7.52560E-01
    0   1   0   0   0   0    5.20588E-05  (n,p)                                                     1.98867E-08
    0   0   0   0   0   1    2.76462E-04  (n,a)                                                     1.05610E-07
    2   0   0   0   0   0    6.46857E+02  (n,2n)                                                    2.47102E-01
    1   0   0   0   0   1    1.00000E-07  (n,na)                                                    3.82004E-11
    0   0   0   0   0   2    1.00000E-07  (n,2a)                                                    3.82004E-11
    1   0   0   0   0   2    1.00000E-07  (n,n2a)                                                   3.82004E-11
    0   0   0   0   0   3    1.00000E-07  (n,3a)                                                    3.82004E-11

 Absorption cross section                 :     0.88355

 Sum over exclusive channel cross sections:  2617.77026
 (n,gn) + (n,gp) +...(n,ga) cross sections:     1.55136
 Total                                    :  2619.32153
 Non-elastic cross section                :  2619.17969

 ########## RESULTS FOR E=   9.50000 ##########

 Energy dependent input flags

 Width fluctuations (flagwidth)            : n
 Unresolved resonance parameters (flagurr) : n
 Preequilibrium (flagpreeq)                : y
 Multiple preequilibrium (flagmulpre)      : n
 Number of continuum excitation energy bins: 40

 ########### REACTION SUMMARY FOR E=   9.50000 ###########

 Center-of-mass energy:    9.454

 1. Total (binary) cross sections

 Total           = 5.13828E+03
   Shape elastic   = 2.52005E+03
   Reaction        = 2.61824E+03
     Compound elastic= 6.63718E-01
     Non-elastic     = 2.61758E+03
       Direct          = 9.42992E+01
       Pre-equilibrium = 2.82292E+02
       Giant resonance = 3.17150E+01
       Compound non-el = 2.20927E+03
     Total elastic   = 2.52071E+03

 2. Binary non-elastic cross sections (non-exclusive)

 gamma   = 2.63326E+00
 neutron = 2.61494E+03
 proton  = 5.01547E-04
 deuteron= 8.37359E-11
 triton  = 1.01380E-16
 helium-3= 0.00000E+00
 alpha   = 1.71815E-03

 3. Total particle production cross sections

 gamma   = 2.46761E+03    Multiplicity= 9.42708E-01
 neutron = 3.59885E+03    Multiplicity= 1.37488E+00
 proton  = 5.01548E-04    Multiplicity= 1.91608E-07
 deuteron= 8.37359E-11    Multiplicity= 3.19899E-14
 triton  = 1.01380E-16    Multiplicity= 3.87305E-20
 helium-3= 0.00000E+00    Multiplicity= 0.00000E+00
 alpha   = 1.71816E-03    Multiplicity= 6.56394E-07

 4. Residual production cross sections

   a. Per isotope

   Z   A  nuclide    total     level   isomeric    isomeric    lifetime
                 cross section       cross section  ratio

   82 209 (209Pb) 9.86059E-01    0    9.86059E-01  1.00000
   82 208 (208Pb) 1.63444E+03    0    1.63444E+03  1.00000
   82 207 (207Pb) 9.82256E+02    0    9.82256E+02  1.00000
   80 205 (205Hg) 1.71796E-03    0    1.71796E-03  1.00000
   80 204 (204Hg) 1.00000E-07    0    0.00000E+00  0.00000
   78 201 (201Pt) 1.00000E-07    0    0.00000E+00  0.00000

   b. Per mass

   A  cross section

  209 9.86059E-01
  208 1.63444E+03
  207 9.82256E+02
  205 1.71796E-03

 Total residual production cross section:  2617.6813965
 Non-elastic cross section              :  2617.5761719

 5. Binary reactions to discrete levels and continuum

   (n,g)   cross sections:

 Inclusive:

 Level Energy    E-out     J/P       Direct    Compound      Total     Origin

  0   0.00000  13.39130    4.5+     0.14225     0.01146     0.15371    Preeq 
  1   0.77889  12.61241    5.5+     0.22498     0.00732     0.23230    Preeq 
  2   1.42264  11.96866    7.5-     0.09423     0.00429     0.09852    Preeq 
  3   1.56709  11.82421    2.5+     0.06427     0.00517     0.06944    Preeq 
  4   2.03221  11.35909    0.5+     0.05418     0.00213     0.05631    Preeq 
  5   2.14943  11.24187    0.5-     0.02288     0.00153     0.02440    Preeq 
  6   2.31593  11.07537    1.5-     0.02214     0.00207     0.02421    Preeq 
  7   2.42400  10.96730    3.5-     0.01024     0.00235     0.01259    Preeq 
  8   2.46100  10.93030    2.5-     0.00405     0.00196     0.00601    Preeq 
  9   2.49100  10.90030    3.5+     0.00387     0.00286     0.00673    Preeq 
 10   2.52493  10.86637    1.5-     0.00205     0.00176     0.00381    Preeq 
                                  ---------   ---------   ---------
 Discrete    (n,g)  :               0.64514     0.04290     0.68804
 Continuum   (n,g)  :               0.27465     1.67057     1.94522
                                  ---------   ---------   ---------
 Total       (n,g)  :               0.91979     1.71346     2.63326


 Exclusive

 Discrete    (n,g)  :     0.68804
 Continuum   (n,g)  :     0.29802
 Total       (n,g)  :     0.98606

 Inelastic cross sections:

 Inclusive:

 Level Energy    E-out     J/P       Direct    Compound      Total     Origin

  1   2.61452   6.83940    3.0-    56.94560     2.55901    59.50461    Direct
  2   3.19771   6.25621    5.0-    13.52450     2.65594    16.18044    Direct
  3   3.47508   5.97884    4.0-     0.00000     2.60563     2.60563    Preeq 
  4   3.70845   5.74547    5.0-     3.81794     2.52301     6.34095    Direct
  5   3.91997   5.53395    6.0-     0.00000     2.23636     2.23636    Preeq 
  6   3.94658   5.50734    4.0-     0.00000     2.48420     2.48420    Preeq 
  7   3.96116   5.49276    5.0-     1.07001     2.45315     3.52316    Direct
  8   3.99544   5.45848    4.0-     0.00000     2.47099     2.47099    Preeq 
  9   4.03744   5.41648    7.0-     3.30596     1.81303     5.11899    Direct
 10   4.05113   5.40278    3.0-     1.70175     2.23984     3.94159    Direct
 11   4.08552   5.36840    2.0+     0.86746     1.84541     2.71287    Direct
 12   4.12535   5.32857    5.0-    11.10140     2.40640    13.50780    Direct
 13   4.14400   5.30992    1.0+     0.00000     1.21250     1.21250    Preeq 
 14   4.18041   5.27350    5.0-     1.31946     2.38999     3.70945    Direct
 15   4.20628   5.24764    6.0-     0.00000     2.15847     2.15847    Preeq 
                                  ---------   ---------   ---------
 Discrete  Inelastic:              93.65408    34.05393   127.70801
 Continuum Inelastic:             313.73206  2173.49658  2487.22852
                                  ---------   ---------   ---------
 Total     Inelastic:             407.38614  2207.55054  2614.94092

 (n,gn) cross section:     1.65045

 Exclusive

 Discrete  Inelastic:   127.70801
 Continuum Inelastic:  1505.08936
 Total     Inelastic:  1632.79736

   (n,p)   cross sections:

 Inclusive:

 Level Energy    E-out     J/P       Direct    Compound      Total     Origin

  0   0.00000   5.23787    5.0+     0.00000     0.00015     0.00015    Preeq 
  1   0.03986   5.19802    4.0+     0.00000     0.00013     0.00013    Preeq 
  2   0.32804   4.90983    5.0+     0.00000     0.00005     0.00005    Preeq 
  3   0.47340   4.76447    4.0+     0.00000     0.00003     0.00003    Preeq 
  4   0.49284   4.74503    3.0+     0.00000     0.00003     0.00003    Preeq 
  5   0.61700   4.62087    6.0+     0.00000     0.00002     0.00002    Preeq 
  6   0.62040   4.61747    6.0+     0.00000     0.00002     0.00002    Preeq 
  7   0.69800   4.53987    2.0+     0.00000     0.00001     0.00001    Preeq 
  8   0.76000   4.47787    4.0+     0.00000     0.00001     0.00001    Preeq 
  9   0.78900   4.44887    1.0-     0.00000     0.00001     0.00001    Preeq 
 10   0.80000   4.43787    1.0-     0.00000     0.00001     0.00001    Preeq 
                                  ---------   ---------   ---------
 Discrete    (n,p)  :               0.00001     0.00045     0.00015
 Continuum   (n,p)  :               0.00000     0.00004     0.00004
                                  ---------   ---------   ---------
 Total       (n,p)  :               0.00001     0.00049     0.00050

 (n,gp) cross section:     0.00000

 Exclusive

 Discrete    (n,p)  :     0.00015
 Continuum   (n,p)  :     0.00000
 Total       (n,p)  :     0.00015

   (n,d)   cross sections:

 Inclusive:

 Level Energy    E-out     J/P       Direct    Compound      Total     Origin

  0   0.00000   3.67544    0.5+     0.00000     0.00000     0.00000    Preeq 
  1   0.35106   3.32438    1.5+     0.00000     0.00000     0.00000    Preeq 
  2   1.34818   2.32726    5.5-     0.00000     0.00000     0.00000    Preeq 
  3   1.68258   1.99286    2.5+     0.00000     0.00000     0.00000    Preeq 
  4   2.67569   0.99975    2.5+     0.00000     0.00000     0.00000    Preeq 
  5   2.70892   0.96652    2.5-     0.00000     0.00000     0.00000    Preeq 
                                  ---------   ---------   ---------
 Discrete    (n,d)  :               0.00000     0.00000     0.00000
 Continuum   (n,d)  :               0.00000     0.00000     0.00000
                                  ---------   ---------   ---------
 Total       (n,d)  :               0.00000     0.00000     0.00000

 (n,gd) cross section:     0.00000

 Exclusive

 Discrete    (n,d)  :     0.00000
 Continuum   (n,d)  :     0.00000
 Total       (n,d)  :     0.00000

   (n,t)   cross sections:

 Inclusive:

 Level Energy    E-out     J/P       Direct    Compound      Total     Origin

  0   0.00000   3.08022    0.0-     0.00000     0.00000     0.00000    Preeq 
  1   0.26583   2.81439    2.0-     0.00000     0.00000     0.00000    Preeq 
  2   0.30490   2.77532    1.0-     0.00000     0.00000     0.00000    Preeq 
  3   0.63502   2.44520    2.0-     0.00000     0.00000     0.00000    Preeq 
  4   0.64942   2.43080    1.0-     0.00000     0.00000     0.00000    Preeq 
  5   2.64310   0.43712   12.0-     0.00000     0.00000     0.00000    Preeq 
                                  ---------   ---------   ---------
 Discrete    (n,t)  :               0.00000     0.00000     0.00000
 Continuum   (n,t)  :               0.00000     0.00000     0.00000
                                  ---------   ---------   ---------
 Total       (n,t)  :               0.00000     0.00000     0.00000

 (n,gt) cross section:     0.00000

 Exclusive

 Discrete    (n,t)  :     0.00000
 Continuum   (n,t)  :     0.00000
 Total       (n,t)  :     0.00000

   (n,a)   cross sections:

 Inclusive:

 Level Energy    E-out     J/P       Direct    Compound      Total     Origin

  0   0.00000  15.63953    0.5-     0.00000     0.00043     0.00043    Preeq 
  1   0.37946  15.26007    2.5-     0.00000     0.00045     0.00045    Preeq 
  2   0.46751  15.17202    1.5-     0.00000     0.00029     0.00029    Preeq 
  3   1.28070  14.35883    3.5+     0.00000     0.00007     0.00007    Preeq 
  4   1.32520  14.31433    4.5+     0.00000     0.00007     0.00007    Preeq 
  5   1.34612  14.29341    3.5-     0.00000     0.00006     0.00006    Preeq 
  6   1.39508  14.24445    4.5-     0.00000     0.00005     0.00005    Preeq 
  7   1.44750  14.19203    5.5-     0.00000     0.00005     0.00005    Preeq 
  8   1.55640  14.08313    6.5+     0.00000     0.00003     0.00003    Preeq 
  9   1.81820  13.82133    2.5+     0.00000     0.00002     0.00002    Preeq 
 10   1.84730  13.79223    4.5+     0.00000     0.00002     0.00002    Preeq 
                                  ---------   ---------   ---------
 Discrete    (n,a)  :               0.00000     0.00153     0.00153
 Continuum   (n,a)  :               0.00000     0.00018     0.00018
                                  ---------   ---------   ---------
 Total       (n,a)  :               0.00001     0.00171     0.00172

 (n,ga) cross section:     0.00000

 Exclusive

 Discrete    (n,a)  :     0.00153
 Continuum   (n,a)  :     0.00018
 Total       (n,a)  :     0.00172

 6. Exclusive cross sections

 6a. Total exclusive cross sections 

     Emitted particles     cross section reaction         level    isomeric    isomeric    lifetime relative yield
    n   p   d   t   h   a                                        cross section   ratio
    0   0   0   0   0   0    9.86059E-01  (n,g)                                                     3.76929E-04
    1   0   0   0   0   0    1.63280E+03  (n,n')                                                    6.24151E-01
    0   1   0   0   0   0    1.47063E-04  (n,p)                                                     5.62162E-08
    0   0   0   0   0   1    1.71794E-03  (n,a)                                                     6.56698E-07
    2   0   0   0   0   0    9.82246E+02  (n,2n)                                                    3.75472E-01
    1   0   0   0   0   1    1.00000E-07  (n,na)                                                    3.82258E-11
    0   0   0   0   0   2    1.00000E-07  (n,2a)                                                    3.82258E-11
    1   0   0   0   0   2    1.00000E-07  (n,n2a)                                                   3.82258E-11
    0   0   0   0   0   3    1.00000E-07  (n,3a)                                                    3.82258E-11

 Absorption cross section                 :     0.98792

 Sum over exclusive channel cross sections:  2616.03125
 (n,gn) + (n,gp) +...(n,ga) cross sections:     1.65045
 Total                                    :  2617.68164
 Non-elastic cross section                :  2617.57617

 ########## RESULTS FOR E=  10.00000 ##########

 Energy dependent input flags

 Width fluctuations (flagwidth)            : n
 Unresolved resonance parameters (flagurr) : n
 Preequilibrium (flagpreeq)                : y
 Multiple preequilibrium (flagmulpre)      : n
 Number of continuum excitation energy bins: 40

 ########### REACTION SUMMARY FOR E=  10.00000 ###########

 Center-of-mass energy:    9.951

 1. Total (binary) cross sections

 Total           = 5.07786E+03
   Shape elastic   = 2.46887E+03
   Reaction        = 2.60899E+03
     Compound elastic= 3.73224E-01
     Non-elastic     = 2.60862E+03
       Direct          = 9.26887E+01
       Pre-equilibrium = 3.14429E+02
       Giant resonance = 3.13150E+01
       Compound non-el = 2.17018E+03
     Total elastic   = 2.46924E+03

 2. Binary non-elastic cross sections (non-exclusive)

 gamma   = 2.81842E+00
 neutron = 2.60579E+03
 proton  = 1.36433E-03
 deuteron= 1.79294E-08
 triton  = 8.37818E-14
 helium-3= 0.00000E+00
 alpha   = 2.86053E-03

 3. Total particle production cross sections

 gamma   = 2.03360E+03    Multiplicity= 7.79570E-01
 neutron = 3.91056E+03    Multiplicity= 1.49909E+00
 proton  = 1.36434E-03    Multiplicity= 5.23012E-07
 deuteron= 1.79294E-08    Multiplicity= 6.87314E-12
 triton  = 8.37818E-14    Multiplicity= 3.21173E-17
 helium-3= 0.00000E+00    Multiplicity= 0.00000E+00
 alpha   = 2.86056E-03    Multiplicity= 1.09658E-06

 4. Residual production cross sections

   a. Per isotope

   Z   A  nuclide    total     level   isomeric    isomeric    lifetime
                 cross section       cross section  ratio

   82 209 (209Pb) 1.07957E+00    0    1.07957E+00  1.00000
   82 208 (208Pb) 1.30468E+03    0    1.30468E+03  1.00000
   81 208 (208Tl) 1.35796E-03    0    1.35796E-03  1.00000
   82 207 (207Pb) 1.30302E+03    0    1.30302E+03  1.00000
   80 205 (205Hg) 2.86027E-03    0    2.86027E-03  1.00000
   80 204 (204Hg) 1.00000E-07    0    0.00000E+00  0.00000
   78 201 (201Pt) 1.00000E-07    0    0.00000E+00  0.00000

   b. Per mass

   A  cross section

  209 1.07957E+00
  208 1.30468E+03
  207 1.30302E+03
  205 2.86027E-03

 Total residual production cross section:  2608.7868652
 Non-elastic cross section              :  2608.6166992

 5. Binary reactions to discrete levels and continuum

   (n,g)   cross sections:

 Inclusive:

 Level Energy    E-out     J/P       Direct    Compound      Total     Origin

  0   0.00000  13.88886    4.5+     0.14197     0.00623     0.14821    Preeq 
  1   0.77889  13.10997    5.5+     0.23699     0.00472     0.24171    Preeq 
  2   1.42264  12.46622    7.5-     0.11261     0.00321     0.11582    Preeq 
  3   1.56709  12.32177    2.5+     0.07891     0.00380     0.08271    Preeq 
  4   2.03221  11.85665    0.5+     0.06743     0.00166     0.06909    Preeq 
  5   2.14943  11.73943    0.5-     0.02898     0.00122     0.03019    Preeq 
  6   2.31593  11.57293    1.5-     0.02804     0.00167     0.02971    Preeq 
  7   2.42400  11.46486    3.5-     0.01307     0.00191     0.01498    Preeq 
  8   2.46100  11.42786    2.5-     0.00523     0.00159     0.00683    Preeq 
  9   2.49100  11.39786    3.5+     0.00499     0.00223     0.00722    Preeq 
 10   2.52493  11.36393    1.5-     0.00265     0.00143     0.00408    Preeq 
                                  ---------   ---------   ---------
 Discrete    (n,g)  :               0.72087     0.02967     0.75054
 Continuum   (n,g)  :               0.35458     1.71330     2.06788
                                  ---------   ---------   ---------
 Total       (n,g)  :               1.07545     1.74297     2.81842


 Exclusive

 Discrete    (n,g)  :     0.75054
 Continuum   (n,g)  :     0.32903
 Total       (n,g)  :     1.07957

 Inelastic cross sections:

 Inclusive:

 Level Energy    E-out     J/P       Direct    Compound      Total     Origin

  1   2.61452   7.33696    3.0-    55.96800     1.47647    57.44447    Direct
  2   3.19771   6.75377    5.0-    13.29080     1.55325    14.84405    Direct
  3   3.47508   6.47640    4.0-     0.00000     1.51296     1.51296    Preeq 
  4   3.70845   6.24303    5.0-     3.73752     1.47878     5.21630    Direct
  5   3.91997   6.03152    6.0-     0.00000     1.32546     1.32546    Preeq 
  6   3.94658   6.00490    4.0-     0.00000     1.44929     1.44929    Preeq 
  7   3.96116   5.99032    5.0-     1.04710     1.44232     2.48942    Direct
  8   3.99544   5.95604    4.0-     0.00000     1.44286     1.44286    Preeq 
  9   4.03744   5.91404    7.0-     3.27380     1.08790     4.36170    Direct
 10   4.05113   5.90035    3.0-     1.65248     1.30360     2.95608    Direct
 11   4.08552   5.86596    2.0+     0.83766     1.05731     1.89497    Direct
 12   4.12535   5.82613    5.0-    10.86830     1.41922    12.28753    Direct
 13   4.14400   5.80748    1.0+     0.00000     0.69329     0.69329    Preeq 
 14   4.18041   5.77107    5.0-     1.29209     1.41122     2.70331    Direct
 15   4.20628   5.74520    6.0-     0.00000     1.28575     1.28575    Preeq 
                                  ---------   ---------   ---------
 Discrete  Inelastic:              91.96774    19.93969   111.90743
 Continuum Inelastic:             345.38922  2148.49683  2493.88599
                                  ---------   ---------   ---------
 Total     Inelastic:             437.35696  2168.43652  2605.79395

 (n,gn) cross section:     1.74309

 Exclusive

 Discrete  Inelastic:   111.90743
 Continuum Inelastic:  1191.05530
 Total     Inelastic:  1302.96277

   (n,p)   cross sections:

 Inclusive:

 Level Energy    E-out     J/P       Direct    Compound      Total     Origin

  0   0.00000   5.73544    5.0+     0.00000     0.00033     0.00033    Preeq 
  1   0.03986   5.69558    4.0+     0.00000     0.00028     0.00028    Preeq 
  2   0.32804   5.40740    5.0+     0.00001     0.00013     0.00014    Preeq 
  3   0.47340   5.26204    4.0+     0.00001     0.00009     0.00009    Preeq 
  4   0.49284   5.24260    3.0+     0.00001     0.00007     0.00008    Preeq 
  5   0.61700   5.11844    6.0+     0.00001     0.00006     0.00006    Preeq 
  6   0.62040   5.11504    6.0+     0.00000     0.00006     0.00006    Preeq 
  7   0.69800   5.03744    2.0+     0.00001     0.00003     0.00004    Preeq 
  8   0.76000   4.97544    4.0+     0.00000     0.00003     0.00003    Preeq 
  9   0.78900   4.94644    1.0-     0.00000     0.00002     0.00002    Preeq 
 10   0.80000   4.93544    1.0-     0.00000     0.00002     0.00002    Preeq 
                                  ---------   ---------   ---------
 Discrete    (n,p)  :               0.00005     0.00111     0.00116
 Continuum   (n,p)  :               0.00002     0.00018     0.00021
                                  ---------   ---------   ---------
 Total       (n,p)  :               0.00007     0.00129     0.00136

 (n,gp) cross section:     0.00000

 Exclusive

 Discrete    (n,p)  :     0.00116
 Continuum   (n,p)  :     0.00020
 Total       (n,p)  :     0.00136

   (n,d)   cross sections:

 Inclusive:

 Level Energy    E-out     J/P       Direct    Compound      Total     Origin

  0   0.00000   4.17300    0.5+     0.00000     0.00000     0.00000    Preeq 
  1   0.35106   3.82194    1.5+     0.00000     0.00000     0.00000    Preeq 
  2   1.34818   2.82482    5.5-     0.00000     0.00000     0.00000    Preeq 
  3   1.68258   2.49042    2.5+     0.00000     0.00000     0.00000    Preeq 
  4   2.67569   1.49731    2.5+     0.00000     0.00000     0.00000    Preeq 
  5   2.70892   1.46408    2.5-     0.00000     0.00000     0.00000    Preeq 
                                  ---------   ---------   ---------
 Discrete    (n,d)  :               0.00000     0.00000     0.00000
 Continuum   (n,d)  :               0.00000     0.00000     0.00000
                                  ---------   ---------   ---------
 Total       (n,d)  :               0.00000     0.00000     0.00000

 (n,gd) cross section:     0.00000

 Exclusive

 Discrete    (n,d)  :     0.00000
 Continuum   (n,d)  :     0.00000
 Total       (n,d)  :     0.00000

   (n,t)   cross sections:

 Inclusive:

 Level Energy    E-out     J/P       Direct    Compound      Total     Origin

  0   0.00000   3.57778    0.0-     0.00000     0.00000     0.00000    Preeq 
  1   0.26583   3.31195    2.0-     0.00000     0.00000     0.00000    Preeq 
  2   0.30490   3.27289    1.0-     0.00000     0.00000     0.00000    Preeq 
  3   0.63502   2.94276    2.0-     0.00000     0.00000     0.00000    Preeq 
  4   0.64942   2.92836    1.0-     0.00000     0.00000     0.00000    Preeq 
  5   2.64310   0.93468   12.0-     0.00000     0.00000     0.00000    Preeq 
                                  ---------   ---------   ---------
 Discrete    (n,t)  :               0.00000     0.00000     0.00000
 Continuum   (n,t)  :               0.00000     0.00000     0.00000
                                  ---------   ---------   ---------
 Total       (n,t)  :               0.00000     0.00000     0.00000

 (n,gt) cross section:     0.00000

 Exclusive

 Discrete    (n,t)  :     0.00000
 Continuum   (n,t)  :     0.00000
 Total       (n,t)  :     0.00000

   (n,a)   cross sections:

 Inclusive:

 Level Energy    E-out     J/P       Direct    Compound      Total     Origin

  0   0.00000  16.13709    0.5-     0.00000     0.00063     0.00063    Preeq 
  1   0.37946  15.75763    2.5-     0.00000     0.00069     0.00069    Preeq 
  2   0.46751  15.66958    1.5-     0.00000     0.00045     0.00045    Preeq 
  3   1.28070  14.85639    3.5+     0.00000     0.00012     0.00012    Preeq 
  4   1.32520  14.81189    4.5+     0.00000     0.00012     0.00012    Preeq 
  5   1.34612  14.79097    3.5-     0.00000     0.00011     0.00011    Preeq 
  6   1.39508  14.74201    4.5-     0.00000     0.00010     0.00010    Preeq 
  7   1.44750  14.68959    5.5-     0.00000     0.00009     0.00009    Preeq 
  8   1.55640  14.58069    6.5+     0.00000     0.00005     0.00005    Preeq 
  9   1.81820  14.31889    2.5+     0.00000     0.00003     0.00003    Preeq 
 10   1.84730  14.28979    4.5+     0.00000     0.00003     0.00003    Preeq 
                                  ---------   ---------   ---------
 Discrete    (n,a)  :               0.00001     0.00242     0.00243
 Continuum   (n,a)  :               0.00001     0.00042     0.00043
                                  ---------   ---------   ---------
 Total       (n,a)  :               0.00002     0.00284     0.00286

 (n,ga) cross section:     0.00000

 Exclusive

 Discrete    (n,a)  :     0.00243
 Continuum   (n,a)  :     0.00043
 Total       (n,a)  :     0.00286

 6. Exclusive cross sections

 6a. Total exclusive cross sections 

     Emitted particles     cross section reaction         level    isomeric    isomeric    lifetime relative yield
    n   p   d   t   h   a                                        cross section   ratio
    0   0   0   0   0   0    1.07957E+00  (n,g)                                                     4.14098E-04
    1   0   0   0   0   0    1.30296E+03  (n,n')                                                    4.99786E-01
    0   1   0   0   0   0    1.35795E-03  (n,p)                                                     5.20878E-07
    0   0   0   0   0   1    2.86023E-03  (n,a)                                                     1.09712E-06
    2   0   0   0   0   0    1.30300E+03  (n,2n)                                                    4.99799E-01
    1   0   0   0   0   1    1.00000E-07  (n,na)                                                    3.83576E-11
    0   0   0   0   0   2    1.00000E-07  (n,2a)                                                    3.83576E-11
    1   0   0   0   0   2    1.00000E-07  (n,n2a)                                                   3.83576E-11
    0   0   0   0   0   3    1.00000E-07  (n,3a)                                                    3.83576E-11

 Absorption cross section                 :     1.08379

 Sum over exclusive channel cross sections:  2607.04370
 (n,gn) + (n,gp) +...(n,ga) cross sections:     1.74309
 Total                                    :  2608.78687
 Non-elastic cross section                :  2608.61670

 ########## RESULTS FOR E=  11.00000 ##########

 Energy dependent input flags

 Width fluctuations (flagwidth)            : n
 Unresolved resonance parameters (flagurr) : n
 Preequilibrium (flagpreeq)                : y
 Multiple preequilibrium (flagmulpre)      : n
 Number of continuum excitation energy bins: 40

 ########### REACTION SUMMARY FOR E=  11.00000 ###########

 Center-of-mass energy:   10.947

 1. Total (binary) cross sections

 Total           = 5.02012E+03
   Shape elastic   = 2.43666E+03
   Reaction        = 2.58346E+03
     Compound elastic= 1.15914E-01
     Non-elastic     = 2.58334E+03
       Direct          = 8.92807E+01
       Pre-equilibrium = 3.74396E+02
       Giant resonance = 3.01458E+01
       Compound non-el = 2.08952E+03
     Total elastic   = 2.43678E+03

 2. Binary non-elastic cross sections (non-exclusive)

 gamma   = 3.18589E+00
 neutron = 2.58015E+03
 proton  = 6.46872E-03
 deuteron= 1.41955E-06
 triton  = 2.23306E-09
 helium-3= 4.43136E-35
 alpha   = 6.77300E-03

 3. Total particle production cross sections

 gamma   = 1.28669E+03    Multiplicity= 4.98071E-01
 neutron = 4.36694E+03    Multiplicity= 1.69042E+00
 proton  = 6.46877E-03    Multiplicity= 2.50403E-06
 deuteron= 1.41955E-06    Multiplicity= 5.49502E-10
 triton  = 2.23306E-09    Multiplicity= 8.64407E-13
 helium-3= 4.43136E-35    Multiplicity= 1.71536E-38
 alpha   = 6.77313E-03    Multiplicity= 2.62184E-06

 4. Residual production cross sections

   a. Per isotope

   Z   A  nuclide    total     level   isomeric    isomeric    lifetime
                 cross section       cross section  ratio

   82 209 (209Pb) 1.27871E+00    0    1.27871E+00  1.00000
   82 208 (208Pb) 7.97537E+02    0    7.97537E+02  1.00000
   81 208 (208Tl) 6.46065E-03    0    6.46065E-03  1.00000
   82 207 (207Pb) 1.78488E+03    0    1.78488E+03  1.00000
   80 205 (205Hg) 6.77284E-03    0    6.77284E-03  1.00000
   80 204 (204Hg) 1.00000E-07    0    0.00000E+00  0.00000
   78 201 (201Pt) 1.00000E-07    0    0.00000E+00  0.00000

   b. Per mass

   A  cross section

  209 1.27871E+00
  208 7.97543E+02
  207 1.78488E+03
  205 6.77284E-03

 Total residual production cross section:  2583.7106934
 Non-elastic cross section              :  2583.3439941

 5. Binary reactions to discrete levels and continuum

   (n,g)   cross sections:

 Inclusive:

 Level Energy    E-out     J/P       Direct    Compound      Total     Origin

  0   0.00000  14.88398    4.5+     0.13380     0.00157     0.13537    Preeq 
  1   0.77889  14.10509    5.5+     0.25039     0.00148     0.25187    Preeq 
  2   1.42264  13.46134    7.5-     0.13497     0.00134     0.13630    Preeq 
  3   1.56709  13.31689    2.5+     0.10129     0.00158     0.10287    Preeq 
  4   2.03221  12.85177    0.5+     0.09113     0.00084     0.09197    Preeq 
  5   2.14943  12.73455    0.5-     0.04165     0.00065     0.04230    Preeq 
  6   2.31593  12.56805    1.5-     0.04031     0.00093     0.04124    Preeq 
  7   2.42400  12.45998    3.5-     0.01947     0.00109     0.02056    Preeq 
  8   2.46100  12.42298    2.5-     0.00815     0.00092     0.00907    Preeq 
  9   2.49100  12.39298    3.5+     0.00778     0.00121     0.00899    Preeq 
 10   2.52493  12.35905    1.5-     0.00413     0.00083     0.00496    Preeq 
                                  ---------   ---------   ---------
 Discrete    (n,g)  :               0.83306     0.01244     0.84550
 Continuum   (n,g)  :               0.57705     1.76333     2.34039
                                  ---------   ---------   ---------
 Total       (n,g)  :               1.41011     1.77578     3.18589


 Exclusive

 Discrete    (n,g)  :     0.84550
 Continuum   (n,g)  :     0.43321
 Total       (n,g)  :     1.27871

 Inelastic cross sections:

 Inclusive:

 Level Energy    E-out     J/P       Direct    Compound      Total     Origin

  1   2.61452   8.33208    3.0-    54.09050     0.48631    54.57681    Direct
  2   3.19771   7.74889    5.0-    12.80500     0.52504    13.33004    Direct
  3   3.47508   7.47152    4.0-     0.00000     0.50377     0.50377    Preeq 
  4   3.70845   7.23815    5.0-     3.56188     0.49959     4.06147    Direct
  5   3.91997   7.02664    6.0-     0.00000     0.45582     0.45582    Preeq 
  6   3.94658   7.00002    4.0-     0.00000     0.48283     0.48283    Preeq 
  7   3.96116   6.98544    5.0-     0.99324     0.48746     1.48070    Direct
  8   3.99544   6.95116    4.0-     0.00000     0.48074     0.48074    Preeq 
  9   4.03744   6.90916    7.0-     3.14940     0.38214     3.53154    Direct
 10   4.05113   6.89547    3.0-     1.54642     0.43101     1.97743    Direct
 11   4.08552   6.86108    2.0+     0.79313     0.34572     1.13886    Direct
 12   4.12535   6.82125    5.0-    10.28530     0.47982    10.76512    Direct
 13   4.14400   6.80260    1.0+     0.00000     0.22623     0.22623    Preeq 
 14   4.18041   6.76619    5.0-     1.22202     0.47729     1.69931    Direct
 15   4.20628   6.74032    6.0-     0.00000     0.44217     0.44217    Preeq 
                                  ---------   ---------   ---------
 Discrete  Inelastic:              88.44690     6.70595    95.15285
 Continuum Inelastic:             403.96463  2081.02563  2484.99023
                                  ---------   ---------   ---------
 Total     Inelastic:             492.41153  2087.73169  2580.14526

 (n,gn) cross section:     1.91422

 Exclusive

 Discrete  Inelastic:    95.15285
 Continuum Inelastic:   700.57336
 Total     Inelastic:   795.72620

   (n,p)   cross sections:

 Inclusive:

 Level Energy    E-out     J/P       Direct    Compound      Total     Origin

  0   0.00000   6.73056    5.0+     0.00000     0.00092     0.00092    Preeq 
  1   0.03986   6.69070    4.0+     0.00000     0.00081     0.00081    Preeq 
  2   0.32804   6.40252    5.0+     0.00014     0.00047     0.00061    Preeq 
  3   0.47340   6.25716    4.0+     0.00011     0.00033     0.00044    Preeq 
  4   0.49284   6.23772    3.0+     0.00009     0.00028     0.00037    Preeq 
  5   0.61700   6.11356    6.0+     0.00008     0.00025     0.00034    Preeq 
  6   0.62040   6.11016    6.0+     0.00005     0.00025     0.00031    Preeq 
  7   0.69800   6.03256    2.0+     0.00009     0.00014     0.00024    Preeq 
  8   0.76000   5.97056    4.0+     0.00004     0.00016     0.00021    Preeq 
  9   0.78900   5.94156    1.0-     0.00001     0.00010     0.00011    Preeq 
 10   0.80000   5.93056    1.0-     0.00000     0.00009     0.00010    Preeq 
                                  ---------   ---------   ---------
 Discrete    (n,p)  :               0.00063     0.00381     0.00445
 Continuum   (n,p)  :               0.00055     0.00147     0.00202
                                  ---------   ---------   ---------
 Total       (n,p)  :               0.00118     0.00528     0.00647

 (n,gp) cross section:     0.00000

 Exclusive

 Discrete    (n,p)  :     0.00445
 Continuum   (n,p)  :     0.00201
 Total       (n,p)  :     0.00646

   (n,d)   cross sections:

 Inclusive:

 Level Energy    E-out     J/P       Direct    Compound      Total     Origin

  0   0.00000   5.16812    0.5+     0.00000     0.00000     0.00000    Preeq 
  1   0.35106   4.81706    1.5+     0.00000     0.00000     0.00000    Preeq 
  2   1.34818   3.81994    5.5-     0.00000     0.00000     0.00000    Preeq 
  3   1.68258   3.48554    2.5+     0.00000     0.00000     0.00000    Preeq 
  4   2.67569   2.49243    2.5+     0.00000     0.00000     0.00000    Preeq 
  5   2.70892   2.45920    2.5-     0.00000     0.00000     0.00000    Preeq 
                                  ---------   ---------   ---------
 Discrete    (n,d)  :               0.00000     0.00000     0.00000
 Continuum   (n,d)  :               0.00000     0.00000     0.00000
                                  ---------   ---------   ---------
 Total       (n,d)  :               0.00000     0.00000     0.00000

 (n,gd) cross section:     0.00000

 Exclusive

 Discrete    (n,d)  :     0.00000
 Continuum   (n,d)  :     0.00000
 Total       (n,d)  :     0.00000

   (n,t)   cross sections:

 Inclusive:

 Level Energy    E-out     J/P       Direct    Compound      Total     Origin

  0   0.00000   4.57290    0.0-     0.00000     0.00000     0.00000    Preeq 
  1   0.26583   4.30707    2.0-     0.00000     0.00000     0.00000    Preeq 
  2   0.30490   4.26801    1.0-     0.00000     0.00000     0.00000    Preeq 
  3   0.63502   3.93788    2.0-     0.00000     0.00000     0.00000    Preeq 
  4   0.64942   3.92348    1.0-     0.00000     0.00000     0.00000    Preeq 
  5   2.64310   1.92980   12.0-     0.00000     0.00000     0.00000    Preeq 
                                  ---------   ---------   ---------
 Discrete    (n,t)  :               0.00000     0.00000     0.00000
 Continuum   (n,t)  :               0.00000     0.00000     0.00000
                                  ---------   ---------   ---------
 Total       (n,t)  :               0.00000     0.00000     0.00000

 (n,gt) cross section:     0.00000

 Exclusive

 Discrete    (n,t)  :     0.00000
 Continuum   (n,t)  :     0.00000
 Total       (n,t)  :     0.00000

   (n,h)   cross sections:

 Inclusive:

 Level Energy    E-out     J/P       Direct    Compound      Total     Origin

  0   0.00000   3.28393    0.0+     0.00000     0.00000     0.00000    Preeq 
  1   1.06820   2.21573    2.0+     0.00000     0.00000     0.00000    Preeq 
  2   2.10240   1.18153    5.0-     0.00000     0.00000     0.00000    Preeq 
  3   2.46640   0.81753    7.0-     0.00000     0.00000     0.00000    Preeq 
  4   3.62340  -0.33947    8.0+     0.00000     0.00000     0.00000          
  5   3.62500  -0.34107    0.0+     0.00000     0.00000     0.00000          
                                  ---------   ---------   ---------
 Discrete    (n,h)  :               0.00000     0.00000     0.00000
 Continuum   (n,h)  :               0.00000     0.00000     0.00000
                                  ---------   ---------   ---------
 Total       (n,h)  :               0.00000     0.00000     0.00000

 (n,gh) cross section:     0.00000

 Exclusive

 Discrete    (n,h)  :     0.00000
 Continuum   (n,h)  :     0.00000
 Total       (n,h)  :     0.00000

   (n,a)   cross sections:

 Inclusive:

 Level Energy    E-out     J/P       Direct    Compound      Total     Origin

  0   0.00000  17.13221    0.5-     0.00000     0.00112     0.00112    Preeq 
  1   0.37946  16.75275    2.5-     0.00000     0.00135     0.00135    Preeq 
  2   0.46751  16.66470    1.5-     0.00001     0.00090     0.00091    Preeq 
  3   1.28070  15.85151    3.5+     0.00003     0.00029     0.00031    Preeq 
  4   1.32520  15.80701    4.5+     0.00000     0.00028     0.00029    Preeq 
  5   1.34612  15.78609    3.5-     0.00000     0.00026     0.00027    Preeq 
  6   1.39508  15.73713    4.5-     0.00000     0.00025     0.00025    Preeq 
  7   1.44750  15.68471    5.5-     0.00001     0.00023     0.00024    Preeq 
  8   1.55640  15.57581    6.5+     0.00001     0.00014     0.00016    Preeq 
  9   1.81820  15.31401    2.5+     0.00001     0.00009     0.00010    Preeq 
 10   1.84730  15.28491    4.5+     0.00000     0.00010     0.00010    Preeq 
                                  ---------   ---------   ---------
 Discrete    (n,a)  :               0.00007     0.00501     0.00508
 Continuum   (n,a)  :               0.00006     0.00163     0.00169
                                  ---------   ---------   ---------
 Total       (n,a)  :               0.00013     0.00664     0.00677

 (n,ga) cross section:     0.00000

 Exclusive

 Discrete    (n,a)  :     0.00508
 Continuum   (n,a)  :     0.00169
 Total       (n,a)  :     0.00677

 6. Exclusive cross sections

 6a. Total exclusive cross sections 

     Emitted particles     cross section reaction         level    isomeric    isomeric    lifetime relative yield
    n   p   d   t   h   a                                        cross section   ratio
    0   0   0   0   0   0    1.27871E+00  (n,g)                                                     4.95281E-04
    1   0   0   0   0   0    7.95726E+02  (n,n')                                                    3.08206E-01
    0   1   0   0   0   0    6.46060E-03  (n,p)                                                     2.50237E-06
    0   0   1   0   0   0    1.03535E-06  (n,d)                                                     4.01017E-10
                                                             0     1.02821E-06  0.99311
                                                             2     7.13037E-09  0.00689   1.33000E+00 sec. 
    0   0   0   0   0   1    6.77271E-03  (n,a)                                                     2.62326E-06
    2   0   0   0   0   0    1.78478E+03  (n,2n)                                                    6.91293E-01
    1   0   0   0   0   1    1.00000E-07  (n,na)                                                    3.87327E-11
    0   0   0   0   0   2    1.00000E-07  (n,2a)                                                    3.87327E-11
    1   0   0   0   0   2    1.00000E-07  (n,n2a)                                                   3.87327E-11
    0   0   0   0   0   3    1.00000E-07  (n,3a)                                                    3.87327E-11

 Absorption cross section                 :     1.29195

 Sum over exclusive channel cross sections:  2581.79639
 (n,gn) + (n,gp) +...(n,ga) cross sections:     1.91422
 Total                                    :  2583.71069
 Non-elastic cross section                :  2583.34399

 ########## RESULTS FOR E=  12.00000 ##########

 Energy dependent input flags

 Width fluctuations (flagwidth)            : n
 Unresolved resonance parameters (flagurr) : n
 Preequilibrium (flagpreeq)                : y
 Multiple preequilibrium (flagmulpre)      : n
 Number of continuum excitation energy bins: 40

 ########### REACTION SUMMARY FOR E=  12.00000 ###########

 Center-of-mass energy:   11.942

 1. Total (binary) cross sections

 Total           = 5.04344E+03
   Shape elastic   = 2.47719E+03
   Reaction        = 2.56625E+03
     Compound elastic= 3.55702E-02
     Non-elastic     = 2.56621E+03
       Direct          = 8.61695E+01
       Pre-equilibrium = 4.31426E+02
       Giant resonance = 3.01823E+01
       Compound non-el = 2.01844E+03
     Total elastic   = 2.47723E+03

 2. Binary non-elastic cross sections (non-exclusive)

 gamma   = 3.44821E+00
 neutron = 2.56273E+03
 proton  = 2.24399E-02
 deuteron= 2.32217E-05
 triton  = 4.07771E-07
 helium-3= 6.85397E-29
 alpha   = 1.34641E-02

 3. Total particle production cross sections

 gamma   = 1.07454E+03    Multiplicity= 4.18725E-01
 neutron = 4.61102E+03    Multiplicity= 1.79682E+00
 proton  = 2.24409E-02    Multiplicity= 8.74476E-06
 deuteron= 2.32218E-05    Multiplicity= 9.04904E-09
 triton  = 4.07772E-07    Multiplicity= 1.58900E-10
 helium-3= 6.85397E-29    Multiplicity= 2.67085E-32
 alpha   = 1.34646E-02    Multiplicity= 5.24687E-06

 4. Residual production cross sections

   a. Per isotope

   Z   A  nuclide    total     level   isomeric    isomeric    lifetime
                 cross section       cross section  ratio

   82 209 (209Pb) 1.37907E+00    0    1.37907E+00  1.00000
   82 208 (208Pb) 5.18973E+02    0    5.18973E+02  1.00000
   81 208 (208Tl) 2.24353E-02    0    2.24353E-02  1.00000
   82 207 (207Pb) 2.04622E+03    0    2.04622E+03  1.00000
   80 205 (205Hg) 1.34601E-02    0    1.34601E-02  1.00000
   80 204 (204Hg) 1.00000E-07    0    2.56174E-06  0.00000
   78 201 (201Pt) 1.00000E-07    0    0.00000E+00  0.00000

   b. Per mass

   A  cross section

  209 1.37907E+00
  208 5.18995E+02
  207 2.04622E+03
  205 1.34601E-02

 Total residual production cross section:  2566.6032715
 Non-elastic cross section              :  2566.2143555

 5. Binary reactions to discrete levels and continuum

   (n,g)   cross sections:

 Inclusive:

 Level Energy    E-out     J/P       Direct    Compound      Total     Origin

  0   0.00000  15.87909    4.5+     0.10935     0.00037     0.10972    Preeq 
  1   0.77889  15.10020    5.5+     0.21752     0.00038     0.21790    Preeq 
  2   1.42264  14.45645    7.5-     0.12810     0.00040     0.12850    Preeq 
  3   1.56709  14.31201    2.5+     0.10133     0.00046     0.10179    Preeq 
  4   2.03221  13.84688    0.5+     0.09697     0.00029     0.09726    Preeq 
  5   2.14943  13.72966    0.5-     0.04733     0.00024     0.04757    Preeq 
  6   2.31593  13.56316    1.5-     0.04580     0.00036     0.04616    Preeq 
  7   2.42400  13.45509    3.5-     0.02350     0.00044     0.02395    Preeq 
  8   2.46100  13.41809    2.5-     0.01053     0.00038     0.01092    Preeq 
  9   2.49100  13.38809    3.5+     0.01005     0.00048     0.01053    Preeq 
 10   2.52493  13.35416    1.5-     0.00533     0.00035     0.00569    Preeq 
                                  ---------   ---------   ---------
 Discrete    (n,g)  :               0.79583     0.00416     0.79999
 Continuum   (n,g)  :               0.87777     1.77045     2.64822
                                  ---------   ---------   ---------
 Total       (n,g)  :               1.67360     1.77461     3.44821


 Exclusive

 Discrete    (n,g)  :     0.79999
 Continuum   (n,g)  :     0.57908
 Total       (n,g)  :     1.37907

 Inelastic cross sections:

 Inclusive:

 Level Energy    E-out     J/P       Direct    Compound      Total     Origin

  1   2.61452   9.32719    3.0-    52.35180     0.15745    52.50925    Direct
  2   3.19771   8.74401    5.0-    12.36850     0.17488    12.54338    Direct
  3   3.47508   8.46664    4.0-     0.00000     0.16597     0.16597    Preeq 
  4   3.70845   8.23326    5.0-     3.42459     0.16722     3.59181    Direct
  5   3.91997   8.02175    6.0-     0.00000     0.15560     0.15560    Preeq 
  6   3.94658   7.99514    4.0-     0.00000     0.15946     0.15946    Preeq 
  7   3.96116   7.98055    5.0-     0.95116     0.16334     1.11450    Direct
  8   3.99544   7.94628    4.0-     0.00000     0.15876     0.15876    Preeq 
  9   4.03744   7.90427    7.0-     3.04857     0.13363     3.18219    Direct
 10   4.05113   7.89058    3.0-     1.46751     0.14117     1.60868    Direct
 11   4.08552   7.85620    2.0+     0.77135     0.11346     0.88481    Direct
 12   4.12535   7.81637    5.0-     9.82029     0.16078     9.98106    Direct
 13   4.14400   7.79772    1.0+     0.00000     0.07434     0.07434    Preeq 
 14   4.18041   7.76130    5.0-     1.16556     0.15992     1.32548    Direct
 15   4.20628   7.73544    6.0-     0.00000     0.15094     0.15094    Preeq 
                                  ---------   ---------   ---------
 Discrete  Inelastic:              85.36933     2.23690    87.60623
 Continuum Inelastic:             460.72495  2014.39746  2475.12231
                                  ---------   ---------   ---------
 Total     Inelastic:             546.09430  2016.63440  2562.72998

 (n,gn) cross section:     2.07678

 Exclusive

 Discrete  Inelastic:    87.60623
 Continuum Inelastic:   429.53244
 Total     Inelastic:   517.13867

   (n,p)   cross sections:

 Inclusive:

 Level Energy    E-out     J/P       Direct    Compound      Total     Origin

  0   0.00000   7.72567    5.0+     0.00000     0.00145     0.00145    Preeq 
  1   0.03986   7.68581    4.0+     0.00000     0.00128     0.00128    Preeq 
  2   0.32804   7.39763    5.0+     0.00091     0.00088     0.00180    Preeq 
  3   0.47340   7.25227    4.0+     0.00069     0.00065     0.00135    Preeq 
  4   0.49284   7.23283    3.0+     0.00060     0.00056     0.00116    Preeq 
  5   0.61700   7.10867    6.0+     0.00054     0.00056     0.00110    Preeq 
  6   0.62040   7.10527    6.0+     0.00034     0.00056     0.00090    Preeq 
  7   0.69800   7.02767    2.0+     0.00051     0.00033     0.00084    Preeq 
  8   0.76000   6.96567    4.0+     0.00028     0.00039     0.00067    Preeq 
  9   0.78900   6.93667    1.0-     0.00012     0.00023     0.00035    Preeq 
 10   0.80000   6.92567    1.0-     0.00003     0.00023     0.00026    Preeq 
                                  ---------   ---------   ---------
 Discrete    (n,p)  :               0.00403     0.00713     0.01115
 Continuum   (n,p)  :               0.00573     0.00556     0.01129
                                  ---------   ---------   ---------
 Total       (n,p)  :               0.00975     0.01269     0.02244

 (n,gp) cross section:     0.00000

 Exclusive

 Discrete    (n,p)  :     0.01115
 Continuum   (n,p)  :     0.01128
 Total       (n,p)  :     0.02244

   (n,d)   cross sections:

 Inclusive:

 Level Energy    E-out     J/P       Direct    Compound      Total     Origin

  0   0.00000   6.16324    0.5+     0.00000     0.00001     0.00001    Preeq 
  1   0.35106   5.81218    1.5+     0.00000     0.00000     0.00001    Preeq 
  2   1.34818   4.81506    5.5-     0.00000     0.00000     0.00000    Preeq 
  3   1.68258   4.48066    2.5+     0.00000     0.00000     0.00000    Preeq 
  4   2.67569   3.48755    2.5+     0.00000     0.00000     0.00000    Preeq 
  5   2.70892   3.45432    2.5-     0.00000     0.00000     0.00000    Preeq 
                                  ---------   ---------   ---------
 Discrete    (n,d)  :               0.00001     0.00001     0.00001
 Continuum   (n,d)  :               0.00000     0.00000     0.00000
                                  ---------   ---------   ---------
 Total       (n,d)  :               0.00001     0.00001     0.00002

 (n,gd) cross section:     0.00000

 Exclusive

 Discrete    (n,d)  :     0.00001
 Continuum   (n,d)  :     0.00000
 Total       (n,d)  :     0.00001

   (n,t)   cross sections:

 Inclusive:

 Level Energy    E-out     J/P       Direct    Compound      Total     Origin

  0   0.00000   5.56802    0.0-     0.00000     0.00000     0.00000    Preeq 
  1   0.26583   5.30219    2.0-     0.00000     0.00000     0.00000    Preeq 
  2   0.30490   5.26312    1.0-     0.00000     0.00000     0.00000    Preeq 
  3   0.63502   4.93300    2.0-     0.00000     0.00000     0.00000    Preeq 
  4   0.64942   4.91860    1.0-     0.00000     0.00000     0.00000    Preeq 
  5   2.64310   2.92492   12.0-     0.00000     0.00000     0.00000    Preeq 
                                  ---------   ---------   ---------
 Discrete    (n,t)  :               0.00000     0.00000     0.00000
 Continuum   (n,t)  :               0.00000     0.00000     0.00000
                                  ---------   ---------   ---------
 Total       (n,t)  :               0.00000     0.00000     0.00000

 (n,gt) cross section:     0.00000

 Exclusive

 Discrete    (n,t)  :     0.00000
 Continuum   (n,t)  :     0.00000
 Total       (n,t)  :     0.00000

   (n,h)   cross sections:

 Inclusive:

 Level Energy    E-out     J/P       Direct    Compound      Total     Origin

  0   0.00000   4.27904    0.0+     0.00000     0.00000     0.00000    Preeq 
  1   1.06820   3.21084    2.0+     0.00000     0.00000     0.00000    Preeq 
  2   2.10240   2.17664    5.0-     0.00000     0.00000     0.00000    Preeq 
  3   2.46640   1.81264    7.0-     0.00000     0.00000     0.00000    Preeq 
  4   3.62340   0.65564    8.0+     0.00000     0.00000     0.00000    Preeq 
  5   3.62500   0.65404    0.0+     0.00000     0.00000     0.00000    Preeq 
                                  ---------   ---------   ---------
 Discrete    (n,h)  :               0.00000     0.00000     0.00000
 Continuum   (n,h)  :               0.00000     0.00000     0.00000
                                  ---------   ---------   ---------
 Total       (n,h)  :               0.00000     0.00000     0.00000

 (n,gh) cross section:     0.00000

 Exclusive

 Discrete    (n,h)  :     0.00000
 Continuum   (n,h)  :     0.00000
 Total       (n,h)  :     0.00000

   (n,a)   cross sections:

 Inclusive:

 Level Energy    E-out     J/P       Direct    Compound      Total     Origin

  0   0.00000  18.12733    0.5-     0.00000     0.00153     0.00153    Preeq 
  1   0.37946  17.74787    2.5-     0.00000     0.00204     0.00204    Preeq 
  2   0.46751  17.65982    1.5-     0.00005     0.00137     0.00142    Preeq 
  3   1.28070  16.84663    3.5+     0.00011     0.00054     0.00066    Preeq 
  4   1.32520  16.80213    4.5+     0.00001     0.00055     0.00056    Preeq 
  5   1.34612  16.78121    3.5-     0.00001     0.00050     0.00051    Preeq 
  6   1.39508  16.73225    4.5-     0.00002     0.00048     0.00050    Preeq 
  7   1.44750  16.67983    5.5-     0.00003     0.00045     0.00048    Preeq 
  8   1.55640  16.57093    6.5+     0.00006     0.00031     0.00037    Preeq 
  9   1.81820  16.30913    2.5+     0.00004     0.00019     0.00023    Preeq 
 10   1.84730  16.28003    4.5+     0.00000     0.00021     0.00022    Preeq 
                                  ---------   ---------   ---------
 Discrete    (n,a)  :               0.00033     0.00816     0.00850
 Continuum   (n,a)  :               0.00035     0.00462     0.00497
                                  ---------   ---------   ---------
 Total       (n,a)  :               0.00068     0.01278     0.01346

 (n,ga) cross section:     0.00000

 Exclusive

 Discrete    (n,a)  :     0.00850
 Continuum   (n,a)  :     0.00496
 Total       (n,a)  :     0.01346

 6. Exclusive cross sections

 6a. Total exclusive cross sections 

     Emitted particles     cross section reaction         level    isomeric    isomeric    lifetime relative yield
    n   p   d   t   h   a                                        cross section   ratio
    0   0   0   0   0   0    1.37907E+00  (n,g)                                                     5.37748E-04
    1   0   0   0   0   0    5.17139E+02  (n,n')                                                    2.01651E-01
    0   1   0   0   0   0    2.24350E-02  (n,p)                                                     8.74822E-06
    0   0   1   0   0   0    1.45066E-05  (n,d)                                                     5.65663E-09
                                                             0     1.30668E-05  0.90075
                                                             2     1.43981E-06  0.09925   1.33000E+00 sec. 
    0   0   0   1   0   0    1.20466E-07  (n,t)                                                     4.69739E-11
                                                             0     1.20430E-07  0.99971
                                                            45     3.54217E-11  0.00029   2.24400E+02 sec. 
    0   0   0   0   0   1    1.34597E-02  (n,a)                                                     5.24841E-06
    2   0   0   0   0   0    2.04597E+03  (n,2n)                                                    7.97798E-01
    1   1   0   0   0   0    1.60098E-06  (n,np)                                                    6.24278E-10
                                                             0     1.60098E-06  1.00000
                                                             2     0.00000E+00  0.00000   1.33000E+00 sec. 
    1   0   0   0   0   1    2.56174E-06  (n,na)                                                    9.98912E-10
    0   0   0   0   0   2    1.00000E-07  (n,2a)                                                    3.89936E-11
    1   0   0   0   0   2    1.00000E-07  (n,n2a)                                                   3.89936E-11
    0   0   0   0   0   3    1.00000E-07  (n,3a)                                                    3.89936E-11

 Absorption cross section                 :     1.41498

 Sum over exclusive channel cross sections:  2564.52637
 (n,gn) + (n,gp) +...(n,ga) cross sections:     2.07678
 Total                                    :  2566.60303
 Non-elastic cross section                :  2566.21436

 ########## RESULTS FOR E=  13.00000 ##########

 Energy dependent input flags

 Width fluctuations (flagwidth)            : n
 Unresolved resonance parameters (flagurr) : n
 Preequilibrium (flagpreeq)                : y
 Multiple preequilibrium (flagmulpre)      : n
 Number of continuum excitation energy bins: 40

 ########### REACTION SUMMARY FOR E=  13.00000 ###########

 Center-of-mass energy:   12.937

 1. Total (binary) cross sections

 Total           = 5.13232E+03
   Shape elastic   = 2.56848E+03
   Reaction        = 2.56383E+03
     Compound elastic= 1.08933E-02
     Non-elastic     = 2.56382E+03
       Direct          = 8.31317E+01
       Pre-equilibrium = 4.87894E+02
       Giant resonance = 3.08994E+01
       Compound non-el = 1.96189E+03
     Total elastic   = 2.56849E+03

 2. Binary non-elastic cross sections (non-exclusive)

 gamma   = 3.61239E+00
 neutron = 2.56011E+03
 proton  = 7.17534E-02
 deuteron= 2.99226E-04
 triton  = 1.01161E-05
 helium-3= 1.43773E-23
 alpha   = 2.39285E-02

 3. Total particle production cross sections

 gamma   = 1.44702E+03    Multiplicity= 5.64402E-01
 neutron = 4.73724E+03    Multiplicity= 1.84773E+00
 proton  = 7.17946E-02    Multiplicity= 2.80030E-05
 deuteron= 2.99226E-04    Multiplicity= 1.16711E-07
 triton  = 1.01161E-05    Multiplicity= 3.94572E-09
 helium-3= 1.43773E-23    Multiplicity= 5.60776E-27
 alpha   = 2.39329E-02    Multiplicity= 9.33487E-06

 4. Residual production cross sections

   a. Per isotope

   Z   A  nuclide    total     level   isomeric    isomeric    lifetime
                 cross section       cross section  ratio

   82 209 (209Pb) 1.36042E+00    0    1.36042E+00  1.00000
   82 208 (208Pb) 3.88168E+02    0    3.88168E+02  1.00000
   81 208 (208Tl) 7.16361E-02    0    7.16361E-02  1.00000
   82 207 (207Pb) 2.17486E+03    0    2.17486E+03  1.00000
   80 205 (205Hg) 2.38736E-02    0    2.38736E-02  1.00000
   80 204 (204Hg) 1.00000E-07    0    2.57034E-05  0.00000
   78 201 (201Pt) 1.00000E-07    0    0.00000E+00  0.00000

   b. Per mass

   A  cross section

  209 1.36042E+00
  208 3.88240E+02
  207 2.17486E+03
  205 2.38736E-02

 Total residual production cross section:  2564.4863281
 Non-elastic cross section              :  2563.8190918

 5. Binary reactions to discrete levels and continuum

   (n,g)   cross sections:

 Inclusive:

 Level Energy    E-out     J/P       Direct    Compound      Total     Origin

  0   0.00000  16.87420    4.5+     0.08610     0.00009     0.08619    Preeq 
  1   0.77889  16.09531    5.5+     0.17335     0.00009     0.17345    Preeq 
  2   1.42264  15.45156    7.5-     0.10566     0.00010     0.10577    Preeq 
  3   1.56709  15.30712    2.5+     0.08555     0.00011     0.08566    Preeq 
  4   2.03221  14.84199    0.5+     0.08502     0.00008     0.08510    Preeq 
  5   2.14943  14.72477    0.5-     0.04303     0.00007     0.04309    Preeq 
  6   2.31593  14.55827    1.5-     0.04164     0.00010     0.04174    Preeq 
  7   2.42400  14.45020    3.5-     0.02251     0.00013     0.02264    Preeq 
  8   2.46100  14.41320    2.5-     0.01064     0.00011     0.01075    Preeq 
  9   2.49100  14.38320    3.5+     0.01015     0.00014     0.01028    Preeq 
 10   2.52493  14.34927    1.5-     0.00539     0.00011     0.00549    Preeq 
                                  ---------   ---------   ---------
 Discrete    (n,g)  :               0.66903     0.00113     0.67016
 Continuum   (n,g)  :               1.20331     1.73892     2.94223
                                  ---------   ---------   ---------
 Total       (n,g)  :               1.87234     1.74005     3.61239


 Exclusive

 Discrete    (n,g)  :     0.67016
 Continuum   (n,g)  :     0.69026
 Total       (n,g)  :     1.36042

 Inelastic cross sections:

 Inclusive:

 Level Energy    E-out     J/P       Direct    Compound      Total     Origin

  1   2.61452  10.32230    3.0-    50.58030     0.05013    50.63042    Direct
  2   3.19771   9.73911    5.0-    11.91090     0.05713    11.96803    Direct
  3   3.47508   9.46175    4.0-     0.00000     0.05380     0.05380    Preeq 
  4   3.70845   9.22837    5.0-     3.30396     0.05508     3.35904    Direct
  5   3.91997   9.01686    6.0-     0.00000     0.05231     0.05231    Preeq 
  6   3.94658   8.99025    4.0-     0.00000     0.05203     0.05203    Preeq 
  7   3.96116   8.97566    5.0-     0.91761     0.05401     0.97163    Direct
  8   3.99544   8.94139    4.0-     0.00000     0.05184     0.05184    Preeq 
  9   4.03744   8.89938    7.0-     2.97238     0.04607     3.01845    Direct
 10   4.05113   8.88569    3.0-     1.41228     0.04576     1.45804    Direct
 11   4.08552   8.85131    2.0+     0.75488     0.03687     0.79174    Direct
 12   4.12535   8.81148    5.0-     9.46911     0.05329     9.52240    Direct
 13   4.14400   8.79283    1.0+     0.00000     0.02418     0.02418    Preeq 
 14   4.18041   8.75641    5.0-     1.12359     0.05305     1.17664    Direct
 15   4.20628   8.73055    6.0-     0.00000     0.05099     0.05099    Preeq 
                                  ---------   ---------   ---------
 Discrete  Inelastic:              82.44501     0.73653    83.18153
 Continuum Inelastic:             517.55396  1959.37305  2476.92700
                                  ---------   ---------   ---------
 Total     Inelastic:             599.99896  1960.10962  2560.11084

 (n,gn) cross section:     2.26452

 Exclusive

 Discrete  Inelastic:    83.18153
 Continuum Inelastic:   303.14911
 Total     Inelastic:   386.33063

   (n,p)   cross sections:

 Inclusive:

 Level Energy    E-out     J/P       Direct    Compound      Total     Origin

  0   0.00000   8.72078    5.0+     0.00000     0.00146     0.00146    Preeq 
  1   0.03986   8.68092    4.0+     0.00000     0.00131     0.00131    Preeq 
  2   0.32804   8.39274    5.0+     0.00351     0.00101     0.00452    Preeq 
  3   0.47340   8.24738    4.0+     0.00267     0.00080     0.00346    Preeq 
  4   0.49284   8.22794    3.0+     0.00232     0.00069     0.00302    Preeq 
  5   0.61700   8.10378    6.0+     0.00206     0.00072     0.00279    Preeq 
  6   0.62040   8.10038    6.0+     0.00131     0.00072     0.00203    Preeq 
  7   0.69800   8.02278    2.0+     0.00217     0.00046     0.00263    Preeq 
  8   0.76000   7.96078    4.0+     0.00136     0.00055     0.00191    Preeq 
  9   0.78900   7.93178    1.0-     0.00060     0.00032     0.00092    Preeq 
 10   0.80000   7.92078    1.0-     0.00016     0.00032     0.00048    Preeq 
                                  ---------   ---------   ---------
 Discrete    (n,p)  :               0.01617     0.00836     0.02453
 Continuum   (n,p)  :               0.03444     0.01278     0.04722
                                  ---------   ---------   ---------
 Total       (n,p)  :               0.05061     0.02115     0.07175

 (n,gp) cross section:     0.00000

 Exclusive

 Discrete    (n,p)  :     0.02453
 Continuum   (n,p)  :     0.04711
 Total       (n,p)  :     0.07164

   (n,d)   cross sections:

 Inclusive:

 Level Energy    E-out     J/P       Direct    Compound      Total     Origin

  0   0.00000   7.15835    0.5+     0.00007     0.00004     0.00011    Preeq 
  1   0.35106   6.80729    1.5+     0.00010     0.00003     0.00013    Preeq 
  2   1.34818   5.81017    5.5-     0.00005     0.00000     0.00006    Preeq 
  3   1.68258   5.47577    2.5+     0.00001     0.00000     0.00001    Preeq 
  4   2.67569   4.48266    2.5+     0.00000     0.00000     0.00000    Preeq 
  5   2.70892   4.44943    2.5-     0.00000     0.00000     0.00000    Preeq 
                                  ---------   ---------   ---------
 Discrete    (n,d)  :               0.00023     0.00007     0.00016
 Continuum   (n,d)  :               0.00000     0.00000     0.00000
                                  ---------   ---------   ---------
 Total       (n,d)  :               0.00023     0.00007     0.00030

 (n,gd) cross section:     0.00000

 Exclusive

 Discrete    (n,d)  :     0.00016
 Continuum   (n,d)  :     0.00000
 Total       (n,d)  :     0.00016

   (n,t)   cross sections:

 Inclusive:

 Level Energy    E-out     J/P       Direct    Compound      Total     Origin

  0   0.00000   6.56313    0.0-     0.00000     0.00000     0.00000    Preeq 
  1   0.26583   6.29730    2.0-     0.00000     0.00000     0.00000    Preeq 
  2   0.30490   6.25823    1.0-     0.00000     0.00000     0.00000    Preeq 
  3   0.63502   5.92811    2.0-     0.00000     0.00000     0.00000    Preeq 
  4   0.64942   5.91371    1.0-     0.00000     0.00000     0.00000    Preeq 
  5   2.64310   3.92003   12.0-     0.00000     0.00000     0.00000    Preeq 
                                  ---------   ---------   ---------
 Discrete    (n,t)  :               0.00000     0.00001     0.00000
 Continuum   (n,t)  :               0.00000     0.00000     0.00000
                                  ---------   ---------   ---------
 Total       (n,t)  :               0.00000     0.00001     0.00001

 (n,gt) cross section:     0.00000

 Exclusive

 Discrete    (n,t)  :     0.00000
 Continuum   (n,t)  :     0.00000
 Total       (n,t)  :     0.00000

   (n,h)   cross sections:

 Inclusive:

 Level Energy    E-out     J/P       Direct    Compound      Total     Origin

  0   0.00000   5.27415    0.0+     0.00000     0.00000     0.00000    Preeq 
  1   1.06820   4.20595    2.0+     0.00000     0.00000     0.00000    Preeq 
  2   2.10240   3.17175    5.0-     0.00000     0.00000     0.00000    Preeq 
  3   2.46640   2.80775    7.0-     0.00000     0.00000     0.00000    Preeq 
  4   3.62340   1.65075    8.0+     0.00000     0.00000     0.00000    Preeq 
  5   3.62500   1.64915    0.0+     0.00000     0.00000     0.00000    Preeq 
                                  ---------   ---------   ---------
 Discrete    (n,h)  :               0.00000     0.00000     0.00000
 Continuum   (n,h)  :               0.00000     0.00000     0.00000
                                  ---------   ---------   ---------
 Total       (n,h)  :               0.00000     0.00000     0.00000

 (n,gh) cross section:     0.00000

 Exclusive

 Discrete    (n,h)  :     0.00000
 Continuum   (n,h)  :     0.00000
 Total       (n,h)  :     0.00000

   (n,a)   cross sections:

 Inclusive:

 Level Energy    E-out     J/P       Direct    Compound      Total     Origin

  0   0.00000  19.12244    0.5-     0.00000     0.00156     0.00156    Preeq 
  1   0.37946  18.74298    2.5-     0.00000     0.00237     0.00237    Preeq 
  2   0.46751  18.65493    1.5-     0.00016     0.00162     0.00178    Preeq 
  3   1.28070  17.84174    3.5+     0.00042     0.00080     0.00122    Preeq 
  4   1.32520  17.79724    4.5+     0.00004     0.00082     0.00086    Preeq 
  5   1.34612  17.77632    3.5-     0.00004     0.00074     0.00078    Preeq 
  6   1.39508  17.72736    4.5-     0.00006     0.00072     0.00079    Preeq 
  7   1.44750  17.67494    5.5-     0.00010     0.00068     0.00078    Preeq 
  8   1.55640  17.56604    6.5+     0.00024     0.00052     0.00076    Preeq 
  9   1.81820  17.30424    2.5+     0.00019     0.00031     0.00050    Preeq 
 10   1.84730  17.27514    4.5+     0.00002     0.00036     0.00038    Preeq 
                                  ---------   ---------   ---------
 Discrete    (n,a)  :               0.00128     0.01050     0.01178
 Continuum   (n,a)  :               0.00171     0.01044     0.01215
                                  ---------   ---------   ---------
 Total       (n,a)  :               0.00299     0.02094     0.02393

 (n,ga) cross section:     0.00000

 Exclusive

 Discrete    (n,a)  :     0.01178
 Continuum   (n,a)  :     0.01210
 Total       (n,a)  :     0.02387

 6. Exclusive cross sections

 6a. Total exclusive cross sections 

     Emitted particles     cross section reaction         level    isomeric    isomeric    lifetime relative yield
    n   p   d   t   h   a                                        cross section   ratio
    0   0   0   0   0   0    1.36042E+00  (n,g)                                                     5.30953E-04
    1   0   0   0   0   0    3.86331E+02  (n,n')                                                    1.50779E-01
    0   1   0   0   0   0    7.16352E-02  (n,p)                                                     2.79582E-05
    0   0   1   0   0   0    1.62065E-04  (n,d)                                                     6.32516E-08
                                                             0     1.05824E-04  0.65298
                                                             2     5.62403E-05  0.34702   1.33000E+00 sec. 
    0   0   0   1   0   0    1.88400E-06  (n,t)                                                     7.35299E-10
                                                             0     1.87867E-06  0.99717
                                                            45     5.32845E-09  0.00283   2.24400E+02 sec. 
    0   0   0   0   0   1    2.38727E-02  (n,a)                                                     9.31719E-06
    2   0   0   0   0   0    2.17444E+03  (n,2n)                                                    8.48652E-01
    1   1   0   0   0   0    1.14745E-04  (n,np)                                                    4.47835E-08
                                                             0     1.14680E-04  0.99943
                                                             2     6.56005E-08  0.00057   1.33000E+00 sec. 
    1   0   0   0   0   1    2.57033E-05  (n,na)                                                    1.00317E-08
    0   0   0   0   0   2    1.00000E-07  (n,2a)                                                    3.90286E-11
    1   0   0   0   0   2    1.00000E-07  (n,n2a)                                                   3.90286E-11
    0   0   0   0   0   3    1.00000E-07  (n,3a)                                                    3.90286E-11

 Absorption cross section                 :     1.45609

 Sum over exclusive channel cross sections:  2562.22266
 (n,gn) + (n,gp) +...(n,ga) cross sections:     2.26453
 Total                                    :  2564.48706
 Non-elastic cross section                :  2563.81909

 ########## RESULTS FOR E=  14.00000 ##########

 Energy dependent input flags

 Width fluctuations (flagwidth)            : n
 Unresolved resonance parameters (flagurr) : n
 Preequilibrium (flagpreeq)                : y
 Multiple preequilibrium (flagmulpre)      : n
 Number of continuum excitation energy bins: 40

 ########### REACTION SUMMARY FOR E=  14.00000 ###########

 Center-of-mass energy:   13.932

 1. Total (binary) cross sections

 Total           = 5.25844E+03
   Shape elastic   = 2.69000E+03
   Reaction        = 2.56843E+03
     Compound elastic= 3.36449E-03
     Non-elastic     = 2.56843E+03
       Direct          = 7.99836E+01
       Pre-equilibrium = 5.43006E+02
       Giant resonance = 3.16711E+01
       Compound non-el = 1.91377E+03
     Total elastic   = 2.69000E+03

 2. Binary non-elastic cross sections (non-exclusive)

 gamma   = 3.71399E+00
 neutron = 2.56446E+03
 proton  = 2.11092E-01
 deuteron= 3.14553E-03
 triton  = 1.51369E-04
 helium-3= 7.64959E-20
 alpha   = 4.12244E-02

 3. Total particle production cross sections

 gamma   = 2.11042E+03    Multiplicity= 8.21678E-01
 neutron = 4.81024E+03    Multiplicity= 1.87284E+00
 proton  = 2.11516E-01    Multiplicity= 8.23525E-05
 deuteron= 3.14553E-03    Multiplicity= 1.22469E-06
 triton  = 1.51369E-04    Multiplicity= 5.89345E-08
 helium-3= 7.64959E-20    Multiplicity= 2.97832E-23
 alpha   = 4.12511E-02    Multiplicity= 1.60609E-05

 4. Residual production cross sections

   a. Per isotope

   Z   A  nuclide    total     level   isomeric    isomeric    lifetime
                 cross section       cross section  ratio

   82 209 (209Pb) 1.26368E+00    0    1.26368E+00  1.00000
   82 208 (208Pb) 3.24242E+02    0    3.24242E+02  1.00000
   81 208 (208Tl) 2.09372E-01    0    2.09372E-01  1.00000
   82 207 (207Pb) 2.24332E+03    0    2.24332E+03  1.00000
   81 207 (207Tl) 5.28008E-03    0    4.29105E-03  0.81269
                                 2    9.89032E-04  0.18731   1.33000E+00 sec. 
   80 205 (205Hg) 4.08537E-02    0    4.08537E-02  1.00000
   80 204 (204Hg) 1.00000E-07    0    1.27330E-04  0.00000
   78 201 (201Pt) 1.00000E-07    0    0.00000E+00  0.00000

   b. Per mass

   A  cross section

  209 1.26368E+00
  208 3.24451E+02
  207 2.24333E+03
  205 4.08537E-02

 Total residual production cross section:  2569.0808105
 Non-elastic cross section              :  2568.4265137

 5. Binary reactions to discrete levels and continuum

   (n,g)   cross sections:

 Inclusive:

 Level Energy    E-out     J/P       Direct    Compound      Total     Origin

  0   0.00000  17.86931    4.5+     0.06847     0.00002     0.06849    Preeq 
  1   0.77889  17.09042    5.5+     0.13721     0.00002     0.13724    Preeq 
  2   1.42264  16.44667    7.5-     0.08366     0.00003     0.08369    Preeq 
  3   1.56709  16.30222    2.5+     0.06787     0.00003     0.06789    Preeq 
  4   2.03221  15.83710    0.5+     0.06814     0.00002     0.06816    Preeq 
  5   2.14943  15.71988    0.5-     0.03481     0.00002     0.03483    Preeq 
  6   2.31593  15.55338    1.5-     0.03535     0.00003     0.03537    Preeq 
  7   2.42400  15.44531    3.5-     0.01955     0.00003     0.01958    Preeq 
  8   2.46100  15.40831    2.5-     0.00903     0.00003     0.00906    Preeq 
  9   2.49100  15.37831    3.5+     0.00862     0.00003     0.00865    Preeq 
 10   2.52493  15.34438    1.5-     0.00457     0.00003     0.00460    Preeq 
                                  ---------   ---------   ---------
 Discrete    (n,g)  :               0.53727     0.00028     0.53756
 Continuum   (n,g)  :               1.49383     1.68259     3.17643
                                  ---------   ---------   ---------
 Total       (n,g)  :               2.03111     1.68288     3.71399


 Exclusive

 Discrete    (n,g)  :     0.53756
 Continuum   (n,g)  :     0.72612
 Total       (n,g)  :     1.26368

 Inelastic cross sections:

 Inclusive:

 Level Energy    E-out     J/P       Direct    Compound      Total     Origin

  1   2.61452  11.31741    3.0-    48.76360     0.01588    48.77948    Direct
  2   3.19771  10.73422    5.0-    11.41490     0.01848    11.43338    Direct
  3   3.47508  10.45685    4.0-     0.00000     0.01728     0.01728    Preeq 
  4   3.70845  10.22348    5.0-     3.17176     0.01793     3.18969    Direct
  5   3.91997  10.01197    6.0-     0.00000     0.01732     0.01732    Preeq 
  6   3.94658   9.98535    4.0-     0.00000     0.01681     0.01681    Preeq 
  7   3.96116   9.97077    5.0-     0.88187     0.01764     0.89951    Direct
  8   3.99544   9.93649    4.0-     0.00000     0.01676     0.01676    Preeq 
  9   4.03744   9.89449    7.0-     2.88518     0.01559     2.90077    Direct
 10   4.05113   9.88080    3.0-     1.35902     0.01470     1.37372    Direct
 11   4.08552   9.84641    2.0+     0.73102     0.01182     0.74285    Direct
 12   4.12535   9.80658    5.0-     9.10677     0.01745     9.12422    Direct
 13   4.14400   9.78793    1.0+     0.00000     0.00774     0.00774    Preeq 
 14   4.18041   9.75152    5.0-     1.08084     0.01739     1.09823    Direct
 15   4.20628   9.72565    6.0-     0.00000     0.01697     0.01697    Preeq 
                                  ---------   ---------   ---------
 Discrete  Inelastic:              79.39496     0.23974    79.63470
 Continuum Inelastic:             573.03790  1911.78296  2484.82080
                                  ---------   ---------   ---------
 Total     Inelastic:             652.43286  1912.02271  2564.45728

 (n,gn) cross section:     2.46349

 Exclusive

 Discrete  Inelastic:    79.63470
 Continuum Inelastic:   242.76859
 Total     Inelastic:   322.40329

   (n,p)   cross sections:

 Inclusive:

 Level Energy    E-out     J/P       Direct    Compound      Total     Origin

  0   0.00000   9.71589    5.0+     0.00000     0.00108     0.00108    Preeq 
  1   0.03986   9.67603    4.0+     0.00000     0.00099     0.00099    Preeq 
  2   0.32804   9.38785    5.0+     0.00925     0.00082     0.01007    Preeq 
  3   0.47340   9.24249    4.0+     0.00703     0.00068     0.00771    Preeq 
  4   0.49284   9.22305    3.0+     0.00613     0.00060     0.00672    Preeq 
  5   0.61700   9.09889    6.0+     0.00544     0.00064     0.00608    Preeq 
  6   0.62040   9.09549    6.0+     0.00346     0.00064     0.00409    Preeq 
  7   0.69800   9.01789    2.0+     0.00628     0.00042     0.00670    Preeq 
  8   0.76000   8.95589    4.0+     0.00430     0.00051     0.00482    Preeq 
  9   0.78900   8.92689    1.0-     0.00189     0.00030     0.00219    Preeq 
 10   0.80000   8.91589    1.0-     0.00052     0.00029     0.00081    Preeq 
                                  ---------   ---------   ---------
 Discrete    (n,p)  :               0.04429     0.00697     0.05127
 Continuum   (n,p)  :               0.13863     0.02120     0.15983
                                  ---------   ---------   ---------
 Total       (n,p)  :               0.18292     0.02817     0.21109

 (n,gp) cross section:     0.00000

 Exclusive

 Discrete    (n,p)  :     0.05127
 Continuum   (n,p)  :     0.15810
 Total       (n,p)  :     0.20937

   (n,d)   cross sections:

 Inclusive:

 Level Energy    E-out     J/P       Direct    Compound      Total     Origin

  0   0.00000   8.15345    0.5+     0.00058     0.00009     0.00067    Preeq 
  1   0.35106   7.80239    1.5+     0.00129     0.00008     0.00137    Preeq 
  2   1.34818   6.80527    5.5-     0.00089     0.00001     0.00090    Preeq 
  3   1.68258   6.47087    2.5+     0.00019     0.00000     0.00019    Preeq 
  4   2.67569   5.47776    2.5+     0.00001     0.00000     0.00001    Preeq 
  5   2.70892   5.44453    2.5-     0.00000     0.00000     0.00000    Preeq 
                                  ---------   ---------   ---------
 Discrete    (n,d)  :               0.00296     0.00019     0.00314
 Continuum   (n,d)  :               0.00000     0.00000     0.00000
                                  ---------   ---------   ---------
 Total       (n,d)  :               0.00296     0.00019     0.00315

 (n,gd) cross section:     0.00000

 Exclusive

 Discrete    (n,d)  :     0.00314
 Continuum   (n,d)  :     0.00000
 Total       (n,d)  :     0.00314

   (n,t)   cross sections:

 Inclusive:

 Level Energy    E-out     J/P       Direct    Compound      Total     Origin

  0   0.00000   7.55823    0.0-     0.00001     0.00001     0.00002    Preeq 
  1   0.26583   7.29240    2.0-     0.00002     0.00001     0.00004    Preeq 
  2   0.30490   7.25334    1.0-     0.00003     0.00001     0.00004    Preeq 
  3   0.63502   6.92321    2.0-     0.00002     0.00000     0.00002    Preeq 
  4   0.64942   6.90881    1.0-     0.00003     0.00000     0.00003    Preeq 
  5   2.64310   4.91513   12.0-     0.00000     0.00000     0.00000    Preeq 
                                  ---------   ---------   ---------
 Discrete    (n,t)  :               0.00011     0.00004     0.00002
 Continuum   (n,t)  :               0.00000     0.00000     0.00000
                                  ---------   ---------   ---------
 Total       (n,t)  :               0.00011     0.00004     0.00015

 (n,gt) cross section:     0.00000

 Exclusive

 Discrete    (n,t)  :     0.00002
 Continuum   (n,t)  :     0.00000
 Total       (n,t)  :     0.00002

   (n,h)   cross sections:

 Inclusive:

 Level Energy    E-out     J/P       Direct    Compound      Total     Origin

  0   0.00000   6.26926    0.0+     0.00000     0.00000     0.00000    Preeq 
  1   1.06820   5.20106    2.0+     0.00000     0.00000     0.00000    Preeq 
  2   2.10240   4.16686    5.0-     0.00000     0.00000     0.00000    Preeq 
  3   2.46640   3.80286    7.0-     0.00000     0.00000     0.00000    Preeq 
  4   3.62340   2.64586    8.0+     0.00000     0.00000     0.00000    Preeq 
  5   3.62500   2.64426    0.0+     0.00000     0.00000     0.00000    Preeq 
                                  ---------   ---------   ---------
 Discrete    (n,h)  :               0.00000     0.00000     0.00000
 Continuum   (n,h)  :               0.00000     0.00000     0.00000
                                  ---------   ---------   ---------
 Total       (n,h)  :               0.00000     0.00000     0.00000

 (n,gh) cross section:     0.00000

 Exclusive

 Discrete    (n,h)  :     0.00000
 Continuum   (n,h)  :     0.00000
 Total       (n,h)  :     0.00000

   (n,a)   cross sections:

 Inclusive:

 Level Energy    E-out     J/P       Direct    Compound      Total     Origin

  0   0.00000  20.11754    0.5-     0.00000     0.00113     0.00113    Preeq 
  1   0.37946  19.73808    2.5-     0.00000     0.00201     0.00201    Preeq 
  2   0.46751  19.65003    1.5-     0.00046     0.00141     0.00187    Preeq 
  3   1.28070  18.83684    3.5+     0.00126     0.00092     0.00218    Preeq 
  4   1.32520  18.79234    4.5+     0.00013     0.00095     0.00108    Preeq 
  5   1.34612  18.77142    3.5-     0.00013     0.00086     0.00099    Preeq 
  6   1.39508  18.72246    4.5-     0.00019     0.00086     0.00105    Preeq 
  7   1.44750  18.67004    5.5-     0.00031     0.00083     0.00114    Preeq 
  8   1.55640  18.56114    6.5+     0.00078     0.00067     0.00145    Preeq 
  9   1.81820  18.29934    2.5+     0.00066     0.00040     0.00106    Preeq 
 10   1.84730  18.27024    4.5+     0.00007     0.00048     0.00055    Preeq 
                                  ---------   ---------   ---------
 Discrete    (n,a)  :               0.00399     0.01051     0.01451
 Continuum   (n,a)  :               0.00706     0.01966     0.02672
                                  ---------   ---------   ---------
 Total       (n,a)  :               0.01105     0.03017     0.04122

 (n,ga) cross section:     0.00000

 Exclusive

 Discrete    (n,a)  :     0.01451
 Continuum   (n,a)  :     0.02635
 Total       (n,a)  :     0.04085

 6. Exclusive cross sections

 6a. Total exclusive cross sections 

     Emitted particles     cross section reaction         level    isomeric    isomeric    lifetime relative yield
    n   p   d   t   h   a                                        cross section   ratio
    0   0   0   0   0   0    1.26368E+00  (n,g)                                                     4.92353E-04
    1   0   0   0   0   0    3.22403E+02  (n,n')                                                    1.25614E-01
    0   1   0   0   0   0    2.09369E-01  (n,p)                                                     8.15740E-05
    0   0   1   0   0   0    3.14100E-03  (n,d)                                                     1.22379E-06
                                                             0     2.23708E-03  0.71222
                                                             2     9.03919E-04  0.28778   1.33000E+00 sec. 
    0   0   0   1   0   0    1.89557E-05  (n,t)                                                     7.38548E-09
                                                             0     1.80092E-05  0.95007
                                                            45     9.46516E-07  0.04993   2.24400E+02 sec. 
    0   0   0   0   0   1    4.08519E-02  (n,a)                                                     1.59166E-05
    2   0   0   0   0   0    2.24269E+03  (n,2n)                                                    8.73794E-01
    1   1   0   0   0   0    2.13908E-03  (n,np)                                                    8.33424E-07
                                                             0     2.05397E-03  0.96021
                                                             2     8.51122E-05  0.03979   1.33000E+00 sec. 
    1   0   0   0   0   1    1.27330E-04  (n,na)                                                    4.96099E-08
    0   0   0   0   0   2    1.00000E-07  (n,2a)                                                    3.89618E-11
    1   0   0   0   0   2    1.00000E-07  (n,n2a)                                                   3.89618E-11
    0   0   0   0   0   3    1.00000E-07  (n,3a)                                                    3.89618E-11

 Absorption cross section                 :     1.51706

 Sum over exclusive channel cross sections:  2566.61743
 (n,gn) + (n,gp) +...(n,ga) cross sections:     2.46350
 Total                                    :  2569.08081
 Non-elastic cross section                :  2568.42651

 ########## RESULTS FOR E=  15.00000 ##########

 Energy dependent input flags

 Width fluctuations (flagwidth)            : n
 Unresolved resonance parameters (flagurr) : n
 Preequilibrium (flagpreeq)                : y
 Multiple preequilibrium (flagmulpre)      : n
 Number of continuum excitation energy bins: 40

 ########### REACTION SUMMARY FOR E=  15.00000 ###########

 Center-of-mass energy:   14.927

 1. Total (binary) cross sections

 Total           = 5.39066E+03
   Shape elastic   = 2.82250E+03
   Reaction        = 2.56816E+03
     Compound elastic= 1.05145E-03
     Non-elastic     = 2.56816E+03
       Direct          = 7.68680E+01
       Pre-equilibrium = 5.94210E+02
       Giant resonance = 3.21756E+01
       Compound non-el = 1.86491E+03
     Total elastic   = 2.82250E+03

 2. Binary non-elastic cross sections (non-exclusive)

 gamma   = 3.76312E+00
 neutron = 2.56375E+03
 proton  = 5.39903E-01
 deuteron= 2.27669E-02
 triton  = 1.55914E-03
 helium-3= 4.29803E-17
 alpha   = 7.70355E-02

 3. Total particle production cross sections

 gamma   = 2.81725E+03    Multiplicity= 1.09699E+00
 neutron = 4.84895E+03    Multiplicity= 1.88810E+00
 proton  = 5.41774E-01    Multiplicity= 2.10958E-04
 deuteron= 2.27669E-02    Multiplicity= 8.86506E-06
 triton  = 1.55914E-03    Multiplicity= 6.07103E-07
 helium-3= 4.29803E-17    Multiplicity= 1.67358E-20
 alpha   = 7.71464E-02    Multiplicity= 3.00396E-05

 4. Residual production cross sections

   a. Per isotope

   Z   A  nuclide    total     level   isomeric    isomeric    lifetime
                 cross section       cross section  ratio

   82 209 (209Pb) 1.13597E+00    0    1.13597E+00  1.00000
   82 208 (208Pb) 2.89407E+02    0    2.89407E+02  1.00000
   81 208 (208Tl) 5.27770E-01    0    5.27770E-01  1.00000
   82 207 (207Pb) 2.27337E+03    0    2.27337E+03  1.00000
   81 207 (207Tl) 3.67606E-02    0    2.74953E-02  0.74796
                                 2    9.26528E-03  0.25204   1.33000E+00 sec. 
   82 206 (206Pb) 4.58607E+00    0    4.58607E+00  1.00000
   81 206 (206Tl) 1.55645E-03    0    1.51540E-03  0.97363
                                45    4.10506E-05  0.02637   2.24400E+02 sec. 
   80 205 (205Hg) 7.53020E-02    0    7.53020E-02  1.00000
   80 204 (204Hg) 1.85360E-03    0    1.85360E-03  1.00000
   78 201 (201Pt) 1.00000E-07    0    0.00000E+00  0.00000
   78 200 (200Pt) 1.00000E-07    0    0.00000E+00  0.00000

   b. Per mass

   A  cross section

  209 1.13597E+00
  208 2.89935E+02
  207 2.27340E+03
  206 4.58762E+00
  205 7.53020E-02
  204 1.85360E-03

 Total residual production cross section:  2569.1384277
 Non-elastic cross section              :  2568.1589355

 5. Binary reactions to discrete levels and continuum

   (n,g)   cross sections:

 Inclusive:

 Level Energy    E-out     J/P       Direct    Compound      Total     Origin

  0   0.00000  18.86441    4.5+     0.05562     0.00001     0.05563    Preeq 
  1   0.77889  18.08552    5.5+     0.11003     0.00001     0.11003    Preeq 
  2   1.42264  17.44177    7.5-     0.06655     0.00001     0.06656    Preeq 
  3   1.56709  17.29732    2.5+     0.05383     0.00001     0.05384    Preeq 
  4   2.03221  16.83220    0.5+     0.05395     0.00000     0.05396    Preeq 
  5   2.14943  16.71498    0.5-     0.02751     0.00000     0.02752    Preeq 
  6   2.31593  16.54848    1.5-     0.02800     0.00001     0.02800    Preeq 
  7   2.42400  16.44041    3.5-     0.01551     0.00001     0.01552    Preeq 
  8   2.46100  16.40341    2.5-     0.00717     0.00001     0.00717    Preeq 
  9   2.49100  16.37341    3.5+     0.00684     0.00001     0.00685    Preeq 
 10   2.52493  16.33948    1.5-     0.00363     0.00001     0.00364    Preeq 
                                  ---------   ---------   ---------
 Discrete    (n,g)  :               0.42864     0.00007     0.42871
 Continuum   (n,g)  :               1.72384     1.61057     3.33441
                                  ---------   ---------   ---------
 Total       (n,g)  :               2.15248     1.61064     3.76312


 Exclusive

 Discrete    (n,g)  :     0.42871
 Continuum   (n,g)  :     0.70726
 Total       (n,g)  :     1.13597

 Inelastic cross sections:

 Inclusive:

 Level Energy    E-out     J/P       Direct    Compound      Total     Origin

  1   2.61452  12.31251    3.0-    46.99320     0.00506    46.99826    Direct
  2   3.19771  11.72932    5.0-    10.91820     0.00599    10.92419    Direct
  3   3.47508  11.45195    4.0-     0.00000     0.00556     0.00556    Preeq 
  4   3.70845  11.21858    5.0-     3.03167     0.00583     3.03750    Direct
  5   3.91997  11.00707    6.0-     0.00000     0.00570     0.00570    Preeq 
  6   3.94658  10.98045    4.0-     0.00000     0.00543     0.00543    Preeq 
  7   3.96116  10.96587    5.0-     0.84296     0.00575     0.84871    Direct
  8   3.99544  10.93159    4.0-     0.00000     0.00541     0.00541    Preeq 
  9   4.03744  10.88959    7.0-     2.78334     0.00523     2.78857    Direct
 10   4.05113  10.87590    3.0-     1.30130     0.00472     1.30602    Direct
 11   4.08552  10.84151    2.0+     0.70043     0.00378     0.70421    Direct
 12   4.12535  10.80168    5.0-     8.70674     0.00569     8.71243    Direct
 13   4.14400  10.78303    1.0+     0.00000     0.00246     0.00246    Preeq 
 14   4.18041  10.74662    5.0-     1.03346     0.00567     1.03913    Direct
 15   4.20628  10.72075    6.0-     0.00000     0.00561     0.00561    Preeq 
                                  ---------   ---------   ---------
 Discrete  Inelastic:              76.31130     0.07789    76.38919
 Continuum Inelastic:             624.22308  1863.14172  2487.36475
                                  ---------   ---------   ---------
 Total     Inelastic:             700.53436  1863.21960  2563.75464

 (n,gn) cross section:     2.64783

 Exclusive

 Discrete  Inelastic:    76.38919
 Continuum Inelastic:   211.18292
 Total     Inelastic:   287.57211

   (n,p)   cross sections:

 Inclusive:

 Level Energy    E-out     J/P       Direct    Compound      Total     Origin

  0   0.00000  10.71099    5.0+     0.00000     0.00065     0.00065    Preeq 
  1   0.03986  10.67113    4.0+     0.00000     0.00061     0.00061    Preeq 
  2   0.32804  10.38295    5.0+     0.01863     0.00053     0.01916    Preeq 
  3   0.47340  10.23759    4.0+     0.01416     0.00045     0.01462    Preeq 
  4   0.49284  10.21815    3.0+     0.01234     0.00040     0.01274    Preeq 
  5   0.61700  10.09399    6.0+     0.01096     0.00044     0.01140    Preeq 
  6   0.62040  10.09059    6.0+     0.00696     0.00044     0.00740    Preeq 
  7   0.69800  10.01299    2.0+     0.01358     0.00030     0.01387    Preeq 
  8   0.76000   9.95099    4.0+     0.00988     0.00037     0.01024    Preeq 
  9   0.78900   9.92199    1.0-     0.00434     0.00020     0.00455    Preeq 
 10   0.80000   9.91099    1.0-     0.00119     0.00020     0.00140    Preeq 
                                  ---------   ---------   ---------
 Discrete    (n,p)  :               0.09205     0.00459     0.09664
 Continuum   (n,p)  :               0.41384     0.02942     0.44326
                                  ---------   ---------   ---------
 Total       (n,p)  :               0.50589     0.03401     0.53990

 (n,gp) cross section:     0.00000

 Exclusive

 Discrete    (n,p)  :     0.09664
 Continuum   (n,p)  :     0.43113
 Total       (n,p)  :     0.52777

   (n,d)   cross sections:

 Inclusive:

 Level Energy    E-out     J/P       Direct    Compound      Total     Origin

  0   0.00000   9.14855    0.5+     0.00294     0.00013     0.00307    Preeq 
  1   0.35106   8.79749    1.5+     0.00931     0.00014     0.00945    Preeq 
  2   1.34818   7.80037    5.5-     0.00775     0.00004     0.00779    Preeq 
  3   1.68258   7.46597    2.5+     0.00216     0.00001     0.00218    Preeq 
  4   2.67569   6.47286    2.5+     0.00015     0.00000     0.00015    Preeq 
  5   2.70892   6.43963    2.5-     0.00000     0.00000     0.00000    Preeq 
                                  ---------   ---------   ---------
 Discrete    (n,d)  :               0.02232     0.00033     0.02265
 Continuum   (n,d)  :               0.00010     0.00002     0.00012
                                  ---------   ---------   ---------
 Total       (n,d)  :               0.02242     0.00034     0.02277

 (n,gd) cross section:     0.00000

 Exclusive

 Discrete    (n,d)  :     0.02265
 Continuum   (n,d)  :     0.00011
 Total       (n,d)  :     0.02276

   (n,t)   cross sections:

 Inclusive:

 Level Energy    E-out     J/P       Direct    Compound      Total     Origin

  0   0.00000   8.55333    0.0-     0.00011     0.00002     0.00013    Preeq 
  1   0.26583   8.28750    2.0-     0.00026     0.00005     0.00031    Preeq 
  2   0.30490   8.24844    1.0-     0.00032     0.00003     0.00035    Preeq 
  3   0.63502   7.91831    2.0-     0.00022     0.00002     0.00024    Preeq 
  4   0.64942   7.90391    1.0-     0.00047     0.00001     0.00049    Preeq 
  5   2.64310   5.91023   12.0-     0.00004     0.00000     0.00004    Preeq 
                                  ---------   ---------   ---------
 Discrete    (n,t)  :               0.00143     0.00013     0.00156
 Continuum   (n,t)  :               0.00000     0.00000     0.00000
                                  ---------   ---------   ---------
 Total       (n,t)  :               0.00143     0.00013     0.00156

 (n,gt) cross section:     0.00000

 Exclusive

 Discrete    (n,t)  :     0.00156
 Continuum   (n,t)  :     0.00000
 Total       (n,t)  :     0.00156

   (n,h)   cross sections:

 Inclusive:

 Level Energy    E-out     J/P       Direct    Compound      Total     Origin

  0   0.00000   7.26436    0.0+     0.00000     0.00000     0.00000    Preeq 
  1   1.06820   6.19616    2.0+     0.00000     0.00000     0.00000    Preeq 
  2   2.10240   5.16196    5.0-     0.00000     0.00000     0.00000    Preeq 
  3   2.46640   4.79796    7.0-     0.00000     0.00000     0.00000    Preeq 
  4   3.62340   3.64096    8.0+     0.00000     0.00000     0.00000    Preeq 
  5   3.62500   3.63936    0.0+     0.00000     0.00000     0.00000    Preeq 
                                  ---------   ---------   ---------
 Discrete    (n,h)  :               0.00000     0.00000     0.00000
 Continuum   (n,h)  :               0.00000     0.00000     0.00000
                                  ---------   ---------   ---------
 Total       (n,h)  :               0.00000     0.00000     0.00000

 (n,gh) cross section:     0.00000

 Exclusive

 Discrete    (n,h)  :     0.00000
 Continuum   (n,h)  :     0.00000
 Total       (n,h)  :     0.00000

   (n,a)   cross sections:

 Inclusive:

 Level Energy    E-out     J/P       Direct    Compound      Total     Origin

  0   0.00000  21.11264    0.5-     0.00040     0.00061     0.00101    Preeq 
  1   0.37946  20.73318    2.5-     0.00099     0.00123     0.00222    Preeq 
  2   0.46751  20.64513    1.5-     0.00190     0.00087     0.00278    Preeq 
  3   1.28070  19.83194    3.5+     0.00293     0.00077     0.00370    Preeq 
  4   1.32520  19.78744    4.5+     0.00031     0.00082     0.00113    Preeq 
  5   1.34612  19.76652    3.5-     0.00033     0.00074     0.00107    Preeq 
  6   1.39508  19.71756    4.5-     0.00048     0.00076     0.00124    Preeq 
  7   1.44750  19.66514    5.5-     0.00076     0.00075     0.00151    Preeq 
  8   1.55640  19.55624    6.5+     0.00208     0.00065     0.00272    Preeq 
  9   1.81820  19.29444    2.5+     0.00189     0.00040     0.00229    Preeq 
 10   1.84730  19.26534    4.5+     0.00019     0.00050     0.00068    Preeq 
                                  ---------   ---------   ---------
 Discrete    (n,a)  :               0.01225     0.00809     0.02034
 Continuum   (n,a)  :               0.02480     0.03190     0.05670
                                  ---------   ---------   ---------
 Total       (n,a)  :               0.03705     0.03998     0.07704

 (n,ga) cross section:     0.00000

 Exclusive

 Discrete    (n,a)  :     0.02034
 Continuum   (n,a)  :     0.05496
 Total       (n,a)  :     0.07530

 6. Exclusive cross sections

 6a. Total exclusive cross sections 

     Emitted particles     cross section reaction         level    isomeric    isomeric    lifetime relative yield
    n   p   d   t   h   a                                        cross section   ratio
    0   0   0   0   0   0    1.13597E+00  (n,g)                                                     4.42616E-04
    1   0   0   0   0   0    2.87572E+02  (n,n')                                                    1.12049E-01
    0   1   0   0   0   0    5.27766E-01  (n,p)                                                     2.05637E-04
    0   0   1   0   0   0    2.27596E-02  (n,d)                                                     8.86800E-06
                                                             0     1.49118E-02  0.65518
                                                             2     7.84788E-03  0.34482   1.33000E+00 sec. 
    0   0   0   1   0   0    1.55645E-03  (n,t)                                                     6.06449E-07
                                                             0     1.51539E-03  0.97363
                                                            45     4.10506E-05  0.02637   2.24400E+02 sec. 
    0   0   0   0   0   1    7.52988E-02  (n,a)                                                     2.93392E-05
    2   0   0   0   0   0    2.27255E+03  (n,2n)                                                    8.85471E-01
    1   1   0   0   0   0    1.40009E-02  (n,np)                                                    5.45526E-06
                                                             0     1.25835E-02  0.89876
                                                             2     1.41739E-03  0.10124   1.33000E+00 sec. 
    1   0   0   0   0   1    1.85359E-03  (n,na)                                                    7.22227E-07
    0   0   0   0   0   2    1.00000E-07  (n,2a)                                                    3.89637E-11
    3   0   0   0   0   0    4.58606E+00  (n,3n)                                                    1.78690E-03
    1   0   0   0   0   2    1.00000E-07  (n,n2a)                                                   3.89637E-11
    0   0   0   0   0   3    1.00000E-07  (n,3a)                                                    3.89637E-11

 Absorption cross section                 :     1.76335

 Sum over exclusive channel cross sections:  2566.49023
 (n,gn) + (n,gp) +...(n,ga) cross sections:     2.64784
 Total                                    :  2569.13818
 Non-elastic cross section                :  2568.15894

 ########## RESULTS FOR E=  16.00000 ##########

 Energy dependent input flags

 Width fluctuations (flagwidth)            : n
 Unresolved resonance parameters (flagurr) : n
 Preequilibrium (flagpreeq)                : y
 Multiple preequilibrium (flagmulpre)      : n
 Number of continuum excitation energy bins: 40

 ########### REACTION SUMMARY FOR E=  16.00000 ###########

 Center-of-mass energy:   15.922

 1. Total (binary) cross sections

 Total           = 5.50762E+03
   Shape elastic   = 2.94988E+03
   Reaction        = 2.55774E+03
     Compound elastic= 3.32128E-04
     Non-elastic     = 2.55774E+03
       Direct          = 7.40927E+01
       Pre-equilibrium = 6.39913E+02
       Giant resonance = 3.23232E+01
       Compound non-el = 1.81141E+03
     Total elastic   = 2.94988E+03

 2. Binary non-elastic cross sections (non-exclusive)

 gamma   = 3.77275E+00
 neutron = 2.55251E+03
 proton  = 1.18750E+00
 deuteron= 1.09784E-01
 triton  = 1.06593E-02
 helium-3= 5.54450E-15
 alpha   = 1.44441E-01

 3. Total particle production cross sections

 gamma   = 3.37547E+03    Multiplicity= 1.31971E+00
 neutron = 4.90499E+03    Multiplicity= 1.91771E+00
 proton  = 1.19221E+00    Multiplicity= 4.66119E-04
 deuteron= 1.09784E-01    Multiplicity= 4.29224E-05
 triton  = 1.06593E-02    Multiplicity= 4.16746E-06
 helium-3= 5.54450E-15    Multiplicity= 2.16774E-18
 alpha   = 1.44784E-01    Multiplicity= 5.66062E-05

 4. Residual production cross sections

   a. Per isotope

   Z   A  nuclide    total     level   isomeric    isomeric    lifetime
                 cross section       cross section  ratio

   82 209 (209Pb) 9.87453E-01    0    9.87453E-01  1.00000
   82 208 (208Pb) 2.66298E+02    0    2.66298E+02  1.00000
   81 208 (208Tl) 1.12624E+00    0    1.12624E+00  1.00000
   82 207 (207Pb) 2.23006E+03    0    2.23006E+03  1.00000
   81 207 (207Tl) 1.75743E-01    0    1.23790E-01  0.70438
                                 2    5.19533E-02  0.29562   1.33000E+00 sec. 
   82 206 (206Pb) 5.97747E+01    0    5.97747E+01  1.00000
   81 206 (206Tl) 1.06511E-02    0    9.94858E-03  0.93404
                                45    7.02555E-04  0.06596   2.24400E+02 sec. 
   80 205 (205Hg) 1.38434E-01    0    1.38434E-01  1.00000
   80 204 (204Hg) 6.37727E-03    0    6.37727E-03  1.00000
   78 201 (201Pt) 1.00000E-07    0    0.00000E+00  0.00000
   78 200 (200Pt) 1.00000E-07    0    0.00000E+00  0.00000

   b. Per mass

   A  cross section

  209 9.87453E-01
  208 2.67424E+02
  207 2.23023E+03
  206 5.97853E+01
  205 1.38434E-01
  204 6.37727E-03

 Total residual production cross section:  2558.5739746
 Non-elastic cross section              :  2557.7397461

 5. Binary reactions to discrete levels and continuum

   (n,g)   cross sections:

 Inclusive:

 Level Energy    E-out     J/P       Direct    Compound      Total     Origin

  0   0.00000  19.85950    4.5+     0.04630     0.00000     0.04630    Preeq 
  1   0.77889  19.08061    5.5+     0.09046     0.00000     0.09046    Preeq 
  2   1.42264  18.43686    7.5-     0.05394     0.00000     0.05394    Preeq 
  3   1.56709  18.29242    2.5+     0.04330     0.00000     0.04330    Preeq 
  4   2.03221  17.82729    0.5+     0.04316     0.00000     0.04316    Preeq 
  5   2.14943  17.71007    0.5-     0.02190     0.00000     0.02190    Preeq 
  6   2.31593  17.54357    1.5-     0.02222     0.00000     0.02222    Preeq 
  7   2.42400  17.43550    3.5-     0.01228     0.00000     0.01228    Preeq 
  8   2.46100  17.39850    2.5-     0.00567     0.00000     0.00567    Preeq 
  9   2.49100  17.36850    3.5+     0.00541     0.00000     0.00541    Preeq 
 10   2.52493  17.33457    1.5-     0.00287     0.00000     0.00287    Preeq 
                                  ---------   ---------   ---------
 Discrete    (n,g)  :               0.34750     0.00002     0.34752
 Continuum   (n,g)  :               1.89618     1.52905     3.42523
                                  ---------   ---------   ---------
 Total       (n,g)  :               2.24368     1.52907     3.77275


 Exclusive

 Discrete    (n,g)  :     0.34752
 Continuum   (n,g)  :     0.63993
 Total       (n,g)  :     0.98745

 Inelastic cross sections:

 Inclusive:

 Level Energy    E-out     J/P       Direct    Compound      Total     Origin

  1   2.61452  13.30760    3.0-    45.37990     0.00163    45.38153    Direct
  2   3.19771  12.72441    5.0-    10.46040     0.00196    10.46236    Direct
  3   3.47508  12.44705    4.0-     0.00000     0.00181     0.00181    Preeq 
  4   3.70845  12.21367    5.0-     2.89933     0.00191     2.90124    Direct
  5   3.91997  12.00216    6.0-     0.00000     0.00189     0.00189    Preeq 
  6   3.94658  11.97555    4.0-     0.00000     0.00177     0.00177    Preeq 
  7   3.96116  11.96096    5.0-     0.80549     0.00188     0.80738    Direct
  8   3.99544  11.92669    4.0-     0.00000     0.00176     0.00176    Preeq 
  9   4.03744  11.88468    7.0-     2.68228     0.00176     2.68404    Direct
 10   4.05113  11.87099    3.0-     1.24546     0.00153     1.24699    Direct
 11   4.08552  11.83661    2.0+     0.66746     0.00122     0.66868    Direct
 12   4.12535  11.79678    5.0-     8.31582     0.00187     8.31769    Direct
 13   4.14400  11.77813    1.0+     0.00000     0.00079     0.00079    Preeq 
 14   4.18041  11.74171    5.0-     0.98692     0.00186     0.98878    Direct
 15   4.20628  11.71585    6.0-     0.00000     0.00186     0.00186    Preeq 
                                  ---------   ---------   ---------
 Discrete  Inelastic:              73.44307     0.02548    73.46855
 Continuum Inelastic:             669.28229  1809.76147  2479.04370
                                  ---------   ---------   ---------
 Total     Inelastic:             742.72534  1809.78699  2552.51440

 (n,gn) cross section:     2.80555

 Exclusive

 Discrete  Inelastic:    73.46855
 Continuum Inelastic:   190.98692
 Total     Inelastic:   264.45547

   (n,p)   cross sections:

 Inclusive:

 Level Energy    E-out     J/P       Direct    Compound      Total     Origin

  0   0.00000  11.70608    5.0+     0.00000     0.00034     0.00034    Preeq 
  1   0.03986  11.66622    4.0+     0.00000     0.00032     0.00032    Preeq 
  2   0.32804  11.37804    5.0+     0.03095     0.00029     0.03125    Preeq 
  3   0.47340  11.23268    4.0+     0.02353     0.00026     0.02379    Preeq 
  4   0.49284  11.21324    3.0+     0.02051     0.00023     0.02073    Preeq 
  5   0.61700  11.08908    6.0+     0.01822     0.00025     0.01847    Preeq 
  6   0.62040  11.08568    6.0+     0.01157     0.00025     0.01182    Preeq 
  7   0.69800  11.00808    2.0+     0.02382     0.00017     0.02399    Preeq 
  8   0.76000  10.94608    4.0+     0.01806     0.00022     0.01827    Preeq 
  9   0.78900  10.91708    1.0-     0.00794     0.00012     0.00805    Preeq 
 10   0.80000  10.90608    1.0-     0.00218     0.00012     0.00230    Preeq 
                                  ---------   ---------   ---------
 Discrete    (n,p)  :               0.15677     0.00257     0.15933
 Continuum   (n,p)  :               0.98981     0.03835     1.02816
                                  ---------   ---------   ---------
 Total       (n,p)  :               1.14657     0.04092     1.18750

 (n,gp) cross section:     0.00001

 Exclusive

 Discrete    (n,p)  :     0.15933
 Continuum   (n,p)  :     0.96690
 Total       (n,p)  :     1.12624

   (n,d)   cross sections:

 Inclusive:

 Level Energy    E-out     J/P       Direct    Compound      Total     Origin

  0   0.00000  10.14365    0.5+     0.00941     0.00012     0.00953    Preeq 
  1   0.35106   9.79259    1.5+     0.04155     0.00016     0.04170    Preeq 
  2   1.34818   8.79547    5.5-     0.04070     0.00007     0.04076    Preeq 
  3   1.68258   8.46107    2.5+     0.01434     0.00003     0.01437    Preeq 
  4   2.67569   7.46796    2.5+     0.00181     0.00000     0.00181    Preeq 
  5   2.70892   7.43473    2.5-     0.00003     0.00000     0.00003    Preeq 
                                  ---------   ---------   ---------
 Discrete    (n,d)  :               0.10782     0.00039     0.10821
 Continuum   (n,d)  :               0.00148     0.00009     0.00157
                                  ---------   ---------   ---------
 Total       (n,d)  :               0.10930     0.00048     0.10978

 (n,gd) cross section:     0.00000

 Exclusive

 Discrete    (n,d)  :     0.10821
 Continuum   (n,d)  :     0.00157
 Total       (n,d)  :     0.10978

   (n,t)   cross sections:

 Inclusive:

 Level Energy    E-out     J/P       Direct    Compound      Total     Origin

  0   0.00000   9.54843    0.0-     0.00067     0.00003     0.00070    Preeq 
  1   0.26583   9.28260    2.0-     0.00154     0.00008     0.00163    Preeq 
  2   0.30490   9.24353    1.0-     0.00187     0.00005     0.00193    Preeq 
  3   0.63502   8.91341    2.0-     0.00146     0.00005     0.00151    Preeq 
  4   0.64942   8.89901    1.0-     0.00409     0.00003     0.00412    Preeq 
  5   2.64310   6.90533   12.0-     0.00069     0.00000     0.00069    Preeq 
                                  ---------   ---------   ---------
 Discrete    (n,t)  :               0.01033     0.00025     0.01057
 Continuum   (n,t)  :               0.00008     0.00001     0.00009
                                  ---------   ---------   ---------
 Total       (n,t)  :               0.01040     0.00026     0.01066

 (n,gt) cross section:     0.00000

 Exclusive

 Discrete    (n,t)  :     0.01057
 Continuum   (n,t)  :     0.00008
 Total       (n,t)  :     0.01065

   (n,h)   cross sections:

 Inclusive:

 Level Energy    E-out     J/P       Direct    Compound      Total     Origin

  0   0.00000   8.25945    0.0+     0.00000     0.00000     0.00000    Preeq 
  1   1.06820   7.19125    2.0+     0.00000     0.00000     0.00000    Preeq 
  2   2.10240   6.15705    5.0-     0.00000     0.00000     0.00000    Preeq 
  3   2.46640   5.79305    7.0-     0.00000     0.00000     0.00000    Preeq 
  4   3.62340   4.63605    8.0+     0.00000     0.00000     0.00000    Preeq 
  5   3.62500   4.63445    0.0+     0.00000     0.00000     0.00000    Preeq 
                                  ---------   ---------   ---------
 Discrete    (n,h)  :               0.00000     0.00000     0.00000
 Continuum   (n,h)  :               0.00000     0.00000     0.00000
                                  ---------   ---------   ---------
 Total       (n,h)  :               0.00000     0.00000     0.00000

 (n,gh) cross section:     0.00000

 Exclusive

 Discrete    (n,h)  :     0.00000
 Continuum   (n,h)  :     0.00000
 Total       (n,h)  :     0.00000

   (n,a)   cross sections:

 Inclusive:

 Level Energy    E-out     J/P       Direct    Compound      Total     Origin

  0   0.00000  22.10774    0.5-     0.00063     0.00027     0.00090    Preeq 
  1   0.37946  21.72828    2.5-     0.00154     0.00060     0.00214    Preeq 
  2   0.46751  21.64023    1.5-     0.00298     0.00043     0.00340    Preeq 
  3   1.28070  20.82704    3.5+     0.00724     0.00047     0.00772    Preeq 
  4   1.32520  20.78254    4.5+     0.00089     0.00051     0.00140    Preeq 
  5   1.34612  20.76162    3.5-     0.00095     0.00046     0.00141    Preeq 
  6   1.39508  20.71266    4.5-     0.00138     0.00048     0.00186    Preeq 
  7   1.44750  20.66024    5.5-     0.00219     0.00049     0.00268    Preeq 
  8   1.55640  20.55134    6.5+     0.00504     0.00044     0.00548    Preeq 
  9   1.81820  20.28954    2.5+     0.00395     0.00029     0.00424    Preeq 
 10   1.84730  20.26044    4.5+     0.00040     0.00036     0.00076    Preeq 
                                  ---------   ---------   ---------
 Discrete    (n,a)  :               0.02718     0.00481     0.03199
 Continuum   (n,a)  :               0.06684     0.04562     0.11245
                                  ---------   ---------   ---------
 Total       (n,a)  :               0.09402     0.05042     0.14444

 (n,ga) cross section:     0.00001

 Exclusive

 Discrete    (n,a)  :     0.03199
 Continuum   (n,a)  :     0.10644
 Total       (n,a)  :     0.13843

 6. Exclusive cross sections

 6a. Total exclusive cross sections 

     Emitted particles     cross section reaction         level    isomeric    isomeric    lifetime relative yield
    n   p   d   t   h   a                                        cross section   ratio
    0   0   0   0   0   0    9.87453E-01  (n,g)                                                     3.86363E-04
    1   0   0   0   0   0    2.64455E+02  (n,n')                                                    1.03474E-01
    0   1   0   0   0   0    1.12624E+00  (n,p)                                                     4.40665E-04
    0   0   1   0   0   0    1.09779E-01  (n,d)                                                     4.29536E-05
                                                             0     6.81075E-02  0.62040
                                                             2     4.16718E-02  0.37960   1.33000E+00 sec. 
    0   0   0   1   0   0    1.06511E-02  (n,t)                                                     4.16749E-06
                                                             0     9.94858E-03  0.93404
                                                            45     7.02555E-04  0.06596   2.24400E+02 sec. 
    0   0   0   0   0   1    1.38429E-01  (n,a)                                                     5.41633E-05
    2   0   0   0   0   0    2.22909E+03  (n,2n)                                                    8.72181E-01
    1   1   0   0   0   0    6.59635E-02  (n,np)                                                    2.58097E-05
                                                             0     5.56820E-02  0.84413
                                                             2     1.02815E-02  0.15587   1.33000E+00 sec. 
    1   0   0   0   0   1    6.37722E-03  (n,na)                                                    2.49523E-06
    0   0   0   0   0   2    1.00000E-07  (n,2a)                                                    3.91272E-11
    3   0   0   0   0   0    5.97745E+01  (n,3n)                                                    2.33881E-02
    1   0   0   0   0   2    1.00000E-07  (n,n2a)                                                   3.91272E-11
    0   0   0   0   0   3    1.00000E-07  (n,3a)                                                    3.91272E-11

 Absorption cross section                 :     2.37255

 Sum over exclusive channel cross sections:  2555.76733
 (n,gn) + (n,gp) +...(n,ga) cross sections:     2.80556
 Total                                    :  2558.57300
 Non-elastic cross section                :  2557.73975

 ########## RESULTS FOR E=  17.00000 ##########

 Energy dependent input flags

 Width fluctuations (flagwidth)            : n
 Unresolved resonance parameters (flagurr) : n
 Preequilibrium (flagpreeq)                : y
 Multiple preequilibrium (flagmulpre)      : n
 Number of continuum excitation energy bins: 40

 ########### REACTION SUMMARY FOR E=  17.00000 ###########

 Center-of-mass energy:   16.917

 1. Total (binary) cross sections

 Total           = 5.60181E+03
   Shape elastic   = 3.06118E+03
   Reaction        = 2.54064E+03
     Compound elastic= 1.05674E-04
     Non-elastic     = 2.54064E+03
       Direct          = 7.19047E+01
       Pre-equilibrium = 6.88647E+02
       Giant resonance = 3.20644E+01
       Compound non-el = 1.74802E+03
     Total elastic   = 3.06118E+03

 2. Binary non-elastic cross sections (non-exclusive)

 gamma   = 3.77390E+00
 neutron = 2.53384E+03
 proton  = 2.35038E+00
 deuteron= 3.66178E-01
 triton  = 4.88102E-02
 helium-3= 2.57783E-13
 alpha   = 2.61224E-01

 3. Total particle production cross sections

 gamma   = 3.63974E+03    Multiplicity= 1.43261E+00
 neutron = 5.04382E+03    Multiplicity= 1.98526E+00
 proton  = 2.35862E+00    Multiplicity= 9.28355E-04
 deuteron= 3.66178E-01    Multiplicity= 1.44128E-04
 triton  = 4.88102E-02    Multiplicity= 1.92118E-05
 helium-3= 2.57783E-13    Multiplicity= 1.01464E-16
 alpha   = 2.62083E-01    Multiplicity= 1.03156E-04

 4. Residual production cross sections

   a. Per isotope

   Z   A  nuclide    total     level   isomeric    isomeric    lifetime
                 cross section       cross section  ratio

   82 209 (209Pb) 8.50043E-01    0    8.50043E-01  1.00000
   82 208 (208Pb) 2.53515E+02    0    2.53515E+02  1.00000
   81 208 (208Tl) 2.13185E+00    0    2.13185E+00  1.00000
   82 207 (207Pb) 2.06195E+03    0    2.06195E+03  1.00000
   81 207 (207Tl) 5.92945E-01    0    3.94662E-01  0.66560
                                 2    1.98283E-01  0.33440   1.33000E+00 sec. 
   82 206 (206Pb) 2.22420E+02    0    2.22420E+02  1.00000
   81 206 (206Tl) 4.88043E-02    0    4.27287E-02  0.87551
                                45    6.07562E-03  0.12449   2.24400E+02 sec. 
   80 205 (205Hg) 2.44358E-01    0    2.44358E-01  1.00000
   80 204 (204Hg) 1.77918E-02    0    1.77918E-02  1.00000
   78 201 (201Pt) 1.00000E-07    0    0.00000E+00  0.00000
   78 200 (200Pt) 1.00000E-07    0    0.00000E+00  0.00000

   b. Per mass

   A  cross section

  209 8.50043E-01
  208 2.55647E+02
  207 2.06255E+03
  206 2.22469E+02
  205 2.44358E-01
  204 1.77918E-02

 Total residual production cross section:  2541.7758789
 Non-elastic cross section              :  2540.6398926

 5. Binary reactions to discrete levels and continuum

   (n,g)   cross sections:

 Inclusive:

 Level Energy    E-out     J/P       Direct    Compound      Total     Origin

  0   0.00000  20.85459    4.5+     0.04041     0.00000     0.04041    Preeq 
  1   0.77889  20.07570    5.5+     0.07608     0.00000     0.07608    Preeq 
  2   1.42264  19.43195    7.5-     0.04484     0.00000     0.04484    Preeq 
  3   1.56709  19.28751    2.5+     0.03578     0.00000     0.03578    Preeq 
  4   2.03221  18.82238    0.5+     0.03543     0.00000     0.03543    Preeq 
  5   2.14943  18.70516    0.5-     0.01787     0.00000     0.01787    Preeq 
  6   2.31593  18.53866    1.5-     0.01798     0.00000     0.01798    Preeq 
  7   2.42400  18.43059    3.5-     0.00986     0.00000     0.00986    Preeq 
  8   2.46100  18.39359    2.5-     0.00455     0.00000     0.00456    Preeq 
  9   2.49100  18.36359    3.5+     0.00435     0.00000     0.00435    Preeq 
 10   2.52493  18.32966    1.5-     0.00231     0.00000     0.00231    Preeq 
                                  ---------   ---------   ---------
 Discrete    (n,g)  :               0.28947     0.00001     0.28948
 Continuum   (n,g)  :               2.04494     1.43949     3.48443
                                  ---------   ---------   ---------
 Total       (n,g)  :               2.33441     1.43949     3.77390


 Exclusive

 Discrete    (n,g)  :     0.28948
 Continuum   (n,g)  :     0.56057
 Total       (n,g)  :     0.85004

 Inelastic cross sections:

 Inclusive:

 Level Energy    E-out     J/P       Direct    Compound      Total     Origin

  1   2.61452  14.30269    3.0-    43.97490     0.00053    43.97543    Direct
  2   3.19771  13.71950    5.0-    10.05740     0.00065    10.05805    Direct
  3   3.47508  13.44214    4.0-     0.00000     0.00059     0.00059    Preeq 
  4   3.70845  13.20876    5.0-     2.78439     0.00063     2.78502    Direct
  5   3.91997  12.99725    6.0-     0.00000     0.00063     0.00063    Preeq 
  6   3.94658  12.97064    4.0-     0.00000     0.00058     0.00058    Preeq 
  7   3.96116  12.95605    5.0-     0.77293     0.00062     0.77356    Direct
  8   3.99544  12.92178    4.0-     0.00000     0.00058     0.00058    Preeq 
  9   4.03744  12.87977    7.0-     2.59348     0.00059     2.59407    Direct
 10   4.05113  12.86608    3.0-     1.19806     0.00050     1.19856    Direct
 11   4.08552  12.83170    2.0+     0.63482     0.00039     0.63521    Direct
 12   4.12535  12.79187    5.0-     7.97505     0.00062     7.97567    Direct
 13   4.14400  12.77322    1.0+     0.00000     0.00025     0.00025    Preeq 
 14   4.18041  12.73680    5.0-     0.94629     0.00062     0.94691    Direct
 15   4.20628  12.71094    6.0-     0.00000     0.00062     0.00062    Preeq 
                                  ---------   ---------   ---------
 Discrete  Inelastic:              70.93732     0.00840    70.94572
 Continuum Inelastic:             716.43384  1746.45789  2462.89160
                                  ---------   ---------   ---------
 Total     Inelastic:             787.37115  1746.46631  2533.83887

 (n,gn) cross section:     2.95281

 Exclusive

 Discrete  Inelastic:    70.94572
 Continuum Inelastic:   180.68454
 Total     Inelastic:   251.63026

   (n,p)   cross sections:

 Inclusive:

 Level Energy    E-out     J/P       Direct    Compound      Total     Origin

  0   0.00000  12.70117    5.0+     0.00000     0.00016     0.00016    Preeq 
  1   0.03986  12.66131    4.0+     0.00000     0.00015     0.00015    Preeq 
  2   0.32804  12.37313    5.0+     0.04576     0.00014     0.04590    Preeq 
  3   0.47340  12.22777    4.0+     0.03479     0.00013     0.03491    Preeq 
  4   0.49284  12.20833    3.0+     0.03031     0.00011     0.03042    Preeq 
  5   0.61700  12.08417    6.0+     0.02693     0.00013     0.02705    Preeq 
  6   0.62040  12.08077    6.0+     0.01710     0.00013     0.01723    Preeq 
  7   0.69800  12.00317    2.0+     0.03681     0.00009     0.03689    Preeq 
  8   0.76000  11.94117    4.0+     0.02878     0.00011     0.02889    Preeq 
  9   0.78900  11.91217    1.0-     0.01265     0.00006     0.01271    Preeq 
 10   0.80000  11.90117    1.0-     0.00348     0.00006     0.00354    Preeq 
                                  ---------   ---------   ---------
 Discrete    (n,p)  :               0.23659     0.00127     0.23785
 Continuum   (n,p)  :               2.06264     0.04989     2.11253
                                  ---------   ---------   ---------
 Total       (n,p)  :               2.29922     0.05115     2.35038

 (n,gp) cross section:     0.00001

 Exclusive

 Discrete    (n,p)  :     0.23785
 Continuum   (n,p)  :     1.89399
 Total       (n,p)  :     2.13184

   (n,d)   cross sections:

 Inclusive:

 Level Energy    E-out     J/P       Direct    Compound      Total     Origin

  0   0.00000  11.13874    0.5+     0.02152     0.00008     0.02159    Preeq 
  1   0.35106  10.78768    1.5+     0.12163     0.00011     0.12174    Preeq 
  2   1.34818   9.79056    5.5-     0.13636     0.00008     0.13644    Preeq 
  3   1.68258   9.45616    2.5+     0.06071     0.00004     0.06076    Preeq 
  4   2.67569   8.46305    2.5+     0.01239     0.00001     0.01240    Preeq 
  5   2.70892   8.42982    2.5-     0.00023     0.00001     0.00024    Preeq 
                                  ---------   ---------   ---------
 Discrete    (n,d)  :               0.35284     0.00033     0.35318
 Continuum   (n,d)  :               0.01271     0.00029     0.01300
                                  ---------   ---------   ---------
 Total       (n,d)  :               0.36555     0.00063     0.36618

 (n,gd) cross section:     0.00000

 Exclusive

 Discrete    (n,d)  :     0.35318
 Continuum   (n,d)  :     0.01300
 Total       (n,d)  :     0.36618

   (n,t)   cross sections:

 Inclusive:

 Level Energy    E-out     J/P       Direct    Compound      Total     Origin

  0   0.00000  10.54352    0.0-     0.00239     0.00003     0.00241    Preeq 
  1   0.26583  10.27769    2.0-     0.00547     0.00009     0.00556    Preeq 
  2   0.30490  10.23862    1.0-     0.00663     0.00006     0.00668    Preeq 
  3   0.63502   9.90850    2.0-     0.00581     0.00006     0.00587    Preeq 
  4   0.64942   9.89410    1.0-     0.02103     0.00004     0.02107    Preeq 
  5   2.64310   7.90042   12.0-     0.00590     0.00000     0.00590    Preeq 
                                  ---------   ---------   ---------
 Discrete    (n,t)  :               0.04722     0.00028     0.04750
 Continuum   (n,t)  :               0.00125     0.00006     0.00131
                                  ---------   ---------   ---------
 Total       (n,t)  :               0.04847     0.00034     0.04881

 (n,gt) cross section:     0.00000

 Exclusive

 Discrete    (n,t)  :     0.04750
 Continuum   (n,t)  :     0.00130
 Total       (n,t)  :     0.04880

   (n,h)   cross sections:

 Inclusive:

 Level Energy    E-out     J/P       Direct    Compound      Total     Origin

  0   0.00000   9.25454    0.0+     0.00000     0.00000     0.00000    Preeq 
  1   1.06820   8.18634    2.0+     0.00000     0.00000     0.00000    Preeq 
  2   2.10240   7.15214    5.0-     0.00000     0.00000     0.00000    Preeq 
  3   2.46640   6.78814    7.0-     0.00000     0.00000     0.00000    Preeq 
  4   3.62340   5.63114    8.0+     0.00000     0.00000     0.00000    Preeq 
  5   3.62500   5.62954    0.0+     0.00000     0.00000     0.00000    Preeq 
                                  ---------   ---------   ---------
 Discrete    (n,h)  :               0.00000     0.00000     0.00000
 Continuum   (n,h)  :               0.00000     0.00000     0.00000
                                  ---------   ---------   ---------
 Total       (n,h)  :               0.00000     0.00000     0.00000

 (n,gh) cross section:     0.00000

 Exclusive

 Discrete    (n,h)  :     0.00000
 Continuum   (n,h)  :     0.00000
 Total       (n,h)  :     0.00000

   (n,a)   cross sections:

 Inclusive:

 Level Energy    E-out     J/P       Direct    Compound      Total     Origin

  0   0.00000  23.10283    0.5-     0.00080     0.00011     0.00091    Preeq 
  1   0.37946  22.72337    2.5-     0.00198     0.00025     0.00223    Preeq 
  2   0.46751  22.63532    1.5-     0.00381     0.00018     0.00399    Preeq 
  3   1.28070  21.82213    3.5+     0.01109     0.00023     0.01133    Preeq 
  4   1.32520  21.77763    4.5+     0.00142     0.00026     0.00167    Preeq 
  5   1.34612  21.75671    3.5-     0.00151     0.00023     0.00174    Preeq 
  6   1.39508  21.70775    4.5-     0.00219     0.00025     0.00244    Preeq 
  7   1.44750  21.65533    5.5-     0.00349     0.00025     0.00374    Preeq 
  8   1.55640  21.54643    6.5+     0.00802     0.00024     0.00826    Preeq 
  9   1.81820  21.28463    2.5+     0.00630     0.00016     0.00645    Preeq 
 10   1.84730  21.25553    4.5+     0.00063     0.00021     0.00083    Preeq 
                                  ---------   ---------   ---------
 Discrete    (n,a)  :               0.04125     0.00235     0.04360
 Continuum   (n,a)  :               0.15576     0.06187     0.21763
                                  ---------   ---------   ---------
 Total       (n,a)  :               0.19700     0.06422     0.26122

 (n,ga) cross section:     0.00001

 Exclusive

 Discrete    (n,a)  :     0.04360
 Continuum   (n,a)  :     0.20076
 Total       (n,a)  :     0.24435

 6. Exclusive cross sections

 6a. Total exclusive cross sections 

     Emitted particles     cross section reaction         level    isomeric    isomeric    lifetime relative yield
    n   p   d   t   h   a                                        cross section   ratio
    0   0   0   0   0   0    8.50043E-01  (n,g)                                                     3.34818E-04
    1   0   0   0   0   0    2.51630E+02  (n,n')                                                    9.91130E-02
    0   1   0   0   0   0    2.13184E+00  (n,p)                                                     8.39697E-04
    0   0   1   0   0   0    3.66176E-01  (n,d)                                                     1.44230E-04
                                                             0     2.22140E-01  0.60665
                                                             2     1.44036E-01  0.39335   1.33000E+00 sec. 
    0   0   0   1   0   0    4.88043E-02  (n,t)                                                     1.92232E-05
                                                             0     4.27287E-02  0.87551
                                                            45     6.07562E-03  0.12449   2.24400E+02 sec. 
    0   0   0   0   0   1    2.44351E-01  (n,a)                                                     9.62457E-05
    2   0   0   0   0   0    2.06089E+03  (n,2n)                                                    8.11750E-01
    1   1   0   0   0   0    2.26769E-01  (n,np)                                                    8.93204E-05
                                                             0     1.72522E-01  0.76078
                                                             2     5.42472E-02  0.23922   1.33000E+00 sec. 
    1   0   0   0   0   1    1.77916E-02  (n,na)                                                    7.00783E-06
    0   0   0   0   0   2    1.00000E-07  (n,2a)                                                    3.93883E-11
    3   0   0   0   0   0    2.22418E+02  (n,3n)                                                    8.76069E-02
    1   0   0   0   0   2    1.00000E-07  (n,n2a)                                                   3.93883E-11
    0   0   0   0   0   3    1.00000E-07  (n,3a)                                                    3.93883E-11

 Absorption cross section                 :     3.64121

 Sum over exclusive channel cross sections:  2538.82300
 (n,gn) + (n,gp) +...(n,ga) cross sections:     2.95282
 Total                                    :  2541.77588
 Non-elastic cross section                :  2540.63989

 ########## RESULTS FOR E=  18.00000 ##########

 Energy dependent input flags

 Width fluctuations (flagwidth)            : n
 Unresolved resonance parameters (flagurr) : n
 Preequilibrium (flagpreeq)                : y
 Multiple preequilibrium (flagmulpre)      : n
 Number of continuum excitation energy bins: 40

 ########### REACTION SUMMARY FOR E=  18.00000 ###########

 Center-of-mass energy:   17.912

 1. Total (binary) cross sections

 Total           = 5.67439E+03
   Shape elastic   = 3.15057E+03
   Reaction        = 2.52382E+03
     Compound elastic= 3.43103E-05
     Non-elastic     = 2.52382E+03
       Direct          = 7.02985E+01
       Pre-equilibrium = 7.26992E+02
       Giant resonance = 3.17538E+01
       Compound non-el = 1.69478E+03
     Total elastic   = 3.15057E+03

 2. Binary non-elastic cross sections (non-exclusive)

 gamma   = 3.75578E+00
 neutron = 2.51455E+03
 proton  = 4.06048E+00
 deuteron= 8.54314E-01
 triton  = 1.54821E-01
 helium-3= 6.88189E-12
 alpha   = 4.48801E-01

 3. Total particle production cross sections

 gamma   = 3.58113E+03    Multiplicity= 1.41893E+00
 neutron = 5.30873E+03    Multiplicity= 2.10345E+00
 proton  = 4.07227E+00    Multiplicity= 1.61353E-03
 deuteron= 8.54314E-01    Multiplicity= 3.38500E-04
 triton  = 1.54821E-01    Multiplicity= 6.13441E-05
 helium-3= 6.88189E-12    Multiplicity= 2.72678E-15
 alpha   = 4.50657E-01    Multiplicity= 1.78562E-04

 4. Residual production cross sections

   a. Per isotope

   Z   A  nuclide    total     level   isomeric    isomeric    lifetime
                 cross section       cross section  ratio

   82 209 (209Pb) 7.04218E-01    0    7.04218E-01  1.00000
   82 208 (208Pb) 2.39154E+02    0    2.39154E+02  1.00000
   81 208 (208Tl) 3.43644E+00    0    3.43644E+00  1.00000
   82 207 (207Pb) 1.76823E+03    0    1.76823E+03  1.00000
   81 207 (207Tl) 1.49017E+00    0    9.63051E-01  0.64627
                                 2    5.27124E-01  0.35373   1.33000E+00 sec. 
   82 206 (206Pb) 5.11107E+02    0    5.11107E+02  1.00000
   81 206 (206Tl) 1.54813E-01    0    1.23250E-01  0.79612
                                45    3.15630E-02  0.20388   2.24400E+02 sec. 
   80 205 (205Hg) 4.02397E-01    0    4.02397E-01  1.00000
   80 204 (204Hg) 4.83928E-02    0    4.83928E-02  1.00000
   78 201 (201Pt) 1.00000E-07    0    0.00000E+00  0.00000
   78 200 (200Pt) 1.00000E-07    0    0.00000E+00  0.00000

   b. Per mass

   A  cross section

  209 7.04218E-01
  208 2.42590E+02
  207 1.76972E+03
  206 5.11262E+02
  205 4.02397E-01
  204 4.83928E-02

 Total residual production cross section:  2524.7233887
 Non-elastic cross section              :  2523.8200684

 5. Binary reactions to discrete levels and continuum

   (n,g)   cross sections:

 Inclusive:

 Level Energy    E-out     J/P       Direct    Compound      Total     Origin

  0   0.00000  21.84968    4.5+     0.03487     0.00000     0.03487    Preeq 
  1   0.77889  21.07079    5.5+     0.06720     0.00000     0.06721    Preeq 
  2   1.42264  20.42704    7.5-     0.03918     0.00000     0.03918    Preeq 
  3   1.56709  20.28259    2.5+     0.03030     0.00000     0.03030    Preeq 
  4   2.03221  19.81747    0.5+     0.02983     0.00000     0.02983    Preeq 
  5   2.14943  19.70025    0.5-     0.01497     0.00000     0.01497    Preeq 
  6   2.31593  19.53375    1.5-     0.01496     0.00000     0.01496    Preeq 
  7   2.42400  19.42568    3.5-     0.00816     0.00000     0.00816    Preeq 
  8   2.46100  19.38868    2.5-     0.00377     0.00000     0.00377    Preeq 
  9   2.49100  19.35868    3.5+     0.00359     0.00000     0.00360    Preeq 
 10   2.52493  19.32475    1.5-     0.00191     0.00000     0.00191    Preeq 
                                  ---------   ---------   ---------
 Discrete    (n,g)  :               0.24875     0.00000     0.24875
 Continuum   (n,g)  :               2.14715     1.35987     3.50703
                                  ---------   ---------   ---------
 Total       (n,g)  :               2.39590     1.35988     3.75578


 Exclusive

 Discrete    (n,g)  :     0.24875
 Continuum   (n,g)  :     0.45547
 Total       (n,g)  :     0.70422

 Inelastic cross sections:

 Inclusive:

 Level Energy    E-out     J/P       Direct    Compound      Total     Origin

  1   2.61452  15.29778    3.0-    42.74360     0.00018    42.74377    Direct
  2   3.19771  14.71459    5.0-     9.69951     0.00022     9.69973    Direct
  3   3.47508  14.43722    4.0-     0.00000     0.00020     0.00020    Preeq 
  4   3.70845  14.20385    5.0-     2.68610     0.00021     2.68631    Direct
  5   3.91997  13.99233    6.0-     0.00000     0.00021     0.00021    Preeq 
  6   3.94658  13.96572    4.0-     0.00000     0.00019     0.00019    Preeq 
  7   3.96116  13.95114    5.0-     0.74554     0.00021     0.74575    Direct
  8   3.99544  13.91686    4.0-     0.00000     0.00019     0.00019    Preeq 
  9   4.03744  13.87486    7.0-     2.51778     0.00020     2.51798    Direct
 10   4.05113  13.86116    3.0-     1.16042     0.00017     1.16059    Direct
 11   4.08552  13.82678    2.0+     0.60317     0.00013     0.60330    Direct
 12   4.12535  13.78695    5.0-     7.69087     0.00021     7.69108    Direct
 13   4.14400  13.76830    1.0+     0.00000     0.00008     0.00008    Preeq 
 14   4.18041  13.73188    5.0-     0.91249     0.00021     0.91270    Direct
 15   4.20628  13.70602    6.0-     0.00000     0.00021     0.00021    Preeq 
                                  ---------   ---------   ---------
 Discrete  Inelastic:              68.75948     0.00282    68.76230
 Continuum Inelastic:             752.52185  1693.25952  2445.78125
                                  ---------   ---------   ---------
 Total     Inelastic:             821.28131  1693.26233  2514.54614

 (n,gn) cross section:     3.07785

 Exclusive

 Discrete  Inelastic:    68.76230
 Continuum Inelastic:   168.46669
 Total     Inelastic:   237.22899

   (n,p)   cross sections:

 Inclusive:

 Level Energy    E-out     J/P       Direct    Compound      Total     Origin

  0   0.00000  13.69625    5.0+     0.00000     0.00007     0.00007    Preeq 
  1   0.03986  13.65640    4.0+     0.00000     0.00007     0.00007    Preeq 
  2   0.32804  13.36821    5.0+     0.05861     0.00006     0.05868    Preeq 
  3   0.47340  13.22285    4.0+     0.04456     0.00006     0.04462    Preeq 
  4   0.49284  13.20341    3.0+     0.03883     0.00005     0.03888    Preeq 
  5   0.61700  13.07925    6.0+     0.03449     0.00006     0.03455    Preeq 
  6   0.62040  13.07585    6.0+     0.02190     0.00006     0.02196    Preeq 
  7   0.69800  12.99825    2.0+     0.04890     0.00004     0.04894    Preeq 
  8   0.76000  12.93625    4.0+     0.03915     0.00005     0.03920    Preeq 
  9   0.78900  12.90725    1.0-     0.01721     0.00003     0.01723    Preeq 
 10   0.80000  12.89625    1.0-     0.00473     0.00003     0.00476    Preeq 
                                  ---------   ---------   ---------
 Discrete    (n,p)  :               0.30838     0.00057     0.30895
 Continuum   (n,p)  :               3.68537     0.06615     3.75153
                                  ---------   ---------   ---------
 Total       (n,p)  :               3.99375     0.06672     4.06048

 (n,gp) cross section:     0.00001

 Exclusive

 Discrete    (n,p)  :     0.30895
 Continuum   (n,p)  :     3.12748
 Total       (n,p)  :     3.43643

   (n,d)   cross sections:

 Inclusive:

 Level Energy    E-out     J/P       Direct    Compound      Total     Origin

  0   0.00000  12.13382    0.5+     0.03435     0.00004     0.03439    Preeq 
  1   0.35106  11.78276    1.5+     0.23598     0.00006     0.23604    Preeq 
  2   1.34818  10.78564    5.5-     0.29747     0.00006     0.29753    Preeq 
  3   1.68258  10.45124    2.5+     0.16497     0.00004     0.16501    Preeq 
  4   2.67569   9.45813    2.5+     0.05175     0.00001     0.05176    Preeq 
  5   2.70892   9.42490    2.5-     0.00114     0.00001     0.00115    Preeq 
                                  ---------   ---------   ---------
 Discrete    (n,d)  :               0.78566     0.00023     0.78588
 Continuum   (n,d)  :               0.06777     0.00066     0.06843
                                  ---------   ---------   ---------
 Total       (n,d)  :               0.85343     0.00089     0.85431

 (n,gd) cross section:     0.00000

 Exclusive

 Discrete    (n,d)  :     0.78588
 Continuum   (n,d)  :     0.06845
 Total       (n,d)  :     0.85433

   (n,t)   cross sections:

 Inclusive:

 Level Energy    E-out     J/P       Direct    Compound      Total     Origin

  0   0.00000  11.53860    0.0-     0.00515     0.00002     0.00517    Preeq 
  1   0.26583  11.27277    2.0-     0.01182     0.00006     0.01188    Preeq 
  2   0.30490  11.23370    1.0-     0.01431     0.00004     0.01435    Preeq 
  3   0.63502  10.90358    2.0-     0.01419     0.00005     0.01424    Preeq 
  4   0.64942  10.88918    1.0-     0.06787     0.00003     0.06791    Preeq 
  5   2.64310   8.89550   12.0-     0.03010     0.00000     0.03010    Preeq 
                                  ---------   ---------   ---------
 Discrete    (n,t)  :               0.14344     0.00020     0.14364
 Continuum   (n,t)  :               0.01097     0.00021     0.01118
                                  ---------   ---------   ---------
 Total       (n,t)  :               0.15441     0.00041     0.15482

 (n,gt) cross section:     0.00000

 Exclusive

 Discrete    (n,t)  :     0.14364
 Continuum   (n,t)  :     0.01117
 Total       (n,t)  :     0.15481

   (n,h)   cross sections:

 Inclusive:

 Level Energy    E-out     J/P       Direct    Compound      Total     Origin

  0   0.00000  10.24963    0.0+     0.00000     0.00000     0.00000    Preeq 
  1   1.06820   9.18143    2.0+     0.00000     0.00000     0.00000    Preeq 
  2   2.10240   8.14723    5.0-     0.00000     0.00000     0.00000    Preeq 
  3   2.46640   7.78323    7.0-     0.00000     0.00000     0.00000    Preeq 
  4   3.62340   6.62623    8.0+     0.00000     0.00000     0.00000    Preeq 
  5   3.62500   6.62463    0.0+     0.00000     0.00000     0.00000    Preeq 
                                  ---------   ---------   ---------
 Discrete    (n,h)  :               0.00000     0.00000     0.00000
 Continuum   (n,h)  :               0.00000     0.00000     0.00000
                                  ---------   ---------   ---------
 Total       (n,h)  :               0.00000     0.00000     0.00000

 (n,gh) cross section:     0.00000

 Exclusive

 Discrete    (n,h)  :     0.00000
 Continuum   (n,h)  :     0.00000
 Total       (n,h)  :     0.00000

   (n,a)   cross sections:

 Inclusive:

 Level Energy    E-out     J/P       Direct    Compound      Total     Origin

  0   0.00000  24.09791    0.5-     0.00090     0.00004     0.00094    Preeq 
  1   0.37946  23.71845    2.5-     0.00222     0.00010     0.00231    Preeq 
  2   0.46751  23.63040    1.5-     0.00428     0.00007     0.00435    Preeq 
  3   1.28070  22.81721    3.5+     0.01428     0.00010     0.01438    Preeq 
  4   1.32520  22.77271    4.5+     0.00187     0.00011     0.00198    Preeq 
  5   1.34612  22.75179    3.5-     0.00199     0.00010     0.00209    Preeq 
  6   1.39508  22.70283    4.5-     0.00289     0.00011     0.00300    Preeq 
  7   1.44750  22.65041    5.5-     0.00461     0.00011     0.00472    Preeq 
  8   1.55640  22.54151    6.5+     0.01058     0.00011     0.01069    Preeq 
  9   1.81820  22.27971    2.5+     0.00830     0.00007     0.00838    Preeq 
 10   1.84730  22.25061    4.5+     0.00083     0.00010     0.00093    Preeq 
                                  ---------   ---------   ---------
 Discrete    (n,a)  :               0.05275     0.00101     0.05376
 Continuum   (n,a)  :               0.31292     0.08212     0.39504
                                  ---------   ---------   ---------
 Total       (n,a)  :               0.36567     0.08313     0.44880

 (n,ga) cross section:     0.00001

 Exclusive

 Discrete    (n,a)  :     0.05376
 Continuum   (n,a)  :     0.34863
 Total       (n,a)  :     0.40239

 6. Exclusive cross sections

 6a. Total exclusive cross sections 

     Emitted particles     cross section reaction         level    isomeric    isomeric    lifetime relative yield
    n   p   d   t   h   a                                        cross section   ratio
    0   0   0   0   0   0    7.04218E-01  (n,g)                                                     2.79269E-04
    1   0   0   0   0   0    2.37229E+02  (n,n')                                                    9.40771E-02
    0   1   0   0   0   0    3.43643E+00  (n,p)                                                     1.36277E-03
    0   0   1   0   0   0    8.54330E-01  (n,d)                                                     3.38799E-04
                                                             0     5.16820E-01  0.60494
                                                             2     3.37509E-01  0.39506   1.33000E+00 sec. 
    0   0   0   1   0   0    1.54813E-01  (n,t)                                                     6.13937E-05
                                                             0     1.23250E-01  0.79612
                                                            45     3.15630E-02  0.20388   2.24400E+02 sec. 
    0   0   0   0   0   1    4.02387E-01  (n,a)                                                     1.59573E-04
    2   0   0   0   0   0    1.76708E+03  (n,2n)                                                    7.00765E-01
    1   1   0   0   0   0    6.35843E-01  (n,np)                                                    2.52154E-04
                                                             0     4.46229E-01  0.70179
                                                             2     1.89614E-01  0.29821   1.33000E+00 sec. 
    1   0   0   0   0   1    4.83922E-02  (n,na)                                                    1.91907E-05
    0   0   0   0   0   2    1.00000E-07  (n,2a)                                                    3.96567E-11
    3   0   0   0   0   0    5.11099E+02  (n,3n)                                                    2.02685E-01
    1   0   0   0   0   2    1.00000E-07  (n,n2a)                                                   3.96567E-11
    0   0   0   0   0   3    1.00000E-07  (n,3a)                                                    3.96567E-11

 Absorption cross section                 :     5.55217

 Sum over exclusive channel cross sections:  2521.64478
 (n,gn) + (n,gp) +...(n,ga) cross sections:     3.07787
 Total                                    :  2524.72266
 Non-elastic cross section                :  2523.82007

 ########## RESULTS FOR E=  19.00000 ##########

 Energy dependent input flags

 Width fluctuations (flagwidth)            : n
 Unresolved resonance parameters (flagurr) : n
 Preequilibrium (flagpreeq)                : y
 Multiple preequilibrium (flagmulpre)      : n
 Number of continuum excitation energy bins: 40

 ########### REACTION SUMMARY FOR E=  19.00000 ###########

 Center-of-mass energy:   18.907

 1. Total (binary) cross sections

 Total           = 5.72858E+03
   Shape elastic   = 3.21597E+03
   Reaction        = 2.51261E+03
     Compound elastic= 1.13960E-05
     Non-elastic     = 2.51261E+03
       Direct          = 6.90815E+01
       Pre-equilibrium = 7.64736E+02
       Giant resonance = 3.16246E+01
       Compound non-el = 1.64717E+03
     Total elastic   = 3.21597E+03

 2. Binary non-elastic cross sections (non-exclusive)

 gamma   = 3.72923E+00
 neutron = 2.49976E+03
 proton  = 6.42300E+00
 deuteron= 1.59742E+00
 triton  = 3.70557E-01
 helium-3= 9.41181E-11
 alpha   = 7.26528E-01

 3. Total particle production cross sections

 gamma   = 3.39748E+03    Multiplicity= 1.35217E+00
 neutron = 5.64945E+03    Multiplicity= 2.24844E+00
 proton  = 6.43860E+00    Multiplicity= 2.56251E-03
 deuteron= 1.59742E+00    Multiplicity= 6.35761E-04
 triton  = 3.70557E-01    Multiplicity= 1.47479E-04
 helium-3= 9.41181E-11    Multiplicity= 3.74583E-14
 alpha   = 7.30070E-01    Multiplicity= 2.90562E-04

 4. Residual production cross sections

   a. Per isotope

   Z   A  nuclide    total     level   isomeric    isomeric    lifetime
                 cross section       cross section  ratio

   82 209 (209Pb) 5.98262E-01    0    5.98262E-01  1.00000
   82 208 (208Pb) 2.25774E+02    0    2.25774E+02  1.00000
   81 208 (208Tl) 4.95245E+00    0    4.95245E+00  1.00000
   82 207 (207Pb) 1.41149E+03    0    1.41149E+03  1.00000
   81 207 (207Tl) 3.08365E+00    0    1.93196E+00  0.62652
                                 2    1.15169E+00  0.37348   1.33000E+00 sec. 
   82 206 (206Pb) 8.66727E+02    0    8.66727E+02  1.00000
   81 206 (206Tl) 3.70573E-01    0    2.66598E-01  0.71942
                                45    1.03975E-01  0.28058   2.24400E+02 sec. 
   80 205 (205Hg) 6.15767E-01    0    6.15767E-01  1.00000
   80 204 (204Hg) 1.14480E-01    0    1.14480E-01  1.00000
   78 201 (201Pt) 1.00000E-07    0    0.00000E+00  0.00000
   78 200 (200Pt) 1.00000E-07    0    0.00000E+00  0.00000

   b. Per mass

   A  cross section

  209 5.98262E-01
  208 2.30727E+02
  207 1.41458E+03
  206 8.67098E+02
  205 6.15767E-01
  204 1.14480E-01

 Total residual production cross section:  2513.7309570
 Non-elastic cross section              :  2512.6101074

 5. Binary reactions to discrete levels and continuum

   (n,g)   cross sections:

 Inclusive:

 Level Energy    E-out     J/P       Direct    Compound      Total     Origin

  0   0.00000  22.84476    4.5+     0.03065     0.00000     0.03065    Preeq 
  1   0.77889  22.06587    5.5+     0.05859     0.00000     0.05859    Preeq 
  2   1.42264  21.42212    7.5-     0.03391     0.00000     0.03391    Preeq 
  3   1.56709  21.27767    2.5+     0.02622     0.00000     0.02622    Preeq 
  4   2.03221  20.81255    0.5+     0.02643     0.00000     0.02643    Preeq 
  5   2.14943  20.69533    0.5-     0.01355     0.00000     0.01355    Preeq 
  6   2.31593  20.52883    1.5-     0.01311     0.00000     0.01311    Preeq 
  7   2.42400  20.42076    3.5-     0.00693     0.00000     0.00693    Preeq 
  8   2.46100  20.38376    2.5-     0.00320     0.00000     0.00320    Preeq 
  9   2.49100  20.35376    3.5+     0.00305     0.00000     0.00305    Preeq 
 10   2.52493  20.31983    1.5-     0.00162     0.00000     0.00162    Preeq 
                                  ---------   ---------   ---------
 Discrete    (n,g)  :               0.21727     0.00000     0.21727
 Continuum   (n,g)  :               2.22580     1.28615     3.51196
                                  ---------   ---------   ---------
 Total       (n,g)  :               2.44307     1.28615     3.72923


 Exclusive

 Discrete    (n,g)  :     0.21727
 Continuum   (n,g)  :     0.38099
 Total       (n,g)  :     0.59826

 Inelastic cross sections:

 Inclusive:

 Level Energy    E-out     J/P       Direct    Compound      Total     Origin

  1   2.61452  16.29286    3.0-    41.60920     0.00006    41.60926    Direct
  2   3.19771  15.70967    5.0-     9.36559     0.00007     9.36566    Direct
  3   3.47508  15.43230    4.0-     0.00000     0.00007     0.00007    Preeq 
  4   3.70845  15.19893    5.0-     2.59716     0.00007     2.59723    Direct
  5   3.91997  14.98741    6.0-     0.00000     0.00007     0.00007    Preeq 
  6   3.94658  14.96080    4.0-     0.00000     0.00007     0.00007    Preeq 
  7   3.96116  14.94622    5.0-     0.72125     0.00007     0.72132    Direct
  8   3.99544  14.91194    4.0-     0.00000     0.00007     0.00007    Preeq 
  9   4.03744  14.86994    7.0-     2.44871     0.00007     2.44878    Direct
 10   4.05113  14.85625    3.0-     1.12916     0.00006     1.12922    Direct
 11   4.08552  14.82186    2.0+     0.57265     0.00004     0.57269    Direct
 12   4.12535  14.78203    5.0-     7.44247     0.00007     7.44254    Direct
 13   4.14400  14.76338    1.0+     0.00000     0.00003     0.00003    Preeq 
 14   4.18041  14.72696    5.0-     0.88310     0.00007     0.88317    Direct
 15   4.20628  14.70110    6.0-     0.00000     0.00007     0.00007    Preeq 
                                  ---------   ---------   ---------
 Discrete  Inelastic:              66.76928     0.00096    66.77024
 Continuum Inelastic:             787.31299  1645.68030  2432.99316
                                  ---------   ---------   ---------
 Total     Inelastic:             854.08228  1645.68127  2499.76392

 (n,gn) cross section:     3.16552

 Exclusive

 Discrete  Inelastic:    66.77024
 Continuum Inelastic:   157.07413
 Total     Inelastic:   223.84436

   (n,p)   cross sections:

 Inclusive:

 Level Energy    E-out     J/P       Direct    Compound      Total     Origin

  0   0.00000  14.69133    5.0+     0.00000     0.00003     0.00003    Preeq 
  1   0.03986  14.65148    4.0+     0.00000     0.00003     0.00003    Preeq 
  2   0.32804  14.36329    5.0+     0.06883     0.00003     0.06886    Preeq 
  3   0.47340  14.21793    4.0+     0.05233     0.00002     0.05235    Preeq 
  4   0.49284  14.19849    3.0+     0.04560     0.00002     0.04562    Preeq 
  5   0.61700  14.07434    6.0+     0.04051     0.00003     0.04053    Preeq 
  6   0.62040  14.07093    6.0+     0.02572     0.00003     0.02575    Preeq 
  7   0.69800  13.99333    2.0+     0.05906     0.00002     0.05907    Preeq 
  8   0.76000  13.93133    4.0+     0.04810     0.00002     0.04812    Preeq 
  9   0.78900  13.90234    1.0-     0.02114     0.00001     0.02115    Preeq 
 10   0.80000  13.89133    1.0-     0.00582     0.00001     0.00583    Preeq 
                                  ---------   ---------   ---------
 Discrete    (n,p)  :               0.36710     0.00024     0.36734
 Continuum   (n,p)  :               5.96748     0.08818     6.05567
                                  ---------   ---------   ---------
 Total       (n,p)  :               6.33458     0.08842     6.42300

 (n,gp) cross section:     0.00002

 Exclusive

 Discrete    (n,p)  :     0.36734
 Continuum   (n,p)  :     4.58510
 Total       (n,p)  :     4.95244

   (n,d)   cross sections:

 Inclusive:

 Level Energy    E-out     J/P       Direct    Compound      Total     Origin

  0   0.00000  13.12890    0.5+     0.04626     0.00002     0.04628    Preeq 
  1   0.35106  12.77784    1.5+     0.35942     0.00003     0.35945    Preeq 
  2   1.34818  11.78072    5.5-     0.48823     0.00004     0.48827    Preeq 
  3   1.68258  11.44632    2.5+     0.32082     0.00002     0.32085    Preeq 
  4   2.67569  10.45321    2.5+     0.13793     0.00001     0.13794    Preeq 
  5   2.70892  10.41998    2.5-     0.00349     0.00001     0.00350    Preeq 
                                  ---------   ---------   ---------
 Discrete    (n,d)  :               1.35617     0.00013     1.35630
 Continuum   (n,d)  :               0.24000     0.00112     0.24112
                                  ---------   ---------   ---------
 Total       (n,d)  :               1.59617     0.00125     1.59742

 (n,gd) cross section:     0.00000

 Exclusive

 Discrete    (n,d)  :     1.35630
 Continuum   (n,d)  :     0.24117
 Total       (n,d)  :     1.59747

   (n,t)   cross sections:

 Inclusive:

 Level Energy    E-out     J/P       Direct    Compound      Total     Origin

  0   0.00000  12.53368    0.0-     0.00776     0.00001     0.00777    Preeq 
  1   0.26583  12.26785    2.0-     0.01781     0.00003     0.01784    Preeq 
  2   0.30490  12.22879    1.0-     0.02156     0.00002     0.02158    Preeq 
  3   0.63502  11.89866    2.0-     0.02339     0.00003     0.02342    Preeq 
  4   0.64942  11.88426    1.0-     0.14483     0.00002     0.14485    Preeq 
  5   2.64310   9.89058   12.0-     0.09572     0.00000     0.09572    Preeq 
                                  ---------   ---------   ---------
 Discrete    (n,t)  :               0.31107     0.00010     0.31118
 Continuum   (n,t)  :               0.05887     0.00052     0.05938
                                  ---------   ---------   ---------
 Total       (n,t)  :               0.36994     0.00062     0.37056

 (n,gt) cross section:     0.00000

 Exclusive

 Discrete    (n,t)  :     0.31118
 Continuum   (n,t)  :     0.05937
 Total       (n,t)  :     0.37055

   (n,h)   cross sections:

 Inclusive:

 Level Energy    E-out     J/P       Direct    Compound      Total     Origin

  0   0.00000  11.24471    0.0+     0.00000     0.00000     0.00000    Preeq 
  1   1.06820  10.17651    2.0+     0.00000     0.00000     0.00000    Preeq 
  2   2.10240   9.14231    5.0-     0.00000     0.00000     0.00000    Preeq 
  3   2.46640   8.77831    7.0-     0.00000     0.00000     0.00000    Preeq 
  4   3.62340   7.62131    8.0+     0.00000     0.00000     0.00000    Preeq 
  5   3.62500   7.61971    0.0+     0.00000     0.00000     0.00000    Preeq 
                                  ---------   ---------   ---------
 Discrete    (n,h)  :               0.00000     0.00000     0.00000
 Continuum   (n,h)  :               0.00000     0.00000     0.00000
                                  ---------   ---------   ---------
 Total       (n,h)  :               0.00000     0.00000     0.00000

 (n,gh) cross section:     0.00000

 Exclusive

 Discrete    (n,h)  :     0.00000
 Continuum   (n,h)  :     0.00000
 Total       (n,h)  :     0.00000

   (n,a)   cross sections:

 Inclusive:

 Level Energy    E-out     J/P       Direct    Compound      Total     Origin

  0   0.00000  25.09299    0.5-     0.00093     0.00001     0.00095    Preeq 
  1   0.37946  24.71353    2.5-     0.00230     0.00003     0.00233    Preeq 
  2   0.46751  24.62548    1.5-     0.00443     0.00003     0.00446    Preeq 
  3   1.28070  23.81229    3.5+     0.01648     0.00004     0.01652    Preeq 
  4   1.32520  23.76779    4.5+     0.00219     0.00004     0.00224    Preeq 
  5   1.34612  23.74687    3.5-     0.00234     0.00004     0.00238    Preeq 
  6   1.39508  23.69791    4.5-     0.00340     0.00004     0.00344    Preeq 
  7   1.44750  23.64549    5.5-     0.00541     0.00005     0.00545    Preeq 
  8   1.55640  23.53659    6.5+     0.01243     0.00005     0.01247    Preeq 
  9   1.81820  23.27479    2.5+     0.00975     0.00003     0.00978    Preeq 
 10   1.84730  23.24569    4.5+     0.00098     0.00004     0.00102    Preeq 
                                  ---------   ---------   ---------
 Discrete    (n,a)  :               0.06064     0.00040     0.06103
 Continuum   (n,a)  :               0.55513     0.11037     0.66549
                                  ---------   ---------   ---------
 Total       (n,a)  :               0.61576     0.11077     0.72653

 (n,ga) cross section:     0.00001

 Exclusive

 Discrete    (n,a)  :     0.06103
 Continuum   (n,a)  :     0.55472
 Total       (n,a)  :     0.61575

 6. Exclusive cross sections

 6a. Total exclusive cross sections 

     Emitted particles     cross section reaction         level    isomeric    isomeric    lifetime relative yield
    n   p   d   t   h   a                                        cross section   ratio
    0   0   0   0   0   0    5.98262E-01  (n,g)                                                     2.38298E-04
    1   0   0   0   0   0    2.23844E+02  (n,n')                                                    8.91610E-02
    0   1   0   0   0   0    4.95244E+00  (n,p)                                                     1.97264E-03
    0   0   1   0   0   0    1.59747E+00  (n,d)                                                     6.36297E-04
                                                             0     9.67982E-01  0.60595
                                                             2     6.29484E-01  0.39405   1.33000E+00 sec. 
    0   0   0   1   0   0    3.70549E-01  (n,t)                                                     1.47596E-04
                                                             0     2.66574E-01  0.71940
                                                            45     1.03975E-01  0.28060   2.24400E+02 sec. 
    0   0   0   0   0   1    6.15754E-01  (n,a)                                                     2.45265E-04
    2   0   0   0   0   0    1.41029E+03  (n,2n)                                                    5.61740E-01
    1   1   0   0   0   0    1.48618E+00  (n,np)                                                    5.91972E-04
                                                             0     9.63979E-01  0.64863
                                                             2     5.22205E-01  0.35137   1.33000E+00 sec. 
    1   0   1   0   0   0    2.28225E-05  (n,nd)                                                    9.09057E-09
                                                             0     2.28225E-05  1.00000
                                                            45     0.00000E+00  0.00000   2.24400E+02 sec. 
    1   0   0   1   0   0    9.69390E-07  (n,nt)                                                    3.86124E-10
    1   0   0   0   0   1    1.14478E-01  (n,na)                                                    4.55986E-05
    0   0   0   0   0   2    1.00000E-07  (n,2a)                                                    3.98317E-11
    3   0   0   0   0   0    8.66700E+02  (n,3n)                                                    3.45221E-01
    2   1   0   0   0   0    6.19892E-07  (n,2np)                                                   2.46914E-10
                                                             0     6.19892E-07  1.00000
                                                            45     0.00000E+00  0.00000   2.24400E+02 sec. 
    1   0   0   0   0   2    1.00000E-07  (n,n2a)                                                   3.98317E-11
    0   0   0   0   0   3    1.00000E-07  (n,3a)                                                    3.98317E-11

 Absorption cross section                 :     8.13447

 Sum over exclusive channel cross sections:  2510.56470
 (n,gn) + (n,gp) +...(n,ga) cross sections:     3.16555
 Total                                    :  2513.73022
 Non-elastic cross section                :  2512.61011

 ########## RESULTS FOR E=  20.00000 ##########

 Energy dependent input flags

 Width fluctuations (flagwidth)            : n
 Unresolved resonance parameters (flagurr) : n
 Preequilibrium (flagpreeq)                : y
 Multiple preequilibrium (flagmulpre)      : y
 Number of continuum excitation energy bins: 40

 ########### REACTION SUMMARY FOR E=  20.00000 ###########

 Center-of-mass energy:   19.902

 1. Total (binary) cross sections

 Total           = 5.76595E+03
   Shape elastic   = 3.25737E+03
   Reaction        = 2.50858E+03
     Compound elastic= 3.91013E-06
     Non-elastic     = 2.50858E+03
       Direct          = 6.79837E+01
       Pre-equilibrium = 8.02854E+02
       Giant resonance = 3.17930E+01
       Compound non-el = 1.60595E+03
     Total elastic   = 3.25737E+03

 2. Binary non-elastic cross sections (non-exclusive)

 gamma   = 3.71419E+00
 neutron = 2.49100E+03
 proton  = 9.46845E+00
 deuteron= 2.56858E+00
 triton  = 7.20823E-01
 helium-3= 1.07532E-09
 alpha   = 1.10819E+00

 3. Total particle production cross sections

 gamma   = 3.32066E+03    Multiplicity= 1.32372E+00
 neutron = 5.97374E+03    Multiplicity= 2.38132E+00
 proton  = 9.49444E+00    Multiplicity= 3.78479E-03
 deuteron= 2.56859E+00    Multiplicity= 1.02392E-03
 triton  = 7.20823E-01    Multiplicity= 2.87343E-04
 helium-3= 1.07532E-09    Multiplicity= 4.28656E-13
 alpha   = 1.11426E+00    Multiplicity= 4.44179E-04

 4. Residual production cross sections

   a. Per isotope

   Z   A  nuclide    total     level   isomeric    isomeric    lifetime
                 cross section       cross section  ratio

   82 209 (209Pb) 5.11563E-01    0    5.11563E-01  1.00000
   82 208 (208Pb) 2.15173E+02    0    2.15173E+02  1.00000
   81 208 (208Tl) 6.63109E+00    0    6.63109E+00  1.00000
   82 207 (207Pb) 1.08415E+03    0    1.08415E+03  1.00000
   81 207 (207Tl) 5.43176E+00    0    3.21266E+00  0.59146
                                 2    2.21910E+00  0.40854   1.33000E+00 sec. 
   82 206 (206Pb) 1.19613E+03    0    1.19613E+03  1.00000
   81 206 (206Tl) 7.21225E-01    0    4.89584E-01  0.67882
                                45    2.31641E-01  0.32118   2.24400E+02 sec. 
   80 205 (205Hg) 8.70892E-01    0    8.70892E-01  1.00000
   80 204 (204Hg) 2.43562E-01    0    2.43562E-01  1.00000
   78 201 (201Pt) 1.00000E-07    0    2.81631E-15  0.00000
   78 200 (200Pt) 1.00000E-07    0    0.00000E+00  0.00000

   b. Per mass

   A  cross section

  209 5.11563E-01
  208 2.21804E+02
  207 1.08959E+03
  206 1.19685E+03
  205 8.70892E-01
  204 2.43562E-01

 Total residual production cross section:  2509.8713379
 Non-elastic cross section              :  2508.5800781

 5. Binary reactions to discrete levels and continuum

   (n,g)   cross sections:

 Inclusive:

 Level Energy    E-out     J/P       Direct    Compound      Total     Origin

  0   0.00000  23.83983    4.5+     0.02744     0.00000     0.02744    Preeq 
  1   0.77889  23.06094    5.5+     0.05205     0.00000     0.05205    Preeq 
  2   1.42264  22.41719    7.5-     0.02991     0.00000     0.02991    Preeq 
  3   1.56709  22.27275    2.5+     0.02313     0.00000     0.02313    Preeq 
  4   2.03221  21.80762    0.5+     0.02312     0.00000     0.02312    Preeq 
  5   2.14943  21.69040    0.5-     0.01177     0.00000     0.01177    Preeq 
  6   2.31593  21.52390    1.5-     0.01139     0.00000     0.01139    Preeq 
  7   2.42400  21.41583    3.5-     0.00602     0.00000     0.00602    Preeq 
  8   2.46100  21.37883    2.5-     0.00278     0.00000     0.00278    Preeq 
  9   2.49100  21.34883    3.5+     0.00265     0.00000     0.00265    Preeq 
 10   2.52493  21.31490    1.5-     0.00141     0.00000     0.00141    Preeq 
                                  ---------   ---------   ---------
 Discrete    (n,g)  :               0.19167     0.00000     0.19167
 Continuum   (n,g)  :               2.30178     1.22074     3.52252
                                  ---------   ---------   ---------
 Total       (n,g)  :               2.49344     1.22074     3.71419


 Exclusive

 Discrete    (n,g)  :     0.19167
 Continuum   (n,g)  :     0.31990
 Total       (n,g)  :     0.51156

 Inelastic cross sections:

 Inclusive:

 Level Energy    E-out     J/P       Direct    Compound      Total     Origin

  1   2.61452  17.28793    3.0-    40.50760     0.00002    40.50762    Direct
  2   3.19771  16.70474    5.0-     9.03986     0.00002     9.03988    Direct
  3   3.47508  16.42737    4.0-     0.00000     0.00002     0.00002    Preeq 
  4   3.70845  16.19400    5.0-     2.51037     0.00002     2.51039    Direct
  5   3.91997  15.98249    6.0-     0.00000     0.00003     0.00003    Preeq 
  6   3.94658  15.95587    4.0-     0.00000     0.00002     0.00002    Preeq 
  7   3.96116  15.94129    5.0-     0.69770     0.00002     0.69772    Direct
  8   3.99544  15.90701    4.0-     0.00000     0.00002     0.00002    Preeq 
  9   4.03744  15.86501    7.0-     2.37926     0.00003     2.37929    Direct
 10   4.05113  15.85132    3.0-     1.09942     0.00002     1.09944    Direct
 11   4.08552  15.81693    2.0+     0.54400     0.00002     0.54402    Direct
 12   4.12535  15.77711    5.0-     7.20320     0.00002     7.20322    Direct
 13   4.14400  15.75845    1.0+     0.00000     0.00001     0.00001    Preeq 
 14   4.18041  15.72204    5.0-     0.85486     0.00002     0.85488    Direct
 15   4.20628  15.69618    6.0-     0.00000     0.00003     0.00003    Preeq 
                                  ---------   ---------   ---------
 Discrete  Inelastic:              64.83627     0.00033    64.83659
 Continuum Inelastic:             821.70319  1604.45764  2426.16089
                                  ---------   ---------   ---------
 Total     Inelastic:             886.53943  1604.45801  2491.00000

 (n,gn) cross section:     3.24657

 Exclusive

 Discrete  Inelastic:    64.83659
 Continuum Inelastic:   148.41902
 Total     Inelastic:   213.25562

   (n,p)   cross sections:

 Inclusive:

 Level Energy    E-out     J/P       Direct    Compound      Total     Origin

  0   0.00000  15.68641    5.0+     0.00000     0.00001     0.00001    Preeq 
  1   0.03986  15.64655    4.0+     0.00000     0.00001     0.00001    Preeq 
  2   0.32804  15.35837    5.0+     0.07626     0.00001     0.07627    Preeq 
  3   0.47340  15.21301    4.0+     0.05797     0.00001     0.05798    Preeq 
  4   0.49284  15.19357    3.0+     0.05052     0.00001     0.05052    Preeq 
  5   0.61700  15.06941    6.0+     0.04487     0.00001     0.04488    Preeq 
  6   0.62040  15.06601    6.0+     0.02849     0.00001     0.02850    Preeq 
  7   0.69800  14.98841    2.0+     0.06670     0.00001     0.06670    Preeq 
  8   0.76000  14.92641    4.0+     0.05494     0.00001     0.05495    Preeq 
  9   0.78900  14.89741    1.0-     0.02415     0.00000     0.02415    Preeq 
 10   0.80000  14.88641    1.0-     0.00664     0.00000     0.00665    Preeq 
                                  ---------   ---------   ---------
 Discrete    (n,p)  :               0.41054     0.00010     0.41063
 Continuum   (n,p)  :               8.94097     0.11685     9.05781
                                  ---------   ---------   ---------
 Total       (n,p)  :               9.35150     0.11694     9.46845

 (n,gp) cross section:     0.00002

 Exclusive

 Discrete    (n,p)  :     0.41063
 Continuum   (n,p)  :     6.22044
 Total       (n,p)  :     6.63107

   (n,d)   cross sections:

 Inclusive:

 Level Energy    E-out     J/P       Direct    Compound      Total     Origin

  0   0.00000  14.12397    0.5+     0.05610     0.00001     0.05611    Preeq 
  1   0.35106  13.77291    1.5+     0.47310     0.00001     0.47312    Preeq 
  2   1.34818  12.77579    5.5-     0.67382     0.00002     0.67384    Preeq 
  3   1.68258  12.44139    2.5+     0.49617     0.00001     0.49618    Preeq 
  4   2.67569  11.44828    2.5+     0.25848     0.00001     0.25849    Preeq 
  5   2.70892  11.41505    2.5-     0.00714     0.00001     0.00715    Preeq 
                                  ---------   ---------   ---------
 Discrete    (n,d)  :               1.96481     0.00006     1.96488
 Continuum   (n,d)  :               0.60207     0.00164     0.60370
                                  ---------   ---------   ---------
 Total       (n,d)  :               2.56688     0.00170     2.56858

 (n,gd) cross section:     0.00000

 Exclusive

 Discrete    (n,d)  :     1.96488
 Continuum   (n,d)  :     0.60346
 Total       (n,d)  :     2.56834

   (n,t)   cross sections:

 Inclusive:

 Level Energy    E-out     J/P       Direct    Compound      Total     Origin

  0   0.00000  13.52876    0.0-     0.00960     0.00000     0.00961    Preeq 
  1   0.26583  13.26292    2.0-     0.02203     0.00001     0.02204    Preeq 
  2   0.30490  13.22386    1.0-     0.02667     0.00001     0.02668    Preeq 
  3   0.63502  12.89373    2.0-     0.03047     0.00001     0.03049    Preeq 
  4   0.64942  12.87934    1.0-     0.22518     0.00001     0.22519    Preeq 
  5   2.64310  10.88566   12.0-     0.20095     0.00000     0.20095    Preeq 
                                  ---------   ---------   ---------
 Discrete    (n,t)  :               0.51490     0.00005     0.51495
 Continuum   (n,t)  :               0.20493     0.00094     0.20587
                                  ---------   ---------   ---------
 Total       (n,t)  :               0.71983     0.00099     0.72082

 (n,gt) cross section:     0.00000

 Exclusive

 Discrete    (n,t)  :     0.51495
 Continuum   (n,t)  :     0.20581
 Total       (n,t)  :     0.72076

   (n,h)   cross sections:

 Inclusive:

 Level Energy    E-out     J/P       Direct    Compound      Total     Origin

  0   0.00000  12.23978    0.0+     0.00000     0.00000     0.00000    Preeq 
  1   1.06820  11.17158    2.0+     0.00000     0.00000     0.00000    Preeq 
  2   2.10240  10.13738    5.0-     0.00000     0.00000     0.00000    Preeq 
  3   2.46640   9.77338    7.0-     0.00000     0.00000     0.00000    Preeq 
  4   3.62340   8.61638    8.0+     0.00000     0.00000     0.00000    Preeq 
  5   3.62500   8.61478    0.0+     0.00000     0.00000     0.00000    Preeq 
                                  ---------   ---------   ---------
 Discrete    (n,h)  :               0.00000     0.00000     0.00000
 Continuum   (n,h)  :               0.00000     0.00000     0.00000
                                  ---------   ---------   ---------
 Total       (n,h)  :               0.00000     0.00000     0.00000

 (n,gh) cross section:     0.00000

 Exclusive

 Discrete    (n,h)  :     0.00000
 Continuum   (n,h)  :     0.00000
 Total       (n,h)  :     0.00000

   (n,a)   cross sections:

 Inclusive:

 Level Energy    E-out     J/P       Direct    Compound      Total     Origin

  0   0.00000  26.08806    0.5-     0.00090     0.00000     0.00091    Preeq 
  1   0.37946  25.70860    2.5-     0.00222     0.00001     0.00224    Preeq 
  2   0.46751  25.62055    1.5-     0.00429     0.00001     0.00429    Preeq 
  3   1.28070  24.80736    3.5+     0.01787     0.00001     0.01789    Preeq 
  4   1.32520  24.76287    4.5+     0.00242     0.00002     0.00243    Preeq 
  5   1.34612  24.74194    3.5-     0.00258     0.00001     0.00259    Preeq 
  6   1.39508  24.69298    4.5-     0.00374     0.00002     0.00376    Preeq 
  7   1.44750  24.64056    5.5-     0.00596     0.00002     0.00597    Preeq 
  8   1.55640  24.53166    6.5+     0.01369     0.00002     0.01370    Preeq 
  9   1.81820  24.26987    2.5+     0.01074     0.00001     0.01075    Preeq 
 10   1.84730  24.24076    4.5+     0.00107     0.00002     0.00109    Preeq 
                                  ---------   ---------   ---------
 Discrete    (n,a)  :               0.06548     0.00015     0.06563
 Continuum   (n,a)  :               0.89451     0.14806     1.04256
                                  ---------   ---------   ---------
 Total       (n,a)  :               0.95999     0.14821     1.10819

 (n,ga) cross section:     0.00002

 Exclusive

 Discrete    (n,a)  :     0.06563
 Continuum   (n,a)  :     0.80525
 Total       (n,a)  :     0.87088

 6. Exclusive cross sections

 6a. Total exclusive cross sections 

     Emitted particles     cross section reaction         level    isomeric    isomeric    lifetime relative yield
    n   p   d   t   h   a                                        cross section   ratio
    0   0   0   0   0   0    5.11563E-01  (n,g)                                                     2.04084E-04
    1   0   0   0   0   0    2.13256E+02  (n,n')                                                    8.50768E-02
    0   1   0   0   0   0    6.63107E+00  (n,p)                                                     2.64542E-03
    0   0   1   0   0   0    2.56834E+00  (n,d)                                                     1.02462E-03
                                                             0     1.54071E+00  0.59989
                                                             2     1.02763E+00  0.40011   1.33000E+00 sec. 
    0   0   0   1   0   0    7.20757E-01  (n,t)                                                     2.87541E-04
                                                             0     4.89116E-01  0.67861
                                                            45     2.31641E-01  0.32139   2.24400E+02 sec. 
    0   0   0   0   0   1    8.70877E-01  (n,a)                                                     3.47430E-04
    2   0   0   0   0   0    1.08289E+03  (n,2n)                                                    4.32011E-01
    1   1   0   0   0   0    2.86341E+00  (n,np)                                                    1.14234E-03
                                                             0     1.67194E+00  0.58390
                                                             2     1.19147E+00  0.41610   1.33000E+00 sec. 
    1   0   1   0   0   0    4.11456E-04  (n,nd)                                                    1.64148E-07
                                                             0     4.11456E-04  1.00000
                                                            45     5.90298E-11  0.00000   2.24400E+02 sec. 
    1   0   0   1   0   0    3.28969E-05  (n,nt)                                                    1.31240E-08
    1   0   0   0   0   1    2.43559E-01  (n,na)                                                    9.71660E-05
    0   0   0   0   0   2    1.00000E-07  (n,2a)                                                    3.98943E-11
    3   0   0   0   0   0    1.19607E+03  (n,3n)                                                    4.77164E-01
    2   1   0   0   0   0    5.62640E-05  (n,2np)                                                   2.24461E-08
                                                             0     5.62640E-05  1.00000
                                                            45     2.99732E-20  0.00000   2.24400E+02 sec. 
    2   0   0   0   0   1    8.35995E-06  (n,2na)                                                   3.33514E-09
    1   0   0   0   0   2    1.00000E-07  (n,n2a)                                                   3.98943E-11
    0   0   0   0   0   3    1.00000E-07  (n,3a)                                                    3.98943E-11

 Absorption cross section                 :    11.30261

 Sum over exclusive channel cross sections:  2506.62476
 (n,gn) + (n,gp) +...(n,ga) cross sections:     3.24661
 Total                                    :  2509.87134
 Non-elastic cross section                :  2508.58008

 ########## RESULTS FOR E=  22.00000 ##########

 Energy dependent input flags

 Width fluctuations (flagwidth)            : n
 Unresolved resonance parameters (flagurr) : n
 Preequilibrium (flagpreeq)                : y
 Multiple preequilibrium (flagmulpre)      : y
 Number of continuum excitation energy bins: 40

 ########### REACTION SUMMARY FOR E=  22.00000 ###########

 Center-of-mass energy:   21.893

 1. Total (binary) cross sections

 Total           = 5.78394E+03
   Shape elastic   = 3.27173E+03
   Reaction        = 2.51221E+03
     Compound elastic= 5.61125E-07
     Non-elastic     = 2.51221E+03
       Direct          = 6.56440E+01
       Pre-equilibrium = 8.78989E+02
       Giant resonance = 3.21644E+01
       Compound non-el = 1.53541E+03
     Total elastic   = 3.27173E+03

 2. Binary non-elastic cross sections (non-exclusive)

 gamma   = 3.64671E+00
 neutron = 2.48188E+03
 proton  = 1.76958E+01
 deuteron= 4.95744E+00
 triton  = 1.75688E+00
 helium-3= 1.00862E-07
 alpha   = 2.27488E+00

 3. Total particle production cross sections

 gamma   = 3.78338E+03    Multiplicity= 1.50600E+00
 neutron = 6.40224E+03    Multiplicity= 2.54845E+00
 proton  = 1.77974E+01    Multiplicity= 7.08436E-03
 deuteron= 4.95747E+00    Multiplicity= 1.97335E-03
 triton  = 1.75689E+00    Multiplicity= 6.99340E-04
 helium-3= 1.00862E-07    Multiplicity= 4.01488E-11
 alpha   = 2.28882E+00    Multiplicity= 9.11077E-04

 4. Residual production cross sections

   a. Per isotope

   Z   A  nuclide    total     level   isomeric    isomeric    lifetime
                 cross section       cross section  ratio

   82 209 (209Pb) 3.90348E-01    0    3.90348E-01  1.00000
   82 208 (208Pb) 1.95583E+02    0    1.95583E+02  1.00000
   81 208 (208Tl) 9.65424E+00    0    9.65424E+00  1.00000
   82 207 (207Pb) 6.72987E+02    0    6.72987E+02  1.00000
   81 207 (207Tl) 1.30767E+01    0    7.11726E+00  0.54427
                                 2    5.95947E+00  0.45573   1.33000E+00 sec. 
   82 206 (206Pb) 1.61757E+03    0    1.61757E+03  1.00000
   81 206 (206Tl) 1.77399E+00    0    1.21801E+00  0.68659
                                45    5.55984E-01  0.31341   2.24400E+02 sec. 
   81 205 (205Tl) 7.39832E-03    0    7.39832E-03  1.00000
   80 205 (205Hg) 1.41829E+00    0    1.41829E+00  1.00000
   80 204 (204Hg) 8.69629E-01    0    8.69629E-01  1.00000
   80 203 (203Hg) 1.29654E-03    0    1.29654E-03  1.00000
   78 201 (201Pt) 1.00000E-07    0    2.74187E-13  0.00000
   78 200 (200Pt) 1.00000E-07    0    0.00000E+00  0.00000

   b. Per mass

   A  cross section

  209 3.90348E-01
  208 2.05238E+02
  207 6.86064E+02
  206 1.61934E+03
  205 1.42568E+00
  204 8.69629E-01
  203 1.29654E-03

 Total residual production cross section:  2513.3330078
 Non-elastic cross section              :  2512.2099609

 5. Binary reactions to discrete levels and continuum

   (n,g)   cross sections:

 Inclusive:

 Level Energy    E-out     J/P       Direct    Compound      Total     Origin

  0   0.00000  25.82996    4.5+     0.02326     0.00000     0.02326    Preeq 
  1   0.77889  25.05107    5.5+     0.04342     0.00000     0.04342    Preeq 
  2   1.42264  24.40732    7.5-     0.02458     0.00000     0.02458    Preeq 
  3   1.56709  24.26288    2.5+     0.01901     0.00000     0.01901    Preeq 
  4   2.03221  23.79775    0.5+     0.01868     0.00000     0.01868    Preeq 
  5   2.14943  23.68053    0.5-     0.00935     0.00000     0.00935    Preeq 
  6   2.31593  23.51403    1.5-     0.00905     0.00000     0.00905    Preeq 
  7   2.42400  23.40596    3.5-     0.00478     0.00000     0.00478    Preeq 
  8   2.46100  23.36896    2.5-     0.00221     0.00000     0.00221    Preeq 
  9   2.49100  23.33896    3.5+     0.00211     0.00000     0.00211    Preeq 
 10   2.52493  23.30503    1.5-     0.00112     0.00000     0.00112    Preeq 
                                  ---------   ---------   ---------
 Discrete    (n,g)  :               0.15756     0.00000     0.15756
 Continuum   (n,g)  :               2.43104     1.05811     3.48915
                                  ---------   ---------   ---------
 Total       (n,g)  :               2.58860     1.05811     3.64671


 Exclusive

 Discrete    (n,g)  :     0.15756
 Continuum   (n,g)  :     0.23279
 Total       (n,g)  :     0.39035

 Inelastic cross sections:

 Inclusive:

 Level Energy    E-out     J/P       Direct    Compound      Total     Origin

  1   2.61452  19.27806    3.0-    38.31950     0.00000    38.31950    Direct
  2   3.19771  18.69487    5.0-     8.40386     0.00000     8.40386    Direct
  3   3.47508  18.41751    4.0-     0.00000     0.00000     0.00000    Preeq 
  4   3.70845  18.18414    5.0-     2.33549     0.00000     2.33549    Direct
  5   3.91997  17.97262    6.0-     0.00000     0.00000     0.00000    Preeq 
  6   3.94658  17.94601    4.0-     0.00000     0.00000     0.00000    Preeq 
  7   3.96116  17.93142    5.0-     0.64952     0.00000     0.64953    Direct
  8   3.99544  17.89715    4.0-     0.00000     0.00000     0.00000    Preeq 
  9   4.03744  17.85514    7.0-     2.23209     0.00000     2.23209    Direct
 10   4.05113  17.84145    3.0-     1.03487     0.00000     1.03487    Direct
 11   4.08552  17.80707    2.0+     0.49660     0.00000     0.49660    Direct
 12   4.12535  17.76724    5.0-     6.70951     0.00000     6.70951    Direct
 13   4.14400  17.74858    1.0+     0.00000     0.00000     0.00000    Preeq 
 14   4.18041  17.71217    5.0-     0.79643     0.00000     0.79643    Direct
 15   4.20628  17.68631    6.0-     0.00000     0.00000     0.00000    Preeq 
                                  ---------   ---------   ---------
 Discrete  Inelastic:              60.97787     0.00004    60.97791
 Continuum Inelastic:             887.00757  1533.89136  2420.89893
                                  ---------   ---------   ---------
 Total     Inelastic:             947.98541  1533.89136  2481.87793

 (n,gn) cross section:     3.30337

 Exclusive

 Discrete  Inelastic:    60.97791
 Continuum Inelastic:   132.89389
 Total     Inelastic:   193.87180

   (n,p)   cross sections:

 Inclusive:

 Level Energy    E-out     J/P       Direct    Compound      Total     Origin

  0   0.00000  17.67654    5.0+     0.00000     0.00000     0.00000    Preeq 
  1   0.03986  17.63668    4.0+     0.06423     0.00000     0.06423    Preeq 
  2   0.32804  17.34850    5.0+     0.16978     0.00000     0.16978    Preeq 
  3   0.47340  17.20314    4.0+     0.06454     0.00000     0.06454    Preeq 
  4   0.49284  17.18370    3.0+     0.05623     0.00000     0.05624    Preeq 
  5   0.61700  17.05954    6.0+     0.04995     0.00000     0.04995    Preeq 
  6   0.62040  17.05614    6.0+     0.03172     0.00000     0.03172    Preeq 
  7   0.69800  16.97854    2.0+     0.07584     0.00000     0.07584    Preeq 
  8   0.76000  16.91654    4.0+     0.06323     0.00000     0.06323    Preeq 
  9   0.78900  16.88754    1.0-     0.02779     0.00000     0.02779    Preeq 
 10   0.80000  16.87654    1.0-     0.00764     0.00000     0.00765    Preeq 
                                  ---------   ---------   ---------
 Discrete    (n,p)  :               0.61095     0.00001     0.61097
 Continuum   (n,p)  :              16.88648     0.19839    17.08487
                                  ---------   ---------   ---------
 Total       (n,p)  :              17.49743     0.19841    17.69584

 (n,gp) cross section:     0.00003

 Exclusive

 Discrete    (n,p)  :     0.61097
 Continuum   (n,p)  :     9.04326
 Total       (n,p)  :     9.65423

   (n,d)   cross sections:

 Inclusive:

 Level Energy    E-out     J/P       Direct    Compound      Total     Origin

  0   0.00000  16.11411    0.5+     0.06873     0.00000     0.06873    Preeq 
  1   0.35106  15.76305    1.5+     0.64043     0.00000     0.64043    Preeq 
  2   1.34818  14.76593    5.5-     0.96294     0.00000     0.96294    Preeq 
  3   1.68258  14.43153    2.5+     0.80536     0.00000     0.80536    Preeq 
  4   2.67569  13.43842    2.5+     0.50605     0.00000     0.50605    Preeq 
  5   2.70892  13.40519    2.5-     0.01515     0.00000     0.01515    Preeq 
                                  ---------   ---------   ---------
 Discrete    (n,d)  :               2.99866     0.00001     2.99867
 Continuum   (n,d)  :               1.95562     0.00315     1.95877
                                  ---------   ---------   ---------
 Total       (n,d)  :               4.95428     0.00316     4.95744

 (n,gd) cross section:     0.00000

 Exclusive

 Discrete    (n,d)  :     2.99867
 Continuum   (n,d)  :     1.94098
 Total       (n,d)  :     4.93965

   (n,t)   cross sections:

 Inclusive:

 Level Energy    E-out     J/P       Direct    Compound      Total     Origin

  0   0.00000  15.51889    0.0-     0.01131     0.00000     0.01131    Preeq 
  1   0.26583  15.25306    2.0-     0.02593     0.00000     0.02594    Preeq 
  2   0.30490  15.21399    1.0-     0.03140     0.00000     0.03140    Preeq 
  3   0.63502  14.88387    2.0-     0.03764     0.00000     0.03765    Preeq 
  4   0.64942  14.86947    1.0-     0.32748     0.00000     0.32748    Preeq 
  5   2.64310  12.87579   12.0-     0.39404     0.00000     0.39405    Preeq 
                                  ---------   ---------   ---------
 Discrete    (n,t)  :               0.82781     0.00001     0.82782
 Continuum   (n,t)  :               0.92708     0.00198     0.92906
                                  ---------   ---------   ---------
 Total       (n,t)  :               1.75489     0.00199     1.75688

 (n,gt) cross section:     0.00000

 Exclusive

 Discrete    (n,t)  :     0.82782
 Continuum   (n,t)  :     0.92166
 Total       (n,t)  :     1.74948

   (n,h)   cross sections:

 Inclusive:

 Level Energy    E-out     J/P       Direct    Compound      Total     Origin

  0   0.00000  14.22991    0.0+     0.00000     0.00000     0.00000    Preeq 
  1   1.06820  13.16171    2.0+     0.00000     0.00000     0.00000    Preeq 
  2   2.10240  12.12751    5.0-     0.00000     0.00000     0.00000    Preeq 
  3   2.46640  11.76351    7.0-     0.00000     0.00000     0.00000    Preeq 
  4   3.62340  10.60651    8.0+     0.00000     0.00000     0.00000    Preeq 
  5   3.62500  10.60491    0.0+     0.00000     0.00000     0.00000    Preeq 
                                  ---------   ---------   ---------
 Discrete    (n,h)  :               0.00000     0.00000     0.00000
 Continuum   (n,h)  :               0.00000     0.00000     0.00000
                                  ---------   ---------   ---------
 Total       (n,h)  :               0.00000     0.00000     0.00000

 (n,gh) cross section:     0.00000

 Exclusive

 Discrete    (n,h)  :     0.00000
 Continuum   (n,h)  :     0.00000
 Total       (n,h)  :     0.00000

   (n,a)   cross sections:

 Inclusive:

 Level Energy    E-out     J/P       Direct    Compound      Total     Origin

  0   0.00000  28.07820    0.5-     0.00079     0.00000     0.00079    Preeq 
  1   0.37946  27.69874    2.5-     0.00193     0.00000     0.00194    Preeq 
  2   0.46751  27.61069    1.5-     0.00373     0.00000     0.00373    Preeq 
  3   1.28070  26.79750    3.5+     0.01956     0.00000     0.01956    Preeq 
  4   1.32520  26.75300    4.5+     0.00271     0.00000     0.00272    Preeq 
  5   1.34612  26.73208    3.5-     0.00290     0.00000     0.00290    Preeq 
  6   1.39508  26.68312    4.5-     0.00420     0.00000     0.00421    Preeq 
  7   1.44750  26.63070    5.5-     0.00669     0.00000     0.00669    Preeq 
  8   1.55640  26.52180    6.5+     0.01537     0.00000     0.01538    Preeq 
  9   1.81820  26.26000    2.5+     0.01206     0.00000     0.01207    Preeq 
 10   1.84730  26.23090    4.5+     0.00121     0.00000     0.00121    Preeq 
                                  ---------   ---------   ---------
 Discrete    (n,a)  :               0.07116     0.00002     0.07118
 Continuum   (n,a)  :               1.94549     0.25821     2.20370
                                  ---------   ---------   ---------
 Total       (n,a)  :               2.01665     0.25823     2.27488

 (n,ga) cross section:     0.00003

 Exclusive

 Discrete    (n,a)  :     0.07118
 Continuum   (n,a)  :     1.34709
 Total       (n,a)  :     1.41827

 6. Exclusive cross sections

 6a. Total exclusive cross sections 

     Emitted particles     cross section reaction         level    isomeric    isomeric    lifetime relative yield
    n   p   d   t   h   a                                        cross section   ratio
    0   0   0   0   0   0    3.90348E-01  (n,g)                                                     1.55515E-04
    1   0   0   0   0   0    1.93872E+02  (n,n')                                                    7.72389E-02
    0   1   0   0   0   0    9.65423E+00  (n,p)                                                     3.84626E-03
    0   0   1   0   0   0    4.93965E+00  (n,d)                                                     1.96797E-03
                                                             0     2.84268E+00  0.57548
                                                             2     2.09698E+00  0.42452   1.33000E+00 sec. 
    0   0   0   1   0   0    1.74948E+00  (n,t)                                                     6.96996E-04
                                                             0     1.19355E+00  0.68223
                                                            45     5.55931E-01  0.31777   2.24400E+02 sec. 
    0   0   0   0   0   1    1.41827E+00  (n,a)                                                     5.65040E-04
    2   0   0   0   0   0    6.71581E+02  (n,2n)                                                    2.67559E-01
    1   1   0   0   0   0    8.13705E+00  (n,np)                                                    3.24182E-03
                                                             0     4.27457E+00  0.52532
                                                             2     3.86248E+00  0.47468   1.33000E+00 sec. 
    1   0   1   0   0   0    1.80955E-02  (n,nd)                                                    7.20930E-06
                                                             0     1.80467E-02  0.99730
                                                            45     4.88783E-05  0.00270   2.24400E+02 sec. 
    1   0   0   1   0   0    7.39832E-03  (n,nt)                                                    2.94750E-06
    1   0   0   0   0   1    8.69617E-01  (n,na)                                                    3.46457E-04
    0   0   0   0   0   2    1.00000E-07  (n,2a)                                                    3.98402E-11
    3   0   0   0   0   0    1.61738E+03  (n,3n)                                                    6.44369E-01
    2   1   0   0   0   0    6.41747E-03  (n,2np)                                                   2.55673E-06
                                                             0     6.41322E-03  0.99934
                                                            45     4.25154E-06  0.00066   2.24400E+02 sec. 
    2   0   0   0   0   1    1.29654E-03  (n,2na)                                                   5.16543E-07
    1   0   0   0   0   2    1.00000E-07  (n,n2a)                                                   3.98402E-11
    0   0   0   0   0   3    1.00000E-07  (n,3a)                                                    3.98402E-11

 Absorption cross section                 :    18.15198

 Sum over exclusive channel cross sections:  2510.02881
 (n,gn) + (n,gp) +...(n,ga) cross sections:     3.30343
 Total                                    :  2513.33228
 Non-elastic cross section                :  2512.20996

 ########## RESULTS FOR E=  24.00000 ##########

 Energy dependent input flags

 Width fluctuations (flagwidth)            : n
 Unresolved resonance parameters (flagurr) : n
 Preequilibrium (flagpreeq)                : y
 Multiple preequilibrium (flagmulpre)      : y
 Number of continuum excitation energy bins: 40

 ########### REACTION SUMMARY FOR E=  24.00000 ###########

 Center-of-mass energy:   23.883

 1. Total (binary) cross sections

 Total           = 5.70791E+03
   Shape elastic   = 3.20261E+03
   Reaction        = 2.50530E+03
     Compound elastic= 1.59410E-07
     Non-elastic     = 2.50530E+03
       Direct          = 6.27949E+01
       Pre-equilibrium = 9.46159E+02
       Giant resonance = 3.23769E+01
       Compound non-el = 1.46397E+03
     Total elastic   = 3.20261E+03

 2. Binary non-elastic cross sections (non-exclusive)

 gamma   = 3.56949E+00
 neutron = 2.45887E+03
 proton  = 2.79343E+01
 deuteron= 7.59482E+00
 triton  = 3.06532E+00
 helium-3= 4.35276E-06
 alpha   = 4.26673E+00

 3. Total particle production cross sections

 gamma   = 4.60509E+03    Multiplicity= 1.83814E+00
 neutron = 6.55559E+03    Multiplicity= 2.61669E+00
 proton  = 2.83007E+01    Multiplicity= 1.12963E-02
 deuteron= 7.59491E+00    Multiplicity= 3.03154E-03
 triton  = 3.06540E+00    Multiplicity= 1.22357E-03
 helium-3= 4.35276E-06    Multiplicity= 1.73742E-09
 alpha   = 4.29131E+00    Multiplicity= 1.71289E-03

 4. Residual production cross sections

   a. Per isotope

   Z   A  nuclide    total     level   isomeric    isomeric    lifetime
                 cross section       cross section  ratio

   82 209 (209Pb) 3.11720E-01    0    3.11720E-01  1.00000
   82 208 (208Pb) 1.76777E+02    0    1.76777E+02  1.00000
   81 208 (208Tl) 1.14545E+01    0    1.14545E+01  1.00000
   82 207 (207Pb) 5.03261E+02    0    5.03261E+02  1.00000
   81 207 (207Tl) 2.41256E+01    0    1.21963E+01  0.50554
                                 2    1.19293E+01  0.49446   1.33000E+00 sec. 
   82 206 (206Pb) 1.77690E+03    0    1.77690E+03  1.00000
   81 206 (206Tl) 3.24603E+00    0    2.34070E+00  0.72110
                                45    9.05331E-01  0.27890   2.24400E+02 sec. 
   82 205 (205Pb) 5.72957E+00    0    5.72957E+00  1.00000
   81 205 (205Tl) 1.35768E-01    0    1.35768E-01  1.00000
   80 205 (205Hg) 2.06126E+00    0    2.06126E+00  1.00000
   80 204 (204Hg) 2.20917E+00    0    2.20917E+00  1.00000
   80 203 (203Hg) 2.16320E-02    0    2.16320E-02  1.00000
   78 201 (201Pt) 1.00000E-07    0    6.41820E-12  0.00000
   78 200 (200Pt) 1.00000E-07    0    0.00000E+00  0.00000

   b. Per mass

   A  cross section

  209 3.11720E-01
  208 1.88231E+02
  207 5.27387E+02
  206 1.78015E+03
  205 7.92659E+00
  204 2.20917E+00
  203 2.16320E-02

 Total residual production cross section:  2506.2351074
 Non-elastic cross section              :  2505.3000488

 5. Binary reactions to discrete levels and continuum

   (n,g)   cross sections:

 Inclusive:

 Level Energy    E-out     J/P       Direct    Compound      Total     Origin

  0   0.00000  27.82008    4.5+     0.02040     0.00000     0.02040    Preeq 
  1   0.77889  27.04119    5.5+     0.03773     0.00000     0.03773    Preeq 
  2   1.42264  26.39744    7.5-     0.02116     0.00000     0.02116    Preeq 
  3   1.56709  26.25299    2.5+     0.01637     0.00000     0.01637    Preeq 
  4   2.03221  25.78787    0.5+     0.01593     0.00000     0.01593    Preeq 
  5   2.14943  25.67065    0.5-     0.00790     0.00000     0.00790    Preeq 
  6   2.31593  25.50415    1.5-     0.00765     0.00000     0.00765    Preeq 
  7   2.42400  25.39608    3.5-     0.00404     0.00000     0.00404    Preeq 
  8   2.46100  25.35908    2.5-     0.00187     0.00000     0.00187    Preeq 
  9   2.49100  25.32908    3.5+     0.00178     0.00000     0.00178    Preeq 
 10   2.52493  25.29515    1.5-     0.00094     0.00000     0.00094    Preeq 
                                  ---------   ---------   ---------
 Discrete    (n,g)  :               0.13576     0.00000     0.13576
 Continuum   (n,g)  :               2.51518     0.91854     3.43372
                                  ---------   ---------   ---------
 Total       (n,g)  :               2.65094     0.91854     3.56949


 Exclusive

 Discrete    (n,g)  :     0.13576
 Continuum   (n,g)  :     0.17596
 Total       (n,g)  :     0.31172

 Inelastic cross sections:

 Inclusive:

 Level Energy    E-out     J/P       Direct    Compound      Total     Origin

  1   2.61452  21.26818    3.0-    36.24460     0.00000    36.24460    Direct
  2   3.19771  20.68499    5.0-     7.82350     0.00000     7.82350    Direct
  3   3.47508  20.40762    4.0-     0.00000     0.00000     0.00000    Preeq 
  4   3.70845  20.17425    5.0-     2.17313     0.00000     2.17313    Direct
  5   3.91997  19.96273    6.0-     0.00000     0.00000     0.00000    Preeq 
  6   3.94658  19.93612    4.0-     0.00000     0.00000     0.00000    Preeq 
  7   3.96116  19.92154    5.0-     0.60417     0.00000     0.60418    Direct
  8   3.99544  19.88726    4.0-     0.00000     0.00000     0.00000    Preeq 
  9   4.03744  19.84526    7.0-     2.09066     0.00000     2.09066    Direct
 10   4.05113  19.83157    3.0-     0.97002     0.00000     0.97002    Direct
 11   4.08552  19.79718    2.0+     0.46208     0.00000     0.46208    Direct
 12   4.12535  19.75735    5.0-     6.23978     0.00000     6.23978    Direct
 13   4.14400  19.73870    1.0+     0.00000     0.00000     0.00000    Preeq 
 14   4.18041  19.70229    5.0-     0.74062     0.00000     0.74062    Direct
 15   4.20628  19.67642    6.0-     0.00000     0.00000     0.00000    Preeq 
                                  ---------   ---------   ---------
 Discrete  Inelastic:              57.34856     0.00001    57.34857
 Continuum Inelastic:             939.22375  1462.29443  2401.51807
                                  ---------   ---------   ---------
 Total     Inelastic:             996.57233  1462.29443  2458.86963

 (n,gn) cross section:     3.30561

 Exclusive

 Discrete  Inelastic:    57.34857
 Continuum Inelastic:   118.12044
 Total     Inelastic:   175.46901

   (n,p)   cross sections:

 Inclusive:

 Level Energy    E-out     J/P       Direct    Compound      Total     Origin

  0   0.00000  19.66666    5.0+     0.00000     0.00000     0.00000    Preeq 
  1   0.03986  19.62680    4.0+     0.06473     0.00000     0.06473    Preeq 
  2   0.32804  19.33862    5.0+     0.17110     0.00000     0.17110    Preeq 
  3   0.47340  19.19326    4.0+     0.06504     0.00000     0.06504    Preeq 
  4   0.49284  19.17382    3.0+     0.05667     0.00000     0.05667    Preeq 
  5   0.61700  19.04966    6.0+     0.05034     0.00000     0.05034    Preeq 
  6   0.62040  19.04626    6.0+     0.03197     0.00000     0.03197    Preeq 
  7   0.69800  18.96866    2.0+     0.07865     0.00000     0.07865    Preeq 
  8   0.76000  18.90666    4.0+     0.06662     0.00000     0.06662    Preeq 
  9   0.78900  18.87766    1.0-     0.02928     0.00000     0.02928    Preeq 
 10   0.80000  18.86666    1.0-     0.00805     0.00000     0.00805    Preeq 
                                  ---------   ---------   ---------
 Discrete    (n,p)  :               0.62246     0.00000     0.62246
 Continuum   (n,p)  :              26.99259     0.31928    27.31187
                                  ---------   ---------   ---------
 Total       (n,p)  :              27.61504     0.31928    27.93432

 (n,gp) cross section:     0.00005

 Exclusive

 Discrete    (n,p)  :     0.62246
 Continuum   (n,p)  :    10.83205
 Total       (n,p)  :    11.45450

   (n,d)   cross sections:

 Inclusive:

 Level Energy    E-out     J/P       Direct    Compound      Total     Origin

  0   0.00000  18.10422    0.5+     0.07371     0.00000     0.07371    Preeq 
  1   0.35106  17.75316    1.5+     0.73117     0.00000     0.73118    Preeq 
  2   1.34818  16.75604    5.5-     1.13110     0.00000     1.13110    Preeq 
  3   1.68258  16.42164    2.5+     1.00379     0.00000     1.00379    Preeq 
  4   2.67569  15.42853    2.5+     0.68281     0.00000     0.68281    Preeq 
  5   2.70892  15.39530    2.5-     0.02112     0.00000     0.02112    Preeq 
                                  ---------   ---------   ---------
 Discrete    (n,d)  :               3.64370     0.00000     3.64370
 Continuum   (n,d)  :               3.94524     0.00588     3.95112
                                  ---------   ---------   ---------
 Total       (n,d)  :               7.58894     0.00588     7.59482

 (n,gd) cross section:     0.00000

 Exclusive

 Discrete    (n,d)  :     3.64370
 Continuum   (n,d)  :     3.75211
 Total       (n,d)  :     7.39581

   (n,t)   cross sections:

 Inclusive:

 Level Energy    E-out     J/P       Direct    Compound      Total     Origin

  0   0.00000  17.50900    0.0-     0.01145     0.00000     0.01145    Preeq 
  1   0.26583  17.24317    2.0-     0.02627     0.00000     0.02627    Preeq 
  2   0.30490  17.20411    1.0-     0.03180     0.00000     0.03180    Preeq 
  3   0.63502  16.87398    2.0-     0.03902     0.00000     0.03902    Preeq 
  4   0.64942  16.85958    1.0-     0.36289     0.00000     0.36289    Preeq 
  5   2.64310  14.86590   12.0-     0.48488     0.00000     0.48488    Preeq 
                                  ---------   ---------   ---------
 Discrete    (n,t)  :               0.95630     0.00000     0.95630
 Continuum   (n,t)  :               2.10562     0.00340     2.10902
                                  ---------   ---------   ---------
 Total       (n,t)  :               3.06192     0.00340     3.06532

 (n,gt) cross section:     0.00000

 Exclusive

 Discrete    (n,t)  :     0.95630
 Continuum   (n,t)  :     1.97332
 Total       (n,t)  :     2.92963

   (n,h)   cross sections:

 Inclusive:

 Level Energy    E-out     J/P       Direct    Compound      Total     Origin

  0   0.00000  16.22003    0.0+     0.00000     0.00000     0.00000    Preeq 
  1   1.06820  15.15183    2.0+     0.00000     0.00000     0.00000    Preeq 
  2   2.10240  14.11763    5.0-     0.00000     0.00000     0.00000    Preeq 
  3   2.46640  13.75363    7.0-     0.00000     0.00000     0.00000    Preeq 
  4   3.62340  12.59663    8.0+     0.00000     0.00000     0.00000    Preeq 
  5   3.62500  12.59503    0.0+     0.00000     0.00000     0.00000    Preeq 
                                  ---------   ---------   ---------
 Discrete    (n,h)  :               0.00000     0.00000     0.00000
 Continuum   (n,h)  :               0.00000     0.00000     0.00000
                                  ---------   ---------   ---------
 Total       (n,h)  :               0.00000     0.00000     0.00000

 (n,gh) cross section:     0.00000

 Exclusive

 Discrete    (n,h)  :     0.00000
 Continuum   (n,h)  :     0.00000
 Total       (n,h)  :     0.00000

   (n,a)   cross sections:

 Inclusive:

 Level Energy    E-out     J/P       Direct    Compound      Total     Origin

  0   0.00000  30.06831    0.5-     0.00066     0.00000     0.00066    Preeq 
  1   0.37946  29.68885    2.5-     0.00164     0.00000     0.00164    Preeq 
  2   0.46751  29.60080    1.5-     0.00316     0.00000     0.00316    Preeq 
  3   1.28070  28.78761    3.5+     0.02444     0.00000     0.02444    Preeq 
  4   1.32520  28.74311    4.5+     0.00350     0.00000     0.00350    Preeq 
  5   1.34612  28.72219    3.5-     0.00374     0.00000     0.00374    Preeq 
  6   1.39508  28.67323    4.5-     0.00542     0.00000     0.00542    Preeq 
  7   1.44750  28.62081    5.5-     0.00863     0.00000     0.00863    Preeq 
  8   1.55640  28.51191    6.5+     0.01982     0.00000     0.01982    Preeq 
  9   1.81820  28.25011    2.5+     0.01556     0.00000     0.01556    Preeq 
 10   1.84730  28.22101    4.5+     0.00156     0.00000     0.00156    Preeq 
                                  ---------   ---------   ---------
 Discrete    (n,a)  :               0.08812     0.00000     0.08812
 Continuum   (n,a)  :               3.75376     0.42486     4.17861
                                  ---------   ---------   ---------
 Total       (n,a)  :               3.84187     0.42486     4.26673

 (n,ga) cross section:     0.00005

 Exclusive

 Discrete    (n,a)  :     0.08812
 Continuum   (n,a)  :     1.97312
 Total       (n,a)  :     2.06124

 6. Exclusive cross sections

 6a. Total exclusive cross sections 

     Emitted particles     cross section reaction         level    isomeric    isomeric    lifetime relative yield
    n   p   d   t   h   a                                        cross section   ratio
    0   0   0   0   0   0    3.11720E-01  (n,g)                                                     1.24542E-04
    1   0   0   0   0   0    1.75469E+02  (n,n')                                                    7.01055E-02
    0   1   0   0   0   0    1.14545E+01  (n,p)                                                     4.57644E-03
    0   0   1   0   0   0    7.39581E+00  (n,d)                                                     2.95486E-03
                                                             0     4.07175E+00  0.55055
                                                             2     3.32406E+00  0.44945   1.33000E+00 sec. 
    0   0   0   1   0   0    2.92963E+00  (n,t)                                                     1.17048E-03
                                                             0     2.03041E+00  0.69306
                                                            45     8.99223E-01  0.30694   2.24400E+02 sec. 
    0   0   0   0   1   0    1.90556E-07  (n,h)                                                     7.61333E-11
    0   0   0   0   0   1    2.06124E+00  (n,a)                                                     8.23530E-04
    2   0   0   0   0   0    5.01603E+02  (n,2n)                                                    2.00406E-01
    1   1   0   0   0   0    1.67297E+01  (n,np)                                                    6.68406E-03
                                                             0     8.12455E+00  0.48564
                                                             2     8.60517E+00  0.51436   1.33000E+00 sec. 
    1   0   1   0   0   0    1.99390E-01  (n,nd)                                                    7.96627E-05
                                                             0     1.95096E-01  0.97846
                                                            45     4.29429E-03  0.02154   2.24400E+02 sec. 
    1   0   0   1   0   0    1.35768E-01  (n,nt)                                                    5.42437E-05
    1   0   0   0   0   1    2.20914E+00  (n,na)                                                    8.82620E-04
    0   0   0   0   0   2    1.00000E-07  (n,2a)                                                    3.99532E-11
    3   0   0   0   0   0    1.77656E+03  (n,3n)                                                    7.09793E-01
    2   1   0   0   0   0    1.17015E-01  (n,2np)                                                   4.67512E-05
                                                             0     1.15201E-01  0.98450
                                                            45     1.81422E-03  0.01550   2.24400E+02 sec. 
    2   0   0   0   0   1    2.16319E-02  (n,2na)                                                   8.64265E-06
    1   0   0   0   0   2    1.00000E-07  (n,n2a)                                                   3.99532E-11
    0   0   0   0   0   3    1.00000E-07  (n,3a)                                                    3.99532E-11
    4   0   0   0   0   0    5.72956E+00  (n,4n)                                                    2.28914E-03

 Absorption cross section                 :    24.15290

 Sum over exclusive channel cross sections:  2502.92920
 (n,gn) + (n,gp) +...(n,ga) cross sections:     3.30571
 Total                                    :  2506.23486
 Non-elastic cross section                :  2505.30005

 ########## RESULTS FOR E=  26.00000 ##########

 Energy dependent input flags

 Width fluctuations (flagwidth)            : n
 Unresolved resonance parameters (flagurr) : n
 Preequilibrium (flagpreeq)                : y
 Multiple preequilibrium (flagmulpre)      : y
 Number of continuum excitation energy bins: 40

 ########### REACTION SUMMARY FOR E=  26.00000 ###########

 Center-of-mass energy:   25.873

 1. Total (binary) cross sections

 Total           = 5.54840E+03
   Shape elastic   = 3.06657E+03
   Reaction        = 2.48183E+03
     Compound elastic= 1.08019E-07
     Non-elastic     = 2.48183E+03
       Direct          = 6.01892E+01
       Pre-equilibrium = 1.00068E+03
       Giant resonance = 3.25373E+01
       Compound non-el = 1.38842E+03
     Total elastic   = 3.06657E+03

 2. Binary non-elastic cross sections (non-exclusive)

 gamma   = 3.47184E+00
 neutron = 2.41743E+03
 proton  = 3.96808E+01
 deuteron= 1.02414E+01
 triton  = 4.51860E+00
 helium-3= 8.90697E-05
 alpha   = 6.48787E+00

 3. Total particle production cross sections

 gamma   = 5.02492E+03    Multiplicity= 2.02468E+00
 neutron = 6.68639E+03    Multiplicity= 2.69414E+00
 proton  = 4.06473E+01    Multiplicity= 1.63779E-02
 deuteron= 1.02416E+01    Multiplicity= 4.12663E-03
 triton  = 4.51887E+00    Multiplicity= 1.82078E-03
 helium-3= 8.90697E-05    Multiplicity= 3.58887E-08
 alpha   = 6.52521E+00    Multiplicity= 2.62919E-03

 4. Residual production cross sections

   a. Per isotope

   Z   A  nuclide    total     level   isomeric    isomeric    lifetime
                 cross section       cross section  ratio

   82 209 (209Pb) 2.63274E-01    0    2.63274E-01  1.00000
   82 208 (208Pb) 1.59737E+02    0    1.59737E+02  1.00000
   81 208 (208Tl) 1.21626E+01    0    1.21626E+01  1.00000
   82 207 (207Pb) 4.26358E+02    0    4.26358E+02  1.00000
   81 207 (207Tl) 3.71275E+01    0    1.79461E+01  0.48336
                                 2    1.91814E+01  0.51664   1.33000E+00 sec. 
   82 206 (206Pb) 1.69712E+03    0    1.69712E+03  1.00000
   81 206 (206Tl) 5.40623E+00    0    4.08951E+00  0.75644
                                45    1.31672E+00  0.24356   2.24400E+02 sec. 
   82 205 (205Pb) 1.36974E+02    0    1.36974E+02  1.00000
   81 205 (205Tl) 7.12561E-01    0    7.12561E-01  1.00000
   80 205 (205Hg) 2.30485E+00    0    2.30485E+00  1.00000
   80 204 (204Hg) 4.06718E+00    0    4.06718E+00  1.00000
   80 203 (203Hg) 1.54125E-01    0    1.54125E-01  1.00000
   78 201 (201Pt) 1.00000E-07    0    6.94895E-11  0.00000
   78 200 (200Pt) 1.00000E-07    0    8.35251E-15  0.00000

   b. Per mass

   A  cross section

  209 2.63274E-01
  208 1.71899E+02
  207 4.63485E+02
  206 1.70253E+03
  205 1.39991E+02
  204 4.06718E+00
  203 1.54125E-01

 Total residual production cross section:  2482.3901367
 Non-elastic cross section              :  2481.8300781

 5. Binary reactions to discrete levels and continuum

   (n,g)   cross sections:

 Inclusive:

 Level Energy    E-out     J/P       Direct    Compound      Total     Origin

  0   0.00000  29.81017    4.5+     0.01819     0.00000     0.01819    Preeq 
  1   0.77889  29.03128    5.5+     0.03342     0.00000     0.03342    Preeq 
  2   1.42264  28.38753    7.5-     0.01863     0.00000     0.01863    Preeq 
  3   1.56709  28.24308    2.5+     0.01440     0.00000     0.01440    Preeq 
  4   2.03221  27.77796    0.5+     0.01395     0.00000     0.01395    Preeq 
  5   2.14943  27.66074    0.5-     0.00689     0.00000     0.00689    Preeq 
  6   2.31593  27.49424    1.5-     0.00666     0.00000     0.00666    Preeq 
  7   2.42400  27.38617    3.5-     0.00352     0.00000     0.00352    Preeq 
  8   2.46100  27.34917    2.5-     0.00163     0.00000     0.00163    Preeq 
  9   2.49100  27.31917    3.5+     0.00155     0.00000     0.00155    Preeq 
 10   2.52493  27.28524    1.5-     0.00082     0.00000     0.00082    Preeq 
                                  ---------   ---------   ---------
 Discrete    (n,g)  :               0.11966     0.00000     0.11966
 Continuum   (n,g)  :               2.55507     0.79710     3.35217
                                  ---------   ---------   ---------
 Total       (n,g)  :               2.67474     0.79710     3.47184


 Exclusive

 Discrete    (n,g)  :     0.11966
 Continuum   (n,g)  :     0.14361
 Total       (n,g)  :     0.26327

 Inelastic cross sections:

 Inclusive:

 Level Energy    E-out     J/P       Direct    Compound      Total     Origin

  1   2.61452  23.25827    3.0-    34.41270     0.00000    34.41270    Direct
  2   3.19771  22.67508    5.0-     7.32177     0.00000     7.32177    Direct
  3   3.47508  22.39771    4.0-     0.00000     0.00000     0.00000    Preeq 
  4   3.70845  22.16434    5.0-     2.03644     0.00000     2.03644    Direct
  5   3.91997  21.95283    6.0-     0.00000     0.00000     0.00000    Preeq 
  6   3.94658  21.92621    4.0-     0.00000     0.00000     0.00000    Preeq 
  7   3.96116  21.91163    5.0-     0.56642     0.00000     0.56642    Direct
  8   3.99544  21.87735    4.0-     0.00000     0.00000     0.00000    Preeq 
  9   4.03744  21.83535    7.0-     1.97107     0.00000     1.97107    Direct
 10   4.05113  21.82166    3.0-     0.91789     0.00000     0.91789    Direct
 11   4.08552  21.78727    2.0+     0.43248     0.00000     0.43248    Direct
 12   4.12535  21.74744    5.0-     5.85105     0.00000     5.85105    Direct
 13   4.14400  21.72879    1.0+     0.00000     0.00000     0.00000    Preeq 
 14   4.18041  21.69238    5.0-     0.69452     0.00000     0.69452    Direct
 15   4.20628  21.66652    6.0-     0.00000     0.00000     0.00000    Preeq 
                                  ---------   ---------   ---------
 Discrete  Inelastic:              54.20435     0.00000    54.20435
 Continuum Inelastic:             976.76569  1386.45825  2363.22388
                                  ---------   ---------   ---------
 Total     Inelastic:            1030.97009  1386.45825  2417.42969

 (n,gn) cross section:     3.25482

 Exclusive

 Discrete  Inelastic:    54.20435
 Continuum Inelastic:   104.61252
 Total     Inelastic:   158.81686

   (n,p)   cross sections:

 Inclusive:

 Level Energy    E-out     J/P       Direct    Compound      Total     Origin

  0   0.00000  21.65675    5.0+     0.01505     0.00000     0.01505    Preeq 
  1   0.03986  21.61689    4.0+     0.12389     0.00000     0.12389    Preeq 
  2   0.32804  21.32871    5.0+     0.16374     0.00000     0.16374    Preeq 
  3   0.47340  21.18335    4.0+     0.06224     0.00000     0.06224    Preeq 
  4   0.49284  21.16391    3.0+     0.05423     0.00000     0.05423    Preeq 
  5   0.61700  21.03975    6.0+     0.04818     0.00000     0.04818    Preeq 
  6   0.62040  21.03635    6.0+     0.05668     0.00000     0.05668    Preeq 
  7   0.69800  20.95875    2.0+     0.14267     0.00000     0.14267    Preeq 
  8   0.76000  20.89675    4.0+     0.09300     0.00000     0.09300    Preeq 
  9   0.78900  20.86775    1.0-     0.04088     0.00000     0.04088    Preeq 
 10   0.80000  20.85675    1.0-     0.01124     0.00000     0.01124    Preeq 
                                  ---------   ---------   ---------
 Discrete    (n,p)  :               0.81181     0.00000     0.81181
 Continuum   (n,p)  :              38.38249     0.48646    38.86895
                                  ---------   ---------   ---------
 Total       (n,p)  :              39.19430     0.48646    39.68076

 (n,gp) cross section:     0.00008

 Exclusive

 Discrete    (n,p)  :     0.81181
 Continuum   (n,p)  :    11.35081
 Total       (n,p)  :    12.16262

   (n,d)   cross sections:

 Inclusive:

 Level Energy    E-out     J/P       Direct    Compound      Total     Origin

  0   0.00000  20.09431    0.5+     0.07364     0.00000     0.07364    Preeq 
  1   0.35106  19.74325    1.5+     0.77056     0.00000     0.77056    Preeq 
  2   1.34818  18.74613    5.5-     1.21501     0.00000     1.21501    Preeq 
  3   1.68258  18.41173    2.5+     1.11109     0.00000     1.11109    Preeq 
  4   2.67569  17.41862    2.5+     0.78433     0.00000     0.78433    Preeq 
  5   2.70892  17.38539    2.5-     0.02461     0.00000     0.02461    Preeq 
                                  ---------   ---------   ---------
 Discrete    (n,d)  :               3.97924     0.00000     3.97924
 Continuum   (n,d)  :               6.25165     0.01051     6.26216
                                  ---------   ---------   ---------
 Total       (n,d)  :              10.23089     0.01051    10.24140

 (n,gd) cross section:     0.00000

 Exclusive

 Discrete    (n,d)  :     3.97924
 Continuum   (n,d)  :     5.44875
 Total       (n,d)  :     9.42799

   (n,t)   cross sections:

 Inclusive:

 Level Energy    E-out     J/P       Direct    Compound      Total     Origin

  0   0.00000  19.49909    0.0-     0.02162     0.00000     0.02162    Preeq 
  1   0.26583  19.23326    2.0-     0.02479     0.00000     0.02479    Preeq 
  2   0.30490  19.19420    1.0-     0.03002     0.00000     0.03002    Preeq 
  3   0.63502  18.86407    2.0-     0.03740     0.00000     0.03740    Preeq 
  4   0.64942  18.84967    1.0-     0.36156     0.00000     0.36156    Preeq 
  5   2.64310  16.85599   12.0-     0.50853     0.00000     0.50853    Preeq 
                                  ---------   ---------   ---------
 Discrete    (n,t)  :               0.98392     0.00000     0.98392
 Continuum   (n,t)  :               3.52920     0.00548     3.53468
                                  ---------   ---------   ---------
 Total       (n,t)  :               4.51312     0.00548     4.51860

 (n,gt) cross section:     0.00000

 Exclusive

 Discrete    (n,t)  :     0.98392
 Continuum   (n,t)  :     2.82241
 Total       (n,t)  :     3.80633

   (n,h)   cross sections:

 Inclusive:

 Level Energy    E-out     J/P       Direct    Compound      Total     Origin

  0   0.00000  18.21012    0.0+     0.00000     0.00000     0.00000    Preeq 
  1   1.06820  17.14192    2.0+     0.00000     0.00000     0.00000    Preeq 
  2   2.10240  16.10772    5.0-     0.00002     0.00000     0.00002    Preeq 
  3   2.46640  15.74372    7.0-     0.00003     0.00000     0.00003    Preeq 
  4   3.62340  14.58672    8.0+     0.00002     0.00000     0.00002    Preeq 
  5   3.62500  14.58512    0.0+     0.00000     0.00000     0.00000    Preeq 
                                  ---------   ---------   ---------
 Discrete    (n,h)  :               0.00007     0.00000     0.00000
 Continuum   (n,h)  :               0.00002     0.00000     0.00002
                                  ---------   ---------   ---------
 Total       (n,h)  :               0.00009     0.00000     0.00009

 (n,gh) cross section:     0.00000

 Exclusive

 Discrete    (n,h)  :     0.00000
 Continuum   (n,h)  :     0.00000
 Total       (n,h)  :     0.00000

   (n,a)   cross sections:

 Inclusive:

 Level Energy    E-out     J/P       Direct    Compound      Total     Origin

  0   0.00000  32.05840    0.5-     0.00055     0.00000     0.00055    Preeq 
  1   0.37946  31.67894    2.5-     0.00135     0.00000     0.00135    Preeq 
  2   0.46751  31.59089    1.5-     0.00260     0.00000     0.00260    Preeq 
  3   1.28070  30.77770    3.5+     0.02508     0.00000     0.02508    Preeq 
  4   1.32520  30.73320    4.5+     0.00364     0.00000     0.00364    Preeq 
  5   1.34612  30.71228    3.5-     0.00389     0.00000     0.00389    Preeq 
  6   1.39508  30.66332    4.5-     0.00564     0.00000     0.00564    Preeq 
  7   1.44750  30.61090    5.5-     0.00897     0.00000     0.00897    Preeq 
  8   1.55640  30.50200    6.5+     0.02061     0.00000     0.02061    Preeq 
  9   1.81820  30.24020    2.5+     0.01617     0.00000     0.01617    Preeq 
 10   1.84730  30.21110    4.5+     0.00162     0.00000     0.00162    Preeq 
                                  ---------   ---------   ---------
 Discrete    (n,a)  :               0.09010     0.00000     0.09010
 Continuum   (n,a)  :               5.73504     0.66273     6.39777
                                  ---------   ---------   ---------
 Total       (n,a)  :               5.82514     0.66273     6.48787

 (n,ga) cross section:     0.00008

 Exclusive

 Discrete    (n,a)  :     0.09010
 Continuum   (n,a)  :     2.21473
 Total       (n,a)  :     2.30483

 6. Exclusive cross sections

 6a. Total exclusive cross sections 

     Emitted particles     cross section reaction         level    isomeric    isomeric    lifetime relative yield
    n   p   d   t   h   a                                        cross section   ratio
    0   0   0   0   0   0    2.63274E-01  (n,g)                                                     1.06196E-04
    1   0   0   0   0   0    1.58817E+02  (n,n')                                                    6.40614E-02
    0   1   0   0   0   0    1.21626E+01  (n,p)                                                     4.90599E-03
    0   0   1   0   0   0    9.42799E+00  (n,d)                                                     3.80294E-03
                                                             0     5.06114E+00  0.53682
                                                             2     4.36685E+00  0.46318   1.33000E+00 sec. 
    0   0   0   1   0   0    3.80633E+00  (n,t)                                                     1.53535E-03
                                                             0     2.59939E+00  0.68291
                                                            45     1.20694E+00  0.31709   2.24400E+02 sec. 
    0   0   0   0   1   0    1.52535E-06  (n,h)                                                     6.15273E-10
    0   0   0   0   0   1    2.30483E+00  (n,a)                                                     9.29692E-04
    2   0   0   0   0   0    4.24504E+02  (n,2n)                                                    1.71231E-01
    1   1   0   0   0   0    2.76992E+01  (n,np)                                                    1.11729E-02
                                                             0     1.28848E+01  0.46517
                                                             2     1.48144E+01  0.53483   1.33000E+00 sec. 
    1   0   1   0   0   0    8.13904E-01  (n,nd)                                                    3.28302E-04
                                                             0     7.48476E-01  0.91961
                                                            45     6.54280E-02  0.08039   2.24400E+02 sec. 
    1   0   0   1   0   0    7.12534E-01  (n,nt)                                                    2.87412E-04
    1   0   0   0   0   1    4.06712E+00  (n,na)                                                    1.64054E-03
    0   0   0   0   0   2    1.00000E-07  (n,2a)                                                    4.03367E-11
    3   0   0   0   0   0    1.69664E+03  (n,3n)                                                    6.84369E-01
    2   1   0   0   0   0    7.85988E-01  (n,2np)                                                   3.17041E-04
                                                             0     7.41643E-01  0.94358
                                                            45     4.43456E-02  0.05642   2.24400E+02 sec. 
    2   0   1   0   0   0    2.58198E-05  (n,2nd)                                                   1.04148E-08
    2   0   0   0   0   1    1.54124E-01  (n,2na)                                                   6.21684E-05
    1   0   0   0   0   2    1.00000E-07  (n,n2a)                                                   4.03367E-11
    0   0   0   0   0   3    1.00000E-07  (n,3a)                                                    4.03367E-11
    4   0   0   0   0   0    1.36973E+02  (n,4n)                                                    5.52504E-02
    3   1   0   0   0   0    1.76407E-06  (n,3np)                                                   7.11566E-10
    3   0   0   0   0   1    5.39881E-07  (n,3na)                                                   2.17770E-10

 Absorption cross section                 :    27.96505

 Sum over exclusive channel cross sections:  2479.13501
 (n,gn) + (n,gp) +...(n,ga) cross sections:     3.25497
 Total                                    :  2482.38989
 Non-elastic cross section                :  2481.83008

 ########## RESULTS FOR E=  28.00000 ##########

 Energy dependent input flags

 Width fluctuations (flagwidth)            : n
 Unresolved resonance parameters (flagurr) : n
 Preequilibrium (flagpreeq)                : y
 Multiple preequilibrium (flagmulpre)      : y
 Number of continuum excitation energy bins: 40

 ########### REACTION SUMMARY FOR E=  28.00000 ###########

 Center-of-mass energy:   27.863

 1. Total (binary) cross sections

 Total           = 5.35221E+03
   Shape elastic   = 2.89123E+03
   Reaction        = 2.46098E+03
     Compound elastic= 1.01144E-07
     Non-elastic     = 2.46098E+03
       Direct          = 5.80674E+01
       Pre-equilibrium = 1.05079E+03
       Giant resonance = 3.23700E+01
       Compound non-el = 1.31975E+03
     Total elastic   = 2.89123E+03

 2. Binary non-elastic cross sections (non-exclusive)

 gamma   = 3.38258E+00
 neutron = 2.37814E+03
 proton  = 5.24913E+01
 deuteron= 1.34022E+01
 triton  = 6.04659E+00
 helium-3= 1.04246E-03
 alpha   = 7.52018E+00

 3. Total particle production cross sections

 gamma   = 4.67173E+03    Multiplicity= 1.89832E+00
 neutron = 7.04397E+03    Multiplicity= 2.86226E+00
 proton  = 5.44748E+01    Multiplicity= 2.21354E-02
 deuteron= 1.34026E+01    Multiplicity= 5.44604E-03
 triton  = 6.04715E+00    Multiplicity= 2.45721E-03
 helium-3= 1.04246E-03    Multiplicity= 4.23595E-07
 alpha   = 7.57494E+00    Multiplicity= 3.07802E-03

 4. Residual production cross sections

   a. Per isotope

   Z   A  nuclide    total     level   isomeric    isomeric    lifetime
                 cross section       cross section  ratio

   82 209 (209Pb) 2.24505E-01    0    2.24505E-01  1.00000
   82 208 (208Pb) 1.48429E+02    0    1.48429E+02  1.00000
   81 208 (208Tl) 1.23603E+01    0    1.23603E+01  1.00000
   82 207 (207Pb) 3.78395E+02    0    3.78395E+02  1.00000
   81 207 (207Tl) 5.04928E+01    0    2.40339E+01  0.47599
                                 2    2.64589E+01  0.52401   1.33000E+00 sec. 
   82 206 (206Pb) 1.32825E+03    0    1.32825E+03  1.00000
   81 206 (206Tl) 9.28215E+00    0    7.31787E+00  0.78838
                                45    1.96428E+00  0.21162   2.24400E+02 sec. 
   80 206 (206Hg) 1.03468E-03    0    1.03468E-03  1.00000
   82 205 (205Pb) 5.24788E+02    0    5.24788E+02  1.00000
   81 205 (205Tl) 1.79129E+00    0    1.79129E+00  1.00000
   80 205 (205Hg) 1.84113E+00    0    1.84113E+00  1.00000
   80 204 (204Hg) 5.00920E+00    0    5.00920E+00  1.00000
   80 203 (203Hg) 7.25568E-01    0    7.25568E-01  1.00000
   78 201 (201Pt) 1.00000E-07    0    4.34801E-10  0.00000
   78 200 (200Pt) 1.00000E-07    0    4.56997E-13  0.00000

   b. Per mass

   A  cross section

  209 2.24505E-01
  208 1.60790E+02
  207 4.28888E+02
  206 1.33753E+03
  205 5.28420E+02
  204 5.00920E+00
  203 7.25568E-01

 Total residual production cross section:  2461.5910645
 Non-elastic cross section              :  2460.9799805

 5. Binary reactions to discrete levels and continuum

   (n,g)   cross sections:

 Inclusive:

 Level Energy    E-out     J/P       Direct    Compound      Total     Origin

  0   0.00000  31.80024    4.5+     0.01650     0.00000     0.01650    Preeq 
  1   0.77889  31.02135    5.5+     0.03027     0.00000     0.03027    Preeq 
  2   1.42264  30.37760    7.5-     0.01685     0.00000     0.01685    Preeq 
  3   1.56709  30.23316    2.5+     0.01303     0.00000     0.01303    Preeq 
  4   2.03221  29.76803    0.5+     0.01254     0.00000     0.01254    Preeq 
  5   2.14943  29.65081    0.5-     0.00615     0.00000     0.00615    Preeq 
  6   2.31593  29.48431    1.5-     0.00595     0.00000     0.00595    Preeq 
  7   2.42400  29.37624    3.5-     0.00315     0.00000     0.00315    Preeq 
  8   2.46100  29.33924    2.5-     0.00145     0.00000     0.00145    Preeq 
  9   2.49100  29.30924    3.5+     0.00139     0.00000     0.00139    Preeq 
 10   2.52493  29.27531    1.5-     0.00074     0.00000     0.00074    Preeq 
                                  ---------   ---------   ---------
 Discrete    (n,g)  :               0.10800     0.00000     0.10800
 Continuum   (n,g)  :               2.57693     0.69765     3.27458
                                  ---------   ---------   ---------
 Total       (n,g)  :               2.68494     0.69765     3.38258


 Exclusive

 Discrete    (n,g)  :     0.10800
 Continuum   (n,g)  :     0.11650
 Total       (n,g)  :     0.22450

 Inelastic cross sections:

 Inclusive:

 Level Energy    E-out     J/P       Direct    Compound      Total     Origin

  1   2.61452  25.24834    3.0-    32.77620     0.00000    32.77620    Direct
  2   3.19771  24.66515    5.0-     6.87671     0.00000     6.87671    Direct
  3   3.47508  24.38778    4.0-     0.00000     0.00000     0.00000    Preeq 
  4   3.70845  24.15441    5.0-     1.91772     0.00000     1.91772    Direct
  5   3.91997  23.94290    6.0-     0.00000     0.00000     0.00000    Preeq 
  6   3.94658  23.91629    4.0-     0.00000     0.00000     0.00000    Preeq 
  7   3.96116  23.90170    5.0-     0.53413     0.00000     0.53413    Direct
  8   3.99544  23.86743    4.0-     0.00000     0.00000     0.00000    Preeq 
  9   4.03744  23.82542    7.0-     1.86770     0.00000     1.86770    Direct
 10   4.05113  23.81173    3.0-     0.87616     0.00000     0.87616    Direct
 11   4.08552  23.77734    2.0+     0.40391     0.00000     0.40391    Direct
 12   4.12535  23.73752    5.0-     5.52235     0.00000     5.52235    Direct
 13   4.14400  23.71886    1.0+     0.00000     0.00000     0.00000    Preeq 
 14   4.18041  23.68245    5.0-     0.65570     0.00000     0.65570    Direct
 15   4.20628  23.65659    6.0-     0.00000     0.00000     0.00000    Preeq 
                                  ---------   ---------   ---------
 Discrete  Inelastic:              51.43056     0.00000    51.43056
 Continuum Inelastic:            1009.39935  1317.30383  2326.70312
                                  ---------   ---------   ---------
 Total     Inelastic:            1060.82996  1317.30383  2378.13550

 (n,gn) cross section:     3.21731

 Exclusive

 Discrete  Inelastic:    51.43056
 Continuum Inelastic:    96.32465
 Total     Inelastic:   147.75522

   (n,p)   cross sections:

 Inclusive:

 Level Energy    E-out     J/P       Direct    Compound      Total     Origin

  0   0.00000  23.64682    5.0+     0.01399     0.00000     0.01399    Preeq 
  1   0.03986  23.60696    4.0+     0.11511     0.00000     0.11511    Preeq 
  2   0.32804  23.31878    5.0+     0.15214     0.00000     0.15214    Preeq 
  3   0.47340  23.17342    4.0+     0.05783     0.00000     0.05783    Preeq 
  4   0.49284  23.15398    3.0+     0.05039     0.00000     0.05039    Preeq 
  5   0.61700  23.02982    6.0+     0.04476     0.00000     0.04476    Preeq 
  6   0.62040  23.02642    6.0+     0.05387     0.00000     0.05387    Preeq 
  7   0.69800  22.94882    2.0+     0.13672     0.00000     0.13672    Preeq 
  8   0.76000  22.88682    4.0+     0.08912     0.00000     0.08912    Preeq 
  9   0.78900  22.85782    1.0-     0.03917     0.00000     0.03917    Preeq 
 10   0.80000  22.84682    1.0-     0.01077     0.00000     0.01077    Preeq 
                                  ---------   ---------   ---------
 Discrete    (n,p)  :               0.76387     0.00000     0.76387
 Continuum   (n,p)  :              51.00413     0.72335    51.72748
                                  ---------   ---------   ---------
 Total       (n,p)  :              51.76800     0.72335    52.49135

 (n,gp) cross section:     0.00012

 Exclusive

 Discrete    (n,p)  :     0.76387
 Continuum   (n,p)  :    11.59642
 Total       (n,p)  :    12.36029

   (n,d)   cross sections:

 Inclusive:

 Level Energy    E-out     J/P       Direct    Compound      Total     Origin

  0   0.00000  22.08438    0.5+     0.20413     0.00000     0.20413    Preeq 
  1   0.35106  21.73332    1.5+     1.28943     0.00000     1.28943    Preeq 
  2   1.34818  20.73620    5.5-     1.21791     0.00000     1.21791    Preeq 
  3   1.68258  20.40181    2.5+     1.13298     0.00000     1.13298    Preeq 
  4   2.67569  19.40870    2.5+     0.83658     0.00000     0.83658    Preeq 
  5   2.70892  19.37547    2.5-     0.02646     0.00000     0.02646    Preeq 
                                  ---------   ---------   ---------
 Discrete    (n,d)  :               4.70748     0.00000     4.70748
 Continuum   (n,d)  :               8.67669     0.01802     8.69471
                                  ---------   ---------   ---------
 Total       (n,d)  :              13.38417     0.01802    13.40219

 (n,gd) cross section:     0.00000

 Exclusive

 Discrete    (n,d)  :     4.70748
 Continuum   (n,d)  :     6.71866
 Total       (n,d)  :    11.42614

   (n,t)   cross sections:

 Inclusive:

 Level Energy    E-out     J/P       Direct    Compound      Total     Origin

  0   0.00000  21.48917    0.0-     0.01965     0.00000     0.01965    Preeq 
  1   0.26583  21.22333    2.0-     0.02253     0.00000     0.02253    Preeq 
  2   0.30490  21.18427    1.0-     0.02729     0.00000     0.02729    Preeq 
  3   0.63502  20.85415    2.0-     0.04241     0.00000     0.04241    Preeq 
  4   0.64942  20.83975    1.0-     0.38793     0.00000     0.38793    Preeq 
  5   2.64310  18.84607   12.0-     0.49507     0.00000     0.49507    Preeq 
                                  ---------   ---------   ---------
 Discrete    (n,t)  :               0.99488     0.00000     0.99488
 Continuum   (n,t)  :               5.04318     0.00853     5.05171
                                  ---------   ---------   ---------
 Total       (n,t)  :               6.03806     0.00853     6.04659

 (n,gt) cross section:     0.00000

 Exclusive

 Discrete    (n,t)  :     0.99488
 Continuum   (n,t)  :     3.26393
 Total       (n,t)  :     4.25881

   (n,h)   cross sections:

 Inclusive:

 Level Energy    E-out     J/P       Direct    Compound      Total     Origin

  0   0.00000  20.20019    0.0+     0.00001     0.00000     0.00001    Preeq 
  1   1.06820  19.13199    2.0+     0.00001     0.00000     0.00001    Preeq 
  2   2.10240  18.09779    5.0-     0.00018     0.00000     0.00018    Preeq 
  3   2.46640  17.73379    7.0-     0.00035     0.00000     0.00035    Preeq 
  4   3.62340  16.57679    8.0+     0.00021     0.00000     0.00021    Preeq 
  5   3.62500  16.57519    0.0+     0.00000     0.00000     0.00000    Preeq 
                                  ---------   ---------   ---------
 Discrete    (n,h)  :               0.00075     0.00000     0.00075
 Continuum   (n,h)  :               0.00029     0.00000     0.00029
                                  ---------   ---------   ---------
 Total       (n,h)  :               0.00104     0.00000     0.00104

 (n,gh) cross section:     0.00000

 Exclusive

 Discrete    (n,h)  :     0.00075
 Continuum   (n,h)  :     0.00029
 Total       (n,h)  :     0.00103

   (n,a)   cross sections:

 Inclusive:

 Level Energy    E-out     J/P       Direct    Compound      Total     Origin

  0   0.00000  34.04847    0.5-     0.00044     0.00000     0.00044    Preeq 
  1   0.37946  33.66901    2.5-     0.00110     0.00000     0.00110    Preeq 
  2   0.46751  33.58096    1.5-     0.00211     0.00000     0.00211    Preeq 
  3   1.28070  32.76777    3.5+     0.01718     0.00000     0.01718    Preeq 
  4   1.32520  32.72327    4.5+     0.00247     0.00000     0.00247    Preeq 
  5   1.34612  32.70235    3.5-     0.00264     0.00000     0.00264    Preeq 
  6   1.39508  32.65339    4.5-     0.00382     0.00000     0.00382    Preeq 
  7   1.44750  32.60098    5.5-     0.00608     0.00000     0.00608    Preeq 
  8   1.55640  32.49207    6.5+     0.01398     0.00000     0.01398    Preeq 
  9   1.81820  32.23027    2.5+     0.01097     0.00000     0.01097    Preeq 
 10   1.84730  32.20117    4.5+     0.00110     0.00000     0.00110    Preeq 
                                  ---------   ---------   ---------
 Discrete    (n,a)  :               0.06188     0.00000     0.06188
 Continuum   (n,a)  :               6.45882     0.99947     7.45829
                                  ---------   ---------   ---------
 Total       (n,a)  :               6.52070     0.99947     7.52018

 (n,ga) cross section:     0.00012

 Exclusive

 Discrete    (n,a)  :     0.06188
 Continuum   (n,a)  :     1.77922
 Total       (n,a)  :     1.84111

 6. Exclusive cross sections

 6a. Total exclusive cross sections 

     Emitted particles     cross section reaction         level    isomeric    isomeric    lifetime relative yield
    n   p   d   t   h   a                                        cross section   ratio
    0   0   0   0   0   0    2.24505E-01  (n,g)                                                     9.13225E-05
    1   0   0   0   0   0    1.47755E+02  (n,n')                                                    6.01028E-02
    0   1   0   0   0   0    1.23603E+01  (n,p)                                                     5.02783E-03
    0   0   1   0   0   0    1.14261E+01  (n,d)                                                     4.64785E-03
                                                             0     6.36141E+00  0.55674
                                                             2     5.06473E+00  0.44326   1.33000E+00 sec. 
    0   0   0   1   0   0    4.25881E+00  (n,t)                                                     1.73237E-03
                                                             0     2.87149E+00  0.67425
                                                            45     1.38732E+00  0.32575   2.24400E+02 sec. 
    0   0   0   0   1   0    1.03465E-03  (n,h)                                                     4.20869E-07
    0   0   0   0   0   1    1.84111E+00  (n,a)                                                     7.48913E-04
    2   0   0   0   0   0    3.76485E+02  (n,2n)                                                    1.53144E-01
    1   1   0   0   0   0    3.90659E+01  (n,np)                                                    1.58909E-02
                                                             0     1.76721E+01  0.45237
                                                             2     2.13937E+01  0.54763   1.33000E+00 sec. 
    1   0   1   0   0   0    1.97481E+00  (n,nd)                                                    8.03300E-04
                                                             0     1.69896E+00  0.86032
                                                            45     2.75850E-01  0.13968   2.24400E+02 sec. 
    1   0   0   1   0   0    1.78830E+00  (n,nt)                                                    7.27432E-04
    1   0   0   0   0   1    5.00911E+00  (n,na)                                                    2.03757E-03
    0   0   0   0   0   2    1.00000E-07  (n,2a)                                                    4.06773E-11
    3   0   0   0   0   0    1.32763E+03  (n,3n)                                                    5.40043E-01
    2   1   0   0   0   0    3.04851E+00  (n,2np)                                                   1.24005E-03
                                                             0     2.74740E+00  0.90123
                                                            45     3.01112E-01  0.09877   2.24400E+02 sec. 
    2   0   1   0   0   0    2.10691E-03  (n,2nd)                                                   8.57035E-07
    2   0   0   1   0   0    1.21298E-05  (n,2nt)                                                   4.93406E-09
    2   0   0   0   0   1    7.25561E-01  (n,2na)                                                   2.95139E-04
    1   0   0   0   0   2    1.00000E-07  (n,n2a)                                                   4.06773E-11
    0   0   0   0   0   3    1.00000E-07  (n,3a)                                                    4.06773E-11
    4   0   0   0   0   0    5.24779E+02  (n,4n)                                                    2.13466E-01
    3   1   0   0   0   0    8.85794E-04  (n,3np)                                                   3.60317E-07
    3   0   0   0   0   1    3.89107E-05  (n,3na)                                                   1.58278E-08

 Absorption cross section                 :    30.11189

 Sum over exclusive channel cross sections:  2458.37354
 (n,gn) + (n,gp) +...(n,ga) cross sections:     3.21756
 Total                                    :  2461.59106
 Non-elastic cross section                :  2460.97998

 ########## RESULTS FOR E=  30.00000 ##########

 Energy dependent input flags

 Width fluctuations (flagwidth)            : n
 Unresolved resonance parameters (flagurr) : n
 Preequilibrium (flagpreeq)                : y
 Multiple preequilibrium (flagmulpre)      : y
 Number of continuum excitation energy bins: 40

 ########### REACTION SUMMARY FOR E=  30.00000 ###########

 Center-of-mass energy:   29.853

 1. Total (binary) cross sections

 Total           = 5.15385E+03
   Shape elastic   = 2.70411E+03
   Reaction        = 2.44974E+03
     Compound elastic= 1.00174E-07
     Non-elastic     = 2.44974E+03
       Direct          = 5.54325E+01
       Pre-equilibrium = 1.10002E+03
       Giant resonance = 3.20078E+01
       Compound non-el = 1.26228E+03
     Total elastic   = 2.70411E+03

 2. Binary non-elastic cross sections (non-exclusive)

 gamma   = 3.30947E+00
 neutron = 2.34821E+03
 proton  = 6.63107E+01
 deuteron= 1.57947E+01
 triton  = 7.50605E+00
 helium-3= 9.18335E-03
 alpha   = 8.59775E+00

 3. Total particle production cross sections

 gamma   = 4.35203E+03    Multiplicity= 1.77653E+00
 neutron = 7.46898E+03    Multiplicity= 3.04889E+00
 proton  = 6.97680E+01    Multiplicity= 2.84798E-02
 deuteron= 1.57954E+01    Multiplicity= 6.44780E-03
 triton  = 7.50701E+00    Multiplicity= 3.06441E-03
 helium-3= 9.18335E-03    Multiplicity= 3.74871E-06
 alpha   = 8.67928E+00    Multiplicity= 3.54294E-03

 4. Residual production cross sections

   a. Per isotope

   Z   A  nuclide    total     level   isomeric    isomeric    lifetime
                 cross section       cross section  ratio

   82 209 (209Pb) 2.01499E-01    0    2.01499E-01  1.00000
   82 208 (208Pb) 1.35229E+02    0    1.35229E+02  1.00000
   81 208 (208Tl) 1.21026E+01    0    1.21026E+01  1.00000
   82 207 (207Pb) 3.46782E+02    0    3.46782E+02  1.00000
   81 207 (207Tl) 6.09730E+01    0    2.92825E+01  0.48025
                                 2    3.16905E+01  0.51975   1.33000E+00 sec. 
   82 206 (206Pb) 9.06479E+02    0    9.06479E+02  1.00000
   81 206 (206Tl) 1.67722E+01    0    1.30672E+01  0.77910
                                45    3.70500E+00  0.22090   2.24400E+02 sec. 
   80 206 (206Hg) 9.12229E-03    0    9.12229E-03  1.00000
   82 205 (205Pb) 9.59621E+02    0    9.59621E+02  1.00000
   81 205 (205Tl) 3.22204E+00    0    3.22204E+00  1.00000
   80 205 (205Hg) 1.47316E+00    0    1.47316E+00  1.00000
   82 204 (204Pb) 7.60509E-03    0    7.60509E-03  1.00000
                                21    0.00000E+00  0.00000   4.01600E+03 sec. 
   81 204 (204Tl) 5.65190E-03    0    5.65190E-03  1.00000
   80 204 (204Hg) 5.31685E+00    0    5.31685E+00  1.00000
   80 203 (203Hg) 1.88301E+00    0    1.88301E+00  1.00000
   80 202 (202Hg) 7.71393E-03    0    7.71393E-03  1.00000
   78 201 (201Pt) 1.00000E-07    0    1.66462E-09  0.00000
   78 200 (200Pt) 1.00000E-07    0    8.78625E-12  0.00000

   b. Per mass

   A  cross section

  209 2.01499E-01
  208 1.47331E+02
  207 4.07755E+02
  206 9.23261E+02
  205 9.64316E+02
  204 5.33011E+00
  203 1.88301E+00
  202 7.71393E-03

 Total residual production cross section:  2450.0856934
 Non-elastic cross section              :  2449.7399902

 5. Binary reactions to discrete levels and continuum

   (n,g)   cross sections:

 Inclusive:

 Level Energy    E-out     J/P       Direct    Compound      Total     Origin

  0   0.00000  33.79029    4.5+     0.01495     0.00000     0.01495    Preeq 
  1   0.77889  33.01141    5.5+     0.02752     0.00000     0.02752    Preeq 
  2   1.42264  32.36765    7.5-     0.01537     0.00000     0.01537    Preeq 
  3   1.56709  32.22321    2.5+     0.01196     0.00000     0.01196    Preeq 
  4   2.03221  31.75809    0.5+     0.01150     0.00000     0.01150    Preeq 
  5   2.14943  31.64087    0.5-     0.00560     0.00000     0.00560    Preeq 
  6   2.31593  31.47437    1.5-     0.00542     0.00000     0.00542    Preeq 
  7   2.42400  31.36629    3.5-     0.00287     0.00000     0.00287    Preeq 
  8   2.46100  31.32929    2.5-     0.00132     0.00000     0.00132    Preeq 
  9   2.49100  31.29930    3.5+     0.00126     0.00000     0.00126    Preeq 
 10   2.52493  31.26537    1.5-     0.00067     0.00000     0.00067    Preeq 
                                  ---------   ---------   ---------
 Discrete    (n,g)  :               0.09846     0.00000     0.09846
 Continuum   (n,g)  :               2.59313     0.61788     3.21102
                                  ---------   ---------   ---------
 Total       (n,g)  :               2.69159     0.61788     3.30947


 Exclusive

 Discrete    (n,g)  :     0.09846
 Continuum   (n,g)  :     0.10304
 Total       (n,g)  :     0.20150

 Inelastic cross sections:

 Inclusive:

 Level Energy    E-out     J/P       Direct    Compound      Total     Origin

  1   2.61452  27.23840    3.0-    31.26020     0.00000    31.26020    Direct
  2   3.19771  26.65520    5.0-     6.47143     0.00000     6.47143    Direct
  3   3.47508  26.37784    4.0-     0.00000     0.00000     0.00000    Preeq 
  4   3.70845  26.14447    5.0-     1.80741     0.00000     1.80741    Direct
  5   3.91997  25.93295    6.0-     0.00000     0.00000     0.00000    Preeq 
  6   3.94658  25.90634    4.0-     0.00000     0.00000     0.00000    Preeq 
  7   3.96116  25.89175    5.0-     0.50389     0.00000     0.50389    Direct
  8   3.99544  25.85748    4.0-     0.00000     0.00000     0.00000    Preeq 
  9   4.03744  25.81547    7.0-     1.76993     0.00000     1.76993    Direct
 10   4.05113  25.80178    3.0-     0.83596     0.00000     0.83596    Direct
 11   4.08552  25.76740    2.0+     0.37912     0.00000     0.37912    Direct
 12   4.12535  25.72757    5.0-     5.21350     0.00000     5.21350    Direct
 13   4.14400  25.70892    1.0+     0.00000     0.00000     0.00000    Preeq 
 14   4.18041  25.67250    5.0-     0.61918     0.00000     0.61918    Direct
 15   4.20628  25.64664    6.0-     0.00000     0.00000     0.00000    Preeq 
                                  ---------   ---------   ---------
 Discrete  Inelastic:              48.86063     0.00000    48.86063
 Continuum Inelastic:            1040.24829  1259.10120  2299.34961
                                  ---------   ---------   ---------
 Total     Inelastic:            1089.10889  1259.10120  2348.21191

 (n,gn) cross section:     3.16225

 Exclusive

 Discrete  Inelastic:    48.86063
 Continuum Inelastic:    85.85820
 Total     Inelastic:   134.71883

   (n,p)   cross sections:

 Inclusive:

 Level Energy    E-out     J/P       Direct    Compound      Total     Origin

  0   0.00000  25.63687    5.0+     0.01282     0.00000     0.01282    Preeq 
  1   0.03986  25.59701    4.0+     0.10551     0.00000     0.10551    Preeq 
  2   0.32804  25.30883    5.0+     0.13944     0.00000     0.13944    Preeq 
  3   0.47340  25.16347    4.0+     0.05301     0.00000     0.05301    Preeq 
  4   0.49284  25.14403    3.0+     0.04619     0.00000     0.04619    Preeq 
  5   0.61700  25.01987    6.0+     0.04103     0.00000     0.04103    Preeq 
  6   0.62040  25.01647    6.0+     0.05030     0.00000     0.05030    Preeq 
  7   0.69800  24.93887    2.0+     0.12849     0.00000     0.12849    Preeq 
  8   0.76000  24.87687    4.0+     0.08376     0.00000     0.08376    Preeq 
  9   0.78900  24.84787    1.0-     0.03681     0.00000     0.03681    Preeq 
 10   0.80000  24.83687    1.0-     0.01013     0.00000     0.01013    Preeq 
                                  ---------   ---------   ---------
 Discrete    (n,p)  :               0.70749     0.00000     0.70749
 Continuum   (n,p)  :              64.55599     1.04720    65.60319
                                  ---------   ---------   ---------
 Total       (n,p)  :              65.26348     1.04720    66.31068

 (n,gp) cross section:     0.00018

 Exclusive

 Discrete    (n,p)  :     0.70749
 Continuum   (n,p)  :    11.39510
 Total       (n,p)  :    12.10259

   (n,d)   cross sections:

 Inclusive:

 Level Energy    E-out     J/P       Direct    Compound      Total     Origin

  0   0.00000  24.07444    0.5+     0.20095     0.00000     0.20095    Preeq 
  1   0.35106  23.72338    1.5+     1.28056     0.00000     1.28056    Preeq 
  2   1.34818  22.72626    5.5-     1.21880     0.00000     1.21880    Preeq 
  3   1.68258  22.39186    2.5+     1.12810     0.00000     1.12810    Preeq 
  4   2.67569  21.39875    2.5+     0.84030     0.00000     0.84030    Preeq 
  5   2.70892  21.36552    2.5-     0.02721     0.00000     0.02721    Preeq 
                                  ---------   ---------   ---------
 Discrete    (n,d)  :               4.69592     0.00000     4.69592
 Continuum   (n,d)  :              11.06837     0.03040    11.09876
                                  ---------   ---------   ---------
 Total       (n,d)  :              15.76429     0.03040    15.79468

 (n,gd) cross section:     0.00000

 Exclusive

 Discrete    (n,d)  :     4.69592
 Continuum   (n,d)  :     7.29966
 Total       (n,d)  :    11.99559

   (n,t)   cross sections:

 Inclusive:

 Level Energy    E-out     J/P       Direct    Compound      Total     Origin

  0   0.00000  23.47922    0.0-     0.01752     0.00000     0.01752    Preeq 
  1   0.26583  23.21339    2.0-     0.02010     0.00000     0.02010    Preeq 
  2   0.30490  23.17432    1.0-     0.02433     0.00000     0.02433    Preeq 
  3   0.63502  22.84420    2.0-     0.03848     0.00000     0.03848    Preeq 
  4   0.64942  22.82980    1.0-     0.39307     0.00000     0.39307    Preeq 
  5   2.64310  20.83612   12.0-     0.52806     0.00000     0.52806    Preeq 
                                  ---------   ---------   ---------
 Discrete    (n,t)  :               1.02156     0.00000     1.02156
 Continuum   (n,t)  :               6.47167     0.01282     6.48449
                                  ---------   ---------   ---------
 Total       (n,t)  :               7.49322     0.01282     7.50605

 (n,gt) cross section:     0.00000

 Exclusive

 Discrete    (n,t)  :     1.02156
 Continuum   (n,t)  :     3.33208
 Total       (n,t)  :     4.35364

   (n,h)   cross sections:

 Inclusive:

 Level Energy    E-out     J/P       Direct    Compound      Total     Origin

  0   0.00000  22.19025    0.0+     0.00002     0.00000     0.00002    Preeq 
  1   1.06820  21.12205    2.0+     0.00094     0.00000     0.00094    Preeq 
  2   2.10240  20.08785    5.0-     0.00164     0.00000     0.00164    Preeq 
  3   2.46640  19.72385    7.0-     0.00218     0.00000     0.00218    Preeq 
  4   3.62340  18.56685    8.0+     0.00150     0.00000     0.00150    Preeq 
  5   3.62500  18.56525    0.0+     0.00000     0.00000     0.00000    Preeq 
                                  ---------   ---------   ---------
 Discrete    (n,h)  :               0.00628     0.00000     0.00628
 Continuum   (n,h)  :               0.00290     0.00000     0.00290
                                  ---------   ---------   ---------
 Total       (n,h)  :               0.00918     0.00000     0.00918

 (n,gh) cross section:     0.00000

 Exclusive

 Discrete    (n,h)  :     0.00628
 Continuum   (n,h)  :     0.00284
 Total       (n,h)  :     0.00912

   (n,a)   cross sections:

 Inclusive:

 Level Energy    E-out     J/P       Direct    Compound      Total     Origin

  0   0.00000  36.03853    0.5-     0.00036     0.00000     0.00036    Preeq 
  1   0.37946  35.65907    2.5-     0.00088     0.00000     0.00088    Preeq 
  2   0.46751  35.57102    1.5-     0.00170     0.00000     0.00170    Preeq 
  3   1.28070  34.75783    3.5+     0.01167     0.00000     0.01167    Preeq 
  4   1.32520  34.71333    4.5+     0.00166     0.00000     0.00166    Preeq 
  5   1.34612  34.69241    3.5-     0.00177     0.00000     0.00177    Preeq 
  6   1.39508  34.64345    4.5-     0.00257     0.00000     0.00257    Preeq 
  7   1.44750  34.59103    5.5-     0.00409     0.00000     0.00409    Preeq 
  8   1.55640  34.48213    6.5+     0.00939     0.00000     0.00939    Preeq 
  9   1.81820  34.22033    2.5+     0.00737     0.00000     0.00737    Preeq 
 10   1.84730  34.19123    4.5+     0.00074     0.00000     0.00074    Preeq 
                                  ---------   ---------   ---------
 Discrete    (n,a)  :               0.04219     0.00000     0.04219
 Continuum   (n,a)  :               7.08940     1.46616     8.55556
                                  ---------   ---------   ---------
 Total       (n,a)  :               7.13159     1.46616     8.59775

 (n,ga) cross section:     0.00018

 Exclusive

 Discrete    (n,a)  :     0.04219
 Continuum   (n,a)  :     1.43088
 Total       (n,a)  :     1.47307

 6. Exclusive cross sections

 6a. Total exclusive cross sections 

     Emitted particles     cross section reaction         level    isomeric    isomeric    lifetime relative yield
    n   p   d   t   h   a                                        cross section   ratio
    0   0   0   0   0   0    2.01499E-01  (n,g)                                                     8.23481E-05
    1   0   0   0   0   0    1.34719E+02  (n,n')                                                    5.50566E-02
    0   1   0   0   0   0    1.21026E+01  (n,p)                                                     4.94606E-03
    0   0   1   0   0   0    1.19956E+01  (n,d)                                                     4.90233E-03
                                                             0     6.64788E+00  0.55419
                                                             2     5.34771E+00  0.44581   1.33000E+00 sec. 
    0   0   0   1   0   0    4.35364E+00  (n,t)                                                     1.77924E-03
                                                             0     2.82607E+00  0.64913
                                                            45     1.52757E+00  0.35087   2.24400E+02 sec. 
    0   0   0   0   1   0    9.12208E-03  (n,h)                                                     3.72799E-06
    0   0   0   0   0   1    1.47307E+00  (n,a)                                                     6.02011E-04
    2   0   0   0   0   0    3.44997E+02  (n,2n)                                                    1.40992E-01
    1   1   0   0   0   0    4.89756E+01  (n,np)                                                    2.00152E-02
                                                             0     2.26339E+01  0.46215
                                                             2     2.63417E+01  0.53785   1.33000E+00 sec. 
    0   2   0   0   0   0    1.75161E-07  (n,2p)                                                    7.15843E-11
    1   0   1   0   0   0    3.75892E+00  (n,nd)                                                    1.53619E-03
                                                             0     2.99100E+00  0.79571
                                                            45     7.67915E-01  0.20429   2.24400E+02 sec. 
    0   1   1   0   0   0    1.15054E-07  (n,pd)                                                    4.70202E-11
    1   0   0   1   0   0    3.14776E+00  (n,nt)                                                    1.28642E-03
    1   0   0   0   1   0    5.88076E-05  (n,nh)                                                    2.40334E-08
    1   0   0   0   0   1    5.31672E+00  (n,na)                                                    2.17282E-03
    0   0   0   0   0   2    1.00000E-07  (n,2a)                                                    4.08678E-11
    3   0   0   0   0   0    9.05651E+02  (n,3n)                                                    3.70119E-01
    2   1   0   0   0   0    8.65956E+00  (n,2np)                                                   3.53897E-03
                                                             0     7.25005E+00  0.83723
                                                            45     1.40951E+00  0.16277   2.24400E+02 sec. 
    1   2   0   0   0   0    1.01942E-07  (n,n2p)                                                   4.16614E-11
    2   0   1   0   0   0    4.15667E-02  (n,2nd)                                                   1.69874E-05
    2   0   0   1   0   0    5.65190E-03  (n,2nt)                                                   2.30980E-06
    2   0   0   0   0   1    1.88298E+00  (n,2na)                                                   7.69534E-04
    1   0   0   0   0   2    1.00000E-07  (n,n2a)                                                   4.08678E-11
    0   0   0   0   0   3    1.00000E-07  (n,3a)                                                    4.08678E-11
    4   0   0   0   0   0    9.59585E+02  (n,4n)                                                    3.92161E-01
    3   1   0   0   0   0    3.27135E-02  (n,3np)                                                   1.33693E-05
    3   0   0   0   0   1    7.71392E-03  (n,3na)                                                   3.15251E-06

 Absorption cross section                 :    30.13551

 Sum over exclusive channel cross sections:  2446.91577
 (n,gn) + (n,gp) +...(n,ga) cross sections:     3.16261
 Total                                    :  2450.07837
 Non-elastic cross section                :  2449.73999

 ########## EXCITATION FUNCTIONS ###########

 1. Total (binary) cross sections

   Energy    Non-elastic  Elastic     Total    Comp. el.  Shape el.  Reaction   Comp non-el  Direct   Pre-equil.

  1.00000E+00 1.21716E+00 4.83600E+03 4.83722E+03 1.72640E+03 3.10960E+03 1.72762E+03 1.21716E+00 0.00000E+00 0.0
  1.20000E+00 1.41492E+00 4.78040E+03 4.78181E+03 1.81865E+03 2.96175E+03 1.82006E+03 1.41492E+00 0.00000E+00 0.0
  1.40000E+00 1.64612E+00 4.93961E+03 4.94126E+03 1.94755E+03 2.99206E+03 1.94920E+03 1.64612E+00 0.00000E+00 0.0
  1.60000E+00 1.90918E+00 5.24503E+03 5.24694E+03 2.10274E+03 3.14229E+03 2.10465E+03 1.90918E+00 0.00000E+00 0.0
  1.80000E+00 2.22241E+00 5.63312E+03 5.63534E+03 2.26395E+03 3.36917E+03 2.26617E+03 2.22241E+00 0.00000E+00 0.0
  2.00000E+00 2.59521E+00 6.04478E+03 6.04738E+03 2.40940E+03 3.63538E+03 2.41200E+03 2.59521E+00 0.00000E+00 0.0
  2.20000E+00 3.04663E+00 6.43308E+03 6.43614E+03 2.52461E+03 3.90847E+03 2.52766E+03 3.04663E+00 0.00000E+00 0.0
  2.40000E+00 3.60083E+00 6.76905E+03 6.77265E+03 2.60568E+03 4.16337E+03 2.60928E+03 3.60083E+00 0.00000E+00 0.0
  2.60000E+00 4.28638E+00 7.04060E+03 7.04489E+03 2.65650E+03 4.38410E+03 2.66079E+03 4.28638E+00 0.00000E+00 0.0
  2.80000E+00 3.19788E+02 6.93247E+03 7.25226E+03 2.36954E+03 4.56293E+03 2.68933E+03 3.03126E+02 1.66622E+01 0.0
  3.00000E+00 5.17288E+02 6.88304E+03 7.40034E+03 2.18499E+03 4.69805E+03 2.70228E+03 4.92914E+02 2.43739E+01 0.0
  3.20000E+00 6.66597E+02 6.83071E+03 7.49731E+03 2.03947E+03 4.79124E+03 2.70607E+03 6.36641E+02 2.99553E+01 0.0
  3.40000E+00 8.76167E+02 6.67579E+03 7.55196E+03 1.82967E+03 4.84612E+03 2.70584E+03 8.40853E+02 3.53139E+01 0.0
  3.60000E+00 1.07287E+03 6.49973E+03 7.57260E+03 1.63232E+03 4.86741E+03 2.70519E+03 1.03323E+03 3.96477E+01 0.0
  3.80000E+00 1.26172E+03 6.30422E+03 7.56594E+03 1.44437E+03 4.85985E+03 2.70609E+03 1.21849E+03 4.32260E+01 0.0
  4.00000E+00 1.44468E+03 6.09219E+03 7.53686E+03 1.26411E+03 4.82808E+03 2.70879E+03 1.39779E+03 4.68892E+01 0.0
  4.20000E+00 1.69339E+03 5.79503E+03 7.48842E+03 1.01875E+03 4.77628E+03 2.71214E+03 1.64293E+03 5.04656E+01 0.0
  4.40000E+00 1.93779E+03 5.48448E+03 7.42227E+03 7.76437E+02 4.70804E+03 2.71423E+03 1.88086E+03 5.60668E+01 5.6
  4.60000E+00 2.12524E+03 5.21419E+03 7.33943E+03 5.87864E+02 4.62633E+03 2.71310E+03 2.05994E+03 6.04803E+01 2.7
  4.80000E+00 2.26106E+03 4.97998E+03 7.24104E+03 4.46408E+02 4.53357E+03 2.70747E+03 2.18692E+03 6.42802E+01 6.2
  5.00000E+00 2.35674E+03 4.77213E+03 7.12887E+03 3.40292E+02 4.43184E+03 2.69703E+03 2.27251E+03 6.74707E+01 1.0
  5.50000E+00 2.48228E+03 4.32353E+03 6.80581E+03 1.73175E+02 4.15036E+03 2.65545E+03 2.36996E+03 7.36114E+01 2.6
  6.00000E+00 2.52205E+03 3.93888E+03 6.46093E+03 8.77455E+01 3.85113E+03 2.60980E+03 2.37720E+03 7.86324E+01 4.8
  6.50000E+00 2.53360E+03 3.60275E+03 6.13635E+03 4.52363E+01 3.55751E+03 2.57884E+03 2.35265E+03 8.33471E+01 7.4
  7.00000E+00 2.54559E+03 3.31199E+03 5.85758E+03 2.41583E+01 3.28783E+03 2.56975E+03 2.32561E+03 8.77667E+01 1.0
  7.50000E+00 2.57275E+03 3.06059E+03 5.63334E+03 6.33016E+00 3.05426E+03 2.57908E+03 2.31209E+03 9.15665E+01 1.4
  8.00000E+00 2.59340E+03 2.86596E+03 5.45936E+03 3.58299E+00 2.86238E+03 2.59698E+03 2.29349E+03 9.42538E+01 1.7
  8.50000E+00 2.61083E+03 2.71413E+03 5.32496E+03 2.04848E+00 2.71208E+03 2.61288E+03 2.27075E+03 9.55049E+01 2.1
  9.00000E+00 2.61918E+03 2.60076E+03 5.21994E+03 1.17041E+00 2.59959E+03 2.62035E+03 2.24353E+03 9.53909E+01 2.4
  9.50000E+00 2.61758E+03 2.52071E+03 5.13828E+03 6.63718E-01 2.52005E+03 2.61824E+03 2.20927E+03 9.42992E+01 2.8
  1.00000E+01 2.60862E+03 2.46924E+03 5.07786E+03 3.73224E-01 2.46887E+03 2.60899E+03 2.17018E+03 9.26887E+01 3.1
  1.10000E+01 2.58334E+03 2.43678E+03 5.02012E+03 1.15914E-01 2.43666E+03 2.58346E+03 2.08952E+03 8.92807E+01 3.7
  1.20000E+01 2.56621E+03 2.47723E+03 5.04344E+03 3.55702E-02 2.47719E+03 2.56625E+03 2.01844E+03 8.61695E+01 4.3
  1.30000E+01 2.56382E+03 2.56849E+03 5.13232E+03 1.08933E-02 2.56848E+03 2.56383E+03 1.96189E+03 8.31317E+01 4.8
  1.40000E+01 2.56843E+03 2.69000E+03 5.25844E+03 3.36449E-03 2.69000E+03 2.56843E+03 1.91377E+03 7.99836E+01 5.4
  1.50000E+01 2.56816E+03 2.82250E+03 5.39066E+03 1.05145E-03 2.82250E+03 2.56816E+03 1.86491E+03 7.68680E+01 5.9
  1.60000E+01 2.55774E+03 2.94988E+03 5.50762E+03 3.32128E-04 2.94988E+03 2.55774E+03 1.81141E+03 7.40927E+01 6.3
  1.70000E+01 2.54064E+03 3.06118E+03 5.60181E+03 1.05674E-04 3.06118E+03 2.54064E+03 1.74802E+03 7.19047E+01 6.8
  1.80000E+01 2.52382E+03 3.15057E+03 5.67439E+03 3.43103E-05 3.15057E+03 2.52382E+03 1.69478E+03 7.02985E+01 7.2
  1.90000E+01 2.51261E+03 3.21597E+03 5.72858E+03 1.13960E-05 3.21597E+03 2.51261E+03 1.64717E+03 6.90815E+01 7.6
  2.00000E+01 2.50858E+03 3.25737E+03 5.76595E+03 3.91013E-06 3.25737E+03 2.50858E+03 1.60595E+03 6.79837E+01 8.0
  2.20000E+01 2.51221E+03 3.27173E+03 5.78394E+03 5.61125E-07 3.27173E+03 2.51221E+03 1.53541E+03 6.56440E+01 8.7
  2.40000E+01 2.50530E+03 3.20261E+03 5.70791E+03 1.59410E-07 3.20261E+03 2.50530E+03 1.46397E+03 6.27949E+01 9.4
  2.60000E+01 2.48183E+03 3.06657E+03 5.54840E+03 1.08019E-07 3.06657E+03 2.48183E+03 1.38842E+03 6.01892E+01 1.0
  2.80000E+01 2.46098E+03 2.89123E+03 5.35221E+03 1.01144E-07 2.89123E+03 2.46098E+03 1.31975E+03 5.80674E+01 1.0
  3.00000E+01 2.44974E+03 2.70411E+03 5.15385E+03 1.00174E-07 2.70411E+03 2.44974E+03 1.26228E+03 5.54325E+01 1.1

 2. Binary non-elastic cross sections (non-exclusive)

   Energy     gamma      neutron    proton     deuteron   triton     helium-3   alpha   

  1.00000E+00 8.77996E-01 0.00000E+00 0.00000E+00 0.00000E+00 0.00000E+00 0.00000E+00 0.00000E+00                
  1.20000E+00 1.06844E+00 0.00000E+00 0.00000E+00 0.00000E+00 0.00000E+00 0.00000E+00 0.00000E+00                
  1.40000E+00 1.29075E+00 0.00000E+00 0.00000E+00 0.00000E+00 0.00000E+00 0.00000E+00 0.00000E+00                
  1.60000E+00 1.54997E+00 0.00000E+00 0.00000E+00 0.00000E+00 0.00000E+00 0.00000E+00 0.00000E+00                
  1.80000E+00 1.86655E+00 0.00000E+00 0.00000E+00 0.00000E+00 0.00000E+00 0.00000E+00 0.00000E+00                
  2.00000E+00 2.24943E+00 0.00000E+00 0.00000E+00 0.00000E+00 0.00000E+00 0.00000E+00 0.00000E+00                
  2.20000E+00 2.71404E+00 0.00000E+00 0.00000E+00 0.00000E+00 0.00000E+00 0.00000E+00 0.00000E+00                
  2.40000E+00 3.28246E+00 0.00000E+00 0.00000E+00 0.00000E+00 0.00000E+00 0.00000E+00 0.00000E+00                
  2.60000E+00 3.98200E+00 0.00000E+00 0.00000E+00 0.00000E+00 0.00000E+00 0.00000E+00 0.00000E+00                
  2.80000E+00 3.59254E+00 3.16140E+02 0.00000E+00 0.00000E+00 0.00000E+00 0.00000E+00 0.00000E+00                
  3.00000E+00 3.55692E+00 5.13703E+02 0.00000E+00 0.00000E+00 0.00000E+00 0.00000E+00 0.00000E+00                
  3.20000E+00 3.76380E+00 6.62818E+02 0.00000E+00 0.00000E+00 0.00000E+00 0.00000E+00 0.00000E+00                
  3.40000E+00 3.04699E+00 8.73114E+02 0.00000E+00 0.00000E+00 0.00000E+00 0.00000E+00 0.00000E+00                
  3.60000E+00 2.99700E+00 1.06987E+03 0.00000E+00 0.00000E+00 0.00000E+00 0.00000E+00 0.00000E+00                
  3.80000E+00 2.97960E+00 1.25874E+03 0.00000E+00 0.00000E+00 0.00000E+00 0.00000E+00 0.00000E+00                
  4.00000E+00 2.96835E+00 1.44171E+03 0.00000E+00 0.00000E+00 0.00000E+00 0.00000E+00 0.00000E+00                
  4.20000E+00 2.70980E+00 1.69068E+03 0.00000E+00 0.00000E+00 0.00000E+00 0.00000E+00 0.00000E+00                
  4.40000E+00 2.49143E+00 1.93531E+03 0.00000E+00 0.00000E+00 0.00000E+00 0.00000E+00 7.05825E-13                
  4.60000E+00 2.29815E+00 2.12295E+03 0.00000E+00 0.00000E+00 0.00000E+00 0.00000E+00 1.23702E-12                
  4.80000E+00 2.15492E+00 2.25892E+03 0.00000E+00 0.00000E+00 0.00000E+00 0.00000E+00 3.58911E-12                
  5.00000E+00 2.05218E+00 2.35469E+03 0.00000E+00 0.00000E+00 0.00000E+00 0.00000E+00 7.52169E-12                
  5.50000E+00 1.87672E+00 2.48041E+03 3.24284E-28 0.00000E+00 0.00000E+00 0.00000E+00 5.00320E-11                
  6.00000E+00 1.76824E+00 2.52029E+03 6.08305E-20 0.00000E+00 0.00000E+00 0.00000E+00 2.90705E-06                
  6.50000E+00 1.73633E+00 2.53187E+03 1.94927E-15 0.00000E+00 0.00000E+00 0.00000E+00 1.50324E-05                
  7.00000E+00 1.78331E+00 2.54381E+03 4.04558E-12 5.48044E-31 5.60519E-45 0.00000E+00 4.01895E-05                
  7.50000E+00 1.89427E+00 2.57086E+03 6.63151E-08 4.03818E-23 2.10195E-43 0.00000E+00 1.07365E-04                
  8.00000E+00 2.04882E+00 2.59135E+03 3.50486E-06 1.52275E-18 1.23047E-30 0.00000E+00 2.46050E-04                
  8.50000E+00 2.23150E+00 2.60860E+03 3.05248E-05 3.72231E-15 7.41193E-24 0.00000E+00 5.08058E-04                
  9.00000E+00 2.43077E+00 2.61675E+03 1.47078E-04 1.40659E-12 1.87153E-19 0.00000E+00 9.70277E-04                
  9.50000E+00 2.63326E+00 2.61494E+03 5.01547E-04 8.37359E-11 1.01380E-16 0.00000E+00 1.71815E-03                
  1.00000E+01 2.81842E+00 2.60579E+03 1.36433E-03 1.79294E-08 8.37818E-14 0.00000E+00 2.86053E-03                
  1.10000E+01 3.18589E+00 2.58015E+03 6.46872E-03 1.41955E-06 2.23306E-09 4.43136E-35 6.77300E-03                
  1.20000E+01 3.44821E+00 2.56273E+03 2.24399E-02 2.32217E-05 4.07771E-07 6.85397E-29 1.34641E-02                
  1.30000E+01 3.61239E+00 2.56011E+03 7.17534E-02 2.99226E-04 1.01161E-05 1.43773E-23 2.39285E-02                
  1.40000E+01 3.71399E+00 2.56446E+03 2.11092E-01 3.14553E-03 1.51369E-04 7.64959E-20 4.12244E-02                
  1.50000E+01 3.76312E+00 2.56375E+03 5.39903E-01 2.27669E-02 1.55914E-03 4.29803E-17 7.70355E-02                
  1.60000E+01 3.77275E+00 2.55251E+03 1.18750E+00 1.09784E-01 1.06593E-02 5.54450E-15 1.44441E-01                
  1.70000E+01 3.77390E+00 2.53384E+03 2.35038E+00 3.66178E-01 4.88102E-02 2.57783E-13 2.61224E-01                
  1.80000E+01 3.75578E+00 2.51455E+03 4.06048E+00 8.54314E-01 1.54821E-01 6.88189E-12 4.48801E-01                
  1.90000E+01 3.72923E+00 2.49976E+03 6.42300E+00 1.59742E+00 3.70557E-01 9.41181E-11 7.26528E-01                
  2.00000E+01 3.71419E+00 2.49100E+03 9.46845E+00 2.56858E+00 7.20823E-01 1.07532E-09 1.10819E+00                
  2.20000E+01 3.64671E+00 2.48188E+03 1.76958E+01 4.95744E+00 1.75688E+00 1.00862E-07 2.27488E+00                
  2.40000E+01 3.56949E+00 2.45887E+03 2.79343E+01 7.59482E+00 3.06532E+00 4.35276E-06 4.26673E+00                
  2.60000E+01 3.47184E+00 2.41743E+03 3.96808E+01 1.02414E+01 4.51860E+00 8.90697E-05 6.48787E+00                
  2.80000E+01 3.38258E+00 2.37814E+03 5.24913E+01 1.34022E+01 6.04659E+00 1.04246E-03 7.52018E+00                
  3.00000E+01 3.30947E+00 2.34821E+03 6.63107E+01 1.57947E+01 7.50605E+00 9.18335E-03 8.59775E+00                

 3. Total particle production cross sections

 gamma    production

 Energy   Cross section Multiplicity

  1.00000E+00 1.02252E+00 8.40084E-01
  1.20000E+00 1.26248E+00 8.92262E-01
  1.40000E+00 1.55197E+00 9.42806E-01
  1.60000E+00 1.89692E+00 9.93579E-01
  1.80000E+00 2.32428E+00 1.04584E+00
  2.00000E+00 2.85089E+00 1.09852E+00
  2.20000E+00 3.49843E+00 1.14829E+00
  2.40000E+00 4.30138E+00 1.19455E+00
  2.60000E+00 5.30003E+00 1.23648E+00
  2.80000E+00 4.84825E+00 1.51608E-02
  3.00000E+00 4.85312E+00 9.38186E-03
  3.20000E+00 5.17864E+00 7.76877E-03
  3.40000E+00 4.10441E+00 4.68451E-03
  3.60000E+00 4.02572E+00 3.75227E-03
  3.80000E+00 3.97883E+00 3.15350E-03
  4.00000E+00 3.93229E+00 2.72191E-03
  4.20000E+00 3.55751E+00 2.10082E-03
  4.40000E+00 8.25539E+01 4.26020E-02
  4.60000E+00 2.75382E+02 1.29577E-01
  4.80000E+00 5.13036E+02 2.26900E-01
  5.00000E+00 7.57754E+02 3.21526E-01
  5.50000E+00 1.30847E+03 5.27123E-01
  6.00000E+00 1.76110E+03 6.98279E-01
  6.50000E+00 2.16087E+03 8.52882E-01
  7.00000E+00 2.53976E+03 9.97709E-01
  7.50000E+00 2.91270E+03 1.13214E+00
  8.00000E+00 3.10824E+03 1.19852E+00
  8.50000E+00 3.07059E+03 1.17610E+00
  9.00000E+00 2.83941E+03 1.08408E+00
  9.50000E+00 2.46761E+03 9.42708E-01
  1.00000E+01 2.03360E+03 7.79570E-01
  1.10000E+01 1.28669E+03 4.98071E-01
  1.20000E+01 1.07454E+03 4.18725E-01
  1.30000E+01 1.44702E+03 5.64402E-01
  1.40000E+01 2.11042E+03 8.21678E-01
  1.50000E+01 2.81725E+03 1.09699E+00
  1.60000E+01 3.37547E+03 1.31971E+00
  1.70000E+01 3.63974E+03 1.43261E+00
  1.80000E+01 3.58113E+03 1.41893E+00
  1.90000E+01 3.39748E+03 1.35217E+00
  2.00000E+01 3.32066E+03 1.32372E+00
  2.20000E+01 3.78338E+03 1.50600E+00
  2.40000E+01 4.60509E+03 1.83814E+00
  2.60000E+01 5.02492E+03 2.02468E+00
  2.80000E+01 4.67173E+03 1.89832E+00
  3.00000E+01 4.35203E+03 1.77653E+00

 neutron  production

 Energy   Cross section Multiplicity

  1.00000E+00 7.43781E-03 6.11078E-03
  1.20000E+00 1.47953E-02 1.04566E-02
  1.40000E+00 2.63337E-02 1.59974E-02
  1.60000E+00 4.60884E-02 2.41404E-02
  1.80000E+00 7.63147E-02 3.43387E-02
  2.00000E+00 1.20914E-01 4.65912E-02
  2.20000E+00 1.86560E-01 6.12349E-02
  2.40000E+00 2.79545E-01 7.76336E-02
  2.60000E+00 4.09523E-01 9.55407E-02
  2.80000E+00 3.16557E+02 9.89896E-01
  3.00000E+00 5.14187E+02 9.94005E-01
  3.20000E+00 6.63411E+02 9.95220E-01
  3.40000E+00 8.73732E+02 9.97221E-01
  3.60000E+00 1.07057E+03 9.97855E-01
  3.80000E+00 1.25954E+03 9.98272E-01
  4.00000E+00 1.44262E+03 9.98574E-01
  4.20000E+00 1.69160E+03 9.98942E-01
  4.40000E+00 1.93622E+03 9.99189E-01
  4.60000E+00 2.12384E+03 9.99344E-01
  4.80000E+00 2.25981E+03 9.99445E-01
  5.00000E+00 2.35560E+03 9.99517E-01
  5.50000E+00 2.48134E+03 9.99623E-01
  6.00000E+00 2.52127E+03 9.99689E-01
  6.50000E+00 2.53290E+03 9.99723E-01
  7.00000E+00 2.54493E+03 9.99739E-01
  7.50000E+00 2.57695E+03 1.00163E+00
  8.00000E+00 2.70307E+03 1.04229E+00
  8.50000E+00 2.94933E+03 1.12965E+00
  9.00000E+00 3.26516E+03 1.24663E+00
  9.50000E+00 3.59885E+03 1.37488E+00
  1.00000E+01 3.91056E+03 1.49909E+00
  1.10000E+01 4.36694E+03 1.69042E+00
  1.20000E+01 4.61102E+03 1.79682E+00
  1.30000E+01 4.73724E+03 1.84773E+00
  1.40000E+01 4.81024E+03 1.87284E+00
  1.50000E+01 4.84895E+03 1.88810E+00
  1.60000E+01 4.90499E+03 1.91771E+00
  1.70000E+01 5.04382E+03 1.98526E+00
  1.80000E+01 5.30873E+03 2.10345E+00
  1.90000E+01 5.64945E+03 2.24844E+00
  2.00000E+01 5.97374E+03 2.38132E+00
  2.20000E+01 6.40224E+03 2.54845E+00
  2.40000E+01 6.55559E+03 2.61669E+00
  2.60000E+01 6.68639E+03 2.69414E+00
  2.80000E+01 7.04397E+03 2.86226E+00
  3.00000E+01 7.46898E+03 3.04889E+00

 proton   production

 Energy   Cross section Multiplicity

  1.00000E+00 0.00000E+00 0.00000E+00
  1.20000E+00 0.00000E+00 0.00000E+00
  1.40000E+00 0.00000E+00 0.00000E+00
  1.60000E+00 0.00000E+00 0.00000E+00
  1.80000E+00 0.00000E+00 0.00000E+00
  2.00000E+00 0.00000E+00 0.00000E+00
  2.20000E+00 0.00000E+00 0.00000E+00
  2.40000E+00 0.00000E+00 0.00000E+00
  2.60000E+00 0.00000E+00 0.00000E+00
  2.80000E+00 0.00000E+00 0.00000E+00
  3.00000E+00 0.00000E+00 0.00000E+00
  3.20000E+00 0.00000E+00 0.00000E+00
  3.40000E+00 0.00000E+00 0.00000E+00
  3.60000E+00 0.00000E+00 0.00000E+00
  3.80000E+00 0.00000E+00 0.00000E+00
  4.00000E+00 0.00000E+00 0.00000E+00
  4.20000E+00 0.00000E+00 0.00000E+00
  4.40000E+00 0.00000E+00 0.00000E+00
  4.60000E+00 0.00000E+00 0.00000E+00
  4.80000E+00 0.00000E+00 0.00000E+00
  5.00000E+00 0.00000E+00 0.00000E+00
  5.50000E+00 3.24284E-28 1.30640E-31
  6.00000E+00 6.08305E-20 2.41194E-23
  6.50000E+00 1.94927E-15 7.69367E-19
  7.00000E+00 4.04558E-12 1.58925E-15
  7.50000E+00 6.63151E-08 2.57759E-11
  8.00000E+00 3.50486E-06 1.35145E-09
  8.50000E+00 3.05248E-05 1.16916E-08
  9.00000E+00 1.47078E-04 5.61543E-08
  9.50000E+00 5.01548E-04 1.91608E-07
  1.00000E+01 1.36434E-03 5.23012E-07
  1.10000E+01 6.46877E-03 2.50403E-06
  1.20000E+01 2.24409E-02 8.74476E-06
  1.30000E+01 7.17946E-02 2.80030E-05
  1.40000E+01 2.11516E-01 8.23525E-05
  1.50000E+01 5.41774E-01 2.10958E-04
  1.60000E+01 1.19221E+00 4.66119E-04
  1.70000E+01 2.35862E+00 9.28355E-04
  1.80000E+01 4.07227E+00 1.61353E-03
  1.90000E+01 6.43860E+00 2.56251E-03
  2.00000E+01 9.49444E+00 3.78479E-03
  2.20000E+01 1.77974E+01 7.08436E-03
  2.40000E+01 2.83007E+01 1.12963E-02
  2.60000E+01 4.06473E+01 1.63779E-02
  2.80000E+01 5.44748E+01 2.21354E-02
  3.00000E+01 6.97680E+01 2.84798E-02

 deuteron production

 Energy   Cross section Multiplicity

  1.00000E+00 0.00000E+00 0.00000E+00
  1.20000E+00 0.00000E+00 0.00000E+00
  1.40000E+00 0.00000E+00 0.00000E+00
  1.60000E+00 0.00000E+00 0.00000E+00
  1.80000E+00 0.00000E+00 0.00000E+00
  2.00000E+00 0.00000E+00 0.00000E+00
  2.20000E+00 0.00000E+00 0.00000E+00
  2.40000E+00 0.00000E+00 0.00000E+00
  2.60000E+00 0.00000E+00 0.00000E+00
  2.80000E+00 0.00000E+00 0.00000E+00
  3.00000E+00 0.00000E+00 0.00000E+00
  3.20000E+00 0.00000E+00 0.00000E+00
  3.40000E+00 0.00000E+00 0.00000E+00
  3.60000E+00 0.00000E+00 0.00000E+00
  3.80000E+00 0.00000E+00 0.00000E+00
  4.00000E+00 0.00000E+00 0.00000E+00
  4.20000E+00 0.00000E+00 0.00000E+00
  4.40000E+00 0.00000E+00 0.00000E+00
  4.60000E+00 0.00000E+00 0.00000E+00
  4.80000E+00 0.00000E+00 0.00000E+00
  5.00000E+00 0.00000E+00 0.00000E+00
  5.50000E+00 0.00000E+00 0.00000E+00
  6.00000E+00 0.00000E+00 0.00000E+00
  6.50000E+00 0.00000E+00 0.00000E+00
  7.00000E+00 5.48044E-31 2.15291E-34
  7.50000E+00 4.03818E-23 1.56960E-26
  8.00000E+00 1.52275E-18 5.87165E-22
  8.50000E+00 3.72231E-15 1.42572E-18
  9.00000E+00 1.40659E-12 5.37033E-16
  9.50000E+00 8.37359E-11 3.19899E-14
  1.00000E+01 1.79294E-08 6.87314E-12
  1.10000E+01 1.41955E-06 5.49502E-10
  1.20000E+01 2.32218E-05 9.04904E-09
  1.30000E+01 2.99226E-04 1.16711E-07
  1.40000E+01 3.14553E-03 1.22469E-06
  1.50000E+01 2.27669E-02 8.86506E-06
  1.60000E+01 1.09784E-01 4.29224E-05
  1.70000E+01 3.66178E-01 1.44128E-04
  1.80000E+01 8.54314E-01 3.38500E-04
  1.90000E+01 1.59742E+00 6.35761E-04
  2.00000E+01 2.56859E+00 1.02392E-03
  2.20000E+01 4.95747E+00 1.97335E-03
  2.40000E+01 7.59491E+00 3.03154E-03
  2.60000E+01 1.02416E+01 4.12663E-03
  2.80000E+01 1.34026E+01 5.44604E-03
  3.00000E+01 1.57954E+01 6.44780E-03

 triton   production

 Energy   Cross section Multiplicity

  1.00000E+00 0.00000E+00 0.00000E+00
  1.20000E+00 0.00000E+00 0.00000E+00
  1.40000E+00 0.00000E+00 0.00000E+00
  1.60000E+00 0.00000E+00 0.00000E+00
  1.80000E+00 0.00000E+00 0.00000E+00
  2.00000E+00 0.00000E+00 0.00000E+00
  2.20000E+00 0.00000E+00 0.00000E+00
  2.40000E+00 0.00000E+00 0.00000E+00
  2.60000E+00 0.00000E+00 0.00000E+00
  2.80000E+00 0.00000E+00 0.00000E+00
  3.00000E+00 0.00000E+00 0.00000E+00
  3.20000E+00 0.00000E+00 0.00000E+00
  3.40000E+00 0.00000E+00 0.00000E+00
  3.60000E+00 0.00000E+00 0.00000E+00
  3.80000E+00 0.00000E+00 0.00000E+00
  4.00000E+00 0.00000E+00 0.00000E+00
  4.20000E+00 0.00000E+00 0.00000E+00
  4.40000E+00 0.00000E+00 0.00000E+00
  4.60000E+00 0.00000E+00 0.00000E+00
  4.80000E+00 0.00000E+00 0.00000E+00
  5.00000E+00 0.00000E+00 0.00000E+00
  5.50000E+00 0.00000E+00 0.00000E+00
  6.00000E+00 0.00000E+00 0.00000E+00
  6.50000E+00 0.00000E+00 0.00000E+00
  7.00000E+00 5.60519E-45 0.00000E+00
  7.50000E+00 2.10195E-43 0.00000E+00
  8.00000E+00 1.23047E-30 4.74462E-34
  8.50000E+00 7.41193E-24 2.83892E-27
  9.00000E+00 1.87153E-19 7.14548E-23
  9.50000E+00 1.01380E-16 3.87305E-20
  1.00000E+01 8.37818E-14 3.21173E-17
  1.10000E+01 2.23306E-09 8.64407E-13
  1.20000E+01 4.07772E-07 1.58900E-10
  1.30000E+01 1.01161E-05 3.94572E-09
  1.40000E+01 1.51369E-04 5.89345E-08
  1.50000E+01 1.55914E-03 6.07103E-07
  1.60000E+01 1.06593E-02 4.16746E-06
  1.70000E+01 4.88102E-02 1.92118E-05
  1.80000E+01 1.54821E-01 6.13441E-05
  1.90000E+01 3.70557E-01 1.47479E-04
  2.00000E+01 7.20823E-01 2.87343E-04
  2.20000E+01 1.75689E+00 6.99340E-04
  2.40000E+01 3.06540E+00 1.22357E-03
  2.60000E+01 4.51887E+00 1.82078E-03
  2.80000E+01 6.04715E+00 2.45721E-03
  3.00000E+01 7.50701E+00 3.06441E-03

 helium-3 production

 Energy   Cross section Multiplicity

  1.00000E+00 0.00000E+00 0.00000E+00
  1.20000E+00 0.00000E+00 0.00000E+00
  1.40000E+00 0.00000E+00 0.00000E+00
  1.60000E+00 0.00000E+00 0.00000E+00
  1.80000E+00 0.00000E+00 0.00000E+00
  2.00000E+00 0.00000E+00 0.00000E+00
  2.20000E+00 0.00000E+00 0.00000E+00
  2.40000E+00 0.00000E+00 0.00000E+00
  2.60000E+00 0.00000E+00 0.00000E+00
  2.80000E+00 0.00000E+00 0.00000E+00
  3.00000E+00 0.00000E+00 0.00000E+00
  3.20000E+00 0.00000E+00 0.00000E+00
  3.40000E+00 0.00000E+00 0.00000E+00
  3.60000E+00 0.00000E+00 0.00000E+00
  3.80000E+00 0.00000E+00 0.00000E+00
  4.00000E+00 0.00000E+00 0.00000E+00
  4.20000E+00 0.00000E+00 0.00000E+00
  4.40000E+00 0.00000E+00 0.00000E+00
  4.60000E+00 0.00000E+00 0.00000E+00
  4.80000E+00 0.00000E+00 0.00000E+00
  5.00000E+00 0.00000E+00 0.00000E+00
  5.50000E+00 0.00000E+00 0.00000E+00
  6.00000E+00 0.00000E+00 0.00000E+00
  6.50000E+00 0.00000E+00 0.00000E+00
  7.00000E+00 0.00000E+00 0.00000E+00
  7.50000E+00 0.00000E+00 0.00000E+00
  8.00000E+00 0.00000E+00 0.00000E+00
  8.50000E+00 0.00000E+00 0.00000E+00
  9.00000E+00 0.00000E+00 0.00000E+00
  9.50000E+00 0.00000E+00 0.00000E+00
  1.00000E+01 0.00000E+00 0.00000E+00
  1.10000E+01 4.43136E-35 1.71536E-38
  1.20000E+01 6.85397E-29 2.67085E-32
  1.30000E+01 1.43773E-23 5.60776E-27
  1.40000E+01 7.64959E-20 2.97832E-23
  1.50000E+01 4.29803E-17 1.67358E-20
  1.60000E+01 5.54450E-15 2.16774E-18
  1.70000E+01 2.57783E-13 1.01464E-16
  1.80000E+01 6.88189E-12 2.72678E-15
  1.90000E+01 9.41181E-11 3.74583E-14
  2.00000E+01 1.07532E-09 4.28656E-13
  2.20000E+01 1.00862E-07 4.01488E-11
  2.40000E+01 4.35276E-06 1.73742E-09
  2.60000E+01 8.90697E-05 3.58887E-08
  2.80000E+01 1.04246E-03 4.23595E-07
  3.00000E+01 9.18335E-03 3.74871E-06

 alpha    production

 Energy   Cross section Multiplicity

  1.00000E+00 0.00000E+00 0.00000E+00
  1.20000E+00 0.00000E+00 0.00000E+00
  1.40000E+00 0.00000E+00 0.00000E+00
  1.60000E+00 0.00000E+00 0.00000E+00
  1.80000E+00 0.00000E+00 0.00000E+00
  2.00000E+00 0.00000E+00 0.00000E+00
  2.20000E+00 0.00000E+00 0.00000E+00
  2.40000E+00 0.00000E+00 0.00000E+00
  2.60000E+00 0.00000E+00 0.00000E+00
  2.80000E+00 0.00000E+00 0.00000E+00
  3.00000E+00 0.00000E+00 0.00000E+00
  3.20000E+00 0.00000E+00 0.00000E+00
  3.40000E+00 0.00000E+00 0.00000E+00
  3.60000E+00 0.00000E+00 0.00000E+00
  3.80000E+00 0.00000E+00 0.00000E+00
  4.00000E+00 0.00000E+00 0.00000E+00
  4.20000E+00 0.00000E+00 0.00000E+00
  4.40000E+00 7.05825E-13 3.64242E-16
  4.60000E+00 1.23702E-12 5.82064E-16
  4.80000E+00 3.58911E-12 1.58736E-15
  5.00000E+00 7.52169E-12 3.19157E-15
  5.50000E+00 5.00320E-11 2.01557E-14
  6.00000E+00 2.90705E-06 1.15265E-09
  6.50000E+00 1.50324E-05 5.93320E-09
  7.00000E+00 4.01895E-05 1.57879E-08
  7.50000E+00 1.07365E-04 4.17316E-08
  8.00000E+00 2.46051E-04 9.48758E-08
  8.50000E+00 5.08060E-04 1.94597E-07
  9.00000E+00 9.70284E-04 3.70453E-07
  9.50000E+00 1.71816E-03 6.56394E-07
  1.00000E+01 2.86056E-03 1.09658E-06
  1.10000E+01 6.77313E-03 2.62184E-06
  1.20000E+01 1.34646E-02 5.24687E-06
  1.30000E+01 2.39329E-02 9.33487E-06
  1.40000E+01 4.12511E-02 1.60609E-05
  1.50000E+01 7.71464E-02 3.00396E-05
  1.60000E+01 1.44784E-01 5.66062E-05
  1.70000E+01 2.62083E-01 1.03156E-04
  1.80000E+01 4.50657E-01 1.78562E-04
  1.90000E+01 7.30070E-01 2.90562E-04
  2.00000E+01 1.11426E+00 4.44179E-04
  2.20000E+01 2.28882E+00 9.11077E-04
  2.40000E+01 4.29131E+00 1.71289E-03
  2.60000E+01 6.52521E+00 2.62919E-03
  2.80000E+01 7.57494E+00 3.07802E-03
  3.00000E+01 8.67928E+00 3.54294E-03

 4. Residual production cross sections

 Production of Z= 82 A=209 (209Pb) - Total

 Q-value    =   3.937377
 E-threshold=   0.000000

 Energy   Cross section

  1.00000E+00 8.70558E-01
  1.20000E+00 1.05365E+00
  1.40000E+00 1.26442E+00
  1.60000E+00 1.50388E+00
  1.80000E+00 1.79023E+00
  2.00000E+00 2.12851E+00
  2.20000E+00 2.52748E+00
  2.40000E+00 3.00291E+00
  2.60000E+00 3.57248E+00
  2.80000E+00 3.17563E+00
  3.00000E+00 3.07259E+00
  3.20000E+00 3.17101E+00
  3.40000E+00 2.42895E+00
  3.60000E+00 2.29746E+00
  3.80000E+00 2.17793E+00
  4.00000E+00 2.05918E+00
  4.20000E+00 1.79196E+00
  4.40000E+00 1.57825E+00
  4.60000E+00 1.40313E+00
  4.80000E+00 1.26447E+00
  5.00000E+00 1.14704E+00
  5.50000E+00 9.44018E-01
  6.00000E+00 7.93216E-01
  6.50000E+00 7.10402E-01
  7.00000E+00 6.73071E-01
  7.50000E+00 6.83001E-01
  8.00000E+00 7.26113E-01
  8.50000E+00 7.91702E-01
  9.00000E+00 8.83218E-01
  9.50000E+00 9.86059E-01
  1.00000E+01 1.07957E+00
  1.10000E+01 1.27871E+00
  1.20000E+01 1.37907E+00
  1.30000E+01 1.36042E+00
  1.40000E+01 1.26368E+00
  1.50000E+01 1.13597E+00
  1.60000E+01 9.87453E-01
  1.70000E+01 8.50043E-01
  1.80000E+01 7.04218E-01
  1.90000E+01 5.98262E-01
  2.00000E+01 5.11563E-01
  2.20000E+01 3.90348E-01
  2.40000E+01 3.11720E-01
  2.60000E+01 2.63274E-01
  2.80000E+01 2.24505E-01
  3.00000E+01 2.01499E-01

 Production of Z= 82 A=208 (208Pb) - Total

 Q-value    =   0.000000
 E-threshold=   0.000000

 Energy   Cross section

  1.00000E+00 7.43781E-03
  1.20000E+00 1.47953E-02
  1.40000E+00 2.63337E-02
  1.60000E+00 4.60883E-02
  1.80000E+00 7.63147E-02
  2.00000E+00 1.20914E-01
  2.20000E+00 1.86560E-01
  2.40000E+00 2.79545E-01
  2.60000E+00 4.09524E-01
  2.80000E+00 3.16557E+02
  3.00000E+00 5.14187E+02
  3.20000E+00 6.63410E+02
  3.40000E+00 8.73732E+02
  3.60000E+00 1.07057E+03
  3.80000E+00 1.25954E+03
  4.00000E+00 1.44262E+03
  4.20000E+00 1.69160E+03
  4.40000E+00 1.93622E+03
  4.60000E+00 2.12384E+03
  4.80000E+00 2.25981E+03
  5.00000E+00 2.35560E+03
  5.50000E+00 2.48134E+03
  6.00000E+00 2.52127E+03
  6.50000E+00 2.53291E+03
  7.00000E+00 2.54495E+03
  7.50000E+00 2.56725E+03
  8.00000E+00 2.48232E+03
  8.50000E+00 2.27084E+03
  9.00000E+00 1.97158E+03
  9.50000E+00 1.63444E+03
  1.00000E+01 1.30468E+03
  1.10000E+01 7.97537E+02
  1.20000E+01 5.18973E+02
  1.30000E+01 3.88168E+02
  1.40000E+01 3.24242E+02
  1.50000E+01 2.89407E+02
  1.60000E+01 2.66298E+02
  1.70000E+01 2.53515E+02
  1.80000E+01 2.39154E+02
  1.90000E+01 2.25774E+02
  2.00000E+01 2.15173E+02
  2.20000E+01 1.95583E+02
  2.40000E+01 1.76777E+02
  2.60000E+01 1.59737E+02
  2.80000E+01 1.48429E+02
  3.00000E+01 1.35229E+02

 Production of Z= 81 A=208 (208Tl) - Total

 Q-value    =  -4.216045
 E-threshold=   4.236493

 Energy   Cross section

  1.00000E+00 0.00000E+00
  1.20000E+00 0.00000E+00
  1.40000E+00 0.00000E+00
  1.60000E+00 0.00000E+00
  1.80000E+00 0.00000E+00
  2.00000E+00 0.00000E+00
  2.20000E+00 0.00000E+00
  2.40000E+00 0.00000E+00
  2.60000E+00 0.00000E+00
  2.80000E+00 0.00000E+00
  3.00000E+00 0.00000E+00
  3.20000E+00 0.00000E+00
  3.40000E+00 0.00000E+00
  3.60000E+00 0.00000E+00
  3.80000E+00 0.00000E+00
  4.00000E+00 0.00000E+00
  4.20000E+00 0.00000E+00
  4.40000E+00 0.00000E+00
  4.60000E+00 0.00000E+00
  4.80000E+00 0.00000E+00
  5.00000E+00 0.00000E+00
  5.50000E+00 0.00000E+00
  6.00000E+00 0.00000E+00
  6.50000E+00 0.00000E+00
  7.00000E+00 0.00000E+00
  7.50000E+00 0.00000E+00
  8.00000E+00 0.00000E+00
  8.50000E+00 0.00000E+00
  9.00000E+00 0.00000E+00
  9.50000E+00 0.00000E+00
  1.00000E+01 1.35796E-03
  1.10000E+01 6.46065E-03
  1.20000E+01 2.24353E-02
  1.30000E+01 7.16361E-02
  1.40000E+01 2.09372E-01
  1.50000E+01 5.27770E-01
  1.60000E+01 1.12624E+00
  1.70000E+01 2.13185E+00
  1.80000E+01 3.43644E+00
  1.90000E+01 4.95245E+00
  2.00000E+01 6.63109E+00
  2.20000E+01 9.65424E+00
  2.40000E+01 1.14545E+01
  2.60000E+01 1.21626E+01
  2.80000E+01 1.23603E+01
  3.00000E+01 1.21026E+01

 Production of Z= 82 A=207 (207Pb) - Total

 Q-value    =  -7.367873
 E-threshold=   7.403607

 Energy   Cross section

  1.00000E+00 0.00000E+00
  1.20000E+00 0.00000E+00
  1.40000E+00 0.00000E+00
  1.60000E+00 0.00000E+00
  1.80000E+00 0.00000E+00
  2.00000E+00 0.00000E+00
  2.20000E+00 0.00000E+00
  2.40000E+00 0.00000E+00
  2.60000E+00 0.00000E+00
  2.80000E+00 0.00000E+00
  3.00000E+00 0.00000E+00
  3.20000E+00 0.00000E+00
  3.40000E+00 0.00000E+00
  3.60000E+00 0.00000E+00
  3.80000E+00 0.00000E+00
  4.00000E+00 0.00000E+00
  4.20000E+00 0.00000E+00
  4.40000E+00 0.00000E+00
  4.60000E+00 0.00000E+00
  4.80000E+00 0.00000E+00
  5.00000E+00 0.00000E+00
  5.50000E+00 0.00000E+00
  6.00000E+00 0.00000E+00
  6.50000E+00 0.00000E+00
  7.00000E+00 0.00000E+00
  7.50000E+00 4.87706E+00
  8.00000E+00 1.10398E+02
  8.50000E+00 3.39287E+02
  9.00000E+00 6.46860E+02
  9.50000E+00 9.82256E+02
  1.00000E+01 1.30302E+03
  1.10000E+01 1.78488E+03
  1.20000E+01 2.04622E+03
  1.30000E+01 2.17486E+03
  1.40000E+01 2.24332E+03
  1.50000E+01 2.27337E+03
  1.60000E+01 2.23006E+03
  1.70000E+01 2.06195E+03
  1.80000E+01 1.76823E+03
  1.90000E+01 1.41149E+03
  2.00000E+01 1.08415E+03
  2.20000E+01 6.72987E+02
  2.40000E+01 5.03261E+02
  2.60000E+01 4.26358E+02
  2.80000E+01 3.78395E+02
  3.00000E+01 3.46782E+02

 Production of Z= 81 A=207 (207Tl) - Total

 Q-value    =  -5.778481
 E-threshold=   5.806506

 Energy   Cross section

  1.00000E+00 0.00000E+00
  1.20000E+00 0.00000E+00
  1.40000E+00 0.00000E+00
  1.60000E+00 0.00000E+00
  1.80000E+00 0.00000E+00
  2.00000E+00 0.00000E+00
  2.20000E+00 0.00000E+00
  2.40000E+00 0.00000E+00
  2.60000E+00 0.00000E+00
  2.80000E+00 0.00000E+00
  3.00000E+00 0.00000E+00
  3.20000E+00 0.00000E+00
  3.40000E+00 0.00000E+00
  3.60000E+00 0.00000E+00
  3.80000E+00 0.00000E+00
  4.00000E+00 0.00000E+00
  4.20000E+00 0.00000E+00
  4.40000E+00 0.00000E+00
  4.60000E+00 0.00000E+00
  4.80000E+00 0.00000E+00
  5.00000E+00 0.00000E+00
  5.50000E+00 0.00000E+00
  6.00000E+00 0.00000E+00
  6.50000E+00 0.00000E+00
  7.00000E+00 0.00000E+00
  7.50000E+00 0.00000E+00
  8.00000E+00 0.00000E+00
  8.50000E+00 0.00000E+00
  9.00000E+00 0.00000E+00
  9.50000E+00 0.00000E+00
  1.00000E+01 0.00000E+00
  1.10000E+01 0.00000E+00
  1.20000E+01 0.00000E+00
  1.30000E+01 0.00000E+00
  1.40000E+01 5.28008E-03
  1.50000E+01 3.67606E-02
  1.60000E+01 1.75743E-01
  1.70000E+01 5.92945E-01
  1.80000E+01 1.49017E+00
  1.90000E+01 3.08365E+00
  2.00000E+01 5.43176E+00
  2.20000E+01 1.30767E+01
  2.40000E+01 2.41256E+01
  2.60000E+01 3.71275E+01
  2.80000E+01 5.04928E+01
  3.00000E+01 6.09730E+01

 Production of Z= 81 A=207 (207Tl) - Level  0  (lifetime: 2.86200E+02 sec.)

 Q-value    =  -5.778481
 E-threshold=   5.806506

 Energy   Cross section Branching ratio

  1.00000E+00 0.00000E+00 0.00000E+00
  1.20000E+00 0.00000E+00 0.00000E+00
  1.40000E+00 0.00000E+00 0.00000E+00
  1.60000E+00 0.00000E+00 0.00000E+00
  1.80000E+00 0.00000E+00 0.00000E+00
  2.00000E+00 0.00000E+00 0.00000E+00
  2.20000E+00 0.00000E+00 0.00000E+00
  2.40000E+00 0.00000E+00 0.00000E+00
  2.60000E+00 0.00000E+00 0.00000E+00
  2.80000E+00 0.00000E+00 0.00000E+00
  3.00000E+00 0.00000E+00 0.00000E+00
  3.20000E+00 0.00000E+00 0.00000E+00
  3.40000E+00 0.00000E+00 0.00000E+00
  3.60000E+00 0.00000E+00 0.00000E+00
  3.80000E+00 0.00000E+00 0.00000E+00
  4.00000E+00 0.00000E+00 0.00000E+00
  4.20000E+00 0.00000E+00 0.00000E+00
  4.40000E+00 0.00000E+00 0.00000E+00
  4.60000E+00 0.00000E+00 0.00000E+00
  4.80000E+00 0.00000E+00 0.00000E+00
  5.00000E+00 0.00000E+00 0.00000E+00
  5.50000E+00 0.00000E+00 0.00000E+00
  6.00000E+00 0.00000E+00 0.00000E+00
  6.50000E+00 0.00000E+00 0.00000E+00
  7.00000E+00 0.00000E+00 0.00000E+00
  7.50000E+00 0.00000E+00 0.00000E+00
  8.00000E+00 0.00000E+00 0.00000E+00
  8.50000E+00 0.00000E+00 0.00000E+00
  9.00000E+00 0.00000E+00 0.00000E+00
  9.50000E+00 0.00000E+00 0.00000E+00
  1.00000E+01 0.00000E+00 0.00000E+00
  1.10000E+01 0.00000E+00 0.00000E+00
  1.20000E+01 0.00000E+00 0.00000E+00
  1.30000E+01 0.00000E+00 0.00000E+00
  1.40000E+01 4.29105E-03 8.12686E-01
  1.50000E+01 2.74953E-02 7.47956E-01
  1.60000E+01 1.23790E-01 7.04379E-01
  1.70000E+01 3.94662E-01 6.65596E-01
  1.80000E+01 9.63051E-01 6.46267E-01
  1.90000E+01 1.93196E+00 6.26518E-01
  2.00000E+01 3.21266E+00 5.91458E-01
  2.20000E+01 7.11726E+00 5.44269E-01
  2.40000E+01 1.21963E+01 5.05535E-01
  2.60000E+01 1.79461E+01 4.83363E-01
  2.80000E+01 2.40339E+01 4.75986E-01
  3.00000E+01 2.92825E+01 4.80254E-01

 Production of Z= 81 A=207 (207Tl) - Level  2  (lifetime: 1.33000E+00 sec.)

 Q-value    =  -7.126661
 E-threshold=   7.161224

 Energy   Cross section Branching ratio

  1.00000E+00 0.00000E+00 0.00000E+00
  1.20000E+00 0.00000E+00 0.00000E+00
  1.40000E+00 0.00000E+00 0.00000E+00
  1.60000E+00 0.00000E+00 0.00000E+00
  1.80000E+00 0.00000E+00 0.00000E+00
  2.00000E+00 0.00000E+00 0.00000E+00
  2.20000E+00 0.00000E+00 0.00000E+00
  2.40000E+00 0.00000E+00 0.00000E+00
  2.60000E+00 0.00000E+00 0.00000E+00
  2.80000E+00 0.00000E+00 0.00000E+00
  3.00000E+00 0.00000E+00 0.00000E+00
  3.20000E+00 0.00000E+00 0.00000E+00
  3.40000E+00 0.00000E+00 0.00000E+00
  3.60000E+00 0.00000E+00 0.00000E+00
  3.80000E+00 0.00000E+00 0.00000E+00
  4.00000E+00 0.00000E+00 0.00000E+00
  4.20000E+00 0.00000E+00 0.00000E+00
  4.40000E+00 0.00000E+00 0.00000E+00
  4.60000E+00 0.00000E+00 0.00000E+00
  4.80000E+00 0.00000E+00 0.00000E+00
  5.00000E+00 0.00000E+00 0.00000E+00
  5.50000E+00 0.00000E+00 0.00000E+00
  6.00000E+00 0.00000E+00 0.00000E+00
  6.50000E+00 0.00000E+00 0.00000E+00
  7.00000E+00 0.00000E+00 0.00000E+00
  7.50000E+00 0.00000E+00 0.00000E+00
  8.00000E+00 0.00000E+00 0.00000E+00
  8.50000E+00 0.00000E+00 0.00000E+00
  9.00000E+00 0.00000E+00 0.00000E+00
  9.50000E+00 0.00000E+00 0.00000E+00
  1.00000E+01 0.00000E+00 0.00000E+00
  1.10000E+01 0.00000E+00 0.00000E+00
  1.20000E+01 0.00000E+00 0.00000E+00
  1.30000E+01 0.00000E+00 0.00000E+00
  1.40000E+01 9.89032E-04 1.87314E-01
  1.50000E+01 9.26528E-03 2.52044E-01
  1.60000E+01 5.19533E-02 2.95621E-01
  1.70000E+01 1.98283E-01 3.34403E-01
  1.80000E+01 5.27124E-01 3.53733E-01
  1.90000E+01 1.15169E+00 3.73482E-01
  2.00000E+01 2.21910E+00 4.08542E-01
  2.20000E+01 5.95947E+00 4.55731E-01
  2.40000E+01 1.19293E+01 4.94465E-01
  2.60000E+01 1.91814E+01 5.16637E-01
  2.80000E+01 2.64589E+01 5.24014E-01
  3.00000E+01 3.16905E+01 5.19746E-01

 Production of Z= 82 A=206 (206Pb) - Total

 Q-value    = -14.105657
 E-threshold=  14.174068

 Energy   Cross section

  1.00000E+00 0.00000E+00
  1.20000E+00 0.00000E+00
  1.40000E+00 0.00000E+00
  1.60000E+00 0.00000E+00
  1.80000E+00 0.00000E+00
  2.00000E+00 0.00000E+00
  2.20000E+00 0.00000E+00
  2.40000E+00 0.00000E+00
  2.60000E+00 0.00000E+00
  2.80000E+00 0.00000E+00
  3.00000E+00 0.00000E+00
  3.20000E+00 0.00000E+00
  3.40000E+00 0.00000E+00
  3.60000E+00 0.00000E+00
  3.80000E+00 0.00000E+00
  4.00000E+00 0.00000E+00
  4.20000E+00 0.00000E+00
  4.40000E+00 0.00000E+00
  4.60000E+00 0.00000E+00
  4.80000E+00 0.00000E+00
  5.00000E+00 0.00000E+00
  5.50000E+00 0.00000E+00
  6.00000E+00 0.00000E+00
  6.50000E+00 0.00000E+00
  7.00000E+00 0.00000E+00
  7.50000E+00 0.00000E+00
  8.00000E+00 0.00000E+00
  8.50000E+00 0.00000E+00
  9.00000E+00 0.00000E+00
  9.50000E+00 0.00000E+00
  1.00000E+01 0.00000E+00
  1.10000E+01 0.00000E+00
  1.20000E+01 0.00000E+00
  1.30000E+01 0.00000E+00
  1.40000E+01 0.00000E+00
  1.50000E+01 4.58607E+00
  1.60000E+01 5.97747E+01
  1.70000E+01 2.22420E+02
  1.80000E+01 5.11107E+02
  1.90000E+01 8.66727E+02
  2.00000E+01 1.19613E+03
  2.20000E+01 1.61757E+03
  2.40000E+01 1.77690E+03
  2.60000E+01 1.69712E+03
  2.80000E+01 1.32825E+03
  3.00000E+01 9.06479E+02

 Production of Z= 81 A=206 (206Tl) - Total

 Q-value    =  -6.373698
 E-threshold=   6.404610

 Energy   Cross section

  1.00000E+00 0.00000E+00
  1.20000E+00 0.00000E+00
  1.40000E+00 0.00000E+00
  1.60000E+00 0.00000E+00
  1.80000E+00 0.00000E+00
  2.00000E+00 0.00000E+00
  2.20000E+00 0.00000E+00
  2.40000E+00 0.00000E+00
  2.60000E+00 0.00000E+00
  2.80000E+00 0.00000E+00
  3.00000E+00 0.00000E+00
  3.20000E+00 0.00000E+00
  3.40000E+00 0.00000E+00
  3.60000E+00 0.00000E+00
  3.80000E+00 0.00000E+00
  4.00000E+00 0.00000E+00
  4.20000E+00 0.00000E+00
  4.40000E+00 0.00000E+00
  4.60000E+00 0.00000E+00
  4.80000E+00 0.00000E+00
  5.00000E+00 0.00000E+00
  5.50000E+00 0.00000E+00
  6.00000E+00 0.00000E+00
  6.50000E+00 0.00000E+00
  7.00000E+00 0.00000E+00
  7.50000E+00 0.00000E+00
  8.00000E+00 0.00000E+00
  8.50000E+00 0.00000E+00
  9.00000E+00 0.00000E+00
  9.50000E+00 0.00000E+00
  1.00000E+01 0.00000E+00
  1.10000E+01 0.00000E+00
  1.20000E+01 0.00000E+00
  1.30000E+01 0.00000E+00
  1.40000E+01 0.00000E+00
  1.50000E+01 1.55645E-03
  1.60000E+01 1.06511E-02
  1.70000E+01 4.88043E-02
  1.80000E+01 1.54813E-01
  1.90000E+01 3.70573E-01
  2.00000E+01 7.21225E-01
  2.20000E+01 1.77399E+00
  2.40000E+01 3.24603E+00
  2.60000E+01 5.40623E+00
  2.80000E+01 9.28215E+00
  3.00000E+01 1.67722E+01

 Production of Z= 81 A=206 (206Tl) - Level  0  (lifetime: 2.52100E+02 sec.)

 Q-value    =  -6.373698
 E-threshold=   6.404610

 Energy   Cross section Branching ratio

  1.00000E+00 0.00000E+00 0.00000E+00
  1.20000E+00 0.00000E+00 0.00000E+00
  1.40000E+00 0.00000E+00 0.00000E+00
  1.60000E+00 0.00000E+00 0.00000E+00
  1.80000E+00 0.00000E+00 0.00000E+00
  2.00000E+00 0.00000E+00 0.00000E+00
  2.20000E+00 0.00000E+00 0.00000E+00
  2.40000E+00 0.00000E+00 0.00000E+00
  2.60000E+00 0.00000E+00 0.00000E+00
  2.80000E+00 0.00000E+00 0.00000E+00
  3.00000E+00 0.00000E+00 0.00000E+00
  3.20000E+00 0.00000E+00 0.00000E+00
  3.40000E+00 0.00000E+00 0.00000E+00
  3.60000E+00 0.00000E+00 0.00000E+00
  3.80000E+00 0.00000E+00 0.00000E+00
  4.00000E+00 0.00000E+00 0.00000E+00
  4.20000E+00 0.00000E+00 0.00000E+00
  4.40000E+00 0.00000E+00 0.00000E+00
  4.60000E+00 0.00000E+00 0.00000E+00
  4.80000E+00 0.00000E+00 0.00000E+00
  5.00000E+00 0.00000E+00 0.00000E+00
  5.50000E+00 0.00000E+00 0.00000E+00
  6.00000E+00 0.00000E+00 0.00000E+00
  6.50000E+00 0.00000E+00 0.00000E+00
  7.00000E+00 0.00000E+00 0.00000E+00
  7.50000E+00 0.00000E+00 0.00000E+00
  8.00000E+00 0.00000E+00 0.00000E+00
  8.50000E+00 0.00000E+00 0.00000E+00
  9.00000E+00 0.00000E+00 0.00000E+00
  9.50000E+00 0.00000E+00 0.00000E+00
  1.00000E+01 0.00000E+00 0.00000E+00
  1.10000E+01 0.00000E+00 0.00000E+00
  1.20000E+01 0.00000E+00 0.00000E+00
  1.30000E+01 0.00000E+00 0.00000E+00
  1.40000E+01 0.00000E+00 0.00000E+00
  1.50000E+01 1.51540E-03 9.73625E-01
  1.60000E+01 9.94858E-03 9.34039E-01
  1.70000E+01 4.27287E-02 8.75511E-01
  1.80000E+01 1.23250E-01 7.96122E-01
  1.90000E+01 2.66598E-01 7.19421E-01
  2.00000E+01 4.89584E-01 6.78823E-01
  2.20000E+01 1.21801E+00 6.86592E-01
  2.40000E+01 2.34070E+00 7.21096E-01
  2.60000E+01 4.08951E+00 7.56445E-01
  2.80000E+01 7.31787E+00 7.88381E-01
  3.00000E+01 1.30672E+01 7.79099E-01

 Production of Z= 81 A=206 (206Tl) - Level 45  (lifetime: 2.24400E+02 sec.)

 Q-value    =  -9.016798
 E-threshold=   9.060529

 Energy   Cross section Branching ratio

  1.00000E+00 0.00000E+00 0.00000E+00
  1.20000E+00 0.00000E+00 0.00000E+00
  1.40000E+00 0.00000E+00 0.00000E+00
  1.60000E+00 0.00000E+00 0.00000E+00
  1.80000E+00 0.00000E+00 0.00000E+00
  2.00000E+00 0.00000E+00 0.00000E+00
  2.20000E+00 0.00000E+00 0.00000E+00
  2.40000E+00 0.00000E+00 0.00000E+00
  2.60000E+00 0.00000E+00 0.00000E+00
  2.80000E+00 0.00000E+00 0.00000E+00
  3.00000E+00 0.00000E+00 0.00000E+00
  3.20000E+00 0.00000E+00 0.00000E+00
  3.40000E+00 0.00000E+00 0.00000E+00
  3.60000E+00 0.00000E+00 0.00000E+00
  3.80000E+00 0.00000E+00 0.00000E+00
  4.00000E+00 0.00000E+00 0.00000E+00
  4.20000E+00 0.00000E+00 0.00000E+00
  4.40000E+00 0.00000E+00 0.00000E+00
  4.60000E+00 0.00000E+00 0.00000E+00
  4.80000E+00 0.00000E+00 0.00000E+00
  5.00000E+00 0.00000E+00 0.00000E+00
  5.50000E+00 0.00000E+00 0.00000E+00
  6.00000E+00 0.00000E+00 0.00000E+00
  6.50000E+00 0.00000E+00 0.00000E+00
  7.00000E+00 0.00000E+00 0.00000E+00
  7.50000E+00 0.00000E+00 0.00000E+00
  8.00000E+00 0.00000E+00 0.00000E+00
  8.50000E+00 0.00000E+00 0.00000E+00
  9.00000E+00 0.00000E+00 0.00000E+00
  9.50000E+00 0.00000E+00 0.00000E+00
  1.00000E+01 0.00000E+00 0.00000E+00
  1.10000E+01 0.00000E+00 0.00000E+00
  1.20000E+01 0.00000E+00 0.00000E+00
  1.30000E+01 0.00000E+00 0.00000E+00
  1.40000E+01 0.00000E+00 0.00000E+00
  1.50000E+01 4.10506E-05 2.63746E-02
  1.60000E+01 7.02555E-04 6.59606E-02
  1.70000E+01 6.07562E-03 1.24489E-01
  1.80000E+01 3.15630E-02 2.03878E-01
  1.90000E+01 1.03975E-01 2.80579E-01
  2.00000E+01 2.31641E-01 3.21177E-01
  2.20000E+01 5.55984E-01 3.13408E-01
  2.40000E+01 9.05331E-01 2.78904E-01
  2.60000E+01 1.31672E+00 2.43555E-01
  2.80000E+01 1.96428E+00 2.11619E-01
  3.00000E+01 3.70500E+00 2.20901E-01

 Production of Z= 80 A=206 (206Hg) - Total

 Q-value    =  -7.662672
 E-threshold=   7.699835

 Energy   Cross section

  1.00000E+00 0.00000E+00
  1.20000E+00 0.00000E+00
  1.40000E+00 0.00000E+00
  1.60000E+00 0.00000E+00
  1.80000E+00 0.00000E+00
  2.00000E+00 0.00000E+00
  2.20000E+00 0.00000E+00
  2.40000E+00 0.00000E+00
  2.60000E+00 0.00000E+00
  2.80000E+00 0.00000E+00
  3.00000E+00 0.00000E+00
  3.20000E+00 0.00000E+00
  3.40000E+00 0.00000E+00
  3.60000E+00 0.00000E+00
  3.80000E+00 0.00000E+00
  4.00000E+00 0.00000E+00
  4.20000E+00 0.00000E+00
  4.40000E+00 0.00000E+00
  4.60000E+00 0.00000E+00
  4.80000E+00 0.00000E+00
  5.00000E+00 0.00000E+00
  5.50000E+00 0.00000E+00
  6.00000E+00 0.00000E+00
  6.50000E+00 0.00000E+00
  7.00000E+00 0.00000E+00
  7.50000E+00 0.00000E+00
  8.00000E+00 0.00000E+00
  8.50000E+00 0.00000E+00
  9.00000E+00 0.00000E+00
  9.50000E+00 0.00000E+00
  1.00000E+01 0.00000E+00
  1.10000E+01 0.00000E+00
  1.20000E+01 0.00000E+00
  1.30000E+01 0.00000E+00
  1.40000E+01 0.00000E+00
  1.50000E+01 0.00000E+00
  1.60000E+01 0.00000E+00
  1.70000E+01 0.00000E+00
  1.80000E+01 0.00000E+00
  1.90000E+01 0.00000E+00
  2.00000E+01 0.00000E+00
  2.20000E+01 0.00000E+00
  2.40000E+01 0.00000E+00
  2.60000E+01 0.00000E+00
  2.80000E+01 1.03468E-03
  3.00000E+01 9.12229E-03

 Production of Z= 82 A=205 (205Pb) - Total

 Q-value    = -22.192322
 E-threshold=  22.299952

 Energy   Cross section

  1.00000E+00 0.00000E+00
  1.20000E+00 0.00000E+00
  1.40000E+00 0.00000E+00
  1.60000E+00 0.00000E+00
  1.80000E+00 0.00000E+00
  2.00000E+00 0.00000E+00
  2.20000E+00 0.00000E+00
  2.40000E+00 0.00000E+00
  2.60000E+00 0.00000E+00
  2.80000E+00 0.00000E+00
  3.00000E+00 0.00000E+00
  3.20000E+00 0.00000E+00
  3.40000E+00 0.00000E+00
  3.60000E+00 0.00000E+00
  3.80000E+00 0.00000E+00
  4.00000E+00 0.00000E+00
  4.20000E+00 0.00000E+00
  4.40000E+00 0.00000E+00
  4.60000E+00 0.00000E+00
  4.80000E+00 0.00000E+00
  5.00000E+00 0.00000E+00
  5.50000E+00 0.00000E+00
  6.00000E+00 0.00000E+00
  6.50000E+00 0.00000E+00
  7.00000E+00 0.00000E+00
  7.50000E+00 0.00000E+00
  8.00000E+00 0.00000E+00
  8.50000E+00 0.00000E+00
  9.00000E+00 0.00000E+00
  9.50000E+00 0.00000E+00
  1.00000E+01 0.00000E+00
  1.10000E+01 0.00000E+00
  1.20000E+01 0.00000E+00
  1.30000E+01 0.00000E+00
  1.40000E+01 0.00000E+00
  1.50000E+01 0.00000E+00
  1.60000E+01 0.00000E+00
  1.70000E+01 0.00000E+00
  1.80000E+01 0.00000E+00
  1.90000E+01 0.00000E+00
  2.00000E+01 0.00000E+00
  2.20000E+01 0.00000E+00
  2.40000E+01 5.72957E+00
  2.60000E+01 1.36974E+02
  2.80000E+01 5.24788E+02
  3.00000E+01 9.59621E+02

 Production of Z= 81 A=205 (205Tl) - Total

 Q-value    = -12.877511
 E-threshold=  12.939966

 Energy   Cross section

  1.00000E+00 0.00000E+00
  1.20000E+00 0.00000E+00
  1.40000E+00 0.00000E+00
  1.60000E+00 0.00000E+00
  1.80000E+00 0.00000E+00
  2.00000E+00 0.00000E+00
  2.20000E+00 0.00000E+00
  2.40000E+00 0.00000E+00
  2.60000E+00 0.00000E+00
  2.80000E+00 0.00000E+00
  3.00000E+00 0.00000E+00
  3.20000E+00 0.00000E+00
  3.40000E+00 0.00000E+00
  3.60000E+00 0.00000E+00
  3.80000E+00 0.00000E+00
  4.00000E+00 0.00000E+00
  4.20000E+00 0.00000E+00
  4.40000E+00 0.00000E+00
  4.60000E+00 0.00000E+00
  4.80000E+00 0.00000E+00
  5.00000E+00 0.00000E+00
  5.50000E+00 0.00000E+00
  6.00000E+00 0.00000E+00
  6.50000E+00 0.00000E+00
  7.00000E+00 0.00000E+00
  7.50000E+00 0.00000E+00
  8.00000E+00 0.00000E+00
  8.50000E+00 0.00000E+00
  9.00000E+00 0.00000E+00
  9.50000E+00 0.00000E+00
  1.00000E+01 0.00000E+00
  1.10000E+01 0.00000E+00
  1.20000E+01 0.00000E+00
  1.30000E+01 0.00000E+00
  1.40000E+01 0.00000E+00
  1.50000E+01 0.00000E+00
  1.60000E+01 0.00000E+00
  1.70000E+01 0.00000E+00
  1.80000E+01 0.00000E+00
  1.90000E+01 0.00000E+00
  2.00000E+01 0.00000E+00
  2.20000E+01 7.39832E-03
  2.40000E+01 1.35768E-01
  2.60000E+01 7.12561E-01
  2.80000E+01 1.79129E+00
  3.00000E+01 3.22204E+00

 Production of Z= 80 A=205 (205Hg) - Total

 Q-value    =   6.185611
 E-threshold=   0.000000

 Energy   Cross section

  1.00000E+00 1.00000E-07
  1.20000E+00 1.00000E-07
  1.40000E+00 1.00000E-07
  1.60000E+00 1.00000E-07
  1.80000E+00 1.00000E-07
  2.00000E+00 1.00000E-07
  2.20000E+00 1.00000E-07
  2.40000E+00 1.00000E-07
  2.60000E+00 1.00000E-07
  2.80000E+00 1.00000E-07
  3.00000E+00 1.00000E-07
  3.20000E+00 1.00000E-07
  3.40000E+00 1.00000E-07
  3.60000E+00 1.00000E-07
  3.80000E+00 1.00000E-07
  4.00000E+00 1.00000E-07
  4.20000E+00 1.00000E-07
  4.40000E+00 1.00000E-07
  4.60000E+00 1.00000E-07
  4.80000E+00 1.00000E-07
  5.00000E+00 1.00000E-07
  5.50000E+00 1.00000E-07
  6.00000E+00 1.00000E-07
  6.50000E+00 1.00000E-07
  7.00000E+00 1.00000E-07
  7.50000E+00 1.00000E-07
  8.00000E+00 1.00000E-07
  8.50000E+00 1.00000E-07
  9.00000E+00 1.00000E-07
  9.50000E+00 1.71796E-03
  1.00000E+01 2.86027E-03
  1.10000E+01 6.77284E-03
  1.20000E+01 1.34601E-02
  1.30000E+01 2.38736E-02
  1.40000E+01 4.08537E-02
  1.50000E+01 7.53020E-02
  1.60000E+01 1.38434E-01
  1.70000E+01 2.44358E-01
  1.80000E+01 4.02397E-01
  1.90000E+01 6.15767E-01
  2.00000E+01 8.70892E-01
  2.20000E+01 1.41829E+00
  2.40000E+01 2.06126E+00
  2.60000E+01 2.30485E+00
  2.80000E+01 1.84113E+00
  3.00000E+01 1.47316E+00

 Production of Z= 82 A=204 (204Pb) - Total

 Q-value    = -28.923992
 E-threshold=  29.064270

 Energy   Cross section

  1.00000E+00 0.00000E+00
  1.20000E+00 0.00000E+00
  1.40000E+00 0.00000E+00
  1.60000E+00 0.00000E+00
  1.80000E+00 0.00000E+00
  2.00000E+00 0.00000E+00
  2.20000E+00 0.00000E+00
  2.40000E+00 0.00000E+00
  2.60000E+00 0.00000E+00
  2.80000E+00 0.00000E+00
  3.00000E+00 0.00000E+00
  3.20000E+00 0.00000E+00
  3.40000E+00 0.00000E+00
  3.60000E+00 0.00000E+00
  3.80000E+00 0.00000E+00
  4.00000E+00 0.00000E+00
  4.20000E+00 0.00000E+00
  4.40000E+00 0.00000E+00
  4.60000E+00 0.00000E+00
  4.80000E+00 0.00000E+00
  5.00000E+00 0.00000E+00
  5.50000E+00 0.00000E+00
  6.00000E+00 0.00000E+00
  6.50000E+00 0.00000E+00
  7.00000E+00 0.00000E+00
  7.50000E+00 0.00000E+00
  8.00000E+00 0.00000E+00
  8.50000E+00 0.00000E+00
  9.00000E+00 0.00000E+00
  9.50000E+00 0.00000E+00
  1.00000E+01 0.00000E+00
  1.10000E+01 0.00000E+00
  1.20000E+01 0.00000E+00
  1.30000E+01 0.00000E+00
  1.40000E+01 0.00000E+00
  1.50000E+01 0.00000E+00
  1.60000E+01 0.00000E+00
  1.70000E+01 0.00000E+00
  1.80000E+01 0.00000E+00
  1.90000E+01 0.00000E+00
  2.00000E+01 0.00000E+00
  2.20000E+01 0.00000E+00
  2.40000E+01 0.00000E+00
  2.60000E+01 0.00000E+00
  2.80000E+01 0.00000E+00
  3.00000E+01 7.60509E-03

 Production of Z= 82 A=204 (204Pb) - Level  0  (lifetime: 0.00000E+00 sec.)

 Q-value    = -28.923992
 E-threshold=  29.064270

 Energy   Cross section Branching ratio

  1.00000E+00 0.00000E+00 0.00000E+00
  1.20000E+00 0.00000E+00 0.00000E+00
  1.40000E+00 0.00000E+00 0.00000E+00
  1.60000E+00 0.00000E+00 0.00000E+00
  1.80000E+00 0.00000E+00 0.00000E+00
  2.00000E+00 0.00000E+00 0.00000E+00
  2.20000E+00 0.00000E+00 0.00000E+00
  2.40000E+00 0.00000E+00 0.00000E+00
  2.60000E+00 0.00000E+00 0.00000E+00
  2.80000E+00 0.00000E+00 0.00000E+00
  3.00000E+00 0.00000E+00 0.00000E+00
  3.20000E+00 0.00000E+00 0.00000E+00
  3.40000E+00 0.00000E+00 0.00000E+00
  3.60000E+00 0.00000E+00 0.00000E+00
  3.80000E+00 0.00000E+00 0.00000E+00
  4.00000E+00 0.00000E+00 0.00000E+00
  4.20000E+00 0.00000E+00 0.00000E+00
  4.40000E+00 0.00000E+00 0.00000E+00
  4.60000E+00 0.00000E+00 0.00000E+00
  4.80000E+00 0.00000E+00 0.00000E+00
  5.00000E+00 0.00000E+00 0.00000E+00
  5.50000E+00 0.00000E+00 0.00000E+00
  6.00000E+00 0.00000E+00 0.00000E+00
  6.50000E+00 0.00000E+00 0.00000E+00
  7.00000E+00 0.00000E+00 0.00000E+00
  7.50000E+00 0.00000E+00 0.00000E+00
  8.00000E+00 0.00000E+00 0.00000E+00
  8.50000E+00 0.00000E+00 0.00000E+00
  9.00000E+00 0.00000E+00 0.00000E+00
  9.50000E+00 0.00000E+00 0.00000E+00
  1.00000E+01 0.00000E+00 0.00000E+00
  1.10000E+01 0.00000E+00 0.00000E+00
  1.20000E+01 0.00000E+00 0.00000E+00
  1.30000E+01 0.00000E+00 0.00000E+00
  1.40000E+01 0.00000E+00 0.00000E+00
  1.50000E+01 0.00000E+00 0.00000E+00
  1.60000E+01 0.00000E+00 0.00000E+00
  1.70000E+01 0.00000E+00 0.00000E+00
  1.80000E+01 0.00000E+00 0.00000E+00
  1.90000E+01 0.00000E+00 0.00000E+00
  2.00000E+01 0.00000E+00 0.00000E+00
  2.20000E+01 0.00000E+00 0.00000E+00
  2.40000E+01 0.00000E+00 0.00000E+00
  2.60000E+01 0.00000E+00 0.00000E+00
  2.80000E+01 0.00000E+00 0.00000E+00
  3.00000E+01 7.60509E-03 1.00000E+00

 Production of Z= 82 A=204 (204Pb) - Level 21  (lifetime: 4.01600E+03 sec.)

 Q-value    = -31.109872
 E-threshold=  31.260752

 Energy   Cross section Branching ratio

  1.00000E+00 0.00000E+00 0.00000E+00
  1.20000E+00 0.00000E+00 0.00000E+00
  1.40000E+00 0.00000E+00 0.00000E+00
  1.60000E+00 0.00000E+00 0.00000E+00
  1.80000E+00 0.00000E+00 0.00000E+00
  2.00000E+00 0.00000E+00 0.00000E+00
  2.20000E+00 0.00000E+00 0.00000E+00
  2.40000E+00 0.00000E+00 0.00000E+00
  2.60000E+00 0.00000E+00 0.00000E+00
  2.80000E+00 0.00000E+00 0.00000E+00
  3.00000E+00 0.00000E+00 0.00000E+00
  3.20000E+00 0.00000E+00 0.00000E+00
  3.40000E+00 0.00000E+00 0.00000E+00
  3.60000E+00 0.00000E+00 0.00000E+00
  3.80000E+00 0.00000E+00 0.00000E+00
  4.00000E+00 0.00000E+00 0.00000E+00
  4.20000E+00 0.00000E+00 0.00000E+00
  4.40000E+00 0.00000E+00 0.00000E+00
  4.60000E+00 0.00000E+00 0.00000E+00
  4.80000E+00 0.00000E+00 0.00000E+00
  5.00000E+00 0.00000E+00 0.00000E+00
  5.50000E+00 0.00000E+00 0.00000E+00
  6.00000E+00 0.00000E+00 0.00000E+00
  6.50000E+00 0.00000E+00 0.00000E+00
  7.00000E+00 0.00000E+00 0.00000E+00
  7.50000E+00 0.00000E+00 0.00000E+00
  8.00000E+00 0.00000E+00 0.00000E+00
  8.50000E+00 0.00000E+00 0.00000E+00
  9.00000E+00 0.00000E+00 0.00000E+00
  9.50000E+00 0.00000E+00 0.00000E+00
  1.00000E+01 0.00000E+00 0.00000E+00
  1.10000E+01 0.00000E+00 0.00000E+00
  1.20000E+01 0.00000E+00 0.00000E+00
  1.30000E+01 0.00000E+00 0.00000E+00
  1.40000E+01 0.00000E+00 0.00000E+00
  1.50000E+01 0.00000E+00 0.00000E+00
  1.60000E+01 0.00000E+00 0.00000E+00
  1.70000E+01 0.00000E+00 0.00000E+00
  1.80000E+01 0.00000E+00 0.00000E+00
  1.90000E+01 0.00000E+00 0.00000E+00
  2.00000E+01 0.00000E+00 0.00000E+00
  2.20000E+01 0.00000E+00 0.00000E+00
  2.40000E+01 0.00000E+00 0.00000E+00
  2.60000E+01 0.00000E+00 0.00000E+00
  2.80000E+01 0.00000E+00 0.00000E+00
  3.00000E+01 0.00000E+00 0.00000E+00

 Production of Z= 81 A=204 (204Tl) - Total

 Q-value    = -20.423565
 E-threshold=  20.522617

 Energy   Cross section

  1.00000E+00 0.00000E+00
  1.20000E+00 0.00000E+00
  1.40000E+00 0.00000E+00
  1.60000E+00 0.00000E+00
  1.80000E+00 0.00000E+00
  2.00000E+00 0.00000E+00
  2.20000E+00 0.00000E+00
  2.40000E+00 0.00000E+00
  2.60000E+00 0.00000E+00
  2.80000E+00 0.00000E+00
  3.00000E+00 0.00000E+00
  3.20000E+00 0.00000E+00
  3.40000E+00 0.00000E+00
  3.60000E+00 0.00000E+00
  3.80000E+00 0.00000E+00
  4.00000E+00 0.00000E+00
  4.20000E+00 0.00000E+00
  4.40000E+00 0.00000E+00
  4.60000E+00 0.00000E+00
  4.80000E+00 0.00000E+00
  5.00000E+00 0.00000E+00
  5.50000E+00 0.00000E+00
  6.00000E+00 0.00000E+00
  6.50000E+00 0.00000E+00
  7.00000E+00 0.00000E+00
  7.50000E+00 0.00000E+00
  8.00000E+00 0.00000E+00
  8.50000E+00 0.00000E+00
  9.00000E+00 0.00000E+00
  9.50000E+00 0.00000E+00
  1.00000E+01 0.00000E+00
  1.10000E+01 0.00000E+00
  1.20000E+01 0.00000E+00
  1.30000E+01 0.00000E+00
  1.40000E+01 0.00000E+00
  1.50000E+01 0.00000E+00
  1.60000E+01 0.00000E+00
  1.70000E+01 0.00000E+00
  1.80000E+01 0.00000E+00
  1.90000E+01 0.00000E+00
  2.00000E+01 0.00000E+00
  2.20000E+01 0.00000E+00
  2.40000E+01 0.00000E+00
  2.60000E+01 0.00000E+00
  2.80000E+01 0.00000E+00
  3.00000E+01 5.65190E-03

 Production of Z= 80 A=204 (204Hg) - Total

 Q-value    =   0.516718
 E-threshold=   0.000000

 Energy   Cross section

  1.00000E+00 1.00000E-07
  1.20000E+00 1.00000E-07
  1.40000E+00 1.00000E-07
  1.60000E+00 1.00000E-07
  1.80000E+00 1.00000E-07
  2.00000E+00 1.00000E-07
  2.20000E+00 1.00000E-07
  2.40000E+00 1.00000E-07
  2.60000E+00 1.00000E-07
  2.80000E+00 1.00000E-07
  3.00000E+00 1.00000E-07
  3.20000E+00 1.00000E-07
  3.40000E+00 1.00000E-07
  3.60000E+00 1.00000E-07
  3.80000E+00 1.00000E-07
  4.00000E+00 1.00000E-07
  4.20000E+00 1.00000E-07
  4.40000E+00 1.00000E-07
  4.60000E+00 1.00000E-07
  4.80000E+00 1.00000E-07
  5.00000E+00 1.00000E-07
  5.50000E+00 1.00000E-07
  6.00000E+00 1.00000E-07
  6.50000E+00 1.00000E-07
  7.00000E+00 1.00000E-07
  7.50000E+00 1.00000E-07
  8.00000E+00 1.00000E-07
  8.50000E+00 1.00000E-07
  9.00000E+00 1.00000E-07
  9.50000E+00 1.00000E-07
  1.00000E+01 1.00000E-07
  1.10000E+01 1.00000E-07
  1.20000E+01 1.00000E-07
  1.30000E+01 1.00000E-07
  1.40000E+01 1.00000E-07
  1.50000E+01 1.85360E-03
  1.60000E+01 6.37727E-03
  1.70000E+01 1.77918E-02
  1.80000E+01 4.83928E-02
  1.90000E+01 1.14480E-01
  2.00000E+01 2.43562E-01
  2.20000E+01 8.69629E-01
  2.40000E+01 2.20917E+00
  2.60000E+01 4.06718E+00
  2.80000E+01 5.00920E+00
  3.00000E+01 5.31685E+00

 Production of Z= 80 A=203 (203Hg) - Total

 Q-value    =  -6.975550
 E-threshold=   7.009380

 Energy   Cross section

  1.00000E+00 0.00000E+00
  1.20000E+00 0.00000E+00
  1.40000E+00 0.00000E+00
  1.60000E+00 0.00000E+00
  1.80000E+00 0.00000E+00
  2.00000E+00 0.00000E+00
  2.20000E+00 0.00000E+00
  2.40000E+00 0.00000E+00
  2.60000E+00 0.00000E+00
  2.80000E+00 0.00000E+00
  3.00000E+00 0.00000E+00
  3.20000E+00 0.00000E+00
  3.40000E+00 0.00000E+00
  3.60000E+00 0.00000E+00
  3.80000E+00 0.00000E+00
  4.00000E+00 0.00000E+00
  4.20000E+00 0.00000E+00
  4.40000E+00 0.00000E+00
  4.60000E+00 0.00000E+00
  4.80000E+00 0.00000E+00
  5.00000E+00 0.00000E+00
  5.50000E+00 0.00000E+00
  6.00000E+00 0.00000E+00
  6.50000E+00 0.00000E+00
  7.00000E+00 0.00000E+00
  7.50000E+00 0.00000E+00
  8.00000E+00 0.00000E+00
  8.50000E+00 0.00000E+00
  9.00000E+00 0.00000E+00
  9.50000E+00 0.00000E+00
  1.00000E+01 0.00000E+00
  1.10000E+01 0.00000E+00
  1.20000E+01 0.00000E+00
  1.30000E+01 0.00000E+00
  1.40000E+01 0.00000E+00
  1.50000E+01 0.00000E+00
  1.60000E+01 0.00000E+00
  1.70000E+01 0.00000E+00
  1.80000E+01 0.00000E+00
  1.90000E+01 0.00000E+00
  2.00000E+01 0.00000E+00
  2.20000E+01 1.29654E-03
  2.40000E+01 2.16320E-02
  2.60000E+01 1.54125E-01
  2.80000E+01 7.25568E-01
  3.00000E+01 1.88301E+00

 Production of Z= 80 A=202 (202Hg) - Total

 Q-value    = -12.970765
 E-threshold=  13.033672

 Energy   Cross section

  1.00000E+00 0.00000E+00
  1.20000E+00 0.00000E+00
  1.40000E+00 0.00000E+00
  1.60000E+00 0.00000E+00
  1.80000E+00 0.00000E+00
  2.00000E+00 0.00000E+00
  2.20000E+00 0.00000E+00
  2.40000E+00 0.00000E+00
  2.60000E+00 0.00000E+00
  2.80000E+00 0.00000E+00
  3.00000E+00 0.00000E+00
  3.20000E+00 0.00000E+00
  3.40000E+00 0.00000E+00
  3.60000E+00 0.00000E+00
  3.80000E+00 0.00000E+00
  4.00000E+00 0.00000E+00
  4.20000E+00 0.00000E+00
  4.40000E+00 0.00000E+00
  4.60000E+00 0.00000E+00
  4.80000E+00 0.00000E+00
  5.00000E+00 0.00000E+00
  5.50000E+00 0.00000E+00
  6.00000E+00 0.00000E+00
  6.50000E+00 0.00000E+00
  7.00000E+00 0.00000E+00
  7.50000E+00 0.00000E+00
  8.00000E+00 0.00000E+00
  8.50000E+00 0.00000E+00
  9.00000E+00 0.00000E+00
  9.50000E+00 0.00000E+00
  1.00000E+01 0.00000E+00
  1.10000E+01 0.00000E+00
  1.20000E+01 0.00000E+00
  1.30000E+01 0.00000E+00
  1.40000E+01 0.00000E+00
  1.50000E+01 0.00000E+00
  1.60000E+01 0.00000E+00
  1.70000E+01 0.00000E+00
  1.80000E+01 0.00000E+00
  1.90000E+01 0.00000E+00
  2.00000E+01 0.00000E+00
  2.20000E+01 0.00000E+00
  2.40000E+01 0.00000E+00
  2.60000E+01 0.00000E+00
  2.80000E+01 0.00000E+00
  3.00000E+01 7.71393E-03

 Production of Z= 78 A=201 (201Pt) - Total

 Q-value    =   5.213685
 E-threshold=   0.000000

 Energy   Cross section

  1.00000E+00 0.00000E+00
  1.20000E+00 0.00000E+00
  1.40000E+00 0.00000E+00
  1.60000E+00 0.00000E+00
  1.80000E+00 0.00000E+00
  2.00000E+00 0.00000E+00
  2.20000E+00 0.00000E+00
  2.40000E+00 0.00000E+00
  2.60000E+00 0.00000E+00
  2.80000E+00 0.00000E+00
  3.00000E+00 0.00000E+00
  3.20000E+00 0.00000E+00
  3.40000E+00 0.00000E+00
  3.60000E+00 0.00000E+00
  3.80000E+00 0.00000E+00
  4.00000E+00 0.00000E+00
  4.20000E+00 0.00000E+00
  4.40000E+00 0.00000E+00
  4.60000E+00 0.00000E+00
  4.80000E+00 0.00000E+00
  5.00000E+00 0.00000E+00
  5.50000E+00 0.00000E+00
  6.00000E+00 0.00000E+00
  6.50000E+00 0.00000E+00
  7.00000E+00 0.00000E+00
  7.50000E+00 0.00000E+00
  8.00000E+00 0.00000E+00
  8.50000E+00 0.00000E+00
  9.00000E+00 0.00000E+00
  9.50000E+00 1.00000E-07
  1.00000E+01 1.00000E-07
  1.10000E+01 1.00000E-07
  1.20000E+01 1.00000E-07
  1.30000E+01 1.00000E-07
  1.40000E+01 1.00000E-07
  1.50000E+01 1.00000E-07
  1.60000E+01 1.00000E-07
  1.70000E+01 1.00000E-07
  1.80000E+01 1.00000E-07
  1.90000E+01 1.00000E-07
  2.00000E+01 1.00000E-07
  2.20000E+01 1.00000E-07
  2.40000E+01 1.00000E-07
  2.60000E+01 1.00000E-07
  2.80000E+01 1.00000E-07
  3.00000E+01 1.00000E-07

 Production of Z= 78 A=200 (200Pt) - Total

 Q-value    =   0.000837
 E-threshold=   0.000000

 Energy   Cross section

  1.00000E+00 0.00000E+00
  1.20000E+00 0.00000E+00
  1.40000E+00 0.00000E+00
  1.60000E+00 0.00000E+00
  1.80000E+00 0.00000E+00
  2.00000E+00 0.00000E+00
  2.20000E+00 0.00000E+00
  2.40000E+00 0.00000E+00
  2.60000E+00 0.00000E+00
  2.80000E+00 0.00000E+00
  3.00000E+00 0.00000E+00
  3.20000E+00 0.00000E+00
  3.40000E+00 0.00000E+00
  3.60000E+00 0.00000E+00
  3.80000E+00 0.00000E+00
  4.00000E+00 0.00000E+00
  4.20000E+00 0.00000E+00
  4.40000E+00 0.00000E+00
  4.60000E+00 0.00000E+00
  4.80000E+00 0.00000E+00
  5.00000E+00 0.00000E+00
  5.50000E+00 0.00000E+00
  6.00000E+00 0.00000E+00
  6.50000E+00 0.00000E+00
  7.00000E+00 0.00000E+00
  7.50000E+00 0.00000E+00
  8.00000E+00 0.00000E+00
  8.50000E+00 0.00000E+00
  9.00000E+00 0.00000E+00
  9.50000E+00 0.00000E+00
  1.00000E+01 0.00000E+00
  1.10000E+01 0.00000E+00
  1.20000E+01 0.00000E+00
  1.30000E+01 0.00000E+00
  1.40000E+01 0.00000E+00
  1.50000E+01 1.00000E-07
  1.60000E+01 1.00000E-07
  1.70000E+01 1.00000E-07
  1.80000E+01 1.00000E-07
  1.90000E+01 1.00000E-07
  2.00000E+01 1.00000E-07
  2.20000E+01 1.00000E-07
  2.40000E+01 1.00000E-07
  2.60000E+01 1.00000E-07
  2.80000E+01 1.00000E-07
  3.00000E+01 1.00000E-07

 5. Binary reactions to discrete levels and continuum

 Total exclusive   (n,g)   scattering

  Energy     Total      Discrete   Continuum     (n,gg)

  1.00000E+00 8.70558E-01 7.29859E-01 1.40698E-01 1.44523E-01
  1.20000E+00 1.05365E+00 8.65135E-01 1.88511E-01 1.94034E-01
  1.40000E+00 1.26442E+00 1.01138E+00 2.53043E-01 2.61215E-01
  1.60000E+00 1.50388E+00 1.16875E+00 3.35132E-01 3.46948E-01
  1.80000E+00 1.79023E+00 1.34959E+00 4.40641E-01 4.57739E-01
  2.00000E+00 2.12851E+00 1.55209E+00 5.76415E-01 6.01458E-01
  2.20000E+00 2.52748E+00 1.77950E+00 7.47980E-01 7.84386E-01
  2.40000E+00 3.00291E+00 2.03708E+00 9.65831E-01 1.01892E+00
  2.60000E+00 3.57248E+00 2.33140E+00 1.24108E+00 1.31802E+00
  2.80000E+00 3.17563E+00 2.00924E+00 1.16639E+00 1.25571E+00
  3.00000E+00 3.07259E+00 1.88246E+00 1.19014E+00 1.29620E+00
  3.20000E+00 3.17101E+00 1.88668E+00 1.28433E+00 1.41484E+00
  3.40000E+00 2.42895E+00 1.46647E+00 9.62486E-01 1.05742E+00
  3.60000E+00 2.29746E+00 1.36209E+00 9.35364E-01 1.02872E+00
  3.80000E+00 2.17793E+00 1.27022E+00 9.07712E-01 9.99230E-01
  4.00000E+00 2.05918E+00 1.18189E+00 8.77284E-01 9.63937E-01
  4.20000E+00 1.79196E+00 1.01449E+00 7.77465E-01 8.47713E-01
  4.40000E+00 1.57825E+00 9.07603E-01 6.70650E-01 7.32082E-01
  4.60000E+00 1.40313E+00 7.97675E-01 6.05455E-01 6.63048E-01
  4.80000E+00 1.26447E+00 7.07697E-01 5.56774E-01 6.13083E-01
  5.00000E+00 1.14704E+00 6.40114E-01 5.06921E-01 5.61239E-01
  5.50000E+00 9.44018E-01 5.12851E-01 4.31167E-01 4.86215E-01
  6.00000E+00 7.93216E-01 4.29445E-01 3.63771E-01 4.17810E-01
  6.50000E+00 7.10402E-01 3.86249E-01 3.24154E-01 3.81067E-01
  7.00000E+00 6.73071E-01 3.79360E-01 2.93711E-01 3.53874E-01
  7.50000E+00 6.83001E-01 4.02393E-01 2.80608E-01 3.45448E-01
  8.00000E+00 7.26113E-01 4.51365E-01 2.74749E-01 3.41466E-01
  8.50000E+00 7.91702E-01 5.21320E-01 2.70382E-01 3.38523E-01
  9.00000E+00 8.83218E-01 6.04085E-01 2.79133E-01 3.49723E-01
  9.50000E+00 9.86059E-01 6.88038E-01 2.98021E-01 3.67875E-01
  1.00000E+01 1.07957E+00 7.50540E-01 3.29031E-01 4.02705E-01
  1.10000E+01 1.27871E+00 8.45501E-01 4.33213E-01 5.22638E-01
  1.20000E+01 1.37907E+00 7.99993E-01 5.79076E-01 6.94793E-01
  1.30000E+01 1.36042E+00 6.70163E-01 6.90257E-01 8.58785E-01
  1.40000E+01 1.26368E+00 5.37559E-01 7.26123E-01 9.54101E-01
  1.50000E+01 1.13597E+00 4.28711E-01 7.07258E-01 1.01697E+00
  1.60000E+01 9.87453E-01 3.47522E-01 6.39931E-01 9.75143E-01
  1.70000E+01 8.50043E-01 2.89477E-01 5.60566E-01 9.36066E-01
  1.80000E+01 7.04218E-01 2.48750E-01 4.55468E-01 7.60805E-01
  1.90000E+01 5.98262E-01 2.17271E-01 3.80990E-01 6.89609E-01
  2.00000E+01 5.11563E-01 1.91665E-01 3.19897E-01 5.92775E-01
  2.20000E+01 3.90348E-01 1.57563E-01 2.32786E-01 4.05497E-01
  2.40000E+01 3.11720E-01 1.35761E-01 1.75959E-01 2.86681E-01
  2.60000E+01 2.63274E-01 1.19664E-01 1.43609E-01 2.21810E-01
  2.80000E+01 2.24505E-01 1.08005E-01 1.16500E-01 1.78499E-01
  3.00000E+01 2.01499E-01 9.84557E-02 1.03043E-01 1.55096E-01

   (n,g)   to level  0 of 209Pb: 4.5+ at 0.00000 MeV

  Energy     Total      Direct      Compound

  1.00000E+00 4.41336E-01 0.00000E+00 4.41336E-01
  1.20000E+00 5.16536E-01 0.00000E+00 5.16536E-01
  1.40000E+00 5.93044E-01 0.00000E+00 5.93044E-01
  1.60000E+00 6.70401E-01 0.00000E+00 6.70401E-01
  1.80000E+00 7.58636E-01 0.00000E+00 7.58636E-01
  2.00000E+00 8.52888E-01 0.00000E+00 8.52888E-01
  2.20000E+00 9.54939E-01 0.00000E+00 9.54939E-01
  2.40000E+00 1.06830E+00 0.00000E+00 1.06830E+00
  2.60000E+00 1.19315E+00 0.00000E+00 1.19315E+00
  2.80000E+00 9.98222E-01 0.00000E+00 9.98222E-01
  3.00000E+00 9.11902E-01 0.00000E+00 9.11902E-01
  3.20000E+00 9.03303E-01 0.00000E+00 9.03303E-01
  3.40000E+00 6.95177E-01 0.00000E+00 6.95177E-01
  3.60000E+00 6.30512E-01 0.00000E+00 6.30512E-01
  3.80000E+00 5.70392E-01 0.00000E+00 5.70392E-01
  4.00000E+00 5.11875E-01 0.00000E+00 5.11875E-01
  4.20000E+00 4.30460E-01 0.00000E+00 4.30460E-01
  4.40000E+00 3.77537E-01 1.51376E-02 3.62399E-01
  4.60000E+00 3.35722E-01 1.97938E-02 3.15928E-01
  4.80000E+00 2.98455E-01 1.92331E-02 2.79222E-01
  5.00000E+00 2.70360E-01 2.14185E-02 2.48942E-01
  5.50000E+00 2.13623E-01 2.67974E-02 1.86825E-01
  6.00000E+00 1.71015E-01 3.37340E-02 1.37281E-01
  6.50000E+00 1.43555E-01 4.28011E-02 1.00754E-01
  7.00000E+00 1.29863E-01 5.52675E-02 7.45957E-02
  7.50000E+00 1.26871E-01 7.08726E-02 5.59986E-02
  8.00000E+00 1.31260E-01 8.98277E-02 4.14319E-02
  8.50000E+00 1.39936E-01 1.10612E-01 2.93238E-02
  9.00000E+00 1.48880E-01 1.29642E-01 1.92383E-02
  9.50000E+00 1.53712E-01 1.42250E-01 1.14616E-02
  1.00000E+01 1.48206E-01 1.41975E-01 6.23173E-03
  1.10000E+01 1.35367E-01 1.33800E-01 1.56727E-03
  1.20000E+01 1.09721E-01 1.09350E-01 3.70882E-04
  1.30000E+01 8.61850E-02 8.60959E-02 8.91164E-05
  1.40000E+01 6.84885E-02 6.84661E-02 2.24486E-05
  1.50000E+01 5.56254E-02 5.56195E-02 5.92321E-06
  1.60000E+01 4.63026E-02 4.63009E-02 1.63540E-06
  1.70000E+01 4.04145E-02 4.04140E-02 4.69387E-07
  1.80000E+01 3.48740E-02 3.48739E-02 1.41561E-07
  1.90000E+01 3.06529E-02 3.06529E-02 4.28408E-08
  2.00000E+01 2.74425E-02 2.74425E-02 1.30385E-08
  2.20000E+01 2.32577E-02 2.32577E-02 1.86265E-09
  2.40000E+01 2.03978E-02 2.03978E-02 0.00000E+00
  2.60000E+01 1.81925E-02 1.81925E-02 0.00000E+00
  2.80000E+01 1.64950E-02 1.64950E-02 0.00000E+00
  3.00000E+01 1.49532E-02 1.49532E-02 0.00000E+00

   (n,g)   to level  1 of 209Pb: 5.5+ at 0.77889 MeV

  Energy     Total      Direct      Compound

  1.00000E+00 1.07546E-01 0.00000E+00 1.07546E-01
  1.20000E+00 1.40061E-01 0.00000E+00 1.40061E-01
  1.40000E+00 1.73899E-01 0.00000E+00 1.73899E-01
  1.60000E+00 2.09788E-01 0.00000E+00 2.09788E-01
  1.80000E+00 2.49194E-01 0.00000E+00 2.49194E-01
  2.00000E+00 2.93959E-01 0.00000E+00 2.93959E-01
  2.20000E+00 3.45502E-01 0.00000E+00 3.45502E-01
  2.40000E+00 4.03280E-01 0.00000E+00 4.03280E-01
  2.60000E+00 4.72267E-01 0.00000E+00 4.72267E-01
  2.80000E+00 4.37866E-01 0.00000E+00 4.37866E-01
  3.00000E+00 4.12189E-01 0.00000E+00 4.12189E-01
  3.20000E+00 4.13359E-01 0.00000E+00 4.13359E-01
  3.40000E+00 2.42254E-01 0.00000E+00 2.42254E-01
  3.60000E+00 2.11674E-01 0.00000E+00 2.11674E-01
  3.80000E+00 1.82919E-01 0.00000E+00 1.82919E-01
  4.00000E+00 1.56929E-01 0.00000E+00 1.56929E-01
  4.20000E+00 1.32053E-01 0.00000E+00 1.32053E-01
  4.40000E+00 1.30399E-01 2.04907E-02 1.09908E-01
  4.60000E+00 1.22447E-01 2.38760E-02 9.85707E-02
  4.80000E+00 1.15907E-01 2.61133E-02 8.97936E-02
  5.00000E+00 1.13029E-01 3.03683E-02 8.26604E-02
  5.50000E+00 1.03825E-01 3.79505E-02 6.58743E-02
  6.00000E+00 9.80937E-02 4.76647E-02 5.04290E-02
  6.50000E+00 9.84864E-02 6.04629E-02 3.80235E-02
  7.00000E+00 1.07018E-01 7.80059E-02 2.90116E-02
  7.50000E+00 1.23044E-01 1.00514E-01 2.25303E-02
  8.00000E+00 1.46743E-01 1.29104E-01 1.76391E-02
  8.50000E+00 1.75688E-01 1.61948E-01 1.37398E-02
  9.00000E+00 2.06122E-01 1.95762E-01 1.03601E-02
  9.50000E+00 2.32304E-01 2.24984E-01 7.31957E-03
  1.00000E+01 2.41706E-01 2.36985E-01 4.72075E-03
  1.10000E+01 2.51871E-01 2.50387E-01 1.48442E-03
  1.20000E+01 2.17897E-01 2.17520E-01 3.77417E-04
  1.30000E+01 1.73446E-01 1.73354E-01 9.22531E-05
  1.40000E+01 1.37236E-01 1.37212E-01 2.32905E-05
  1.50000E+01 1.10032E-01 1.10026E-01 6.19143E-06
  1.60000E+01 9.04578E-02 9.04560E-02 1.72853E-06
  1.70000E+01 7.60843E-02 7.60838E-02 4.99189E-07
  1.80000E+01 6.72050E-02 6.72049E-02 1.49012E-07
  1.90000E+01 5.85936E-02 5.85935E-02 4.84288E-08
  2.00000E+01 5.20517E-02 5.20517E-02 1.49012E-08
  2.20000E+01 4.34233E-02 4.34233E-02 0.00000E+00
  2.40000E+01 3.77284E-02 3.77284E-02 0.00000E+00
  2.60000E+01 3.34227E-02 3.34227E-02 0.00000E+00
  2.80000E+01 3.02690E-02 3.02690E-02 0.00000E+00
  3.00000E+01 2.75249E-02 2.75249E-02 0.00000E+00

   (n,g)   to level  2 of 209Pb: 7.5- at 1.42264 MeV

  Energy     Total      Direct      Compound

  1.00000E+00 2.83173E-03 0.00000E+00 2.83173E-03
  1.20000E+00 6.31695E-03 0.00000E+00 6.31695E-03
  1.40000E+00 1.19340E-02 0.00000E+00 1.19340E-02
  1.60000E+00 1.90954E-02 0.00000E+00 1.90954E-02
  1.80000E+00 2.78424E-02 0.00000E+00 2.78424E-02
  2.00000E+00 3.90454E-02 0.00000E+00 3.90454E-02
  2.20000E+00 5.17857E-02 0.00000E+00 5.17857E-02
  2.40000E+00 6.67210E-02 0.00000E+00 6.67210E-02
  2.60000E+00 8.43370E-02 0.00000E+00 8.43370E-02
  2.80000E+00 9.69374E-02 0.00000E+00 9.69374E-02
  3.00000E+00 9.29036E-02 0.00000E+00 9.29036E-02
  3.20000E+00 8.95115E-02 0.00000E+00 8.95115E-02
  3.40000E+00 4.14196E-02 0.00000E+00 4.14196E-02
  3.60000E+00 2.93709E-02 0.00000E+00 2.93709E-02
  3.80000E+00 2.16217E-02 0.00000E+00 2.16217E-02
  4.00000E+00 1.48923E-02 0.00000E+00 1.48923E-02
  4.20000E+00 7.23524E-03 0.00000E+00 7.23524E-03
  4.40000E+00 1.32631E-02 8.33220E-03 4.93086E-03
  4.60000E+00 1.35201E-02 9.37340E-03 4.14665E-03
  4.80000E+00 1.46496E-02 1.07221E-02 3.92744E-03
  5.00000E+00 1.43135E-02 1.04089E-02 3.90464E-03
  5.50000E+00 1.72112E-02 1.30169E-02 4.19424E-03
  6.00000E+00 2.10294E-02 1.62830E-02 4.74649E-03
  6.50000E+00 2.60966E-02 2.06149E-02 5.48167E-03
  7.00000E+00 3.26866E-02 2.65218E-02 6.16482E-03
  7.50000E+00 4.10558E-02 3.45079E-02 6.54794E-03
  8.00000E+00 5.17947E-02 4.52939E-02 6.50082E-03
  8.50000E+00 6.51464E-02 5.90910E-02 6.05537E-03
  9.00000E+00 8.09116E-02 7.56386E-02 5.27304E-03
  9.50000E+00 9.85205E-02 9.42294E-02 4.29105E-03
  1.00000E+01 1.15820E-01 1.12607E-01 3.21320E-03
  1.10000E+01 1.36300E-01 1.34965E-01 1.33546E-03
  1.20000E+01 1.28502E-01 1.28104E-01 3.97593E-04
  1.30000E+01 1.05767E-01 1.05662E-01 1.04927E-04
  1.40000E+01 8.36902E-02 8.36625E-02 2.76864E-05
  1.50000E+01 6.65592E-02 6.65516E-02 7.57724E-06
  1.60000E+01 5.39389E-02 5.39367E-02 2.13459E-06
  1.70000E+01 4.48383E-02 4.48377E-02 6.14673E-07
  1.80000E+01 3.91776E-02 3.91774E-02 1.82539E-07
  1.90000E+01 3.39070E-02 3.39070E-02 5.58794E-08
  2.00000E+01 2.99067E-02 2.99067E-02 1.86265E-08
  2.20000E+01 2.45808E-02 2.45808E-02 1.86265E-09
  2.40000E+01 2.11644E-02 2.11644E-02 0.00000E+00
  2.60000E+01 1.86251E-02 1.86251E-02 0.00000E+00
  2.80000E+01 1.68482E-02 1.68482E-02 0.00000E+00
  3.00000E+01 1.53678E-02 1.53678E-02 0.00000E+00

   (n,g)   to level  3 of 209Pb: 2.5+ at 1.56709 MeV

  Energy     Total      Direct      Compound

  1.00000E+00 6.69764E-02 0.00000E+00 6.69764E-02
  1.20000E+00 7.32144E-02 0.00000E+00 7.32144E-02
  1.40000E+00 8.15428E-02 0.00000E+00 8.15428E-02
  1.60000E+00 9.19997E-02 0.00000E+00 9.19997E-02
  1.80000E+00 1.04584E-01 0.00000E+00 1.04584E-01
  2.00000E+00 1.19388E-01 0.00000E+00 1.19388E-01
  2.20000E+00 1.36461E-01 0.00000E+00 1.36461E-01
  2.40000E+00 1.56387E-01 0.00000E+00 1.56387E-01
  2.60000E+00 1.79063E-01 0.00000E+00 1.79063E-01
  2.80000E+00 1.51462E-01 0.00000E+00 1.51462E-01
  3.00000E+00 1.50254E-01 0.00000E+00 1.50254E-01
  3.20000E+00 1.54850E-01 0.00000E+00 1.54850E-01
  3.40000E+00 1.60742E-01 0.00000E+00 1.60742E-01
  3.60000E+00 1.61026E-01 0.00000E+00 1.61026E-01
  3.80000E+00 1.62923E-01 0.00000E+00 1.62923E-01
  4.00000E+00 1.63442E-01 0.00000E+00 1.63442E-01
  4.20000E+00 1.46510E-01 0.00000E+00 1.46510E-01
  4.40000E+00 1.27774E-01 5.42983E-03 1.22345E-01
  4.60000E+00 1.07487E-01 6.26347E-03 1.01224E-01
  4.80000E+00 9.09051E-02 6.08604E-03 8.48191E-02
  5.00000E+00 7.85299E-02 6.83801E-03 7.16919E-02
  5.50000E+00 5.70462E-02 8.58391E-03 4.84623E-02
  6.00000E+00 4.43085E-02 1.07399E-02 3.35686E-02
  6.50000E+00 3.75846E-02 1.35688E-02 2.40159E-02
  7.00000E+00 3.52959E-02 1.74281E-02 1.78678E-02
  7.50000E+00 3.64509E-02 2.27051E-02 1.37459E-02
  8.00000E+00 4.04787E-02 2.97218E-02 1.07568E-02
  8.50000E+00 4.76904E-02 3.91838E-02 8.50656E-03
  9.00000E+00 5.73894E-02 5.06938E-02 6.69565E-03
  9.50000E+00 6.94429E-02 6.42743E-02 5.16863E-03
  1.00000E+01 8.27067E-02 7.89115E-02 3.79515E-03
  1.10000E+01 1.02873E-01 1.01290E-01 1.58276E-03
  1.20000E+01 1.01795E-01 1.01333E-01 4.61362E-04
  1.30000E+01 8.56624E-02 8.55489E-02 1.13480E-04
  1.40000E+01 6.78931E-02 6.78658E-02 2.72766E-05
  1.50000E+01 5.38415E-02 5.38347E-02 6.84336E-06
  1.60000E+01 4.33012E-02 4.32993E-02 1.80677E-06
  1.70000E+01 3.57810E-02 3.57805E-02 4.99189E-07
  1.80000E+01 3.02987E-02 3.02985E-02 1.43424E-07
  1.90000E+01 2.62230E-02 2.62230E-02 4.28408E-08
  2.00000E+01 2.31289E-02 2.31289E-02 1.30385E-08
  2.20000E+01 1.90103E-02 1.90103E-02 1.86265E-09
  2.40000E+01 1.63679E-02 1.63679E-02 0.00000E+00
  2.60000E+01 1.44043E-02 1.44043E-02 0.00000E+00
  2.80000E+01 1.30299E-02 1.30299E-02 0.00000E+00
  3.00000E+01 1.19620E-02 1.19620E-02 0.00000E+00

   (n,g)   to level  4 of 209Pb: 0.5+ at 2.03221 MeV

  Energy     Total      Direct      Compound

  1.00000E+00 1.22455E-02 0.00000E+00 1.22455E-02
  1.20000E+00 1.36439E-02 0.00000E+00 1.36439E-02
  1.40000E+00 1.54841E-02 0.00000E+00 1.54841E-02
  1.60000E+00 1.77199E-02 0.00000E+00 1.77199E-02
  1.80000E+00 2.03989E-02 0.00000E+00 2.03989E-02
  2.00000E+00 2.35809E-02 0.00000E+00 2.35809E-02
  2.20000E+00 2.73178E-02 0.00000E+00 2.73178E-02
  2.40000E+00 3.16835E-02 0.00000E+00 3.16835E-02
  2.60000E+00 3.67103E-02 0.00000E+00 3.67103E-02
  2.80000E+00 3.91409E-02 0.00000E+00 3.91409E-02
  3.00000E+00 4.01274E-02 0.00000E+00 4.01274E-02
  3.20000E+00 4.20533E-02 0.00000E+00 4.20533E-02
  3.40000E+00 4.48345E-02 0.00000E+00 4.48345E-02
  3.60000E+00 4.81681E-02 0.00000E+00 4.81681E-02
  3.80000E+00 5.15663E-02 0.00000E+00 5.15663E-02
  4.00000E+00 5.52629E-02 0.00000E+00 5.52629E-02
  4.20000E+00 5.42178E-02 0.00000E+00 5.42178E-02
  4.40000E+00 4.82543E-02 4.45369E-03 4.38006E-02
  4.60000E+00 3.99762E-02 4.32898E-03 3.56472E-02
  4.80000E+00 3.46039E-02 4.89922E-03 2.97047E-02
  5.00000E+00 3.07138E-02 5.64434E-03 2.50695E-02
  5.50000E+00 2.41480E-02 7.12744E-03 1.70205E-02
  6.00000E+00 2.08718E-02 8.94278E-03 1.19290E-02
  6.50000E+00 1.99644E-02 1.13000E-02 8.66433E-03
  7.00000E+00 2.10216E-02 1.44916E-02 6.53004E-03
  7.50000E+00 2.39739E-02 1.88566E-02 5.11730E-03
  8.00000E+00 2.87835E-02 2.47074E-02 4.07604E-03
  8.50000E+00 3.58000E-02 3.25081E-02 3.29184E-03
  9.00000E+00 4.50472E-02 4.23873E-02 2.65981E-03
  9.50000E+00 5.63092E-02 5.41776E-02 2.13162E-03
  1.00000E+01 6.90941E-02 6.74302E-02 1.66392E-03
  1.10000E+01 9.19678E-02 9.11308E-02 8.36968E-04
  1.20000E+01 9.72622E-02 9.69725E-02 2.89723E-04
  1.30000E+01 8.50971E-02 8.50209E-02 7.61971E-05
  1.40000E+01 6.81605E-02 6.81418E-02 1.86488E-05
  1.50000E+01 5.39564E-02 5.39518E-02 4.64171E-06
  1.60000E+01 4.31611E-02 4.31599E-02 1.21817E-06
  1.70000E+01 3.54340E-02 3.54337E-02 3.35276E-07
  1.80000E+01 2.98348E-02 2.98347E-02 9.68575E-08
  1.90000E+01 2.64313E-02 2.64313E-02 2.79397E-08
  2.00000E+01 2.31247E-02 2.31247E-02 9.31323E-09
  2.20000E+01 1.86768E-02 1.86768E-02 0.00000E+00
  2.40000E+01 1.59263E-02 1.59263E-02 0.00000E+00
  2.60000E+01 1.39474E-02 1.39474E-02 0.00000E+00
  2.80000E+01 1.25374E-02 1.25374E-02 0.00000E+00
  3.00000E+01 1.15010E-02 1.15010E-02 0.00000E+00

   (n,g)   to level  5 of 209Pb: 0.5- at 2.14943 MeV

  Energy     Total      Direct      Compound

  1.00000E+00 1.02817E-02 0.00000E+00 1.02817E-02
  1.20000E+00 1.15284E-02 0.00000E+00 1.15284E-02
  1.40000E+00 1.31418E-02 0.00000E+00 1.31418E-02
  1.60000E+00 1.51400E-02 0.00000E+00 1.51400E-02
  1.80000E+00 1.75183E-02 0.00000E+00 1.75183E-02
  2.00000E+00 2.03252E-02 0.00000E+00 2.03252E-02
  2.20000E+00 2.36563E-02 0.00000E+00 2.36563E-02
  2.40000E+00 2.75350E-02 0.00000E+00 2.75350E-02
  2.60000E+00 3.20403E-02 0.00000E+00 3.20403E-02
  2.80000E+00 3.18831E-02 0.00000E+00 3.18831E-02
  3.00000E+00 3.31320E-02 0.00000E+00 3.31320E-02
  3.20000E+00 3.48391E-02 0.00000E+00 3.48391E-02
  3.40000E+00 3.65948E-02 0.00000E+00 3.65948E-02
  3.60000E+00 3.79003E-02 0.00000E+00 3.79003E-02
  3.80000E+00 3.88851E-02 0.00000E+00 3.88851E-02
  4.00000E+00 3.92853E-02 0.00000E+00 3.92853E-02
  4.20000E+00 3.44231E-02 0.00000E+00 3.44231E-02
  4.40000E+00 3.00189E-02 1.81243E-03 2.82065E-02
  4.60000E+00 2.47768E-02 1.76168E-03 2.30152E-02
  4.80000E+00 2.09157E-02 2.04935E-03 1.88663E-02
  5.00000E+00 1.80279E-02 2.31718E-03 1.57108E-02
  5.50000E+00 1.32889E-02 2.94971E-03 1.03392E-02
  6.00000E+00 1.09541E-02 3.71510E-03 7.23900E-03
  6.50000E+00 1.00829E-02 4.69531E-03 5.38761E-03
  7.00000E+00 1.02018E-02 6.00889E-03 4.19292E-03
  7.50000E+00 1.11769E-02 7.80600E-03 3.37088E-03
  8.00000E+00 1.29911E-02 1.02413E-02 2.74980E-03
  8.50000E+00 1.57014E-02 1.34382E-02 2.26319E-03
  9.00000E+00 1.95784E-02 1.77075E-02 1.87086E-03
  9.50000E+00 2.44017E-02 2.28751E-02 1.52659E-03
  1.00000E+01 3.01930E-02 2.89757E-02 1.21729E-03
  1.10000E+01 4.23027E-02 4.16536E-02 6.49128E-04
  1.20000E+01 4.75653E-02 4.73254E-02 2.39883E-04
  1.30000E+01 4.30923E-02 4.30265E-02 6.58222E-05
  1.40000E+01 3.48267E-02 3.48102E-02 1.65403E-05
  1.50000E+01 2.75182E-02 2.75140E-02 4.18723E-06
  1.60000E+01 2.19030E-02 2.19019E-02 1.11759E-06
  1.70000E+01 1.78734E-02 1.78731E-02 3.11062E-07
  1.80000E+01 1.49689E-02 1.49689E-02 9.12696E-08
  1.90000E+01 1.35495E-02 1.35495E-02 2.79397E-08
  2.00000E+01 1.17677E-02 1.17677E-02 8.38190E-09
  2.20000E+01 9.35054E-03 9.35054E-03 9.31323E-10
  2.40000E+01 7.90041E-03 7.90041E-03 0.00000E+00
  2.60000E+01 6.88608E-03 6.88608E-03 0.00000E+00
  2.80000E+01 6.15184E-03 6.15184E-03 0.00000E+00
  3.00000E+01 5.60327E-03 5.60327E-03 0.00000E+00

   (n,g)   to level  6 of 209Pb: 1.5- at 2.31593 MeV

  Energy     Total      Direct      Compound

  1.00000E+00 1.59153E-02 0.00000E+00 1.59153E-02
  1.20000E+00 1.80742E-02 0.00000E+00 1.80742E-02
  1.40000E+00 2.07998E-02 0.00000E+00 2.07998E-02
  1.60000E+00 2.41778E-02 0.00000E+00 2.41778E-02
  1.80000E+00 2.82356E-02 0.00000E+00 2.82356E-02
  2.00000E+00 3.30273E-02 0.00000E+00 3.30273E-02
  2.20000E+00 3.86577E-02 0.00000E+00 3.86577E-02
  2.40000E+00 4.53108E-02 0.00000E+00 4.53108E-02
  2.60000E+00 5.30361E-02 0.00000E+00 5.30361E-02
  2.80000E+00 4.64296E-02 0.00000E+00 4.64296E-02
  3.00000E+00 4.60312E-02 0.00000E+00 4.60312E-02
  3.20000E+00 4.76499E-02 0.00000E+00 4.76499E-02
  3.40000E+00 4.97389E-02 0.00000E+00 4.97389E-02
  3.60000E+00 5.12974E-02 0.00000E+00 5.12974E-02
  3.80000E+00 5.16229E-02 0.00000E+00 5.16229E-02
  4.00000E+00 5.20068E-02 0.00000E+00 5.20068E-02
  4.20000E+00 4.53470E-02 0.00000E+00 4.53470E-02
  4.40000E+00 3.88178E-02 1.49574E-03 3.73221E-02
  4.60000E+00 3.24650E-02 1.70486E-03 3.07602E-02
  4.80000E+00 2.71185E-02 1.65656E-03 2.54620E-02
  5.00000E+00 2.34890E-02 2.24244E-03 2.12466E-02
  5.50000E+00 1.69907E-02 2.85457E-03 1.41361E-02
  6.00000E+00 1.35021E-02 3.59526E-03 9.90683E-03
  6.50000E+00 1.18883E-02 4.54393E-03 7.34436E-03
  7.00000E+00 1.15192E-02 5.81515E-03 5.70406E-03
  7.50000E+00 1.21282E-02 7.55432E-03 4.57385E-03
  8.00000E+00 1.36364E-02 9.91105E-03 3.72532E-03
  8.50000E+00 1.60644E-02 1.30050E-02 3.05944E-03
  9.00000E+00 1.96649E-02 1.71365E-02 2.52841E-03
  9.50000E+00 2.42108E-02 2.21374E-02 2.07336E-03
  1.00000E+01 2.97085E-02 2.80413E-02 1.66715E-03
  1.10000E+01 4.12409E-02 4.03106E-02 9.30257E-04
  1.20000E+01 4.61640E-02 4.57996E-02 3.64438E-04
  1.30000E+01 4.17431E-02 4.16392E-02 1.03902E-04
  1.40000E+01 3.53722E-02 3.53460E-02 2.61366E-05
  1.50000E+01 2.80019E-02 2.79953E-02 6.65337E-06
  1.60000E+01 2.22185E-02 2.22168E-02 1.75834E-06
  1.70000E+01 1.79810E-02 1.79805E-02 4.88013E-07
  1.80000E+01 1.49628E-02 1.49627E-02 1.41561E-07
  1.90000E+01 1.31127E-02 1.31126E-02 4.28408E-08
  2.00000E+01 1.13881E-02 1.13881E-02 1.30385E-08
  2.20000E+01 9.04906E-03 9.04906E-03 1.86265E-09
  2.40000E+01 7.64558E-03 7.64558E-03 0.00000E+00
  2.60000E+01 6.66405E-03 6.66405E-03 0.00000E+00
  2.80000E+01 5.95341E-03 5.95341E-03 0.00000E+00
  3.00000E+01 5.42261E-03 5.42261E-03 0.00000E+00

   (n,g)   to level  7 of 209Pb: 3.5- at 2.42400 MeV

  Energy     Total      Direct      Compound

  1.00000E+00 2.37228E-02 0.00000E+00 2.37228E-02
  1.20000E+00 2.80655E-02 0.00000E+00 2.80655E-02
  1.40000E+00 3.31510E-02 0.00000E+00 3.31510E-02
  1.60000E+00 3.91858E-02 0.00000E+00 3.91858E-02
  1.80000E+00 4.64185E-02 0.00000E+00 4.64185E-02
  2.00000E+00 5.48412E-02 0.00000E+00 5.48412E-02
  2.20000E+00 6.46971E-02 0.00000E+00 6.46971E-02
  2.40000E+00 7.62713E-02 0.00000E+00 7.62713E-02
  2.60000E+00 8.97304E-02 0.00000E+00 8.97304E-02
  2.80000E+00 5.76264E-02 0.00000E+00 5.76264E-02
  3.00000E+00 5.19828E-02 0.00000E+00 5.19828E-02
  3.20000E+00 5.20341E-02 0.00000E+00 5.20341E-02
  3.40000E+00 4.64821E-02 0.00000E+00 4.64821E-02
  3.60000E+00 4.30887E-02 0.00000E+00 4.30887E-02
  3.80000E+00 4.03658E-02 0.00000E+00 4.03658E-02
  4.00000E+00 3.85162E-02 0.00000E+00 3.85162E-02
  4.20000E+00 3.26159E-02 0.00000E+00 3.26159E-02
  4.40000E+00 2.82059E-02 6.53851E-04 2.75521E-02
  4.60000E+00 2.45373E-02 9.00779E-04 2.36365E-02
  4.80000E+00 2.15494E-02 8.75262E-04 2.06742E-02
  5.00000E+00 1.91645E-02 1.01725E-03 1.81473E-02
  5.50000E+00 1.46203E-02 1.30316E-03 1.33171E-02
  6.00000E+00 1.15275E-02 1.65103E-03 9.87650E-03
  6.50000E+00 9.69939E-03 2.09254E-03 7.60685E-03
  7.00000E+00 8.77000E-03 2.67837E-03 6.09163E-03
  7.50000E+00 8.46450E-03 3.47402E-03 4.99048E-03
  8.00000E+00 8.68948E-03 4.55223E-03 4.13725E-03
  8.50000E+00 9.41599E-03 5.97906E-03 3.43692E-03
  9.00000E+00 1.07268E-02 7.86247E-03 2.86436E-03
  9.50000E+00 1.25868E-02 1.02364E-02 2.35040E-03
  1.00000E+01 1.49786E-02 1.30726E-02 1.90605E-03
  1.10000E+01 2.05595E-02 1.94712E-02 1.08836E-03
  1.20000E+01 2.39470E-02 2.35036E-02 4.43386E-04
  1.30000E+01 2.26435E-02 2.25145E-02 1.28949E-04
  1.40000E+01 1.95840E-02 1.95514E-02 3.25292E-05
  1.50000E+01 1.55226E-02 1.55144E-02 8.17701E-06
  1.60000E+01 1.22800E-02 1.22778E-02 2.14856E-06
  1.70000E+01 9.86191E-03 9.86132E-03 5.87665E-07
  1.80000E+01 8.15752E-03 8.15735E-03 1.68569E-07
  1.90000E+01 6.92828E-03 6.92823E-03 5.07571E-08
  2.00000E+01 6.01693E-03 6.01691E-03 1.58325E-08
  2.20000E+01 4.78119E-03 4.78119E-03 1.39698E-09
  2.40000E+01 4.03954E-03 4.03954E-03 0.00000E+00
  2.60000E+01 3.52104E-03 3.52104E-03 0.00000E+00
  2.80000E+01 3.14548E-03 3.14548E-03 0.00000E+00
  3.00000E+01 2.86511E-03 2.86511E-03 0.00000E+00

   (n,g)   to level  8 of 209Pb: 2.5- at 2.46100 MeV

  Energy     Total      Direct      Compound

  1.00000E+00 1.85949E-02 0.00000E+00 1.85949E-02
  1.20000E+00 2.14533E-02 0.00000E+00 2.14533E-02
  1.40000E+00 2.49865E-02 0.00000E+00 2.49865E-02
  1.60000E+00 2.92774E-02 0.00000E+00 2.92774E-02
  1.80000E+00 3.45015E-02 0.00000E+00 3.45015E-02
  2.00000E+00 4.06436E-02 0.00000E+00 4.06436E-02
  2.20000E+00 4.78706E-02 0.00000E+00 4.78706E-02
  2.40000E+00 5.63621E-02 0.00000E+00 5.63621E-02
  2.60000E+00 6.63051E-02 0.00000E+00 6.63051E-02
  2.80000E+00 4.69859E-02 0.00000E+00 4.69859E-02
  3.00000E+00 4.37709E-02 0.00000E+00 4.37709E-02
  3.20000E+00 4.43105E-02 0.00000E+00 4.43105E-02
  3.40000E+00 4.48253E-02 0.00000E+00 4.48253E-02
  3.60000E+00 4.46032E-02 0.00000E+00 4.46032E-02
  3.80000E+00 4.40338E-02 0.00000E+00 4.40338E-02
  4.00000E+00 4.34888E-02 0.00000E+00 4.34888E-02
  4.20000E+00 3.72311E-02 0.00000E+00 3.72311E-02
  4.40000E+00 3.13184E-02 3.01974E-04 3.10164E-02
  4.60000E+00 2.61530E-02 4.16015E-04 2.57370E-02
  4.80000E+00 2.20920E-02 4.04230E-04 2.16877E-02
  5.00000E+00 1.87573E-02 3.92420E-04 1.83648E-02
  5.50000E+00 1.30495E-02 5.07137E-04 1.25423E-02
  6.00000E+00 9.56127E-03 6.47709E-04 8.91356E-03
  6.50000E+00 7.49838E-03 8.24048E-04 6.67433E-03
  7.00000E+00 6.29160E-03 1.05497E-03 5.23663E-03
  7.50000E+00 5.59125E-03 1.36550E-03 4.22575E-03
  8.00000E+00 5.25738E-03 1.78640E-03 3.47098E-03
  8.50000E+00 5.21838E-03 2.34932E-03 2.86906E-03
  9.00000E+00 5.46756E-03 3.08092E-03 2.38665E-03
  9.50000E+00 6.01078E-03 4.05339E-03 1.95739E-03
  1.00000E+01 6.82620E-03 5.23250E-03 1.59370E-03
  1.10000E+01 9.07185E-03 8.14866E-03 9.23184E-04
  1.20000E+01 1.09185E-02 1.05340E-02 3.84538E-04
  1.30000E+01 1.07492E-02 1.06356E-02 1.13650E-04
  1.40000E+01 9.05862E-03 9.02962E-03 2.90032E-05
  1.50000E+01 7.17280E-03 7.16546E-03 7.33975E-06
  1.60000E+01 5.67256E-03 5.67062E-03 1.93994E-06
  1.70000E+01 4.55506E-03 4.55453E-03 5.34113E-07
  1.80000E+01 3.76769E-03 3.76754E-03 1.54600E-07
  1.90000E+01 3.19964E-03 3.19959E-03 4.65661E-08
  2.00000E+01 2.77897E-03 2.77896E-03 1.44355E-08
  2.20000E+01 2.20805E-03 2.20805E-03 1.39698E-09
  2.40000E+01 1.86569E-03 1.86569E-03 2.32831E-10
  2.60000E+01 1.62609E-03 1.62609E-03 0.00000E+00
  2.80000E+01 1.45277E-03 1.45277E-03 0.00000E+00
  3.00000E+01 1.32316E-03 1.32316E-03 0.00000E+00

   (n,g)   to level  9 of 209Pb: 3.5+ at 2.49100 MeV

  Energy     Total      Direct      Compound

  1.00000E+00 1.88820E-02 0.00000E+00 1.88820E-02
  1.20000E+00 2.29423E-02 0.00000E+00 2.29423E-02
  1.40000E+00 2.78602E-02 0.00000E+00 2.78602E-02
  1.60000E+00 3.37177E-02 0.00000E+00 3.37177E-02
  1.80000E+00 4.07201E-02 0.00000E+00 4.07201E-02
  2.00000E+00 4.89306E-02 0.00000E+00 4.89306E-02
  2.20000E+00 5.85327E-02 0.00000E+00 5.85327E-02
  2.40000E+00 6.97488E-02 0.00000E+00 6.97488E-02
  2.60000E+00 8.28927E-02 0.00000E+00 8.28927E-02
  2.80000E+00 6.57678E-02 0.00000E+00 6.57678E-02
  3.00000E+00 6.33244E-02 0.00000E+00 6.33244E-02
  3.20000E+00 6.64432E-02 0.00000E+00 6.64432E-02
  3.40000E+00 6.41502E-02 0.00000E+00 6.41502E-02
  3.60000E+00 6.28847E-02 0.00000E+00 6.28847E-02
  3.80000E+00 6.36234E-02 0.00000E+00 6.36234E-02
  4.00000E+00 6.36148E-02 0.00000E+00 6.36148E-02
  4.20000E+00 5.70798E-02 0.00000E+00 5.70798E-02
  4.40000E+00 5.09122E-02 2.88142E-04 5.06241E-02
  4.60000E+00 4.48975E-02 3.96959E-04 4.45006E-02
  4.80000E+00 4.00043E-02 3.85714E-04 3.96186E-02
  5.00000E+00 3.56289E-02 3.74445E-04 3.52545E-02
  5.50000E+00 2.67349E-02 4.83907E-04 2.62510E-02
  6.00000E+00 1.97321E-02 6.18040E-04 1.91141E-02
  6.50000E+00 1.46529E-02 7.86302E-04 1.38666E-02
  7.00000E+00 1.12582E-02 1.00664E-03 1.02516E-02
  7.50000E+00 9.04039E-03 1.30296E-03 7.73744E-03
  8.00000E+00 7.65340E-03 1.70458E-03 5.94882E-03
  8.50000E+00 6.87005E-03 2.24170E-03 4.62835E-03
  9.00000E+00 6.58887E-03 2.93980E-03 3.64907E-03
  9.50000E+00 6.72641E-03 3.86773E-03 2.85868E-03
  1.00000E+01 7.22348E-03 4.99282E-03 2.23065E-03
  1.10000E+01 8.98663E-03 7.77541E-03 1.21122E-03
  1.20000E+01 1.05327E-02 1.00515E-02 4.81206E-04
  1.30000E+01 1.02850E-02 1.01484E-02 1.36584E-04
  1.40000E+01 8.64960E-03 8.61601E-03 3.35872E-05
  1.50000E+01 6.84526E-03 6.83705E-03 8.21147E-06
  1.60000E+01 5.41282E-03 5.41072E-03 2.10712E-06
  1.70000E+01 4.34635E-03 4.34578E-03 5.66244E-07
  1.80000E+01 3.59502E-03 3.59486E-03 1.60420E-07
  1.90000E+01 3.05317E-03 3.05312E-03 4.74975E-08
  2.00000E+01 2.65161E-03 2.65159E-03 1.46683E-08
  2.20000E+01 2.10697E-03 2.10697E-03 1.39698E-09
  2.40000E+01 1.78018E-03 1.78018E-03 1.16415E-10
  2.60000E+01 1.55165E-03 1.55165E-03 0.00000E+00
  2.80000E+01 1.38618E-03 1.38618E-03 0.00000E+00
  3.00000E+01 1.26259E-03 1.26259E-03 0.00000E+00

   (n,g)   to level 10 of 209Pb: 1.5- at 2.52493 MeV

  Energy     Total      Direct      Compound

  1.00000E+00 1.15265E-02 0.00000E+00 1.15265E-02
  1.20000E+00 1.32992E-02 0.00000E+00 1.32992E-02
  1.40000E+00 1.55348E-02 0.00000E+00 1.55348E-02
  1.60000E+00 1.82482E-02 0.00000E+00 1.82482E-02
  1.80000E+00 2.15389E-02 0.00000E+00 2.15389E-02
  2.00000E+00 2.54659E-02 0.00000E+00 2.54659E-02
  2.20000E+00 3.00812E-02 0.00000E+00 3.00812E-02
  2.40000E+00 3.54878E-02 0.00000E+00 3.54878E-02
  2.60000E+00 4.18687E-02 0.00000E+00 4.18687E-02
  2.80000E+00 3.69199E-02 0.00000E+00 3.69199E-02
  3.00000E+00 3.68379E-02 0.00000E+00 3.68379E-02
  3.20000E+00 3.83265E-02 0.00000E+00 3.83265E-02
  3.40000E+00 4.02480E-02 0.00000E+00 4.02480E-02
  3.60000E+00 4.15700E-02 0.00000E+00 4.15700E-02
  3.80000E+00 4.22698E-02 0.00000E+00 4.22698E-02
  4.00000E+00 4.25776E-02 0.00000E+00 4.25776E-02
  4.20000E+00 3.73195E-02 0.00000E+00 3.73195E-02
  4.40000E+00 3.11024E-02 1.52925E-04 3.09495E-02
  4.60000E+00 2.56923E-02 1.79661E-04 2.55126E-02
  4.80000E+00 2.14973E-02 2.04710E-04 2.12926E-02
  5.00000E+00 1.81004E-02 1.98729E-04 1.79017E-02
  5.50000E+00 1.23138E-02 2.56824E-04 1.20570E-02
  6.00000E+00 8.84881E-03 3.28012E-04 8.52080E-03
  6.50000E+00 6.74007E-03 4.17314E-04 6.32275E-03
  7.00000E+00 5.43464E-03 5.34256E-04 4.90038E-03
  7.50000E+00 4.59609E-03 6.91518E-04 3.90457E-03
  8.00000E+00 4.07705E-03 9.04669E-04 3.17238E-03
  8.50000E+00 3.78922E-03 1.18974E-03 2.59948E-03
  9.00000E+00 3.70840E-03 1.56024E-03 2.14816E-03
  9.50000E+00 3.81374E-03 2.05272E-03 1.76102E-03
  1.00000E+01 4.07691E-03 2.64984E-03 1.42707E-03
  1.10000E+01 4.96029E-03 4.12664E-03 8.33645E-04
  1.20000E+01 5.68868E-03 5.33462E-03 3.54062E-04
  1.30000E+01 5.49220E-03 5.38605E-03 1.06149E-04
  1.40000E+01 4.59997E-03 4.57277E-03 2.71918E-05
  1.50000E+01 3.63570E-03 3.62883E-03 6.86571E-06
  1.60000E+01 2.87360E-03 2.87179E-03 1.81026E-06
  1.70000E+01 2.30707E-03 2.30657E-03 4.98490E-07
  1.80000E+01 1.90815E-03 1.90801E-03 1.44239E-07
  1.90000E+01 1.62033E-03 1.62029E-03 4.34229E-08
  2.00000E+01 1.40737E-03 1.40736E-03 1.35042E-08
  2.20000E+01 1.11817E-03 1.11817E-03 1.39698E-09
  2.40000E+01 9.44850E-04 9.44850E-04 1.74623E-10
  2.60000E+01 8.23459E-04 8.23459E-04 0.00000E+00
  2.80000E+01 7.35730E-04 7.35730E-04 0.00000E+00
  3.00000E+01 6.70057E-04 6.70057E-04 0.00000E+00

 Continuum exclusive   (n,g)   scattering

  Energy     Total      Continuum   (n,gg)

  1.00000E+00 2.85221E-01 1.40698E-01 1.44523E-01
  1.20000E+00 3.82545E-01 1.88511E-01 1.94034E-01
  1.40000E+00 5.14257E-01 2.53043E-01 2.61215E-01
  1.60000E+00 6.82080E-01 3.35132E-01 3.46948E-01
  1.80000E+00 8.98380E-01 4.40641E-01 4.57739E-01
  2.00000E+00 1.17787E+00 5.76415E-01 6.01458E-01
  2.20000E+00 1.53237E+00 7.47980E-01 7.84386E-01
  2.40000E+00 1.98475E+00 9.65831E-01 1.01892E+00
  2.60000E+00 2.55910E+00 1.24108E+00 1.31802E+00
  2.80000E+00 2.42210E+00 1.16639E+00 1.25571E+00
  3.00000E+00 2.48634E+00 1.19014E+00 1.29620E+00
  3.20000E+00 2.69917E+00 1.28433E+00 1.41484E+00
  3.40000E+00 2.01990E+00 9.62486E-01 1.05742E+00
  3.60000E+00 1.96409E+00 9.35364E-01 1.02872E+00
  3.80000E+00 1.90694E+00 9.07712E-01 9.99230E-01
  4.00000E+00 1.84122E+00 8.77284E-01 9.63937E-01
  4.20000E+00 1.62518E+00 7.77465E-01 8.47713E-01
  4.40000E+00 1.40273E+00 6.70650E-01 7.32082E-01
  4.60000E+00 1.26850E+00 6.05455E-01 6.63048E-01
  4.80000E+00 1.16986E+00 5.56774E-01 6.13083E-01
  5.00000E+00 1.06816E+00 5.06921E-01 5.61239E-01
  5.50000E+00 9.17382E-01 4.31167E-01 4.86215E-01
  6.00000E+00 7.81581E-01 3.63771E-01 4.17810E-01
  6.50000E+00 7.05220E-01 3.24154E-01 3.81067E-01
  7.00000E+00 6.47584E-01 2.93711E-01 3.53874E-01
  7.50000E+00 6.26056E-01 2.80608E-01 3.45448E-01
  8.00000E+00 6.16214E-01 2.74749E-01 3.41466E-01
  8.50000E+00 6.08905E-01 2.70382E-01 3.38523E-01
  9.00000E+00 6.28856E-01 2.79133E-01 3.49723E-01
  9.50000E+00 6.65896E-01 2.98021E-01 3.67875E-01
  1.00000E+01 7.31735E-01 3.29031E-01 4.02705E-01
  1.10000E+01 9.55850E-01 4.33213E-01 5.22638E-01
  1.20000E+01 1.27387E+00 5.79076E-01 6.94793E-01
  1.30000E+01 1.54904E+00 6.90257E-01 8.58785E-01
  1.40000E+01 1.68022E+00 7.26123E-01 9.54101E-01
  1.50000E+01 1.72423E+00 7.07258E-01 1.01697E+00
  1.60000E+01 1.61507E+00 6.39931E-01 9.75143E-01
  1.70000E+01 1.49663E+00 5.60566E-01 9.36066E-01
  1.80000E+01 1.21627E+00 4.55468E-01 7.60805E-01
  1.90000E+01 1.07060E+00 3.80990E-01 6.89609E-01
  2.00000E+01 9.12672E-01 3.19897E-01 5.92775E-01
  2.20000E+01 6.38282E-01 2.32786E-01 4.05497E-01
  2.40000E+01 4.62641E-01 1.75959E-01 2.86681E-01
  2.60000E+01 3.65419E-01 1.43609E-01 2.21810E-01
  2.80000E+01 2.94999E-01 1.16500E-01 1.78499E-01
  3.00000E+01 2.58140E-01 1.03043E-01 1.55096E-01

 Total exclusive Inelastic scattering

  Energy     Total      Discrete   Continuum     (n,gn)

  1.00000E+00 0.00000E+00 0.00000E+00 0.00000E+00 7.43781E-03
  1.20000E+00 0.00000E+00 0.00000E+00 0.00000E+00 1.47953E-02
  1.40000E+00 0.00000E+00 0.00000E+00 0.00000E+00 2.63337E-02
  1.60000E+00 0.00000E+00 0.00000E+00 0.00000E+00 4.60884E-02
  1.80000E+00 0.00000E+00 0.00000E+00 0.00000E+00 7.63147E-02
  2.00000E+00 0.00000E+00 0.00000E+00 0.00000E+00 1.20914E-01
  2.20000E+00 0.00000E+00 0.00000E+00 0.00000E+00 1.86560E-01
  2.40000E+00 0.00000E+00 0.00000E+00 0.00000E+00 2.79545E-01
  2.60000E+00 0.00000E+00 0.00000E+00 0.00000E+00 4.09523E-01
  2.80000E+00 3.16140E+02 3.16140E+02 0.00000E+00 4.16910E-01
  3.00000E+00 5.13703E+02 5.13703E+02 0.00000E+00 4.84326E-01
  3.20000E+00 6.62818E+02 6.62818E+02 0.00000E+00 5.92787E-01
  3.40000E+00 8.73114E+02 8.73114E+02 0.00000E+00 6.18040E-01
  3.60000E+00 1.06987E+03 1.06987E+03 0.00000E+00 6.99539E-01
  3.80000E+00 1.25874E+03 1.25874E+03 0.00000E+00 8.01662E-01
  4.00000E+00 1.44171E+03 1.44171E+03 0.00000E+00 9.09177E-01
  4.20000E+00 1.69068E+03 1.69068E+03 0.00000E+00 9.17843E-01
  4.40000E+00 1.93531E+03 1.85603E+03 7.92814E+01 9.14116E-01
  4.60000E+00 2.12295E+03 1.85112E+03 2.71827E+02 8.95710E-01
  4.80000E+00 2.25892E+03 1.75139E+03 5.07529E+02 8.91250E-01
  5.00000E+00 2.35470E+03 1.60777E+03 7.46921E+02 9.06032E-01
  5.50000E+00 2.48041E+03 1.22169E+03 1.25872E+03 9.33911E-01
  6.00000E+00 2.52030E+03 8.93908E+02 1.62639E+03 9.76073E-01
  6.50000E+00 2.53188E+03 6.39221E+02 1.89266E+03 1.02733E+00
  7.00000E+00 2.54384E+03 4.54403E+02 2.08944E+03 1.11211E+00
  7.50000E+00 2.56603E+03 3.29102E+02 2.23693E+03 1.21378E+00
  8.00000E+00 2.48100E+03 2.44887E+02 2.23611E+03 1.32490E+00
  8.50000E+00 2.26939E+03 1.89090E+02 2.08030E+03 1.44268E+00
  9.00000E+00 1.97003E+03 1.52082E+02 1.81795E+03 1.55136E+00
  9.50000E+00 1.63280E+03 1.27708E+02 1.50509E+03 1.65045E+00
  1.00000E+01 1.30296E+03 1.11907E+02 1.19106E+03 1.74309E+00
  1.10000E+01 7.95726E+02 9.51528E+01 7.00573E+02 1.91422E+00
  1.20000E+01 5.17139E+02 8.76062E+01 4.29532E+02 2.07678E+00
  1.30000E+01 3.86331E+02 8.31815E+01 3.03149E+02 2.26452E+00
  1.40000E+01 3.22403E+02 7.96347E+01 2.42769E+02 2.46349E+00
  1.50000E+01 2.87572E+02 7.63892E+01 2.11183E+02 2.64783E+00
  1.60000E+01 2.64455E+02 7.34686E+01 1.90987E+02 2.80555E+00
  1.70000E+01 2.51630E+02 7.09457E+01 1.80685E+02 2.95281E+00
  1.80000E+01 2.37229E+02 6.87623E+01 1.68467E+02 3.07785E+00
  1.90000E+01 2.23844E+02 6.67702E+01 1.57074E+02 3.16552E+00
  2.00000E+01 2.13256E+02 6.48366E+01 1.48419E+02 3.24657E+00
  2.20000E+01 1.93872E+02 6.09779E+01 1.32894E+02 3.30337E+00
  2.40000E+01 1.75469E+02 5.73486E+01 1.18120E+02 3.30561E+00
  2.60000E+01 1.58817E+02 5.42043E+01 1.04613E+02 3.25482E+00
  2.80000E+01 1.47755E+02 5.14306E+01 9.63247E+01 3.21731E+00
  3.00000E+01 1.34719E+02 4.88606E+01 8.58582E+01 3.16225E+00

 Inelastic to level  1 of 208Pb: 3.0- at 2.61452 MeV

  Energy     Total      Direct      Compound

  1.00000E+00 0.00000E+00 0.00000E+00 0.00000E+00
  1.20000E+00 0.00000E+00 0.00000E+00 0.00000E+00
  1.40000E+00 0.00000E+00 0.00000E+00 0.00000E+00
  1.60000E+00 0.00000E+00 0.00000E+00 0.00000E+00
  1.80000E+00 0.00000E+00 0.00000E+00 0.00000E+00
  2.00000E+00 0.00000E+00 0.00000E+00 0.00000E+00
  2.20000E+00 0.00000E+00 0.00000E+00 0.00000E+00
  2.40000E+00 0.00000E+00 0.00000E+00 0.00000E+00
  2.60000E+00 0.00000E+00 0.00000E+00 0.00000E+00
  2.80000E+00 3.16140E+02 1.66622E+01 2.99478E+02
  3.00000E+00 5.13703E+02 2.43739E+01 4.89329E+02
  3.20000E+00 6.62818E+02 2.99553E+01 6.32862E+02
  3.40000E+00 7.35584E+02 3.39323E+01 7.01652E+02
  3.60000E+00 7.67679E+02 3.67994E+01 7.30879E+02
  3.80000E+00 7.76501E+02 3.90127E+01 7.37488E+02
  4.00000E+00 7.67417E+02 4.08993E+01 7.26518E+02
  4.20000E+00 6.82610E+02 4.26416E+01 6.39969E+02
  4.40000E+00 5.79754E+02 4.42983E+01 5.35456E+02
  4.60000E+00 4.87412E+02 4.58477E+01 4.41564E+02
  4.80000E+00 4.08915E+02 4.72405E+01 3.61675E+02
  5.00000E+00 3.42976E+02 4.84418E+01 2.94534E+02
  5.50000E+00 2.23030E+02 5.06637E+01 1.72367E+02
  6.00000E+00 1.51985E+02 5.22675E+01 9.97172E+01
  6.50000E+00 1.12569E+02 5.38210E+01 5.87476E+01
  7.00000E+00 9.08228E+01 5.54801E+01 3.53427E+01
  7.50000E+00 7.84558E+01 5.70001E+01 2.14557E+01
  8.00000E+00 7.08164E+01 5.79841E+01 1.28323E+01
  8.50000E+00 6.57812E+01 5.82159E+01 7.56527E+00
  9.00000E+00 6.21966E+01 5.77812E+01 4.41538E+00
  9.50000E+00 5.95046E+01 5.69456E+01 2.55901E+00
  1.00000E+01 5.74445E+01 5.59680E+01 1.47647E+00
  1.10000E+01 5.45768E+01 5.40905E+01 4.86313E-01
  1.20000E+01 5.25092E+01 5.23518E+01 1.57448E-01
  1.30000E+01 5.06304E+01 5.05803E+01 5.01251E-02
  1.40000E+01 4.87795E+01 4.87636E+01 1.58806E-02
  1.50000E+01 4.69983E+01 4.69932E+01 5.06210E-03
  1.60000E+01 4.53815E+01 4.53799E+01 1.63269E-03
  1.70000E+01 4.39754E+01 4.39749E+01 5.30243E-04
  1.80000E+01 4.27438E+01 4.27436E+01 1.75476E-04
  1.90000E+01 4.16093E+01 4.16092E+01 6.10352E-05
  2.00000E+01 4.05076E+01 4.05076E+01 1.90735E-05
  2.20000E+01 3.83195E+01 3.83195E+01 3.81470E-06
  2.40000E+01 3.62446E+01 3.62446E+01 0.00000E+00
  2.60000E+01 3.44127E+01 3.44127E+01 0.00000E+00
  2.80000E+01 3.27762E+01 3.27762E+01 0.00000E+00
  3.00000E+01 3.12602E+01 3.12602E+01 0.00000E+00

 Inelastic to level  2 of 208Pb: 5.0- at 3.19771 MeV

  Energy     Total      Direct      Compound

  1.00000E+00 0.00000E+00 0.00000E+00 0.00000E+00
  1.20000E+00 0.00000E+00 0.00000E+00 0.00000E+00
  1.40000E+00 0.00000E+00 0.00000E+00 0.00000E+00
  1.60000E+00 0.00000E+00 0.00000E+00 0.00000E+00
  1.80000E+00 0.00000E+00 0.00000E+00 0.00000E+00
  2.00000E+00 0.00000E+00 0.00000E+00 0.00000E+00
  2.20000E+00 0.00000E+00 0.00000E+00 0.00000E+00
  2.40000E+00 0.00000E+00 0.00000E+00 0.00000E+00
  2.60000E+00 0.00000E+00 0.00000E+00 0.00000E+00
  2.80000E+00 0.00000E+00 0.00000E+00 0.00000E+00
  3.00000E+00 0.00000E+00 0.00000E+00 0.00000E+00
  3.20000E+00 0.00000E+00 0.00000E+00 0.00000E+00
  3.40000E+00 1.37530E+02 1.38161E+00 1.36148E+02
  3.60000E+00 2.15357E+02 2.84825E+00 2.12509E+02
  3.80000E+00 2.59080E+02 4.21330E+00 2.54867E+02
  4.00000E+00 2.75792E+02 5.33558E+00 2.70457E+02
  4.20000E+00 2.57467E+02 6.23853E+00 2.51229E+02
  4.40000E+00 2.29550E+02 6.98230E+00 2.22568E+02
  4.60000E+00 2.07104E+02 7.61988E+00 1.99484E+02
  4.80000E+00 1.86567E+02 8.18764E+00 1.78379E+02
  5.00000E+00 1.67001E+02 8.70595E+00 1.58295E+02
  5.50000E+00 1.20577E+02 9.82912E+00 1.10747E+02
  6.00000E+00 8.30693E+01 1.07443E+01 7.23250E+01
  6.50000E+00 5.79271E+01 1.15358E+01 4.63913E+01
  7.00000E+00 4.21437E+01 1.22652E+01 2.98785E+01
  7.50000E+00 3.21966E+01 1.29140E+01 1.92826E+01
  8.00000E+00 2.55914E+01 1.34026E+01 1.21888E+01
  8.50000E+00 2.11551E+01 1.36578E+01 7.49733E+00
  9.00000E+00 1.81762E+01 1.36760E+01 4.50020E+00
  9.50000E+00 1.61804E+01 1.35245E+01 2.65594E+00
  1.00000E+01 1.48441E+01 1.32908E+01 1.55325E+00
  1.10000E+01 1.33300E+01 1.28050E+01 5.25036E-01
  1.20000E+01 1.25434E+01 1.23685E+01 1.74877E-01
  1.30000E+01 1.19680E+01 1.19109E+01 5.71280E-02
  1.40000E+01 1.14334E+01 1.14149E+01 1.84803E-02
  1.50000E+01 1.09242E+01 1.09182E+01 5.98907E-03
  1.60000E+01 1.04624E+01 1.04604E+01 1.95789E-03
  1.70000E+01 1.00580E+01 1.00574E+01 6.45638E-04
  1.80000E+01 9.69973E+00 9.69951E+00 2.16484E-04
  1.90000E+01 9.36566E+00 9.36559E+00 7.34329E-05
  2.00000E+01 9.03988E+00 9.03986E+00 2.47955E-05
  2.20000E+01 8.40386E+00 8.40386E+00 2.86102E-06
  2.40000E+01 7.82350E+00 7.82350E+00 4.76837E-07
  2.60000E+01 7.32177E+00 7.32177E+00 0.00000E+00
  2.80000E+01 6.87671E+00 6.87671E+00 0.00000E+00
  3.00000E+01 6.47143E+00 6.47143E+00 0.00000E+00

 Inelastic to level  3 of 208Pb: 4.0- at 3.47508 MeV

  Energy     Total      Direct      Compound

  1.00000E+00 0.00000E+00 0.00000E+00 0.00000E+00
  1.20000E+00 0.00000E+00 0.00000E+00 0.00000E+00
  1.40000E+00 0.00000E+00 0.00000E+00 0.00000E+00
  1.60000E+00 0.00000E+00 0.00000E+00 0.00000E+00
  1.80000E+00 0.00000E+00 0.00000E+00 0.00000E+00
  2.00000E+00 0.00000E+00 0.00000E+00 0.00000E+00
  2.20000E+00 0.00000E+00 0.00000E+00 0.00000E+00
  2.40000E+00 0.00000E+00 0.00000E+00 0.00000E+00
  2.60000E+00 0.00000E+00 0.00000E+00 0.00000E+00
  2.80000E+00 0.00000E+00 0.00000E+00 0.00000E+00
  3.00000E+00 0.00000E+00 0.00000E+00 0.00000E+00
  3.20000E+00 0.00000E+00 0.00000E+00 0.00000E+00
  3.40000E+00 0.00000E+00 0.00000E+00 0.00000E+00
  3.60000E+00 8.68380E+01 0.00000E+00 8.68380E+01
  3.80000E+00 1.76960E+02 0.00000E+00 1.76960E+02
  4.00000E+00 2.36589E+02 0.00000E+00 2.36589E+02
  4.20000E+00 2.43977E+02 0.00000E+00 2.43977E+02
  4.40000E+00 2.28397E+02 1.00000E-07 2.28397E+02
  4.60000E+00 2.06920E+02 1.00000E-07 2.06920E+02
  4.80000E+00 1.84796E+02 1.00000E-07 1.84796E+02
  5.00000E+00 1.63661E+02 1.00000E-07 1.63661E+02
  5.50000E+00 1.15476E+02 1.00000E-07 1.15476E+02
  6.00000E+00 7.59337E+01 1.00000E-07 7.59337E+01
  6.50000E+00 4.83100E+01 1.00000E-07 4.83100E+01
  7.00000E+00 3.05541E+01 1.00000E-07 3.05541E+01
  7.50000E+00 1.93774E+01 1.00000E-07 1.93774E+01
  8.00000E+00 1.21234E+01 1.00000E-07 1.21234E+01
  8.50000E+00 7.42291E+00 1.00000E-07 7.42291E+00
  9.00000E+00 4.43910E+00 1.00000E-07 4.43910E+00
  9.50000E+00 2.60563E+00 1.00000E-07 2.60563E+00
  1.00000E+01 1.51296E+00 1.00000E-07 1.51296E+00
  1.10000E+01 5.03774E-01 1.00000E-07 5.03774E-01
  1.20000E+01 1.65967E-01 1.00000E-07 1.65966E-01
  1.30000E+01 5.37995E-02 1.00000E-07 5.37994E-02
  1.40000E+01 1.72801E-02 1.00000E-07 1.72800E-02
  1.50000E+01 5.56129E-03 1.00000E-07 5.56119E-03
  1.60000E+01 1.80726E-03 1.00000E-07 1.80716E-03
  1.70000E+01 5.92538E-04 1.00000E-07 5.92438E-04
  1.80000E+01 1.97831E-04 1.00000E-07 1.97731E-04
  1.90000E+01 6.69854E-05 1.00000E-07 6.68854E-05
  2.00000E+01 2.30388E-05 1.00000E-07 2.29388E-05
  2.20000E+01 2.92265E-06 1.00000E-07 2.82265E-06
  2.40000E+01 4.69164E-07 1.00000E-07 3.69164E-07
  2.60000E+01 1.51038E-07 1.00000E-07 5.10381E-08
  2.80000E+01 1.07430E-07 1.00000E-07 7.43039E-09
  3.00000E+01 1.01140E-07 1.00000E-07 1.14024E-09

 Inelastic to level  4 of 208Pb: 5.0- at 3.70845 MeV

  Energy     Total      Direct      Compound

  1.00000E+00 0.00000E+00 0.00000E+00 0.00000E+00
  1.20000E+00 0.00000E+00 0.00000E+00 0.00000E+00
  1.40000E+00 0.00000E+00 0.00000E+00 0.00000E+00
  1.60000E+00 0.00000E+00 0.00000E+00 0.00000E+00
  1.80000E+00 0.00000E+00 0.00000E+00 0.00000E+00
  2.00000E+00 0.00000E+00 0.00000E+00 0.00000E+00
  2.20000E+00 0.00000E+00 0.00000E+00 0.00000E+00
  2.40000E+00 0.00000E+00 0.00000E+00 0.00000E+00
  2.60000E+00 0.00000E+00 0.00000E+00 0.00000E+00
  2.80000E+00 0.00000E+00 0.00000E+00 0.00000E+00
  3.00000E+00 0.00000E+00 0.00000E+00 0.00000E+00
  3.20000E+00 0.00000E+00 0.00000E+00 0.00000E+00
  3.40000E+00 0.00000E+00 0.00000E+00 0.00000E+00
  3.60000E+00 0.00000E+00 0.00000E+00 0.00000E+00
  3.80000E+00 4.61963E+01 0.00000E+00 4.61963E+01
  4.00000E+00 9.71236E+01 6.54315E-01 9.64693E+01
  4.20000E+00 1.21693E+02 1.07959E+00 1.20614E+02
  4.40000E+00 1.25621E+02 1.43834E+00 1.24183E+02
  4.60000E+00 1.23027E+02 1.72033E+00 1.21306E+02
  4.80000E+00 1.16319E+02 1.94224E+00 1.14377E+02
  5.00000E+00 1.07831E+02 2.12466E+00 1.05707E+02
  5.50000E+00 8.41894E+01 2.50386E+00 8.16855E+01
  6.00000E+00 6.11394E+01 2.84102E+00 5.82984E+01
  6.50000E+00 4.26787E+01 3.13742E+00 3.95413E+01
  7.00000E+00 2.95956E+01 3.39149E+00 2.62041E+01
  7.50000E+00 2.07939E+01 3.60315E+00 1.71908E+01
  8.00000E+00 1.48242E+01 3.76044E+00 1.10638E+01
  8.50000E+00 1.07952E+01 3.84865E+00 6.94656E+00
  9.00000E+00 8.10262E+00 3.86336E+00 4.23926E+00
  9.50000E+00 6.34095E+00 3.81794E+00 2.52301E+00
  1.00000E+01 5.21630E+00 3.73752E+00 1.47878E+00
  1.10000E+01 4.06147E+00 3.56188E+00 4.99595E-01
  1.20000E+01 3.59181E+00 3.42459E+00 1.67222E-01
  1.30000E+01 3.35904E+00 3.30396E+00 5.50845E-02
  1.40000E+01 3.18969E+00 3.17176E+00 1.79269E-02
  1.50000E+01 3.03750E+00 3.03167E+00 5.82695E-03
  1.60000E+01 2.90124E+00 2.89933E+00 1.90830E-03
  1.70000E+01 2.78502E+00 2.78439E+00 6.29902E-04
  1.80000E+01 2.68631E+00 2.68610E+00 2.11477E-04
  1.90000E+01 2.59723E+00 2.59716E+00 7.20024E-05
  2.00000E+01 2.51039E+00 2.51037E+00 2.47955E-05
  2.20000E+01 2.33549E+00 2.33549E+00 3.09944E-06
  2.40000E+01 2.17313E+00 2.17313E+00 4.76837E-07
  2.60000E+01 2.03644E+00 2.03644E+00 0.00000E+00
  2.80000E+01 1.91772E+00 1.91772E+00 0.00000E+00
  3.00000E+01 1.80741E+00 1.80741E+00 0.00000E+00

 Inelastic to level  5 of 208Pb: 6.0- at 3.91997 MeV

  Energy     Total      Direct      Compound

  1.00000E+00 0.00000E+00 0.00000E+00 0.00000E+00
  1.20000E+00 0.00000E+00 0.00000E+00 0.00000E+00
  1.40000E+00 0.00000E+00 0.00000E+00 0.00000E+00
  1.60000E+00 0.00000E+00 0.00000E+00 0.00000E+00
  1.80000E+00 0.00000E+00 0.00000E+00 0.00000E+00
  2.00000E+00 0.00000E+00 0.00000E+00 0.00000E+00
  2.20000E+00 0.00000E+00 0.00000E+00 0.00000E+00
  2.40000E+00 0.00000E+00 0.00000E+00 0.00000E+00
  2.60000E+00 0.00000E+00 0.00000E+00 0.00000E+00
  2.80000E+00 0.00000E+00 0.00000E+00 0.00000E+00
  3.00000E+00 0.00000E+00 0.00000E+00 0.00000E+00
  3.20000E+00 0.00000E+00 0.00000E+00 0.00000E+00
  3.40000E+00 0.00000E+00 0.00000E+00 0.00000E+00
  3.60000E+00 0.00000E+00 0.00000E+00 0.00000E+00
  3.80000E+00 0.00000E+00 0.00000E+00 0.00000E+00
  4.00000E+00 1.90136E+01 0.00000E+00 1.90136E+01
  4.20000E+00 3.89198E+01 0.00000E+00 3.89198E+01
  4.40000E+00 4.80382E+01 1.00000E-07 4.80382E+01
  4.60000E+00 5.29967E+01 1.00000E-07 5.29967E+01
  4.80000E+00 5.42286E+01 1.00000E-07 5.42286E+01
  5.00000E+00 5.32615E+01 1.00000E-07 5.32615E+01
  5.50000E+00 4.65389E+01 1.00000E-07 4.65389E+01
  6.00000E+00 3.73897E+01 1.00000E-07 3.73897E+01
  6.50000E+00 2.80143E+01 1.00000E-07 2.80143E+01
  7.00000E+00 1.99623E+01 1.00000E-07 1.99623E+01
  7.50000E+00 1.37608E+01 1.00000E-07 1.37608E+01
  8.00000E+00 9.17929E+00 1.00000E-07 9.17929E+00
  8.50000E+00 5.92972E+00 1.00000E-07 5.92972E+00
  9.00000E+00 3.69905E+00 1.00000E-07 3.69905E+00
  9.50000E+00 2.23636E+00 1.00000E-07 2.23636E+00
  1.00000E+01 1.32546E+00 1.00000E-07 1.32546E+00
  1.10000E+01 4.55819E-01 1.00000E-07 4.55819E-01
  1.20000E+01 1.55599E-01 1.00000E-07 1.55599E-01
  1.30000E+01 5.23059E-02 1.00000E-07 5.23058E-02
  1.40000E+01 1.73151E-02 1.00000E-07 1.73150E-02
  1.50000E+01 5.70414E-03 1.00000E-07 5.70404E-03
  1.60000E+01 1.88864E-03 1.00000E-07 1.88854E-03
  1.70000E+01 6.29532E-04 1.00000E-07 6.29432E-04
  1.80000E+01 2.13522E-04 1.00000E-07 2.13422E-04
  1.90000E+01 7.33871E-05 1.00000E-07 7.32871E-05
  2.00000E+01 2.55794E-05 1.00000E-07 2.54794E-05
  2.20000E+01 3.30503E-06 1.00000E-07 3.20503E-06
  2.40000E+01 5.26146E-07 1.00000E-07 4.26146E-07
  2.60000E+01 1.59742E-07 1.00000E-07 5.97419E-08
  2.80000E+01 1.08806E-07 1.00000E-07 8.80637E-09
  3.00000E+01 1.01365E-07 1.00000E-07 1.36531E-09

 Inelastic to level  6 of 208Pb: 4.0- at 3.94658 MeV

  Energy     Total      Direct      Compound

  1.00000E+00 0.00000E+00 0.00000E+00 0.00000E+00
  1.20000E+00 0.00000E+00 0.00000E+00 0.00000E+00
  1.40000E+00 0.00000E+00 0.00000E+00 0.00000E+00
  1.60000E+00 0.00000E+00 0.00000E+00 0.00000E+00
  1.80000E+00 0.00000E+00 0.00000E+00 0.00000E+00
  2.00000E+00 0.00000E+00 0.00000E+00 0.00000E+00
  2.20000E+00 0.00000E+00 0.00000E+00 0.00000E+00
  2.40000E+00 0.00000E+00 0.00000E+00 0.00000E+00
  2.60000E+00 0.00000E+00 0.00000E+00 0.00000E+00
  2.80000E+00 0.00000E+00 0.00000E+00 0.00000E+00
  3.00000E+00 0.00000E+00 0.00000E+00 0.00000E+00
  3.20000E+00 0.00000E+00 0.00000E+00 0.00000E+00
  3.40000E+00 0.00000E+00 0.00000E+00 0.00000E+00
  3.60000E+00 0.00000E+00 0.00000E+00 0.00000E+00
  3.80000E+00 0.00000E+00 0.00000E+00 0.00000E+00
  4.00000E+00 2.84315E+01 0.00000E+00 2.84315E+01
  4.20000E+00 8.10077E+01 0.00000E+00 8.10077E+01
  4.40000E+00 1.09250E+02 1.00000E-07 1.09250E+02
  4.60000E+00 1.18383E+02 1.00000E-07 1.18383E+02
  4.80000E+00 1.16160E+02 1.00000E-07 1.16160E+02
  5.00000E+00 1.08501E+02 1.00000E-07 1.08501E+02
  5.50000E+00 8.34385E+01 1.00000E-07 8.34385E+01
  6.00000E+00 6.00659E+01 1.00000E-07 6.00659E+01
  6.50000E+00 4.09942E+01 1.00000E-07 4.09942E+01
  7.00000E+00 2.69412E+01 1.00000E-07 2.69412E+01
  7.50000E+00 1.73943E+01 1.00000E-07 1.73943E+01
  8.00000E+00 1.10291E+01 1.00000E-07 1.10291E+01
  8.50000E+00 6.87507E+00 1.00000E-07 6.87507E+00
  9.00000E+00 4.18472E+00 1.00000E-07 4.18472E+00
  9.50000E+00 2.48420E+00 1.00000E-07 2.48420E+00
  1.00000E+01 1.44929E+00 1.00000E-07 1.44929E+00
  1.10000E+01 4.82830E-01 1.00000E-07 4.82830E-01
  1.20000E+01 1.59455E-01 1.00000E-07 1.59455E-01
  1.30000E+01 5.20275E-02 1.00000E-07 5.20274E-02
  1.40000E+01 1.68059E-02 1.00000E-07 1.68058E-02
  1.50000E+01 5.42577E-03 1.00000E-07 5.42567E-03
  1.60000E+01 1.76585E-03 1.00000E-07 1.76575E-03
  1.70000E+01 5.79707E-04 1.00000E-07 5.79607E-04
  1.80000E+01 1.93938E-04 1.00000E-07 1.93838E-04
  1.90000E+01 6.58327E-05 1.00000E-07 6.57327E-05
  2.00000E+01 2.26922E-05 1.00000E-07 2.25922E-05
  2.20000E+01 2.88506E-06 1.00000E-07 2.78506E-06
  2.40000E+01 4.64358E-07 1.00000E-07 3.64358E-07
  2.60000E+01 1.50437E-07 1.00000E-07 5.04369E-08
  2.80000E+01 1.07357E-07 1.00000E-07 7.35720E-09
  3.00000E+01 1.01130E-07 1.00000E-07 1.13034E-09

 Inelastic to level  7 of 208Pb: 5.0- at 3.96116 MeV

  Energy     Total      Direct      Compound

  1.00000E+00 0.00000E+00 0.00000E+00 0.00000E+00
  1.20000E+00 0.00000E+00 0.00000E+00 0.00000E+00
  1.40000E+00 0.00000E+00 0.00000E+00 0.00000E+00
  1.60000E+00 0.00000E+00 0.00000E+00 0.00000E+00
  1.80000E+00 0.00000E+00 0.00000E+00 0.00000E+00
  2.00000E+00 0.00000E+00 0.00000E+00 0.00000E+00
  2.20000E+00 0.00000E+00 0.00000E+00 0.00000E+00
  2.40000E+00 0.00000E+00 0.00000E+00 0.00000E+00
  2.60000E+00 0.00000E+00 0.00000E+00 0.00000E+00
  2.80000E+00 0.00000E+00 0.00000E+00 0.00000E+00
  3.00000E+00 0.00000E+00 0.00000E+00 0.00000E+00
  3.20000E+00 0.00000E+00 0.00000E+00 0.00000E+00
  3.40000E+00 0.00000E+00 0.00000E+00 0.00000E+00
  3.60000E+00 0.00000E+00 0.00000E+00 0.00000E+00
  3.80000E+00 0.00000E+00 0.00000E+00 0.00000E+00
  4.00000E+00 1.73427E+01 0.00000E+00 1.73427E+01
  4.20000E+00 5.80725E+01 1.59602E-01 5.79129E+01
  4.40000E+00 7.74760E+01 2.81763E-01 7.71943E+01
  4.60000E+00 8.64504E+01 3.86903E-01 8.60635E+01
  4.80000E+00 8.74429E+01 4.69196E-01 8.69737E+01
  5.00000E+00 8.39705E+01 5.33031E-01 8.34375E+01
  5.50000E+00 6.82686E+01 6.51625E-01 6.76170E+01
  6.00000E+00 5.14069E+01 7.54578E-01 5.06523E+01
  6.50000E+00 3.66809E+01 8.49919E-01 3.58310E+01
  7.00000E+00 2.52718E+01 9.31658E-01 2.43401E+01
  7.50000E+00 1.71555E+01 9.97852E-01 1.61576E+01
  8.00000E+00 1.15257E+01 1.04631E+00 1.04793E+01
  8.50000E+00 7.71805E+00 1.07433E+00 6.64372E+00
  9.00000E+00 5.17518E+00 1.08121E+00 4.09397E+00
  9.50000E+00 3.52316E+00 1.07001E+00 2.45315E+00
  1.00000E+01 2.48942E+00 1.04710E+00 1.44232E+00
  1.10000E+01 1.48070E+00 9.93238E-01 4.87465E-01
  1.20000E+01 1.11450E+00 9.51164E-01 1.63339E-01
  1.30000E+01 9.71628E-01 9.17615E-01 5.40130E-02
  1.40000E+01 8.99506E-01 8.81865E-01 1.76411E-02
  1.50000E+01 8.48706E-01 8.42960E-01 5.74571E-03
  1.60000E+01 8.07375E-01 8.05492E-01 1.88339E-03
  1.70000E+01 7.73556E-01 7.72934E-01 6.22034E-04
  1.80000E+01 7.45750E-01 7.45541E-01 2.09212E-04
  1.90000E+01 7.21322E-01 7.21251E-01 7.12872E-05
  2.00000E+01 6.97723E-01 6.97698E-01 2.46167E-05
  2.20000E+01 6.49525E-01 6.49522E-01 3.03984E-06
  2.40000E+01 6.04175E-01 6.04175E-01 4.17233E-07
  2.60000E+01 5.66422E-01 5.66422E-01 5.96046E-08
  2.80000E+01 5.34128E-01 5.34128E-01 0.00000E+00
  3.00000E+01 5.03895E-01 5.03895E-01 0.00000E+00

 Inelastic to level  8 of 208Pb: 4.0- at 3.99544 MeV

  Energy     Total      Direct      Compound

  1.00000E+00 0.00000E+00 0.00000E+00 0.00000E+00
  1.20000E+00 0.00000E+00 0.00000E+00 0.00000E+00
  1.40000E+00 0.00000E+00 0.00000E+00 0.00000E+00
  1.60000E+00 0.00000E+00 0.00000E+00 0.00000E+00
  1.80000E+00 0.00000E+00 0.00000E+00 0.00000E+00
  2.00000E+00 0.00000E+00 0.00000E+00 0.00000E+00
  2.20000E+00 0.00000E+00 0.00000E+00 0.00000E+00
  2.40000E+00 0.00000E+00 0.00000E+00 0.00000E+00
  2.60000E+00 0.00000E+00 0.00000E+00 0.00000E+00
  2.80000E+00 0.00000E+00 0.00000E+00 0.00000E+00
  3.00000E+00 0.00000E+00 0.00000E+00 0.00000E+00
  3.20000E+00 0.00000E+00 0.00000E+00 0.00000E+00
  3.40000E+00 0.00000E+00 0.00000E+00 0.00000E+00
  3.60000E+00 0.00000E+00 0.00000E+00 0.00000E+00
  3.80000E+00 0.00000E+00 0.00000E+00 0.00000E+00
  4.00000E+00 0.00000E+00 0.00000E+00 0.00000E+00
  4.20000E+00 6.55298E+01 0.00000E+00 6.55298E+01
  4.40000E+00 9.67838E+01 1.00000E-07 9.67838E+01
  4.60000E+00 1.09231E+02 1.00000E-07 1.09231E+02
  4.80000E+00 1.09399E+02 1.00000E-07 1.09399E+02
  5.00000E+00 1.03286E+02 1.00000E-07 1.03286E+02
  5.50000E+00 8.02866E+01 1.00000E-07 8.02866E+01
  6.00000E+00 5.83094E+01 1.00000E-07 5.83094E+01
  6.50000E+00 4.01632E+01 1.00000E-07 4.01632E+01
  7.00000E+00 2.65492E+01 1.00000E-07 2.65492E+01
  7.50000E+00 1.71878E+01 1.00000E-07 1.71878E+01
  8.00000E+00 1.09133E+01 1.00000E-07 1.09133E+01
  8.50000E+00 6.81296E+00 1.00000E-07 6.81296E+00
  9.00000E+00 4.15509E+00 1.00000E-07 4.15509E+00
  9.50000E+00 2.47099E+00 1.00000E-07 2.47099E+00
  1.00000E+01 1.44286E+00 1.00000E-07 1.44286E+00
  1.10000E+01 4.80737E-01 1.00000E-07 4.80736E-01
  1.20000E+01 1.58763E-01 1.00000E-07 1.58763E-01
  1.30000E+01 5.18353E-02 1.00000E-07 5.18352E-02
  1.40000E+01 1.67553E-02 1.00000E-07 1.67552E-02
  1.50000E+01 5.41158E-03 1.00000E-07 5.41148E-03
  1.60000E+01 1.76155E-03 1.00000E-07 1.76145E-03
  1.70000E+01 5.78362E-04 1.00000E-07 5.78262E-04
  1.80000E+01 1.93524E-04 1.00000E-07 1.93424E-04
  1.90000E+01 6.57092E-05 1.00000E-07 6.56092E-05
  2.00000E+01 2.26553E-05 1.00000E-07 2.25553E-05
  2.20000E+01 2.88116E-06 1.00000E-07 2.78116E-06
  2.40000E+01 4.63857E-07 1.00000E-07 3.63857E-07
  2.60000E+01 1.50373E-07 1.00000E-07 5.03728E-08
  2.80000E+01 1.07349E-07 1.00000E-07 7.34946E-09
  3.00000E+01 1.01129E-07 1.00000E-07 1.12931E-09

 Inelastic to level  9 of 208Pb: 7.0- at 4.03744 MeV

  Energy     Total      Direct      Compound

  1.00000E+00 0.00000E+00 0.00000E+00 0.00000E+00
  1.20000E+00 0.00000E+00 0.00000E+00 0.00000E+00
  1.40000E+00 0.00000E+00 0.00000E+00 0.00000E+00
  1.60000E+00 0.00000E+00 0.00000E+00 0.00000E+00
  1.80000E+00 0.00000E+00 0.00000E+00 0.00000E+00
  2.00000E+00 0.00000E+00 0.00000E+00 0.00000E+00
  2.20000E+00 0.00000E+00 0.00000E+00 0.00000E+00
  2.40000E+00 0.00000E+00 0.00000E+00 0.00000E+00
  2.60000E+00 0.00000E+00 0.00000E+00 0.00000E+00
  2.80000E+00 0.00000E+00 0.00000E+00 0.00000E+00
  3.00000E+00 0.00000E+00 0.00000E+00 0.00000E+00
  3.20000E+00 0.00000E+00 0.00000E+00 0.00000E+00
  3.40000E+00 0.00000E+00 0.00000E+00 0.00000E+00
  3.60000E+00 0.00000E+00 0.00000E+00 0.00000E+00
  3.80000E+00 0.00000E+00 0.00000E+00 0.00000E+00
  4.00000E+00 0.00000E+00 0.00000E+00 0.00000E+00
  4.20000E+00 3.81953E+00 2.40871E-02 3.79544E+00
  4.40000E+00 1.01983E+01 1.24400E-01 1.00739E+01
  4.60000E+00 1.54185E+01 2.58441E-01 1.51600E+01
  4.80000E+00 1.87778E+01 3.96668E-01 1.83811E+01
  5.00000E+00 2.07704E+01 5.34103E-01 2.02363E+01
  5.50000E+00 2.26418E+01 9.11663E-01 2.17301E+01
  6.00000E+00 2.20434E+01 1.37659E+00 2.06668E+01
  6.50000E+00 1.94883E+01 1.87032E+00 1.76180E+01
  7.00000E+00 1.60249E+01 2.31592E+00 1.37090E+01
  7.50000E+00 1.27001E+01 2.68604E+00 1.00141E+01
  8.00000E+00 9.92483E+00 2.97372E+00 6.95111E+00
  8.50000E+00 7.79623E+00 3.17277E+00 4.62346E+00
  9.00000E+00 6.22966E+00 3.28037E+00 2.94929E+00
  9.50000E+00 5.11899E+00 3.30596E+00 1.81303E+00
  1.00000E+01 4.36170E+00 3.27380E+00 1.08790E+00
  1.10000E+01 3.53154E+00 3.14940E+00 3.82137E-01
  1.20000E+01 3.18219E+00 3.04857E+00 1.33625E-01
  1.30000E+01 3.01845E+00 2.97238E+00 4.60684E-02
  1.40000E+01 2.90077E+00 2.88518E+00 1.55921E-02
  1.50000E+01 2.78857E+00 2.78334E+00 5.23162E-03
  1.60000E+01 2.68404E+00 2.68228E+00 1.75929E-03
  1.70000E+01 2.59407E+00 2.59348E+00 5.94616E-04
  1.80000E+01 2.51798E+00 2.51778E+00 2.04325E-04
  1.90000E+01 2.44878E+00 2.44871E+00 7.10487E-05
  2.00000E+01 2.37929E+00 2.37926E+00 2.50340E-05
  2.20000E+01 2.23209E+00 2.23209E+00 3.09944E-06
  2.40000E+01 2.09066E+00 2.09066E+00 4.76837E-07
  2.60000E+01 1.97107E+00 1.97107E+00 1.19209E-07
  2.80000E+01 1.86770E+00 1.86770E+00 0.00000E+00
  3.00000E+01 1.76993E+00 1.76993E+00 0.00000E+00

 Inelastic to level 10 of 208Pb: 3.0- at 4.05113 MeV

  Energy     Total      Direct      Compound

  1.00000E+00 0.00000E+00 0.00000E+00 0.00000E+00
  1.20000E+00 0.00000E+00 0.00000E+00 0.00000E+00
  1.40000E+00 0.00000E+00 0.00000E+00 0.00000E+00
  1.60000E+00 0.00000E+00 0.00000E+00 0.00000E+00
  1.80000E+00 0.00000E+00 0.00000E+00 0.00000E+00
  2.00000E+00 0.00000E+00 0.00000E+00 0.00000E+00
  2.20000E+00 0.00000E+00 0.00000E+00 0.00000E+00
  2.40000E+00 0.00000E+00 0.00000E+00 0.00000E+00
  2.60000E+00 0.00000E+00 0.00000E+00 0.00000E+00
  2.80000E+00 0.00000E+00 0.00000E+00 0.00000E+00
  3.00000E+00 0.00000E+00 0.00000E+00 0.00000E+00
  3.20000E+00 0.00000E+00 0.00000E+00 0.00000E+00
  3.40000E+00 0.00000E+00 0.00000E+00 0.00000E+00
  3.60000E+00 0.00000E+00 0.00000E+00 0.00000E+00
  3.80000E+00 0.00000E+00 0.00000E+00 0.00000E+00
  4.00000E+00 0.00000E+00 0.00000E+00 0.00000E+00
  4.20000E+00 6.06776E+01 3.22170E-01 6.03554E+01
  4.40000E+00 9.98761E+01 5.59639E-01 9.93164E+01
  4.60000E+00 1.14966E+02 7.52071E-01 1.14214E+02
  4.80000E+00 1.14870E+02 8.96908E-01 1.13973E+02
  5.00000E+00 1.07351E+02 1.00225E+00 1.06349E+02
  5.50000E+00 8.12583E+01 1.17616E+00 8.00822E+01
  6.00000E+00 5.85339E+01 1.32217E+00 5.72118E+01
  6.50000E+00 4.04825E+01 1.46303E+00 3.90194E+01
  7.00000E+00 2.69989E+01 1.58022E+00 2.54187E+01
  7.50000E+00 1.78401E+01 1.66677E+00 1.61734E+01
  8.00000E+00 1.18256E+01 1.72145E+00 1.01042E+01
  8.50000E+00 7.98064E+00 1.74363E+00 6.23701E+00
  9.00000E+00 5.51528E+00 1.73519E+00 3.78009E+00
  9.50000E+00 3.94159E+00 1.70175E+00 2.23984E+00
  1.00000E+01 2.95608E+00 1.65248E+00 1.30360E+00
  1.10000E+01 1.97743E+00 1.54642E+00 4.31010E-01
  1.20000E+01 1.60868E+00 1.46751E+00 1.41169E-01
  1.30000E+01 1.45804E+00 1.41228E+00 4.57562E-02
  1.40000E+01 1.37372E+00 1.35902E+00 1.46960E-02
  1.50000E+01 1.30602E+00 1.30130E+00 4.71890E-03
  1.60000E+01 1.24699E+00 1.24546E+00 1.52814E-03
  1.70000E+01 1.19856E+00 1.19806E+00 4.99487E-04
  1.80000E+01 1.16059E+00 1.16042E+00 1.66535E-04
  1.90000E+01 1.12922E+00 1.12916E+00 5.62668E-05
  2.00000E+01 1.09944E+00 1.09942E+00 1.93119E-05
  2.20000E+01 1.03487E+00 1.03487E+00 2.38419E-06
  2.40000E+01 9.70018E-01 9.70018E-01 2.98023E-07
  2.60000E+01 9.17893E-01 9.17893E-01 5.96046E-08
  2.80000E+01 8.76156E-01 8.76156E-01 0.00000E+00
  3.00000E+01 8.35961E-01 8.35961E-01 0.00000E+00

 Inelastic to level 11 of 208Pb: 2.0+ at 4.08552 MeV

  Energy     Total      Direct      Compound

  1.00000E+00 0.00000E+00 0.00000E+00 0.00000E+00
  1.20000E+00 0.00000E+00 0.00000E+00 0.00000E+00
  1.40000E+00 0.00000E+00 0.00000E+00 0.00000E+00
  1.60000E+00 0.00000E+00 0.00000E+00 0.00000E+00
  1.80000E+00 0.00000E+00 0.00000E+00 0.00000E+00
  2.00000E+00 0.00000E+00 0.00000E+00 0.00000E+00
  2.20000E+00 0.00000E+00 0.00000E+00 0.00000E+00
  2.40000E+00 0.00000E+00 0.00000E+00 0.00000E+00
  2.60000E+00 0.00000E+00 0.00000E+00 0.00000E+00
  2.80000E+00 0.00000E+00 0.00000E+00 0.00000E+00
  3.00000E+00 0.00000E+00 0.00000E+00 0.00000E+00
  3.20000E+00 0.00000E+00 0.00000E+00 0.00000E+00
  3.40000E+00 0.00000E+00 0.00000E+00 0.00000E+00
  3.60000E+00 0.00000E+00 0.00000E+00 0.00000E+00
  3.80000E+00 0.00000E+00 0.00000E+00 0.00000E+00
  4.00000E+00 0.00000E+00 0.00000E+00 0.00000E+00
  4.20000E+00 4.00050E+01 0.00000E+00 4.00050E+01
  4.40000E+00 8.96651E+01 1.99968E-01 8.94652E+01
  4.60000E+00 1.07391E+02 3.07268E-01 1.07084E+02
  4.80000E+00 1.07879E+02 3.91546E-01 1.07487E+02
  5.00000E+00 1.01656E+02 4.64624E-01 1.01192E+02
  5.50000E+00 8.26841E+01 6.45518E-01 8.20386E+01
  6.00000E+00 6.40884E+01 8.21063E-01 6.32674E+01
  6.50000E+00 4.39965E+01 9.33819E-01 4.30627E+01
  7.00000E+00 2.75491E+01 9.72767E-01 2.65763E+01
  7.50000E+00 1.68209E+01 9.69247E-01 1.58516E+01
  8.00000E+00 1.02678E+01 9.49737E-01 9.31806E+00
  8.50000E+00 6.39803E+00 9.25273E-01 5.47276E+00
  9.00000E+00 4.09279E+00 8.97669E-01 3.19512E+00
  9.50000E+00 2.71287E+00 8.67463E-01 1.84541E+00
  1.00000E+01 1.89497E+00 8.37656E-01 1.05731E+00
  1.10000E+01 1.13886E+00 7.93133E-01 3.45724E-01
  1.20000E+01 8.84810E-01 7.71351E-01 1.13459E-01
  1.30000E+01 7.91742E-01 7.54876E-01 3.68658E-02
  1.40000E+01 7.42845E-01 7.31025E-01 1.18203E-02
  1.50000E+01 7.04206E-01 7.00429E-01 3.77649E-03
  1.60000E+01 6.68679E-01 6.67464E-01 1.21516E-03
  1.70000E+01 6.35211E-01 6.34816E-01 3.94583E-04
  1.80000E+01 6.03299E-01 6.03168E-01 1.30713E-04
  1.90000E+01 5.72689E-01 5.72645E-01 4.39882E-05
  2.00000E+01 5.44018E-01 5.44003E-01 1.50204E-05
  2.20000E+01 4.96602E-01 4.96600E-01 1.81794E-06
  2.40000E+01 4.62077E-01 4.62077E-01 2.38419E-07
  2.60000E+01 4.32484E-01 4.32484E-01 2.98023E-08
  2.80000E+01 4.03906E-01 4.03906E-01 0.00000E+00
  3.00000E+01 3.79116E-01 3.79116E-01 0.00000E+00

 Inelastic to level 12 of 208Pb: 5.0- at 4.12535 MeV

  Energy     Total      Direct      Compound

  1.00000E+00 0.00000E+00 0.00000E+00 0.00000E+00
  1.20000E+00 0.00000E+00 0.00000E+00 0.00000E+00
  1.40000E+00 0.00000E+00 0.00000E+00 0.00000E+00
  1.60000E+00 0.00000E+00 0.00000E+00 0.00000E+00
  1.80000E+00 0.00000E+00 0.00000E+00 0.00000E+00
  2.00000E+00 0.00000E+00 0.00000E+00 0.00000E+00
  2.20000E+00 0.00000E+00 0.00000E+00 0.00000E+00
  2.40000E+00 0.00000E+00 0.00000E+00 0.00000E+00
  2.60000E+00 0.00000E+00 0.00000E+00 0.00000E+00
  2.80000E+00 0.00000E+00 0.00000E+00 0.00000E+00
  3.00000E+00 0.00000E+00 0.00000E+00 0.00000E+00
  3.20000E+00 0.00000E+00 0.00000E+00 0.00000E+00
  3.40000E+00 0.00000E+00 0.00000E+00 0.00000E+00
  3.60000E+00 0.00000E+00 0.00000E+00 0.00000E+00
  3.80000E+00 0.00000E+00 0.00000E+00 0.00000E+00
  4.00000E+00 0.00000E+00 0.00000E+00 0.00000E+00
  4.20000E+00 2.18711E+01 0.00000E+00 2.18711E+01
  4.40000E+00 4.95173E+01 1.93436E+00 4.75829E+01
  4.60000E+00 6.62862E+01 3.17834E+00 6.31079E+01
  4.80000E+00 7.38145E+01 4.21224E+00 6.96022E+01
  5.00000E+00 7.49007E+01 5.01093E+00 6.98898E+01
  5.50000E+00 6.55111E+01 6.38491E+00 5.91262E+01
  6.00000E+00 5.30498E+01 7.49981E+00 4.55500E+01
  6.50000E+00 4.18213E+01 8.56665E+00 3.32547E+01
  7.00000E+00 3.25786E+01 9.49908E+00 2.30795E+01
  7.50000E+00 2.57319E+01 1.02466E+01 1.54853E+01
  8.00000E+00 2.08836E+01 1.07884E+01 1.00952E+01
  8.50000E+00 1.75392E+01 1.11067E+01 6.43248E+00
  9.00000E+00 1.51922E+01 1.12010E+01 3.99119E+00
  9.50000E+00 1.35078E+01 1.11014E+01 2.40640E+00
  1.00000E+01 1.22875E+01 1.08683E+01 1.41922E+00
  1.10000E+01 1.07651E+01 1.02853E+01 4.79824E-01
  1.20000E+01 9.98106E+00 9.82029E+00 1.60775E-01
  1.30000E+01 9.52240E+00 9.46911E+00 5.32923E-02
  1.40000E+01 9.12422E+00 9.10677E+00 1.74513E-02
  1.50000E+01 8.71243E+00 8.70674E+00 5.69248E-03
  1.60000E+01 8.31769E+00 8.31582E+00 1.86729E-03
  1.70000E+01 7.97567E+00 7.97505E+00 6.17027E-04
  1.80000E+01 7.69108E+00 7.69087E+00 2.07424E-04
  1.90000E+01 7.44254E+00 7.44247E+00 7.10487E-05
  2.00000E+01 7.20322E+00 7.20320E+00 2.43187E-05
  2.20000E+01 6.70951E+00 6.70951E+00 2.86102E-06
  2.40000E+01 6.23978E+00 6.23978E+00 4.76837E-07
  2.60000E+01 5.85105E+00 5.85105E+00 0.00000E+00
  2.80000E+01 5.52235E+00 5.52235E+00 0.00000E+00
  3.00000E+01 5.21350E+00 5.21350E+00 0.00000E+00

 Inelastic to level 13 of 208Pb: 1.0+ at 4.14400 MeV

  Energy     Total      Direct      Compound

  1.00000E+00 0.00000E+00 0.00000E+00 0.00000E+00
  1.20000E+00 0.00000E+00 0.00000E+00 0.00000E+00
  1.40000E+00 0.00000E+00 0.00000E+00 0.00000E+00
  1.60000E+00 0.00000E+00 0.00000E+00 0.00000E+00
  1.80000E+00 0.00000E+00 0.00000E+00 0.00000E+00
  2.00000E+00 0.00000E+00 0.00000E+00 0.00000E+00
  2.20000E+00 0.00000E+00 0.00000E+00 0.00000E+00
  2.40000E+00 0.00000E+00 0.00000E+00 0.00000E+00
  2.60000E+00 0.00000E+00 0.00000E+00 0.00000E+00
  2.80000E+00 0.00000E+00 0.00000E+00 0.00000E+00
  3.00000E+00 0.00000E+00 0.00000E+00 0.00000E+00
  3.20000E+00 0.00000E+00 0.00000E+00 0.00000E+00
  3.40000E+00 0.00000E+00 0.00000E+00 0.00000E+00
  3.60000E+00 0.00000E+00 0.00000E+00 0.00000E+00
  3.80000E+00 0.00000E+00 0.00000E+00 0.00000E+00
  4.00000E+00 0.00000E+00 0.00000E+00 0.00000E+00
  4.20000E+00 1.50317E+01 0.00000E+00 1.50317E+01
  4.40000E+00 5.50087E+01 1.00000E-07 5.50087E+01
  4.60000E+00 7.10868E+01 1.00000E-07 7.10868E+01
  4.80000E+00 7.30289E+01 1.00000E-07 7.30289E+01
  5.00000E+00 6.89814E+01 1.00000E-07 6.89814E+01
  5.50000E+00 5.47712E+01 1.00000E-07 5.47712E+01
  6.00000E+00 4.17045E+01 1.00000E-07 4.17045E+01
  6.50000E+00 2.84276E+01 1.00000E-07 2.84276E+01
  7.00000E+00 1.75784E+01 1.00000E-07 1.75784E+01
  7.50000E+00 1.04882E+01 1.00000E-07 1.04882E+01
  8.00000E+00 6.15522E+00 1.00000E-07 6.15522E+00
  8.50000E+00 3.60859E+00 1.00000E-07 3.60859E+00
  9.00000E+00 2.10323E+00 1.00000E-07 2.10323E+00
  9.50000E+00 1.21250E+00 1.00000E-07 1.21250E+00
  1.00000E+01 6.93294E-01 1.00000E-07 6.93294E-01
  1.10000E+01 2.26232E-01 1.00000E-07 2.26232E-01
  1.20000E+01 7.43421E-02 1.00000E-07 7.43420E-02
  1.30000E+01 2.41837E-02 1.00000E-07 2.41836E-02
  1.40000E+01 7.73672E-03 1.00000E-07 7.73662E-03
  1.50000E+01 2.45929E-03 1.00000E-07 2.45919E-03
  1.60000E+01 7.86946E-04 1.00000E-07 7.86846E-04
  1.70000E+01 2.54491E-04 1.00000E-07 2.54391E-04
  1.80000E+01 8.41351E-05 1.00000E-07 8.40351E-05
  1.90000E+01 2.83147E-05 1.00000E-07 2.82147E-05
  2.00000E+01 9.71327E-06 1.00000E-07 9.61327E-06
  2.20000E+01 1.26621E-06 1.00000E-07 1.16621E-06
  2.40000E+01 2.50605E-07 1.00000E-07 1.50605E-07
  2.60000E+01 1.20670E-07 1.00000E-07 2.06698E-08
  2.80000E+01 1.02993E-07 1.00000E-07 2.99291E-09
  3.00000E+01 1.00456E-07 1.00000E-07 4.55934E-10

 Inelastic to level 14 of 208Pb: 5.0- at 4.18041 MeV

  Energy     Total      Direct      Compound

  1.00000E+00 0.00000E+00 0.00000E+00 0.00000E+00
  1.20000E+00 0.00000E+00 0.00000E+00 0.00000E+00
  1.40000E+00 0.00000E+00 0.00000E+00 0.00000E+00
  1.60000E+00 0.00000E+00 0.00000E+00 0.00000E+00
  1.80000E+00 0.00000E+00 0.00000E+00 0.00000E+00
  2.00000E+00 0.00000E+00 0.00000E+00 0.00000E+00
  2.20000E+00 0.00000E+00 0.00000E+00 0.00000E+00
  2.40000E+00 0.00000E+00 0.00000E+00 0.00000E+00
  2.60000E+00 0.00000E+00 0.00000E+00 0.00000E+00
  2.80000E+00 0.00000E+00 0.00000E+00 0.00000E+00
  3.00000E+00 0.00000E+00 0.00000E+00 0.00000E+00
  3.20000E+00 0.00000E+00 0.00000E+00 0.00000E+00
  3.40000E+00 0.00000E+00 0.00000E+00 0.00000E+00
  3.60000E+00 0.00000E+00 0.00000E+00 0.00000E+00
  3.80000E+00 0.00000E+00 0.00000E+00 0.00000E+00
  4.00000E+00 0.00000E+00 0.00000E+00 0.00000E+00
  4.20000E+00 0.00000E+00 0.00000E+00 0.00000E+00
  4.40000E+00 3.84992E+01 1.89177E-01 3.83101E+01
  4.60000E+00 5.58088E+01 3.40369E-01 5.54684E+01
  4.80000E+00 6.42327E+01 4.70615E-01 6.37621E+01
  5.00000E+00 6.59849E+01 5.72089E-01 6.54128E+01
  5.50000E+00 5.71581E+01 7.43047E-01 5.64151E+01
  6.00000E+00 4.47215E+01 8.77432E-01 4.38441E+01
  6.50000E+00 3.33681E+01 1.00705E+00 3.23610E+01
  7.00000E+00 2.37648E+01 1.12144E+00 2.26434E+01
  7.50000E+00 1.64711E+01 1.21304E+00 1.52581E+01
  8.00000E+00 1.12459E+01 1.27925E+00 9.96669E+00
  8.50000E+00 7.67949E+00 1.31831E+00 6.36118E+00
  9.00000E+00 5.28628E+00 1.33053E+00 3.95575E+00
  9.50000E+00 3.70945E+00 1.31946E+00 2.38999E+00
  1.00000E+01 2.70331E+00 1.29209E+00 1.41122E+00
  1.10000E+01 1.69931E+00 1.22202E+00 4.77288E-01
  1.20000E+01 1.32548E+00 1.16556E+00 1.59921E-01
  1.30000E+01 1.17664E+00 1.12359E+00 5.30478E-02
  1.40000E+01 1.09823E+00 1.08084E+00 1.73858E-02
  1.50000E+01 1.03913E+00 1.03346E+00 5.67436E-03
  1.60000E+01 9.88785E-01 9.86923E-01 1.86175E-03
  1.70000E+01 9.46906E-01 9.46291E-01 6.15239E-04
  1.80000E+01 9.12701E-01 9.12494E-01 2.07067E-04
  1.90000E+01 8.83167E-01 8.83096E-01 7.06911E-05
  2.00000E+01 8.54880E-01 8.54856E-01 2.44379E-05
  2.20000E+01 7.96432E-01 7.96429E-01 3.03984E-06
  2.40000E+01 7.40622E-01 7.40622E-01 4.17233E-07
  2.60000E+01 6.94519E-01 6.94519E-01 5.96046E-08
  2.80000E+01 6.55695E-01 6.55695E-01 0.00000E+00
  3.00000E+01 6.19182E-01 6.19182E-01 0.00000E+00

 Inelastic to level 15 of 208Pb: 6.0- at 4.20628 MeV

  Energy     Total      Direct      Compound

  1.00000E+00 0.00000E+00 0.00000E+00 0.00000E+00
  1.20000E+00 0.00000E+00 0.00000E+00 0.00000E+00
  1.40000E+00 0.00000E+00 0.00000E+00 0.00000E+00
  1.60000E+00 0.00000E+00 0.00000E+00 0.00000E+00
  1.80000E+00 0.00000E+00 0.00000E+00 0.00000E+00
  2.00000E+00 0.00000E+00 0.00000E+00 0.00000E+00
  2.20000E+00 0.00000E+00 0.00000E+00 0.00000E+00
  2.40000E+00 0.00000E+00 0.00000E+00 0.00000E+00
  2.60000E+00 0.00000E+00 0.00000E+00 0.00000E+00
  2.80000E+00 0.00000E+00 0.00000E+00 0.00000E+00
  3.00000E+00 0.00000E+00 0.00000E+00 0.00000E+00
  3.20000E+00 0.00000E+00 0.00000E+00 0.00000E+00
  3.40000E+00 0.00000E+00 0.00000E+00 0.00000E+00
  3.60000E+00 0.00000E+00 0.00000E+00 0.00000E+00
  3.80000E+00 0.00000E+00 0.00000E+00 0.00000E+00
  4.00000E+00 0.00000E+00 0.00000E+00 0.00000E+00
  4.20000E+00 0.00000E+00 0.00000E+00 0.00000E+00
  4.40000E+00 1.83914E+01 1.00000E-07 1.83914E+01
  4.60000E+00 2.86389E+01 1.00000E-07 2.86389E+01
  4.80000E+00 3.49579E+01 1.00000E-07 3.49579E+01
  5.00000E+00 3.76405E+01 1.00000E-07 3.76405E+01
  5.50000E+00 3.58556E+01 1.00000E-07 3.58556E+01
  6.00000E+00 3.04670E+01 1.00000E-07 3.04670E+01
  6.50000E+00 2.43001E+01 1.00000E-07 2.43001E+01
  7.00000E+00 1.80672E+01 1.00000E-07 1.80672E+01
  7.50000E+00 1.27277E+01 1.00000E-07 1.27277E+01
  8.00000E+00 8.58118E+00 1.00000E-07 8.58118E+00
  8.50000E+00 5.59726E+00 1.00000E-07 5.59726E+00
  9.00000E+00 3.53366E+00 1.00000E-07 3.53366E+00
  9.50000E+00 2.15847E+00 1.00000E-07 2.15847E+00
  1.00000E+01 1.28575E+00 1.00000E-07 1.28575E+00
  1.10000E+01 4.42166E-01 1.00000E-07 4.42165E-01
  1.20000E+01 1.50944E-01 1.00000E-07 1.50944E-01
  1.30000E+01 5.09940E-02 1.00000E-07 5.09939E-02
  1.40000E+01 1.69684E-02 1.00000E-07 1.69683E-02
  1.50000E+01 5.60609E-03 1.00000E-07 5.60599E-03
  1.60000E+01 1.85841E-03 1.00000E-07 1.85831E-03
  1.70000E+01 6.19907E-04 1.00000E-07 6.19807E-04
  1.80000E+01 2.10509E-04 1.00000E-07 2.10409E-04
  1.90000E+01 7.24775E-05 1.00000E-07 7.23775E-05
  2.00000E+01 2.53057E-05 1.00000E-07 2.52057E-05
  2.20000E+01 3.27607E-06 1.00000E-07 3.17607E-06
  2.40000E+01 5.22433E-07 1.00000E-07 4.22433E-07
  2.60000E+01 1.59265E-07 1.00000E-07 5.92646E-08
  2.80000E+01 1.08748E-07 1.00000E-07 8.74842E-09
  3.00000E+01 1.01358E-07 1.00000E-07 1.35764E-09

 Continuum exclusive Inelastic scattering

  Energy     Total      Continuum   (n,gn)

  1.00000E+00 7.43781E-03 0.00000E+00 7.43781E-03
  1.20000E+00 1.47953E-02 0.00000E+00 1.47953E-02
  1.40000E+00 2.63337E-02 0.00000E+00 2.63337E-02
  1.60000E+00 4.60884E-02 0.00000E+00 4.60884E-02
  1.80000E+00 7.63147E-02 0.00000E+00 7.63147E-02
  2.00000E+00 1.20914E-01 0.00000E+00 1.20914E-01
  2.20000E+00 1.86560E-01 0.00000E+00 1.86560E-01
  2.40000E+00 2.79545E-01 0.00000E+00 2.79545E-01
  2.60000E+00 4.09523E-01 0.00000E+00 4.09523E-01
  2.80000E+00 4.16910E-01 0.00000E+00 4.16910E-01
  3.00000E+00 4.84326E-01 0.00000E+00 4.84326E-01
  3.20000E+00 5.92787E-01 0.00000E+00 5.92787E-01
  3.40000E+00 6.18040E-01 0.00000E+00 6.18040E-01
  3.60000E+00 6.99539E-01 0.00000E+00 6.99539E-01
  3.80000E+00 8.01662E-01 0.00000E+00 8.01662E-01
  4.00000E+00 9.09177E-01 0.00000E+00 9.09177E-01
  4.20000E+00 9.17843E-01 0.00000E+00 9.17843E-01
  4.40000E+00 8.01955E+01 7.92814E+01 9.14116E-01
  4.60000E+00 2.72722E+02 2.71827E+02 8.95710E-01
  4.80000E+00 5.08420E+02 5.07529E+02 8.91250E-01
  5.00000E+00 7.47827E+02 7.46921E+02 9.06032E-01
  5.50000E+00 1.25966E+03 1.25872E+03 9.33911E-01
  6.00000E+00 1.62737E+03 1.62639E+03 9.76073E-01
  6.50000E+00 1.89369E+03 1.89266E+03 1.02733E+00
  7.00000E+00 2.09055E+03 2.08944E+03 1.11211E+00
  7.50000E+00 2.23815E+03 2.23693E+03 1.21378E+00
  8.00000E+00 2.23743E+03 2.23611E+03 1.32490E+00
  8.50000E+00 2.08175E+03 2.08030E+03 1.44268E+00
  9.00000E+00 1.81950E+03 1.81795E+03 1.55136E+00
  9.50000E+00 1.50674E+03 1.50509E+03 1.65045E+00
  1.00000E+01 1.19280E+03 1.19106E+03 1.74309E+00
  1.10000E+01 7.02488E+02 7.00573E+02 1.91422E+00
  1.20000E+01 4.31609E+02 4.29532E+02 2.07678E+00
  1.30000E+01 3.05414E+02 3.03149E+02 2.26452E+00
  1.40000E+01 2.45232E+02 2.42769E+02 2.46349E+00
  1.50000E+01 2.13831E+02 2.11183E+02 2.64783E+00
  1.60000E+01 1.93792E+02 1.90987E+02 2.80555E+00
  1.70000E+01 1.83637E+02 1.80685E+02 2.95281E+00
  1.80000E+01 1.71545E+02 1.68467E+02 3.07785E+00
  1.90000E+01 1.60240E+02 1.57074E+02 3.16552E+00
  2.00000E+01 1.51666E+02 1.48419E+02 3.24657E+00
  2.20000E+01 1.36197E+02 1.32894E+02 3.30337E+00
  2.40000E+01 1.21426E+02 1.18120E+02 3.30561E+00
  2.60000E+01 1.07867E+02 1.04613E+02 3.25482E+00
  2.80000E+01 9.95420E+01 9.63247E+01 3.21731E+00
  3.00000E+01 8.90204E+01 8.58582E+01 3.16225E+00

 Total exclusive   (n,p)   scattering

  Energy     Total      Discrete   Continuum     (n,gp)

  1.00000E+00 0.00000E+00 0.00000E+00 0.00000E+00 0.00000E+00
  1.20000E+00 0.00000E+00 0.00000E+00 0.00000E+00 0.00000E+00
  1.40000E+00 0.00000E+00 0.00000E+00 0.00000E+00 0.00000E+00
  1.60000E+00 0.00000E+00 0.00000E+00 0.00000E+00 0.00000E+00
  1.80000E+00 0.00000E+00 0.00000E+00 0.00000E+00 0.00000E+00
  2.00000E+00 0.00000E+00 0.00000E+00 0.00000E+00 0.00000E+00
  2.20000E+00 0.00000E+00 0.00000E+00 0.00000E+00 0.00000E+00
  2.40000E+00 0.00000E+00 0.00000E+00 0.00000E+00 0.00000E+00
  2.60000E+00 0.00000E+00 0.00000E+00 0.00000E+00 0.00000E+00
  2.80000E+00 0.00000E+00 0.00000E+00 0.00000E+00 0.00000E+00
  3.00000E+00 0.00000E+00 0.00000E+00 0.00000E+00 0.00000E+00
  3.20000E+00 0.00000E+00 0.00000E+00 0.00000E+00 0.00000E+00
  3.40000E+00 0.00000E+00 0.00000E+00 0.00000E+00 0.00000E+00
  3.60000E+00 0.00000E+00 0.00000E+00 0.00000E+00 0.00000E+00
  3.80000E+00 0.00000E+00 0.00000E+00 0.00000E+00 0.00000E+00
  4.00000E+00 0.00000E+00 0.00000E+00 0.00000E+00 0.00000E+00
  4.20000E+00 0.00000E+00 0.00000E+00 0.00000E+00 0.00000E+00
  4.40000E+00 0.00000E+00 0.00000E+00 0.00000E+00 0.00000E+00
  4.60000E+00 0.00000E+00 0.00000E+00 0.00000E+00 0.00000E+00
  4.80000E+00 0.00000E+00 0.00000E+00 0.00000E+00 0.00000E+00
  5.00000E+00 0.00000E+00 0.00000E+00 0.00000E+00 0.00000E+00
  5.50000E+00 0.00000E+00 0.00000E+00 0.00000E+00 0.00000E+00
  6.00000E+00 0.00000E+00 0.00000E+00 0.00000E+00 0.00000E+00
  6.50000E+00 0.00000E+00 0.00000E+00 0.00000E+00 0.00000E+00
  7.00000E+00 0.00000E+00 0.00000E+00 0.00000E+00 0.00000E+00
  7.50000E+00 3.54065E-08 3.54065E-08 0.00000E+00 0.00000E+00
  8.00000E+00 1.70660E-06 1.70660E-06 0.00000E+00 2.47470E-13
  8.50000E+00 1.28852E-05 1.28852E-05 0.00000E+00 1.29473E-11
  9.00000E+00 5.20588E-05 5.20588E-05 0.00000E+00 1.56225E-10
  9.50000E+00 1.47063E-04 1.47063E-04 0.00000E+00 1.01653E-09
  1.00000E+01 1.35795E-03 1.15673E-03 2.01225E-04 4.65334E-09
  1.10000E+01 6.46060E-03 4.44684E-03 2.01376E-03 4.80042E-08
  1.20000E+01 2.24350E-02 1.11511E-02 1.12839E-02 2.57877E-07
  1.30000E+01 7.16352E-02 2.45297E-02 4.71055E-02 8.77946E-07
  1.40000E+01 2.09369E-01 5.12663E-02 1.58103E-01 2.14543E-06
  1.50000E+01 5.27766E-01 9.66407E-02 4.31125E-01 4.11442E-06
  1.60000E+01 1.12624E+00 1.59334E-01 9.66904E-01 6.63478E-06
  1.70000E+01 2.13184E+00 2.37853E-01 1.89399E+00 9.46370E-06
  1.80000E+01 3.43643E+00 3.08950E-01 3.12748E+00 1.26189E-05
  1.90000E+01 4.95244E+00 3.67338E-01 4.58510E+00 1.62195E-05
  2.00000E+01 6.63107E+00 4.10634E-01 6.22044E+00 2.06574E-05
  2.20000E+01 9.65423E+00 6.10968E-01 9.04326E+00 3.22588E-05
  2.40000E+01 1.14545E+01 6.22458E-01 1.08320E+01 5.14929E-05
  2.60000E+01 1.21626E+01 8.11810E-01 1.13508E+01 8.09383E-05
  2.80000E+01 1.23603E+01 7.63871E-01 1.15964E+01 1.23429E-04
  3.00000E+01 1.21026E+01 7.07487E-01 1.13951E+01 1.84857E-04

   (n,p)   to level  0 of 208Tl: 5.0+ at 0.00000 MeV

  Energy     Total      Direct      Compound

  1.00000E+00 0.00000E+00 0.00000E+00 0.00000E+00
  1.20000E+00 0.00000E+00 0.00000E+00 0.00000E+00
  1.40000E+00 0.00000E+00 0.00000E+00 0.00000E+00
  1.60000E+00 0.00000E+00 0.00000E+00 0.00000E+00
  1.80000E+00 0.00000E+00 0.00000E+00 0.00000E+00
  2.00000E+00 0.00000E+00 0.00000E+00 0.00000E+00
  2.20000E+00 0.00000E+00 0.00000E+00 0.00000E+00
  2.40000E+00 0.00000E+00 0.00000E+00 0.00000E+00
  2.60000E+00 0.00000E+00 0.00000E+00 0.00000E+00
  2.80000E+00 0.00000E+00 0.00000E+00 0.00000E+00
  3.00000E+00 0.00000E+00 0.00000E+00 0.00000E+00
  3.20000E+00 0.00000E+00 0.00000E+00 0.00000E+00
  3.40000E+00 0.00000E+00 0.00000E+00 0.00000E+00
  3.60000E+00 0.00000E+00 0.00000E+00 0.00000E+00
  3.80000E+00 0.00000E+00 0.00000E+00 0.00000E+00
  4.00000E+00 0.00000E+00 0.00000E+00 0.00000E+00
  4.20000E+00 0.00000E+00 0.00000E+00 0.00000E+00
  4.40000E+00 0.00000E+00 0.00000E+00 0.00000E+00
  4.60000E+00 0.00000E+00 0.00000E+00 0.00000E+00
  4.80000E+00 0.00000E+00 0.00000E+00 0.00000E+00
  5.00000E+00 0.00000E+00 0.00000E+00 0.00000E+00
  5.50000E+00 0.00000E+00 0.00000E+00 0.00000E+00
  6.00000E+00 0.00000E+00 0.00000E+00 0.00000E+00
  6.50000E+00 0.00000E+00 0.00000E+00 0.00000E+00
  7.00000E+00 0.00000E+00 0.00000E+00 0.00000E+00
  7.50000E+00 3.54065E-08 0.00000E+00 3.54065E-08
  8.00000E+00 1.70660E-06 0.00000E+00 1.70660E-06
  8.50000E+00 1.28852E-05 0.00000E+00 1.28852E-05
  9.00000E+00 5.20588E-05 0.00000E+00 5.20588E-05
  9.50000E+00 1.47063E-04 0.00000E+00 1.47063E-04
  1.00000E+01 3.27637E-04 0.00000E+00 3.27637E-04
  1.10000E+01 9.23515E-04 0.00000E+00 9.23515E-04
  1.20000E+01 1.44691E-03 0.00000E+00 1.44691E-03
  1.30000E+01 1.46016E-03 0.00000E+00 1.46016E-03
  1.40000E+01 1.08148E-03 0.00000E+00 1.08148E-03
  1.50000E+01 6.53134E-04 0.00000E+00 6.53134E-04
  1.60000E+01 3.42744E-04 0.00000E+00 3.42744E-04
  1.70000E+01 1.60931E-04 0.00000E+00 1.60931E-04
  1.80000E+01 6.99043E-05 0.00000E+00 6.99043E-05
  1.90000E+01 2.87087E-05 0.00000E+00 2.87087E-05
  2.00000E+01 1.14072E-05 0.00000E+00 1.14072E-05
  2.20000E+01 1.72998E-06 0.00000E+00 1.72998E-06
  2.40000E+01 2.60902E-07 0.00000E+00 2.60902E-07
  2.60000E+01 1.50526E-02 1.50526E-02 4.00469E-08
  2.80000E+01 1.39860E-02 1.39860E-02 6.51926E-09
  3.00000E+01 1.28191E-02 1.28191E-02 9.31323E-10

   (n,p)   to level  1 of 208Tl: 4.0+ at 0.03986 MeV

  Energy     Total      Direct      Compound

  1.00000E+00 0.00000E+00 0.00000E+00 0.00000E+00
  1.20000E+00 0.00000E+00 0.00000E+00 0.00000E+00
  1.40000E+00 0.00000E+00 0.00000E+00 0.00000E+00
  1.60000E+00 0.00000E+00 0.00000E+00 0.00000E+00
  1.80000E+00 0.00000E+00 0.00000E+00 0.00000E+00
  2.00000E+00 0.00000E+00 0.00000E+00 0.00000E+00
  2.20000E+00 0.00000E+00 0.00000E+00 0.00000E+00
  2.40000E+00 0.00000E+00 0.00000E+00 0.00000E+00
  2.60000E+00 0.00000E+00 0.00000E+00 0.00000E+00
  2.80000E+00 0.00000E+00 0.00000E+00 0.00000E+00
  3.00000E+00 0.00000E+00 0.00000E+00 0.00000E+00
  3.20000E+00 0.00000E+00 0.00000E+00 0.00000E+00
  3.40000E+00 0.00000E+00 0.00000E+00 0.00000E+00
  3.60000E+00 0.00000E+00 0.00000E+00 0.00000E+00
  3.80000E+00 0.00000E+00 0.00000E+00 0.00000E+00
  4.00000E+00 0.00000E+00 0.00000E+00 0.00000E+00
  4.20000E+00 0.00000E+00 0.00000E+00 0.00000E+00
  4.40000E+00 0.00000E+00 0.00000E+00 0.00000E+00
  4.60000E+00 0.00000E+00 0.00000E+00 0.00000E+00
  4.80000E+00 0.00000E+00 0.00000E+00 0.00000E+00
  5.00000E+00 0.00000E+00 0.00000E+00 0.00000E+00
  5.50000E+00 0.00000E+00 0.00000E+00 0.00000E+00
  6.00000E+00 0.00000E+00 0.00000E+00 0.00000E+00
  6.50000E+00 0.00000E+00 0.00000E+00 0.00000E+00
  7.00000E+00 1.35921E-12 1.35921E-12 0.00000E+00
  7.50000E+00 3.07074E-08 0.00000E+00 3.07074E-08
  8.00000E+00 1.49623E-06 3.14486E-09 1.49308E-06
  8.50000E+00 1.12384E-05 0.00000E+00 1.12384E-05
  9.00000E+00 4.55159E-05 0.00000E+00 4.55159E-05
  9.50000E+00 1.28069E-04 0.00000E+00 1.28069E-04
  1.00000E+01 2.84810E-04 0.00000E+00 2.84810E-04
  1.10000E+01 8.05025E-04 0.00000E+00 8.05025E-04
  1.20000E+01 1.27621E-03 0.00000E+00 1.27621E-03
  1.30000E+01 1.31174E-03 0.00000E+00 1.31174E-03
  1.40000E+01 9.90299E-04 0.00000E+00 9.90299E-04
  1.50000E+01 6.06836E-04 0.00000E+00 6.06836E-04
  1.60000E+01 3.21024E-04 0.00000E+00 3.21024E-04
  1.70000E+01 1.51049E-04 0.00000E+00 1.51049E-04
  1.80000E+01 6.54728E-05 0.00000E+00 6.54728E-05
  1.90000E+01 2.67740E-05 0.00000E+00 2.67740E-05
  2.00000E+01 1.05861E-05 0.00000E+00 1.05861E-05
  2.20000E+01 6.42325E-02 6.42309E-02 1.58697E-06
  2.40000E+01 6.47310E-02 6.47308E-02 2.38419E-07
  2.60000E+01 1.23893E-01 1.23893E-01 3.72529E-08
  2.80000E+01 1.15114E-01 1.15114E-01 7.45058E-09
  3.00000E+01 1.05509E-01 1.05509E-01 0.00000E+00

   (n,p)   to level  2 of 208Tl: 5.0+ at 0.32804 MeV

  Energy     Total      Direct      Compound

  1.00000E+00 0.00000E+00 0.00000E+00 0.00000E+00
  1.20000E+00 0.00000E+00 0.00000E+00 0.00000E+00
  1.40000E+00 0.00000E+00 0.00000E+00 0.00000E+00
  1.60000E+00 0.00000E+00 0.00000E+00 0.00000E+00
  1.80000E+00 0.00000E+00 0.00000E+00 0.00000E+00
  2.00000E+00 0.00000E+00 0.00000E+00 0.00000E+00
  2.20000E+00 0.00000E+00 0.00000E+00 0.00000E+00
  2.40000E+00 0.00000E+00 0.00000E+00 0.00000E+00
  2.60000E+00 0.00000E+00 0.00000E+00 0.00000E+00
  2.80000E+00 0.00000E+00 0.00000E+00 0.00000E+00
  3.00000E+00 0.00000E+00 0.00000E+00 0.00000E+00
  3.20000E+00 0.00000E+00 0.00000E+00 0.00000E+00
  3.40000E+00 0.00000E+00 0.00000E+00 0.00000E+00
  3.60000E+00 0.00000E+00 0.00000E+00 0.00000E+00
  3.80000E+00 0.00000E+00 0.00000E+00 0.00000E+00
  4.00000E+00 0.00000E+00 0.00000E+00 0.00000E+00
  4.20000E+00 0.00000E+00 0.00000E+00 0.00000E+00
  4.40000E+00 0.00000E+00 0.00000E+00 0.00000E+00
  4.60000E+00 0.00000E+00 0.00000E+00 0.00000E+00
  4.80000E+00 0.00000E+00 0.00000E+00 0.00000E+00
  5.00000E+00 0.00000E+00 0.00000E+00 0.00000E+00
  5.50000E+00 2.34341E-28 2.34341E-28 0.00000E+00
  6.00000E+00 4.22774E-20 4.22774E-20 0.00000E+00
  6.50000E+00 1.21064E-15 1.21064E-15 0.00000E+00
  7.00000E+00 2.17006E-12 2.17006E-12 0.00000E+00
  7.50000E+00 9.81365E-11 9.81365E-11 0.00000E+00
  8.00000E+00 2.48133E-07 6.45474E-09 2.41679E-07
  8.50000E+00 2.43596E-06 5.25618E-08 2.38340E-06
  9.00000E+00 1.38173E-05 2.52365E-07 1.35649E-05
  9.50000E+00 5.10573E-05 1.95364E-06 4.91037E-05
  1.00000E+01 1.40721E-04 1.05622E-05 1.30159E-04
  1.10000E+01 6.14158E-04 1.41790E-04 4.72368E-04
  1.20000E+01 1.79712E-03 9.13133E-04 8.83990E-04
  1.30000E+01 4.52298E-03 3.50802E-03 1.01496E-03
  1.40000E+01 1.00690E-02 9.24630E-03 8.22722E-04
  1.50000E+01 1.91589E-02 1.86299E-02 5.29023E-04
  1.60000E+01 3.12451E-02 3.09540E-02 2.91103E-04
  1.70000E+01 4.58975E-02 4.57554E-02 1.42075E-04
  1.80000E+01 5.86754E-02 5.86118E-02 6.36317E-05
  1.90000E+01 6.88584E-02 6.88317E-02 2.67103E-05
  2.00000E+01 7.62663E-02 7.62556E-02 1.07735E-05
  2.20000E+01 1.69777E-01 1.69776E-01 1.65403E-06
  2.40000E+01 1.71097E-01 1.71097E-01 2.53320E-07
  2.60000E+01 1.63737E-01 1.63737E-01 4.47035E-08
  2.80000E+01 1.52135E-01 1.52135E-01 0.00000E+00
  3.00000E+01 1.39442E-01 1.39442E-01 0.00000E+00

   (n,p)   to level  3 of 208Tl: 4.0+ at 0.47340 MeV

  Energy     Total      Direct      Compound

  1.00000E+00 0.00000E+00 0.00000E+00 0.00000E+00
  1.20000E+00 0.00000E+00 0.00000E+00 0.00000E+00
  1.40000E+00 0.00000E+00 0.00000E+00 0.00000E+00
  1.60000E+00 0.00000E+00 0.00000E+00 0.00000E+00
  1.80000E+00 0.00000E+00 0.00000E+00 0.00000E+00
  2.00000E+00 0.00000E+00 0.00000E+00 0.00000E+00
  2.20000E+00 0.00000E+00 0.00000E+00 0.00000E+00
  2.40000E+00 0.00000E+00 0.00000E+00 0.00000E+00
  2.60000E+00 0.00000E+00 0.00000E+00 0.00000E+00
  2.80000E+00 0.00000E+00 0.00000E+00 0.00000E+00
  3.00000E+00 0.00000E+00 0.00000E+00 0.00000E+00
  3.20000E+00 0.00000E+00 0.00000E+00 0.00000E+00
  3.40000E+00 0.00000E+00 0.00000E+00 0.00000E+00
  3.60000E+00 0.00000E+00 0.00000E+00 0.00000E+00
  3.80000E+00 0.00000E+00 0.00000E+00 0.00000E+00
  4.00000E+00 0.00000E+00 0.00000E+00 0.00000E+00
  4.20000E+00 0.00000E+00 0.00000E+00 0.00000E+00
  4.40000E+00 0.00000E+00 0.00000E+00 0.00000E+00
  4.60000E+00 0.00000E+00 0.00000E+00 0.00000E+00
  4.80000E+00 0.00000E+00 0.00000E+00 0.00000E+00
  5.00000E+00 0.00000E+00 0.00000E+00 0.00000E+00
  5.50000E+00 8.93246E-29 8.93246E-29 0.00000E+00
  6.00000E+00 1.73005E-20 1.73005E-20 0.00000E+00
  6.50000E+00 5.70481E-16 5.70481E-16 0.00000E+00
  7.00000E+00 2.84114E-13 2.84114E-13 0.00000E+00
  7.50000E+00 4.79443E-11 4.79443E-11 0.00000E+00
  8.00000E+00 3.01353E-08 1.74739E-09 2.83879E-08
  8.50000E+00 1.16799E-06 3.13546E-08 1.13664E-06
  9.00000E+00 8.37841E-06 1.91860E-07 8.18655E-06
  9.50000E+00 3.30115E-05 1.48525E-06 3.15262E-05
  1.00000E+01 9.38647E-05 8.02987E-06 8.58348E-05
  1.10000E+01 4.37721E-04 1.07796E-04 3.29926E-04
  1.20000E+01 1.34903E-03 6.94207E-04 6.54821E-04
  1.30000E+01 3.46328E-03 2.66699E-03 7.96287E-04
  1.40000E+01 7.70829E-03 7.02955E-03 6.78745E-04
  1.50000E+01 1.46170E-02 1.41635E-02 4.53564E-04
  1.60000E+01 2.37893E-02 2.35329E-02 2.56408E-04
  1.70000E+01 3.49132E-02 3.47858E-02 1.27364E-04
  1.80000E+01 4.46175E-02 4.45599E-02 5.76153E-05
  1.90000E+01 5.23540E-02 5.23297E-02 2.42889E-05
  2.00000E+01 5.79835E-02 5.79737E-02 9.80124E-06
  2.20000E+01 6.45387E-02 6.45372E-02 1.50502E-06
  2.40000E+01 6.50396E-02 6.50394E-02 2.30968E-07
  2.60000E+01 6.22418E-02 6.22417E-02 3.35276E-08
  2.80000E+01 5.78314E-02 5.78314E-02 3.72529E-09
  3.00000E+01 5.30062E-02 5.30062E-02 0.00000E+00

   (n,p)   to level  4 of 208Tl: 3.0+ at 0.49284 MeV

  Energy     Total      Direct      Compound

  1.00000E+00 0.00000E+00 0.00000E+00 0.00000E+00
  1.20000E+00 0.00000E+00 0.00000E+00 0.00000E+00
  1.40000E+00 0.00000E+00 0.00000E+00 0.00000E+00
  1.60000E+00 0.00000E+00 0.00000E+00 0.00000E+00
  1.80000E+00 0.00000E+00 0.00000E+00 0.00000E+00
  2.00000E+00 0.00000E+00 0.00000E+00 0.00000E+00
  2.20000E+00 0.00000E+00 0.00000E+00 0.00000E+00
  2.40000E+00 0.00000E+00 0.00000E+00 0.00000E+00
  2.60000E+00 0.00000E+00 0.00000E+00 0.00000E+00
  2.80000E+00 0.00000E+00 0.00000E+00 0.00000E+00
  3.00000E+00 0.00000E+00 0.00000E+00 0.00000E+00
  3.20000E+00 0.00000E+00 0.00000E+00 0.00000E+00
  3.40000E+00 0.00000E+00 0.00000E+00 0.00000E+00
  3.60000E+00 0.00000E+00 0.00000E+00 0.00000E+00
  3.80000E+00 0.00000E+00 0.00000E+00 0.00000E+00
  4.00000E+00 0.00000E+00 0.00000E+00 0.00000E+00
  4.20000E+00 0.00000E+00 0.00000E+00 0.00000E+00
  4.40000E+00 0.00000E+00 0.00000E+00 0.00000E+00
  4.60000E+00 0.00000E+00 0.00000E+00 0.00000E+00
  4.80000E+00 0.00000E+00 0.00000E+00 0.00000E+00
  5.00000E+00 0.00000E+00 0.00000E+00 0.00000E+00
  5.50000E+00 4.28383E-31 4.28383E-31 0.00000E+00
  6.00000E+00 1.12430E-21 1.12430E-21 0.00000E+00
  6.50000E+00 1.14562E-16 1.14562E-16 0.00000E+00
  7.00000E+00 1.37615E-13 1.37615E-13 0.00000E+00
  7.50000E+00 1.85431E-11 1.85431E-11 0.00000E+00
  8.00000E+00 2.15408E-08 1.03635E-09 2.05045E-08
  8.50000E+00 9.37794E-07 1.98228E-08 9.17971E-07
  9.00000E+00 6.80907E-06 1.67180E-07 6.64189E-06
  9.50000E+00 2.70891E-05 1.29419E-06 2.57949E-05
  1.00000E+01 7.76763E-05 6.99694E-06 7.06793E-05
  1.10000E+01 3.70266E-04 9.39291E-05 2.76337E-04
  1.20000E+01 1.16367E-03 6.04906E-04 5.58764E-04
  1.30000E+01 3.01528E-03 2.32388E-03 6.91400E-04
  1.40000E+01 6.72287E-03 6.12518E-03 5.97693E-04
  1.50000E+01 1.27441E-02 1.23413E-02 4.02800E-04
  1.60000E+01 2.07335E-02 2.05053E-02 2.28165E-04
  1.70000E+01 3.04235E-02 3.03105E-02 1.13010E-04
  1.80000E+01 3.88780E-02 3.88271E-02 5.08539E-05
  1.90000E+01 4.56186E-02 4.55973E-02 2.12975E-05
  2.00000E+01 5.05237E-02 5.05152E-02 8.53091E-06
  2.20000E+01 5.62357E-02 5.62344E-02 1.29268E-06
  2.40000E+01 5.66722E-02 5.66720E-02 1.93715E-07
  2.60000E+01 5.42343E-02 5.42342E-02 2.98023E-08
  2.80000E+01 5.03913E-02 5.03913E-02 3.72529E-09
  3.00000E+01 4.61869E-02 4.61869E-02 0.00000E+00

   (n,p)   to level  5 of 208Tl: 6.0+ at 0.61700 MeV

  Energy     Total      Direct      Compound

  1.00000E+00 0.00000E+00 0.00000E+00 0.00000E+00
  1.20000E+00 0.00000E+00 0.00000E+00 0.00000E+00
  1.40000E+00 0.00000E+00 0.00000E+00 0.00000E+00
  1.60000E+00 0.00000E+00 0.00000E+00 0.00000E+00
  1.80000E+00 0.00000E+00 0.00000E+00 0.00000E+00
  2.00000E+00 0.00000E+00 0.00000E+00 0.00000E+00
  2.20000E+00 0.00000E+00 0.00000E+00 0.00000E+00
  2.40000E+00 0.00000E+00 0.00000E+00 0.00000E+00
  2.60000E+00 0.00000E+00 0.00000E+00 0.00000E+00
  2.80000E+00 0.00000E+00 0.00000E+00 0.00000E+00
  3.00000E+00 0.00000E+00 0.00000E+00 0.00000E+00
  3.20000E+00 0.00000E+00 0.00000E+00 0.00000E+00
  3.40000E+00 0.00000E+00 0.00000E+00 0.00000E+00
  3.60000E+00 0.00000E+00 0.00000E+00 0.00000E+00
  3.80000E+00 0.00000E+00 0.00000E+00 0.00000E+00
  4.00000E+00 0.00000E+00 0.00000E+00 0.00000E+00
  4.20000E+00 0.00000E+00 0.00000E+00 0.00000E+00
  4.40000E+00 0.00000E+00 0.00000E+00 0.00000E+00
  4.60000E+00 0.00000E+00 0.00000E+00 0.00000E+00
  4.80000E+00 0.00000E+00 0.00000E+00 0.00000E+00
  5.00000E+00 0.00000E+00 0.00000E+00 0.00000E+00
  5.50000E+00 1.90310E-31 1.90310E-31 0.00000E+00
  6.00000E+00 9.35505E-23 9.35505E-23 0.00000E+00
  6.50000E+00 3.27998E-17 3.27998E-17 0.00000E+00
  7.00000E+00 2.45732E-14 2.45732E-14 0.00000E+00
  7.50000E+00 1.64717E-11 1.64717E-11 0.00000E+00
  8.00000E+00 4.88641E-10 4.88641E-10 0.00000E+00
  8.50000E+00 5.03328E-07 1.76085E-08 4.85719E-07
  9.00000E+00 4.32109E-06 1.48505E-07 4.17259E-06
  9.50000E+00 1.99495E-05 1.14963E-06 1.87999E-05
  1.00000E+01 6.31233E-05 6.21535E-06 5.69079E-05
  1.10000E+01 3.38373E-04 8.34368E-05 2.54937E-04
  1.20000E+01 1.09576E-03 5.37336E-04 5.58421E-04
  1.30000E+01 2.78736E-03 2.06435E-03 7.23010E-04
  1.40000E+01 6.08133E-03 5.44112E-03 6.40213E-04
  1.50000E+01 1.14017E-02 1.09630E-02 4.38629E-04
  1.60000E+01 1.84684E-02 1.82153E-02 2.53124E-04
  1.70000E+01 2.70537E-02 2.69255E-02 1.28290E-04
  1.80000E+01 3.45502E-02 3.44909E-02 5.92321E-05
  1.90000E+01 4.05305E-02 4.05050E-02 2.54549E-05
  2.00000E+01 4.48841E-02 4.48737E-02 1.04494E-05
  2.20000E+01 4.99544E-02 4.99528E-02 1.65403E-06
  2.40000E+01 5.03417E-02 5.03415E-02 2.57045E-07
  2.60000E+01 4.81761E-02 4.81760E-02 4.09782E-08
  2.80000E+01 4.47624E-02 4.47624E-02 7.45058E-09
  3.00000E+01 4.10276E-02 4.10276E-02 0.00000E+00

   (n,p)   to level  6 of 208Tl: 6.0+ at 0.62040 MeV

  Energy     Total      Direct      Compound

  1.00000E+00 0.00000E+00 0.00000E+00 0.00000E+00
  1.20000E+00 0.00000E+00 0.00000E+00 0.00000E+00
  1.40000E+00 0.00000E+00 0.00000E+00 0.00000E+00
  1.60000E+00 0.00000E+00 0.00000E+00 0.00000E+00
  1.80000E+00 0.00000E+00 0.00000E+00 0.00000E+00
  2.00000E+00 0.00000E+00 0.00000E+00 0.00000E+00
  2.20000E+00 0.00000E+00 0.00000E+00 0.00000E+00
  2.40000E+00 0.00000E+00 0.00000E+00 0.00000E+00
  2.60000E+00 0.00000E+00 0.00000E+00 0.00000E+00
  2.80000E+00 0.00000E+00 0.00000E+00 0.00000E+00
  3.00000E+00 0.00000E+00 0.00000E+00 0.00000E+00
  3.20000E+00 0.00000E+00 0.00000E+00 0.00000E+00
  3.40000E+00 0.00000E+00 0.00000E+00 0.00000E+00
  3.60000E+00 0.00000E+00 0.00000E+00 0.00000E+00
  3.80000E+00 0.00000E+00 0.00000E+00 0.00000E+00
  4.00000E+00 0.00000E+00 0.00000E+00 0.00000E+00
  4.20000E+00 0.00000E+00 0.00000E+00 0.00000E+00
  4.40000E+00 0.00000E+00 0.00000E+00 0.00000E+00
  4.60000E+00 0.00000E+00 0.00000E+00 0.00000E+00
  4.80000E+00 0.00000E+00 0.00000E+00 0.00000E+00
  5.00000E+00 0.00000E+00 0.00000E+00 0.00000E+00
  5.50000E+00 2.73263E-35 2.73263E-35 0.00000E+00
  6.00000E+00 3.05715E-23 3.05715E-23 0.00000E+00
  6.50000E+00 1.20075E-17 1.20075E-17 0.00000E+00
  7.00000E+00 1.56039E-14 1.56039E-14 0.00000E+00
  7.50000E+00 6.23490E-12 6.23490E-12 0.00000E+00
  8.00000E+00 3.10285E-10 3.10285E-10 0.00000E+00
  8.50000E+00 4.83356E-07 8.00489E-09 4.75352E-07
  9.00000E+00 4.19177E-06 9.42994E-08 4.09747E-06
  9.50000E+00 1.92504E-05 7.30004E-07 1.85204E-05
  1.00000E+01 6.01557E-05 3.94670E-06 5.62090E-05
  1.10000E+01 3.05738E-04 5.29817E-05 2.52756E-04
  1.20000E+01 8.96236E-04 3.41204E-04 5.55032E-04
  1.30000E+01 2.03069E-03 1.31082E-03 7.19866E-04
  1.40000E+01 4.09319E-03 3.45502E-03 6.38171E-04
  1.50000E+01 7.39891E-03 6.96134E-03 4.37567E-04
  1.60000E+01 1.18191E-02 1.15664E-02 2.52653E-04
  1.70000E+01 1.72253E-02 1.70972E-02 1.28105E-04
  1.80000E+01 2.19603E-02 2.19011E-02 5.91688E-05
  1.90000E+01 2.57454E-02 2.57200E-02 2.54363E-05
  2.00000E+01 2.85045E-02 2.84940E-02 1.04420E-05
  2.20000E+01 3.17205E-02 3.17189E-02 1.65030E-06
  2.40000E+01 3.19659E-02 3.19657E-02 2.57045E-07
  2.60000E+01 5.66843E-02 5.66842E-02 4.09782E-08
  2.80000E+01 5.38729E-02 5.38729E-02 7.45058E-09
  3.00000E+01 5.03021E-02 5.03021E-02 0.00000E+00

   (n,p)   to level  7 of 208Tl: 2.0+ at 0.69800 MeV

  Energy     Total      Direct      Compound

  1.00000E+00 0.00000E+00 0.00000E+00 0.00000E+00
  1.20000E+00 0.00000E+00 0.00000E+00 0.00000E+00
  1.40000E+00 0.00000E+00 0.00000E+00 0.00000E+00
  1.60000E+00 0.00000E+00 0.00000E+00 0.00000E+00
  1.80000E+00 0.00000E+00 0.00000E+00 0.00000E+00
  2.00000E+00 0.00000E+00 0.00000E+00 0.00000E+00
  2.20000E+00 0.00000E+00 0.00000E+00 0.00000E+00
  2.40000E+00 0.00000E+00 0.00000E+00 0.00000E+00
  2.60000E+00 0.00000E+00 0.00000E+00 0.00000E+00
  2.80000E+00 0.00000E+00 0.00000E+00 0.00000E+00
  3.00000E+00 0.00000E+00 0.00000E+00 0.00000E+00
  3.20000E+00 0.00000E+00 0.00000E+00 0.00000E+00
  3.40000E+00 0.00000E+00 0.00000E+00 0.00000E+00
  3.60000E+00 0.00000E+00 0.00000E+00 0.00000E+00
  3.80000E+00 0.00000E+00 0.00000E+00 0.00000E+00
  4.00000E+00 0.00000E+00 0.00000E+00 0.00000E+00
  4.20000E+00 0.00000E+00 0.00000E+00 0.00000E+00
  4.40000E+00 0.00000E+00 0.00000E+00 0.00000E+00
  4.60000E+00 0.00000E+00 0.00000E+00 0.00000E+00
  4.80000E+00 0.00000E+00 0.00000E+00 0.00000E+00
  5.00000E+00 0.00000E+00 0.00000E+00 0.00000E+00
  5.50000E+00 5.88797E-39 5.88797E-39 0.00000E+00
  6.00000E+00 2.99713E-24 2.99713E-24 0.00000E+00
  6.50000E+00 5.49341E-18 5.49341E-18 0.00000E+00
  7.00000E+00 2.68927E-14 2.68927E-14 0.00000E+00
  7.50000E+00 3.46471E-12 3.46471E-12 0.00000E+00
  8.00000E+00 5.34765E-10 5.34765E-10 0.00000E+00
  8.50000E+00 2.54420E-07 8.32166E-09 2.46098E-07
  9.00000E+00 2.20986E-06 1.62523E-07 2.04734E-06
  9.50000E+00 1.07168E-05 1.25815E-06 9.45864E-06
  1.00000E+01 3.67187E-05 6.80205E-06 2.99167E-05
  1.10000E+01 2.35059E-04 9.13129E-05 1.43746E-04
  1.20000E+01 8.39238E-04 5.05095E-04 3.34143E-04
  1.30000E+01 2.62786E-03 2.17176E-03 4.56105E-04
  1.40000E+01 6.70012E-03 6.27855E-03 4.21572E-04
  1.50000E+01 1.38717E-02 1.35752E-02 2.96506E-04
  1.60000E+01 2.39889E-02 2.38166E-02 1.72287E-04
  1.70000E+01 3.68932E-02 3.68067E-02 8.65161E-05
  1.80000E+01 4.89404E-02 4.89012E-02 3.91752E-05
  1.90000E+01 5.90746E-02 5.90581E-02 1.64285E-05
  2.00000E+01 6.67016E-02 6.66951E-02 6.56396E-06
  2.20000E+01 7.58370E-02 7.58360E-02 9.90927E-07
  2.40000E+01 7.86500E-02 7.86498E-02 1.49012E-07
  2.60000E+01 1.42671E-01 1.42671E-01 1.49012E-08
  2.80000E+01 1.36716E-01 1.36716E-01 0.00000E+00
  3.00000E+01 1.28495E-01 1.28495E-01 0.00000E+00

   (n,p)   to level  8 of 208Tl: 4.0+ at 0.76000 MeV

  Energy     Total      Direct      Compound

  1.00000E+00 0.00000E+00 0.00000E+00 0.00000E+00
  1.20000E+00 0.00000E+00 0.00000E+00 0.00000E+00
  1.40000E+00 0.00000E+00 0.00000E+00 0.00000E+00
  1.60000E+00 0.00000E+00 0.00000E+00 0.00000E+00
  1.80000E+00 0.00000E+00 0.00000E+00 0.00000E+00
  2.00000E+00 0.00000E+00 0.00000E+00 0.00000E+00
  2.20000E+00 0.00000E+00 0.00000E+00 0.00000E+00
  2.40000E+00 0.00000E+00 0.00000E+00 0.00000E+00
  2.60000E+00 0.00000E+00 0.00000E+00 0.00000E+00
  2.80000E+00 0.00000E+00 0.00000E+00 0.00000E+00
  3.00000E+00 0.00000E+00 0.00000E+00 0.00000E+00
  3.20000E+00 0.00000E+00 0.00000E+00 0.00000E+00
  3.40000E+00 0.00000E+00 0.00000E+00 0.00000E+00
  3.60000E+00 0.00000E+00 0.00000E+00 0.00000E+00
  3.80000E+00 0.00000E+00 0.00000E+00 0.00000E+00
  4.00000E+00 0.00000E+00 0.00000E+00 0.00000E+00
  4.20000E+00 0.00000E+00 0.00000E+00 0.00000E+00
  4.40000E+00 0.00000E+00 0.00000E+00 0.00000E+00
  4.60000E+00 0.00000E+00 0.00000E+00 0.00000E+00
  4.80000E+00 0.00000E+00 0.00000E+00 0.00000E+00
  5.00000E+00 0.00000E+00 0.00000E+00 0.00000E+00
  5.50000E+00 1.91908E-39 1.91908E-39 0.00000E+00
  6.00000E+00 9.92089E-25 9.92089E-25 0.00000E+00
  6.50000E+00 2.00519E-18 2.00519E-18 0.00000E+00
  7.00000E+00 1.11639E-14 1.11639E-14 0.00000E+00
  7.50000E+00 2.25850E-12 2.25850E-12 0.00000E+00
  8.00000E+00 2.22291E-10 2.22291E-10 0.00000E+00
  8.50000E+00 2.26552E-07 5.42455E-09 2.21127E-07
  9.00000E+00 1.92941E-06 7.92214E-08 1.85019E-06
  9.50000E+00 9.73582E-06 4.97024E-07 9.23880E-06
  1.00000E+01 3.44807E-05 2.89284E-06 3.15878E-05
  1.10000E+01 2.08751E-04 4.48845E-05 1.63866E-04
  1.20000E+01 6.69942E-04 2.75169E-04 3.94773E-04
  1.30000E+01 1.90806E-03 1.35869E-03 5.49370E-04
  1.40000E+01 4.81843E-03 4.30384E-03 5.14589E-04
  1.50000E+01 1.02445E-02 9.87736E-03 3.67097E-04
  1.60000E+01 1.82733E-02 1.80556E-02 2.17766E-04
  1.70000E+01 2.88897E-02 2.87773E-02 1.12422E-04
  1.80000E+01 3.92005E-02 3.91480E-02 5.24595E-05
  1.90000E+01 4.81221E-02 4.80994E-02 2.26274E-05
  2.00000E+01 5.49486E-02 5.49393E-02 9.27597E-06
  2.20000E+01 6.32327E-02 6.32313E-02 1.45286E-06
  2.40000E+01 6.66225E-02 6.66223E-02 2.23517E-07
  2.60000E+01 9.29998E-02 9.29998E-02 3.72529E-08
  2.80000E+01 8.91180E-02 8.91180E-02 7.45058E-09
  3.00000E+01 8.37588E-02 8.37588E-02 0.00000E+00

   (n,p)   to level  9 of 208Tl: 1.0- at 0.78900 MeV

  Energy     Total      Direct      Compound

  1.00000E+00 0.00000E+00 0.00000E+00 0.00000E+00
  1.20000E+00 0.00000E+00 0.00000E+00 0.00000E+00
  1.40000E+00 0.00000E+00 0.00000E+00 0.00000E+00
  1.60000E+00 0.00000E+00 0.00000E+00 0.00000E+00
  1.80000E+00 0.00000E+00 0.00000E+00 0.00000E+00
  2.00000E+00 0.00000E+00 0.00000E+00 0.00000E+00
  2.20000E+00 0.00000E+00 0.00000E+00 0.00000E+00
  2.40000E+00 0.00000E+00 0.00000E+00 0.00000E+00
  2.60000E+00 0.00000E+00 0.00000E+00 0.00000E+00
  2.80000E+00 0.00000E+00 0.00000E+00 0.00000E+00
  3.00000E+00 0.00000E+00 0.00000E+00 0.00000E+00
  3.20000E+00 0.00000E+00 0.00000E+00 0.00000E+00
  3.40000E+00 0.00000E+00 0.00000E+00 0.00000E+00
  3.60000E+00 0.00000E+00 0.00000E+00 0.00000E+00
  3.80000E+00 0.00000E+00 0.00000E+00 0.00000E+00
  4.00000E+00 0.00000E+00 0.00000E+00 0.00000E+00
  4.20000E+00 0.00000E+00 0.00000E+00 0.00000E+00
  4.40000E+00 0.00000E+00 0.00000E+00 0.00000E+00
  4.60000E+00 0.00000E+00 0.00000E+00 0.00000E+00
  4.80000E+00 0.00000E+00 0.00000E+00 0.00000E+00
  5.00000E+00 0.00000E+00 0.00000E+00 0.00000E+00
  5.50000E+00 2.80260E-45 2.80260E-45 0.00000E+00
  6.00000E+00 1.33882E-26 1.33882E-26 0.00000E+00
  6.50000E+00 1.88757E-19 1.88757E-19 0.00000E+00
  7.00000E+00 2.10880E-15 2.10880E-15 0.00000E+00
  7.50000E+00 9.92749E-13 9.92749E-13 0.00000E+00
  8.00000E+00 4.21939E-11 4.21939E-11 0.00000E+00
  8.50000E+00 1.28125E-07 2.38442E-09 1.25740E-07
  9.00000E+00 1.08003E-06 2.30775E-08 1.05695E-06
  9.50000E+00 5.51480E-06 7.64495E-08 5.43835E-06
  1.00000E+01 1.92439E-05 5.94179E-07 1.86498E-05
  1.10000E+01 1.10041E-04 1.32954E-05 9.67455E-05
  1.20000E+01 3.54472E-04 1.20957E-04 2.33515E-04
  1.30000E+01 9.19939E-04 5.97241E-04 3.22698E-04
  1.40000E+01 2.18792E-03 1.89176E-03 2.96159E-04
  1.50000E+01 4.54651E-03 4.34161E-03 2.04905E-04
  1.60000E+01 8.05361E-03 7.93635E-03 1.17254E-04
  1.70000E+01 1.27073E-02 1.26491E-02 5.82486E-05
  1.80000E+01 1.72337E-02 1.72076E-02 2.61776E-05
  1.90000E+01 2.11531E-02 2.11422E-02 1.09058E-05
  2.00000E+01 2.41530E-02 2.41486E-02 4.32879E-06
  2.20000E+01 2.77927E-02 2.77921E-02 6.40750E-07
  2.40000E+01 2.92826E-02 2.92825E-02 9.49949E-08
  2.60000E+01 4.08763E-02 4.08762E-02 1.49012E-08
  2.80000E+01 3.91701E-02 3.91701E-02 3.72529E-09
  3.00000E+01 3.68146E-02 3.68146E-02 0.00000E+00

   (n,p)   to level 10 of 208Tl: 1.0- at 0.80000 MeV

  Energy     Total      Direct      Compound

  1.00000E+00 0.00000E+00 0.00000E+00 0.00000E+00
  1.20000E+00 0.00000E+00 0.00000E+00 0.00000E+00
  1.40000E+00 0.00000E+00 0.00000E+00 0.00000E+00
  1.60000E+00 0.00000E+00 0.00000E+00 0.00000E+00
  1.80000E+00 0.00000E+00 0.00000E+00 0.00000E+00
  2.00000E+00 0.00000E+00 0.00000E+00 0.00000E+00
  2.20000E+00 0.00000E+00 0.00000E+00 0.00000E+00
  2.40000E+00 0.00000E+00 0.00000E+00 0.00000E+00
  2.60000E+00 0.00000E+00 0.00000E+00 0.00000E+00
  2.80000E+00 0.00000E+00 0.00000E+00 0.00000E+00
  3.00000E+00 0.00000E+00 0.00000E+00 0.00000E+00
  3.20000E+00 0.00000E+00 0.00000E+00 0.00000E+00
  3.40000E+00 0.00000E+00 0.00000E+00 0.00000E+00
  3.60000E+00 0.00000E+00 0.00000E+00 0.00000E+00
  3.80000E+00 0.00000E+00 0.00000E+00 0.00000E+00
  4.00000E+00 0.00000E+00 0.00000E+00 0.00000E+00
  4.20000E+00 0.00000E+00 0.00000E+00 0.00000E+00
  4.40000E+00 0.00000E+00 0.00000E+00 0.00000E+00
  4.60000E+00 0.00000E+00 0.00000E+00 0.00000E+00
  4.80000E+00 0.00000E+00 0.00000E+00 0.00000E+00
  5.00000E+00 0.00000E+00 0.00000E+00 0.00000E+00
  5.50000E+00 1.40130E-45 1.40130E-45 0.00000E+00
  6.00000E+00 3.68178E-27 3.68178E-27 0.00000E+00
  6.50000E+00 5.19079E-20 5.19079E-20 0.00000E+00
  7.00000E+00 5.79916E-16 5.79916E-16 0.00000E+00
  7.50000E+00 2.73010E-13 2.73010E-13 0.00000E+00
  8.00000E+00 1.16035E-11 1.16035E-11 0.00000E+00
  8.50000E+00 1.17516E-07 6.55726E-10 1.16860E-07
  9.00000E+00 1.01155E-06 6.34642E-09 1.00521E-06
  9.50000E+00 5.28193E-06 2.10225E-08 5.26091E-06
  1.00000E+01 1.82969E-05 1.63391E-07 1.81335E-05
  1.10000E+01 9.81884E-05 3.65604E-06 9.45324E-05
  1.20000E+01 2.62511E-04 3.32614E-05 2.29250E-04
  1.30000E+01 4.82385E-04 1.64233E-04 3.18153E-04
  1.40000E+01 8.13342E-04 5.20322E-04 2.93020E-04
  1.50000E+01 1.39741E-03 1.19414E-03 2.03264E-04
  1.60000E+01 2.29941E-03 2.18287E-03 1.16539E-04
  1.70000E+01 3.53707E-03 3.47909E-03 5.79818E-05
  1.80000E+01 4.75897E-03 4.73288E-03 2.60891E-05
  1.90000E+01 5.82596E-03 5.81508E-03 1.08778E-05
  2.00000E+01 6.64632E-03 6.64200E-03 4.32087E-06
  2.20000E+01 7.64511E-03 7.64447E-03 6.40284E-07
  2.40000E+01 8.05454E-03 8.05444E-03 9.40636E-08
  2.60000E+01 1.12434E-02 1.12434E-02 1.39698E-08
  2.80000E+01 1.07741E-02 1.07741E-02 1.86265E-09
  3.00000E+01 1.01262E-02 1.01262E-02 0.00000E+00

 Continuum exclusive   (n,p)   scattering

  Energy     Total      Continuum   (n,gp)

  1.00000E+00 0.00000E+00 0.00000E+00 0.00000E+00
  1.20000E+00 0.00000E+00 0.00000E+00 0.00000E+00
  1.40000E+00 0.00000E+00 0.00000E+00 0.00000E+00
  1.60000E+00 0.00000E+00 0.00000E+00 0.00000E+00
  1.80000E+00 0.00000E+00 0.00000E+00 0.00000E+00
  2.00000E+00 0.00000E+00 0.00000E+00 0.00000E+00
  2.20000E+00 0.00000E+00 0.00000E+00 0.00000E+00
  2.40000E+00 0.00000E+00 0.00000E+00 0.00000E+00
  2.60000E+00 0.00000E+00 0.00000E+00 0.00000E+00
  2.80000E+00 0.00000E+00 0.00000E+00 0.00000E+00
  3.00000E+00 0.00000E+00 0.00000E+00 0.00000E+00
  3.20000E+00 0.00000E+00 0.00000E+00 0.00000E+00
  3.40000E+00 0.00000E+00 0.00000E+00 0.00000E+00
  3.60000E+00 0.00000E+00 0.00000E+00 0.00000E+00
  3.80000E+00 0.00000E+00 0.00000E+00 0.00000E+00
  4.00000E+00 0.00000E+00 0.00000E+00 0.00000E+00
  4.20000E+00 0.00000E+00 0.00000E+00 0.00000E+00
  4.40000E+00 0.00000E+00 0.00000E+00 0.00000E+00
  4.60000E+00 0.00000E+00 0.00000E+00 0.00000E+00
  4.80000E+00 0.00000E+00 0.00000E+00 0.00000E+00
  5.00000E+00 0.00000E+00 0.00000E+00 0.00000E+00
  5.50000E+00 0.00000E+00 0.00000E+00 0.00000E+00
  6.00000E+00 0.00000E+00 0.00000E+00 0.00000E+00
  6.50000E+00 0.00000E+00 0.00000E+00 0.00000E+00
  7.00000E+00 0.00000E+00 0.00000E+00 0.00000E+00
  7.50000E+00 0.00000E+00 0.00000E+00 0.00000E+00
  8.00000E+00 2.47470E-13 0.00000E+00 2.47470E-13
  8.50000E+00 1.29473E-11 0.00000E+00 1.29473E-11
  9.00000E+00 1.56225E-10 0.00000E+00 1.56225E-10
  9.50000E+00 1.01653E-09 0.00000E+00 1.01653E-09
  1.00000E+01 2.01229E-04 2.01225E-04 4.65334E-09
  1.10000E+01 2.01381E-03 2.01376E-03 4.80042E-08
  1.20000E+01 1.12842E-02 1.12839E-02 2.57877E-07
  1.30000E+01 4.71063E-02 4.71055E-02 8.77946E-07
  1.40000E+01 1.58105E-01 1.58103E-01 2.14543E-06
  1.50000E+01 4.31130E-01 4.31125E-01 4.11442E-06
  1.60000E+01 9.66911E-01 9.66904E-01 6.63478E-06
  1.70000E+01 1.89400E+00 1.89399E+00 9.46370E-06
  1.80000E+01 3.12749E+00 3.12748E+00 1.26189E-05
  1.90000E+01 4.58512E+00 4.58510E+00 1.62195E-05
  2.00000E+01 6.22046E+00 6.22044E+00 2.06574E-05
  2.20000E+01 9.04330E+00 9.04326E+00 3.22588E-05
  2.40000E+01 1.08321E+01 1.08320E+01 5.14929E-05
  2.60000E+01 1.13509E+01 1.13508E+01 8.09383E-05
  2.80000E+01 1.15965E+01 1.15964E+01 1.23429E-04
  3.00000E+01 1.13953E+01 1.13951E+01 1.84857E-04

 Total exclusive   (n,d)   scattering

  Energy     Total      Discrete   Continuum     (n,gd)

  1.00000E+00 0.00000E+00 0.00000E+00 0.00000E+00 0.00000E+00
  1.20000E+00 0.00000E+00 0.00000E+00 0.00000E+00 0.00000E+00
  1.40000E+00 0.00000E+00 0.00000E+00 0.00000E+00 0.00000E+00
  1.60000E+00 0.00000E+00 0.00000E+00 0.00000E+00 0.00000E+00
  1.80000E+00 0.00000E+00 0.00000E+00 0.00000E+00 0.00000E+00
  2.00000E+00 0.00000E+00 0.00000E+00 0.00000E+00 0.00000E+00
  2.20000E+00 0.00000E+00 0.00000E+00 0.00000E+00 0.00000E+00
  2.40000E+00 0.00000E+00 0.00000E+00 0.00000E+00 0.00000E+00
  2.60000E+00 0.00000E+00 0.00000E+00 0.00000E+00 0.00000E+00
  2.80000E+00 0.00000E+00 0.00000E+00 0.00000E+00 0.00000E+00
  3.00000E+00 0.00000E+00 0.00000E+00 0.00000E+00 0.00000E+00
  3.20000E+00 0.00000E+00 0.00000E+00 0.00000E+00 0.00000E+00
  3.40000E+00 0.00000E+00 0.00000E+00 0.00000E+00 0.00000E+00
  3.60000E+00 0.00000E+00 0.00000E+00 0.00000E+00 0.00000E+00
  3.80000E+00 0.00000E+00 0.00000E+00 0.00000E+00 0.00000E+00
  4.00000E+00 0.00000E+00 0.00000E+00 0.00000E+00 0.00000E+00
  4.20000E+00 0.00000E+00 0.00000E+00 0.00000E+00 0.00000E+00
  4.40000E+00 0.00000E+00 0.00000E+00 0.00000E+00 0.00000E+00
  4.60000E+00 0.00000E+00 0.00000E+00 0.00000E+00 0.00000E+00
  4.80000E+00 0.00000E+00 0.00000E+00 0.00000E+00 0.00000E+00
  5.00000E+00 0.00000E+00 0.00000E+00 0.00000E+00 0.00000E+00
  5.50000E+00 0.00000E+00 0.00000E+00 0.00000E+00 0.00000E+00
  6.00000E+00 0.00000E+00 0.00000E+00 0.00000E+00 0.00000E+00
  6.50000E+00 0.00000E+00 0.00000E+00 0.00000E+00 0.00000E+00
  7.00000E+00 5.31132E-31 5.31132E-31 0.00000E+00 0.00000E+00
  7.50000E+00 3.34565E-23 3.34565E-23 0.00000E+00 0.00000E+00
  8.00000E+00 5.21463E-19 5.21463E-19 0.00000E+00 0.00000E+00
  8.50000E+00 3.01614E-15 3.01614E-15 0.00000E+00 0.00000E+00
  9.00000E+00 4.81690E-13 4.81690E-13 0.00000E+00 0.00000E+00
  9.50000E+00 5.08936E-11 5.08936E-11 0.00000E+00 0.00000E+00
  1.00000E+01 1.73109E-08 1.73109E-08 0.00000E+00 4.13899E-16
  1.10000E+01 1.03535E-06 1.03535E-06 0.00000E+00 7.94951E-13
  1.20000E+01 1.45066E-05 1.45066E-05 0.00000E+00 3.56653E-11
  1.30000E+01 1.62065E-04 1.62065E-04 0.00000E+00 4.51752E-10
  1.40000E+01 3.14100E-03 3.14100E-03 0.00000E+00 2.79022E-09
  1.50000E+01 2.27596E-02 2.26501E-02 1.09518E-04 1.06093E-08
  1.60000E+01 1.09779E-01 1.08210E-01 1.56977E-03 2.83536E-08
  1.70000E+01 3.66176E-01 3.53177E-01 1.29982E-02 5.79315E-08
  1.80000E+01 8.54330E-01 7.85884E-01 6.84456E-02 9.80254E-08
  1.90000E+01 1.59747E+00 1.35630E+00 2.41170E-01 1.48520E-07
  2.00000E+01 2.56834E+00 1.96488E+00 6.03460E-01 2.13622E-07
  2.20000E+01 4.93965E+00 2.99867E+00 1.94098E+00 3.86901E-07
  2.40000E+01 7.39581E+00 3.64370E+00 3.75211E+00 6.74871E-07
  2.60000E+01 9.42799E+00 3.97924E+00 5.44875E+00 1.16869E-06
  2.80000E+01 1.14261E+01 4.70748E+00 6.71866E+00 2.00815E-06
  3.00000E+01 1.19956E+01 4.69592E+00 7.29966E+00 3.38673E-06

   (n,d)   to level  0 of 207Tl: 0.5+ at 0.00000 MeV

  Energy     Total      Direct      Compound

  1.00000E+00 0.00000E+00 0.00000E+00 0.00000E+00
  1.20000E+00 0.00000E+00 0.00000E+00 0.00000E+00
  1.40000E+00 0.00000E+00 0.00000E+00 0.00000E+00
  1.60000E+00 0.00000E+00 0.00000E+00 0.00000E+00
  1.80000E+00 0.00000E+00 0.00000E+00 0.00000E+00
  2.00000E+00 0.00000E+00 0.00000E+00 0.00000E+00
  2.20000E+00 0.00000E+00 0.00000E+00 0.00000E+00
  2.40000E+00 0.00000E+00 0.00000E+00 0.00000E+00
  2.60000E+00 0.00000E+00 0.00000E+00 0.00000E+00
  2.80000E+00 0.00000E+00 0.00000E+00 0.00000E+00
  3.00000E+00 0.00000E+00 0.00000E+00 0.00000E+00
  3.20000E+00 0.00000E+00 0.00000E+00 0.00000E+00
  3.40000E+00 0.00000E+00 0.00000E+00 0.00000E+00
  3.60000E+00 0.00000E+00 0.00000E+00 0.00000E+00
  3.80000E+00 0.00000E+00 0.00000E+00 0.00000E+00
  4.00000E+00 0.00000E+00 0.00000E+00 0.00000E+00
  4.20000E+00 0.00000E+00 0.00000E+00 0.00000E+00
  4.40000E+00 0.00000E+00 0.00000E+00 0.00000E+00
  4.60000E+00 0.00000E+00 0.00000E+00 0.00000E+00
  4.80000E+00 0.00000E+00 0.00000E+00 0.00000E+00
  5.00000E+00 0.00000E+00 0.00000E+00 0.00000E+00
  5.50000E+00 0.00000E+00 0.00000E+00 0.00000E+00
  6.00000E+00 0.00000E+00 0.00000E+00 0.00000E+00
  6.50000E+00 0.00000E+00 0.00000E+00 0.00000E+00
  7.00000E+00 5.31132E-31 5.31132E-31 0.00000E+00
  7.50000E+00 3.34565E-23 3.34565E-23 0.00000E+00
  8.00000E+00 5.21463E-19 5.21463E-19 0.00000E+00
  8.50000E+00 3.01613E-15 3.01613E-15 0.00000E+00
  9.00000E+00 4.81663E-13 4.81663E-13 0.00000E+00
  9.50000E+00 5.08022E-11 5.08022E-11 0.00000E+00
  1.00000E+01 1.73060E-08 7.71906E-10 1.65341E-08
  1.10000E+01 1.02821E-06 1.09940E-07 9.18275E-07
  1.20000E+01 1.30668E-05 4.35212E-06 8.71464E-06
  1.30000E+01 1.05824E-04 6.87289E-05 3.70954E-05
  1.40000E+01 6.66351E-04 5.77488E-04 8.88630E-05
  1.50000E+01 3.07456E-03 2.94260E-03 1.31960E-04
  1.60000E+01 9.53040E-03 9.40698E-03 1.23417E-04
  1.70000E+01 2.15946E-02 2.15166E-02 7.79964E-05
  1.80000E+01 3.43915E-02 3.43526E-02 3.88958E-05
  1.90000E+01 4.62820E-02 4.62650E-02 1.70469E-05
  2.00000E+01 5.61069E-02 5.61000E-02 6.97747E-06
  2.20000E+01 6.87349E-02 6.87338E-02 1.06543E-06
  2.40000E+01 7.37057E-02 7.37056E-02 1.56462E-07
  2.60000E+01 7.36432E-02 7.36432E-02 2.23517E-08
  2.80000E+01 2.04132E-01 2.04132E-01 0.00000E+00
  3.00000E+01 2.00948E-01 2.00948E-01 0.00000E+00

   (n,d)   to level  1 of 207Tl: 1.5+ at 0.35106 MeV

  Energy     Total      Direct      Compound

  1.00000E+00 0.00000E+00 0.00000E+00 0.00000E+00
  1.20000E+00 0.00000E+00 0.00000E+00 0.00000E+00
  1.40000E+00 0.00000E+00 0.00000E+00 0.00000E+00
  1.60000E+00 0.00000E+00 0.00000E+00 0.00000E+00
  1.80000E+00 0.00000E+00 0.00000E+00 0.00000E+00
  2.00000E+00 0.00000E+00 0.00000E+00 0.00000E+00
  2.20000E+00 0.00000E+00 0.00000E+00 0.00000E+00
  2.40000E+00 0.00000E+00 0.00000E+00 0.00000E+00
  2.60000E+00 0.00000E+00 0.00000E+00 0.00000E+00
  2.80000E+00 0.00000E+00 0.00000E+00 0.00000E+00
  3.00000E+00 0.00000E+00 0.00000E+00 0.00000E+00
  3.20000E+00 0.00000E+00 0.00000E+00 0.00000E+00
  3.40000E+00 0.00000E+00 0.00000E+00 0.00000E+00
  3.60000E+00 0.00000E+00 0.00000E+00 0.00000E+00
  3.80000E+00 0.00000E+00 0.00000E+00 0.00000E+00
  4.00000E+00 0.00000E+00 0.00000E+00 0.00000E+00
  4.20000E+00 0.00000E+00 0.00000E+00 0.00000E+00
  4.40000E+00 0.00000E+00 0.00000E+00 0.00000E+00
  4.60000E+00 0.00000E+00 0.00000E+00 0.00000E+00
  4.80000E+00 0.00000E+00 0.00000E+00 0.00000E+00
  5.00000E+00 0.00000E+00 0.00000E+00 0.00000E+00
  5.50000E+00 0.00000E+00 0.00000E+00 0.00000E+00
  6.00000E+00 0.00000E+00 0.00000E+00 0.00000E+00
  6.50000E+00 0.00000E+00 0.00000E+00 0.00000E+00
  7.00000E+00 1.69120E-32 1.69120E-32 0.00000E+00
  7.50000E+00 6.92524E-24 6.92524E-24 0.00000E+00
  8.00000E+00 1.00129E-18 1.00129E-18 0.00000E+00
  8.50000E+00 7.06172E-16 7.06172E-16 0.00000E+00
  9.00000E+00 9.24896E-13 9.24896E-13 0.00000E+00
  9.50000E+00 3.28423E-11 3.28423E-11 0.00000E+00
  1.00000E+01 6.18492E-10 6.18492E-10 0.00000E+00
  1.10000E+01 3.83801E-07 4.08497E-08 3.42952E-07
  1.20000E+01 8.59840E-06 3.63241E-06 4.96599E-06
  1.30000E+01 1.28613E-04 1.01099E-04 2.75138E-05
  1.40000E+01 1.37038E-03 1.29028E-03 8.01012E-05
  1.50000E+01 9.45203E-03 9.31026E-03 1.41774E-04
  1.60000E+01 4.17046E-02 4.15468E-02 1.57770E-04
  1.70000E+01 1.21744E-01 1.21629E-01 1.14769E-04
  1.80000E+01 2.36038E-01 2.35975E-01 6.26892E-05
  1.90000E+01 3.59450E-01 3.59421E-01 2.90573E-05
  2.00000E+01 4.73115E-01 4.73103E-01 1.23084E-05
  2.20000E+01 6.40433E-01 6.40431E-01 1.96695E-06
  2.40000E+01 7.31175E-01 7.31175E-01 2.98023E-07
  2.60000E+01 7.70561E-01 7.70561E-01 5.96046E-08
  2.80000E+01 1.28943E+00 1.28943E+00 0.00000E+00
  3.00000E+01 1.28056E+00 1.28056E+00 0.00000E+00

   (n,d)   to level  2 of 207Tl: 5.5- at 1.34818 MeV

  Energy     Total      Direct      Compound

  1.00000E+00 0.00000E+00 0.00000E+00 0.00000E+00
  1.20000E+00 0.00000E+00 0.00000E+00 0.00000E+00
  1.40000E+00 0.00000E+00 0.00000E+00 0.00000E+00
  1.60000E+00 0.00000E+00 0.00000E+00 0.00000E+00
  1.80000E+00 0.00000E+00 0.00000E+00 0.00000E+00
  2.00000E+00 0.00000E+00 0.00000E+00 0.00000E+00
  2.20000E+00 0.00000E+00 0.00000E+00 0.00000E+00
  2.40000E+00 0.00000E+00 0.00000E+00 0.00000E+00
  2.60000E+00 0.00000E+00 0.00000E+00 0.00000E+00
  2.80000E+00 0.00000E+00 0.00000E+00 0.00000E+00
  3.00000E+00 0.00000E+00 0.00000E+00 0.00000E+00
  3.20000E+00 0.00000E+00 0.00000E+00 0.00000E+00
  3.40000E+00 0.00000E+00 0.00000E+00 0.00000E+00
  3.60000E+00 0.00000E+00 0.00000E+00 0.00000E+00
  3.80000E+00 0.00000E+00 0.00000E+00 0.00000E+00
  4.00000E+00 0.00000E+00 0.00000E+00 0.00000E+00
  4.20000E+00 0.00000E+00 0.00000E+00 0.00000E+00
  4.40000E+00 0.00000E+00 0.00000E+00 0.00000E+00
  4.60000E+00 0.00000E+00 0.00000E+00 0.00000E+00
  4.80000E+00 0.00000E+00 0.00000E+00 0.00000E+00
  5.00000E+00 0.00000E+00 0.00000E+00 0.00000E+00
  5.50000E+00 0.00000E+00 0.00000E+00 0.00000E+00
  6.00000E+00 0.00000E+00 0.00000E+00 0.00000E+00
  6.50000E+00 0.00000E+00 0.00000E+00 0.00000E+00
  7.00000E+00 0.00000E+00 0.00000E+00 0.00000E+00
  7.50000E+00 3.62235E-39 3.62235E-39 0.00000E+00
  8.00000E+00 7.09616E-27 7.09616E-27 0.00000E+00
  8.50000E+00 1.28580E-20 1.28580E-20 0.00000E+00
  9.00000E+00 2.68008E-17 2.68008E-17 0.00000E+00
  9.50000E+00 9.14531E-14 9.14531E-14 0.00000E+00
  1.00000E+01 4.89353E-12 4.89353E-12 0.00000E+00
  1.10000E+01 7.13037E-09 7.13037E-09 0.00000E+00
  1.20000E+01 1.43981E-06 1.29064E-06 1.49171E-07
  1.30000E+01 5.62403E-05 5.40392E-05 2.20112E-06
  1.40000E+01 9.03919E-04 8.91465E-04 1.24549E-05
  1.50000E+01 7.78843E-03 7.75110E-03 3.73372E-05
  1.60000E+01 4.07644E-02 4.06959E-02 6.85453E-05
  1.70000E+01 1.36440E-01 1.36360E-01 7.97212E-05
  1.80000E+01 2.97530E-01 2.97468E-01 6.20186E-05
  1.90000E+01 4.88271E-01 4.88235E-01 3.63290E-05
  2.00000E+01 6.73837E-01 6.73819E-01 1.80006E-05
  2.20000E+01 9.62939E-01 9.62936E-01 3.39746E-06
  2.40000E+01 1.13110E+00 1.13110E+00 5.96046E-07
  2.60000E+01 1.21501E+00 1.21501E+00 1.19209E-07
  2.80000E+01 1.21791E+00 1.21791E+00 0.00000E+00
  3.00000E+01 1.21880E+00 1.21880E+00 0.00000E+00

   (n,d)   to level  3 of 207Tl: 2.5+ at 1.68258 MeV

  Energy     Total      Direct      Compound

  1.00000E+00 0.00000E+00 0.00000E+00 0.00000E+00
  1.20000E+00 0.00000E+00 0.00000E+00 0.00000E+00
  1.40000E+00 0.00000E+00 0.00000E+00 0.00000E+00
  1.60000E+00 0.00000E+00 0.00000E+00 0.00000E+00
  1.80000E+00 0.00000E+00 0.00000E+00 0.00000E+00
  2.00000E+00 0.00000E+00 0.00000E+00 0.00000E+00
  2.20000E+00 0.00000E+00 0.00000E+00 0.00000E+00
  2.40000E+00 0.00000E+00 0.00000E+00 0.00000E+00
  2.60000E+00 0.00000E+00 0.00000E+00 0.00000E+00
  2.80000E+00 0.00000E+00 0.00000E+00 0.00000E+00
  3.00000E+00 0.00000E+00 0.00000E+00 0.00000E+00
  3.20000E+00 0.00000E+00 0.00000E+00 0.00000E+00
  3.40000E+00 0.00000E+00 0.00000E+00 0.00000E+00
  3.60000E+00 0.00000E+00 0.00000E+00 0.00000E+00
  3.80000E+00 0.00000E+00 0.00000E+00 0.00000E+00
  4.00000E+00 0.00000E+00 0.00000E+00 0.00000E+00
  4.20000E+00 0.00000E+00 0.00000E+00 0.00000E+00
  4.40000E+00 0.00000E+00 0.00000E+00 0.00000E+00
  4.60000E+00 0.00000E+00 0.00000E+00 0.00000E+00
  4.80000E+00 0.00000E+00 0.00000E+00 0.00000E+00
  5.00000E+00 0.00000E+00 0.00000E+00 0.00000E+00
  5.50000E+00 0.00000E+00 0.00000E+00 0.00000E+00
  6.00000E+00 0.00000E+00 0.00000E+00 0.00000E+00
  6.50000E+00 0.00000E+00 0.00000E+00 0.00000E+00
  7.00000E+00 0.00000E+00 0.00000E+00 0.00000E+00
  7.50000E+00 0.00000E+00 0.00000E+00 0.00000E+00
  8.00000E+00 0.00000E+00 0.00000E+00 0.00000E+00
  8.50000E+00 4.04151E-30 4.04151E-30 0.00000E+00
  9.00000E+00 2.56417E-22 2.56417E-22 0.00000E+00
  9.50000E+00 2.21453E-18 2.21453E-18 0.00000E+00
  1.00000E+01 2.50667E-14 2.50667E-14 0.00000E+00
  1.10000E+01 4.05490E-10 4.05490E-10 0.00000E+00
  1.20000E+01 1.15524E-07 1.05341E-07 1.01834E-08
  1.30000E+01 8.42064E-06 7.93459E-06 4.86048E-07
  1.40000E+01 1.93965E-04 1.90096E-04 3.86922E-06
  1.50000E+01 2.17764E-03 2.16313E-03 1.45100E-05
  1.60000E+01 1.43675E-02 1.43358E-02 3.16836E-05
  1.70000E+01 6.07569E-02 6.07140E-02 4.28706E-05
  1.80000E+01 1.65010E-01 1.64972E-01 3.71337E-05
  1.90000E+01 3.20848E-01 3.20825E-01 2.29478E-05
  2.00000E+01 4.96180E-01 4.96168E-01 1.15931E-05
  2.20000E+01 8.05359E-01 8.05356E-01 2.20537E-06
  2.40000E+01 1.00379E+00 1.00379E+00 3.57628E-07
  2.60000E+01 1.11109E+00 1.11109E+00 0.00000E+00
  2.80000E+01 1.13298E+00 1.13298E+00 0.00000E+00
  3.00000E+01 1.12810E+00 1.12810E+00 0.00000E+00

   (n,d)   to level  4 of 207Tl: 2.5+ at 2.67569 MeV

  Energy     Total      Direct      Compound

  1.00000E+00 0.00000E+00 0.00000E+00 0.00000E+00
  1.20000E+00 0.00000E+00 0.00000E+00 0.00000E+00
  1.40000E+00 0.00000E+00 0.00000E+00 0.00000E+00
  1.60000E+00 0.00000E+00 0.00000E+00 0.00000E+00
  1.80000E+00 0.00000E+00 0.00000E+00 0.00000E+00
  2.00000E+00 0.00000E+00 0.00000E+00 0.00000E+00
  2.20000E+00 0.00000E+00 0.00000E+00 0.00000E+00
  2.40000E+00 0.00000E+00 0.00000E+00 0.00000E+00
  2.60000E+00 0.00000E+00 0.00000E+00 0.00000E+00
  2.80000E+00 0.00000E+00 0.00000E+00 0.00000E+00
  3.00000E+00 0.00000E+00 0.00000E+00 0.00000E+00
  3.20000E+00 0.00000E+00 0.00000E+00 0.00000E+00
  3.40000E+00 0.00000E+00 0.00000E+00 0.00000E+00
  3.60000E+00 0.00000E+00 0.00000E+00 0.00000E+00
  3.80000E+00 0.00000E+00 0.00000E+00 0.00000E+00
  4.00000E+00 0.00000E+00 0.00000E+00 0.00000E+00
  4.20000E+00 0.00000E+00 0.00000E+00 0.00000E+00
  4.40000E+00 0.00000E+00 0.00000E+00 0.00000E+00
  4.60000E+00 0.00000E+00 0.00000E+00 0.00000E+00
  4.80000E+00 0.00000E+00 0.00000E+00 0.00000E+00
  5.00000E+00 0.00000E+00 0.00000E+00 0.00000E+00
  5.50000E+00 0.00000E+00 0.00000E+00 0.00000E+00
  6.00000E+00 0.00000E+00 0.00000E+00 0.00000E+00
  6.50000E+00 0.00000E+00 0.00000E+00 0.00000E+00
  7.00000E+00 0.00000E+00 0.00000E+00 0.00000E+00
  7.50000E+00 0.00000E+00 0.00000E+00 0.00000E+00
  8.00000E+00 0.00000E+00 0.00000E+00 0.00000E+00
  8.50000E+00 0.00000E+00 0.00000E+00 0.00000E+00
  9.00000E+00 8.03231E-36 8.03231E-36 0.00000E+00
  9.50000E+00 4.41843E-25 4.41843E-25 0.00000E+00
  1.00000E+01 2.13698E-19 2.13698E-19 0.00000E+00
  1.10000E+01 1.86658E-13 1.86658E-13 0.00000E+00
  1.20000E+01 1.21597E-09 1.21597E-09 0.00000E+00
  1.30000E+01 7.75176E-08 7.45340E-08 2.98358E-09
  1.40000E+01 6.20911E-06 6.06525E-06 1.43859E-07
  1.50000E+01 1.54588E-04 1.53429E-04 1.15884E-06
  1.60000E+01 1.81082E-03 1.80640E-03 4.41808E-06
  1.70000E+01 1.24024E-02 1.23926E-02 9.77796E-06
  1.80000E+01 5.17642E-02 5.17506E-02 1.35265E-05
  1.90000E+01 1.37944E-01 1.37933E-01 1.19209E-05
  2.00000E+01 2.58492E-01 2.58484E-01 7.51019E-06
  2.20000E+01 5.06050E-01 5.06049E-01 1.78814E-06
  2.40000E+01 6.82814E-01 6.82814E-01 2.98023E-07
  2.60000E+01 7.84330E-01 7.84330E-01 5.96046E-08
  2.80000E+01 8.36582E-01 8.36582E-01 0.00000E+00
  3.00000E+01 8.40297E-01 8.40297E-01 0.00000E+00

   (n,d)   to level  5 of 207Tl: 2.5- at 2.70892 MeV

  Energy     Total      Direct      Compound

  1.00000E+00 0.00000E+00 0.00000E+00 0.00000E+00
  1.20000E+00 0.00000E+00 0.00000E+00 0.00000E+00
  1.40000E+00 0.00000E+00 0.00000E+00 0.00000E+00
  1.60000E+00 0.00000E+00 0.00000E+00 0.00000E+00
  1.80000E+00 0.00000E+00 0.00000E+00 0.00000E+00
  2.00000E+00 0.00000E+00 0.00000E+00 0.00000E+00
  2.20000E+00 0.00000E+00 0.00000E+00 0.00000E+00
  2.40000E+00 0.00000E+00 0.00000E+00 0.00000E+00
  2.60000E+00 0.00000E+00 0.00000E+00 0.00000E+00
  2.80000E+00 0.00000E+00 0.00000E+00 0.00000E+00
  3.00000E+00 0.00000E+00 0.00000E+00 0.00000E+00
  3.20000E+00 0.00000E+00 0.00000E+00 0.00000E+00
  3.40000E+00 0.00000E+00 0.00000E+00 0.00000E+00
  3.60000E+00 0.00000E+00 0.00000E+00 0.00000E+00
  3.80000E+00 0.00000E+00 0.00000E+00 0.00000E+00
  4.00000E+00 0.00000E+00 0.00000E+00 0.00000E+00
  4.20000E+00 0.00000E+00 0.00000E+00 0.00000E+00
  4.40000E+00 0.00000E+00 0.00000E+00 0.00000E+00
  4.60000E+00 0.00000E+00 0.00000E+00 0.00000E+00
  4.80000E+00 0.00000E+00 0.00000E+00 0.00000E+00
  5.00000E+00 0.00000E+00 0.00000E+00 0.00000E+00
  5.50000E+00 0.00000E+00 0.00000E+00 0.00000E+00
  6.00000E+00 0.00000E+00 0.00000E+00 0.00000E+00
  6.50000E+00 0.00000E+00 0.00000E+00 0.00000E+00
  7.00000E+00 0.00000E+00 0.00000E+00 0.00000E+00
  7.50000E+00 0.00000E+00 0.00000E+00 0.00000E+00
  8.00000E+00 0.00000E+00 0.00000E+00 0.00000E+00
  8.50000E+00 0.00000E+00 0.00000E+00 0.00000E+00
  9.00000E+00 0.00000E+00 0.00000E+00 0.00000E+00
  9.50000E+00 4.90076E-37 4.90076E-37 0.00000E+00
  1.00000E+01 2.69209E-26 2.69209E-26 0.00000E+00
  1.10000E+01 7.15587E-17 7.15587E-17 0.00000E+00
  1.20000E+01 3.60600E-12 3.60600E-12 0.00000E+00
  1.30000E+01 2.77295E-09 2.54521E-10 2.51843E-09
  1.40000E+01 1.76127E-07 4.55620E-08 1.30565E-07
  1.50000E+01 2.86236E-06 1.79379E-06 1.06857E-06
  1.60000E+01 3.18672E-05 2.77479E-05 4.11933E-06
  1.70000E+01 2.40079E-04 2.30886E-04 9.19335E-06
  1.80000E+01 1.15135E-03 1.13850E-03 1.28440E-05
  1.90000E+01 3.49947E-03 3.48799E-03 1.14788E-05
  2.00000E+01 7.14727E-03 7.13995E-03 7.31461E-06
  2.20000E+01 1.51526E-02 1.51508E-02 1.75461E-06
  2.40000E+01 2.11183E-02 2.11180E-02 3.14787E-07
  2.60000E+01 2.46116E-02 2.46115E-02 5.21541E-08
  2.80000E+01 2.64586E-02 2.64586E-02 7.45058E-09
  3.00000E+01 2.72063E-02 2.72063E-02 1.86265E-09

 Continuum exclusive   (n,d)   scattering

  Energy     Total      Continuum   (n,gd)

  1.00000E+00 0.00000E+00 0.00000E+00 0.00000E+00
  1.20000E+00 0.00000E+00 0.00000E+00 0.00000E+00
  1.40000E+00 0.00000E+00 0.00000E+00 0.00000E+00
  1.60000E+00 0.00000E+00 0.00000E+00 0.00000E+00
  1.80000E+00 0.00000E+00 0.00000E+00 0.00000E+00
  2.00000E+00 0.00000E+00 0.00000E+00 0.00000E+00
  2.20000E+00 0.00000E+00 0.00000E+00 0.00000E+00
  2.40000E+00 0.00000E+00 0.00000E+00 0.00000E+00
  2.60000E+00 0.00000E+00 0.00000E+00 0.00000E+00
  2.80000E+00 0.00000E+00 0.00000E+00 0.00000E+00
  3.00000E+00 0.00000E+00 0.00000E+00 0.00000E+00
  3.20000E+00 0.00000E+00 0.00000E+00 0.00000E+00
  3.40000E+00 0.00000E+00 0.00000E+00 0.00000E+00
  3.60000E+00 0.00000E+00 0.00000E+00 0.00000E+00
  3.80000E+00 0.00000E+00 0.00000E+00 0.00000E+00
  4.00000E+00 0.00000E+00 0.00000E+00 0.00000E+00
  4.20000E+00 0.00000E+00 0.00000E+00 0.00000E+00
  4.40000E+00 0.00000E+00 0.00000E+00 0.00000E+00
  4.60000E+00 0.00000E+00 0.00000E+00 0.00000E+00
  4.80000E+00 0.00000E+00 0.00000E+00 0.00000E+00
  5.00000E+00 0.00000E+00 0.00000E+00 0.00000E+00
  5.50000E+00 0.00000E+00 0.00000E+00 0.00000E+00
  6.00000E+00 0.00000E+00 0.00000E+00 0.00000E+00
  6.50000E+00 0.00000E+00 0.00000E+00 0.00000E+00
  7.00000E+00 0.00000E+00 0.00000E+00 0.00000E+00
  7.50000E+00 0.00000E+00 0.00000E+00 0.00000E+00
  8.00000E+00 0.00000E+00 0.00000E+00 0.00000E+00
  8.50000E+00 0.00000E+00 0.00000E+00 0.00000E+00
  9.00000E+00 0.00000E+00 0.00000E+00 0.00000E+00
  9.50000E+00 0.00000E+00 0.00000E+00 0.00000E+00
  1.00000E+01 4.13899E-16 0.00000E+00 4.13899E-16
  1.10000E+01 7.94951E-13 0.00000E+00 7.94951E-13
  1.20000E+01 3.56653E-11 0.00000E+00 3.56653E-11
  1.30000E+01 4.51752E-10 0.00000E+00 4.51752E-10
  1.40000E+01 2.79022E-09 0.00000E+00 2.79022E-09
  1.50000E+01 1.09529E-04 1.09518E-04 1.06093E-08
  1.60000E+01 1.56980E-03 1.56977E-03 2.83536E-08
  1.70000E+01 1.29983E-02 1.29982E-02 5.79315E-08
  1.80000E+01 6.84457E-02 6.84456E-02 9.80254E-08
  1.90000E+01 2.41171E-01 2.41170E-01 1.48520E-07
  2.00000E+01 6.03460E-01 6.03460E-01 2.13622E-07
  2.20000E+01 1.94098E+00 1.94098E+00 3.86901E-07
  2.40000E+01 3.75211E+00 3.75211E+00 6.74871E-07
  2.60000E+01 5.44875E+00 5.44875E+00 1.16869E-06
  2.80000E+01 6.71866E+00 6.71866E+00 2.00815E-06
  3.00000E+01 7.29967E+00 7.29966E+00 3.38673E-06

 Total exclusive   (n,t)   scattering

  Energy     Total      Discrete   Continuum     (n,gt)

  1.00000E+00 0.00000E+00 0.00000E+00 0.00000E+00 0.00000E+00
  1.20000E+00 0.00000E+00 0.00000E+00 0.00000E+00 0.00000E+00
  1.40000E+00 0.00000E+00 0.00000E+00 0.00000E+00 0.00000E+00
  1.60000E+00 0.00000E+00 0.00000E+00 0.00000E+00 0.00000E+00
  1.80000E+00 0.00000E+00 0.00000E+00 0.00000E+00 0.00000E+00
  2.00000E+00 0.00000E+00 0.00000E+00 0.00000E+00 0.00000E+00
  2.20000E+00 0.00000E+00 0.00000E+00 0.00000E+00 0.00000E+00
  2.40000E+00 0.00000E+00 0.00000E+00 0.00000E+00 0.00000E+00
  2.60000E+00 0.00000E+00 0.00000E+00 0.00000E+00 0.00000E+00
  2.80000E+00 0.00000E+00 0.00000E+00 0.00000E+00 0.00000E+00
  3.00000E+00 0.00000E+00 0.00000E+00 0.00000E+00 0.00000E+00
  3.20000E+00 0.00000E+00 0.00000E+00 0.00000E+00 0.00000E+00
  3.40000E+00 0.00000E+00 0.00000E+00 0.00000E+00 0.00000E+00
  3.60000E+00 0.00000E+00 0.00000E+00 0.00000E+00 0.00000E+00
  3.80000E+00 0.00000E+00 0.00000E+00 0.00000E+00 0.00000E+00
  4.00000E+00 0.00000E+00 0.00000E+00 0.00000E+00 0.00000E+00
  4.20000E+00 0.00000E+00 0.00000E+00 0.00000E+00 0.00000E+00
  4.40000E+00 0.00000E+00 0.00000E+00 0.00000E+00 0.00000E+00
  4.60000E+00 0.00000E+00 0.00000E+00 0.00000E+00 0.00000E+00
  4.80000E+00 0.00000E+00 0.00000E+00 0.00000E+00 0.00000E+00
  5.00000E+00 0.00000E+00 0.00000E+00 0.00000E+00 0.00000E+00
  5.50000E+00 0.00000E+00 0.00000E+00 0.00000E+00 0.00000E+00
  6.00000E+00 0.00000E+00 0.00000E+00 0.00000E+00 0.00000E+00
  6.50000E+00 0.00000E+00 0.00000E+00 0.00000E+00 0.00000E+00
  7.00000E+00 2.80260E-45 2.80260E-45 0.00000E+00 0.00000E+00
  7.50000E+00 8.40779E-44 8.40779E-44 0.00000E+00 0.00000E+00
  8.00000E+00 5.63608E-31 5.63608E-31 0.00000E+00 0.00000E+00
  8.50000E+00 3.41911E-24 3.41911E-24 0.00000E+00 0.00000E+00
  9.00000E+00 1.12157E-19 1.12157E-19 0.00000E+00 0.00000E+00
  9.50000E+00 3.58928E-17 3.58928E-17 0.00000E+00 0.00000E+00
  1.00000E+01 3.95767E-14 3.95767E-14 0.00000E+00 0.00000E+00
  1.10000E+01 2.13487E-09 2.13487E-09 0.00000E+00 0.00000E+00
  1.20000E+01 1.20466E-07 1.20466E-07 0.00000E+00 1.40396E-13
  1.30000E+01 1.88400E-06 1.88400E-06 0.00000E+00 9.62139E-12
  1.40000E+01 1.89557E-05 1.89557E-05 0.00000E+00 1.55065E-10
  1.50000E+01 1.55645E-03 1.55645E-03 0.00000E+00 1.16043E-09
  1.60000E+01 1.06511E-02 1.05735E-02 7.76062E-05 5.06303E-09
  1.70000E+01 4.88043E-02 4.75004E-02 1.30389E-03 1.46640E-08
  1.80000E+01 1.54813E-01 1.43639E-01 1.11744E-02 3.12942E-08
  1.90000E+01 3.70549E-01 3.11177E-01 5.93721E-02 5.34862E-08
  2.00000E+01 7.20757E-01 5.14951E-01 2.05806E-01 8.21697E-08
  2.20000E+01 1.74948E+00 8.27817E-01 9.21663E-01 1.65814E-07
  2.40000E+01 2.92963E+00 9.56304E-01 1.97332E+00 3.20905E-07
  2.60000E+01 3.80633E+00 9.83919E-01 2.82241E+00 5.72006E-07
  2.80000E+01 4.25881E+00 9.94875E-01 3.26393E+00 9.57932E-07
  3.00000E+01 4.35364E+00 1.02156E+00 3.33208E+00 1.54495E-06

   (n,t)   to level  0 of 206Tl: 0.0- at 0.00000 MeV

  Energy     Total      Direct      Compound

  1.00000E+00 0.00000E+00 0.00000E+00 0.00000E+00
  1.20000E+00 0.00000E+00 0.00000E+00 0.00000E+00
  1.40000E+00 0.00000E+00 0.00000E+00 0.00000E+00
  1.60000E+00 0.00000E+00 0.00000E+00 0.00000E+00
  1.80000E+00 0.00000E+00 0.00000E+00 0.00000E+00
  2.00000E+00 0.00000E+00 0.00000E+00 0.00000E+00
  2.20000E+00 0.00000E+00 0.00000E+00 0.00000E+00
  2.40000E+00 0.00000E+00 0.00000E+00 0.00000E+00
  2.60000E+00 0.00000E+00 0.00000E+00 0.00000E+00
  2.80000E+00 0.00000E+00 0.00000E+00 0.00000E+00
  3.00000E+00 0.00000E+00 0.00000E+00 0.00000E+00
  3.20000E+00 0.00000E+00 0.00000E+00 0.00000E+00
  3.40000E+00 0.00000E+00 0.00000E+00 0.00000E+00
  3.60000E+00 0.00000E+00 0.00000E+00 0.00000E+00
  3.80000E+00 0.00000E+00 0.00000E+00 0.00000E+00
  4.00000E+00 0.00000E+00 0.00000E+00 0.00000E+00
  4.20000E+00 0.00000E+00 0.00000E+00 0.00000E+00
  4.40000E+00 0.00000E+00 0.00000E+00 0.00000E+00
  4.60000E+00 0.00000E+00 0.00000E+00 0.00000E+00
  4.80000E+00 0.00000E+00 0.00000E+00 0.00000E+00
  5.00000E+00 0.00000E+00 0.00000E+00 0.00000E+00
  5.50000E+00 0.00000E+00 0.00000E+00 0.00000E+00
  6.00000E+00 0.00000E+00 0.00000E+00 0.00000E+00
  6.50000E+00 0.00000E+00 0.00000E+00 0.00000E+00
  7.00000E+00 2.80260E-45 2.80260E-45 0.00000E+00
  7.50000E+00 8.40779E-44 8.40779E-44 0.00000E+00
  8.00000E+00 5.63608E-31 5.63608E-31 0.00000E+00
  8.50000E+00 3.41911E-24 3.41911E-24 0.00000E+00
  9.00000E+00 1.12157E-19 1.12157E-19 0.00000E+00
  9.50000E+00 3.58928E-17 3.58928E-17 0.00000E+00
  1.00000E+01 3.95767E-14 3.95767E-14 0.00000E+00
  1.10000E+01 2.13487E-09 1.13585E-11 2.12351E-09
  1.20000E+01 1.20430E-07 5.41422E-09 1.15016E-07
  1.30000E+01 1.87867E-06 4.26929E-07 1.45174E-06
  1.40000E+01 1.80092E-05 1.04704E-05 7.53878E-06
  1.50000E+01 1.33631E-04 1.13416E-04 2.02152E-05
  1.60000E+01 7.04839E-04 6.73391E-04 3.14472E-05
  1.70000E+01 2.41358E-03 2.38516E-03 2.84128E-05
  1.80000E+01 5.16819E-03 5.15167E-03 1.65221E-05
  1.90000E+01 7.76953E-03 7.76194E-03 7.58842E-06
  2.00000E+01 9.60619E-03 9.60305E-03 3.14042E-06
  2.20000E+01 1.13058E-02 1.13053E-02 4.73112E-07
  2.40000E+01 1.14502E-02 1.14502E-02 6.70552E-08
  2.60000E+01 2.16172E-02 2.16172E-02 9.31323E-09
  2.80000E+01 1.96472E-02 1.96472E-02 1.86265E-09
  3.00000E+01 1.75208E-02 1.75208E-02 0.00000E+00

   (n,t)   to level  1 of 206Tl: 2.0- at 0.26583 MeV

  Energy     Total      Direct      Compound

  1.00000E+00 0.00000E+00 0.00000E+00 0.00000E+00
  1.20000E+00 0.00000E+00 0.00000E+00 0.00000E+00
  1.40000E+00 0.00000E+00 0.00000E+00 0.00000E+00
  1.60000E+00 0.00000E+00 0.00000E+00 0.00000E+00
  1.80000E+00 0.00000E+00 0.00000E+00 0.00000E+00
  2.00000E+00 0.00000E+00 0.00000E+00 0.00000E+00
  2.20000E+00 0.00000E+00 0.00000E+00 0.00000E+00
  2.40000E+00 0.00000E+00 0.00000E+00 0.00000E+00
  2.60000E+00 0.00000E+00 0.00000E+00 0.00000E+00
  2.80000E+00 0.00000E+00 0.00000E+00 0.00000E+00
  3.00000E+00 0.00000E+00 0.00000E+00 0.00000E+00
  3.20000E+00 0.00000E+00 0.00000E+00 0.00000E+00
  3.40000E+00 0.00000E+00 0.00000E+00 0.00000E+00
  3.60000E+00 0.00000E+00 0.00000E+00 0.00000E+00
  3.80000E+00 0.00000E+00 0.00000E+00 0.00000E+00
  4.00000E+00 0.00000E+00 0.00000E+00 0.00000E+00
  4.20000E+00 0.00000E+00 0.00000E+00 0.00000E+00
  4.40000E+00 0.00000E+00 0.00000E+00 0.00000E+00
  4.60000E+00 0.00000E+00 0.00000E+00 0.00000E+00
  4.80000E+00 0.00000E+00 0.00000E+00 0.00000E+00
  5.00000E+00 0.00000E+00 0.00000E+00 0.00000E+00
  5.50000E+00 0.00000E+00 0.00000E+00 0.00000E+00
  6.00000E+00 0.00000E+00 0.00000E+00 0.00000E+00
  6.50000E+00 0.00000E+00 0.00000E+00 0.00000E+00
  7.00000E+00 2.80260E-45 2.80260E-45 0.00000E+00
  7.50000E+00 9.52883E-44 9.52883E-44 0.00000E+00
  8.00000E+00 6.55670E-31 6.55670E-31 0.00000E+00
  8.50000E+00 3.95206E-24 3.95206E-24 0.00000E+00
  9.00000E+00 6.89940E-20 6.89940E-20 0.00000E+00
  9.50000E+00 4.60802E-17 4.60802E-17 0.00000E+00
  1.00000E+01 3.08504E-14 3.08504E-14 0.00000E+00
  1.10000E+01 2.60552E-11 2.60552E-11 0.00000E+00
  1.20000E+01 1.52822E-07 1.24197E-08 1.40403E-07
  1.30000E+01 3.33685E-06 9.79334E-07 2.35752E-06
  1.40000E+01 3.88468E-05 2.40181E-05 1.48288E-05
  1.50000E+01 3.06482E-04 2.60167E-04 4.63155E-05
  1.60000E+01 1.62851E-03 1.54470E-03 8.38056E-05
  1.70000E+01 5.56187E-03 5.47137E-03 9.05027E-05
  1.80000E+01 1.18788E-02 1.18175E-02 6.13248E-05
  1.90000E+01 1.78360E-02 1.78053E-02 3.07057E-05
  2.00000E+01 2.20419E-02 2.20286E-02 1.32564E-05
  2.20000E+01 2.59356E-02 2.59335E-02 2.07871E-06
  2.40000E+01 2.62661E-02 2.62658E-02 3.03611E-07
  2.60000E+01 2.47934E-02 2.47933E-02 4.47035E-08
  2.80000E+01 2.25346E-02 2.25346E-02 7.45058E-09
  3.00000E+01 2.00951E-02 2.00951E-02 1.86265E-09

   (n,t)   to level  2 of 206Tl: 1.0- at 0.30490 MeV

  Energy     Total      Direct      Compound

  1.00000E+00 0.00000E+00 0.00000E+00 0.00000E+00
  1.20000E+00 0.00000E+00 0.00000E+00 0.00000E+00
  1.40000E+00 0.00000E+00 0.00000E+00 0.00000E+00
  1.60000E+00 0.00000E+00 0.00000E+00 0.00000E+00
  1.80000E+00 0.00000E+00 0.00000E+00 0.00000E+00
  2.00000E+00 0.00000E+00 0.00000E+00 0.00000E+00
  2.20000E+00 0.00000E+00 0.00000E+00 0.00000E+00
  2.40000E+00 0.00000E+00 0.00000E+00 0.00000E+00
  2.60000E+00 0.00000E+00 0.00000E+00 0.00000E+00
  2.80000E+00 0.00000E+00 0.00000E+00 0.00000E+00
  3.00000E+00 0.00000E+00 0.00000E+00 0.00000E+00
  3.20000E+00 0.00000E+00 0.00000E+00 0.00000E+00
  3.40000E+00 0.00000E+00 0.00000E+00 0.00000E+00
  3.60000E+00 0.00000E+00 0.00000E+00 0.00000E+00
  3.80000E+00 0.00000E+00 0.00000E+00 0.00000E+00
  4.00000E+00 0.00000E+00 0.00000E+00 0.00000E+00
  4.20000E+00 0.00000E+00 0.00000E+00 0.00000E+00
  4.40000E+00 0.00000E+00 0.00000E+00 0.00000E+00
  4.60000E+00 0.00000E+00 0.00000E+00 0.00000E+00
  4.80000E+00 0.00000E+00 0.00000E+00 0.00000E+00
  5.00000E+00 0.00000E+00 0.00000E+00 0.00000E+00
  5.50000E+00 0.00000E+00 0.00000E+00 0.00000E+00
  6.00000E+00 0.00000E+00 0.00000E+00 0.00000E+00
  6.50000E+00 0.00000E+00 0.00000E+00 0.00000E+00
  7.00000E+00 0.00000E+00 0.00000E+00 0.00000E+00
  7.50000E+00 0.00000E+00 0.00000E+00 0.00000E+00
  8.00000E+00 1.11889E-32 1.11889E-32 0.00000E+00
  8.50000E+00 3.89102E-26 3.89102E-26 0.00000E+00
  9.00000E+00 5.76986E-21 5.76986E-21 0.00000E+00
  9.50000E+00 1.18978E-17 1.18978E-17 0.00000E+00
  1.00000E+01 1.12330E-14 1.12330E-14 0.00000E+00
  1.10000E+01 3.15493E-11 3.15493E-11 0.00000E+00
  1.20000E+01 1.01238E-07 1.50386E-08 8.61998E-08
  1.30000E+01 2.66334E-06 1.18584E-06 1.47750E-06
  1.40000E+01 3.85648E-05 2.90826E-05 9.48214E-06
  1.50000E+01 3.45096E-04 3.15026E-04 3.00702E-05
  1.60000E+01 1.92530E-03 1.87042E-03 5.48774E-05
  1.70000E+01 6.68434E-03 6.62507E-03 5.92712E-05
  1.80000E+01 1.43492E-02 1.43094E-02 3.97991E-05
  1.90000E+01 2.15794E-02 2.15597E-02 1.97347E-05
  2.00000E+01 2.66821E-02 2.66736E-02 8.48249E-06
  2.20000E+01 3.14032E-02 3.14018E-02 1.32993E-06
  2.40000E+01 3.18042E-02 3.18040E-02 1.93715E-07
  2.60000E+01 3.00215E-02 3.00215E-02 2.79397E-08
  2.80000E+01 2.72861E-02 2.72861E-02 3.72529E-09
  3.00000E+01 2.43326E-02 2.43326E-02 0.00000E+00

   (n,t)   to level  3 of 206Tl: 2.0- at 0.63502 MeV

  Energy     Total      Direct      Compound

  1.00000E+00 0.00000E+00 0.00000E+00 0.00000E+00
  1.20000E+00 0.00000E+00 0.00000E+00 0.00000E+00
  1.40000E+00 0.00000E+00 0.00000E+00 0.00000E+00
  1.60000E+00 0.00000E+00 0.00000E+00 0.00000E+00
  1.80000E+00 0.00000E+00 0.00000E+00 0.00000E+00
  2.00000E+00 0.00000E+00 0.00000E+00 0.00000E+00
  2.20000E+00 0.00000E+00 0.00000E+00 0.00000E+00
  2.40000E+00 0.00000E+00 0.00000E+00 0.00000E+00
  2.60000E+00 0.00000E+00 0.00000E+00 0.00000E+00
  2.80000E+00 0.00000E+00 0.00000E+00 0.00000E+00
  3.00000E+00 0.00000E+00 0.00000E+00 0.00000E+00
  3.20000E+00 0.00000E+00 0.00000E+00 0.00000E+00
  3.40000E+00 0.00000E+00 0.00000E+00 0.00000E+00
  3.60000E+00 0.00000E+00 0.00000E+00 0.00000E+00
  3.80000E+00 0.00000E+00 0.00000E+00 0.00000E+00
  4.00000E+00 0.00000E+00 0.00000E+00 0.00000E+00
  4.20000E+00 0.00000E+00 0.00000E+00 0.00000E+00
  4.40000E+00 0.00000E+00 0.00000E+00 0.00000E+00
  4.60000E+00 0.00000E+00 0.00000E+00 0.00000E+00
  4.80000E+00 0.00000E+00 0.00000E+00 0.00000E+00
  5.00000E+00 0.00000E+00 0.00000E+00 0.00000E+00
  5.50000E+00 0.00000E+00 0.00000E+00 0.00000E+00
  6.00000E+00 0.00000E+00 0.00000E+00 0.00000E+00
  6.50000E+00 0.00000E+00 0.00000E+00 0.00000E+00
  7.00000E+00 0.00000E+00 0.00000E+00 0.00000E+00
  7.50000E+00 8.40779E-45 8.40779E-45 0.00000E+00
  8.00000E+00 7.16741E-37 7.16741E-37 0.00000E+00
  8.50000E+00 1.82993E-27 1.82993E-27 0.00000E+00
  9.00000E+00 1.12683E-22 1.12683E-22 0.00000E+00
  9.50000E+00 5.83818E-18 5.83818E-18 0.00000E+00
  1.00000E+01 1.39353E-15 1.39353E-15 0.00000E+00
  1.10000E+01 1.85087E-11 1.85087E-11 0.00000E+00
  1.20000E+01 2.02539E-08 7.65423E-09 1.25997E-08
  1.30000E+01 1.20504E-06 6.65154E-07 5.39890E-07
  1.40000E+01 2.32551E-05 1.82623E-05 4.99281E-06
  1.50000E+01 2.41861E-04 2.21470E-04 2.03909E-05
  1.60000E+01 1.50866E-03 1.46302E-03 4.56421E-05
  1.70000E+01 5.87147E-03 5.81102E-03 6.04540E-05
  1.80000E+01 1.42408E-02 1.41923E-02 4.84418E-05
  1.90000E+01 2.34199E-02 2.33932E-02 2.67196E-05
  2.00000E+01 3.04853E-02 3.04732E-02 1.21277E-05
  2.20000E+01 3.76451E-02 3.76431E-02 1.98558E-06
  2.40000E+01 3.90196E-02 3.90193E-02 2.98023E-07
  2.60000E+01 3.73982E-02 3.73982E-02 4.47035E-08
  2.80000E+01 4.24147E-02 4.24147E-02 7.45058E-09
  3.00000E+01 3.84816E-02 3.84816E-02 0.00000E+00

   (n,t)   to level  4 of 206Tl: 1.0- at 0.64942 MeV

  Energy     Total      Direct      Compound

  1.00000E+00 0.00000E+00 0.00000E+00 0.00000E+00
  1.20000E+00 0.00000E+00 0.00000E+00 0.00000E+00
  1.40000E+00 0.00000E+00 0.00000E+00 0.00000E+00
  1.60000E+00 0.00000E+00 0.00000E+00 0.00000E+00
  1.80000E+00 0.00000E+00 0.00000E+00 0.00000E+00
  2.00000E+00 0.00000E+00 0.00000E+00 0.00000E+00
  2.20000E+00 0.00000E+00 0.00000E+00 0.00000E+00
  2.40000E+00 0.00000E+00 0.00000E+00 0.00000E+00
  2.60000E+00 0.00000E+00 0.00000E+00 0.00000E+00
  2.80000E+00 0.00000E+00 0.00000E+00 0.00000E+00
  3.00000E+00 0.00000E+00 0.00000E+00 0.00000E+00
  3.20000E+00 0.00000E+00 0.00000E+00 0.00000E+00
  3.40000E+00 0.00000E+00 0.00000E+00 0.00000E+00
  3.60000E+00 0.00000E+00 0.00000E+00 0.00000E+00
  3.80000E+00 0.00000E+00 0.00000E+00 0.00000E+00
  4.00000E+00 0.00000E+00 0.00000E+00 0.00000E+00
  4.20000E+00 0.00000E+00 0.00000E+00 0.00000E+00
  4.40000E+00 0.00000E+00 0.00000E+00 0.00000E+00
  4.60000E+00 0.00000E+00 0.00000E+00 0.00000E+00
  4.80000E+00 0.00000E+00 0.00000E+00 0.00000E+00
  5.00000E+00 0.00000E+00 0.00000E+00 0.00000E+00
  5.50000E+00 0.00000E+00 0.00000E+00 0.00000E+00
  6.00000E+00 0.00000E+00 0.00000E+00 0.00000E+00
  6.50000E+00 0.00000E+00 0.00000E+00 0.00000E+00
  7.00000E+00 0.00000E+00 0.00000E+00 0.00000E+00
  7.50000E+00 2.24208E-44 2.24208E-44 0.00000E+00
  8.00000E+00 1.41671E-42 1.41671E-42 0.00000E+00
  8.50000E+00 1.46055E-29 1.46055E-29 0.00000E+00
  9.00000E+00 1.19338E-22 1.19338E-22 0.00000E+00
  9.50000E+00 1.67099E-18 1.67099E-18 0.00000E+00
  1.00000E+01 7.28131E-16 7.28131E-16 0.00000E+00
  1.10000E+01 2.20792E-11 2.20792E-11 0.00000E+00
  1.20000E+01 1.29910E-08 3.75016E-09 9.24083E-09
  1.30000E+01 1.02684E-06 6.57223E-07 3.69616E-07
  1.40000E+01 3.17200E-05 2.82976E-05 3.42240E-06
  1.50000E+01 4.88324E-04 4.74345E-04 1.39789E-05
  1.60000E+01 4.11758E-03 4.08640E-03 3.11807E-05
  1.70000E+01 2.10659E-02 2.10251E-02 4.08292E-05
  1.80000E+01 6.79052E-02 6.78731E-02 3.20897E-05
  1.90000E+01 1.44851E-01 1.44834E-01 1.73897E-05
  2.00000E+01 2.25186E-01 2.25178E-01 7.80821E-06
  2.20000E+01 3.27481E-01 3.27480E-01 1.28150E-06
  2.40000E+01 3.62887E-01 3.62887E-01 1.78814E-07
  2.60000E+01 3.61557E-01 3.61557E-01 2.98023E-08
  2.80000E+01 3.87926E-01 3.87926E-01 0.00000E+00
  3.00000E+01 3.93067E-01 3.93067E-01 0.00000E+00

   (n,t)   to level  5 of 206Tl:12.0- at 2.64310 MeV

  Energy     Total      Direct      Compound

  1.00000E+00 0.00000E+00 0.00000E+00 0.00000E+00
  1.20000E+00 0.00000E+00 0.00000E+00 0.00000E+00
  1.40000E+00 0.00000E+00 0.00000E+00 0.00000E+00
  1.60000E+00 0.00000E+00 0.00000E+00 0.00000E+00
  1.80000E+00 0.00000E+00 0.00000E+00 0.00000E+00
  2.00000E+00 0.00000E+00 0.00000E+00 0.00000E+00
  2.20000E+00 0.00000E+00 0.00000E+00 0.00000E+00
  2.40000E+00 0.00000E+00 0.00000E+00 0.00000E+00
  2.60000E+00 0.00000E+00 0.00000E+00 0.00000E+00
  2.80000E+00 0.00000E+00 0.00000E+00 0.00000E+00
  3.00000E+00 0.00000E+00 0.00000E+00 0.00000E+00
  3.20000E+00 0.00000E+00 0.00000E+00 0.00000E+00
  3.40000E+00 0.00000E+00 0.00000E+00 0.00000E+00
  3.60000E+00 0.00000E+00 0.00000E+00 0.00000E+00
  3.80000E+00 0.00000E+00 0.00000E+00 0.00000E+00
  4.00000E+00 0.00000E+00 0.00000E+00 0.00000E+00
  4.20000E+00 0.00000E+00 0.00000E+00 0.00000E+00
  4.40000E+00 0.00000E+00 0.00000E+00 0.00000E+00
  4.60000E+00 0.00000E+00 0.00000E+00 0.00000E+00
  4.80000E+00 0.00000E+00 0.00000E+00 0.00000E+00
  5.00000E+00 0.00000E+00 0.00000E+00 0.00000E+00
  5.50000E+00 0.00000E+00 0.00000E+00 0.00000E+00
  6.00000E+00 0.00000E+00 0.00000E+00 0.00000E+00
  6.50000E+00 0.00000E+00 0.00000E+00 0.00000E+00
  7.00000E+00 0.00000E+00 0.00000E+00 0.00000E+00
  7.50000E+00 0.00000E+00 0.00000E+00 0.00000E+00
  8.00000E+00 0.00000E+00 0.00000E+00 0.00000E+00
  8.50000E+00 0.00000E+00 0.00000E+00 0.00000E+00
  9.00000E+00 0.00000E+00 0.00000E+00 0.00000E+00
  9.50000E+00 1.64918E-29 1.64918E-29 0.00000E+00
  1.00000E+01 1.01305E-22 1.01305E-22 0.00000E+00
  1.10000E+01 1.14771E-15 1.14771E-15 0.00000E+00
  1.20000E+01 3.54217E-11 3.54217E-11 0.00000E+00
  1.30000E+01 5.32845E-09 5.32845E-09 0.00000E+00
  1.40000E+01 9.46516E-07 9.46495E-07 2.07478E-11
  1.50000E+01 4.10506E-05 4.10471E-05 3.48882E-09
  1.60000E+01 6.88636E-04 6.88592E-04 4.34229E-08
  1.70000E+01 5.90325E-03 5.90301E-03 2.40747E-07
  1.80000E+01 3.00965E-02 3.00958E-02 7.50646E-07
  1.90000E+01 9.57209E-02 9.57194E-02 1.44541E-06
  2.00000E+01 2.00950E-01 2.00948E-01 1.74344E-06
  2.20000E+01 3.94046E-01 3.94045E-01 8.64267E-07
  2.40000E+01 4.84877E-01 4.84877E-01 2.08616E-07
  2.60000E+01 5.08531E-01 5.08531E-01 5.96046E-08
  2.80000E+01 4.95066E-01 4.95066E-01 0.00000E+00
  3.00000E+01 5.28059E-01 5.28059E-01 0.00000E+00

 Continuum exclusive   (n,t)   scattering

  Energy     Total      Continuum   (n,gt)

  1.00000E+00 0.00000E+00 0.00000E+00 0.00000E+00
  1.20000E+00 0.00000E+00 0.00000E+00 0.00000E+00
  1.40000E+00 0.00000E+00 0.00000E+00 0.00000E+00
  1.60000E+00 0.00000E+00 0.00000E+00 0.00000E+00
  1.80000E+00 0.00000E+00 0.00000E+00 0.00000E+00
  2.00000E+00 0.00000E+00 0.00000E+00 0.00000E+00
  2.20000E+00 0.00000E+00 0.00000E+00 0.00000E+00
  2.40000E+00 0.00000E+00 0.00000E+00 0.00000E+00
  2.60000E+00 0.00000E+00 0.00000E+00 0.00000E+00
  2.80000E+00 0.00000E+00 0.00000E+00 0.00000E+00
  3.00000E+00 0.00000E+00 0.00000E+00 0.00000E+00
  3.20000E+00 0.00000E+00 0.00000E+00 0.00000E+00
  3.40000E+00 0.00000E+00 0.00000E+00 0.00000E+00
  3.60000E+00 0.00000E+00 0.00000E+00 0.00000E+00
  3.80000E+00 0.00000E+00 0.00000E+00 0.00000E+00
  4.00000E+00 0.00000E+00 0.00000E+00 0.00000E+00
  4.20000E+00 0.00000E+00 0.00000E+00 0.00000E+00
  4.40000E+00 0.00000E+00 0.00000E+00 0.00000E+00
  4.60000E+00 0.00000E+00 0.00000E+00 0.00000E+00
  4.80000E+00 0.00000E+00 0.00000E+00 0.00000E+00
  5.00000E+00 0.00000E+00 0.00000E+00 0.00000E+00
  5.50000E+00 0.00000E+00 0.00000E+00 0.00000E+00
  6.00000E+00 0.00000E+00 0.00000E+00 0.00000E+00
  6.50000E+00 0.00000E+00 0.00000E+00 0.00000E+00
  7.00000E+00 0.00000E+00 0.00000E+00 0.00000E+00
  7.50000E+00 0.00000E+00 0.00000E+00 0.00000E+00
  8.00000E+00 0.00000E+00 0.00000E+00 0.00000E+00
  8.50000E+00 0.00000E+00 0.00000E+00 0.00000E+00
  9.00000E+00 0.00000E+00 0.00000E+00 0.00000E+00
  9.50000E+00 0.00000E+00 0.00000E+00 0.00000E+00
  1.00000E+01 0.00000E+00 0.00000E+00 0.00000E+00
  1.10000E+01 0.00000E+00 0.00000E+00 0.00000E+00
  1.20000E+01 1.40396E-13 0.00000E+00 1.40396E-13
  1.30000E+01 9.62139E-12 0.00000E+00 9.62139E-12
  1.40000E+01 1.55065E-10 0.00000E+00 1.55065E-10
  1.50000E+01 1.16043E-09 0.00000E+00 1.16043E-09
  1.60000E+01 7.76112E-05 7.76062E-05 5.06303E-09
  1.70000E+01 1.30390E-03 1.30389E-03 1.46640E-08
  1.80000E+01 1.11744E-02 1.11744E-02 3.12942E-08
  1.90000E+01 5.93721E-02 5.93721E-02 5.34862E-08
  2.00000E+01 2.05806E-01 2.05806E-01 8.21697E-08
  2.20000E+01 9.21663E-01 9.21663E-01 1.65814E-07
  2.40000E+01 1.97332E+00 1.97332E+00 3.20905E-07
  2.60000E+01 2.82241E+00 2.82241E+00 5.72006E-07
  2.80000E+01 3.26393E+00 3.26393E+00 9.57932E-07
  3.00000E+01 3.33209E+00 3.33208E+00 1.54495E-06

 Total exclusive   (n,h)   scattering

  Energy     Total      Discrete   Continuum     (n,gh)

  1.00000E+00 0.00000E+00 0.00000E+00 0.00000E+00 0.00000E+00
  1.20000E+00 0.00000E+00 0.00000E+00 0.00000E+00 0.00000E+00
  1.40000E+00 0.00000E+00 0.00000E+00 0.00000E+00 0.00000E+00
  1.60000E+00 0.00000E+00 0.00000E+00 0.00000E+00 0.00000E+00
  1.80000E+00 0.00000E+00 0.00000E+00 0.00000E+00 0.00000E+00
  2.00000E+00 0.00000E+00 0.00000E+00 0.00000E+00 0.00000E+00
  2.20000E+00 0.00000E+00 0.00000E+00 0.00000E+00 0.00000E+00
  2.40000E+00 0.00000E+00 0.00000E+00 0.00000E+00 0.00000E+00
  2.60000E+00 0.00000E+00 0.00000E+00 0.00000E+00 0.00000E+00
  2.80000E+00 0.00000E+00 0.00000E+00 0.00000E+00 0.00000E+00
  3.00000E+00 0.00000E+00 0.00000E+00 0.00000E+00 0.00000E+00
  3.20000E+00 0.00000E+00 0.00000E+00 0.00000E+00 0.00000E+00
  3.40000E+00 0.00000E+00 0.00000E+00 0.00000E+00 0.00000E+00
  3.60000E+00 0.00000E+00 0.00000E+00 0.00000E+00 0.00000E+00
  3.80000E+00 0.00000E+00 0.00000E+00 0.00000E+00 0.00000E+00
  4.00000E+00 0.00000E+00 0.00000E+00 0.00000E+00 0.00000E+00
  4.20000E+00 0.00000E+00 0.00000E+00 0.00000E+00 0.00000E+00
  4.40000E+00 0.00000E+00 0.00000E+00 0.00000E+00 0.00000E+00
  4.60000E+00 0.00000E+00 0.00000E+00 0.00000E+00 0.00000E+00
  4.80000E+00 0.00000E+00 0.00000E+00 0.00000E+00 0.00000E+00
  5.00000E+00 0.00000E+00 0.00000E+00 0.00000E+00 0.00000E+00
  5.50000E+00 0.00000E+00 0.00000E+00 0.00000E+00 0.00000E+00
  6.00000E+00 0.00000E+00 0.00000E+00 0.00000E+00 0.00000E+00
  6.50000E+00 0.00000E+00 0.00000E+00 0.00000E+00 0.00000E+00
  7.00000E+00 0.00000E+00 0.00000E+00 0.00000E+00 0.00000E+00
  7.50000E+00 0.00000E+00 0.00000E+00 0.00000E+00 0.00000E+00
  8.00000E+00 0.00000E+00 0.00000E+00 0.00000E+00 0.00000E+00
  8.50000E+00 0.00000E+00 0.00000E+00 0.00000E+00 0.00000E+00
  9.00000E+00 0.00000E+00 0.00000E+00 0.00000E+00 0.00000E+00
  9.50000E+00 0.00000E+00 0.00000E+00 0.00000E+00 0.00000E+00
  1.00000E+01 0.00000E+00 0.00000E+00 0.00000E+00 0.00000E+00
  1.10000E+01 4.43136E-35 4.43136E-35 0.00000E+00 0.00000E+00
  1.20000E+01 6.83688E-29 6.83688E-29 0.00000E+00 0.00000E+00
  1.30000E+01 1.42854E-23 1.42854E-23 0.00000E+00 0.00000E+00
  1.40000E+01 7.40997E-20 7.40997E-20 0.00000E+00 0.00000E+00
  1.50000E+01 3.95041E-17 3.95041E-17 0.00000E+00 0.00000E+00
  1.60000E+01 4.74659E-15 4.74659E-15 0.00000E+00 0.00000E+00
  1.70000E+01 2.04211E-13 2.04211E-13 0.00000E+00 0.00000E+00
  1.80000E+01 5.21833E-12 5.21833E-12 0.00000E+00 1.59193E-19
  1.90000E+01 5.84847E-11 5.84847E-11 0.00000E+00 7.03299E-18
  2.00000E+01 4.66977E-10 4.66977E-10 0.00000E+00 1.12730E-16
  2.20000E+01 1.37678E-08 1.37678E-08 0.00000E+00 1.85817E-15
  2.40000E+01 1.90556E-07 1.90556E-07 0.00000E+00 1.06834E-14
  2.60000E+01 1.52535E-06 1.52535E-06 0.00000E+00 4.02234E-14
  2.80000E+01 1.03465E-03 7.49302E-04 2.85352E-04 1.28689E-13
  3.00000E+01 9.12208E-03 6.28274E-03 2.83934E-03 3.88699E-13

   (n,h)   to level  0 of 206Hg: 0.0+ at 0.00000 MeV

  Energy     Total      Direct      Compound

  1.00000E+00 0.00000E+00 0.00000E+00 0.00000E+00
  1.20000E+00 0.00000E+00 0.00000E+00 0.00000E+00
  1.40000E+00 0.00000E+00 0.00000E+00 0.00000E+00
  1.60000E+00 0.00000E+00 0.00000E+00 0.00000E+00
  1.80000E+00 0.00000E+00 0.00000E+00 0.00000E+00
  2.00000E+00 0.00000E+00 0.00000E+00 0.00000E+00
  2.20000E+00 0.00000E+00 0.00000E+00 0.00000E+00
  2.40000E+00 0.00000E+00 0.00000E+00 0.00000E+00
  2.60000E+00 0.00000E+00 0.00000E+00 0.00000E+00
  2.80000E+00 0.00000E+00 0.00000E+00 0.00000E+00
  3.00000E+00 0.00000E+00 0.00000E+00 0.00000E+00
  3.20000E+00 0.00000E+00 0.00000E+00 0.00000E+00
  3.40000E+00 0.00000E+00 0.00000E+00 0.00000E+00
  3.60000E+00 0.00000E+00 0.00000E+00 0.00000E+00
  3.80000E+00 0.00000E+00 0.00000E+00 0.00000E+00
  4.00000E+00 0.00000E+00 0.00000E+00 0.00000E+00
  4.20000E+00 0.00000E+00 0.00000E+00 0.00000E+00
  4.40000E+00 0.00000E+00 0.00000E+00 0.00000E+00
  4.60000E+00 0.00000E+00 0.00000E+00 0.00000E+00
  4.80000E+00 0.00000E+00 0.00000E+00 0.00000E+00
  5.00000E+00 0.00000E+00 0.00000E+00 0.00000E+00
  5.50000E+00 0.00000E+00 0.00000E+00 0.00000E+00
  6.00000E+00 0.00000E+00 0.00000E+00 0.00000E+00
  6.50000E+00 0.00000E+00 0.00000E+00 0.00000E+00
  7.00000E+00 0.00000E+00 0.00000E+00 0.00000E+00
  7.50000E+00 0.00000E+00 0.00000E+00 0.00000E+00
  8.00000E+00 0.00000E+00 0.00000E+00 0.00000E+00
  8.50000E+00 0.00000E+00 0.00000E+00 0.00000E+00
  9.00000E+00 0.00000E+00 0.00000E+00 0.00000E+00
  9.50000E+00 0.00000E+00 0.00000E+00 0.00000E+00
  1.00000E+01 0.00000E+00 0.00000E+00 0.00000E+00
  1.10000E+01 4.43136E-35 4.43136E-35 0.00000E+00
  1.20000E+01 6.83688E-29 6.83688E-29 0.00000E+00
  1.30000E+01 1.42854E-23 1.42854E-23 0.00000E+00
  1.40000E+01 7.40997E-20 7.40997E-20 0.00000E+00
  1.50000E+01 3.95041E-17 3.95041E-17 0.00000E+00
  1.60000E+01 4.74659E-15 4.74659E-15 0.00000E+00
  1.70000E+01 2.04211E-13 2.04211E-13 0.00000E+00
  1.80000E+01 5.21833E-12 4.31611E-12 9.02215E-13
  1.90000E+01 5.84847E-11 5.39000E-11 4.58473E-12
  2.00000E+01 4.66977E-10 4.53024E-10 1.39536E-11
  2.20000E+01 1.37678E-08 1.37063E-08 6.14984E-11
  2.40000E+01 1.90556E-07 1.90418E-07 1.38868E-10
  2.60000E+01 1.52535E-06 1.52516E-06 1.90084E-10
  2.80000E+01 7.32137E-06 7.32122E-06 1.50521E-10
  3.00000E+01 1.70363E-05 1.70362E-05 6.18456E-11

   (n,h)   to level  1 of 206Hg: 2.0+ at 1.06820 MeV

  Energy     Total      Direct      Compound

  1.00000E+00 0.00000E+00 0.00000E+00 0.00000E+00
  1.20000E+00 0.00000E+00 0.00000E+00 0.00000E+00
  1.40000E+00 0.00000E+00 0.00000E+00 0.00000E+00
  1.60000E+00 0.00000E+00 0.00000E+00 0.00000E+00
  1.80000E+00 0.00000E+00 0.00000E+00 0.00000E+00
  2.00000E+00 0.00000E+00 0.00000E+00 0.00000E+00
  2.20000E+00 0.00000E+00 0.00000E+00 0.00000E+00
  2.40000E+00 0.00000E+00 0.00000E+00 0.00000E+00
  2.60000E+00 0.00000E+00 0.00000E+00 0.00000E+00
  2.80000E+00 0.00000E+00 0.00000E+00 0.00000E+00
  3.00000E+00 0.00000E+00 0.00000E+00 0.00000E+00
  3.20000E+00 0.00000E+00 0.00000E+00 0.00000E+00
  3.40000E+00 0.00000E+00 0.00000E+00 0.00000E+00
  3.60000E+00 0.00000E+00 0.00000E+00 0.00000E+00
  3.80000E+00 0.00000E+00 0.00000E+00 0.00000E+00
  4.00000E+00 0.00000E+00 0.00000E+00 0.00000E+00
  4.20000E+00 0.00000E+00 0.00000E+00 0.00000E+00
  4.40000E+00 0.00000E+00 0.00000E+00 0.00000E+00
  4.60000E+00 0.00000E+00 0.00000E+00 0.00000E+00
  4.80000E+00 0.00000E+00 0.00000E+00 0.00000E+00
  5.00000E+00 0.00000E+00 0.00000E+00 0.00000E+00
  5.50000E+00 0.00000E+00 0.00000E+00 0.00000E+00
  6.00000E+00 0.00000E+00 0.00000E+00 0.00000E+00
  6.50000E+00 0.00000E+00 0.00000E+00 0.00000E+00
  7.00000E+00 0.00000E+00 0.00000E+00 0.00000E+00
  7.50000E+00 0.00000E+00 0.00000E+00 0.00000E+00
  8.00000E+00 0.00000E+00 0.00000E+00 0.00000E+00
  8.50000E+00 0.00000E+00 0.00000E+00 0.00000E+00
  9.00000E+00 0.00000E+00 0.00000E+00 0.00000E+00
  9.50000E+00 0.00000E+00 0.00000E+00 0.00000E+00
  1.00000E+01 0.00000E+00 0.00000E+00 0.00000E+00
  1.10000E+01 1.69978E-42 1.69978E-42 0.00000E+00
  1.20000E+01 1.70820E-31 1.70820E-31 0.00000E+00
  1.30000E+01 9.18376E-26 9.18376E-26 0.00000E+00
  1.40000E+01 2.39617E-21 2.39617E-21 0.00000E+00
  1.50000E+01 3.47503E-18 3.47503E-18 0.00000E+00
  1.60000E+01 7.95949E-16 7.95949E-16 0.00000E+00
  1.70000E+01 5.27104E-14 5.27104E-14 0.00000E+00
  1.80000E+01 1.50790E-12 1.50790E-12 0.00000E+00
  1.90000E+01 2.44992E-11 2.35716E-11 9.27548E-13
  2.00000E+01 2.40991E-10 2.35882E-10 5.10880E-12
  2.20000E+01 9.24058E-09 9.20148E-09 3.91012E-11
  2.40000E+01 1.52703E-07 1.52577E-07 1.26093E-10
  2.60000E+01 1.41158E-06 1.41135E-06 2.31353E-10
  2.80000E+01 7.95276E-06 7.95250E-06 2.61934E-10
  3.00000E+01 9.43110E-04 9.43110E-04 1.74623E-10

   (n,h)   to level  2 of 206Hg: 5.0- at 2.10240 MeV

  Energy     Total      Direct      Compound

  1.00000E+00 0.00000E+00 0.00000E+00 0.00000E+00
  1.20000E+00 0.00000E+00 0.00000E+00 0.00000E+00
  1.40000E+00 0.00000E+00 0.00000E+00 0.00000E+00
  1.60000E+00 0.00000E+00 0.00000E+00 0.00000E+00
  1.80000E+00 0.00000E+00 0.00000E+00 0.00000E+00
  2.00000E+00 0.00000E+00 0.00000E+00 0.00000E+00
  2.20000E+00 0.00000E+00 0.00000E+00 0.00000E+00
  2.40000E+00 0.00000E+00 0.00000E+00 0.00000E+00
  2.60000E+00 0.00000E+00 0.00000E+00 0.00000E+00
  2.80000E+00 0.00000E+00 0.00000E+00 0.00000E+00
  3.00000E+00 0.00000E+00 0.00000E+00 0.00000E+00
  3.20000E+00 0.00000E+00 0.00000E+00 0.00000E+00
  3.40000E+00 0.00000E+00 0.00000E+00 0.00000E+00
  3.60000E+00 0.00000E+00 0.00000E+00 0.00000E+00
  3.80000E+00 0.00000E+00 0.00000E+00 0.00000E+00
  4.00000E+00 0.00000E+00 0.00000E+00 0.00000E+00
  4.20000E+00 0.00000E+00 0.00000E+00 0.00000E+00
  4.40000E+00 0.00000E+00 0.00000E+00 0.00000E+00
  4.60000E+00 0.00000E+00 0.00000E+00 0.00000E+00
  4.80000E+00 0.00000E+00 0.00000E+00 0.00000E+00
  5.00000E+00 0.00000E+00 0.00000E+00 0.00000E+00
  5.50000E+00 0.00000E+00 0.00000E+00 0.00000E+00
  6.00000E+00 0.00000E+00 0.00000E+00 0.00000E+00
  6.50000E+00 0.00000E+00 0.00000E+00 0.00000E+00
  7.00000E+00 0.00000E+00 0.00000E+00 0.00000E+00
  7.50000E+00 0.00000E+00 0.00000E+00 0.00000E+00
  8.00000E+00 0.00000E+00 0.00000E+00 0.00000E+00
  8.50000E+00 0.00000E+00 0.00000E+00 0.00000E+00
  9.00000E+00 0.00000E+00 0.00000E+00 0.00000E+00
  9.50000E+00 0.00000E+00 0.00000E+00 0.00000E+00
  1.00000E+01 0.00000E+00 0.00000E+00 0.00000E+00
  1.10000E+01 0.00000E+00 0.00000E+00 0.00000E+00
  1.20000E+01 7.37083E-43 7.37083E-43 0.00000E+00
  1.30000E+01 7.69415E-32 7.69415E-32 0.00000E+00
  1.40000E+01 4.28382E-26 4.28382E-26 0.00000E+00
  1.50000E+01 1.14346E-21 1.14346E-21 0.00000E+00
  1.60000E+01 1.81216E-18 1.81216E-18 0.00000E+00
  1.70000E+01 6.05039E-16 6.05039E-16 0.00000E+00
  1.80000E+01 8.25249E-14 8.25249E-14 0.00000E+00
  1.90000E+01 4.94528E-12 4.94528E-12 0.00000E+00
  2.00000E+01 1.43379E-10 1.42989E-10 3.89577E-13
  2.20000E+01 2.41920E-08 2.41843E-08 7.72005E-12
  2.40000E+01 1.00979E-06 1.00975E-06 3.84262E-11
  2.60000E+01 1.78395E-05 1.78394E-05 9.64064E-11
  2.80000E+01 1.75318E-04 1.75318E-04 1.45519E-10
  3.00000E+01 1.63595E-03 1.63595E-03 1.16415E-10

   (n,h)   to level  3 of 206Hg: 7.0- at 2.46640 MeV

  Energy     Total      Direct      Compound

  1.00000E+00 0.00000E+00 0.00000E+00 0.00000E+00
  1.20000E+00 0.00000E+00 0.00000E+00 0.00000E+00
  1.40000E+00 0.00000E+00 0.00000E+00 0.00000E+00
  1.60000E+00 0.00000E+00 0.00000E+00 0.00000E+00
  1.80000E+00 0.00000E+00 0.00000E+00 0.00000E+00
  2.00000E+00 0.00000E+00 0.00000E+00 0.00000E+00
  2.20000E+00 0.00000E+00 0.00000E+00 0.00000E+00
  2.40000E+00 0.00000E+00 0.00000E+00 0.00000E+00
  2.60000E+00 0.00000E+00 0.00000E+00 0.00000E+00
  2.80000E+00 0.00000E+00 0.00000E+00 0.00000E+00
  3.00000E+00 0.00000E+00 0.00000E+00 0.00000E+00
  3.20000E+00 0.00000E+00 0.00000E+00 0.00000E+00
  3.40000E+00 0.00000E+00 0.00000E+00 0.00000E+00
  3.60000E+00 0.00000E+00 0.00000E+00 0.00000E+00
  3.80000E+00 0.00000E+00 0.00000E+00 0.00000E+00
  4.00000E+00 0.00000E+00 0.00000E+00 0.00000E+00
  4.20000E+00 0.00000E+00 0.00000E+00 0.00000E+00
  4.40000E+00 0.00000E+00 0.00000E+00 0.00000E+00
  4.60000E+00 0.00000E+00 0.00000E+00 0.00000E+00
  4.80000E+00 0.00000E+00 0.00000E+00 0.00000E+00
  5.00000E+00 0.00000E+00 0.00000E+00 0.00000E+00
  5.50000E+00 0.00000E+00 0.00000E+00 0.00000E+00
  6.00000E+00 0.00000E+00 0.00000E+00 0.00000E+00
  6.50000E+00 0.00000E+00 0.00000E+00 0.00000E+00
  7.00000E+00 0.00000E+00 0.00000E+00 0.00000E+00
  7.50000E+00 0.00000E+00 0.00000E+00 0.00000E+00
  8.00000E+00 0.00000E+00 0.00000E+00 0.00000E+00
  8.50000E+00 0.00000E+00 0.00000E+00 0.00000E+00
  9.00000E+00 0.00000E+00 0.00000E+00 0.00000E+00
  9.50000E+00 0.00000E+00 0.00000E+00 0.00000E+00
  1.00000E+01 0.00000E+00 0.00000E+00 0.00000E+00
  1.10000E+01 0.00000E+00 0.00000E+00 0.00000E+00
  1.20000E+01 1.54143E-44 1.54143E-44 0.00000E+00
  1.30000E+01 9.17801E-38 9.17801E-38 0.00000E+00
  1.40000E+01 1.71600E-28 1.71600E-28 0.00000E+00
  1.50000E+01 4.76934E-24 4.76934E-24 0.00000E+00
  1.60000E+01 1.45538E-19 1.45538E-19 0.00000E+00
  1.70000E+01 2.48394E-16 2.48394E-16 0.00000E+00
  1.80000E+01 6.77354E-14 6.77354E-14 0.00000E+00
  1.90000E+01 5.39449E-12 5.39449E-12 0.00000E+00
  2.00000E+01 1.81539E-10 1.81539E-10 0.00000E+00
  2.20000E+01 3.68867E-08 3.68830E-08 3.67706E-12
  2.40000E+01 1.73298E-06 1.73295E-06 2.22826E-11
  2.60000E+01 3.32471E-05 3.32470E-05 6.18456E-11
  2.80000E+01 3.48873E-04 3.48873E-04 1.16415E-10
  3.00000E+01 2.18440E-03 2.18440E-03 0.00000E+00

   (n,h)   to level  4 of 206Hg: 8.0+ at 3.62340 MeV

  Energy     Total      Direct      Compound

  1.00000E+00 0.00000E+00 0.00000E+00 0.00000E+00
  1.20000E+00 0.00000E+00 0.00000E+00 0.00000E+00
  1.40000E+00 0.00000E+00 0.00000E+00 0.00000E+00
  1.60000E+00 0.00000E+00 0.00000E+00 0.00000E+00
  1.80000E+00 0.00000E+00 0.00000E+00 0.00000E+00
  2.00000E+00 0.00000E+00 0.00000E+00 0.00000E+00
  2.20000E+00 0.00000E+00 0.00000E+00 0.00000E+00
  2.40000E+00 0.00000E+00 0.00000E+00 0.00000E+00
  2.60000E+00 0.00000E+00 0.00000E+00 0.00000E+00
  2.80000E+00 0.00000E+00 0.00000E+00 0.00000E+00
  3.00000E+00 0.00000E+00 0.00000E+00 0.00000E+00
  3.20000E+00 0.00000E+00 0.00000E+00 0.00000E+00
  3.40000E+00 0.00000E+00 0.00000E+00 0.00000E+00
  3.60000E+00 0.00000E+00 0.00000E+00 0.00000E+00
  3.80000E+00 0.00000E+00 0.00000E+00 0.00000E+00
  4.00000E+00 0.00000E+00 0.00000E+00 0.00000E+00
  4.20000E+00 0.00000E+00 0.00000E+00 0.00000E+00
  4.40000E+00 0.00000E+00 0.00000E+00 0.00000E+00
  4.60000E+00 0.00000E+00 0.00000E+00 0.00000E+00
  4.80000E+00 0.00000E+00 0.00000E+00 0.00000E+00
  5.00000E+00 0.00000E+00 0.00000E+00 0.00000E+00
  5.50000E+00 0.00000E+00 0.00000E+00 0.00000E+00
  6.00000E+00 0.00000E+00 0.00000E+00 0.00000E+00
  6.50000E+00 0.00000E+00 0.00000E+00 0.00000E+00
  7.00000E+00 0.00000E+00 0.00000E+00 0.00000E+00
  7.50000E+00 0.00000E+00 0.00000E+00 0.00000E+00
  8.00000E+00 0.00000E+00 0.00000E+00 0.00000E+00
  8.50000E+00 0.00000E+00 0.00000E+00 0.00000E+00
  9.00000E+00 0.00000E+00 0.00000E+00 0.00000E+00
  9.50000E+00 0.00000E+00 0.00000E+00 0.00000E+00
  1.00000E+01 0.00000E+00 0.00000E+00 0.00000E+00
  1.10000E+01 0.00000E+00 0.00000E+00 0.00000E+00
  1.20000E+01 1.12104E-44 1.12104E-44 0.00000E+00
  1.30000E+01 0.00000E+00 0.00000E+00 0.00000E+00
  1.40000E+01 2.45827E-33 2.45827E-33 0.00000E+00
  1.50000E+01 5.38514E-27 5.38514E-27 0.00000E+00
  1.60000E+01 1.34696E-21 1.34696E-21 0.00000E+00
  1.70000E+01 8.20827E-18 8.20827E-18 0.00000E+00
  1.80000E+01 5.09261E-15 5.09261E-15 0.00000E+00
  1.90000E+01 7.07893E-13 7.07893E-13 0.00000E+00
  2.00000E+01 3.52818E-11 3.52818E-11 0.00000E+00
  2.20000E+01 1.18650E-08 1.18648E-08 1.88294E-13
  2.40000E+01 7.51150E-07 7.51148E-07 2.50111E-12
  2.60000E+01 1.74098E-05 1.74098E-05 1.09139E-11
  2.80000E+01 2.09594E-04 2.09594E-04 2.91038E-11
  3.00000E+01 1.50036E-03 1.50036E-03 0.00000E+00

   (n,h)   to level  5 of 206Hg: 0.0+ at 3.62500 MeV

  Energy     Total      Direct      Compound

  1.00000E+00 0.00000E+00 0.00000E+00 0.00000E+00
  1.20000E+00 0.00000E+00 0.00000E+00 0.00000E+00
  1.40000E+00 0.00000E+00 0.00000E+00 0.00000E+00
  1.60000E+00 0.00000E+00 0.00000E+00 0.00000E+00
  1.80000E+00 0.00000E+00 0.00000E+00 0.00000E+00
  2.00000E+00 0.00000E+00 0.00000E+00 0.00000E+00
  2.20000E+00 0.00000E+00 0.00000E+00 0.00000E+00
  2.40000E+00 0.00000E+00 0.00000E+00 0.00000E+00
  2.60000E+00 0.00000E+00 0.00000E+00 0.00000E+00
  2.80000E+00 0.00000E+00 0.00000E+00 0.00000E+00
  3.00000E+00 0.00000E+00 0.00000E+00 0.00000E+00
  3.20000E+00 0.00000E+00 0.00000E+00 0.00000E+00
  3.40000E+00 0.00000E+00 0.00000E+00 0.00000E+00
  3.60000E+00 0.00000E+00 0.00000E+00 0.00000E+00
  3.80000E+00 0.00000E+00 0.00000E+00 0.00000E+00
  4.00000E+00 0.00000E+00 0.00000E+00 0.00000E+00
  4.20000E+00 0.00000E+00 0.00000E+00 0.00000E+00
  4.40000E+00 0.00000E+00 0.00000E+00 0.00000E+00
  4.60000E+00 0.00000E+00 0.00000E+00 0.00000E+00
  4.80000E+00 0.00000E+00 0.00000E+00 0.00000E+00
  5.00000E+00 0.00000E+00 0.00000E+00 0.00000E+00
  5.50000E+00 0.00000E+00 0.00000E+00 0.00000E+00
  6.00000E+00 0.00000E+00 0.00000E+00 0.00000E+00
  6.50000E+00 0.00000E+00 0.00000E+00 0.00000E+00
  7.00000E+00 0.00000E+00 0.00000E+00 0.00000E+00
  7.50000E+00 0.00000E+00 0.00000E+00 0.00000E+00
  8.00000E+00 0.00000E+00 0.00000E+00 0.00000E+00
  8.50000E+00 0.00000E+00 0.00000E+00 0.00000E+00
  9.00000E+00 0.00000E+00 0.00000E+00 0.00000E+00
  9.50000E+00 0.00000E+00 0.00000E+00 0.00000E+00
  1.00000E+01 0.00000E+00 0.00000E+00 0.00000E+00
  1.10000E+01 0.00000E+00 0.00000E+00 0.00000E+00
  1.20000E+01 0.00000E+00 0.00000E+00 0.00000E+00
  1.30000E+01 0.00000E+00 0.00000E+00 0.00000E+00
  1.40000E+01 1.93379E-43 1.93379E-43 0.00000E+00
  1.50000E+01 2.39699E-32 2.39699E-32 0.00000E+00
  1.60000E+01 1.62544E-26 1.62544E-26 0.00000E+00
  1.70000E+01 4.96405E-22 4.96405E-22 0.00000E+00
  1.80000E+01 8.30114E-19 8.30114E-19 0.00000E+00
  1.90000E+01 2.16602E-16 2.16602E-16 0.00000E+00
  2.00000E+01 1.62556E-14 1.62556E-14 0.00000E+00
  2.20000E+01 8.72707E-12 8.69584E-12 3.12216E-14
  2.40000E+01 6.97918E-10 6.97533E-10 3.85358E-13
  2.60000E+01 1.84812E-08 1.84795E-08 1.67333E-12
  2.80000E+01 2.43095E-07 2.43091E-07 3.86535E-12
  3.00000E+01 1.87820E-06 1.87820E-06 5.45697E-12

 Continuum exclusive   (n,h)   scattering

  Energy     Total      Continuum   (n,gh)

  1.00000E+00 0.00000E+00 0.00000E+00 0.00000E+00
  1.20000E+00 0.00000E+00 0.00000E+00 0.00000E+00
  1.40000E+00 0.00000E+00 0.00000E+00 0.00000E+00
  1.60000E+00 0.00000E+00 0.00000E+00 0.00000E+00
  1.80000E+00 0.00000E+00 0.00000E+00 0.00000E+00
  2.00000E+00 0.00000E+00 0.00000E+00 0.00000E+00
  2.20000E+00 0.00000E+00 0.00000E+00 0.00000E+00
  2.40000E+00 0.00000E+00 0.00000E+00 0.00000E+00
  2.60000E+00 0.00000E+00 0.00000E+00 0.00000E+00
  2.80000E+00 0.00000E+00 0.00000E+00 0.00000E+00
  3.00000E+00 0.00000E+00 0.00000E+00 0.00000E+00
  3.20000E+00 0.00000E+00 0.00000E+00 0.00000E+00
  3.40000E+00 0.00000E+00 0.00000E+00 0.00000E+00
  3.60000E+00 0.00000E+00 0.00000E+00 0.00000E+00
  3.80000E+00 0.00000E+00 0.00000E+00 0.00000E+00
  4.00000E+00 0.00000E+00 0.00000E+00 0.00000E+00
  4.20000E+00 0.00000E+00 0.00000E+00 0.00000E+00
  4.40000E+00 0.00000E+00 0.00000E+00 0.00000E+00
  4.60000E+00 0.00000E+00 0.00000E+00 0.00000E+00
  4.80000E+00 0.00000E+00 0.00000E+00 0.00000E+00
  5.00000E+00 0.00000E+00 0.00000E+00 0.00000E+00
  5.50000E+00 0.00000E+00 0.00000E+00 0.00000E+00
  6.00000E+00 0.00000E+00 0.00000E+00 0.00000E+00
  6.50000E+00 0.00000E+00 0.00000E+00 0.00000E+00
  7.00000E+00 0.00000E+00 0.00000E+00 0.00000E+00
  7.50000E+00 0.00000E+00 0.00000E+00 0.00000E+00
  8.00000E+00 0.00000E+00 0.00000E+00 0.00000E+00
  8.50000E+00 0.00000E+00 0.00000E+00 0.00000E+00
  9.00000E+00 0.00000E+00 0.00000E+00 0.00000E+00
  9.50000E+00 0.00000E+00 0.00000E+00 0.00000E+00
  1.00000E+01 0.00000E+00 0.00000E+00 0.00000E+00
  1.10000E+01 0.00000E+00 0.00000E+00 0.00000E+00
  1.20000E+01 0.00000E+00 0.00000E+00 0.00000E+00
  1.30000E+01 0.00000E+00 0.00000E+00 0.00000E+00
  1.40000E+01 0.00000E+00 0.00000E+00 0.00000E+00
  1.50000E+01 0.00000E+00 0.00000E+00 0.00000E+00
  1.60000E+01 0.00000E+00 0.00000E+00 0.00000E+00
  1.70000E+01 0.00000E+00 0.00000E+00 0.00000E+00
  1.80000E+01 1.59193E-19 0.00000E+00 1.59193E-19
  1.90000E+01 7.03299E-18 0.00000E+00 7.03299E-18
  2.00000E+01 1.12730E-16 0.00000E+00 1.12730E-16
  2.20000E+01 1.85817E-15 0.00000E+00 1.85817E-15
  2.40000E+01 1.06834E-14 0.00000E+00 1.06834E-14
  2.60000E+01 4.02234E-14 0.00000E+00 4.02234E-14
  2.80000E+01 2.85352E-04 2.85352E-04 1.28689E-13
  3.00000E+01 2.83934E-03 2.83934E-03 3.88699E-13

 Total exclusive   (n,a)   scattering

  Energy     Total      Discrete   Continuum     (n,ga)

  1.00000E+00 1.00000E-07 0.00000E+00 0.00000E+00 0.00000E+00
  1.20000E+00 1.00000E-07 0.00000E+00 0.00000E+00 0.00000E+00
  1.40000E+00 1.00000E-07 0.00000E+00 0.00000E+00 0.00000E+00
  1.60000E+00 1.00000E-07 0.00000E+00 0.00000E+00 0.00000E+00
  1.80000E+00 1.00000E-07 0.00000E+00 0.00000E+00 0.00000E+00
  2.00000E+00 1.00000E-07 0.00000E+00 0.00000E+00 0.00000E+00
  2.20000E+00 1.00000E-07 0.00000E+00 0.00000E+00 0.00000E+00
  2.40000E+00 1.00000E-07 0.00000E+00 0.00000E+00 0.00000E+00
  2.60000E+00 1.00000E-07 0.00000E+00 0.00000E+00 0.00000E+00
  2.80000E+00 1.00000E-07 0.00000E+00 0.00000E+00 0.00000E+00
  3.00000E+00 1.00000E-07 0.00000E+00 0.00000E+00 0.00000E+00
  3.20000E+00 1.00000E-07 0.00000E+00 0.00000E+00 0.00000E+00
  3.40000E+00 1.00000E-07 0.00000E+00 0.00000E+00 0.00000E+00
  3.60000E+00 1.00000E-07 0.00000E+00 0.00000E+00 0.00000E+00
  3.80000E+00 1.00000E-07 0.00000E+00 0.00000E+00 0.00000E+00
  4.00000E+00 1.00000E-07 0.00000E+00 0.00000E+00 0.00000E+00
  4.20000E+00 1.00000E-07 0.00000E+00 0.00000E+00 0.00000E+00
  4.40000E+00 1.00000E-07 6.66627E-13 9.99993E-08 0.00000E+00
  4.60000E+00 1.00000E-07 1.15625E-12 9.99988E-08 0.00000E+00
  4.80000E+00 1.00000E-07 3.34059E-12 9.99967E-08 0.00000E+00
  5.00000E+00 1.00000E-07 6.99515E-12 9.99930E-08 0.00000E+00
  5.50000E+00 1.00000E-07 4.55030E-11 9.99545E-08 0.00000E+00
  6.00000E+00 2.90676E-06 2.90676E-06 0.00000E+00 1.89223E-14
  6.50000E+00 7.57443E-06 7.57443E-06 0.00000E+00 2.94800E-12
  7.00000E+00 1.93387E-05 1.93387E-05 0.00000E+00 4.11718E-11
  7.50000E+00 4.41386E-05 4.41386E-05 0.00000E+00 2.21488E-10
  8.00000E+00 8.96025E-05 8.96025E-05 0.00000E+00 8.37040E-10
  8.50000E+00 1.64286E-04 1.64286E-04 0.00000E+00 2.51223E-09
  9.00000E+00 2.76462E-04 2.76462E-04 0.00000E+00 6.60015E-09
  9.50000E+00 1.71794E-03 1.53352E-03 1.84424E-04 1.56756E-08
  1.00000E+01 2.86023E-03 2.43272E-03 4.27513E-04 3.38739E-08
  1.10000E+01 6.77271E-03 5.08355E-03 1.68916E-03 1.26845E-07
  1.20000E+01 1.34597E-02 8.49608E-03 4.96361E-03 3.72008E-07
  1.30000E+01 2.38727E-02 1.17761E-02 1.20966E-02 8.91757E-07
  1.40000E+01 4.08519E-02 1.45051E-02 2.63468E-02 1.81604E-06
  1.50000E+01 7.52988E-02 2.03366E-02 5.49622E-02 3.23334E-06
  1.60000E+01 1.38429E-01 3.19886E-02 1.06440E-01 5.15811E-06
  1.70000E+01 2.44351E-01 4.35952E-02 2.00756E-01 7.53462E-06
  1.80000E+01 4.02387E-01 5.37592E-02 3.48628E-01 1.04067E-05
  1.90000E+01 6.15754E-01 6.10344E-02 5.54720E-01 1.38003E-05
  2.00000E+01 8.70877E-01 6.56300E-02 8.05247E-01 1.80352E-05
  2.20000E+01 1.41827E+00 7.11790E-02 1.34709E+00 2.89937E-05
  2.40000E+01 2.06124E+00 8.81207E-02 1.97312E+00 4.70101E-05
  2.60000E+01 2.30483E+00 9.01028E-02 2.21473E+00 7.51220E-05
  2.80000E+01 1.84111E+00 6.18834E-02 1.77922E+00 1.17165E-04
  3.00000E+01 1.47307E+00 4.21898E-02 1.43088E+00 1.79013E-04

   (n,a)   to level  0 of 205Hg: 0.5- at 0.00000 MeV

  Energy     Total      Direct      Compound

  1.00000E+00 0.00000E+00 0.00000E+00 0.00000E+00
  1.20000E+00 0.00000E+00 0.00000E+00 0.00000E+00
  1.40000E+00 0.00000E+00 0.00000E+00 0.00000E+00
  1.60000E+00 0.00000E+00 0.00000E+00 0.00000E+00
  1.80000E+00 0.00000E+00 0.00000E+00 0.00000E+00
  2.00000E+00 0.00000E+00 0.00000E+00 0.00000E+00
  2.20000E+00 0.00000E+00 0.00000E+00 0.00000E+00
  2.40000E+00 0.00000E+00 0.00000E+00 0.00000E+00
  2.60000E+00 0.00000E+00 0.00000E+00 0.00000E+00
  2.80000E+00 0.00000E+00 0.00000E+00 0.00000E+00
  3.00000E+00 0.00000E+00 0.00000E+00 0.00000E+00
  3.20000E+00 0.00000E+00 0.00000E+00 0.00000E+00
  3.40000E+00 0.00000E+00 0.00000E+00 0.00000E+00
  3.60000E+00 0.00000E+00 0.00000E+00 0.00000E+00
  3.80000E+00 0.00000E+00 0.00000E+00 0.00000E+00
  4.00000E+00 0.00000E+00 0.00000E+00 0.00000E+00
  4.20000E+00 0.00000E+00 0.00000E+00 0.00000E+00
  4.40000E+00 0.00000E+00 0.00000E+00 0.00000E+00
  4.60000E+00 0.00000E+00 0.00000E+00 0.00000E+00
  4.80000E+00 0.00000E+00 0.00000E+00 0.00000E+00
  5.00000E+00 0.00000E+00 0.00000E+00 0.00000E+00
  5.50000E+00 0.00000E+00 0.00000E+00 0.00000E+00
  6.00000E+00 2.90676E-06 0.00000E+00 2.90676E-06
  6.50000E+00 7.57443E-06 0.00000E+00 7.57443E-06
  7.00000E+00 1.93387E-05 0.00000E+00 1.93387E-05
  7.50000E+00 4.41386E-05 0.00000E+00 4.41386E-05
  8.00000E+00 8.96025E-05 0.00000E+00 8.96025E-05
  8.50000E+00 1.64286E-04 0.00000E+00 1.64286E-04
  9.00000E+00 2.76462E-04 0.00000E+00 2.76462E-04
  9.50000E+00 4.32141E-04 0.00000E+00 4.32141E-04
  1.00000E+01 6.33387E-04 0.00000E+00 6.33387E-04
  1.10000E+01 1.12127E-03 0.00000E+00 1.12127E-03
  1.20000E+01 1.52742E-03 0.00000E+00 1.52742E-03
  1.30000E+01 1.56451E-03 0.00000E+00 1.56451E-03
  1.40000E+01 1.12638E-03 0.00000E+00 1.12638E-03
  1.50000E+01 1.00827E-03 4.01002E-04 6.07266E-04
  1.60000E+01 8.95451E-04 6.26360E-04 2.69091E-04
  1.70000E+01 9.07106E-04 8.01884E-04 1.05221E-04
  1.80000E+01 9.38908E-04 9.00295E-04 3.86131E-05
  1.90000E+01 9.46193E-04 9.32591E-04 1.36024E-05
  2.00000E+01 9.06961E-04 9.02219E-04 4.74195E-06
  2.20000E+01 7.85810E-04 7.85215E-04 5.95057E-07
  2.40000E+01 6.64953E-04 6.64876E-04 7.67759E-08
  2.60000E+01 5.47187E-04 5.47177E-04 1.03610E-08
  2.80000E+01 4.44475E-04 4.44474E-04 1.45519E-09
  3.00000E+01 3.57715E-04 3.57714E-04 2.32831E-10

   (n,a)   to level  1 of 205Hg: 2.5- at 0.37946 MeV

  Energy     Total      Direct      Compound

  1.00000E+00 0.00000E+00 0.00000E+00 0.00000E+00
  1.20000E+00 0.00000E+00 0.00000E+00 0.00000E+00
  1.40000E+00 0.00000E+00 0.00000E+00 0.00000E+00
  1.60000E+00 0.00000E+00 0.00000E+00 0.00000E+00
  1.80000E+00 0.00000E+00 0.00000E+00 0.00000E+00
  2.00000E+00 0.00000E+00 0.00000E+00 0.00000E+00
  2.20000E+00 0.00000E+00 0.00000E+00 0.00000E+00
  2.40000E+00 0.00000E+00 0.00000E+00 0.00000E+00
  2.60000E+00 0.00000E+00 0.00000E+00 0.00000E+00
  2.80000E+00 0.00000E+00 0.00000E+00 0.00000E+00
  3.00000E+00 0.00000E+00 0.00000E+00 0.00000E+00
  3.20000E+00 0.00000E+00 0.00000E+00 0.00000E+00
  3.40000E+00 0.00000E+00 0.00000E+00 0.00000E+00
  3.60000E+00 0.00000E+00 0.00000E+00 0.00000E+00
  3.80000E+00 0.00000E+00 0.00000E+00 0.00000E+00
  4.00000E+00 0.00000E+00 0.00000E+00 0.00000E+00
  4.20000E+00 0.00000E+00 0.00000E+00 0.00000E+00
  4.40000E+00 0.00000E+00 0.00000E+00 0.00000E+00
  4.60000E+00 0.00000E+00 0.00000E+00 0.00000E+00
  4.80000E+00 0.00000E+00 0.00000E+00 0.00000E+00
  5.00000E+00 0.00000E+00 0.00000E+00 0.00000E+00
  5.50000E+00 0.00000E+00 0.00000E+00 0.00000E+00
  6.00000E+00 0.00000E+00 0.00000E+00 0.00000E+00
  6.50000E+00 4.58844E-06 0.00000E+00 4.58844E-06
  7.00000E+00 1.29274E-05 0.00000E+00 1.29274E-05
  7.50000E+00 3.32352E-05 0.00000E+00 3.32352E-05
  8.00000E+00 7.49542E-05 0.00000E+00 7.49542E-05
  8.50000E+00 1.49799E-04 0.00000E+00 1.49799E-04
  9.00000E+00 2.70513E-04 0.00000E+00 2.70513E-04
  9.50000E+00 4.48208E-04 0.00000E+00 4.48208E-04
  1.00000E+01 6.90405E-04 0.00000E+00 6.90405E-04
  1.10000E+01 1.35170E-03 0.00000E+00 1.35170E-03
  1.20000E+01 2.03743E-03 0.00000E+00 2.03743E-03
  1.30000E+01 2.36704E-03 0.00000E+00 2.36704E-03
  1.40000E+01 2.01472E-03 0.00000E+00 2.01472E-03
  1.50000E+01 2.21818E-03 9.88103E-04 1.23008E-03
  1.60000E+01 2.14300E-03 1.54341E-03 5.99599E-04
  1.70000E+01 2.22624E-03 1.97591E-03 2.50327E-04
  1.80000E+01 2.31443E-03 2.21840E-03 9.60247E-05
  1.90000E+01 2.33298E-03 2.29798E-03 3.49968E-05
  2.00000E+01 2.23559E-03 2.22315E-03 1.24453E-05
  2.20000E+01 1.93644E-03 1.93484E-03 1.60153E-06
  2.40000E+01 1.63852E-03 1.63831E-03 2.10479E-07
  2.60000E+01 1.34832E-03 1.34829E-03 2.86382E-08
  2.80000E+01 1.09521E-03 1.09520E-03 4.07454E-09
  3.00000E+01 8.81455E-04 8.81455E-04 6.40284E-10

   (n,a)   to level  2 of 205Hg: 1.5- at 0.46751 MeV

  Energy     Total      Direct      Compound

  1.00000E+00 0.00000E+00 0.00000E+00 0.00000E+00
  1.20000E+00 0.00000E+00 0.00000E+00 0.00000E+00
  1.40000E+00 0.00000E+00 0.00000E+00 0.00000E+00
  1.60000E+00 0.00000E+00 0.00000E+00 0.00000E+00
  1.80000E+00 0.00000E+00 0.00000E+00 0.00000E+00
  2.00000E+00 0.00000E+00 0.00000E+00 0.00000E+00
  2.20000E+00 0.00000E+00 0.00000E+00 0.00000E+00
  2.40000E+00 0.00000E+00 0.00000E+00 0.00000E+00
  2.60000E+00 0.00000E+00 0.00000E+00 0.00000E+00
  2.80000E+00 0.00000E+00 0.00000E+00 0.00000E+00
  3.00000E+00 0.00000E+00 0.00000E+00 0.00000E+00
  3.20000E+00 0.00000E+00 0.00000E+00 0.00000E+00
  3.40000E+00 0.00000E+00 0.00000E+00 0.00000E+00
  3.60000E+00 0.00000E+00 0.00000E+00 0.00000E+00
  3.80000E+00 0.00000E+00 0.00000E+00 0.00000E+00
  4.00000E+00 0.00000E+00 0.00000E+00 0.00000E+00
  4.20000E+00 0.00000E+00 0.00000E+00 0.00000E+00
  4.40000E+00 2.31459E-13 2.31459E-13 0.00000E+00
  4.60000E+00 3.90794E-13 3.90794E-13 0.00000E+00
  4.80000E+00 1.06270E-12 1.06270E-12 0.00000E+00
  5.00000E+00 2.44011E-12 2.44011E-12 0.00000E+00
  5.50000E+00 1.50173E-11 1.50173E-11 0.00000E+00
  6.00000E+00 8.12978E-11 8.12978E-11 0.00000E+00
  6.50000E+00 2.86836E-06 3.93961E-10 2.86797E-06
  7.00000E+00 7.91772E-06 1.73864E-09 7.91598E-06
  7.50000E+00 2.06778E-05 7.09165E-09 2.06707E-05
  8.00000E+00 4.74499E-05 3.01122E-08 4.74198E-05
  8.50000E+00 9.61967E-05 1.11101E-07 9.60856E-05
  9.00000E+00 1.75497E-04 2.37820E-07 1.75259E-04
  9.50000E+00 2.93113E-04 6.84320E-07 2.92429E-04
  1.00000E+01 4.54656E-04 1.79713E-06 4.52859E-04
  1.10000E+01 9.07472E-04 1.00898E-05 8.97382E-04
  1.20000E+01 1.41673E-03 4.52908E-05 1.37144E-03
  1.30000E+01 1.78225E-03 1.62743E-04 1.61951E-03
  1.40000E+01 1.87034E-03 4.60510E-04 1.40983E-03
  1.50000E+01 2.77632E-03 1.90481E-03 8.71503E-04
  1.60000E+01 3.40437E-03 2.97529E-03 4.29075E-04
  1.70000E+01 3.98931E-03 3.80906E-03 1.80250E-04
  1.80000E+01 4.34575E-03 4.27652E-03 6.92285E-05
  1.90000E+01 4.45512E-03 4.42993E-03 2.51862E-05
  2.00000E+01 4.29458E-03 4.28566E-03 8.91834E-06
  2.20000E+01 3.73101E-03 3.72987E-03 1.13389E-06
  2.40000E+01 3.15840E-03 3.15825E-03 1.47382E-07
  2.60000E+01 2.59918E-03 2.59916E-03 2.00234E-08
  2.80000E+01 2.11128E-03 2.11128E-03 2.79397E-09
  3.00000E+01 1.69922E-03 1.69921E-03 4.65661E-10

   (n,a)   to level  3 of 205Hg: 3.5+ at 1.28070 MeV

  Energy     Total      Direct      Compound

  1.00000E+00 0.00000E+00 0.00000E+00 0.00000E+00
  1.20000E+00 0.00000E+00 0.00000E+00 0.00000E+00
  1.40000E+00 0.00000E+00 0.00000E+00 0.00000E+00
  1.60000E+00 0.00000E+00 0.00000E+00 0.00000E+00
  1.80000E+00 0.00000E+00 0.00000E+00 0.00000E+00
  2.00000E+00 0.00000E+00 0.00000E+00 0.00000E+00
  2.20000E+00 0.00000E+00 0.00000E+00 0.00000E+00
  2.40000E+00 0.00000E+00 0.00000E+00 0.00000E+00
  2.60000E+00 0.00000E+00 0.00000E+00 0.00000E+00
  2.80000E+00 0.00000E+00 0.00000E+00 0.00000E+00
  3.00000E+00 0.00000E+00 0.00000E+00 0.00000E+00
  3.20000E+00 0.00000E+00 0.00000E+00 0.00000E+00
  3.40000E+00 0.00000E+00 0.00000E+00 0.00000E+00
  3.60000E+00 0.00000E+00 0.00000E+00 0.00000E+00
  3.80000E+00 0.00000E+00 0.00000E+00 0.00000E+00
  4.00000E+00 0.00000E+00 0.00000E+00 0.00000E+00
  4.20000E+00 0.00000E+00 0.00000E+00 0.00000E+00
  4.40000E+00 3.02807E-13 3.02807E-13 0.00000E+00
  4.60000E+00 4.95103E-13 4.95103E-13 0.00000E+00
  4.80000E+00 1.57836E-12 1.57836E-12 0.00000E+00
  5.00000E+00 3.17539E-12 3.17539E-12 0.00000E+00
  5.50000E+00 2.03650E-11 2.03650E-11 0.00000E+00
  6.00000E+00 1.14865E-10 1.14865E-10 0.00000E+00
  6.50000E+00 5.79341E-10 5.79341E-10 0.00000E+00
  7.00000E+00 2.65606E-09 2.65606E-09 0.00000E+00
  7.50000E+00 2.35976E-06 1.12288E-08 2.34853E-06
  8.00000E+00 6.71629E-06 4.71879E-08 6.66910E-06
  8.50000E+00 1.67422E-05 1.85329E-07 1.65568E-05
  9.00000E+00 3.63933E-05 5.21612E-07 3.58717E-05
  9.50000E+00 7.05617E-05 1.59377E-06 6.89680E-05
  1.00000E+01 1.24433E-04 4.35483E-06 1.20078E-04
  1.10000E+01 3.14719E-04 2.50692E-05 2.89650E-04
  1.20000E+01 6.58355E-04 1.13536E-04 5.44820E-04
  1.30000E+01 1.22243E-03 4.21427E-04 8.01007E-04
  1.40000E+01 2.17939E-03 1.26128E-03 9.18113E-04
  1.50000E+01 3.70024E-03 2.92844E-03 7.71807E-04
  1.60000E+01 7.71630E-03 7.24308E-03 4.73219E-04
  1.70000E+01 1.13265E-02 1.10946E-02 2.31903E-04
  1.80000E+01 1.43757E-02 1.42769E-02 9.87547E-05
  1.90000E+01 1.65213E-02 1.64827E-02 3.86909E-05
  2.00000E+01 1.78872E-02 1.78728E-02 1.44262E-05
  2.20000E+01 1.95613E-02 1.95594E-02 1.92598E-06
  2.40000E+01 2.44364E-02 2.44361E-02 2.60770E-07
  2.60000E+01 2.50793E-02 2.50793E-02 3.53903E-08
  2.80000E+01 1.71768E-02 1.71768E-02 5.58794E-09
  3.00000E+01 1.16720E-02 1.16720E-02 9.31323E-10

   (n,a)   to level  4 of 205Hg: 4.5+ at 1.32520 MeV

  Energy     Total      Direct      Compound

  1.00000E+00 0.00000E+00 0.00000E+00 0.00000E+00
  1.20000E+00 0.00000E+00 0.00000E+00 0.00000E+00
  1.40000E+00 0.00000E+00 0.00000E+00 0.00000E+00
  1.60000E+00 0.00000E+00 0.00000E+00 0.00000E+00
  1.80000E+00 0.00000E+00 0.00000E+00 0.00000E+00
  2.00000E+00 0.00000E+00 0.00000E+00 0.00000E+00
  2.20000E+00 0.00000E+00 0.00000E+00 0.00000E+00
  2.40000E+00 0.00000E+00 0.00000E+00 0.00000E+00
  2.60000E+00 0.00000E+00 0.00000E+00 0.00000E+00
  2.80000E+00 0.00000E+00 0.00000E+00 0.00000E+00
  3.00000E+00 0.00000E+00 0.00000E+00 0.00000E+00
  3.20000E+00 0.00000E+00 0.00000E+00 0.00000E+00
  3.40000E+00 0.00000E+00 0.00000E+00 0.00000E+00
  3.60000E+00 0.00000E+00 0.00000E+00 0.00000E+00
  3.80000E+00 0.00000E+00 0.00000E+00 0.00000E+00
  4.00000E+00 0.00000E+00 0.00000E+00 0.00000E+00
  4.20000E+00 0.00000E+00 0.00000E+00 0.00000E+00
  4.40000E+00 1.25906E-14 1.25906E-14 0.00000E+00
  4.60000E+00 1.87932E-14 1.87932E-14 0.00000E+00
  4.80000E+00 8.64975E-14 8.64975E-14 0.00000E+00
  5.00000E+00 1.30155E-13 1.30155E-13 0.00000E+00
  5.50000E+00 9.26490E-13 9.26490E-13 0.00000E+00
  6.00000E+00 5.72006E-12 5.72006E-12 0.00000E+00
  6.50000E+00 3.11841E-11 3.11841E-11 0.00000E+00
  7.00000E+00 1.52770E-10 1.52770E-10 0.00000E+00
  7.50000E+00 2.09923E-06 6.83405E-10 2.09855E-06
  8.00000E+00 6.04640E-06 2.82685E-09 6.04358E-06
  8.50000E+00 1.52617E-05 1.21425E-08 1.52496E-05
  9.00000E+00 3.35829E-05 4.50453E-08 3.35379E-05
  9.50000E+00 6.54796E-05 1.43780E-07 6.53359E-05
  1.00000E+01 1.15544E-04 4.03425E-07 1.15141E-04
  1.10000E+01 2.86092E-04 2.35949E-06 2.83733E-04
  1.20000E+01 5.55865E-04 1.07443E-05 5.45121E-04
  1.30000E+01 8.57800E-04 4.06608E-05 8.17140E-04
  1.40000E+01 1.07830E-03 1.25548E-04 9.52748E-04
  1.50000E+01 1.12781E-03 3.08473E-04 8.19337E-04
  1.60000E+01 1.40136E-03 8.88983E-04 5.12379E-04
  1.70000E+01 1.67177E-03 1.41602E-03 2.55751E-04
  1.80000E+01 1.97813E-03 1.86757E-03 1.10564E-04
  1.90000E+01 2.23664E-03 2.19280E-03 4.38385E-05
  2.00000E+01 2.43198E-03 2.41547E-03 1.65161E-05
  2.20000E+01 2.71519E-03 2.71296E-03 2.23820E-06
  2.40000E+01 3.49888E-03 3.49857E-03 3.07802E-07
  2.60000E+01 3.63711E-03 3.63706E-03 4.30737E-08
  2.80000E+01 2.46683E-03 2.46682E-03 6.28643E-09
  3.00000E+01 1.65729E-03 1.65729E-03 9.31323E-10

   (n,a)   to level  5 of 205Hg: 3.5- at 1.34612 MeV

  Energy     Total      Direct      Compound

  1.00000E+00 0.00000E+00 0.00000E+00 0.00000E+00
  1.20000E+00 0.00000E+00 0.00000E+00 0.00000E+00
  1.40000E+00 0.00000E+00 0.00000E+00 0.00000E+00
  1.60000E+00 0.00000E+00 0.00000E+00 0.00000E+00
  1.80000E+00 0.00000E+00 0.00000E+00 0.00000E+00
  2.00000E+00 0.00000E+00 0.00000E+00 0.00000E+00
  2.20000E+00 0.00000E+00 0.00000E+00 0.00000E+00
  2.40000E+00 0.00000E+00 0.00000E+00 0.00000E+00
  2.60000E+00 0.00000E+00 0.00000E+00 0.00000E+00
  2.80000E+00 0.00000E+00 0.00000E+00 0.00000E+00
  3.00000E+00 0.00000E+00 0.00000E+00 0.00000E+00
  3.20000E+00 0.00000E+00 0.00000E+00 0.00000E+00
  3.40000E+00 0.00000E+00 0.00000E+00 0.00000E+00
  3.60000E+00 0.00000E+00 0.00000E+00 0.00000E+00
  3.80000E+00 0.00000E+00 0.00000E+00 0.00000E+00
  4.00000E+00 0.00000E+00 0.00000E+00 0.00000E+00
  4.20000E+00 0.00000E+00 0.00000E+00 0.00000E+00
  4.40000E+00 1.34488E-14 1.34488E-14 0.00000E+00
  4.60000E+00 2.00743E-14 2.00743E-14 0.00000E+00
  4.80000E+00 9.23936E-14 9.23936E-14 0.00000E+00
  5.00000E+00 1.39027E-13 1.39027E-13 0.00000E+00
  5.50000E+00 9.89645E-13 9.89645E-13 0.00000E+00
  6.00000E+00 6.10997E-12 6.10997E-12 0.00000E+00
  6.50000E+00 3.33098E-11 3.33098E-11 0.00000E+00
  7.00000E+00 1.63183E-10 1.63183E-10 0.00000E+00
  7.50000E+00 1.70245E-06 7.29990E-10 1.70172E-06
  8.00000E+00 5.08277E-06 3.01954E-09 5.07975E-06
  8.50000E+00 1.32954E-05 1.29702E-08 1.32825E-05
  9.00000E+00 3.00728E-05 4.81159E-08 3.00247E-05
  9.50000E+00 5.97463E-05 1.53581E-07 5.95927E-05
  1.00000E+01 1.06625E-04 4.30925E-07 1.06194E-04
  1.10000E+01 2.65533E-04 2.52032E-06 2.63012E-04
  1.20000E+01 5.12052E-04 1.14780E-05 5.00574E-04
  1.30000E+01 7.83116E-04 4.34373E-05 7.39678E-04
  1.40000E+01 9.92674E-04 1.34121E-04 8.58553E-04
  1.50000E+01 1.06802E-03 3.29482E-04 7.38535E-04
  1.60000E+01 1.41020E-03 9.49527E-04 4.60675E-04
  1.70000E+01 1.74145E-03 1.51246E-03 2.28994E-04
  1.80000E+01 2.09319E-03 1.99476E-03 9.84329E-05
  1.90000E+01 2.38129E-03 2.34253E-03 3.87579E-05
  2.00000E+01 2.59447E-03 2.57997E-03 1.45002E-05
  2.20000E+01 2.90014E-03 2.89821E-03 1.93715E-06
  2.40000E+01 3.73711E-03 3.73684E-03 2.62866E-07
  2.60000E+01 3.88545E-03 3.88542E-03 3.63216E-08
  2.80000E+01 2.63542E-03 2.63542E-03 5.12227E-09
  3.00000E+01 1.77016E-03 1.77016E-03 8.14907E-10

   (n,a)   to level  6 of 205Hg: 4.5- at 1.39508 MeV

  Energy     Total      Direct      Compound

  1.00000E+00 0.00000E+00 0.00000E+00 0.00000E+00
  1.20000E+00 0.00000E+00 0.00000E+00 0.00000E+00
  1.40000E+00 0.00000E+00 0.00000E+00 0.00000E+00
  1.60000E+00 0.00000E+00 0.00000E+00 0.00000E+00
  1.80000E+00 0.00000E+00 0.00000E+00 0.00000E+00
  2.00000E+00 0.00000E+00 0.00000E+00 0.00000E+00
  2.20000E+00 0.00000E+00 0.00000E+00 0.00000E+00
  2.40000E+00 0.00000E+00 0.00000E+00 0.00000E+00
  2.60000E+00 0.00000E+00 0.00000E+00 0.00000E+00
  2.80000E+00 0.00000E+00 0.00000E+00 0.00000E+00
  3.00000E+00 0.00000E+00 0.00000E+00 0.00000E+00
  3.20000E+00 0.00000E+00 0.00000E+00 0.00000E+00
  3.40000E+00 0.00000E+00 0.00000E+00 0.00000E+00
  3.60000E+00 0.00000E+00 0.00000E+00 0.00000E+00
  3.80000E+00 0.00000E+00 0.00000E+00 0.00000E+00
  4.00000E+00 0.00000E+00 0.00000E+00 0.00000E+00
  4.20000E+00 0.00000E+00 0.00000E+00 0.00000E+00
  4.40000E+00 1.95112E-14 1.95112E-14 0.00000E+00
  4.60000E+00 2.91232E-14 2.91232E-14 0.00000E+00
  4.80000E+00 1.34042E-13 1.34042E-13 0.00000E+00
  5.00000E+00 2.01696E-13 2.01696E-13 0.00000E+00
  5.50000E+00 1.43578E-12 1.43578E-12 0.00000E+00
  6.00000E+00 8.86418E-12 8.86418E-12 0.00000E+00
  6.50000E+00 4.83249E-11 4.83249E-11 0.00000E+00
  7.00000E+00 2.36742E-10 2.36742E-10 0.00000E+00
  7.50000E+00 1.38515E-06 1.05905E-09 1.38409E-06
  8.00000E+00 4.21608E-06 4.38075E-09 4.21170E-06
  8.50000E+00 1.13140E-05 1.88168E-08 1.12952E-05
  9.00000E+00 2.62413E-05 6.98065E-08 2.61715E-05
  9.50000E+00 5.33415E-05 2.22815E-07 5.31187E-05
  1.00000E+01 9.71531E-05 6.25175E-07 9.65279E-05
  1.10000E+01 2.50115E-04 3.65642E-06 2.46458E-04
  1.20000E+01 4.96564E-04 1.66506E-05 4.79914E-04
  1.30000E+01 7.85192E-04 6.30125E-05 7.22180E-04
  1.40000E+01 1.05171E-03 1.94563E-04 8.57151E-04
  1.50000E+01 1.23608E-03 4.78017E-04 7.58065E-04
  1.60000E+01 1.86126E-03 1.37759E-03 4.83672E-04
  1.70000E+01 2.43971E-03 2.19430E-03 2.45409E-04
  1.80000E+01 3.00137E-03 2.89402E-03 1.07346E-04
  1.90000E+01 3.44109E-03 3.39821E-03 4.28800E-05
  2.00000E+01 3.75930E-03 3.74306E-03 1.62425E-05
  2.20000E+01 4.20651E-03 4.20430E-03 2.20770E-06
  2.40000E+01 5.42177E-03 5.42146E-03 3.04542E-07
  2.60000E+01 5.63644E-03 5.63640E-03 4.28408E-08
  2.80000E+01 3.82309E-03 3.82308E-03 6.28643E-09
  3.00000E+01 2.56817E-03 2.56817E-03 9.31323E-10

   (n,a)   to level  7 of 205Hg: 5.5- at 1.44750 MeV

  Energy     Total      Direct      Compound

  1.00000E+00 0.00000E+00 0.00000E+00 0.00000E+00
  1.20000E+00 0.00000E+00 0.00000E+00 0.00000E+00
  1.40000E+00 0.00000E+00 0.00000E+00 0.00000E+00
  1.60000E+00 0.00000E+00 0.00000E+00 0.00000E+00
  1.80000E+00 0.00000E+00 0.00000E+00 0.00000E+00
  2.00000E+00 0.00000E+00 0.00000E+00 0.00000E+00
  2.20000E+00 0.00000E+00 0.00000E+00 0.00000E+00
  2.40000E+00 0.00000E+00 0.00000E+00 0.00000E+00
  2.60000E+00 0.00000E+00 0.00000E+00 0.00000E+00
  2.80000E+00 0.00000E+00 0.00000E+00 0.00000E+00
  3.00000E+00 0.00000E+00 0.00000E+00 0.00000E+00
  3.20000E+00 0.00000E+00 0.00000E+00 0.00000E+00
  3.40000E+00 0.00000E+00 0.00000E+00 0.00000E+00
  3.60000E+00 0.00000E+00 0.00000E+00 0.00000E+00
  3.80000E+00 0.00000E+00 0.00000E+00 0.00000E+00
  4.00000E+00 0.00000E+00 0.00000E+00 0.00000E+00
  4.20000E+00 0.00000E+00 0.00000E+00 0.00000E+00
  4.40000E+00 3.10475E-14 3.10475E-14 0.00000E+00
  4.60000E+00 4.63428E-14 4.63428E-14 0.00000E+00
  4.80000E+00 1.35923E-13 1.35923E-13 0.00000E+00
  5.00000E+00 3.20952E-13 3.20952E-13 0.00000E+00
  5.50000E+00 2.28463E-12 2.28463E-12 0.00000E+00
  6.00000E+00 1.41053E-11 1.41053E-11 0.00000E+00
  6.50000E+00 7.68978E-11 7.68978E-11 0.00000E+00
  7.00000E+00 3.76720E-10 3.76720E-10 0.00000E+00
  7.50000E+00 1.13697E-06 1.68523E-09 1.13528E-06
  8.00000E+00 3.59171E-06 6.97073E-09 3.58474E-06
  8.50000E+00 9.98009E-06 2.99425E-08 9.95015E-06
  9.00000E+00 2.37657E-05 1.11077E-07 2.36546E-05
  9.50000E+00 4.91421E-05 3.54548E-07 4.87875E-05
  1.00000E+01 9.04090E-05 9.94820E-07 8.94142E-05
  1.10000E+01 2.35317E-04 5.81834E-06 2.29499E-04
  1.20000E+01 4.75431E-04 2.64947E-05 4.48936E-04
  1.30000E+01 7.82107E-04 1.00266E-04 6.81841E-04
  1.40000E+01 1.13521E-03 3.09591E-04 8.25617E-04
  1.50000E+01 1.51047E-03 7.60661E-04 7.49806E-04
  1.60000E+01 2.68098E-03 2.19213E-03 4.88843E-04
  1.70000E+01 3.74486E-03 3.49175E-03 2.53103E-04
  1.80000E+01 4.71794E-03 4.60522E-03 1.12716E-04
  1.90000E+01 5.45297E-03 5.40726E-03 4.57140E-05
  2.00000E+01 5.97382E-03 5.95628E-03 1.75452E-05
  2.20000E+01 6.69235E-03 6.68992E-03 2.42889E-06
  2.40000E+01 8.62743E-03 8.62709E-03 3.40864E-07
  2.60000E+01 8.96875E-03 8.96870E-03 4.84288E-08
  2.80000E+01 6.08334E-03 6.08333E-03 6.98492E-09
  3.00000E+01 4.08669E-03 4.08669E-03 9.31323E-10

   (n,a)   to level  8 of 205Hg: 6.5+ at 1.55640 MeV

  Energy     Total      Direct      Compound

  1.00000E+00 0.00000E+00 0.00000E+00 0.00000E+00
  1.20000E+00 0.00000E+00 0.00000E+00 0.00000E+00
  1.40000E+00 0.00000E+00 0.00000E+00 0.00000E+00
  1.60000E+00 0.00000E+00 0.00000E+00 0.00000E+00
  1.80000E+00 0.00000E+00 0.00000E+00 0.00000E+00
  2.00000E+00 0.00000E+00 0.00000E+00 0.00000E+00
  2.20000E+00 0.00000E+00 0.00000E+00 0.00000E+00
  2.40000E+00 0.00000E+00 0.00000E+00 0.00000E+00
  2.60000E+00 0.00000E+00 0.00000E+00 0.00000E+00
  2.80000E+00 0.00000E+00 0.00000E+00 0.00000E+00
  3.00000E+00 0.00000E+00 0.00000E+00 0.00000E+00
  3.20000E+00 0.00000E+00 0.00000E+00 0.00000E+00
  3.40000E+00 0.00000E+00 0.00000E+00 0.00000E+00
  3.60000E+00 0.00000E+00 0.00000E+00 0.00000E+00
  3.80000E+00 0.00000E+00 0.00000E+00 0.00000E+00
  4.00000E+00 0.00000E+00 0.00000E+00 0.00000E+00
  4.20000E+00 0.00000E+00 0.00000E+00 0.00000E+00
  4.40000E+00 4.30410E-14 4.30410E-14 0.00000E+00
  4.60000E+00 1.06491E-13 1.06491E-13 0.00000E+00
  4.80000E+00 1.34538E-13 1.34538E-13 0.00000E+00
  5.00000E+00 4.49104E-13 4.49104E-13 0.00000E+00
  5.50000E+00 3.30687E-12 3.30687E-12 0.00000E+00
  6.00000E+00 2.11484E-11 2.11484E-11 0.00000E+00
  6.50000E+00 1.19404E-10 1.19404E-10 0.00000E+00
  7.00000E+00 6.04911E-10 6.04911E-10 0.00000E+00
  7.50000E+00 6.21674E-07 2.79128E-09 6.18882E-07
  8.00000E+00 1.90001E-06 1.18767E-08 1.88813E-06
  8.50000E+00 5.35790E-06 5.05166E-08 5.30738E-06
  9.00000E+00 1.31114E-05 1.97020E-07 1.29144E-05
  9.50000E+00 2.80525E-05 6.63985E-07 2.73885E-05
  1.00000E+01 5.39055E-05 1.95441E-06 5.19511E-05
  1.10000E+01 1.57039E-04 1.23042E-05 1.44734E-04
  1.20000E+01 3.69510E-04 5.90593E-05 3.10451E-04
  1.30000E+01 7.55287E-04 2.36765E-04 5.18522E-04
  1.40000E+01 1.44652E-03 7.77627E-04 6.68897E-04
  1.50000E+01 2.72096E-03 2.07577E-03 6.45194E-04
  1.60000E+01 5.47727E-03 5.03719E-03 4.40083E-04
  1.70000E+01 8.26022E-03 8.02352E-03 2.36699E-04
  1.80000E+01 1.06909E-02 1.05821E-02 1.08823E-04
  1.90000E+01 1.24711E-02 1.24258E-02 4.52986E-05
  2.00000E+01 1.37044E-02 1.36866E-02 1.77659E-05
  2.20000E+01 1.53758E-02 1.53733E-02 2.52388E-06
  2.40000E+01 1.98241E-02 1.98237E-02 3.61353E-07
  2.60000E+01 2.06099E-02 2.06099E-02 5.21541E-08
  2.80000E+01 1.39792E-02 1.39792E-02 7.45058E-09
  3.00000E+01 9.39078E-03 9.39078E-03 9.31323E-10

   (n,a)   to level  9 of 205Hg: 2.5+ at 1.81820 MeV

  Energy     Total      Direct      Compound

  1.00000E+00 0.00000E+00 0.00000E+00 0.00000E+00
  1.20000E+00 0.00000E+00 0.00000E+00 0.00000E+00
  1.40000E+00 0.00000E+00 0.00000E+00 0.00000E+00
  1.60000E+00 0.00000E+00 0.00000E+00 0.00000E+00
  1.80000E+00 0.00000E+00 0.00000E+00 0.00000E+00
  2.00000E+00 0.00000E+00 0.00000E+00 0.00000E+00
  2.20000E+00 0.00000E+00 0.00000E+00 0.00000E+00
  2.40000E+00 0.00000E+00 0.00000E+00 0.00000E+00
  2.60000E+00 0.00000E+00 0.00000E+00 0.00000E+00
  2.80000E+00 0.00000E+00 0.00000E+00 0.00000E+00
  3.00000E+00 0.00000E+00 0.00000E+00 0.00000E+00
  3.20000E+00 0.00000E+00 0.00000E+00 0.00000E+00
  3.40000E+00 0.00000E+00 0.00000E+00 0.00000E+00
  3.60000E+00 0.00000E+00 0.00000E+00 0.00000E+00
  3.80000E+00 0.00000E+00 0.00000E+00 0.00000E+00
  4.00000E+00 0.00000E+00 0.00000E+00 0.00000E+00
  4.20000E+00 0.00000E+00 0.00000E+00 0.00000E+00
  4.40000E+00 1.15658E-14 1.15658E-14 0.00000E+00
  4.60000E+00 4.82397E-14 4.82397E-14 0.00000E+00
  4.80000E+00 1.05577E-13 1.05577E-13 0.00000E+00
  5.00000E+00 1.26105E-13 1.26105E-13 0.00000E+00
  5.50000E+00 1.07023E-12 1.07023E-12 0.00000E+00
  6.00000E+00 7.75671E-12 7.75671E-12 0.00000E+00
  6.50000E+00 4.87371E-11 4.87371E-11 0.00000E+00
  7.00000E+00 2.70077E-10 2.70077E-10 0.00000E+00
  7.50000E+00 1.34196E-09 1.34196E-09 0.00000E+00
  8.00000E+00 1.03312E-06 6.07008E-09 1.02705E-06
  8.50000E+00 2.95275E-06 2.52911E-08 2.92745E-06
  9.00000E+00 7.46277E-06 1.08915E-07 7.35385E-06
  9.50000E+00 1.64720E-05 4.02758E-07 1.60693E-05
  1.00000E+01 3.23503E-05 1.27349E-06 3.10768E-05
  1.10000E+01 9.61655E-05 8.81932E-06 8.73462E-05
  1.20000E+01 2.30342E-04 4.49131E-05 1.85429E-04
  1.30000E+01 4.96534E-04 1.90783E-04 3.05752E-04
  1.40000E+01 1.06098E-03 6.62165E-04 3.98812E-04
  1.50000E+01 2.28587E-03 1.88624E-03 3.99626E-04
  1.60000E+01 4.23863E-03 3.95289E-03 2.85746E-04
  1.70000E+01 6.45322E-03 6.29638E-03 1.56831E-04
  1.80000E+01 8.37612E-03 8.30420E-03 7.19167E-05
  1.90000E+01 9.78019E-03 9.75079E-03 2.94000E-05
  2.00000E+01 1.07517E-02 1.07405E-02 1.12783E-05
  2.20000E+01 1.20653E-02 1.20638E-02 1.51899E-06
  2.40000E+01 1.55567E-02 1.55565E-02 2.06754E-07
  2.60000E+01 1.61731E-02 1.61730E-02 2.79397E-08
  2.80000E+01 1.09704E-02 1.09704E-02 3.72529E-09
  3.00000E+01 7.36899E-03 7.36899E-03 4.65661E-10

   (n,a)   to level 10 of 205Hg: 4.5+ at 1.84730 MeV

  Energy     Total      Direct      Compound

  1.00000E+00 0.00000E+00 0.00000E+00 0.00000E+00
  1.20000E+00 0.00000E+00 0.00000E+00 0.00000E+00
  1.40000E+00 0.00000E+00 0.00000E+00 0.00000E+00
  1.60000E+00 0.00000E+00 0.00000E+00 0.00000E+00
  1.80000E+00 0.00000E+00 0.00000E+00 0.00000E+00
  2.00000E+00 0.00000E+00 0.00000E+00 0.00000E+00
  2.20000E+00 0.00000E+00 0.00000E+00 0.00000E+00
  2.40000E+00 0.00000E+00 0.00000E+00 0.00000E+00
  2.60000E+00 0.00000E+00 0.00000E+00 0.00000E+00
  2.80000E+00 0.00000E+00 0.00000E+00 0.00000E+00
  3.00000E+00 0.00000E+00 0.00000E+00 0.00000E+00
  3.20000E+00 0.00000E+00 0.00000E+00 0.00000E+00
  3.40000E+00 0.00000E+00 0.00000E+00 0.00000E+00
  3.60000E+00 0.00000E+00 0.00000E+00 0.00000E+00
  3.80000E+00 0.00000E+00 0.00000E+00 0.00000E+00
  4.00000E+00 0.00000E+00 0.00000E+00 0.00000E+00
  4.20000E+00 0.00000E+00 0.00000E+00 0.00000E+00
  4.40000E+00 1.15691E-15 1.15691E-15 0.00000E+00
  4.60000E+00 1.29160E-15 1.29160E-15 0.00000E+00
  4.80000E+00 1.05607E-14 1.05607E-14 0.00000E+00
  5.00000E+00 1.26141E-14 1.26141E-14 0.00000E+00
  5.50000E+00 1.07062E-13 1.07062E-13 0.00000E+00
  6.00000E+00 7.75895E-13 7.75895E-13 0.00000E+00
  6.50000E+00 4.87511E-12 4.87511E-12 0.00000E+00
  7.00000E+00 2.70155E-11 2.70155E-11 0.00000E+00
  7.50000E+00 1.34235E-10 1.34235E-10 0.00000E+00
  8.00000E+00 1.05245E-06 6.07227E-10 1.05184E-06
  8.50000E+00 3.05384E-06 2.52984E-09 3.05131E-06
  9.00000E+00 7.78680E-06 1.08954E-08 7.77590E-06
  9.50000E+00 1.72606E-05 4.02903E-08 1.72203E-05
  1.00000E+01 3.38529E-05 1.27386E-07 3.37256E-05
  1.10000E+01 9.81357E-05 8.82187E-07 9.72535E-05
  1.20000E+01 2.16381E-04 4.49326E-06 2.11888E-04
  1.30000E+01 3.79825E-04 1.90865E-05 3.60739E-04
  1.40000E+01 5.48904E-04 6.62451E-05 4.82658E-04
  1.50000E+01 6.84428E-04 1.88679E-04 4.95749E-04
  1.60000E+01 7.59801E-04 3.95403E-04 3.64398E-04
  1.70000E+01 8.34867E-04 6.29820E-04 2.05047E-04
  1.80000E+01 9.26706E-04 8.30660E-04 9.60457E-05
  1.90000E+01 1.01549E-03 9.75501E-04 3.99865E-05
  2.00000E+01 1.08996E-03 1.07436E-03 1.56031E-05
  2.20000E+01 1.20906E-03 1.20690E-03 2.16288E-06
  2.40000E+01 1.55640E-03 1.55610E-03 3.02447E-07
  2.60000E+01 1.61805E-03 1.61800E-03 4.26080E-08
  2.80000E+01 1.09733E-03 1.09732E-03 6.17001E-09
  3.00000E+01 7.37325E-04 7.37324E-04 9.31323E-10

 Continuum exclusive   (n,a)   scattering

  Energy     Total      Continuum   (n,ga)

  1.00000E+00 0.00000E+00 0.00000E+00 0.00000E+00
  1.20000E+00 0.00000E+00 0.00000E+00 0.00000E+00
  1.40000E+00 0.00000E+00 0.00000E+00 0.00000E+00
  1.60000E+00 0.00000E+00 0.00000E+00 0.00000E+00
  1.80000E+00 0.00000E+00 0.00000E+00 0.00000E+00
  2.00000E+00 0.00000E+00 0.00000E+00 0.00000E+00
  2.20000E+00 0.00000E+00 0.00000E+00 0.00000E+00
  2.40000E+00 0.00000E+00 0.00000E+00 0.00000E+00
  2.60000E+00 0.00000E+00 0.00000E+00 0.00000E+00
  2.80000E+00 0.00000E+00 0.00000E+00 0.00000E+00
  3.00000E+00 0.00000E+00 0.00000E+00 0.00000E+00
  3.20000E+00 0.00000E+00 0.00000E+00 0.00000E+00
  3.40000E+00 0.00000E+00 0.00000E+00 0.00000E+00
  3.60000E+00 0.00000E+00 0.00000E+00 0.00000E+00
  3.80000E+00 0.00000E+00 0.00000E+00 0.00000E+00
  4.00000E+00 0.00000E+00 0.00000E+00 0.00000E+00
  4.20000E+00 0.00000E+00 0.00000E+00 0.00000E+00
  4.40000E+00 9.99993E-08 9.99993E-08 0.00000E+00
  4.60000E+00 9.99988E-08 9.99988E-08 0.00000E+00
  4.80000E+00 9.99967E-08 9.99967E-08 0.00000E+00
  5.00000E+00 9.99930E-08 9.99930E-08 0.00000E+00
  5.50000E+00 9.99545E-08 9.99545E-08 0.00000E+00
  6.00000E+00 1.89223E-14 0.00000E+00 1.89223E-14
  6.50000E+00 2.94800E-12 0.00000E+00 2.94800E-12
  7.00000E+00 4.11718E-11 0.00000E+00 4.11718E-11
  7.50000E+00 2.21488E-10 0.00000E+00 2.21488E-10
  8.00000E+00 8.37040E-10 0.00000E+00 8.37040E-10
  8.50000E+00 2.51223E-09 0.00000E+00 2.51223E-09
  9.00000E+00 6.60015E-09 0.00000E+00 6.60015E-09
  9.50000E+00 1.84440E-04 1.84424E-04 1.56756E-08
  1.00000E+01 4.27547E-04 4.27513E-04 3.38739E-08
  1.10000E+01 1.68929E-03 1.68916E-03 1.26845E-07
  1.20000E+01 4.96399E-03 4.96361E-03 3.72008E-07
  1.30000E+01 1.20975E-02 1.20966E-02 8.91757E-07
  1.40000E+01 2.63486E-02 2.63468E-02 1.81604E-06
  1.50000E+01 5.49654E-02 5.49622E-02 3.23334E-06
  1.60000E+01 1.06445E-01 1.06440E-01 5.15811E-06
  1.70000E+01 2.00763E-01 2.00756E-01 7.53462E-06
  1.80000E+01 3.48638E-01 3.48628E-01 1.04067E-05
  1.90000E+01 5.54734E-01 5.54720E-01 1.38003E-05
  2.00000E+01 8.05265E-01 8.05247E-01 1.80352E-05
  2.20000E+01 1.34712E+00 1.34709E+00 2.89937E-05
  2.40000E+01 1.97316E+00 1.97312E+00 4.70101E-05
  2.60000E+01 2.21480E+00 2.21473E+00 7.51220E-05
  2.80000E+01 1.77934E+00 1.77922E+00 1.17165E-04
  3.00000E+01 1.43106E+00 1.43088E+00 1.79013E-04

 6. Exclusive cross sections

     Emitted particles     reaction
   n   p   d   t   h   a
   0   0   0   0   0   0       (n,g)            

 Q-value    =   3.937377
 E-threshold=   0.000000

 Energy   Cross section Gamma c.s. c.s./res.prod.cs

  1.00000E+00 8.70558E-01 1.49498E+00 1.00000E+00
  1.20000E+00 1.05365E+00 1.82958E+00 1.00000E+00
  1.40000E+00 1.26442E+00 2.23439E+00 1.00000E+00
  1.60000E+00 1.50388E+00 2.71047E+00 1.00000E+00
  1.80000E+00 1.79023E+00 3.29051E+00 1.00000E+00
  2.00000E+00 2.12851E+00 3.99588E+00 1.00000E+00
  2.20000E+00 2.52748E+00 4.84650E+00 1.00000E+00
  2.40000E+00 3.00291E+00 5.88232E+00 1.00000E+00
  2.60000E+00 3.57248E+00 7.15022E+00 1.00000E+00
  2.80000E+00 3.17563E+00 6.53625E+00 1.00000E+00
  3.00000E+00 3.07259E+00 6.47847E+00 1.00000E+00
  3.20000E+00 3.17101E+00 6.80454E+00 1.00000E+00
  3.40000E+00 2.42895E+00 5.29955E+00 1.00000E+00
  3.60000E+00 2.29746E+00 5.11328E+00 1.00000E+00
  3.80000E+00 2.17793E+00 4.92861E+00 1.00000E+00
  4.00000E+00 2.05918E+00 4.73991E+00 1.00000E+00
  4.20000E+00 1.79196E+00 4.16484E+00 1.00000E+00
  4.40000E+00 1.57825E+00 3.63061E+00 1.00000E+00
  4.60000E+00 1.40313E+00 3.21386E+00 1.00000E+00
  4.80000E+00 1.26447E+00 2.89412E+00 1.00000E+00
  5.00000E+00 1.14704E+00 2.60474E+00 1.00000E+00
  5.50000E+00 9.44018E-01 2.15062E+00 1.00000E+00
  6.00000E+00 7.93216E-01 1.81027E+00 1.00000E+00
  6.50000E+00 7.10402E-01 1.64177E+00 1.00000E+00
  7.00000E+00 6.73071E-01 1.55813E+00 1.00000E+00
  7.50000E+00 6.83001E-01 1.58667E+00 1.00000E+00
  8.00000E+00 7.26113E-01 1.68088E+00 1.00000E+00
  8.50000E+00 7.91702E-01 1.81576E+00 1.00000E+00
  9.00000E+00 8.83218E-01 2.02591E+00 1.00000E+00
  9.50000E+00 9.86059E-01 2.27172E+00 1.00000E+00
  1.00000E+01 1.07957E+00 2.52567E+00 1.00000E+00
  1.10000E+01 1.27871E+00 3.09872E+00 1.00000E+00
  1.20000E+01 1.37907E+00 3.49283E+00 1.00000E+00
  1.30000E+01 1.36042E+00 3.58782E+00 1.00000E+00
  1.40000E+01 1.26368E+00 3.46001E+00 1.00000E+00
  1.50000E+01 1.13597E+00 3.26136E+00 1.00000E+00
  1.60000E+01 9.87453E-01 2.92641E+00 1.00000E+00
  1.70000E+01 8.50043E-01 2.61263E+00 1.00000E+00
  1.80000E+01 7.04218E-01 2.14761E+00 1.00000E+00
  1.90000E+01 5.98262E-01 1.86395E+00 1.00000E+00
  2.00000E+01 5.11563E-01 1.59370E+00 1.00000E+00
  2.20000E+01 3.90348E-01 1.17103E+00 1.00000E+00
  2.40000E+01 3.11720E-01 9.02531E-01 1.00000E+00
  2.60000E+01 2.63274E-01 7.45672E-01 1.00000E+00
  2.80000E+01 2.24505E-01 6.19060E-01 1.00000E+00
  3.00000E+01 2.01499E-01 5.51533E-01 1.00000E+00

     Emitted particles     reaction
   n   p   d   t   h   a
   1   0   0   0   0   0       (n,n')           

 Q-value    =   0.000000
 E-threshold=   2.627202

 Energy   Cross section Gamma c.s. c.s./res.prod.cs

  1.00000E+00 0.00000E+00 0.00000E+00 0.00000E+00
  1.20000E+00 0.00000E+00 0.00000E+00 0.00000E+00
  1.40000E+00 0.00000E+00 0.00000E+00 0.00000E+00
  1.60000E+00 0.00000E+00 0.00000E+00 0.00000E+00
  1.80000E+00 0.00000E+00 0.00000E+00 0.00000E+00
  2.00000E+00 0.00000E+00 0.00000E+00 0.00000E+00
  2.20000E+00 0.00000E+00 0.00000E+00 0.00000E+00
  2.40000E+00 0.00000E+00 0.00000E+00 0.00000E+00
  2.60000E+00 0.00000E+00 0.00000E+00 0.00000E+00
  2.80000E+00 3.16140E+02 3.16140E+02 9.98683E-01
  3.00000E+00 5.13703E+02 5.13703E+02 9.99058E-01
  3.20000E+00 6.62818E+02 6.62818E+02 9.99106E-01
  3.40000E+00 8.73114E+02 1.01064E+03 9.99293E-01
  3.60000E+00 1.06987E+03 1.40953E+03 9.99347E-01
  3.80000E+00 1.25874E+03 1.86320E+03 9.99364E-01
  4.00000E+00 1.44171E+03 2.40689E+03 9.99370E-01
  4.20000E+00 1.69068E+03 3.18229E+03 9.99457E-01
  4.40000E+00 1.93531E+03 3.90148E+03 9.99528E-01
  4.60000E+00 2.12295E+03 4.48171E+03 9.99578E-01
  4.80000E+00 2.25892E+03 4.94623E+03 9.99606E-01
  5.00000E+00 2.35470E+03 5.32283E+03 9.99615E-01
  5.50000E+00 2.48041E+03 6.02150E+03 9.99624E-01
  6.00000E+00 2.52030E+03 6.53502E+03 9.99613E-01
  6.50000E+00 2.53188E+03 7.00268E+03 9.99594E-01
  7.00000E+00 2.54384E+03 7.50023E+03 9.99563E-01
  7.50000E+00 2.56603E+03 8.04774E+03 9.99527E-01
  8.00000E+00 2.48100E+03 8.29006E+03 9.99466E-01
  8.50000E+00 2.26939E+03 8.04183E+03 9.99365E-01
  9.00000E+00 1.97003E+03 7.33712E+03 9.99215E-01
  9.50000E+00 1.63280E+03 6.31136E+03 9.98997E-01
  1.00000E+01 1.30296E+03 5.17228E+03 9.98685E-01
  1.10000E+01 7.95726E+02 3.22031E+03 9.97730E-01
  1.20000E+01 5.17139E+02 2.02918E+03 9.96465E-01
  1.30000E+01 3.86331E+02 1.45213E+03 9.95266E-01
  1.40000E+01 3.22403E+02 1.16348E+03 9.94330E-01
  1.50000E+01 2.87572E+02 1.02043E+03 9.93660E-01
  1.60000E+01 2.64455E+02 9.30732E+02 9.93083E-01
  1.70000E+01 2.51630E+02 8.87523E+02 9.92566E-01
  1.80000E+01 2.37229E+02 8.36427E+02 9.91951E-01
  1.90000E+01 2.23844E+02 7.89412E+02 9.91452E-01
  2.00000E+01 2.13256E+02 7.50335E+02 9.91088E-01
  2.20000E+01 1.93872E+02 6.82854E+02 9.91249E-01
  2.40000E+01 1.75469E+02 6.16600E+02 9.92601E-01
  2.60000E+01 1.58817E+02 5.55299E+02 9.94242E-01
  2.80000E+01 1.47755E+02 5.11643E+02 9.95458E-01
  3.00000E+01 1.34719E+02 4.55964E+02 9.96231E-01

     Emitted particles     reaction
   n   p   d   t   h   a
   0   1   0   0   0   0       (n,p)            

 Q-value    =  -4.216045
 E-threshold=   4.236493

 Energy   Cross section Gamma c.s. c.s./res.prod.cs

  1.00000E+00 0.00000E+00 0.00000E+00 0.00000E+00
  1.20000E+00 0.00000E+00 0.00000E+00 0.00000E+00
  1.40000E+00 0.00000E+00 0.00000E+00 0.00000E+00
  1.60000E+00 0.00000E+00 0.00000E+00 0.00000E+00
  1.80000E+00 0.00000E+00 0.00000E+00 0.00000E+00
  2.00000E+00 0.00000E+00 0.00000E+00 0.00000E+00
  2.20000E+00 0.00000E+00 0.00000E+00 0.00000E+00
  2.40000E+00 0.00000E+00 0.00000E+00 0.00000E+00
  2.60000E+00 0.00000E+00 0.00000E+00 0.00000E+00
  2.80000E+00 0.00000E+00 0.00000E+00 0.00000E+00
  3.00000E+00 0.00000E+00 0.00000E+00 0.00000E+00
  3.20000E+00 0.00000E+00 0.00000E+00 0.00000E+00
  3.40000E+00 0.00000E+00 0.00000E+00 0.00000E+00
  3.60000E+00 0.00000E+00 0.00000E+00 0.00000E+00
  3.80000E+00 0.00000E+00 0.00000E+00 0.00000E+00
  4.00000E+00 0.00000E+00 0.00000E+00 0.00000E+00
  4.20000E+00 0.00000E+00 0.00000E+00 0.00000E+00
  4.40000E+00 0.00000E+00 0.00000E+00 0.00000E+00
  4.60000E+00 0.00000E+00 0.00000E+00 0.00000E+00
  4.80000E+00 0.00000E+00 0.00000E+00 0.00000E+00
  5.00000E+00 0.00000E+00 0.00000E+00 0.00000E+00
  5.50000E+00 0.00000E+00 0.00000E+00 0.00000E+00
  6.00000E+00 0.00000E+00 0.00000E+00 0.00000E+00
  6.50000E+00 0.00000E+00 0.00000E+00 0.00000E+00
  7.00000E+00 0.00000E+00 0.00000E+00 0.00000E+00
  7.50000E+00 0.00000E+00 0.00000E+00 0.00000E+00
  8.00000E+00 1.70660E-06 0.00000E+00 0.00000E+00
  8.50000E+00 1.28852E-05 0.00000E+00 0.00000E+00
  9.00000E+00 5.20588E-05 0.00000E+00 0.00000E+00
  9.50000E+00 1.47063E-04 0.00000E+00 0.00000E+00
  1.00000E+01 1.35795E-03 1.82895E-03 9.99997E-01
  1.10000E+01 6.46060E-03 1.12525E-02 9.99993E-01
  1.20000E+01 2.24350E-02 4.74719E-02 9.99988E-01
  1.30000E+01 7.16352E-02 1.72111E-01 9.99988E-01
  1.40000E+01 2.09369E-01 5.42118E-01 9.99990E-01
  1.50000E+01 5.27766E-01 1.44054E+00 9.99992E-01
  1.60000E+01 1.12624E+00 3.20515E+00 9.99994E-01
  1.70000E+01 2.13184E+00 6.29671E+00 9.99996E-01
  1.80000E+01 3.43643E+00 1.04833E+01 9.99997E-01
  1.90000E+01 4.95244E+00 1.55541E+01 9.99998E-01
  2.00000E+01 6.63107E+00 2.14548E+01 9.99998E-01
  2.20000E+01 9.65423E+00 3.24213E+01 9.99999E-01
  2.40000E+01 1.14545E+01 3.97273E+01 9.99999E-01
  2.60000E+01 1.21626E+01 4.24421E+01 9.99999E-01
  2.80000E+01 1.23603E+01 4.36525E+01 9.99999E-01
  3.00000E+01 1.21026E+01 4.26992E+01 9.99998E-01

     Emitted particles     reaction
   n   p   d   t   h   a
   0   0   1   0   0   0       (n,d)            

 Q-value    =  -5.778480
 E-threshold=   5.806505

 Energy   Cross section Gamma c.s. c.s./res.prod.cs

  1.00000E+00 0.00000E+00 0.00000E+00 0.00000E+00
  1.20000E+00 0.00000E+00 0.00000E+00 0.00000E+00
  1.40000E+00 0.00000E+00 0.00000E+00 0.00000E+00
  1.60000E+00 0.00000E+00 0.00000E+00 0.00000E+00
  1.80000E+00 0.00000E+00 0.00000E+00 0.00000E+00
  2.00000E+00 0.00000E+00 0.00000E+00 0.00000E+00
  2.20000E+00 0.00000E+00 0.00000E+00 0.00000E+00
  2.40000E+00 0.00000E+00 0.00000E+00 0.00000E+00
  2.60000E+00 0.00000E+00 0.00000E+00 0.00000E+00
  2.80000E+00 0.00000E+00 0.00000E+00 0.00000E+00
  3.00000E+00 0.00000E+00 0.00000E+00 0.00000E+00
  3.20000E+00 0.00000E+00 0.00000E+00 0.00000E+00
  3.40000E+00 0.00000E+00 0.00000E+00 0.00000E+00
  3.60000E+00 0.00000E+00 0.00000E+00 0.00000E+00
  3.80000E+00 0.00000E+00 0.00000E+00 0.00000E+00
  4.00000E+00 0.00000E+00 0.00000E+00 0.00000E+00
  4.20000E+00 0.00000E+00 0.00000E+00 0.00000E+00
  4.40000E+00 0.00000E+00 0.00000E+00 0.00000E+00
  4.60000E+00 0.00000E+00 0.00000E+00 0.00000E+00
  4.80000E+00 0.00000E+00 0.00000E+00 0.00000E+00
  5.00000E+00 0.00000E+00 0.00000E+00 0.00000E+00
  5.50000E+00 0.00000E+00 0.00000E+00 0.00000E+00
  6.00000E+00 0.00000E+00 0.00000E+00 0.00000E+00
  6.50000E+00 0.00000E+00 0.00000E+00 0.00000E+00
  7.00000E+00 0.00000E+00 0.00000E+00 0.00000E+00
  7.50000E+00 0.00000E+00 0.00000E+00 0.00000E+00
  8.00000E+00 0.00000E+00 0.00000E+00 0.00000E+00
  8.50000E+00 0.00000E+00 0.00000E+00 0.00000E+00
  9.00000E+00 0.00000E+00 0.00000E+00 0.00000E+00
  9.50000E+00 0.00000E+00 0.00000E+00 0.00000E+00
  1.00000E+01 0.00000E+00 0.00000E+00 0.00000E+00
  1.10000E+01 1.03535E-06 0.00000E+00 0.00000E+00
  1.20000E+01 1.45066E-05 0.00000E+00 0.00000E+00
  1.30000E+01 1.62065E-04 0.00000E+00 0.00000E+00
  1.40000E+01 3.14100E-03 1.74849E-03 5.94876E-01
  1.50000E+01 2.27596E-02 1.41174E-02 6.19132E-01
  1.60000E+01 1.09779E-01 7.60169E-02 6.24658E-01
  1.70000E+01 3.66176E-01 2.91046E-01 6.17554E-01
  1.80000E+01 8.54330E-01 8.07670E-01 5.73308E-01
  1.90000E+01 1.59747E+00 1.79051E+00 5.18043E-01
  2.00000E+01 2.56834E+00 3.31396E+00 4.72838E-01
  2.20000E+01 4.93965E+00 7.87283E+00 3.77744E-01
  2.40000E+01 7.39581E+00 1.36303E+01 3.06554E-01
  2.60000E+01 9.42799E+00 1.91554E+01 2.53936E-01
  2.80000E+01 1.14261E+01 2.39127E+01 2.26292E-01
  3.00000E+01 1.19956E+01 2.58529E+01 1.96736E-01

     Emitted particles     reaction
   n   p   d   t   h   a
   0   0   0   1   0   0       (n,t)            

 Q-value    =  -6.373698
 E-threshold=   6.404610

 Energy   Cross section Gamma c.s. c.s./res.prod.cs

  1.00000E+00 0.00000E+00 0.00000E+00 0.00000E+00
  1.20000E+00 0.00000E+00 0.00000E+00 0.00000E+00
  1.40000E+00 0.00000E+00 0.00000E+00 0.00000E+00
  1.60000E+00 0.00000E+00 0.00000E+00 0.00000E+00
  1.80000E+00 0.00000E+00 0.00000E+00 0.00000E+00
  2.00000E+00 0.00000E+00 0.00000E+00 0.00000E+00
  2.20000E+00 0.00000E+00 0.00000E+00 0.00000E+00
  2.40000E+00 0.00000E+00 0.00000E+00 0.00000E+00
  2.60000E+00 0.00000E+00 0.00000E+00 0.00000E+00
  2.80000E+00 0.00000E+00 0.00000E+00 0.00000E+00
  3.00000E+00 0.00000E+00 0.00000E+00 0.00000E+00
  3.20000E+00 0.00000E+00 0.00000E+00 0.00000E+00
  3.40000E+00 0.00000E+00 0.00000E+00 0.00000E+00
  3.60000E+00 0.00000E+00 0.00000E+00 0.00000E+00
  3.80000E+00 0.00000E+00 0.00000E+00 0.00000E+00
  4.00000E+00 0.00000E+00 0.00000E+00 0.00000E+00
  4.20000E+00 0.00000E+00 0.00000E+00 0.00000E+00
  4.40000E+00 0.00000E+00 0.00000E+00 0.00000E+00
  4.60000E+00 0.00000E+00 0.00000E+00 0.00000E+00
  4.80000E+00 0.00000E+00 0.00000E+00 0.00000E+00
  5.00000E+00 0.00000E+00 0.00000E+00 0.00000E+00
  5.50000E+00 0.00000E+00 0.00000E+00 0.00000E+00
  6.00000E+00 0.00000E+00 0.00000E+00 0.00000E+00
  6.50000E+00 0.00000E+00 0.00000E+00 0.00000E+00
  7.00000E+00 0.00000E+00 0.00000E+00 0.00000E+00
  7.50000E+00 0.00000E+00 0.00000E+00 0.00000E+00
  8.00000E+00 0.00000E+00 0.00000E+00 0.00000E+00
  8.50000E+00 0.00000E+00 0.00000E+00 0.00000E+00
  9.00000E+00 0.00000E+00 0.00000E+00 0.00000E+00
  9.50000E+00 0.00000E+00 0.00000E+00 0.00000E+00
  1.00000E+01 0.00000E+00 0.00000E+00 0.00000E+00
  1.10000E+01 0.00000E+00 0.00000E+00 0.00000E+00
  1.20000E+01 1.20466E-07 0.00000E+00 0.00000E+00
  1.30000E+01 1.88400E-06 0.00000E+00 0.00000E+00
  1.40000E+01 1.89557E-05 0.00000E+00 0.00000E+00
  1.50000E+01 1.55645E-03 1.73579E-03 9.99999E-01
  1.60000E+01 1.06511E-02 1.18296E-02 1.00000E+00
  1.70000E+01 4.88043E-02 5.34130E-02 1.00000E+00
  1.80000E+01 1.54813E-01 1.68951E-01 1.00000E+00
  1.90000E+01 3.70549E-01 4.30442E-01 9.99937E-01
  2.00000E+01 7.20757E-01 9.75955E-01 9.99351E-01
  2.20000E+01 1.74948E+00 3.34532E+00 9.86182E-01
  2.40000E+01 2.92963E+00 6.90957E+00 9.02525E-01
  2.60000E+01 3.80633E+00 9.79091E+00 7.04064E-01
  2.80000E+01 4.25881E+00 1.12810E+01 4.58817E-01
  3.00000E+01 4.35364E+00 1.14777E+01 2.59574E-01

     Emitted particles     reaction
   n   p   d   t   h   a
   0   0   0   0   1   0       (n,h)            

 Q-value    =  -7.662672
 E-threshold=   7.699835

 Energy   Cross section Gamma c.s. c.s./res.prod.cs

  1.00000E+00 0.00000E+00 0.00000E+00 0.00000E+00
  1.20000E+00 0.00000E+00 0.00000E+00 0.00000E+00
  1.40000E+00 0.00000E+00 0.00000E+00 0.00000E+00
  1.60000E+00 0.00000E+00 0.00000E+00 0.00000E+00
  1.80000E+00 0.00000E+00 0.00000E+00 0.00000E+00
  2.00000E+00 0.00000E+00 0.00000E+00 0.00000E+00
  2.20000E+00 0.00000E+00 0.00000E+00 0.00000E+00
  2.40000E+00 0.00000E+00 0.00000E+00 0.00000E+00
  2.60000E+00 0.00000E+00 0.00000E+00 0.00000E+00
  2.80000E+00 0.00000E+00 0.00000E+00 0.00000E+00
  3.00000E+00 0.00000E+00 0.00000E+00 0.00000E+00
  3.20000E+00 0.00000E+00 0.00000E+00 0.00000E+00
  3.40000E+00 0.00000E+00 0.00000E+00 0.00000E+00
  3.60000E+00 0.00000E+00 0.00000E+00 0.00000E+00
  3.80000E+00 0.00000E+00 0.00000E+00 0.00000E+00
  4.00000E+00 0.00000E+00 0.00000E+00 0.00000E+00
  4.20000E+00 0.00000E+00 0.00000E+00 0.00000E+00
  4.40000E+00 0.00000E+00 0.00000E+00 0.00000E+00
  4.60000E+00 0.00000E+00 0.00000E+00 0.00000E+00
  4.80000E+00 0.00000E+00 0.00000E+00 0.00000E+00
  5.00000E+00 0.00000E+00 0.00000E+00 0.00000E+00
  5.50000E+00 0.00000E+00 0.00000E+00 0.00000E+00
  6.00000E+00 0.00000E+00 0.00000E+00 0.00000E+00
  6.50000E+00 0.00000E+00 0.00000E+00 0.00000E+00
  7.00000E+00 0.00000E+00 0.00000E+00 0.00000E+00
  7.50000E+00 0.00000E+00 0.00000E+00 0.00000E+00
  8.00000E+00 0.00000E+00 0.00000E+00 0.00000E+00
  8.50000E+00 0.00000E+00 0.00000E+00 0.00000E+00
  9.00000E+00 0.00000E+00 0.00000E+00 0.00000E+00
  9.50000E+00 0.00000E+00 0.00000E+00 0.00000E+00
  1.00000E+01 0.00000E+00 0.00000E+00 0.00000E+00
  1.10000E+01 0.00000E+00 0.00000E+00 0.00000E+00
  1.20000E+01 0.00000E+00 0.00000E+00 0.00000E+00
  1.30000E+01 0.00000E+00 0.00000E+00 0.00000E+00
  1.40000E+01 0.00000E+00 0.00000E+00 0.00000E+00
  1.50000E+01 0.00000E+00 0.00000E+00 0.00000E+00
  1.60000E+01 0.00000E+00 0.00000E+00 0.00000E+00
  1.70000E+01 0.00000E+00 0.00000E+00 0.00000E+00
  1.80000E+01 0.00000E+00 0.00000E+00 0.00000E+00
  1.90000E+01 0.00000E+00 0.00000E+00 0.00000E+00
  2.00000E+01 0.00000E+00 0.00000E+00 0.00000E+00
  2.20000E+01 0.00000E+00 0.00000E+00 0.00000E+00
  2.40000E+01 1.90556E-07 0.00000E+00 0.00000E+00
  2.60000E+01 1.52535E-06 0.00000E+00 0.00000E+00
  2.80000E+01 1.03465E-03 3.22485E-03 9.99979E-01
  3.00000E+01 9.12208E-03 2.68751E-02 9.99976E-01

     Emitted particles     reaction
   n   p   d   t   h   a
   0   0   0   0   0   1       (n,a)            

 Q-value    =   6.185611
 E-threshold=   0.000000

 Energy   Cross section Gamma c.s. c.s./res.prod.cs

  1.00000E+00 1.00000E-07 1.00000E-07 0.00000E+00
  1.20000E+00 1.00000E-07 1.00000E-07 0.00000E+00
  1.40000E+00 1.00000E-07 1.00000E-07 0.00000E+00
  1.60000E+00 1.00000E-07 1.00000E-07 0.00000E+00
  1.80000E+00 1.00000E-07 1.00000E-07 0.00000E+00
  2.00000E+00 1.00000E-07 1.00000E-07 0.00000E+00
  2.20000E+00 1.00000E-07 1.00000E-07 0.00000E+00
  2.40000E+00 1.00000E-07 1.00000E-07 0.00000E+00
  2.60000E+00 1.00000E-07 1.00000E-07 0.00000E+00
  2.80000E+00 1.00000E-07 1.00000E-07 0.00000E+00
  3.00000E+00 1.00000E-07 1.00000E-07 0.00000E+00
  3.20000E+00 1.00000E-07 1.00000E-07 0.00000E+00
  3.40000E+00 1.00000E-07 1.00000E-07 0.00000E+00
  3.60000E+00 1.00000E-07 1.00000E-07 0.00000E+00
  3.80000E+00 1.00000E-07 1.00000E-07 0.00000E+00
  4.00000E+00 1.00000E-07 1.00000E-07 0.00000E+00
  4.20000E+00 1.00000E-07 1.00000E-07 0.00000E+00
  4.40000E+00 1.00000E-07 1.00000E-07 0.00000E+00
  4.60000E+00 1.00000E-07 1.00000E-07 0.00000E+00
  4.80000E+00 1.00000E-07 1.00000E-07 0.00000E+00
  5.00000E+00 1.00000E-07 1.00000E-07 0.00000E+00
  5.50000E+00 1.00000E-07 1.00000E-07 0.00000E+00
  6.00000E+00 2.90676E-06 0.00000E+00 0.00000E+00
  6.50000E+00 7.57443E-06 0.00000E+00 0.00000E+00
  7.00000E+00 1.93387E-05 0.00000E+00 0.00000E+00
  7.50000E+00 4.41386E-05 0.00000E+00 0.00000E+00
  8.00000E+00 8.96025E-05 0.00000E+00 0.00000E+00
  8.50000E+00 1.64286E-04 0.00000E+00 0.00000E+00
  9.00000E+00 2.76462E-04 0.00000E+00 0.00000E+00
  9.50000E+00 1.71794E-03 2.00550E-03 9.99991E-01
  1.00000E+01 2.86023E-03 3.72918E-03 9.99988E-01
  1.10000E+01 6.77271E-03 1.08231E-02 9.99981E-01
  1.20000E+01 1.34597E-02 2.60361E-02 9.99972E-01
  1.30000E+01 2.38727E-02 5.53307E-02 9.99963E-01
  1.40000E+01 4.08519E-02 1.10822E-01 9.99956E-01
  1.50000E+01 7.52988E-02 2.23213E-01 9.99957E-01
  1.60000E+01 1.38429E-01 4.36905E-01 9.99963E-01
  1.70000E+01 2.44351E-01 8.19936E-01 9.99970E-01
  1.80000E+01 4.02387E-01 1.42824E+00 9.99976E-01
  1.90000E+01 6.15754E-01 2.30036E+00 9.99980E-01
  2.00000E+01 8.70877E-01 3.39779E+00 9.99983E-01
  2.20000E+01 1.41827E+00 5.93025E+00 9.99987E-01
  2.40000E+01 2.06124E+00 8.87671E+00 9.99990E-01
  2.60000E+01 2.30483E+00 1.01020E+01 9.99990E-01
  2.80000E+01 1.84111E+00 8.19514E+00 9.99986E-01
  3.00000E+01 1.47307E+00 6.65388E+00 9.99938E-01

     Emitted particles     reaction
   n   p   d   t   h   a
   2   0   0   0   0   0       (n,2n)           

 Q-value    =  -7.367873
 E-threshold=   7.403607

 Energy   Cross section Gamma c.s. c.s./res.prod.cs

  1.00000E+00 0.00000E+00 0.00000E+00 0.00000E+00
  1.20000E+00 0.00000E+00 0.00000E+00 0.00000E+00
  1.40000E+00 0.00000E+00 0.00000E+00 0.00000E+00
  1.60000E+00 0.00000E+00 0.00000E+00 0.00000E+00
  1.80000E+00 0.00000E+00 0.00000E+00 0.00000E+00
  2.00000E+00 0.00000E+00 0.00000E+00 0.00000E+00
  2.20000E+00 0.00000E+00 0.00000E+00 0.00000E+00
  2.40000E+00 0.00000E+00 0.00000E+00 0.00000E+00
  2.60000E+00 0.00000E+00 0.00000E+00 0.00000E+00
  2.80000E+00 0.00000E+00 0.00000E+00 0.00000E+00
  3.00000E+00 0.00000E+00 0.00000E+00 0.00000E+00
  3.20000E+00 0.00000E+00 0.00000E+00 0.00000E+00
  3.40000E+00 0.00000E+00 0.00000E+00 0.00000E+00
  3.60000E+00 0.00000E+00 0.00000E+00 0.00000E+00
  3.80000E+00 0.00000E+00 0.00000E+00 0.00000E+00
  4.00000E+00 0.00000E+00 0.00000E+00 0.00000E+00
  4.20000E+00 0.00000E+00 0.00000E+00 0.00000E+00
  4.40000E+00 0.00000E+00 0.00000E+00 0.00000E+00
  4.60000E+00 0.00000E+00 0.00000E+00 0.00000E+00
  4.80000E+00 0.00000E+00 0.00000E+00 0.00000E+00
  5.00000E+00 0.00000E+00 0.00000E+00 0.00000E+00
  5.50000E+00 0.00000E+00 0.00000E+00 0.00000E+00
  6.00000E+00 0.00000E+00 0.00000E+00 0.00000E+00
  6.50000E+00 0.00000E+00 0.00000E+00 0.00000E+00
  7.00000E+00 0.00000E+00 0.00000E+00 0.00000E+00
  7.50000E+00 4.87706E+00 1.08503E-05 1.00000E+00
  8.00000E+00 1.10398E+02 4.24977E-01 1.00000E+00
  8.50000E+00 3.39287E+02 9.89379E+01 9.99998E-01
  9.00000E+00 6.46857E+02 3.41321E+02 9.99995E-01
  9.50000E+00 9.82246E+02 7.03287E+02 9.99989E-01
  1.00000E+01 1.30300E+03 1.15058E+03 9.99979E-01
  1.10000E+01 1.78478E+03 2.12224E+03 9.99942E-01
  1.20000E+01 2.04597E+03 3.24199E+03 9.99881E-01
  1.30000E+01 2.17444E+03 4.42944E+03 9.99804E-01
  1.40000E+01 2.24269E+03 5.56659E+03 9.99721E-01
  1.50000E+01 2.27255E+03 6.52983E+03 9.99642E-01
  1.60000E+01 2.22909E+03 7.17049E+03 9.99568E-01
  1.70000E+01 2.06089E+03 7.24057E+03 9.99483E-01
  1.80000E+01 1.76708E+03 6.60838E+03 9.99352E-01
  1.90000E+01 1.41029E+03 5.44810E+03 9.99143E-01
  2.00000E+01 1.08289E+03 4.19513E+03 9.98832E-01
  2.20000E+01 6.71581E+02 2.47438E+03 9.97910E-01
  2.40000E+01 5.01603E+02 1.75530E+03 9.96705E-01
  2.60000E+01 4.24504E+02 1.45873E+03 9.95653E-01
  2.80000E+01 3.76485E+02 1.29734E+03 9.94951E-01
  3.00000E+01 3.44997E+02 1.19091E+03 9.94850E-01

     Emitted particles     reaction
   n   p   d   t   h   a
   1   1   0   0   0   0       (n,np)           

 Q-value    =  -8.003052
 E-threshold=   8.041866

 Energy   Cross section Gamma c.s. c.s./res.prod.cs

  1.00000E+00 0.00000E+00 0.00000E+00 0.00000E+00
  1.20000E+00 0.00000E+00 0.00000E+00 0.00000E+00
  1.40000E+00 0.00000E+00 0.00000E+00 0.00000E+00
  1.60000E+00 0.00000E+00 0.00000E+00 0.00000E+00
  1.80000E+00 0.00000E+00 0.00000E+00 0.00000E+00
  2.00000E+00 0.00000E+00 0.00000E+00 0.00000E+00
  2.20000E+00 0.00000E+00 0.00000E+00 0.00000E+00
  2.40000E+00 0.00000E+00 0.00000E+00 0.00000E+00
  2.60000E+00 0.00000E+00 0.00000E+00 0.00000E+00
  2.80000E+00 0.00000E+00 0.00000E+00 0.00000E+00
  3.00000E+00 0.00000E+00 0.00000E+00 0.00000E+00
  3.20000E+00 0.00000E+00 0.00000E+00 0.00000E+00
  3.40000E+00 0.00000E+00 0.00000E+00 0.00000E+00
  3.60000E+00 0.00000E+00 0.00000E+00 0.00000E+00
  3.80000E+00 0.00000E+00 0.00000E+00 0.00000E+00
  4.00000E+00 0.00000E+00 0.00000E+00 0.00000E+00
  4.20000E+00 0.00000E+00 0.00000E+00 0.00000E+00
  4.40000E+00 0.00000E+00 0.00000E+00 0.00000E+00
  4.60000E+00 0.00000E+00 0.00000E+00 0.00000E+00
  4.80000E+00 0.00000E+00 0.00000E+00 0.00000E+00
  5.00000E+00 0.00000E+00 0.00000E+00 0.00000E+00
  5.50000E+00 0.00000E+00 0.00000E+00 0.00000E+00
  6.00000E+00 0.00000E+00 0.00000E+00 0.00000E+00
  6.50000E+00 0.00000E+00 0.00000E+00 0.00000E+00
  7.00000E+00 0.00000E+00 0.00000E+00 0.00000E+00
  7.50000E+00 0.00000E+00 0.00000E+00 0.00000E+00
  8.00000E+00 0.00000E+00 0.00000E+00 0.00000E+00
  8.50000E+00 0.00000E+00 0.00000E+00 0.00000E+00
  9.00000E+00 0.00000E+00 0.00000E+00 0.00000E+00
  9.50000E+00 0.00000E+00 0.00000E+00 0.00000E+00
  1.00000E+01 0.00000E+00 0.00000E+00 0.00000E+00
  1.10000E+01 0.00000E+00 0.00000E+00 0.00000E+00
  1.20000E+01 1.60098E-06 2.80492E-12 0.00000E+00
  1.30000E+01 1.14745E-04 1.30036E-07 0.00000E+00
  1.40000E+01 2.13908E-03 6.53891E-04 4.05122E-01
  1.50000E+01 1.40009E-02 5.29062E-03 3.80867E-01
  1.60000E+01 6.59635E-02 2.50900E-02 3.75341E-01
  1.70000E+01 2.26769E-01 9.24055E-02 3.82445E-01
  1.80000E+01 6.35843E-01 2.86148E-01 4.26690E-01
  1.90000E+01 1.48618E+00 7.63326E-01 4.81955E-01
  2.00000E+01 2.86341E+00 1.74467E+00 5.27161E-01
  2.20000E+01 8.13705E+00 7.39355E+00 6.22254E-01
  2.40000E+01 1.67297E+01 2.09304E+01 6.93442E-01
  2.60000E+01 2.76992E+01 4.42311E+01 7.46057E-01
  2.80000E+01 3.90659E+01 7.36009E+01 7.73691E-01
  3.00000E+01 4.89756E+01 1.02203E+02 8.03234E-01

     Emitted particles     reaction
   n   p   d   t   h   a
   0   2   0   0   0   0       (n,2p)           

 Q-value    = -11.767689
 E-threshold=  11.824761

 Energy   Cross section Gamma c.s. c.s./res.prod.cs

  1.00000E+00 0.00000E+00 0.00000E+00 0.00000E+00
  1.20000E+00 0.00000E+00 0.00000E+00 0.00000E+00
  1.40000E+00 0.00000E+00 0.00000E+00 0.00000E+00
  1.60000E+00 0.00000E+00 0.00000E+00 0.00000E+00
  1.80000E+00 0.00000E+00 0.00000E+00 0.00000E+00
  2.00000E+00 0.00000E+00 0.00000E+00 0.00000E+00
  2.20000E+00 0.00000E+00 0.00000E+00 0.00000E+00
  2.40000E+00 0.00000E+00 0.00000E+00 0.00000E+00
  2.60000E+00 0.00000E+00 0.00000E+00 0.00000E+00
  2.80000E+00 0.00000E+00 0.00000E+00 0.00000E+00
  3.00000E+00 0.00000E+00 0.00000E+00 0.00000E+00
  3.20000E+00 0.00000E+00 0.00000E+00 0.00000E+00
  3.40000E+00 0.00000E+00 0.00000E+00 0.00000E+00
  3.60000E+00 0.00000E+00 0.00000E+00 0.00000E+00
  3.80000E+00 0.00000E+00 0.00000E+00 0.00000E+00
  4.00000E+00 0.00000E+00 0.00000E+00 0.00000E+00
  4.20000E+00 0.00000E+00 0.00000E+00 0.00000E+00
  4.40000E+00 0.00000E+00 0.00000E+00 0.00000E+00
  4.60000E+00 0.00000E+00 0.00000E+00 0.00000E+00
  4.80000E+00 0.00000E+00 0.00000E+00 0.00000E+00
  5.00000E+00 0.00000E+00 0.00000E+00 0.00000E+00
  5.50000E+00 0.00000E+00 0.00000E+00 0.00000E+00
  6.00000E+00 0.00000E+00 0.00000E+00 0.00000E+00
  6.50000E+00 0.00000E+00 0.00000E+00 0.00000E+00
  7.00000E+00 0.00000E+00 0.00000E+00 0.00000E+00
  7.50000E+00 0.00000E+00 0.00000E+00 0.00000E+00
  8.00000E+00 0.00000E+00 0.00000E+00 0.00000E+00
  8.50000E+00 0.00000E+00 0.00000E+00 0.00000E+00
  9.00000E+00 0.00000E+00 0.00000E+00 0.00000E+00
  9.50000E+00 0.00000E+00 0.00000E+00 0.00000E+00
  1.00000E+01 0.00000E+00 0.00000E+00 0.00000E+00
  1.10000E+01 0.00000E+00 0.00000E+00 0.00000E+00
  1.20000E+01 0.00000E+00 0.00000E+00 0.00000E+00
  1.30000E+01 0.00000E+00 0.00000E+00 0.00000E+00
  1.40000E+01 0.00000E+00 0.00000E+00 0.00000E+00
  1.50000E+01 0.00000E+00 0.00000E+00 0.00000E+00
  1.60000E+01 0.00000E+00 0.00000E+00 0.00000E+00
  1.70000E+01 0.00000E+00 0.00000E+00 0.00000E+00
  1.80000E+01 0.00000E+00 0.00000E+00 0.00000E+00
  1.90000E+01 0.00000E+00 0.00000E+00 0.00000E+00
  2.00000E+01 0.00000E+00 0.00000E+00 0.00000E+00
  2.20000E+01 0.00000E+00 0.00000E+00 0.00000E+00
  2.40000E+01 0.00000E+00 0.00000E+00 0.00000E+00
  2.60000E+01 0.00000E+00 0.00000E+00 0.00000E+00
  2.80000E+01 0.00000E+00 0.00000E+00 0.00000E+00
  3.00000E+01 1.75161E-07 1.75533E-11 0.00000E+00

     Emitted particles     reaction
   n   p   d   t   h   a
   1   0   1   0   0   0       (n,nd)           

 Q-value    = -12.630945
 E-threshold=  12.692204

 Energy   Cross section Gamma c.s. c.s./res.prod.cs

  1.00000E+00 0.00000E+00 0.00000E+00 0.00000E+00
  1.20000E+00 0.00000E+00 0.00000E+00 0.00000E+00
  1.40000E+00 0.00000E+00 0.00000E+00 0.00000E+00
  1.60000E+00 0.00000E+00 0.00000E+00 0.00000E+00
  1.80000E+00 0.00000E+00 0.00000E+00 0.00000E+00
  2.00000E+00 0.00000E+00 0.00000E+00 0.00000E+00
  2.20000E+00 0.00000E+00 0.00000E+00 0.00000E+00
  2.40000E+00 0.00000E+00 0.00000E+00 0.00000E+00
  2.60000E+00 0.00000E+00 0.00000E+00 0.00000E+00
  2.80000E+00 0.00000E+00 0.00000E+00 0.00000E+00
  3.00000E+00 0.00000E+00 0.00000E+00 0.00000E+00
  3.20000E+00 0.00000E+00 0.00000E+00 0.00000E+00
  3.40000E+00 0.00000E+00 0.00000E+00 0.00000E+00
  3.60000E+00 0.00000E+00 0.00000E+00 0.00000E+00
  3.80000E+00 0.00000E+00 0.00000E+00 0.00000E+00
  4.00000E+00 0.00000E+00 0.00000E+00 0.00000E+00
  4.20000E+00 0.00000E+00 0.00000E+00 0.00000E+00
  4.40000E+00 0.00000E+00 0.00000E+00 0.00000E+00
  4.60000E+00 0.00000E+00 0.00000E+00 0.00000E+00
  4.80000E+00 0.00000E+00 0.00000E+00 0.00000E+00
  5.00000E+00 0.00000E+00 0.00000E+00 0.00000E+00
  5.50000E+00 0.00000E+00 0.00000E+00 0.00000E+00
  6.00000E+00 0.00000E+00 0.00000E+00 0.00000E+00
  6.50000E+00 0.00000E+00 0.00000E+00 0.00000E+00
  7.00000E+00 0.00000E+00 0.00000E+00 0.00000E+00
  7.50000E+00 0.00000E+00 0.00000E+00 0.00000E+00
  8.00000E+00 0.00000E+00 0.00000E+00 0.00000E+00
  8.50000E+00 0.00000E+00 0.00000E+00 0.00000E+00
  9.00000E+00 0.00000E+00 0.00000E+00 0.00000E+00
  9.50000E+00 0.00000E+00 0.00000E+00 0.00000E+00
  1.00000E+01 0.00000E+00 0.00000E+00 0.00000E+00
  1.10000E+01 0.00000E+00 0.00000E+00 0.00000E+00
  1.20000E+01 0.00000E+00 0.00000E+00 0.00000E+00
  1.30000E+01 0.00000E+00 0.00000E+00 0.00000E+00
  1.40000E+01 0.00000E+00 0.00000E+00 0.00000E+00
  1.50000E+01 0.00000E+00 0.00000E+00 0.00000E+00
  1.60000E+01 0.00000E+00 0.00000E+00 0.00000E+00
  1.70000E+01 0.00000E+00 0.00000E+00 0.00000E+00
  1.80000E+01 0.00000E+00 0.00000E+00 0.00000E+00
  1.90000E+01 2.28225E-05 1.49760E-05 6.15871E-05
  2.00000E+01 4.11456E-04 3.31116E-04 5.70497E-04
  2.20000E+01 1.80955E-02 1.67636E-02 1.02005E-02
  2.40000E+01 1.99390E-01 2.25449E-01 6.14257E-02
  2.60000E+01 8.13904E-01 1.12857E+00 1.50549E-01
  2.80000E+01 1.97481E+00 3.34627E+00 2.12754E-01
  3.00000E+01 3.75892E+00 7.42513E+00 2.24116E-01

     Emitted particles     reaction
   n   p   d   t   h   a
   0   1   1   0   0   0       (n,pd)           

 Q-value    = -13.156157
 E-threshold=  13.219963

 Energy   Cross section Gamma c.s. c.s./res.prod.cs

  1.00000E+00 0.00000E+00 0.00000E+00 0.00000E+00
  1.20000E+00 0.00000E+00 0.00000E+00 0.00000E+00
  1.40000E+00 0.00000E+00 0.00000E+00 0.00000E+00
  1.60000E+00 0.00000E+00 0.00000E+00 0.00000E+00
  1.80000E+00 0.00000E+00 0.00000E+00 0.00000E+00
  2.00000E+00 0.00000E+00 0.00000E+00 0.00000E+00
  2.20000E+00 0.00000E+00 0.00000E+00 0.00000E+00
  2.40000E+00 0.00000E+00 0.00000E+00 0.00000E+00
  2.60000E+00 0.00000E+00 0.00000E+00 0.00000E+00
  2.80000E+00 0.00000E+00 0.00000E+00 0.00000E+00
  3.00000E+00 0.00000E+00 0.00000E+00 0.00000E+00
  3.20000E+00 0.00000E+00 0.00000E+00 0.00000E+00
  3.40000E+00 0.00000E+00 0.00000E+00 0.00000E+00
  3.60000E+00 0.00000E+00 0.00000E+00 0.00000E+00
  3.80000E+00 0.00000E+00 0.00000E+00 0.00000E+00
  4.00000E+00 0.00000E+00 0.00000E+00 0.00000E+00
  4.20000E+00 0.00000E+00 0.00000E+00 0.00000E+00
  4.40000E+00 0.00000E+00 0.00000E+00 0.00000E+00
  4.60000E+00 0.00000E+00 0.00000E+00 0.00000E+00
  4.80000E+00 0.00000E+00 0.00000E+00 0.00000E+00
  5.00000E+00 0.00000E+00 0.00000E+00 0.00000E+00
  5.50000E+00 0.00000E+00 0.00000E+00 0.00000E+00
  6.00000E+00 0.00000E+00 0.00000E+00 0.00000E+00
  6.50000E+00 0.00000E+00 0.00000E+00 0.00000E+00
  7.00000E+00 0.00000E+00 0.00000E+00 0.00000E+00
  7.50000E+00 0.00000E+00 0.00000E+00 0.00000E+00
  8.00000E+00 0.00000E+00 0.00000E+00 0.00000E+00
  8.50000E+00 0.00000E+00 0.00000E+00 0.00000E+00
  9.00000E+00 0.00000E+00 0.00000E+00 0.00000E+00
  9.50000E+00 0.00000E+00 0.00000E+00 0.00000E+00
  1.00000E+01 0.00000E+00 0.00000E+00 0.00000E+00
  1.10000E+01 0.00000E+00 0.00000E+00 0.00000E+00
  1.20000E+01 0.00000E+00 0.00000E+00 0.00000E+00
  1.30000E+01 0.00000E+00 0.00000E+00 0.00000E+00
  1.40000E+01 0.00000E+00 0.00000E+00 0.00000E+00
  1.50000E+01 0.00000E+00 0.00000E+00 0.00000E+00
  1.60000E+01 0.00000E+00 0.00000E+00 0.00000E+00
  1.70000E+01 0.00000E+00 0.00000E+00 0.00000E+00
  1.80000E+01 0.00000E+00 0.00000E+00 0.00000E+00
  1.90000E+01 0.00000E+00 0.00000E+00 0.00000E+00
  2.00000E+01 0.00000E+00 0.00000E+00 0.00000E+00
  2.20000E+01 0.00000E+00 0.00000E+00 0.00000E+00
  2.40000E+01 0.00000E+00 0.00000E+00 0.00000E+00
  2.60000E+01 0.00000E+00 0.00000E+00 0.00000E+00
  2.80000E+01 0.00000E+00 0.00000E+00 0.00000E+00
  3.00000E+01 1.15054E-07 4.57903E-08 1.26124E-05

     Emitted particles     reaction
   n   p   d   t   h   a
   1   0   0   1   0   0       (n,nt)           

 Q-value    = -12.877511
 E-threshold=  12.939966

 Energy   Cross section Gamma c.s. c.s./res.prod.cs

  1.00000E+00 0.00000E+00 0.00000E+00 0.00000E+00
  1.20000E+00 0.00000E+00 0.00000E+00 0.00000E+00
  1.40000E+00 0.00000E+00 0.00000E+00 0.00000E+00
  1.60000E+00 0.00000E+00 0.00000E+00 0.00000E+00
  1.80000E+00 0.00000E+00 0.00000E+00 0.00000E+00
  2.00000E+00 0.00000E+00 0.00000E+00 0.00000E+00
  2.20000E+00 0.00000E+00 0.00000E+00 0.00000E+00
  2.40000E+00 0.00000E+00 0.00000E+00 0.00000E+00
  2.60000E+00 0.00000E+00 0.00000E+00 0.00000E+00
  2.80000E+00 0.00000E+00 0.00000E+00 0.00000E+00
  3.00000E+00 0.00000E+00 0.00000E+00 0.00000E+00
  3.20000E+00 0.00000E+00 0.00000E+00 0.00000E+00
  3.40000E+00 0.00000E+00 0.00000E+00 0.00000E+00
  3.60000E+00 0.00000E+00 0.00000E+00 0.00000E+00
  3.80000E+00 0.00000E+00 0.00000E+00 0.00000E+00
  4.00000E+00 0.00000E+00 0.00000E+00 0.00000E+00
  4.20000E+00 0.00000E+00 0.00000E+00 0.00000E+00
  4.40000E+00 0.00000E+00 0.00000E+00 0.00000E+00
  4.60000E+00 0.00000E+00 0.00000E+00 0.00000E+00
  4.80000E+00 0.00000E+00 0.00000E+00 0.00000E+00
  5.00000E+00 0.00000E+00 0.00000E+00 0.00000E+00
  5.50000E+00 0.00000E+00 0.00000E+00 0.00000E+00
  6.00000E+00 0.00000E+00 0.00000E+00 0.00000E+00
  6.50000E+00 0.00000E+00 0.00000E+00 0.00000E+00
  7.00000E+00 0.00000E+00 0.00000E+00 0.00000E+00
  7.50000E+00 0.00000E+00 0.00000E+00 0.00000E+00
  8.00000E+00 0.00000E+00 0.00000E+00 0.00000E+00
  8.50000E+00 0.00000E+00 0.00000E+00 0.00000E+00
  9.00000E+00 0.00000E+00 0.00000E+00 0.00000E+00
  9.50000E+00 0.00000E+00 0.00000E+00 0.00000E+00
  1.00000E+01 0.00000E+00 0.00000E+00 0.00000E+00
  1.10000E+01 0.00000E+00 0.00000E+00 0.00000E+00
  1.20000E+01 0.00000E+00 0.00000E+00 0.00000E+00
  1.30000E+01 0.00000E+00 0.00000E+00 0.00000E+00
  1.40000E+01 0.00000E+00 0.00000E+00 0.00000E+00
  1.50000E+01 0.00000E+00 0.00000E+00 0.00000E+00
  1.60000E+01 0.00000E+00 0.00000E+00 0.00000E+00
  1.70000E+01 0.00000E+00 0.00000E+00 0.00000E+00
  1.80000E+01 0.00000E+00 0.00000E+00 0.00000E+00
  1.90000E+01 9.69390E-07 9.43946E-15 0.00000E+00
  2.00000E+01 3.28969E-05 1.09053E-07 0.00000E+00
  2.20000E+01 7.39832E-03 8.17411E-03 1.00000E+00
  2.40000E+01 1.35768E-01 2.33749E-01 1.00000E+00
  2.60000E+01 7.12534E-01 1.84965E+00 9.99961E-01
  2.80000E+01 1.78830E+00 5.87273E+00 9.98329E-01
  3.00000E+01 3.14776E+00 1.20757E+01 9.76946E-01

     Emitted particles     reaction
   n   p   d   t   h   a
   1   0   0   0   1   0       (n,nh)           

 Q-value    = -14.392003
 E-threshold=  14.461803

 Energy   Cross section Gamma c.s. c.s./res.prod.cs

  1.00000E+00 0.00000E+00 0.00000E+00 0.00000E+00
  1.20000E+00 0.00000E+00 0.00000E+00 0.00000E+00
  1.40000E+00 0.00000E+00 0.00000E+00 0.00000E+00
  1.60000E+00 0.00000E+00 0.00000E+00 0.00000E+00
  1.80000E+00 0.00000E+00 0.00000E+00 0.00000E+00
  2.00000E+00 0.00000E+00 0.00000E+00 0.00000E+00
  2.20000E+00 0.00000E+00 0.00000E+00 0.00000E+00
  2.40000E+00 0.00000E+00 0.00000E+00 0.00000E+00
  2.60000E+00 0.00000E+00 0.00000E+00 0.00000E+00
  2.80000E+00 0.00000E+00 0.00000E+00 0.00000E+00
  3.00000E+00 0.00000E+00 0.00000E+00 0.00000E+00
  3.20000E+00 0.00000E+00 0.00000E+00 0.00000E+00
  3.40000E+00 0.00000E+00 0.00000E+00 0.00000E+00
  3.60000E+00 0.00000E+00 0.00000E+00 0.00000E+00
  3.80000E+00 0.00000E+00 0.00000E+00 0.00000E+00
  4.00000E+00 0.00000E+00 0.00000E+00 0.00000E+00
  4.20000E+00 0.00000E+00 0.00000E+00 0.00000E+00
  4.40000E+00 0.00000E+00 0.00000E+00 0.00000E+00
  4.60000E+00 0.00000E+00 0.00000E+00 0.00000E+00
  4.80000E+00 0.00000E+00 0.00000E+00 0.00000E+00
  5.00000E+00 0.00000E+00 0.00000E+00 0.00000E+00
  5.50000E+00 0.00000E+00 0.00000E+00 0.00000E+00
  6.00000E+00 0.00000E+00 0.00000E+00 0.00000E+00
  6.50000E+00 0.00000E+00 0.00000E+00 0.00000E+00
  7.00000E+00 0.00000E+00 0.00000E+00 0.00000E+00
  7.50000E+00 0.00000E+00 0.00000E+00 0.00000E+00
  8.00000E+00 0.00000E+00 0.00000E+00 0.00000E+00
  8.50000E+00 0.00000E+00 0.00000E+00 0.00000E+00
  9.00000E+00 0.00000E+00 0.00000E+00 0.00000E+00
  9.50000E+00 0.00000E+00 0.00000E+00 0.00000E+00
  1.00000E+01 0.00000E+00 0.00000E+00 0.00000E+00
  1.10000E+01 0.00000E+00 0.00000E+00 0.00000E+00
  1.20000E+01 0.00000E+00 0.00000E+00 0.00000E+00
  1.30000E+01 0.00000E+00 0.00000E+00 0.00000E+00
  1.40000E+01 0.00000E+00 0.00000E+00 0.00000E+00
  1.50000E+01 0.00000E+00 0.00000E+00 0.00000E+00
  1.60000E+01 0.00000E+00 0.00000E+00 0.00000E+00
  1.70000E+01 0.00000E+00 0.00000E+00 0.00000E+00
  1.80000E+01 0.00000E+00 0.00000E+00 0.00000E+00
  1.90000E+01 0.00000E+00 0.00000E+00 0.00000E+00
  2.00000E+01 0.00000E+00 0.00000E+00 0.00000E+00
  2.20000E+01 0.00000E+00 0.00000E+00 0.00000E+00
  2.40000E+01 0.00000E+00 0.00000E+00 0.00000E+00
  2.60000E+01 0.00000E+00 0.00000E+00 0.00000E+00
  2.80000E+01 0.00000E+00 0.00000E+00 0.00000E+00
  3.00000E+01 5.88076E-05 4.89682E-05 3.99193E-05

     Emitted particles     reaction
   n   p   d   t   h   a
   1   0   0   0   0   1       (n,na)           

 Q-value    =   0.516717
 E-threshold=   0.000000

 Energy   Cross section Gamma c.s. c.s./res.prod.cs

  1.00000E+00 1.00000E-07 1.00000E-07 0.00000E+00
  1.20000E+00 1.00000E-07 1.00000E-07 0.00000E+00
  1.40000E+00 1.00000E-07 1.00000E-07 0.00000E+00
  1.60000E+00 1.00000E-07 1.00000E-07 0.00000E+00
  1.80000E+00 1.00000E-07 1.00000E-07 0.00000E+00
  2.00000E+00 1.00000E-07 1.00000E-07 0.00000E+00
  2.20000E+00 1.00000E-07 1.00000E-07 0.00000E+00
  2.40000E+00 1.00000E-07 1.00000E-07 0.00000E+00
  2.60000E+00 1.00000E-07 1.00000E-07 0.00000E+00
  2.80000E+00 1.00000E-07 1.00000E-07 0.00000E+00
  3.00000E+00 1.00000E-07 1.00000E-07 0.00000E+00
  3.20000E+00 1.00000E-07 1.00000E-07 0.00000E+00
  3.40000E+00 1.00000E-07 1.00000E-07 0.00000E+00
  3.60000E+00 1.00000E-07 1.00000E-07 0.00000E+00
  3.80000E+00 1.00000E-07 1.00000E-07 0.00000E+00
  4.00000E+00 1.00000E-07 1.00000E-07 0.00000E+00
  4.20000E+00 1.00000E-07 1.00000E-07 0.00000E+00
  4.40000E+00 1.00000E-07 1.00000E-07 0.00000E+00
  4.60000E+00 1.00000E-07 1.00000E-07 0.00000E+00
  4.80000E+00 1.00000E-07 1.00000E-07 0.00000E+00
  5.00000E+00 1.00000E-07 1.00000E-07 0.00000E+00
  5.50000E+00 1.00000E-07 1.00000E-07 0.00000E+00
  6.00000E+00 1.00000E-07 1.00000E-07 0.00000E+00
  6.50000E+00 1.00000E-07 1.00000E-07 0.00000E+00
  7.00000E+00 1.00000E-07 1.00000E-07 0.00000E+00
  7.50000E+00 1.00000E-07 1.00000E-07 0.00000E+00
  8.00000E+00 1.00000E-07 1.00000E-07 0.00000E+00
  8.50000E+00 1.00000E-07 1.00000E-07 0.00000E+00
  9.00000E+00 1.00000E-07 1.00000E-07 0.00000E+00
  9.50000E+00 1.00000E-07 1.00000E-07 0.00000E+00
  1.00000E+01 1.00000E-07 1.00000E-07 0.00000E+00
  1.10000E+01 1.00000E-07 1.00000E-07 0.00000E+00
  1.20000E+01 2.56174E-06 4.23186E-09 0.00000E+00
  1.30000E+01 2.57033E-05 1.62657E-07 0.00000E+00
  1.40000E+01 1.27330E-04 1.43133E-06 0.00000E+00
  1.50000E+01 1.85359E-03 2.11542E-03 9.99995E-01
  1.60000E+01 6.37722E-03 8.44609E-03 9.99992E-01
  1.70000E+01 1.77916E-02 2.73569E-02 9.99990E-01
  1.80000E+01 4.83922E-02 8.27823E-02 9.99988E-01
  1.90000E+01 1.14478E-01 2.12068E-01 9.99987E-01
  2.00000E+01 2.43559E-01 4.93632E-01 9.99986E-01
  2.20000E+01 8.69617E-01 2.12142E+00 9.99987E-01
  2.40000E+01 2.20914E+00 6.39926E+00 9.99987E-01
  2.60000E+01 4.06712E+00 1.35371E+01 9.99986E-01
  2.80000E+01 5.00911E+00 1.84805E+01 9.99982E-01
  3.00000E+01 5.31672E+00 2.10519E+01 9.99975E-01

     Emitted particles     reaction
   n   p   d   t   h   a
   0   0   0   0   0   2       (n,2a)           

 Q-value    =   5.213685
 E-threshold=   0.000000

 Energy   Cross section Gamma c.s. c.s./res.prod.cs

  1.00000E+00 1.00000E-07 1.00000E-07 0.00000E+00
  1.20000E+00 1.00000E-07 1.00000E-07 0.00000E+00
  1.40000E+00 1.00000E-07 1.00000E-07 0.00000E+00
  1.60000E+00 1.00000E-07 1.00000E-07 0.00000E+00
  1.80000E+00 1.00000E-07 1.00000E-07 0.00000E+00
  2.00000E+00 1.00000E-07 1.00000E-07 0.00000E+00
  2.20000E+00 1.00000E-07 1.00000E-07 0.00000E+00
  2.40000E+00 1.00000E-07 1.00000E-07 0.00000E+00
  2.60000E+00 1.00000E-07 1.00000E-07 0.00000E+00
  2.80000E+00 1.00000E-07 1.00000E-07 0.00000E+00
  3.00000E+00 1.00000E-07 1.00000E-07 0.00000E+00
  3.20000E+00 1.00000E-07 1.00000E-07 0.00000E+00
  3.40000E+00 1.00000E-07 1.00000E-07 0.00000E+00
  3.60000E+00 1.00000E-07 1.00000E-07 0.00000E+00
  3.80000E+00 1.00000E-07 1.00000E-07 0.00000E+00
  4.00000E+00 1.00000E-07 1.00000E-07 0.00000E+00
  4.20000E+00 1.00000E-07 1.00000E-07 0.00000E+00
  4.40000E+00 1.00000E-07 1.00000E-07 0.00000E+00
  4.60000E+00 1.00000E-07 1.00000E-07 0.00000E+00
  4.80000E+00 1.00000E-07 1.00000E-07 0.00000E+00
  5.00000E+00 1.00000E-07 1.00000E-07 0.00000E+00
  5.50000E+00 1.00000E-07 1.00000E-07 0.00000E+00
  6.00000E+00 1.00000E-07 1.00000E-07 0.00000E+00
  6.50000E+00 1.00000E-07 1.00000E-07 0.00000E+00
  7.00000E+00 1.00000E-07 1.00000E-07 0.00000E+00
  7.50000E+00 1.00000E-07 1.00000E-07 0.00000E+00
  8.00000E+00 1.00000E-07 1.00000E-07 0.00000E+00
  8.50000E+00 1.00000E-07 1.00000E-07 0.00000E+00
  9.00000E+00 1.00000E-07 1.00000E-07 0.00000E+00
  9.50000E+00 1.00000E-07 1.00000E-07 0.00000E+00
  1.00000E+01 1.00000E-07 1.00000E-07 0.00000E+00
  1.10000E+01 1.00000E-07 1.00000E-07 0.00000E+00
  1.20000E+01 1.00000E-07 1.00000E-07 0.00000E+00
  1.30000E+01 1.00000E-07 1.00000E-07 0.00000E+00
  1.40000E+01 1.00000E-07 1.00000E-07 0.00000E+00
  1.50000E+01 1.00000E-07 1.00000E-07 0.00000E+00
  1.60000E+01 1.00000E-07 1.00000E-07 0.00000E+00
  1.70000E+01 1.00000E-07 1.00000E-07 0.00000E+00
  1.80000E+01 1.00000E-07 1.00000E-07 0.00000E+00
  1.90000E+01 1.00000E-07 1.00000E-07 0.00000E+00
  2.00000E+01 1.00000E-07 1.00000E-07 0.00000E+00
  2.20000E+01 1.00000E-07 1.00000E-07 0.00000E+00
  2.40000E+01 1.00000E-07 1.00000E-07 0.00000E+00
  2.60000E+01 1.00000E-07 1.00000E-07 0.00000E+00
  2.80000E+01 1.00000E-07 1.00000E-07 0.00000E+00
  3.00000E+01 1.00000E-07 1.00000E-07 0.00000E+00

     Emitted particles     reaction
   n   p   d   t   h   a
   3   0   0   0   0   0       (n,3n)           

 Q-value    = -14.105658
 E-threshold=  14.174069

 Energy   Cross section Gamma c.s. c.s./res.prod.cs

  1.00000E+00 0.00000E+00 0.00000E+00 0.00000E+00
  1.20000E+00 0.00000E+00 0.00000E+00 0.00000E+00
  1.40000E+00 0.00000E+00 0.00000E+00 0.00000E+00
  1.60000E+00 0.00000E+00 0.00000E+00 0.00000E+00
  1.80000E+00 0.00000E+00 0.00000E+00 0.00000E+00
  2.00000E+00 0.00000E+00 0.00000E+00 0.00000E+00
  2.20000E+00 0.00000E+00 0.00000E+00 0.00000E+00
  2.40000E+00 0.00000E+00 0.00000E+00 0.00000E+00
  2.60000E+00 0.00000E+00 0.00000E+00 0.00000E+00
  2.80000E+00 0.00000E+00 0.00000E+00 0.00000E+00
  3.00000E+00 0.00000E+00 0.00000E+00 0.00000E+00
  3.20000E+00 0.00000E+00 0.00000E+00 0.00000E+00
  3.40000E+00 0.00000E+00 0.00000E+00 0.00000E+00
  3.60000E+00 0.00000E+00 0.00000E+00 0.00000E+00
  3.80000E+00 0.00000E+00 0.00000E+00 0.00000E+00
  4.00000E+00 0.00000E+00 0.00000E+00 0.00000E+00
  4.20000E+00 0.00000E+00 0.00000E+00 0.00000E+00
  4.40000E+00 0.00000E+00 0.00000E+00 0.00000E+00
  4.60000E+00 0.00000E+00 0.00000E+00 0.00000E+00
  4.80000E+00 0.00000E+00 0.00000E+00 0.00000E+00
  5.00000E+00 0.00000E+00 0.00000E+00 0.00000E+00
  5.50000E+00 0.00000E+00 0.00000E+00 0.00000E+00
  6.00000E+00 0.00000E+00 0.00000E+00 0.00000E+00
  6.50000E+00 0.00000E+00 0.00000E+00 0.00000E+00
  7.00000E+00 0.00000E+00 0.00000E+00 0.00000E+00
  7.50000E+00 0.00000E+00 0.00000E+00 0.00000E+00
  8.00000E+00 0.00000E+00 0.00000E+00 0.00000E+00
  8.50000E+00 0.00000E+00 0.00000E+00 0.00000E+00
  9.00000E+00 0.00000E+00 0.00000E+00 0.00000E+00
  9.50000E+00 0.00000E+00 0.00000E+00 0.00000E+00
  1.00000E+01 0.00000E+00 0.00000E+00 0.00000E+00
  1.10000E+01 0.00000E+00 0.00000E+00 0.00000E+00
  1.20000E+01 0.00000E+00 0.00000E+00 0.00000E+00
  1.30000E+01 0.00000E+00 0.00000E+00 0.00000E+00
  1.40000E+01 0.00000E+00 0.00000E+00 0.00000E+00
  1.50000E+01 4.58606E+00 3.92419E-03 1.00000E+00
  1.60000E+01 5.97745E+01 1.44376E+01 9.99998E-01
  1.70000E+01 2.22418E+02 1.83430E+02 9.99992E-01
  1.80000E+01 5.11099E+02 8.15258E+02 9.99984E-01
  1.90000E+01 8.66700E+02 1.98676E+03 9.99969E-01
  2.00000E+01 1.19607E+03 3.42535E+03 9.99947E-01
  2.20000E+01 1.61738E+03 6.02636E+03 9.99885E-01
  2.40000E+01 1.77656E+03 7.76240E+03 9.99809E-01
  2.60000E+01 1.69664E+03 8.20231E+03 9.99717E-01
  2.80000E+01 1.32763E+03 6.71439E+03 9.99530E-01
  3.00000E+01 9.05651E+02 4.56078E+03 9.99086E-01

     Emitted particles     reaction
   n   p   d   t   h   a
   2   1   0   0   0   0       (n,2np)          

 Q-value    = -14.855517
 E-threshold=  14.927565

 Energy   Cross section Gamma c.s. c.s./res.prod.cs

  1.00000E+00 0.00000E+00 0.00000E+00 0.00000E+00
  1.20000E+00 0.00000E+00 0.00000E+00 0.00000E+00
  1.40000E+00 0.00000E+00 0.00000E+00 0.00000E+00
  1.60000E+00 0.00000E+00 0.00000E+00 0.00000E+00
  1.80000E+00 0.00000E+00 0.00000E+00 0.00000E+00
  2.00000E+00 0.00000E+00 0.00000E+00 0.00000E+00
  2.20000E+00 0.00000E+00 0.00000E+00 0.00000E+00
  2.40000E+00 0.00000E+00 0.00000E+00 0.00000E+00
  2.60000E+00 0.00000E+00 0.00000E+00 0.00000E+00
  2.80000E+00 0.00000E+00 0.00000E+00 0.00000E+00
  3.00000E+00 0.00000E+00 0.00000E+00 0.00000E+00
  3.20000E+00 0.00000E+00 0.00000E+00 0.00000E+00
  3.40000E+00 0.00000E+00 0.00000E+00 0.00000E+00
  3.60000E+00 0.00000E+00 0.00000E+00 0.00000E+00
  3.80000E+00 0.00000E+00 0.00000E+00 0.00000E+00
  4.00000E+00 0.00000E+00 0.00000E+00 0.00000E+00
  4.20000E+00 0.00000E+00 0.00000E+00 0.00000E+00
  4.40000E+00 0.00000E+00 0.00000E+00 0.00000E+00
  4.60000E+00 0.00000E+00 0.00000E+00 0.00000E+00
  4.80000E+00 0.00000E+00 0.00000E+00 0.00000E+00
  5.00000E+00 0.00000E+00 0.00000E+00 0.00000E+00
  5.50000E+00 0.00000E+00 0.00000E+00 0.00000E+00
  6.00000E+00 0.00000E+00 0.00000E+00 0.00000E+00
  6.50000E+00 0.00000E+00 0.00000E+00 0.00000E+00
  7.00000E+00 0.00000E+00 0.00000E+00 0.00000E+00
  7.50000E+00 0.00000E+00 0.00000E+00 0.00000E+00
  8.00000E+00 0.00000E+00 0.00000E+00 0.00000E+00
  8.50000E+00 0.00000E+00 0.00000E+00 0.00000E+00
  9.00000E+00 0.00000E+00 0.00000E+00 0.00000E+00
  9.50000E+00 0.00000E+00 0.00000E+00 0.00000E+00
  1.00000E+01 0.00000E+00 0.00000E+00 0.00000E+00
  1.10000E+01 0.00000E+00 0.00000E+00 0.00000E+00
  1.20000E+01 0.00000E+00 0.00000E+00 0.00000E+00
  1.30000E+01 0.00000E+00 0.00000E+00 0.00000E+00
  1.40000E+01 0.00000E+00 0.00000E+00 0.00000E+00
  1.50000E+01 0.00000E+00 0.00000E+00 0.00000E+00
  1.60000E+01 0.00000E+00 0.00000E+00 0.00000E+00
  1.70000E+01 0.00000E+00 0.00000E+00 0.00000E+00
  1.80000E+01 0.00000E+00 0.00000E+00 0.00000E+00
  1.90000E+01 6.19892E-07 2.30625E-07 1.67280E-06
  2.00000E+01 5.62640E-05 3.95142E-05 7.80118E-05
  2.20000E+01 6.41747E-03 5.71859E-03 3.61753E-03
  2.40000E+01 1.17015E-01 1.26294E-01 3.60486E-02
  2.60000E+01 7.85988E-01 9.87955E-01 1.45386E-01
  2.80000E+01 3.04851E+00 4.47853E+00 3.28427E-01
  3.00000E+01 8.65956E+00 1.47077E+01 5.16304E-01

     Emitted particles     reaction
   n   p   d   t   h   a
   1   2   0   0   0   0       (n,n2p)          

 Q-value    = -15.380729
 E-threshold=  15.455324

 Energy   Cross section Gamma c.s. c.s./res.prod.cs

  1.00000E+00 0.00000E+00 0.00000E+00 0.00000E+00
  1.20000E+00 0.00000E+00 0.00000E+00 0.00000E+00
  1.40000E+00 0.00000E+00 0.00000E+00 0.00000E+00
  1.60000E+00 0.00000E+00 0.00000E+00 0.00000E+00
  1.80000E+00 0.00000E+00 0.00000E+00 0.00000E+00
  2.00000E+00 0.00000E+00 0.00000E+00 0.00000E+00
  2.20000E+00 0.00000E+00 0.00000E+00 0.00000E+00
  2.40000E+00 0.00000E+00 0.00000E+00 0.00000E+00
  2.60000E+00 0.00000E+00 0.00000E+00 0.00000E+00
  2.80000E+00 0.00000E+00 0.00000E+00 0.00000E+00
  3.00000E+00 0.00000E+00 0.00000E+00 0.00000E+00
  3.20000E+00 0.00000E+00 0.00000E+00 0.00000E+00
  3.40000E+00 0.00000E+00 0.00000E+00 0.00000E+00
  3.60000E+00 0.00000E+00 0.00000E+00 0.00000E+00
  3.80000E+00 0.00000E+00 0.00000E+00 0.00000E+00
  4.00000E+00 0.00000E+00 0.00000E+00 0.00000E+00
  4.20000E+00 0.00000E+00 0.00000E+00 0.00000E+00
  4.40000E+00 0.00000E+00 0.00000E+00 0.00000E+00
  4.60000E+00 0.00000E+00 0.00000E+00 0.00000E+00
  4.80000E+00 0.00000E+00 0.00000E+00 0.00000E+00
  5.00000E+00 0.00000E+00 0.00000E+00 0.00000E+00
  5.50000E+00 0.00000E+00 0.00000E+00 0.00000E+00
  6.00000E+00 0.00000E+00 0.00000E+00 0.00000E+00
  6.50000E+00 0.00000E+00 0.00000E+00 0.00000E+00
  7.00000E+00 0.00000E+00 0.00000E+00 0.00000E+00
  7.50000E+00 0.00000E+00 0.00000E+00 0.00000E+00
  8.00000E+00 0.00000E+00 0.00000E+00 0.00000E+00
  8.50000E+00 0.00000E+00 0.00000E+00 0.00000E+00
  9.00000E+00 0.00000E+00 0.00000E+00 0.00000E+00
  9.50000E+00 0.00000E+00 0.00000E+00 0.00000E+00
  1.00000E+01 0.00000E+00 0.00000E+00 0.00000E+00
  1.10000E+01 0.00000E+00 0.00000E+00 0.00000E+00
  1.20000E+01 0.00000E+00 0.00000E+00 0.00000E+00
  1.30000E+01 0.00000E+00 0.00000E+00 0.00000E+00
  1.40000E+01 0.00000E+00 0.00000E+00 0.00000E+00
  1.50000E+01 0.00000E+00 0.00000E+00 0.00000E+00
  1.60000E+01 0.00000E+00 0.00000E+00 0.00000E+00
  1.70000E+01 0.00000E+00 0.00000E+00 0.00000E+00
  1.80000E+01 0.00000E+00 0.00000E+00 0.00000E+00
  1.90000E+01 0.00000E+00 0.00000E+00 0.00000E+00
  2.00000E+01 0.00000E+00 0.00000E+00 0.00000E+00
  2.20000E+01 0.00000E+00 0.00000E+00 0.00000E+00
  2.40000E+01 0.00000E+00 0.00000E+00 0.00000E+00
  2.60000E+01 0.00000E+00 0.00000E+00 0.00000E+00
  2.80000E+01 0.00000E+00 0.00000E+00 0.00000E+00
  3.00000E+01 1.01942E-07 3.16820E-08 1.11750E-05

     Emitted particles     reaction
   n   p   d   t   h   a
   2   0   1   0   0   0       (n,2nd)          

 Q-value    = -19.134759
 E-threshold=  19.227560

 Energy   Cross section Gamma c.s. c.s./res.prod.cs

  1.00000E+00 0.00000E+00 0.00000E+00 0.00000E+00
  1.20000E+00 0.00000E+00 0.00000E+00 0.00000E+00
  1.40000E+00 0.00000E+00 0.00000E+00 0.00000E+00
  1.60000E+00 0.00000E+00 0.00000E+00 0.00000E+00
  1.80000E+00 0.00000E+00 0.00000E+00 0.00000E+00
  2.00000E+00 0.00000E+00 0.00000E+00 0.00000E+00
  2.20000E+00 0.00000E+00 0.00000E+00 0.00000E+00
  2.40000E+00 0.00000E+00 0.00000E+00 0.00000E+00
  2.60000E+00 0.00000E+00 0.00000E+00 0.00000E+00
  2.80000E+00 0.00000E+00 0.00000E+00 0.00000E+00
  3.00000E+00 0.00000E+00 0.00000E+00 0.00000E+00
  3.20000E+00 0.00000E+00 0.00000E+00 0.00000E+00
  3.40000E+00 0.00000E+00 0.00000E+00 0.00000E+00
  3.60000E+00 0.00000E+00 0.00000E+00 0.00000E+00
  3.80000E+00 0.00000E+00 0.00000E+00 0.00000E+00
  4.00000E+00 0.00000E+00 0.00000E+00 0.00000E+00
  4.20000E+00 0.00000E+00 0.00000E+00 0.00000E+00
  4.40000E+00 0.00000E+00 0.00000E+00 0.00000E+00
  4.60000E+00 0.00000E+00 0.00000E+00 0.00000E+00
  4.80000E+00 0.00000E+00 0.00000E+00 0.00000E+00
  5.00000E+00 0.00000E+00 0.00000E+00 0.00000E+00
  5.50000E+00 0.00000E+00 0.00000E+00 0.00000E+00
  6.00000E+00 0.00000E+00 0.00000E+00 0.00000E+00
  6.50000E+00 0.00000E+00 0.00000E+00 0.00000E+00
  7.00000E+00 0.00000E+00 0.00000E+00 0.00000E+00
  7.50000E+00 0.00000E+00 0.00000E+00 0.00000E+00
  8.00000E+00 0.00000E+00 0.00000E+00 0.00000E+00
  8.50000E+00 0.00000E+00 0.00000E+00 0.00000E+00
  9.00000E+00 0.00000E+00 0.00000E+00 0.00000E+00
  9.50000E+00 0.00000E+00 0.00000E+00 0.00000E+00
  1.00000E+01 0.00000E+00 0.00000E+00 0.00000E+00
  1.10000E+01 0.00000E+00 0.00000E+00 0.00000E+00
  1.20000E+01 0.00000E+00 0.00000E+00 0.00000E+00
  1.30000E+01 0.00000E+00 0.00000E+00 0.00000E+00
  1.40000E+01 0.00000E+00 0.00000E+00 0.00000E+00
  1.50000E+01 0.00000E+00 0.00000E+00 0.00000E+00
  1.60000E+01 0.00000E+00 0.00000E+00 0.00000E+00
  1.70000E+01 0.00000E+00 0.00000E+00 0.00000E+00
  1.80000E+01 0.00000E+00 0.00000E+00 0.00000E+00
  1.90000E+01 0.00000E+00 0.00000E+00 0.00000E+00
  2.00000E+01 0.00000E+00 0.00000E+00 0.00000E+00
  2.20000E+01 0.00000E+00 0.00000E+00 0.00000E+00
  2.40000E+01 0.00000E+00 0.00000E+00 0.00000E+00
  2.60000E+01 2.58198E-05 2.25603E-05 3.62352E-05
  2.80000E+01 2.10691E-03 2.74539E-03 1.17620E-03
  3.00000E+01 4.15667E-02 7.46528E-02 1.29007E-02

     Emitted particles     reaction
   n   p   d   t   h   a
   2   0   0   1   0   0       (n,2nt)          

 Q-value    = -20.423566
 E-threshold=  20.522618

 Energy   Cross section Gamma c.s. c.s./res.prod.cs

  1.00000E+00 0.00000E+00 0.00000E+00 0.00000E+00
  1.20000E+00 0.00000E+00 0.00000E+00 0.00000E+00
  1.40000E+00 0.00000E+00 0.00000E+00 0.00000E+00
  1.60000E+00 0.00000E+00 0.00000E+00 0.00000E+00
  1.80000E+00 0.00000E+00 0.00000E+00 0.00000E+00
  2.00000E+00 0.00000E+00 0.00000E+00 0.00000E+00
  2.20000E+00 0.00000E+00 0.00000E+00 0.00000E+00
  2.40000E+00 0.00000E+00 0.00000E+00 0.00000E+00
  2.60000E+00 0.00000E+00 0.00000E+00 0.00000E+00
  2.80000E+00 0.00000E+00 0.00000E+00 0.00000E+00
  3.00000E+00 0.00000E+00 0.00000E+00 0.00000E+00
  3.20000E+00 0.00000E+00 0.00000E+00 0.00000E+00
  3.40000E+00 0.00000E+00 0.00000E+00 0.00000E+00
  3.60000E+00 0.00000E+00 0.00000E+00 0.00000E+00
  3.80000E+00 0.00000E+00 0.00000E+00 0.00000E+00
  4.00000E+00 0.00000E+00 0.00000E+00 0.00000E+00
  4.20000E+00 0.00000E+00 0.00000E+00 0.00000E+00
  4.40000E+00 0.00000E+00 0.00000E+00 0.00000E+00
  4.60000E+00 0.00000E+00 0.00000E+00 0.00000E+00
  4.80000E+00 0.00000E+00 0.00000E+00 0.00000E+00
  5.00000E+00 0.00000E+00 0.00000E+00 0.00000E+00
  5.50000E+00 0.00000E+00 0.00000E+00 0.00000E+00
  6.00000E+00 0.00000E+00 0.00000E+00 0.00000E+00
  6.50000E+00 0.00000E+00 0.00000E+00 0.00000E+00
  7.00000E+00 0.00000E+00 0.00000E+00 0.00000E+00
  7.50000E+00 0.00000E+00 0.00000E+00 0.00000E+00
  8.00000E+00 0.00000E+00 0.00000E+00 0.00000E+00
  8.50000E+00 0.00000E+00 0.00000E+00 0.00000E+00
  9.00000E+00 0.00000E+00 0.00000E+00 0.00000E+00
  9.50000E+00 0.00000E+00 0.00000E+00 0.00000E+00
  1.00000E+01 0.00000E+00 0.00000E+00 0.00000E+00
  1.10000E+01 0.00000E+00 0.00000E+00 0.00000E+00
  1.20000E+01 0.00000E+00 0.00000E+00 0.00000E+00
  1.30000E+01 0.00000E+00 0.00000E+00 0.00000E+00
  1.40000E+01 0.00000E+00 0.00000E+00 0.00000E+00
  1.50000E+01 0.00000E+00 0.00000E+00 0.00000E+00
  1.60000E+01 0.00000E+00 0.00000E+00 0.00000E+00
  1.70000E+01 0.00000E+00 0.00000E+00 0.00000E+00
  1.80000E+01 0.00000E+00 0.00000E+00 0.00000E+00
  1.90000E+01 0.00000E+00 0.00000E+00 0.00000E+00
  2.00000E+01 0.00000E+00 0.00000E+00 0.00000E+00
  2.20000E+01 0.00000E+00 0.00000E+00 0.00000E+00
  2.40000E+01 0.00000E+00 0.00000E+00 0.00000E+00
  2.60000E+01 0.00000E+00 0.00000E+00 0.00000E+00
  2.80000E+01 1.21298E-05 8.08799E-09 0.00000E+00
  3.00000E+01 5.65190E-03 1.10678E-02 1.00000E+00

     Emitted particles     reaction
   n   p   d   t   h   a
   2   0   0   0   0   1       (n,2na)          

 Q-value    =  -6.975550
 E-threshold=   7.009380

 Energy   Cross section Gamma c.s. c.s./res.prod.cs

  1.00000E+00 0.00000E+00 0.00000E+00 0.00000E+00
  1.20000E+00 0.00000E+00 0.00000E+00 0.00000E+00
  1.40000E+00 0.00000E+00 0.00000E+00 0.00000E+00
  1.60000E+00 0.00000E+00 0.00000E+00 0.00000E+00
  1.80000E+00 0.00000E+00 0.00000E+00 0.00000E+00
  2.00000E+00 0.00000E+00 0.00000E+00 0.00000E+00
  2.20000E+00 0.00000E+00 0.00000E+00 0.00000E+00
  2.40000E+00 0.00000E+00 0.00000E+00 0.00000E+00
  2.60000E+00 0.00000E+00 0.00000E+00 0.00000E+00
  2.80000E+00 0.00000E+00 0.00000E+00 0.00000E+00
  3.00000E+00 0.00000E+00 0.00000E+00 0.00000E+00
  3.20000E+00 0.00000E+00 0.00000E+00 0.00000E+00
  3.40000E+00 0.00000E+00 0.00000E+00 0.00000E+00
  3.60000E+00 0.00000E+00 0.00000E+00 0.00000E+00
  3.80000E+00 0.00000E+00 0.00000E+00 0.00000E+00
  4.00000E+00 0.00000E+00 0.00000E+00 0.00000E+00
  4.20000E+00 0.00000E+00 0.00000E+00 0.00000E+00
  4.40000E+00 0.00000E+00 0.00000E+00 0.00000E+00
  4.60000E+00 0.00000E+00 0.00000E+00 0.00000E+00
  4.80000E+00 0.00000E+00 0.00000E+00 0.00000E+00
  5.00000E+00 0.00000E+00 0.00000E+00 0.00000E+00
  5.50000E+00 0.00000E+00 0.00000E+00 0.00000E+00
  6.00000E+00 0.00000E+00 0.00000E+00 0.00000E+00
  6.50000E+00 0.00000E+00 0.00000E+00 0.00000E+00
  7.00000E+00 0.00000E+00 0.00000E+00 0.00000E+00
  7.50000E+00 0.00000E+00 0.00000E+00 0.00000E+00
  8.00000E+00 0.00000E+00 0.00000E+00 0.00000E+00
  8.50000E+00 0.00000E+00 0.00000E+00 0.00000E+00
  9.00000E+00 0.00000E+00 0.00000E+00 0.00000E+00
  9.50000E+00 0.00000E+00 0.00000E+00 0.00000E+00
  1.00000E+01 0.00000E+00 0.00000E+00 0.00000E+00
  1.10000E+01 0.00000E+00 0.00000E+00 0.00000E+00
  1.20000E+01 0.00000E+00 0.00000E+00 0.00000E+00
  1.30000E+01 0.00000E+00 0.00000E+00 0.00000E+00
  1.40000E+01 0.00000E+00 0.00000E+00 0.00000E+00
  1.50000E+01 0.00000E+00 0.00000E+00 0.00000E+00
  1.60000E+01 0.00000E+00 0.00000E+00 0.00000E+00
  1.70000E+01 0.00000E+00 0.00000E+00 0.00000E+00
  1.80000E+01 0.00000E+00 0.00000E+00 0.00000E+00
  1.90000E+01 0.00000E+00 0.00000E+00 0.00000E+00
  2.00000E+01 8.35995E-06 1.79584E-08 0.00000E+00
  2.20000E+01 1.29654E-03 1.45223E-03 9.99998E-01
  2.40000E+01 2.16319E-02 3.26391E-02 9.99996E-01
  2.60000E+01 1.54124E-01 3.12713E-01 9.99994E-01
  2.80000E+01 7.25561E-01 1.63756E+00 9.99990E-01
  3.00000E+01 1.88298E+00 4.93704E+00 9.99986E-01

     Emitted particles     reaction
   n   p   d   t   h   a
   1   0   0   0   0   2       (n,n2a)          

 Q-value    =   0.000836
 E-threshold=   0.000000

 Energy   Cross section Gamma c.s. c.s./res.prod.cs

  1.00000E+00 1.00000E-07 1.00000E-07 0.00000E+00
  1.20000E+00 1.00000E-07 1.00000E-07 0.00000E+00
  1.40000E+00 1.00000E-07 1.00000E-07 0.00000E+00
  1.60000E+00 1.00000E-07 1.00000E-07 0.00000E+00
  1.80000E+00 1.00000E-07 1.00000E-07 0.00000E+00
  2.00000E+00 1.00000E-07 1.00000E-07 0.00000E+00
  2.20000E+00 1.00000E-07 1.00000E-07 0.00000E+00
  2.40000E+00 1.00000E-07 1.00000E-07 0.00000E+00
  2.60000E+00 1.00000E-07 1.00000E-07 0.00000E+00
  2.80000E+00 1.00000E-07 1.00000E-07 0.00000E+00
  3.00000E+00 1.00000E-07 1.00000E-07 0.00000E+00
  3.20000E+00 1.00000E-07 1.00000E-07 0.00000E+00
  3.40000E+00 1.00000E-07 1.00000E-07 0.00000E+00
  3.60000E+00 1.00000E-07 1.00000E-07 0.00000E+00
  3.80000E+00 1.00000E-07 1.00000E-07 0.00000E+00
  4.00000E+00 1.00000E-07 1.00000E-07 0.00000E+00
  4.20000E+00 1.00000E-07 1.00000E-07 0.00000E+00
  4.40000E+00 1.00000E-07 1.00000E-07 0.00000E+00
  4.60000E+00 1.00000E-07 1.00000E-07 0.00000E+00
  4.80000E+00 1.00000E-07 1.00000E-07 0.00000E+00
  5.00000E+00 1.00000E-07 1.00000E-07 0.00000E+00
  5.50000E+00 1.00000E-07 1.00000E-07 0.00000E+00
  6.00000E+00 1.00000E-07 1.00000E-07 0.00000E+00
  6.50000E+00 1.00000E-07 1.00000E-07 0.00000E+00
  7.00000E+00 1.00000E-07 1.00000E-07 0.00000E+00
  7.50000E+00 1.00000E-07 1.00000E-07 0.00000E+00
  8.00000E+00 1.00000E-07 1.00000E-07 0.00000E+00
  8.50000E+00 1.00000E-07 1.00000E-07 0.00000E+00
  9.00000E+00 1.00000E-07 1.00000E-07 0.00000E+00
  9.50000E+00 1.00000E-07 1.00000E-07 0.00000E+00
  1.00000E+01 1.00000E-07 1.00000E-07 0.00000E+00
  1.10000E+01 1.00000E-07 1.00000E-07 0.00000E+00
  1.20000E+01 1.00000E-07 1.00000E-07 0.00000E+00
  1.30000E+01 1.00000E-07 1.00000E-07 0.00000E+00
  1.40000E+01 1.00000E-07 1.00000E-07 0.00000E+00
  1.50000E+01 1.00000E-07 1.00000E-07 0.00000E+00
  1.60000E+01 1.00000E-07 1.00000E-07 0.00000E+00
  1.70000E+01 1.00000E-07 1.00000E-07 0.00000E+00
  1.80000E+01 1.00000E-07 1.00000E-07 0.00000E+00
  1.90000E+01 1.00000E-07 1.00000E-07 0.00000E+00
  2.00000E+01 1.00000E-07 1.00000E-07 0.00000E+00
  2.20000E+01 1.00000E-07 1.00000E-07 0.00000E+00
  2.40000E+01 1.00000E-07 1.00000E-07 0.00000E+00
  2.60000E+01 1.00000E-07 1.00000E-07 0.00000E+00
  2.80000E+01 1.00000E-07 1.00000E-07 0.00000E+00
  3.00000E+01 1.00000E-07 1.00000E-07 0.00000E+00

     Emitted particles     reaction
   n   p   d   t   h   a
   0   0   0   0   0   3       (n,3a)           

 Q-value    =   4.128069
 E-threshold=   0.000000

 Energy   Cross section Gamma c.s. c.s./res.prod.cs

  1.00000E+00 1.00000E-07 1.00000E-07 0.00000E+00
  1.20000E+00 1.00000E-07 1.00000E-07 0.00000E+00
  1.40000E+00 1.00000E-07 1.00000E-07 0.00000E+00
  1.60000E+00 1.00000E-07 1.00000E-07 0.00000E+00
  1.80000E+00 1.00000E-07 1.00000E-07 0.00000E+00
  2.00000E+00 1.00000E-07 1.00000E-07 0.00000E+00
  2.20000E+00 1.00000E-07 1.00000E-07 0.00000E+00
  2.40000E+00 1.00000E-07 1.00000E-07 0.00000E+00
  2.60000E+00 1.00000E-07 1.00000E-07 0.00000E+00
  2.80000E+00 1.00000E-07 1.00000E-07 0.00000E+00
  3.00000E+00 1.00000E-07 1.00000E-07 0.00000E+00
  3.20000E+00 1.00000E-07 1.00000E-07 0.00000E+00
  3.40000E+00 1.00000E-07 1.00000E-07 0.00000E+00
  3.60000E+00 1.00000E-07 1.00000E-07 0.00000E+00
  3.80000E+00 1.00000E-07 1.00000E-07 0.00000E+00
  4.00000E+00 1.00000E-07 1.00000E-07 0.00000E+00
  4.20000E+00 1.00000E-07 1.00000E-07 0.00000E+00
  4.40000E+00 1.00000E-07 1.00000E-07 0.00000E+00
  4.60000E+00 1.00000E-07 1.00000E-07 0.00000E+00
  4.80000E+00 1.00000E-07 1.00000E-07 0.00000E+00
  5.00000E+00 1.00000E-07 1.00000E-07 0.00000E+00
  5.50000E+00 1.00000E-07 1.00000E-07 0.00000E+00
  6.00000E+00 1.00000E-07 1.00000E-07 0.00000E+00
  6.50000E+00 1.00000E-07 1.00000E-07 0.00000E+00
  7.00000E+00 1.00000E-07 1.00000E-07 0.00000E+00
  7.50000E+00 1.00000E-07 1.00000E-07 0.00000E+00
  8.00000E+00 1.00000E-07 1.00000E-07 0.00000E+00
  8.50000E+00 1.00000E-07 1.00000E-07 0.00000E+00
  9.00000E+00 1.00000E-07 1.00000E-07 0.00000E+00
  9.50000E+00 1.00000E-07 1.00000E-07 0.00000E+00
  1.00000E+01 1.00000E-07 1.00000E-07 0.00000E+00
  1.10000E+01 1.00000E-07 1.00000E-07 0.00000E+00
  1.20000E+01 1.00000E-07 1.00000E-07 0.00000E+00
  1.30000E+01 1.00000E-07 1.00000E-07 0.00000E+00
  1.40000E+01 1.00000E-07 1.00000E-07 0.00000E+00
  1.50000E+01 1.00000E-07 1.00000E-07 0.00000E+00
  1.60000E+01 1.00000E-07 1.00000E-07 0.00000E+00
  1.70000E+01 1.00000E-07 1.00000E-07 0.00000E+00
  1.80000E+01 1.00000E-07 1.00000E-07 0.00000E+00
  1.90000E+01 1.00000E-07 1.00000E-07 0.00000E+00
  2.00000E+01 1.00000E-07 1.00000E-07 0.00000E+00
  2.20000E+01 1.00000E-07 1.00000E-07 0.00000E+00
  2.40000E+01 1.00000E-07 1.00000E-07 0.00000E+00
  2.60000E+01 1.00000E-07 1.00000E-07 0.00000E+00
  2.80000E+01 1.00000E-07 1.00000E-07 0.00000E+00
  3.00000E+01 1.00000E-07 1.00000E-07 0.00000E+00

     Emitted particles     reaction
   n   p   d   t   h   a
   4   0   0   0   0   0       (n,4n)           

 Q-value    = -22.192324
 E-threshold=  22.299954

 Energy   Cross section Gamma c.s. c.s./res.prod.cs

  1.00000E+00 0.00000E+00 0.00000E+00 0.00000E+00
  1.20000E+00 0.00000E+00 0.00000E+00 0.00000E+00
  1.40000E+00 0.00000E+00 0.00000E+00 0.00000E+00
  1.60000E+00 0.00000E+00 0.00000E+00 0.00000E+00
  1.80000E+00 0.00000E+00 0.00000E+00 0.00000E+00
  2.00000E+00 0.00000E+00 0.00000E+00 0.00000E+00
  2.20000E+00 0.00000E+00 0.00000E+00 0.00000E+00
  2.40000E+00 0.00000E+00 0.00000E+00 0.00000E+00
  2.60000E+00 0.00000E+00 0.00000E+00 0.00000E+00
  2.80000E+00 0.00000E+00 0.00000E+00 0.00000E+00
  3.00000E+00 0.00000E+00 0.00000E+00 0.00000E+00
  3.20000E+00 0.00000E+00 0.00000E+00 0.00000E+00
  3.40000E+00 0.00000E+00 0.00000E+00 0.00000E+00
  3.60000E+00 0.00000E+00 0.00000E+00 0.00000E+00
  3.80000E+00 0.00000E+00 0.00000E+00 0.00000E+00
  4.00000E+00 0.00000E+00 0.00000E+00 0.00000E+00
  4.20000E+00 0.00000E+00 0.00000E+00 0.00000E+00
  4.40000E+00 0.00000E+00 0.00000E+00 0.00000E+00
  4.60000E+00 0.00000E+00 0.00000E+00 0.00000E+00
  4.80000E+00 0.00000E+00 0.00000E+00 0.00000E+00
  5.00000E+00 0.00000E+00 0.00000E+00 0.00000E+00
  5.50000E+00 0.00000E+00 0.00000E+00 0.00000E+00
  6.00000E+00 0.00000E+00 0.00000E+00 0.00000E+00
  6.50000E+00 0.00000E+00 0.00000E+00 0.00000E+00
  7.00000E+00 0.00000E+00 0.00000E+00 0.00000E+00
  7.50000E+00 0.00000E+00 0.00000E+00 0.00000E+00
  8.00000E+00 0.00000E+00 0.00000E+00 0.00000E+00
  8.50000E+00 0.00000E+00 0.00000E+00 0.00000E+00
  9.00000E+00 0.00000E+00 0.00000E+00 0.00000E+00
  9.50000E+00 0.00000E+00 0.00000E+00 0.00000E+00
  1.00000E+01 0.00000E+00 0.00000E+00 0.00000E+00
  1.10000E+01 0.00000E+00 0.00000E+00 0.00000E+00
  1.20000E+01 0.00000E+00 0.00000E+00 0.00000E+00
  1.30000E+01 0.00000E+00 0.00000E+00 0.00000E+00
  1.40000E+01 0.00000E+00 0.00000E+00 0.00000E+00
  1.50000E+01 0.00000E+00 0.00000E+00 0.00000E+00
  1.60000E+01 0.00000E+00 0.00000E+00 0.00000E+00
  1.70000E+01 0.00000E+00 0.00000E+00 0.00000E+00
  1.80000E+01 0.00000E+00 0.00000E+00 0.00000E+00
  1.90000E+01 0.00000E+00 0.00000E+00 0.00000E+00
  2.00000E+01 0.00000E+00 0.00000E+00 0.00000E+00
  2.20000E+01 0.00000E+00 0.00000E+00 0.00000E+00
  2.40000E+01 5.72956E+00 2.22514E+00 9.99999E-01
  2.60000E+01 1.36973E+02 1.94936E+02 9.99995E-01
  2.80000E+01 5.24779E+02 1.17658E+03 9.99984E-01
  3.00000E+01 9.59585E+02 2.83294E+03 9.99962E-01

     Emitted particles     reaction
   n   p   d   t   h   a
   3   1   0   0   0   0       (n,3np)          

 Q-value    = -21.359331
 E-threshold=  21.462921

 Energy   Cross section Gamma c.s. c.s./res.prod.cs

  1.00000E+00 0.00000E+00 0.00000E+00 0.00000E+00
  1.20000E+00 0.00000E+00 0.00000E+00 0.00000E+00
  1.40000E+00 0.00000E+00 0.00000E+00 0.00000E+00
  1.60000E+00 0.00000E+00 0.00000E+00 0.00000E+00
  1.80000E+00 0.00000E+00 0.00000E+00 0.00000E+00
  2.00000E+00 0.00000E+00 0.00000E+00 0.00000E+00
  2.20000E+00 0.00000E+00 0.00000E+00 0.00000E+00
  2.40000E+00 0.00000E+00 0.00000E+00 0.00000E+00
  2.60000E+00 0.00000E+00 0.00000E+00 0.00000E+00
  2.80000E+00 0.00000E+00 0.00000E+00 0.00000E+00
  3.00000E+00 0.00000E+00 0.00000E+00 0.00000E+00
  3.20000E+00 0.00000E+00 0.00000E+00 0.00000E+00
  3.40000E+00 0.00000E+00 0.00000E+00 0.00000E+00
  3.60000E+00 0.00000E+00 0.00000E+00 0.00000E+00
  3.80000E+00 0.00000E+00 0.00000E+00 0.00000E+00
  4.00000E+00 0.00000E+00 0.00000E+00 0.00000E+00
  4.20000E+00 0.00000E+00 0.00000E+00 0.00000E+00
  4.40000E+00 0.00000E+00 0.00000E+00 0.00000E+00
  4.60000E+00 0.00000E+00 0.00000E+00 0.00000E+00
  4.80000E+00 0.00000E+00 0.00000E+00 0.00000E+00
  5.00000E+00 0.00000E+00 0.00000E+00 0.00000E+00
  5.50000E+00 0.00000E+00 0.00000E+00 0.00000E+00
  6.00000E+00 0.00000E+00 0.00000E+00 0.00000E+00
  6.50000E+00 0.00000E+00 0.00000E+00 0.00000E+00
  7.00000E+00 0.00000E+00 0.00000E+00 0.00000E+00
  7.50000E+00 0.00000E+00 0.00000E+00 0.00000E+00
  8.00000E+00 0.00000E+00 0.00000E+00 0.00000E+00
  8.50000E+00 0.00000E+00 0.00000E+00 0.00000E+00
  9.00000E+00 0.00000E+00 0.00000E+00 0.00000E+00
  9.50000E+00 0.00000E+00 0.00000E+00 0.00000E+00
  1.00000E+01 0.00000E+00 0.00000E+00 0.00000E+00
  1.10000E+01 0.00000E+00 0.00000E+00 0.00000E+00
  1.20000E+01 0.00000E+00 0.00000E+00 0.00000E+00
  1.30000E+01 0.00000E+00 0.00000E+00 0.00000E+00
  1.40000E+01 0.00000E+00 0.00000E+00 0.00000E+00
  1.50000E+01 0.00000E+00 0.00000E+00 0.00000E+00
  1.60000E+01 0.00000E+00 0.00000E+00 0.00000E+00
  1.70000E+01 0.00000E+00 0.00000E+00 0.00000E+00
  1.80000E+01 0.00000E+00 0.00000E+00 0.00000E+00
  1.90000E+01 0.00000E+00 0.00000E+00 0.00000E+00
  2.00000E+01 0.00000E+00 0.00000E+00 0.00000E+00
  2.20000E+01 0.00000E+00 0.00000E+00 0.00000E+00
  2.40000E+01 0.00000E+00 0.00000E+00 0.00000E+00
  2.60000E+01 1.76407E-06 1.09829E-06 2.47567E-06
  2.80000E+01 8.85794E-04 9.14284E-04 4.94500E-04
  3.00000E+01 3.27135E-02 5.24199E-02 1.01530E-02

     Emitted particles     reaction
   n   p   d   t   h   a
   3   0   0   0   0   1       (n,3na)          

 Q-value    = -12.970765
 E-threshold=  13.033671

 Energy   Cross section Gamma c.s. c.s./res.prod.cs

  1.00000E+00 0.00000E+00 0.00000E+00 0.00000E+00
  1.20000E+00 0.00000E+00 0.00000E+00 0.00000E+00
  1.40000E+00 0.00000E+00 0.00000E+00 0.00000E+00
  1.60000E+00 0.00000E+00 0.00000E+00 0.00000E+00
  1.80000E+00 0.00000E+00 0.00000E+00 0.00000E+00
  2.00000E+00 0.00000E+00 0.00000E+00 0.00000E+00
  2.20000E+00 0.00000E+00 0.00000E+00 0.00000E+00
  2.40000E+00 0.00000E+00 0.00000E+00 0.00000E+00
  2.60000E+00 0.00000E+00 0.00000E+00 0.00000E+00
  2.80000E+00 0.00000E+00 0.00000E+00 0.00000E+00
  3.00000E+00 0.00000E+00 0.00000E+00 0.00000E+00
  3.20000E+00 0.00000E+00 0.00000E+00 0.00000E+00
  3.40000E+00 0.00000E+00 0.00000E+00 0.00000E+00
  3.60000E+00 0.00000E+00 0.00000E+00 0.00000E+00
  3.80000E+00 0.00000E+00 0.00000E+00 0.00000E+00
  4.00000E+00 0.00000E+00 0.00000E+00 0.00000E+00
  4.20000E+00 0.00000E+00 0.00000E+00 0.00000E+00
  4.40000E+00 0.00000E+00 0.00000E+00 0.00000E+00
  4.60000E+00 0.00000E+00 0.00000E+00 0.00000E+00
  4.80000E+00 0.00000E+00 0.00000E+00 0.00000E+00
  5.00000E+00 0.00000E+00 0.00000E+00 0.00000E+00
  5.50000E+00 0.00000E+00 0.00000E+00 0.00000E+00
  6.00000E+00 0.00000E+00 0.00000E+00 0.00000E+00
  6.50000E+00 0.00000E+00 0.00000E+00 0.00000E+00
  7.00000E+00 0.00000E+00 0.00000E+00 0.00000E+00
  7.50000E+00 0.00000E+00 0.00000E+00 0.00000E+00
  8.00000E+00 0.00000E+00 0.00000E+00 0.00000E+00
  8.50000E+00 0.00000E+00 0.00000E+00 0.00000E+00
  9.00000E+00 0.00000E+00 0.00000E+00 0.00000E+00
  9.50000E+00 0.00000E+00 0.00000E+00 0.00000E+00
  1.00000E+01 0.00000E+00 0.00000E+00 0.00000E+00
  1.10000E+01 0.00000E+00 0.00000E+00 0.00000E+00
  1.20000E+01 0.00000E+00 0.00000E+00 0.00000E+00
  1.30000E+01 0.00000E+00 0.00000E+00 0.00000E+00
  1.40000E+01 0.00000E+00 0.00000E+00 0.00000E+00
  1.50000E+01 0.00000E+00 0.00000E+00 0.00000E+00
  1.60000E+01 0.00000E+00 0.00000E+00 0.00000E+00
  1.70000E+01 0.00000E+00 0.00000E+00 0.00000E+00
  1.80000E+01 0.00000E+00 0.00000E+00 0.00000E+00
  1.90000E+01 0.00000E+00 0.00000E+00 0.00000E+00
  2.00000E+01 0.00000E+00 0.00000E+00 0.00000E+00
  2.20000E+01 0.00000E+00 0.00000E+00 0.00000E+00
  2.40000E+01 0.00000E+00 0.00000E+00 0.00000E+00
  2.60000E+01 5.39881E-07 1.47220E-09 0.00000E+00
  2.80000E+01 3.89107E-05 4.33219E-07 0.00000E+00
  3.00000E+01 7.71392E-03 1.64870E-02 9.99998E-01

 Execution time:  0 hours  0 minutes 32.78 seconds 

 The TALYS team congratulates you with this successful calculation.
