
    TALYS-2.0 (Version: December 29, 2023)

 Copyright (C) 2023  A.J. Koning, S. Hilaire and S. Goriely

 Dimensions - Cross sections: mb, Energies: MeV, Angles: degrees

 ########## USER INPUT ##########

 USER INPUT FILE

 #
 # n-tc099-ld2
 #
 # general
 #
 projectile n
 element tc
 mass 99
 energy energies
 #
 # parameters
 #
 outdensity y
 filedensity y
 ldmodel 2

 USER INPUT FILE + DEFAULTS

 Keyword           Value   Variable     Explanation

 #
 # Four main keywords
 #
 projectile          n     ptype0       type of incident particle
 element            Tc     Starget      symbol of target nucleus
 mass               99     mass         mass number of target nucleus
 energy energies           energyfile   file with incident energies
 #
 # Basic physical and numerical parameters
 #
 ejectiles g n p d t h a   outtype      outgoing particles
 maxz               12     maxZ         maximal number of protons from the initial compound nucleus
 maxn               32     maxN         maximal number of neutrons from the initial compound nucleus
 bins               40     nbins        number of continuum excitation energy bins
 equidistant         y     flagequi     flag to use equidistant excitation bins instead of logarithmic bins
 equispec            n     flagequispec flag to use equidistant bins for emission spectra
 popmev              n     flagpopmev   flag to use initial population per MeV instead of histograms
 segment             1     segment      number of segments to divide emission energy grid
 maxlevelstar       30     nlevmax      maximum number of included discrete levels for target
 maxlevelsres       10     nlevmaxres   maximum number of included discrete levels for residual nucleus
 maxlevelsbin g     10     nlevbin      maximum number of included discrete levels for gamma    channel
 maxlevelsbin n     30     nlevbin      maximum number of included discrete levels for neutron  channel
 maxlevelsbin p     10     nlevbin      maximum number of included discrete levels for proton   channel
 maxlevelsbin d      5     nlevbin      maximum number of included discrete levels for deuteron channel
 maxlevelsbin t      5     nlevbin      maximum number of included discrete levels for triton   channel
 maxlevelsbin h      5     nlevbin      maximum number of included discrete levels for helium-3 channel
 maxlevelsbin a     10     nlevbin      maximum number of included discrete levels for alpha    channel
 ltarget             0     ltarget      excited level of target
 isomer           1.00E+00 isomer       definition of isomer in seconds
 transpower          5     transpower   power for transmission coefficient limit
 transeps         1.00E-08 transeps     limit for transmission coefficient
 xseps            1.00E-07 xseps        limit for cross sections
 popeps           1.00E-03 popeps       limit for population cross section per nucleus
 Rfiseps          1.00E-03 Rfiseps      ratio for limit for fission cross section per nucleus
 elow             1.00E-06 elow         minimal incident energy for nuclear model calculations
 angles             90     nangle       number of angles
 anglescont         18     nanglecont   number of angles for continuum
 anglesrec           1     nanglerec    number of recoil angles
 maxenrec           20     maxenrec     number of recoil energies
 channels            n     flagchannels flag for exclusive channels calculation
 maxchannel          4     maxchannel   maximal number of outgoing particles in individual channel description
 micro               n     flagmicro    flag for completely microscopic Talys calculation
 best                n     flagbest     flag to use best set of adjusted parameters
 bestbranch          y     flagbestbr   flag to use flag to use only best set of branching ratios
 bestend             n     flagbestend  flag to put best set of parameters at end of input file
 relativistic        y     flagrel      flag for relativistic kinematics
 recoil              n     flagrecoil   flag for calculation of recoils
 labddx              n     flaglabddx   flag for calculation of DDX in LAB system
 recoilaverage       n     flagrecoilav flag for average velocity in recoil calculation
 channelenergy       n     flagEchannel flag for channel energy for emission spectrum
 reaction            y     flagreaction flag for calculation of nuclear reactions
 fit                 n     flagfit      flag to use automatically fitted parameters
 ngfit               n     flagngfit    flag for using fitted (n,g) nuclear model parameters
 nffit               n     flagnffit    flag for using fitted (n,f) nuclear model parameters
 nnfit               n     flagnnfit    flag for using fitted (n,n), (n,2n) and (n,p) nuclear model parameters
 nafit               n     flagnafit    flag for using fitted (n,a) nuclear model parameters
 pnfit               n     flagpnfit    flag for using fitted (p,n) nuclear model parameters
 dnfit               n     flagdnfit    flag for using fitted (d,n) nuclear model parameters
 gnfit               n     flaggnfit    flag for using fitted (g,n) nuclear model parameters
 anfit               n     flaganfit    flag for using fitted (a,n) nuclear model parameters
 gamgamfit           n    flaggamgamfit flag for using fitted Gamma_gamma nuclear model parameters
 macsfit             n     flagmacsfit  flag for using fitted MACS nuclear model parameters
 astro               n     flagastro    flag for calculation of astrophysics reaction rate
 astrogs             n     flagastrogs  flag for calculation of astrophysics reaction rate with target in ground state only
 astroex             n     flagastroex  flag for calculation of astrophysics reaction rate to long-lived excited states
 nonthermlev        -1     nonthermlev  excited level non-thermalized in the calculation of astrophysics rate
 massmodel           2     massmodel    model for theoretical nuclear mass
 expmass             y     flagexpmass  flag for using experimental nuclear mass if available
 disctable           1     disctable    table with discrete levels
 production          n     flagprod     flag for isotope production
 outfy               n     flagoutfy    flag for output detailed fission yield calculation
 gefran          50000     gefran       number of random events for GEF calculation
 Estop            1000.000 Estop        incident energy above which TALYS stops
 rpevap              n     flagrpevap   flag for evaporation of residual products at high incident energies
 maxZrp             12     maxZrp       maximal number of protons from the initial compound nucleus before residual evaporation
 maxNrp             32     maxNrp       maximal number of neutrons from the initial compound nucleus before residual evaporation
 user      Arjan Koning    user         user for this calculation
 source    TALYS-2.0       source       source for this calculation
 format    YANDF-0.1       oformat      format for output
 #
 # Optical model
 #
 localomp            y     flaglocalomp flag for local (y) or global (n) optical model
 dispersion          n     flagdisp     flag for dispersive optical model
 jlmomp              n     flagjlm      flag for using semi-microscopic JLM OMP
 riplomp             n     flagriplomp  flag for RIPL OMP
 riplrisk            n     flagriplrisk flag for going outside RIPL mass validity range
 optmodall           n     flagompall   flag for new optical model calculation for all residual nuclei
 incadjust           y     flagincadj   flag for OMP adjustment on incident channel also
 omponly             n     flagomponly  flag to execute ONLY an optical model calculation
 autorot             n     flagautorot  flag for automatic rotational coupled channels calculations for A > 150
 spherical           n     flagspher    flag to force spherical optical model
 soukho              y     flagsoukho   flag for Soukhovitskii OMP for actinides
 coulomb             y     flagcoulomb  flag for Coulomb excitation calculation with ECIS
 statepot            n     flagstate    flag for optical model potential for each excited state
 maxband             0     maxband      highest vibrational band added to rotational model
 maxrot              2     maxrot       number of included excited rotational levels
 sysreaction               sysreaction  particles with reaction cross section from systematics
 rotational                rotational   particles with possible rotational optical model
 core               -1     core         even-even core for weakcoupling (-1 or 1)
 ecissave            n     flagecissave flag for saving ECIS input and output files
 eciscalc            y     flageciscalc flag for new ECIS calculation for outgoing particles and energy grid
 inccalc             y     flaginccalc  flag for new ECIS calculation for incident channel
 endfecis            y     flagendfecis flag for new ECIS calculation for ENDF-6 files
 radialmodel         2     radialmodel  model for radial matter densities (JLM OMP only)
 jlmmode             0     jlmmode      option for JLM imaginary potential normalization
 alphaomp            6     alphaomp     alpha OMP (1=normal, 2= McFadden-Satchler, 3-5= folding potential, 6,8= Avrigeanu, 7=Nolte)
 deuteronomp         4     deuteronomp  deuteron OMP (1=normal, 2=Daehnick, 3=Bojowald, 4=Han-Shi-Shen, 5=An-Cai)
 #
 # Compound nucleus
 #
 widthfluc           8.967 ewfc         off-set incident energy for width fluctuation calculation
 widthmode           1     wmode        designator for width fluctuation model
 WFCfactor           1     WFCfactor    enhancement factor for WFC: 1: Original, 2: Ernebjerg and Herman
 compound            y     flagcomp     flag for compound nucleus model
 fullhf              n     flagfullhf   flag for full spin dependence of transmission coefficients
 eciscompound        n     flageciscomp flag for compound nucleus calculation by ECIS
 cpang               n     flagcpang    flag for compound angular distribution calculation for incident charged particles
 urr                 n     flagurr      flag for URR calculation
 urrnjoy             n     flagurrnjoy  flag for normalization of URR parameters with NJOY method
 lurr                2     lurr         maximal orbital angular momentum for URR
 #
 # Gamma emission
 #
 gammax              2     gammax       number of l-values for gamma multipolarity
 strength            9     strength     model for E1 gamma-ray strength function
 strengthM1          3     strengthM1   model for M1 gamma-ray strength function
 electronconv        y     flagelectron flag for application of electron conversion coefficient
 racap               n     flagracap    flag for radiative capture model
 ldmodelracap        3     ldmodelracap level density model for direct radiative capture
 upbend              y     flagupbend   flag for low-energy upbend of photon strength function
 psfglobal           n    flagpsfglobal flag for global photon strength functions only
 gnorm               n     flaggnorm    flag to normalize PSF to average radiative width
 #
 # Pre-equilibrium
 #
 preequilibrium      1.000 epreeq       on-set incident energy for preequilibrium calculation
 preeqmode           2     preeqmode    designator for pre-equilibrium model
 multipreeq         20.000 emulpre      on-set incident energy for multiple preequilibrium
 mpreeqmode          2     mpreeqmode   designator for multiple pre-equilibrium model
 breakupmodel        1     breakupmodel model for break-up reaction: 1. Kalbach 2. Avrigeanu
 phmodel             1     phmodel      particle-hole state density model
 pairmodel           2     pairmodel    designator for pre-equilibrium pairing model
 preeqspin           1     pespinmodel  model for pre-equilibrium spin distribution
 giantresonance      y     flaggiant    flag for collective contribution from giant resonances
 preeqsurface        y     flagsurface  flag for surface effects in exciton model
 preeqcomplex        y     flagpecomp   flag for Kalbach complex particle emission model
 twocomponent        y     flag2comp    flag for two-component pre-equilibrium model
 ecisdwba            y     flagecisdwba flag for new ECIS calculation for DWBA for MSD
 onestep             n     flagonestep  flag for continuum one-step direct only
 #
 # Level densities
 #
 ldmodel             2     ldmodelall   level density model
 ldmodelCN           2     ldmodelCN    level density model for compound nucleus
 shellmodel          1     shellmodel   model for shell correction energies
 kvibmodel           2     kvibmodel    model for vibrational enhancement
 spincutmodel        1     spincutmodel model for spin cutoff factor for ground state
 asys                n     flagasys     flag for all level density parameters a from systematics
 parity              n     flagparity   flag for non-equal parity distribution
 colenhance          n     flagcolall   flag for collective enhancement of level density for all nuclides
 ctmglobal           n     flagctmglob  flag for global CTM model (no discrete level info)
 gshell              n     flaggshell   flag for energy dependence of single particle level density parameter g
 colldamp            n     flagcolldamp flag for damping of collective effects in effective level density
 #
 # Fission
 #
 fission             n     flagfission  flag for fission
 fismodel            3     fismodel     fission model
 fismodelalt         3     fismodelalt  alternative fission model for default barriers
 hbstate             n     flaghbstate  flag for head band states in fission
 class2              n     flagclass2   flag for class2 states in fission
 fispartdamp         n  flagfispartdamp flag for fission partial damping
 massdis             n     flagmassdis  flag for calculation of fission fragment mass yields
 ffevaporation       y     flagffevap   flag for calculation of particle evaporation from fission fragment mass yields
 fisfeed             n     flagfisfeed  flag for output of fission per excitation bin
 fymodel             2     fymodel      fission yield model, 1: Brosa 2: GEF
 ffmodel             1     ffmodel      fission fragment model, 1: GEF 2: HF3D (Okumura) 3: SPY 4: Langevin-4D 0: own files
 pfnsmodel           1     pfnsmodel    PFNS model, 1: Iwamoto 2: from FF decay
 ffspin              n     flagffspin   flag to use spin distribution in initial FF population
 #
 # Output
 #
 outmain             y     flagmain     flag for main output
 outbasic            n     flagbasic    flag for output of basic information and results
 outall              n     flagoutall   flag for output of all data in main output file
 outpopulation       n     flagpop      flag for output of population
 outcheck            n     flagcheck    flag for output of numerical checks
 outlevels           n     flaglevels   flag for output of discrete level information
 outdensity          y     flagdensity  flag for output of level densities
 outomp              n     flagoutomp   flag for output of optical model parameters
 outkd               n     flagoutkd    flag for output of KD03 OMP parameters
 outdirect           n     flagdirect   flag for output of direct reaction results
 outinverse          n     flaginverse  flag for output of transmission coefficients and inverse reaction cross sections
 outdecay            n     flagdecay    flag for output of decay of each population bin
 outtransenergy      y     flagtransen  flag for output of transmission coefficients per energy
 outecis             n     flagoutecis  flag for output of ECIS results
 outgamma            n     flaggamma    flag for output of gamma-ray information
 outpreequilibrium   n     flagpeout    flag for output of pre-equilibrium results 
 outfission          n     flagfisout   flag for output of fission information
 outdiscrete         n     flagdisc     flag for output of discrete state cross sections
 outspectra          n     flagspec     flag for output of double-differential cross sections
 outbinspectra       n     flagbinspec  flag for output of emission spectrum per excitation bin
 resonance           n     flagres      flag for output of low energy resonance cross sections
 group               n     flaggroup    flag for output of low energy groupwise cross sections
 adddiscrete         y     flagadd      flag for addition of discrete states to spectra
 addelastic          y     flagaddel    flag for addition of elastic peak to spectra
 outangle            n     flagang      flag for output of angular distributions
 outlegendre         n     flaglegendre flag for output of Legendre coefficients
 ddxmode             0     ddxmode      mode for double-differential cross sections
 outdwba             n     flagoutdwba  flag for output of DWBA cross sections for MSD
 outgamdis           n     flaggamdis   flag for output of discrete gamma-ray intensities
 outexcitation       y     flagexc      flag for output of excitation functions
 components          n     flagcompo    flag for output of cross section components
 endf                n     flagendf     flag for information for ENDF-6 file
 endfdetail          y     flagendfdet  flag for detailed ENDF-6 information per channel
 sacs                n     flagsacs     flag for statistical analysis of cross sections
 partable            n     flagpartable flag for output of model parameters on separate file
 block               n     flagblock    flag to block spectra, angle and gamma files

 ########## BASIC REACTION PARAMETERS ##########

 Projectile           : neutron     Mass in a.m.u.      :   1.008665
 Target               : Tc99        Mass in a.m.u.      :  98.906250

 Included channels:
                     gamma   
                     neutron 
                     proton  
                     deuteron
                     triton  
                     helium-3
                     alpha   

    34 incident energies (LAB):

      0.010
      0.020
      0.050
      0.100
      0.200
      0.300
      0.400
      0.500
      0.750
      1.000
      1.500
      2.000
      2.500
      3.000
      3.500
      4.000
      4.500
      5.000
      5.500
      6.000
      7.000
      8.000
      9.000
     10.000
     11.000
     12.000
     13.000
     14.000
     15.000
     16.000
     17.000
     18.000
     19.000
     20.000

 Q-values for binary reactions:

 Q(n,g):  6.76440
 Q(n,n):  0.00000
 Q(n,p): -0.57541
 Q(n,d): -4.27629
 Q(n,t): -6.66164
 Q(n,h): -8.58495
 Q(n,a):  3.92137

 Level density parameters for Z= 43 N= 56 ( 99Tc) 

 Model: Back-shifted Fermi Gas   
 Collective enhancement: no

 a(Sn)           :  13.00419
 Experimental D0 :              0.00 eV +-         0.00000
 Theoretical D0  :              5.31 eV
 Theoretical D1  :              2.73 eV
 Av. res. energy :          10000.00 eV
 Asymptotic a    :  11.33053
 Damping gamma   :   0.08869
 Pairing energy  :   0.00000
 Shell correction:   2.47530
 Last disc. level:        15
 Nlow            :         8
 Ntop            :        15
 Adj. pair shift :  -0.64772
 Discrete sigma  :   2.98608
 Sigma (Sn)      :   5.39072
 Rhotot(Sn= 8.97): 1.753E+06

 Level density per parity for ground state
 (Total level density also per parity)

    Ex     a    sigma   total   JP=  0.5  JP=  1.5  JP=  2.5  JP=  3.5  JP=  4.5  JP=  5.5  JP=  6.5  JP=  7.5  JP=  8.5

   0.25 13.722  2.986 6.560E+00 6.955E-01 1.176E+00 1.332E+00 1.200E+00 9.053E-01 5.863E-01 3.300E-01 1.626E-01 7.052E-02                              
   0.50 13.696  2.986 1.199E+01 1.272E+00 2.149E+00 2.436E+00 2.193E+00 1.655E+00 1.072E+00 6.033E-01 2.973E-01 1.289E-01                              
   0.75 13.670  2.997 2.107E+01 2.219E+00 3.756E+00 4.265E+00 3.851E+00 2.916E+00 1.897E+00 1.073E+00 5.319E-01 2.322E-01                              
   1.00 13.645  3.097 3.483E+01 3.448E+00 5.897E+00 6.816E+00 6.309E+00 4.933E+00 3.336E+00 1.976E+00 1.033E+00 4.791E-01                              
   1.25 13.620  3.194 5.617E+01 5.243E+00 9.052E+00 1.063E+01 1.005E+01 8.085E+00 5.658E+00 3.491E+00 1.913E+00 9.352E-01                              
   1.50 13.595  3.288 8.862E+01 7.826E+00 1.362E+01 1.622E+01 1.564E+01 1.290E+01 9.306E+00 5.951E+00 3.399E+00 1.742E+00                              
   1.75 13.571  3.380 1.372E+02 1.149E+01 2.016E+01 2.429E+01 2.384E+01 2.010E+01 1.490E+01 9.843E+00 5.834E+00 3.119E+00                              
   2.00 13.548  3.469 2.088E+02 1.664E+01 2.938E+01 3.580E+01 3.569E+01 3.070E+01 2.332E+01 1.585E+01 9.716E+00 5.393E+00                              
   2.25 13.524  3.556 3.129E+02 2.379E+01 4.225E+01 5.201E+01 5.258E+01 4.604E+01 3.576E+01 2.495E+01 1.576E+01 9.053E+00                              
   2.50 13.501  3.641 4.627E+02 3.361E+01 6.003E+01 7.457E+01 7.636E+01 6.797E+01 5.387E+01 3.849E+01 2.498E+01 1.480E+01                              
   2.75 13.478  3.724 6.758E+02 4.701E+01 8.438E+01 1.057E+02 1.095E+02 9.893E+01 7.984E+01 5.829E+01 3.879E+01 2.364E+01                              
   3.00 13.456  3.805 9.759E+02 6.512E+01 1.174E+02 1.482E+02 1.552E+02 1.421E+02 1.167E+02 8.687E+01 5.914E+01 3.699E+01                              
   3.25 13.434  3.884 1.395E+03 8.943E+01 1.619E+02 2.058E+02 2.176E+02 2.019E+02 1.682E+02 1.276E+02 8.870E+01 5.681E+01                              
   3.50 13.412  3.962 1.975E+03 1.218E+02 2.215E+02 2.833E+02 3.023E+02 2.837E+02 2.398E+02 1.849E+02 1.311E+02 8.581E+01                              
   3.75 13.390  4.039 2.771E+03 1.648E+02 3.006E+02 3.868E+02 4.161E+02 3.947E+02 3.381E+02 2.648E+02 1.911E+02 1.277E+02                              
   4.00 13.369  4.114 3.857E+03 2.213E+02 4.050E+02 5.241E+02 5.682E+02 5.444E+02 4.720E+02 3.751E+02 2.752E+02 1.873E+02                              
   4.25 13.348  4.187 5.327E+03 2.953E+02 5.422E+02 7.052E+02 7.701E+02 7.447E+02 6.530E+02 5.258E+02 3.918E+02 2.714E+02                              
   4.50 13.328  4.260 7.305E+03 3.917E+02 7.212E+02 9.426E+02 1.036E+03 1.011E+03 8.958E+02 7.304E+02 5.521E+02 3.888E+02                              
   4.75 13.307  4.331 9.951E+03 5.167E+02 9.539E+02 1.252E+03 1.385E+03 1.362E+03 1.219E+03 1.006E+03 7.706E+02 5.510E+02                              
   5.00 13.287  4.401 1.347E+04 6.779E+02 1.255E+03 1.654E+03 1.841E+03 1.824E+03 1.648E+03 1.374E+03 1.066E+03 7.733E+02                              
   5.50 13.248  4.537 2.425E+04 1.150E+03 2.138E+03 2.840E+03 3.195E+03 3.210E+03 2.949E+03 2.509E+03 1.992E+03 1.483E+03                              
   6.00 13.210  4.670 4.275E+04 1.916E+03 3.577E+03 4.784E+03 5.433E+03 5.525E+03 5.152E+03 4.462E+03 3.615E+03 2.754E+03                              
   6.50 13.173  4.799 7.391E+04 3.140E+03 5.885E+03 7.919E+03 9.070E+03 9.325E+03 8.813E+03 7.754E+03 6.399E+03 4.977E+03                              
   7.00 13.137  4.925 1.256E+05 5.073E+03 9.537E+03 1.290E+04 1.489E+04 1.546E+04 1.479E+04 1.320E+04 1.107E+04 8.774E+03                              
   7.50 13.102  5.047 2.100E+05 8.084E+03 1.524E+04 2.073E+04 2.409E+04 2.524E+04 2.440E+04 2.206E+04 1.878E+04 1.513E+04                              
   8.00 13.068  5.167 3.462E+05 1.273E+04 2.406E+04 3.287E+04 3.844E+04 4.059E+04 3.964E+04 3.625E+04 3.129E+04 2.560E+04                              
   8.50 13.034  5.284 5.629E+05 1.980E+04 3.754E+04 5.148E+04 6.056E+04 6.443E+04 6.349E+04 5.869E+04 5.127E+04 4.254E+04                              
   9.00 13.002  5.395 9.046E+05 3.055E+04 5.803E+04 7.988E+04 9.444E+04 1.011E+05 1.005E+05 9.376E+04 8.281E+04 6.957E+04                              
   9.50 12.971  5.460 1.448E+06 4.777E+04 9.086E+04 1.253E+05 1.486E+05 1.597E+05 1.594E+05 1.495E+05 1.329E+05 1.124E+05                              
  10.00 12.940  5.523 2.294E+06 7.398E+04 1.409E+05 1.947E+05 2.314E+05 2.496E+05 2.501E+05 2.358E+05 2.107E+05 1.794E+05                              
  11.00 12.881  5.642 5.584E+06 1.727E+05 3.294E+05 4.568E+05 5.457E+05 5.922E+05 5.979E+05 5.687E+05 5.135E+05 4.423E+05                              
  12.00 12.826  5.753 1.311E+07 3.901E+05 7.456E+05 1.037E+06 1.244E+06 1.357E+06 1.379E+06 1.322E+06 1.205E+06 1.049E+06                              
  13.00 12.773  5.858 2.980E+07 8.559E+05 1.639E+06 2.285E+06 2.752E+06 3.017E+06 3.084E+06 2.977E+06 2.734E+06 2.401E+06                              
  14.00 12.723  5.956 6.583E+07 1.830E+06 3.508E+06 4.904E+06 5.924E+06 6.523E+06 6.703E+06 6.511E+06 6.024E+06 5.333E+06                              
  15.00 12.675  6.050 1.417E+08 3.819E+06 7.332E+06 1.027E+07 1.245E+07 1.376E+07 1.421E+07 1.388E+07 1.292E+07 1.152E+07                              
  16.00 12.630  6.139 2.980E+08 7.803E+06 1.500E+07 2.105E+07 2.558E+07 2.838E+07 2.943E+07 2.889E+07 2.706E+07 2.430E+07                              
  17.00 12.588  6.224 6.133E+08 1.563E+07 3.007E+07 4.229E+07 5.152E+07 5.733E+07 5.969E+07 5.888E+07 5.545E+07 5.009E+07                              
  18.00 12.547  6.305 1.238E+09 3.075E+07 5.922E+07 8.342E+07 1.019E+08 1.137E+08 1.188E+08 1.177E+08 1.114E+08 1.012E+08                              
  19.00 12.508  6.383 2.454E+09 5.949E+07 1.147E+08 1.618E+08 1.980E+08 2.216E+08 2.323E+08 2.311E+08 2.197E+08 2.006E+08                              
  20.00 12.471  6.458 4.784E+09 1.133E+08 2.187E+08 3.089E+08 3.787E+08 4.250E+08 4.470E+08 4.462E+08 4.260E+08 3.909E+08                              
  22.50 12.387  6.634 2.379E+10 5.345E+08 1.033E+09 1.464E+09 1.803E+09 2.034E+09 2.155E+09 2.168E+09 2.090E+09 1.938E+09                              
  25.00 12.312  6.796 1.091E+11 2.337E+09 4.524E+09 6.429E+09 7.946E+09 9.010E+09 9.598E+09 9.728E+09 9.451E+09 8.845E+09                              
  30.00 12.185  7.087 1.882E+12 3.711E+10 7.204E+10 1.028E+11 1.279E+11 1.461E+11 1.572E+11 1.611E+11 1.586E+11 1.506E+11                              
  40.00 12.002  7.576 3.115E+14 5.379E+12 1.048E+13 1.505E+13 1.888E+13 2.182E+13 2.379E+13 2.479E+13 2.486E+13 2.412E+13                              
  50.00 11.878  7.984 2.965E+16 4.615E+14 9.015E+14 1.300E+15 1.641E+15 1.911E+15 2.104E+15 2.217E+15 2.252E+15 2.217E+15                              
  60.00 11.791  8.336 1.901E+18 2.715E+16 5.315E+16 7.691E+16 9.751E+16 1.142E+17 1.267E+17 1.346E+17 1.381E+17 1.374E+17                              
  70.00 11.727  8.649 9.002E+19 1.195E+18 2.343E+18 3.400E+18 4.326E+18 5.091E+18 5.677E+18 6.072E+18 6.277E+18 6.303E+18                              
  80.00 11.678  8.931 3.344E+21 4.167E+19 8.179E+19 1.189E+20 1.517E+20 1.792E+20 2.008E+20 2.159E+20 2.246E+20 2.271E+20                              
  90.00 11.640  9.188 1.016E+23 1.197E+21 2.351E+21 3.424E+21 4.380E+21 5.190E+21 5.835E+21 6.303E+21 6.592E+21 6.705E+21                              
 100.00 11.609  9.425 2.604E+24 2.915E+22 5.733E+22 8.361E+22 1.072E+23 1.273E+23 1.436E+23 1.558E+23 1.636E+23 1.673E+23                              
 110.00 11.584  9.646 5.764E+25 6.162E+23 1.213E+24 1.771E+24 2.274E+24 2.708E+24 3.063E+24 3.333E+24 3.514E+24 3.608E+24                              
 120.00 11.563  9.852 1.122E+27 1.150E+25 2.266E+25 3.312E+25 4.259E+25 5.083E+25 5.764E+25 6.289E+25 6.653E+25 6.857E+25                              
 130.00 11.545 10.047 1.952E+28 1.924E+26 3.791E+26 5.548E+26 7.145E+26 8.541E+26 9.706E+26 1.062E+27 1.127E+27 1.165E+27                              
 140.00 11.530 10.230 3.067E+29 2.916E+27 5.750E+27 8.421E+27 1.086E+28 1.300E+28 1.480E+28 1.623E+28 1.727E+28 1.791E+28                              
 150.00 11.517 10.404 4.401E+30 4.047E+28 7.982E+28 1.170E+29 1.510E+29 1.811E+29 2.066E+29 2.269E+29 2.420E+29 2.517E+29                              
 160.00 11.505 10.570 5.815E+31 5.182E+29 1.023E+30 1.500E+30 1.938E+30 2.327E+30 2.658E+30 2.926E+30 3.127E+30 3.260E+30                              
 170.00 11.495 10.729 7.129E+32 6.166E+30 1.217E+31 1.787E+31 2.311E+31 2.778E+31 3.178E+31 3.504E+31 3.752E+31 3.921E+31                              
 180.00 11.486 10.880 8.157E+33 6.861E+31 1.355E+32 1.990E+32 2.576E+32 3.100E+32 3.551E+32 3.922E+32 4.207E+32 4.405E+32                              
 190.00 11.478 11.026 8.760E+34 7.176E+32 1.418E+33 2.083E+33 2.699E+33 3.251E+33 3.728E+33 4.123E+33 4.430E+33 4.648E+33                              
 200.00 11.470 11.166 8.872E+35 7.087E+33 1.400E+34 2.059E+34 2.669E+34 3.218E+34 3.695E+34 4.092E+34 4.404E+34 4.628E+34                              

 Discrete levels versus total level density

   Energy Level   N_cumulative

   0.6528   9       8.900
   0.6715  10       9.550
   0.7194  11      11.346
   0.7268  12      11.639
   0.7392  13      12.146
   0.7618  14      13.098
   0.8231  15      15.917
   0.8843  16      19.102
   0.9206  17      21.188
   0.9862  18      25.359
   1.0041  19      26.592
   1.0175  20      27.545
   1.0198  21      27.712
   1.0722  22      31.710
   1.0815  23      32.457
   1.1274  24      36.375
   1.1291  25      36.528
   1.1350  26      37.061
   1.1419  27      37.682
   1.1494  28      38.381
   1.1720  29      40.529
   1.1765  30      40.960
   1.1989  31      43.200
   1.2035  32      43.669
   1.2050  33      43.828
   1.2073  34      44.061
   1.2438  35      47.980
   1.2687  36      50.812
   1.3063  37      55.339
   1.3091  38      55.693
   1.3207  39      57.167
   1.3294  40      58.285
   1.4054  41      68.895
   1.4262  42      72.060
   1.4350  43      73.434
   1.4441  44      74.886
   1.4690  45      78.964
   1.4942  46      83.279
   1.5037  47      84.968
   1.5070  48      85.564
   1.5264  49      89.099
   1.5432  50      92.261
   1.5521  51      93.987
   1.5535  52      94.260
   1.5546  53      94.463
   1.5631  54      96.147
   1.5651  55      96.532
   1.5662  56      96.761
   1.5812  57      99.789
   1.5850  58     100.563
   1.6044  59     104.641
   1.6114  60     106.130
   1.6219  61     108.428
   1.6590  62     116.851
   1.6781  63     121.410
   1.7475  64     139.250
   1.7529  65     140.754
   1.7600  66     142.712
   1.7747  67     146.861
   1.7903  68     151.402
   1.8030  69     155.163
   1.8083  70     156.765
   1.8237  71     161.474
   1.8533  72     170.922
   1.8749  73     178.117
   1.9110  74     190.736
   1.9473  75     204.205
   1.9820  76     217.878
   2.0000  77     225.282
   2.0640  78     253.446
   2.0729  79     257.603
   2.1110  80     276.094
   2.1552  81     299.021
   2.1600  82     301.617
   2.1760  83     310.400
   2.2030  84     325.740
   2.2229  85     337.509
   2.2417  86     348.918
   2.2810  87     373.961
   2.3300  88     407.482
   2.3634  89     431.801
   2.3960  90     456.833
   2.4140  91     471.212
   2.4243  92     479.606
   2.4591  93     509.053
   2.4660  94     515.080
   2.4860  95     532.916
   2.4873  96     534.076
   2.5022  97     547.790
   2.5056  98     550.937
   2.5220  99     566.439
   2.5530 100     596.857
   2.5810 101     625.540
   2.5888 102     633.728
   2.6110 103     657.696
   2.6469 104     698.088
   2.6530 105     705.241
   2.6750 106     731.377
   2.7036 107     766.635
   2.7140 108     779.889
   2.7585 109     838.812
   2.7608 110     841.993
   2.7650 111     847.753
   2.7852 112     876.038
   2.8460 113     966.684
   2.8559 114     982.210
   2.9160 115    1081.558
   2.9970 116    1229.978
   3.0660 117    1370.934
   3.1083 118    1464.596
   3.1150 119    1479.908
   3.1297 120    1514.146
   3.1860 121    1651.969
   3.2037 122    1697.645
   3.2450 123    1808.765
   3.2960 124    1955.088
   3.3767 125    2209.491
   3.5592 126    2899.205
   3.6229 127    3183.981
   3.6491 128    3308.290
   3.8143 129    4202.175
   3.8838 130    4641.576
   3.9109 131    4823.713
   4.0272 132    5685.384
   4.0668 133    6010.141
   4.1779 134    7015.157
   4.2036 135    7268.767
   4.3033 136    8335.450
   4.7249 137   14604.631
   4.7856 138   15820.903
   4.9159 139   18752.980
   5.0765 140   23059.464
   5.3411 141   32198.022
   5.5961 142   44125.706

 Level density parameters for Z= 43 N= 57 (100Tc) 

 Model: Back-shifted Fermi Gas   
 Collective enhancement: no

 a(Sn)           :  14.76929
 Experimental D0 :             12.00 eV +-         1.30000
 Theoretical D0  :             10.91 eV
 Theoretical D1  :              5.67 eV
 Av. res. energy :          10000.00 eV
 Asymptotic a    :  12.36665
 Damping gamma   :   0.08839
 Pairing energy  :  -1.20000
 Shell correction:   3.02146
 Last disc. level:        10
 Nlow            :         8
 Ntop            :        17
 Adj. pair shift :   0.33742
 Discrete sigma  :   2.87021
 Sigma (Sn)      :   5.06940
 Rhotot(Sn= 6.76): 7.741E+05

 Level density per parity for ground state
 (Total level density also per parity)

    Ex     a    sigma   total   JP=  0.0  JP=  1.0  JP=  2.0  JP=  3.0  JP=  4.0  JP=  5.0  JP=  6.0  JP=  7.0  JP=  8.0

   0.25 15.512  2.870 1.837E+01 1.098E+00 2.919E+00 3.816E+00 3.712E+00 2.936E+00 1.956E+00 1.116E+00 5.505E-01 2.362E-01                              
   0.50 15.478  2.928 3.360E+01 1.932E+00 5.157E+00 6.806E+00 6.714E+00 5.413E+00 3.692E+00 2.167E+00 1.105E+00 4.923E-01                              
   0.75 15.445  3.042 5.811E+01 3.098E+00 8.341E+00 1.120E+01 1.134E+01 9.462E+00 6.738E+00 4.164E+00 2.255E+00 1.077E+00                              
   1.00 15.412  3.152 9.766E+01 4.852E+00 1.316E+01 1.794E+01 1.857E+01 1.597E+01 1.180E+01 7.624E+00 4.349E+00 2.204E+00                              
   1.25 15.379  3.259 1.601E+02 7.449E+00 2.034E+01 2.808E+01 2.964E+01 2.615E+01 1.996E+01 1.341E+01 8.004E+00 4.271E+00                              
   1.50 15.347  3.362 2.569E+02 1.123E+01 3.085E+01 4.308E+01 4.626E+01 4.175E+01 3.279E+01 2.279E+01 1.416E+01 7.908E+00                              
   1.75 15.316  3.462 4.043E+02 1.669E+01 4.605E+01 6.496E+01 7.081E+01 6.521E+01 5.252E+01 3.763E+01 2.422E+01 1.408E+01                              
   2.00 15.285  3.560 6.256E+02 2.444E+01 6.776E+01 9.644E+01 1.066E+02 9.991E+01 8.230E+01 6.058E+01 4.023E+01 2.425E+01                              
   2.25 15.254  3.655 9.533E+02 3.536E+01 9.842E+01 1.412E+02 1.579E+02 1.505E+02 1.265E+02 9.540E+01 6.518E+01 4.058E+01                              
   2.50 15.224  3.747 1.433E+03 5.058E+01 1.413E+02 2.042E+02 2.309E+02 2.233E+02 1.911E+02 1.473E+02 1.033E+02 6.619E+01                              
   2.75 15.194  3.837 2.127E+03 7.162E+01 2.008E+02 2.921E+02 3.336E+02 3.268E+02 2.844E+02 2.236E+02 1.604E+02 1.056E+02                              
   3.00 15.165  3.925 3.121E+03 1.005E+02 2.825E+02 4.135E+02 4.764E+02 4.725E+02 4.174E+02 3.342E+02 2.448E+02 1.651E+02                              
   3.25 15.136  4.011 4.531E+03 1.397E+02 3.939E+02 5.798E+02 6.736E+02 6.755E+02 6.051E+02 4.925E+02 3.678E+02 2.535E+02                              
   3.50 15.107  4.096 6.515E+03 1.928E+02 5.448E+02 8.060E+02 9.436E+02 9.558E+02 8.671E+02 7.166E+02 5.447E+02 3.832E+02                              
   3.75 15.079  4.178 9.283E+03 2.640E+02 7.479E+02 1.112E+03 1.310E+03 1.340E+03 1.230E+03 1.031E+03 7.963E+02 5.707E+02                              
   4.00 15.051  4.259 1.311E+04 3.590E+02 1.019E+03 1.521E+03 1.805E+03 1.862E+03 1.727E+03 1.467E+03 1.150E+03 8.388E+02                              
   4.25 15.024  4.339 1.838E+04 4.851E+02 1.380E+03 2.068E+03 2.469E+03 2.566E+03 2.405E+03 2.066E+03 1.644E+03 1.218E+03                              
   4.50 14.997  4.417 2.558E+04 6.514E+02 1.856E+03 2.793E+03 3.352E+03 3.511E+03 3.321E+03 2.886E+03 2.326E+03 1.749E+03                              
   4.75 14.970  4.493 3.534E+04 8.697E+02 2.483E+03 3.748E+03 4.523E+03 4.770E+03 4.551E+03 3.996E+03 3.260E+03 2.486E+03                              
   5.00 14.944  4.569 4.851E+04 1.155E+03 3.303E+03 5.002E+03 6.065E+03 6.438E+03 6.193E+03 5.491E+03 4.530E+03 3.500E+03                              
   5.50 14.893  4.716 8.975E+04 2.006E+03 5.754E+03 8.766E+03 1.072E+04 1.152E+04 1.124E+04 1.015E+04 8.546E+03 6.759E+03                              
   6.00 14.843  4.859 1.624E+05 3.421E+03 9.838E+03 1.506E+04 1.857E+04 2.016E+04 1.994E+04 1.827E+04 1.567E+04 1.266E+04                              
   6.50 14.794  4.998 2.880E+05 5.737E+03 1.654E+04 2.544E+04 3.158E+04 3.460E+04 3.461E+04 3.217E+04 2.805E+04 2.308E+04                              
   7.00 14.747  5.106 5.041E+05 9.622E+03 2.778E+04 4.288E+04 5.351E+04 5.901E+04 5.954E+04 5.590E+04 4.931E+04 4.112E+04                              
   7.50 14.701  5.181 8.727E+05 1.618E+04 4.676E+04 7.233E+04 9.056E+04 1.003E+05 1.018E+05 9.619E+04 8.552E+04 7.194E+04                              
   8.00 14.657  5.253 1.487E+06 2.682E+04 7.760E+04 1.203E+05 1.511E+05 1.680E+05 1.713E+05 1.629E+05 1.459E+05 1.237E+05                              
   8.50 14.613  5.322 2.498E+06 4.390E+04 1.271E+05 1.974E+05 2.486E+05 2.776E+05 2.844E+05 2.719E+05 2.450E+05 2.094E+05                              
   9.00 14.571  5.388 4.139E+06 7.100E+04 2.058E+05 3.201E+05 4.042E+05 4.528E+05 4.658E+05 4.477E+05 4.059E+05 3.492E+05                              
   9.50 14.530  5.451 6.775E+06 1.135E+05 3.294E+05 5.132E+05 6.495E+05 7.298E+05 7.539E+05 7.280E+05 6.637E+05 5.746E+05                              
  10.00 14.490  5.512 1.096E+07 1.797E+05 5.216E+05 8.139E+05 1.032E+06 1.164E+06 1.206E+06 1.170E+06 1.072E+06 9.339E+05                              
  11.00 14.413  5.627 2.779E+07 4.372E+05 1.271E+06 1.988E+06 2.532E+06 2.869E+06 2.994E+06 2.928E+06 2.708E+06 2.384E+06                              
  12.00 14.340  5.735 6.782E+07 1.027E+06 2.990E+06 4.689E+06 5.992E+06 6.821E+06 7.161E+06 7.052E+06 6.577E+06 5.844E+06                              
  13.00 14.271  5.836 1.600E+08 2.340E+06 6.817E+06 1.071E+07 1.373E+07 1.570E+07 1.657E+07 1.642E+07 1.543E+07 1.382E+07                              
  14.00 14.205  5.931 3.660E+08 5.183E+06 1.511E+07 2.380E+07 3.059E+07 3.511E+07 3.723E+07 3.710E+07 3.508E+07 3.167E+07                              
  15.00 14.143  6.022 8.148E+08 1.120E+07 3.267E+07 5.153E+07 6.642E+07 7.648E+07 8.143E+07 8.157E+07 7.759E+07 7.053E+07                              
  16.00 14.083  6.109 1.770E+09 2.363E+07 6.902E+07 1.090E+08 1.409E+08 1.627E+08 1.739E+08 1.750E+08 1.674E+08 1.531E+08                              
  17.00 14.027  6.191 3.757E+09 4.885E+07 1.428E+08 2.259E+08 2.924E+08 3.387E+08 3.633E+08 3.672E+08 3.529E+08 3.246E+08                              
  18.00 13.974  6.270 7.813E+09 9.907E+07 2.897E+08 4.589E+08 5.953E+08 6.913E+08 7.440E+08 7.549E+08 7.289E+08 6.740E+08                              
  19.00 13.923  6.346 1.594E+10 1.974E+08 5.776E+08 9.160E+08 1.190E+09 1.386E+09 1.496E+09 1.523E+09 1.477E+09 1.372E+09                              
  20.00 13.874  6.418 3.197E+10 3.868E+08 1.133E+09 1.798E+09 2.341E+09 2.731E+09 2.957E+09 3.021E+09 2.941E+09 2.745E+09                              
  22.50 13.763  6.589 1.700E+11 1.952E+09 5.721E+09 9.106E+09 1.190E+10 1.395E+10 1.520E+10 1.564E+10 1.536E+10 1.448E+10                              
  25.00 13.665  6.747 8.298E+11 9.090E+09 2.668E+10 4.255E+10 5.577E+10 6.568E+10 7.192E+10 7.450E+10 7.371E+10 7.007E+10                              
  30.00 13.498  7.030 1.608E+13 1.623E+11 4.771E+11 7.637E+11 1.006E+12 1.193E+12 1.318E+12 1.379E+12 1.381E+12 1.332E+12                              
  40.00 13.256  7.507 3.272E+15 2.896E+13 8.536E+13 1.373E+14 1.823E+14 2.183E+14 2.441E+14 2.594E+14 2.643E+14 2.599E+14                              
  50.00 13.093  7.905 3.749E+17 2.994E+15 8.839E+15 1.427E+16 1.904E+16 2.296E+16 2.590E+16 2.781E+16 2.869E+16 2.861E+16                              
  60.00 12.978  8.249 2.853E+19 2.092E+17 6.186E+17 1.001E+18 1.341E+18 1.626E+18 1.846E+18 1.998E+18 2.080E+18 2.096E+18                              
  70.00 12.893  8.555 1.587E+21 1.082E+19 3.203E+19 5.195E+19 6.981E+19 8.498E+19 9.701E+19 1.056E+20 1.108E+20 1.125E+20                              
  80.00 12.828  8.831 6.867E+22 4.396E+20 1.302E+21 2.115E+21 2.849E+21 3.480E+21 3.989E+21 4.365E+21 4.605E+21 4.710E+21                              
  90.00 12.778  9.083 2.413E+24 1.460E+22 4.327E+22 7.039E+22 9.503E+22 1.164E+23 1.339E+23 1.471E+23 1.560E+23 1.604E+23                              
 100.00 12.737  9.316 7.106E+25 4.088E+23 1.212E+24 1.974E+24 2.670E+24 3.279E+24 3.783E+24 4.172E+24 4.441E+24 4.590E+24                              
 110.00 12.704  9.533 1.797E+27 9.876E+24 2.930E+25 4.778E+25 6.472E+25 7.962E+25 9.211E+25 1.019E+26 1.089E+26 1.130E+26                              
 120.00 12.676  9.735 3.980E+28 2.097E+26 6.225E+26 1.016E+27 1.378E+27 1.698E+27 1.969E+27 2.184E+27 2.341E+27 2.438E+27                              
 130.00 12.652  9.926 7.835E+29 3.971E+27 1.179E+28 1.926E+28 2.616E+28 3.229E+28 3.751E+28 4.171E+28 4.483E+28 4.685E+28                              
 140.00 12.632 10.106 1.389E+31 6.789E+28 2.017E+29 3.296E+29 4.481E+29 5.540E+29 6.448E+29 7.186E+29 7.742E+29 8.113E+29                              
 150.00 12.614 10.278 2.239E+32 1.059E+30 3.146E+30 5.144E+30 7.001E+30 8.666E+30 1.010E+31 1.128E+31 1.218E+31 1.280E+31                              
 160.00 12.599 10.441 3.313E+33 1.518E+31 4.513E+31 7.384E+31 1.006E+32 1.246E+32 1.455E+32 1.628E+32 1.761E+32 1.855E+32                              
 170.00 12.585 10.596 4.535E+34 2.017E+32 5.998E+32 9.819E+32 1.338E+33 1.661E+33 1.941E+33 2.175E+33 2.358E+33 2.488E+33                              
 180.00 12.573 10.746 5.777E+35 2.499E+33 7.432E+33 1.217E+34 1.661E+34 2.062E+34 2.414E+34 2.708E+34 2.941E+34 3.110E+34                              
 190.00 12.562 10.889 6.889E+36 2.902E+34 8.634E+34 1.415E+35 1.931E+35 2.401E+35 2.813E+35 3.161E+35 3.438E+35 3.642E+35                              
 200.00 12.553 11.026 7.729E+37 3.175E+35 9.448E+35 1.549E+36 2.116E+36 2.632E+36 3.087E+36 3.473E+36 3.783E+36 4.015E+36                              

 Discrete levels versus total level density

   Energy Level   N_cumulative

   0.3195   9       8.849
   0.3352  10       9.550
   0.3410  11       9.818
   0.3556  12      10.506
   0.4006  13      12.796
   0.4244  14      14.102
   0.4404  15      15.025
   0.4542  16      15.849
   0.4568  17      16.007
   0.4581  18      16.086
   0.4591  19      16.150
   0.4611  20      16.271
   0.4760  21      17.204
   0.4840  22      17.719
   0.4937  23      18.350
   0.5000  24      18.774
   0.5070  25      19.249
   0.5139  26      19.723
   0.5210  27      20.218
   0.5396  28      21.558
   0.5449  29      21.945
   0.5523  30      22.501
   0.5804  31      24.693
   0.5998  32      26.285
   0.6087  33      27.036
   0.6362  34      29.464
   0.6398  35      29.797
   0.6802  36      33.667
   0.6890  37      34.553
   0.6984  38      35.526
   0.7078  39      36.508
   0.7090  40      36.637
   0.7108  41      36.831
   0.7482  42      40.990
   0.7588  43      42.231
   0.7760  44      44.306
   0.7779  45      44.535
   0.8217  46      50.203
   0.8302  47      51.357
   0.8380  48      52.440
   0.8540  49      54.719
   0.8820  50      58.889
   0.9062  51      62.692
   0.9299  52      66.611
   0.9529  53      70.595
   0.9720  54      74.055
   1.0000  55      79.372
   1.0512  56      89.894
   1.0746  57      95.095
   1.1549  58     114.827
   1.2846  59     153.994
   1.3390  60     173.610
   1.4066  61     200.983
   1.4160  62     205.076
   1.5817  63     290.015
   1.7209  64     384.310
   1.8402  65     486.142
   2.0531  66     729.133
   2.1520  67     876.470
   2.1755  68     915.278
   2.2385  69    1027.115
   2.3180  70    1185.944
   2.3919  71    1353.405
   2.4350  72    1460.831
   2.5650  73    1833.397
   2.6110  74    1985.100
   2.6830  75    2245.766
   2.6935  76    2286.325
   2.6959  77    2295.690
   2.7983  78    2729.333
   2.9490  79    3505.351
   3.0757  80    4311.122
   3.2330  81    5548.666
   3.2500  82    5700.820
   3.2692  83    5877.305
   3.6904  84   11208.959
   3.7100  85   11548.310
   3.7500  86   12270.439
   4.3581  87   29440.010

 ########## RESULTS FOR E=   0.01000 ##########

 Energy dependent input flags

 Width fluctuations (flagwidth)            : y
 Unresolved resonance parameters (flagurr) : n
 Preequilibrium (flagpreeq)                : n
 Multiple preequilibrium (flagmulpre)      : n
 Number of continuum excitation energy bins: 40

 ########### REACTION SUMMARY FOR E=   0.01000 ###########

 Center-of-mass energy:    0.010

 1. Total (binary) cross sections

 Total           = 9.12632E+03
   Shape elastic   = 4.79730E+03
   Reaction        = 4.32902E+03
     Compound elastic= 2.99277E+03
     Non-elastic     = 1.33625E+03
       Direct          = 0.00000E+00
       Pre-equilibrium = 0.00000E+00
       Compound non-el = 1.33625E+03
     Total elastic   = 7.79007E+03

 2. Binary non-elastic cross sections (non-exclusive)

 gamma   = 1.33625E+03
 neutron = 0.00000E+00
 proton  = 0.00000E+00
 deuteron= 0.00000E+00
 triton  = 0.00000E+00
 helium-3= 0.00000E+00
 alpha   = 0.00000E+00

 3. Total particle production cross sections

 gamma   = 5.15946E+03    Multiplicity= 3.86115E+00
 neutron = 2.03816E-03    Multiplicity= 1.52528E-06
 proton  = 0.00000E+00    Multiplicity= 0.00000E+00
 deuteron= 0.00000E+00    Multiplicity= 0.00000E+00
 triton  = 0.00000E+00    Multiplicity= 0.00000E+00
 helium-3= 0.00000E+00    Multiplicity= 0.00000E+00
 alpha   = 0.00000E+00    Multiplicity= 0.00000E+00

 4. Residual production cross sections

   a. Per isotope

   Z   A  nuclide    total     level   isomeric    isomeric    lifetime
                 cross section       cross section  ratio

   43 100 (100Tc) 1.33625E+03    0    1.33625E+03  1.00000
   43  99 ( 99Tc) 2.03816E-03    0    2.03816E-03  1.00000
                                 2    0.00000E+00  0.00000   2.16300E+04 sec. 
   41  96 ( 96Nb) 1.00000E-07    0    0.00000E+00  0.00000

   b. Per mass

   A  cross section

  100 1.33625E+03
   99 2.03816E-03

 Total residual production cross section:  1336.2492676
 Non-elastic cross section              :  1336.2514648

 ########## RESULTS FOR E=   0.02000 ##########

 Energy dependent input flags

 Width fluctuations (flagwidth)            : y
 Unresolved resonance parameters (flagurr) : n
 Preequilibrium (flagpreeq)                : n
 Multiple preequilibrium (flagmulpre)      : n
 Number of continuum excitation energy bins: 40

 ########### REACTION SUMMARY FOR E=   0.02000 ###########

 Center-of-mass energy:    0.020

 1. Total (binary) cross sections

 Total           = 9.07996E+03
   Shape elastic   = 4.74505E+03
   Reaction        = 4.33491E+03
     Compound elastic= 3.42117E+03
     Non-elastic     = 9.13738E+02
       Direct          = 0.00000E+00
       Pre-equilibrium = 0.00000E+00
       Compound non-el = 9.13738E+02
     Total elastic   = 8.16622E+03

 2. Binary non-elastic cross sections (non-exclusive)

 gamma   = 9.13735E+02
 neutron = 0.00000E+00
 proton  = 0.00000E+00
 deuteron= 0.00000E+00
 triton  = 0.00000E+00
 helium-3= 0.00000E+00
 alpha   = 0.00000E+00

 3. Total particle production cross sections

 gamma   = 3.53219E+03    Multiplicity= 3.86565E+00
 neutron = 3.69369E-03    Multiplicity= 4.04239E-06
 proton  = 0.00000E+00    Multiplicity= 0.00000E+00
 deuteron= 0.00000E+00    Multiplicity= 0.00000E+00
 triton  = 0.00000E+00    Multiplicity= 0.00000E+00
 helium-3= 0.00000E+00    Multiplicity= 0.00000E+00
 alpha   = 0.00000E+00    Multiplicity= 0.00000E+00

 4. Residual production cross sections

   a. Per isotope

   Z   A  nuclide    total     level   isomeric    isomeric    lifetime
                 cross section       cross section  ratio

   43 100 (100Tc) 9.13731E+02    0    9.13731E+02  1.00000
   43  99 ( 99Tc) 3.69369E-03    0    3.69369E-03  1.00000
                                 2    0.00000E+00  0.00000   2.16300E+04 sec. 
   41  96 ( 96Nb) 1.00000E-07    0    0.00000E+00  0.00000

   b. Per mass

   A  cross section

  100 9.13731E+02
   99 3.69369E-03

 Total residual production cross section:   913.7350464
 Non-elastic cross section              :   913.7382812

 ########## RESULTS FOR E=   0.05000 ##########

 Energy dependent input flags

 Width fluctuations (flagwidth)            : y
 Unresolved resonance parameters (flagurr) : n
 Preequilibrium (flagpreeq)                : n
 Multiple preequilibrium (flagmulpre)      : n
 Number of continuum excitation energy bins: 40

 ########### REACTION SUMMARY FOR E=   0.05000 ###########

 Center-of-mass energy:    0.049

 1. Total (binary) cross sections

 Total           = 9.54003E+03
   Shape elastic   = 4.67610E+03
   Reaction        = 4.86394E+03
     Compound elastic= 4.36609E+03
     Non-elastic     = 4.97847E+02
       Direct          = 0.00000E+00
       Pre-equilibrium = 0.00000E+00
       Compound non-el = 4.97847E+02
     Total elastic   = 9.04219E+03

 2. Binary non-elastic cross sections (non-exclusive)

 gamma   = 4.97841E+02
 neutron = 0.00000E+00
 proton  = 0.00000E+00
 deuteron= 0.00000E+00
 triton  = 0.00000E+00
 helium-3= 0.00000E+00
 alpha   = 0.00000E+00

 3. Total particle production cross sections

 gamma   = 1.92824E+03    Multiplicity= 3.87316E+00
 neutron = 6.23022E-03    Multiplicity= 1.25143E-05
 proton  = 0.00000E+00    Multiplicity= 0.00000E+00
 deuteron= 0.00000E+00    Multiplicity= 0.00000E+00
 triton  = 0.00000E+00    Multiplicity= 0.00000E+00
 helium-3= 0.00000E+00    Multiplicity= 0.00000E+00
 alpha   = 0.00000E+00    Multiplicity= 0.00000E+00

 4. Residual production cross sections

   a. Per isotope

   Z   A  nuclide    total     level   isomeric    isomeric    lifetime
                 cross section       cross section  ratio

   43 100 (100Tc) 4.97834E+02    0    4.97834E+02  1.00000
   43  99 ( 99Tc) 6.23022E-03    0    6.23022E-03  1.00000
                                 2    0.00000E+00  0.00000   2.16300E+04 sec. 
   41  96 ( 96Nb) 1.00000E-07    0    0.00000E+00  0.00000

   b. Per mass

   A  cross section

  100 4.97834E+02
   99 6.23022E-03

 Total residual production cross section:   497.8406372
 Non-elastic cross section              :   497.8466797

 ########## RESULTS FOR E=   0.10000 ##########

 Energy dependent input flags

 Width fluctuations (flagwidth)            : y
 Unresolved resonance parameters (flagurr) : n
 Preequilibrium (flagpreeq)                : n
 Multiple preequilibrium (flagmulpre)      : n
 Number of continuum excitation energy bins: 40

 ########### REACTION SUMMARY FOR E=   0.10000 ###########

 Center-of-mass energy:    0.099

 1. Total (binary) cross sections

 Total           = 9.97663E+03
   Shape elastic   = 4.70579E+03
   Reaction        = 5.27083E+03
     Compound elastic= 4.96171E+03
     Non-elastic     = 3.09119E+02
       Direct          = 0.00000E+00
       Pre-equilibrium = 0.00000E+00
       Compound non-el = 3.09119E+02
     Total elastic   = 9.66750E+03

 2. Binary non-elastic cross sections (non-exclusive)

 gamma   = 3.09112E+02
 neutron = 0.00000E+00
 proton  = 0.00000E+00
 deuteron= 0.00000E+00
 triton  = 0.00000E+00
 helium-3= 0.00000E+00
 alpha   = 0.00000E+00

 3. Total particle production cross sections

 gamma   = 1.20107E+03    Multiplicity= 3.88547E+00
 neutron = 5.52087E-03    Multiplicity= 1.78600E-05
 proton  = 0.00000E+00    Multiplicity= 0.00000E+00
 deuteron= 0.00000E+00    Multiplicity= 0.00000E+00
 triton  = 0.00000E+00    Multiplicity= 0.00000E+00
 helium-3= 0.00000E+00    Multiplicity= 0.00000E+00
 alpha   = 0.00000E+00    Multiplicity= 0.00000E+00

 4. Residual production cross sections

   a. Per isotope

   Z   A  nuclide    total     level   isomeric    isomeric    lifetime
                 cross section       cross section  ratio

   43 100 (100Tc) 3.09107E+02    0    3.09107E+02  1.00000
   43  99 ( 99Tc) 5.52087E-03    0    5.52087E-03  1.00000
                                 2    0.00000E+00  0.00000   2.16300E+04 sec. 
   41  96 ( 96Nb) 1.00000E-07    0    0.00000E+00  0.00000

   b. Per mass

   A  cross section

  100 3.09107E+02
   99 5.52087E-03

 Total residual production cross section:   309.1125488
 Non-elastic cross section              :   309.1186523

 ########## RESULTS FOR E=   0.20000 ##########

 Energy dependent input flags

 Width fluctuations (flagwidth)            : y
 Unresolved resonance parameters (flagurr) : n
 Preequilibrium (flagpreeq)                : n
 Multiple preequilibrium (flagmulpre)      : n
 Number of continuum excitation energy bins: 40

 ########### REACTION SUMMARY FOR E=   0.20000 ###########

 Center-of-mass energy:    0.198

 1. Total (binary) cross sections

 Total           = 9.97833E+03
   Shape elastic   = 4.92093E+03
   Reaction        = 5.05740E+03
     Compound elastic= 4.33716E+03
     Non-elastic     = 7.20244E+02
       Direct          = 0.00000E+00
       Pre-equilibrium = 0.00000E+00
       Compound non-el = 7.20244E+02
     Total elastic   = 9.25809E+03

 2. Binary non-elastic cross sections (non-exclusive)

 gamma   = 1.73450E+02
 neutron = 5.46790E+02
 proton  = 0.00000E+00
 deuteron= 0.00000E+00
 triton  = 0.00000E+00
 helium-3= 0.00000E+00
 alpha   = 0.00000E+00

 3. Total particle production cross sections

 gamma   = 6.84278E+02    Multiplicity= 9.50063E-01
 neutron = 5.46820E+02    Multiplicity= 7.59215E-01
 proton  = 0.00000E+00    Multiplicity= 0.00000E+00
 deuteron= 0.00000E+00    Multiplicity= 0.00000E+00
 triton  = 0.00000E+00    Multiplicity= 0.00000E+00
 helium-3= 0.00000E+00    Multiplicity= 0.00000E+00
 alpha   = 0.00000E+00    Multiplicity= 0.00000E+00

 4. Residual production cross sections

   a. Per isotope

   Z   A  nuclide    total     level   isomeric    isomeric    lifetime
                 cross section       cross section  ratio

   43 100 (100Tc) 1.73420E+02    0    1.73420E+02  1.00000
   43  99 ( 99Tc) 5.46820E+02    0    5.45686E+02  0.99793
                                 2    1.13442E+00  0.00207   2.16300E+04 sec. 
   41  96 ( 96Nb) 1.00000E-07    0    0.00000E+00  0.00000

   b. Per mass

   A  cross section

  100 1.73420E+02
   99 5.46820E+02

 Total residual production cross section:   720.2401733
 Non-elastic cross section              :   720.2441406

 ########## RESULTS FOR E=   0.30000 ##########

 Energy dependent input flags

 Width fluctuations (flagwidth)            : y
 Unresolved resonance parameters (flagurr) : n
 Preequilibrium (flagpreeq)                : n
 Multiple preequilibrium (flagmulpre)      : n
 Number of continuum excitation energy bins: 40

 ########### REACTION SUMMARY FOR E=   0.30000 ###########

 Center-of-mass energy:    0.297

 1. Total (binary) cross sections

 Total           = 9.60177E+03
   Shape elastic   = 5.09652E+03
   Reaction        = 4.50525E+03
     Compound elastic= 3.41060E+03
     Non-elastic     = 1.09465E+03
       Direct          = 2.21426E-01
       Pre-equilibrium = 0.00000E+00
       Compound non-el = 1.09442E+03
     Total elastic   = 8.50712E+03

 2. Binary non-elastic cross sections (non-exclusive)

 gamma   = 1.32685E+02
 neutron = 9.61959E+02
 proton  = 0.00000E+00
 deuteron= 0.00000E+00
 triton  = 0.00000E+00
 helium-3= 0.00000E+00
 alpha   = 0.00000E+00

 3. Total particle production cross sections

 gamma   = 5.31584E+02    Multiplicity= 4.85622E-01
 neutron = 9.62009E+02    Multiplicity= 8.78831E-01
 proton  = 0.00000E+00    Multiplicity= 0.00000E+00
 deuteron= 0.00000E+00    Multiplicity= 0.00000E+00
 triton  = 0.00000E+00    Multiplicity= 0.00000E+00
 helium-3= 0.00000E+00    Multiplicity= 0.00000E+00
 alpha   = 0.00000E+00    Multiplicity= 0.00000E+00

 4. Residual production cross sections

   a. Per isotope

   Z   A  nuclide    total     level   isomeric    isomeric    lifetime
                 cross section       cross section  ratio

   43 100 (100Tc) 1.32635E+02    0    1.32635E+02  1.00000
   43  99 ( 99Tc) 9.62009E+02    0    9.59348E+02  0.99723
                                 2    2.66090E+00  0.00277   2.16300E+04 sec. 
   41  96 ( 96Nb) 1.00000E-07    0    0.00000E+00  0.00000

   b. Per mass

   A  cross section

  100 1.32635E+02
   99 9.62009E+02

 Total residual production cross section:  1094.6436768
 Non-elastic cross section              :  1094.6457520

 ########## RESULTS FOR E=   0.40000 ##########

 Energy dependent input flags

 Width fluctuations (flagwidth)            : y
 Unresolved resonance parameters (flagurr) : n
 Preequilibrium (flagpreeq)                : n
 Multiple preequilibrium (flagmulpre)      : n
 Number of continuum excitation energy bins: 40

 ########### REACTION SUMMARY FOR E=   0.40000 ###########

 Center-of-mass energy:    0.396

 1. Total (binary) cross sections

 Total           = 9.15742E+03
   Shape elastic   = 5.17332E+03
   Reaction        = 3.98410E+03
     Compound elastic= 2.85383E+03
     Non-elastic     = 1.13027E+03
       Direct          = 3.37348E-01
       Pre-equilibrium = 0.00000E+00
       Compound non-el = 1.12994E+03
     Total elastic   = 8.02715E+03

 2. Binary non-elastic cross sections (non-exclusive)

 gamma   = 1.19926E+02
 neutron = 1.01034E+03
 proton  = 0.00000E+00
 deuteron= 0.00000E+00
 triton  = 0.00000E+00
 helium-3= 0.00000E+00
 alpha   = 0.00000E+00

 3. Total particle production cross sections

 gamma   = 4.85699E+02    Multiplicity= 4.29718E-01
 neutron = 1.01050E+03    Multiplicity= 8.94028E-01
 proton  = 0.00000E+00    Multiplicity= 0.00000E+00
 deuteron= 0.00000E+00    Multiplicity= 0.00000E+00
 triton  = 0.00000E+00    Multiplicity= 0.00000E+00
 helium-3= 0.00000E+00    Multiplicity= 0.00000E+00
 alpha   = 0.00000E+00    Multiplicity= 0.00000E+00

 4. Residual production cross sections

   a. Per isotope

   Z   A  nuclide    total     level   isomeric    isomeric    lifetime
                 cross section       cross section  ratio

   43 100 (100Tc) 1.19775E+02    0    1.19775E+02  1.00000
   43  99 ( 99Tc) 1.01050E+03    0    1.00600E+03  0.99555
                                 2    4.49215E+00  0.00445   2.16300E+04 sec. 
   41  96 ( 96Nb) 1.00000E-07    0    0.00000E+00  0.00000

   b. Per mass

   A  cross section

  100 1.19775E+02
   99 1.01050E+03

 Total residual production cross section:  1130.2713623
 Non-elastic cross section              :  1130.2731934

 ########## RESULTS FOR E=   0.50000 ##########

 Energy dependent input flags

 Width fluctuations (flagwidth)            : y
 Unresolved resonance parameters (flagurr) : n
 Preequilibrium (flagpreeq)                : n
 Multiple preequilibrium (flagmulpre)      : n
 Number of continuum excitation energy bins: 40

 ########### REACTION SUMMARY FOR E=   0.50000 ###########

 Center-of-mass energy:    0.495

 1. Total (binary) cross sections

 Total           = 8.72630E+03
   Shape elastic   = 5.16445E+03
   Reaction        = 3.56184E+03
     Compound elastic= 2.47441E+03
     Non-elastic     = 1.08743E+03
       Direct          = 3.76006E-01
       Pre-equilibrium = 0.00000E+00
       Compound non-el = 1.08706E+03
     Total elastic   = 7.63886E+03

 2. Binary non-elastic cross sections (non-exclusive)

 gamma   = 1.15148E+02
 neutron = 9.72284E+02
 proton  = 0.00000E+00
 deuteron= 0.00000E+00
 triton  = 0.00000E+00
 helium-3= 0.00000E+00
 alpha   = 0.00000E+00

 3. Total particle production cross sections

 gamma   = 4.70666E+02    Multiplicity= 4.32823E-01
 neutron = 9.72472E+02    Multiplicity= 8.94282E-01
 proton  = 0.00000E+00    Multiplicity= 0.00000E+00
 deuteron= 0.00000E+00    Multiplicity= 0.00000E+00
 triton  = 0.00000E+00    Multiplicity= 0.00000E+00
 helium-3= 0.00000E+00    Multiplicity= 0.00000E+00
 alpha   = 0.00000E+00    Multiplicity= 0.00000E+00

 4. Residual production cross sections

   a. Per isotope

   Z   A  nuclide    total     level   isomeric    isomeric    lifetime
                 cross section       cross section  ratio

   43 100 (100Tc) 1.14960E+02    0    1.14960E+02  1.00000
   43  99 ( 99Tc) 9.72472E+02    0    9.65867E+02  0.99321
                                 2    6.60478E+00  0.00679   2.16300E+04 sec. 
   41  96 ( 96Nb) 1.00000E-07    0    0.00000E+00  0.00000

   b. Per mass

   A  cross section

  100 1.14960E+02
   99 9.72472E+02

 Total residual production cross section:  1087.4320068
 Non-elastic cross section              :  1087.4328613

 ########## RESULTS FOR E=   0.75000 ##########

 Energy dependent input flags

 Width fluctuations (flagwidth)            : y
 Unresolved resonance parameters (flagurr) : n
 Preequilibrium (flagpreeq)                : n
 Multiple preequilibrium (flagmulpre)      : n
 Number of continuum excitation energy bins: 40

 ########### REACTION SUMMARY FOR E=   0.75000 ###########

 Center-of-mass energy:    0.742

 1. Total (binary) cross sections

 Total           = 7.79509E+03
   Shape elastic   = 4.90869E+03
   Reaction        = 2.88640E+03
     Compound elastic= 1.47404E+03
     Non-elastic     = 1.41236E+03
       Direct          = 4.81912E-01
       Pre-equilibrium = 0.00000E+00
       Compound non-el = 1.41188E+03
     Total elastic   = 6.38273E+03

 2. Binary non-elastic cross sections (non-exclusive)

 gamma   = 8.63577E+01
 neutron = 1.32600E+03
 proton  = 0.00000E+00
 deuteron= 0.00000E+00
 triton  = 0.00000E+00
 helium-3= 0.00000E+00
 alpha   = 0.00000E+00

 3. Total particle production cross sections

 gamma   = 3.61325E+02    Multiplicity= 2.55830E-01
 neutron = 1.32646E+03    Multiplicity= 9.39183E-01
 proton  = 0.00000E+00    Multiplicity= 0.00000E+00
 deuteron= 0.00000E+00    Multiplicity= 0.00000E+00
 triton  = 0.00000E+00    Multiplicity= 0.00000E+00
 helium-3= 0.00000E+00    Multiplicity= 0.00000E+00
 alpha   = 0.00000E+00    Multiplicity= 0.00000E+00

 4. Residual production cross sections

   a. Per isotope

   Z   A  nuclide    total     level   isomeric    isomeric    lifetime
                 cross section       cross section  ratio

   43 100 (100Tc) 8.58961E+01    0    8.58961E+01  1.00000
   43  99 ( 99Tc) 1.32646E+03    0    1.23897E+03  0.93404
                                 2    8.74892E+01  0.06596   2.16300E+04 sec. 
   41  96 ( 96Nb) 1.00000E-07    0    0.00000E+00  0.00000

   b. Per mass

   A  cross section

  100 8.58961E+01
   99 1.32646E+03

 Total residual production cross section:  1412.3603516
 Non-elastic cross section              :  1412.3602295

 ########## RESULTS FOR E=   1.00000 ##########

 Energy dependent input flags

 Width fluctuations (flagwidth)            : y
 Unresolved resonance parameters (flagurr) : n
 Preequilibrium (flagpreeq)                : y
 Multiple preequilibrium (flagmulpre)      : n
 Number of continuum excitation energy bins: 40

 ########### REACTION SUMMARY FOR E=   1.00000 ###########

 Center-of-mass energy:    0.990

 1. Total (binary) cross sections

 Total           = 7.05764E+03
   Shape elastic   = 4.49961E+03
   Reaction        = 2.55803E+03
     Compound elastic= 6.17170E+02
     Non-elastic     = 1.94086E+03
       Direct          = 6.80811E+01
       Pre-equilibrium = 8.31745E-01
       Giant resonance = 5.13732E+00
       Compound non-el = 1.86681E+03
     Total elastic   = 5.11678E+03

 2. Binary non-elastic cross sections (non-exclusive)

 gamma   = 3.85366E+01
 neutron = 1.90233E+03
 proton  = 0.00000E+00
 deuteron= 0.00000E+00
 triton  = 0.00000E+00
 helium-3= 0.00000E+00
 alpha   = 2.59058E-10

 3. Total particle production cross sections

 gamma   = 5.20142E+02    Multiplicity= 2.67995E-01
 neutron = 1.90284E+03    Multiplicity= 9.80411E-01
 proton  = 0.00000E+00    Multiplicity= 0.00000E+00
 deuteron= 0.00000E+00    Multiplicity= 0.00000E+00
 triton  = 0.00000E+00    Multiplicity= 0.00000E+00
 helium-3= 0.00000E+00    Multiplicity= 0.00000E+00
 alpha   = 2.59058E-10    Multiplicity= 1.33476E-13

 4. Residual production cross sections

   a. Per isotope

   Z   A  nuclide    total     level   isomeric    isomeric    lifetime
                 cross section       cross section  ratio

   43 100 (100Tc) 3.80242E+01    0    3.80242E+01  1.00000
   43  99 ( 99Tc) 1.90284E+03    0    1.75993E+03  0.92490
                                 2    1.42907E+02  0.07510   2.16300E+04 sec. 
   41  96 ( 96Nb) 1.00000E-07    0    1.17957E-11  0.00000

   b. Per mass

   A  cross section

  100 3.80242E+01
   99 1.90284E+03

 Total residual production cross section:  1940.8658447
 Non-elastic cross section              :  1940.8598633

 ########## RESULTS FOR E=   1.50000 ##########

 Energy dependent input flags

 Width fluctuations (flagwidth)            : y
 Unresolved resonance parameters (flagurr) : n
 Preequilibrium (flagpreeq)                : y
 Multiple preequilibrium (flagmulpre)      : n
 Number of continuum excitation energy bins: 40

 ########### REACTION SUMMARY FOR E=   1.50000 ###########

 Center-of-mass energy:    1.485

 1. Total (binary) cross sections

 Total           = 5.97697E+03
   Shape elastic   = 3.63389E+03
   Reaction        = 2.34308E+03
     Compound elastic= 1.92912E+02
     Non-elastic     = 2.15017E+03
       Direct          = 8.47126E+01
       Pre-equilibrium = 1.08214E+01
       Giant resonance = 2.99117E+01
       Compound non-el = 2.02472E+03
     Total elastic   = 3.82680E+03

 2. Binary non-elastic cross sections (non-exclusive)

 gamma   = 1.62657E+01
 neutron = 2.13391E+03
 proton  = 1.07605E-33
 deuteron= 0.00000E+00
 triton  = 0.00000E+00
 helium-3= 0.00000E+00
 alpha   = 5.20766E-09

 3. Total particle production cross sections

 gamma   = 1.92226E+03    Multiplicity= 8.94006E-01
 neutron = 2.13453E+03    Multiplicity= 9.92729E-01
 proton  = 1.07605E-33    Multiplicity= 5.00447E-37
 deuteron= 0.00000E+00    Multiplicity= 0.00000E+00
 triton  = 0.00000E+00    Multiplicity= 0.00000E+00
 helium-3= 0.00000E+00    Multiplicity= 0.00000E+00
 alpha   = 5.20766E-09    Multiplicity= 2.42198E-12

 4. Residual production cross sections

   a. Per isotope

   Z   A  nuclide    total     level   isomeric    isomeric    lifetime
                 cross section       cross section  ratio

   43 100 (100Tc) 1.56392E+01    0    1.56392E+01  1.00000
   43  99 ( 99Tc) 2.13454E+03    0    1.83914E+03  0.86161
                                 2    2.95396E+02  0.13839   2.16300E+04 sec. 
   41  96 ( 96Nb) 1.00000E-07    0    2.32360E-10  0.00000

   b. Per mass

   A  cross section

  100 1.56392E+01
   99 2.13454E+03

 Total residual production cross section:  2150.1784668
 Non-elastic cross section              :  2150.1682129

 ########## RESULTS FOR E=   2.00000 ##########

 Energy dependent input flags

 Width fluctuations (flagwidth)            : y
 Unresolved resonance parameters (flagurr) : n
 Preequilibrium (flagpreeq)                : y
 Multiple preequilibrium (flagmulpre)      : n
 Number of continuum excitation energy bins: 40

 ########### REACTION SUMMARY FOR E=   2.00000 ###########

 Center-of-mass energy:    1.980

 1. Total (binary) cross sections

 Total           = 5.20490E+03
   Shape elastic   = 2.92606E+03
   Reaction        = 2.27884E+03
     Compound elastic= 7.56844E+01
     Non-elastic     = 2.20316E+03
       Direct          = 8.21603E+01
       Pre-equilibrium = 2.51473E+01
       Giant resonance = 4.32803E+01
       Compound non-el = 2.05257E+03
     Total elastic   = 3.00174E+03

 2. Binary non-elastic cross sections (non-exclusive)

 gamma   = 1.03165E+01
 neutron = 2.19284E+03
 proton  = 1.33192E-08
 deuteron= 0.00000E+00
 triton  = 0.00000E+00
 helium-3= 0.00000E+00
 alpha   = 2.08965E-06

 3. Total particle production cross sections

 gamma   = 2.81236E+03    Multiplicity= 1.27652E+00
 neutron = 2.19366E+03    Multiplicity= 9.95689E-01
 proton  = 1.33192E-08    Multiplicity= 6.04552E-12
 deuteron= 0.00000E+00    Multiplicity= 0.00000E+00
 triton  = 0.00000E+00    Multiplicity= 0.00000E+00
 helium-3= 0.00000E+00    Multiplicity= 0.00000E+00
 alpha   = 2.08965E-06    Multiplicity= 9.48482E-10

 4. Residual production cross sections

   a. Per isotope

   Z   A  nuclide    total     level   isomeric    isomeric    lifetime
                 cross section       cross section  ratio

   43 100 (100Tc) 9.50222E+00    0    9.50222E+00  1.00000
   43  99 ( 99Tc) 2.19367E+03    0    1.83967E+03  0.83863
                                 2    3.53998E+02  0.16137   2.16300E+04 sec. 
   41  96 ( 96Nb) 1.00000E-07    0    7.21612E-07  0.00000

   b. Per mass

   A  cross section

  100 9.50222E+00
   99 2.19367E+03

 Total residual production cross section:  2203.1723633
 Non-elastic cross section              :  2203.1557617

 ########## RESULTS FOR E=   2.50000 ##########

 Energy dependent input flags

 Width fluctuations (flagwidth)            : y
 Unresolved resonance parameters (flagurr) : n
 Preequilibrium (flagpreeq)                : y
 Multiple preequilibrium (flagmulpre)      : n
 Number of continuum excitation energy bins: 40

 ########### REACTION SUMMARY FOR E=   2.50000 ###########

 Center-of-mass energy:    2.475

 1. Total (binary) cross sections

 Total           = 4.62113E+03
   Shape elastic   = 2.41713E+03
   Reaction        = 2.20400E+03
     Compound elastic= 3.09780E+01
     Non-elastic     = 2.17302E+03
       Direct          = 8.06598E+01
       Pre-equilibrium = 4.20537E+01
       Giant resonance = 5.24065E+01
       Compound non-el = 1.99790E+03
     Total elastic   = 2.44811E+03

 2. Binary non-elastic cross sections (non-exclusive)

 gamma   = 7.14627E+00
 neutron = 2.16588E+03
 proton  = 7.18500E-06
 deuteron= 0.00000E+00
 triton  = 0.00000E+00
 helium-3= 0.00000E+00
 alpha   = 4.06846E-05

 3. Total particle production cross sections

 gamma   = 3.38322E+03    Multiplicity= 1.55692E+00
 neutron = 2.16680E+03    Multiplicity= 9.97139E-01
 proton  = 7.18500E-06    Multiplicity= 3.30645E-09
 deuteron= 0.00000E+00    Multiplicity= 0.00000E+00
 triton  = 0.00000E+00    Multiplicity= 0.00000E+00
 helium-3= 0.00000E+00    Multiplicity= 0.00000E+00
 alpha   = 4.06846E-05    Multiplicity= 1.87226E-08

 4. Residual production cross sections

   a. Per isotope

   Z   A  nuclide    total     level   isomeric    isomeric    lifetime
                 cross section       cross section  ratio

   43 100 (100Tc) 6.22123E+00    0    6.22123E+00  1.00000
   43  99 ( 99Tc) 2.16682E+03    0    1.79411E+03  0.82799
                                 2    3.72716E+02  0.17201   2.16300E+04 sec. 
   41  96 ( 96Nb) 1.00000E-07    0    1.34843E-05  0.00000

   b. Per mass

   A  cross section

  100 6.22123E+00
   99 2.16682E+03

 Total residual production cross section:  2173.0427246
 Non-elastic cross section              :  2173.0219727

 ########## RESULTS FOR E=   3.00000 ##########

 Energy dependent input flags

 Width fluctuations (flagwidth)            : y
 Unresolved resonance parameters (flagurr) : n
 Preequilibrium (flagpreeq)                : y
 Multiple preequilibrium (flagmulpre)      : n
 Number of continuum excitation energy bins: 40

 ########### REACTION SUMMARY FOR E=   3.00000 ###########

 Center-of-mass energy:    2.970

 1. Total (binary) cross sections

 Total           = 4.19826E+03
   Shape elastic   = 2.07491E+03
   Reaction        = 2.12335E+03
     Compound elastic= 1.30967E+01
     Non-elastic     = 2.11025E+03
       Direct          = 7.76185E+01
       Pre-equilibrium = 5.98462E+01
       Giant resonance = 5.77746E+01
       Compound non-el = 1.91501E+03
     Total elastic   = 2.08801E+03

 2. Binary non-elastic cross sections (non-exclusive)

 gamma   = 5.27967E+00
 neutron = 2.10498E+03
 proton  = 1.18225E-04
 deuteron= 0.00000E+00
 triton  = 0.00000E+00
 helium-3= 0.00000E+00
 alpha   = 1.23198E-04

 3. Total particle production cross sections

 gamma   = 3.76731E+03    Multiplicity= 1.78524E+00
 neutron = 2.10607E+03    Multiplicity= 9.98020E-01
 proton  = 1.18225E-04    Multiplicity= 5.60243E-08
 deuteron= 0.00000E+00    Multiplicity= 0.00000E+00
 triton  = 0.00000E+00    Multiplicity= 0.00000E+00
 helium-3= 0.00000E+00    Multiplicity= 0.00000E+00
 alpha   = 1.23199E-04    Multiplicity= 5.83809E-08

 4. Residual production cross sections

   a. Per isotope

   Z   A  nuclide    total     level   isomeric    isomeric    lifetime
                 cross section       cross section  ratio

   43 100 (100Tc) 4.18174E+00    0    4.18174E+00  1.00000
   43  99 ( 99Tc) 2.10610E+03    0    1.73079E+03  0.82180
                                 2    3.75305E+02  0.17820   2.16300E+04 sec. 
   41  96 ( 96Nb) 1.00000E-07    0    3.72337E-05  0.00000

   b. Per mass

   A  cross section

  100 4.18174E+00
   99 2.10610E+03

 Total residual production cross section:  2110.2795410
 Non-elastic cross section              :  2110.2534180

 ########## RESULTS FOR E=   3.50000 ##########

 Energy dependent input flags

 Width fluctuations (flagwidth)            : y
 Unresolved resonance parameters (flagurr) : n
 Preequilibrium (flagpreeq)                : y
 Multiple preequilibrium (flagmulpre)      : n
 Number of continuum excitation energy bins: 40

 ########### REACTION SUMMARY FOR E=   3.50000 ###########

 Center-of-mass energy:    3.465

 1. Total (binary) cross sections

 Total           = 3.92363E+03
   Shape elastic   = 1.86059E+03
   Reaction        = 2.06304E+03
     Compound elastic= 5.82168E+00
     Non-elastic     = 2.05722E+03
       Direct          = 7.32626E+01
       Pre-equilibrium = 7.97488E+01
       Giant resonance = 6.13104E+01
       Compound non-el = 1.84290E+03
     Total elastic   = 1.86641E+03

 2. Binary non-elastic cross sections (non-exclusive)

 gamma   = 4.14279E+00
 neutron = 2.05308E+03
 proton  = 7.69884E-04
 deuteron= 0.00000E+00
 triton  = 0.00000E+00
 helium-3= 0.00000E+00
 alpha   = 3.07836E-04

 3. Total particle production cross sections

 gamma   = 4.07782E+03    Multiplicity= 1.98220E+00
 neutron = 2.05426E+03    Multiplicity= 9.98561E-01
 proton  = 7.69885E-04    Multiplicity= 3.74236E-07
 deuteron= 0.00000E+00    Multiplicity= 0.00000E+00
 triton  = 0.00000E+00    Multiplicity= 0.00000E+00
 helium-3= 0.00000E+00    Multiplicity= 0.00000E+00
 alpha   = 3.07837E-04    Multiplicity= 1.49638E-07

 4. Residual production cross sections

   a. Per isotope

   Z   A  nuclide    total     level   isomeric    isomeric    lifetime
                 cross section       cross section  ratio

   43 100 (100Tc) 2.96250E+00    0    2.96250E+00  1.00000
   43  99 ( 99Tc) 2.05429E+03    0    1.67941E+03  0.81752
                                 2    3.74877E+02  0.18248   2.16300E+04 sec. 
   41  96 ( 96Nb) 1.00000E-07    0    8.46430E-05  0.00000

   b. Per mass

   A  cross section

  100 2.96250E+00
   99 2.05429E+03

 Total residual production cross section:  2057.2507324
 Non-elastic cross section              :  2057.2182617

 ########## RESULTS FOR E=   4.00000 ##########

 Energy dependent input flags

 Width fluctuations (flagwidth)            : y
 Unresolved resonance parameters (flagurr) : n
 Preequilibrium (flagpreeq)                : y
 Multiple preequilibrium (flagmulpre)      : n
 Number of continuum excitation energy bins: 40

 ########### REACTION SUMMARY FOR E=   4.00000 ###########

 Center-of-mass energy:    3.960

 1. Total (binary) cross sections

 Total           = 3.77613E+03
   Shape elastic   = 1.74285E+03
   Reaction        = 2.03328E+03
     Compound elastic= 2.75960E+00
     Non-elastic     = 2.03052E+03
       Direct          = 6.90833E+01
       Pre-equilibrium = 1.01974E+02
       Giant resonance = 6.36309E+01
       Compound non-el = 1.79583E+03
     Total elastic   = 1.74561E+03

 2. Binary non-elastic cross sections (non-exclusive)

 gamma   = 3.43849E+00
 neutron = 2.02708E+03
 proton  = 3.14260E-03
 deuteron= 0.00000E+00
 triton  = 0.00000E+00
 helium-3= 0.00000E+00
 alpha   = 6.99864E-04

 3. Total particle production cross sections

 gamma   = 4.38515E+03    Multiplicity= 2.15962E+00
 neutron = 2.02835E+03    Multiplicity= 9.98933E-01
 proton  = 3.14260E-03    Multiplicity= 1.54768E-06
 deuteron= 0.00000E+00    Multiplicity= 0.00000E+00
 triton  = 0.00000E+00    Multiplicity= 0.00000E+00
 helium-3= 0.00000E+00    Multiplicity= 0.00000E+00
 alpha   = 6.99869E-04    Multiplicity= 3.44674E-07

 4. Residual production cross sections

   a. Per isotope

   Z   A  nuclide    total     level   isomeric    isomeric    lifetime
                 cross section       cross section  ratio

   43 100 (100Tc) 2.16598E+00    0    2.16598E+00  1.00000
   43  99 ( 99Tc) 2.02839E+03    0    1.65104E+03  0.81396
                                 2    3.77356E+02  0.18604   2.16300E+04 sec. 
   42  99 ( 99Mo) 3.13542E-03    0    3.13542E-03  1.00000
   41  96 ( 96Nb) 1.00000E-07    0    1.71359E-04  0.00000

   b. Per mass

   A  cross section

  100 2.16598E+00
   99 2.02840E+03

 Total residual production cross section:  2030.5615234
 Non-elastic cross section              :  2030.5203857

 ########## RESULTS FOR E=   4.50000 ##########

 Energy dependent input flags

 Width fluctuations (flagwidth)            : y
 Unresolved resonance parameters (flagurr) : n
 Preequilibrium (flagpreeq)                : y
 Multiple preequilibrium (flagmulpre)      : n
 Number of continuum excitation energy bins: 40

 ########### REACTION SUMMARY FOR E=   4.50000 ###########

 Center-of-mass energy:    4.454

 1. Total (binary) cross sections

 Total           = 3.72732E+03
   Shape elastic   = 1.69757E+03
   Reaction        = 2.02975E+03
     Compound elastic= 1.39751E+00
     Non-elastic     = 2.02835E+03
       Direct          = 6.59837E+01
       Pre-equilibrium = 1.24956E+02
       Giant resonance = 6.53950E+01
       Compound non-el = 1.77202E+03
     Total elastic   = 1.69897E+03

 2. Binary non-elastic cross sections (non-exclusive)

 gamma   = 2.98175E+00
 neutron = 2.02537E+03
 proton  = 1.01268E-02
 deuteron= 0.00000E+00
 triton  = 0.00000E+00
 helium-3= 0.00000E+00
 alpha   = 1.51655E-03

 3. Total particle production cross sections

 gamma   = 4.72805E+03    Multiplicity= 2.33098E+00
 neutron = 2.02667E+03    Multiplicity= 9.99168E-01
 proton  = 1.01268E-02    Multiplicity= 4.99264E-06
 deuteron= 0.00000E+00    Multiplicity= 0.00000E+00
 triton  = 0.00000E+00    Multiplicity= 0.00000E+00
 helium-3= 0.00000E+00    Multiplicity= 0.00000E+00
 alpha   = 1.51657E-03    Multiplicity= 7.47684E-07

 4. Residual production cross sections

   a. Per isotope

   Z   A  nuclide    total     level   isomeric    isomeric    lifetime
                 cross section       cross section  ratio

   43 100 (100Tc) 1.68553E+00    0    1.68553E+00  1.00000
   43  99 ( 99Tc) 2.02671E+03    0    1.64215E+03  0.81025
                                 2    3.84562E+02  0.18975   2.16300E+04 sec. 
   42  99 ( 99Mo) 1.01214E-02    0    1.01214E-02  1.00000
   41  96 ( 96Nb) 1.51134E-03    0    1.51134E-03  1.00000
   39  92 ( 92Y ) 1.00000E-07    0    0.00000E+00  0.00000

   b. Per mass

   A  cross section

  100 1.68553E+00
   99 2.02672E+03
   96 1.51134E-03

 Total residual production cross section:  2028.4099121
 Non-elastic cross section              :  2028.3525391

 ########## RESULTS FOR E=   5.00000 ##########

 Energy dependent input flags

 Width fluctuations (flagwidth)            : y
 Unresolved resonance parameters (flagurr) : n
 Preequilibrium (flagpreeq)                : y
 Multiple preequilibrium (flagmulpre)      : n
 Number of continuum excitation energy bins: 40

 ########### REACTION SUMMARY FOR E=   5.00000 ###########

 Center-of-mass energy:    4.949

 1. Total (binary) cross sections

 Total           = 3.74622E+03
   Shape elastic   = 1.70558E+03
   Reaction        = 2.04064E+03
     Compound elastic= 7.46337E-01
     Non-elastic     = 2.03989E+03
       Direct          = 6.40754E+01
       Pre-equilibrium = 1.49636E+02
       Giant resonance = 6.69915E+01
       Compound non-el = 1.75919E+03
     Total elastic   = 1.70633E+03

 2. Binary non-elastic cross sections (non-exclusive)

 gamma   = 2.66957E+00
 neutron = 2.03721E+03
 proton  = 2.67316E-02
 deuteron= 2.88037E-22
 triton  = 0.00000E+00
 helium-3= 0.00000E+00
 alpha   = 3.56163E-03

 3. Total particle production cross sections

 gamma   = 5.06960E+03    Multiplicity= 2.48523E+00
 neutron = 2.03852E+03    Multiplicity= 9.99327E-01
 proton  = 2.67316E-02    Multiplicity= 1.31044E-05
 deuteron= 2.88037E-22    Multiplicity= 1.41202E-25
 triton  = 0.00000E+00    Multiplicity= 0.00000E+00
 helium-3= 0.00000E+00    Multiplicity= 0.00000E+00
 alpha   = 3.56166E-03    Multiplicity= 1.74600E-06

 4. Residual production cross sections

   a. Per isotope

   Z   A  nuclide    total     level   isomeric    isomeric    lifetime
                 cross section       cross section  ratio

   43 100 (100Tc) 1.35913E+00    0    1.35913E+00  1.00000
   43  99 ( 99Tc) 2.03858E+03    0    1.64977E+03  0.80928
                                 2    3.88807E+02  0.19072   2.16300E+04 sec. 
   42  99 ( 99Mo) 2.67258E-02    0    2.67258E-02  1.00000
   41  96 ( 96Nb) 3.55948E-03    0    3.55948E-03  1.00000
   39  92 ( 92Y ) 1.00000E-07    0    0.00000E+00  0.00000

   b. Per mass

   A  cross section

  100 1.35913E+00
   99 2.03861E+03
   96 3.55948E-03

 Total residual production cross section:  2039.9691162
 Non-elastic cross section              :  2039.8936768

 ########## RESULTS FOR E=   5.50000 ##########

 Energy dependent input flags

 Width fluctuations (flagwidth)            : y
 Unresolved resonance parameters (flagurr) : n
 Preequilibrium (flagpreeq)                : y
 Multiple preequilibrium (flagmulpre)      : n
 Number of continuum excitation energy bins: 40

 ########### REACTION SUMMARY FOR E=   5.50000 ###########

 Center-of-mass energy:    5.444

 1. Total (binary) cross sections

 Total           = 3.80413E+03
   Shape elastic   = 1.75049E+03
   Reaction        = 2.05364E+03
     Compound elastic= 4.13198E-01
     Non-elastic     = 2.05323E+03
       Direct          = 6.29721E+01
       Pre-equilibrium = 1.75881E+02
       Giant resonance = 6.84936E+01
       Compound non-el = 1.74588E+03
     Total elastic   = 1.75090E+03

 2. Binary non-elastic cross sections (non-exclusive)

 gamma   = 2.44545E+00
 neutron = 2.05068E+03
 proton  = 6.90952E-02
 deuteron= 3.74243E-14
 triton  = 0.00000E+00
 helium-3= 0.00000E+00
 alpha   = 8.52194E-03

 3. Total particle production cross sections

 gamma   = 5.39801E+03    Multiplicity= 2.62903E+00
 neutron = 2.05201E+03    Multiplicity= 9.99405E-01
 proton  = 6.90954E-02    Multiplicity= 3.36521E-05
 deuteron= 3.74243E-14    Multiplicity= 1.82271E-17
 triton  = 0.00000E+00    Multiplicity= 0.00000E+00
 helium-3= 0.00000E+00    Multiplicity= 0.00000E+00
 alpha   = 8.52199E-03    Multiplicity= 4.15053E-06

 4. Residual production cross sections

   a. Per isotope

   Z   A  nuclide    total     level   isomeric    isomeric    lifetime
                 cross section       cross section  ratio

   43 100 (100Tc) 1.12305E+00    0    1.12305E+00  1.00000
   43  99 ( 99Tc) 2.05207E+03    0    1.66019E+03  0.80903
                                 2    3.91882E+02  0.19097   2.16300E+04 sec. 
   42  99 ( 99Mo) 6.90935E-02    0    6.90935E-02  1.00000
   41  96 ( 96Nb) 8.51983E-03    0    8.51983E-03  1.00000
   39  92 ( 92Y ) 1.00000E-07    0    0.00000E+00  0.00000

   b. Per mass

   A  cross section

  100 1.12305E+00
   99 2.05214E+03
   96 8.51983E-03

 Total residual production cross section:  2053.2744141
 Non-elastic cross section              :  2053.2268066

 ########## RESULTS FOR E=   6.00000 ##########

 Energy dependent input flags

 Width fluctuations (flagwidth)            : y
 Unresolved resonance parameters (flagurr) : n
 Preequilibrium (flagpreeq)                : y
 Multiple preequilibrium (flagmulpre)      : n
 Number of continuum excitation energy bins: 40

 ########### REACTION SUMMARY FOR E=   6.00000 ###########

 Center-of-mass energy:    5.939

 1. Total (binary) cross sections

 Total           = 3.87882E+03
   Shape elastic   = 1.81818E+03
   Reaction        = 2.06064E+03
     Compound elastic= 2.33375E-01
     Non-elastic     = 2.06041E+03
       Direct          = 6.21070E+01
       Pre-equilibrium = 2.02666E+02
       Giant resonance = 6.97682E+01
       Compound non-el = 1.72587E+03
     Total elastic   = 1.81841E+03

 2. Binary non-elastic cross sections (non-exclusive)

 gamma   = 2.27683E+00
 neutron = 2.05796E+03
 proton  = 1.54276E-01
 deuteron= 3.39045E-10
 triton  = 0.00000E+00
 helium-3= 0.00000E+00
 alpha   = 1.95640E-02

 3. Total particle production cross sections

 gamma   = 5.67987E+03    Multiplicity= 2.75668E+00
 neutron = 2.05929E+03    Multiplicity= 9.99456E-01
 proton  = 1.54277E-01    Multiplicity= 7.48769E-05
 deuteron= 3.39045E-10    Multiplicity= 1.64553E-13
 triton  = 0.00000E+00    Multiplicity= 0.00000E+00
 helium-3= 0.00000E+00    Multiplicity= 0.00000E+00
 alpha   = 1.95641E-02    Multiplicity= 9.49525E-06

 4. Residual production cross sections

   a. Per isotope

   Z   A  nuclide    total     level   isomeric    isomeric    lifetime
                 cross section       cross section  ratio

   43 100 (100Tc) 9.50742E-01    0    9.50742E-01  1.00000
   43  99 ( 99Tc) 2.05937E+03    0    1.66708E+03  0.80951
                                 2    3.92295E+02  0.19049   2.16300E+04 sec. 
   42  99 ( 99Mo) 1.54279E-01    0    1.54279E-01  1.00000
   41  96 ( 96Nb) 1.95624E-02    0    1.95624E-02  1.00000
   39  92 ( 92Y ) 1.00000E-07    0    0.00000E+00  0.00000

   b. Per mass

   A  cross section

  100 9.50742E-01
   99 2.05952E+03
   96 1.95624E-02

 Total residual production cross section:  2060.4951172
 Non-elastic cross section              :  2060.4064941

 ########## RESULTS FOR E=   7.00000 ##########

 Energy dependent input flags

 Width fluctuations (flagwidth)            : y
 Unresolved resonance parameters (flagurr) : n
 Preequilibrium (flagpreeq)                : y
 Multiple preequilibrium (flagmulpre)      : n
 Number of continuum excitation energy bins: 40

 ########### REACTION SUMMARY FOR E=   7.00000 ###########

 Center-of-mass energy:    6.929

 1. Total (binary) cross sections

 Total           = 4.02775E+03
   Shape elastic   = 1.97868E+03
   Reaction        = 2.04907E+03
     Compound elastic= 7.66762E-02
     Non-elastic     = 2.04899E+03
       Direct          = 5.95553E+01
       Pre-equilibrium = 2.53613E+02
       Giant resonance = 7.79091E+01
       Compound non-el = 1.65792E+03
     Total elastic   = 1.97876E+03

 2. Binary non-elastic cross sections (non-exclusive)

 gamma   = 2.06143E+00
 neutron = 2.04622E+03
 proton  = 6.01748E-01
 deuteron= 3.66372E-06
 triton  = 0.00000E+00
 helium-3= 0.00000E+00
 alpha   = 8.32317E-02

 3. Total particle production cross sections

 gamma   = 6.07988E+03    Multiplicity= 2.96725E+00
 neutron = 2.04754E+03    Multiplicity= 9.99292E-01
 proton  = 6.01750E-01    Multiplicity= 2.93681E-04
 deuteron= 3.66372E-06    Multiplicity= 1.78806E-09
 triton  = 0.00000E+00    Multiplicity= 0.00000E+00
 helium-3= 0.00000E+00    Multiplicity= 0.00000E+00
 alpha   = 8.32319E-02    Multiplicity= 4.06209E-05

 4. Residual production cross sections

   a. Per isotope

   Z   A  nuclide    total     level   isomeric    isomeric    lifetime
                 cross section       cross section  ratio

   43 100 (100Tc) 7.41777E-01    0    7.41777E-01  1.00000
   43  99 ( 99Tc) 2.04765E+03    0    1.66790E+03  0.81454
                                 2    3.79751E+02  0.18546   2.16300E+04 sec. 
   42  99 ( 99Mo) 6.01783E-01    0    6.01783E-01  1.00000
   41  96 ( 96Nb) 8.32271E-02    0    8.32271E-02  1.00000
   39  92 ( 92Y ) 1.00000E-07    0    0.00000E+00  0.00000

   b. Per mass

   A  cross section

  100 7.41777E-01
   99 2.04825E+03
   96 8.32271E-02

 Total residual production cross section:  2049.0783691
 Non-elastic cross section              :  2048.9934082

 ########## RESULTS FOR E=   8.00000 ##########

 Energy dependent input flags

 Width fluctuations (flagwidth)            : y
 Unresolved resonance parameters (flagurr) : n
 Preequilibrium (flagpreeq)                : y
 Multiple preequilibrium (flagmulpre)      : n
 Number of continuum excitation energy bins: 40

 ########### REACTION SUMMARY FOR E=   8.00000 ###########

 Center-of-mass energy:    7.919

 1. Total (binary) cross sections

 Total           = 4.14441E+03
   Shape elastic   = 2.12810E+03
   Reaction        = 2.01631E+03
     Compound elastic= 2.61275E-02
     Non-elastic     = 2.01628E+03
       Direct          = 5.55871E+01
       Pre-equilibrium = 3.01629E+02
       Giant resonance = 8.59833E+01
       Compound non-el = 1.57308E+03
     Total elastic   = 2.12813E+03

 2. Binary non-elastic cross sections (non-exclusive)

 gamma   = 1.98685E+00
 neutron = 2.01234E+03
 proton  = 1.68036E+00
 deuteron= 5.17560E-04
 triton  = 3.27514E-20
 helium-3= 0.00000E+00
 alpha   = 3.13015E-01

 3. Total particle production cross sections

 gamma   = 6.36435E+03    Multiplicity= 3.15647E+00
 neutron = 2.01364E+03    Multiplicity= 9.98689E-01
 proton  = 1.68037E+00    Multiplicity= 8.33400E-04
 deuteron= 5.17560E-04    Multiplicity= 2.56690E-07
 triton  = 3.27514E-20    Multiplicity= 1.62434E-23
 helium-3= 0.00000E+00    Multiplicity= 0.00000E+00
 alpha   = 3.13016E-01    Multiplicity= 1.55244E-04

 4. Residual production cross sections

   a. Per isotope

   Z   A  nuclide    total     level   isomeric    isomeric    lifetime
                 cross section       cross section  ratio

   43 100 (100Tc) 6.83645E-01    0    6.83645E-01  1.00000
   43  99 ( 99Tc) 2.01379E+03    0    1.64638E+03  0.81756
                                 2    3.67403E+02  0.18244   2.16300E+04 sec. 
   42  99 ( 99Mo) 1.68055E+00    0    1.68055E+00  1.00000
   41  96 ( 96Nb) 3.13015E-01    0    3.13015E-01  1.00000
   39  92 ( 92Y ) 1.00000E-07    0    0.00000E+00  0.00000

   b. Per mass

   A  cross section

  100 6.83645E-01
   99 2.01547E+03
   96 3.13015E-01

 Total residual production cross section:  2016.4644775
 Non-elastic cross section              :  2016.2839355

 ########## RESULTS FOR E=   9.00000 ##########

 Energy dependent input flags

 Width fluctuations (flagwidth)            : n
 Unresolved resonance parameters (flagurr) : n
 Preequilibrium (flagpreeq)                : y
 Multiple preequilibrium (flagmulpre)      : n
 Number of continuum excitation energy bins: 40

 ########### REACTION SUMMARY FOR E=   9.00000 ###########

 Center-of-mass energy:    8.909

 1. Total (binary) cross sections

 Total           = 4.22320E+03
   Shape elastic   = 2.24187E+03
   Reaction        = 1.98133E+03
     Compound elastic= 7.30156E-03
     Non-elastic     = 1.98132E+03
       Direct          = 5.12029E+01
       Pre-equilibrium = 3.49681E+02
       Giant resonance = 8.57361E+01
       Compound non-el = 1.49470E+03
     Total elastic   = 2.24188E+03

 2. Binary non-elastic cross sections (non-exclusive)

 gamma   = 2.01571E+00
 neutron = 1.97478E+03
 proton  = 3.62262E+00
 deuteron= 8.62474E-03
 triton  = 2.69300E-10
 helium-3= 0.00000E+00
 alpha   = 8.93895E-01

 3. Total particle production cross sections

 gamma   = 6.59653E+03    Multiplicity= 3.32936E+00
 neutron = 1.97608E+03    Multiplicity= 9.97354E-01
 proton  = 3.62761E+00    Multiplicity= 1.83090E-03
 deuteron= 8.62474E-03    Multiplicity= 4.35302E-06
 triton  = 2.69300E-10    Multiplicity= 1.35919E-13
 helium-3= 0.00000E+00    Multiplicity= 0.00000E+00
 alpha   = 8.93917E-01    Multiplicity= 4.51172E-04

 4. Residual production cross sections

   a. Per isotope

   Z   A  nuclide    total     level   isomeric    isomeric    lifetime
                 cross section       cross section  ratio

   43 100 (100Tc) 7.16444E-01    0    7.16444E-01  1.00000
   43  99 ( 99Tc) 1.97626E+03    0    1.62224E+03  0.82087
                                 2    3.54015E+02  0.17913   2.16300E+04 sec. 
   42  99 ( 99Mo) 3.62311E+00    0    3.62311E+00  1.00000
   42  98 ( 98Mo) 1.36515E-02    0    1.36515E-02  1.00000
   41  96 ( 96Nb) 8.93893E-01    0    8.93893E-01  1.00000
   39  92 ( 92Y ) 1.00000E-07    0    0.00000E+00  0.00000

   b. Per mass

   A  cross section

  100 7.16444E-01
   99 1.97988E+03
   98 1.36515E-02
   96 8.93893E-01

 Total residual production cross section:  1981.5026855
 Non-elastic cross section              :  1981.3226318

 ########## RESULTS FOR E=  10.00000 ##########

 Energy dependent input flags

 Width fluctuations (flagwidth)            : n
 Unresolved resonance parameters (flagurr) : n
 Preequilibrium (flagpreeq)                : y
 Multiple preequilibrium (flagmulpre)      : n
 Number of continuum excitation energy bins: 40

 ########### REACTION SUMMARY FOR E=  10.00000 ###########

 Center-of-mass energy:    9.899

 1. Total (binary) cross sections

 Total           = 4.26805E+03
   Shape elastic   = 2.31426E+03
   Reaction        = 1.95379E+03
     Compound elastic= 2.77721E-03
     Non-elastic     = 1.95379E+03
       Direct          = 4.72729E+01
       Pre-equilibrium = 3.97622E+02
       Giant resonance = 8.36289E+01
       Compound non-el = 1.42526E+03
     Total elastic   = 2.31426E+03

 2. Binary non-elastic cross sections (non-exclusive)

 gamma   = 2.11364E+00
 neutron = 1.94313E+03
 proton  = 6.50535E+00
 deuteron= 7.63462E-02
 triton  = 1.27120E-06
 helium-3= 6.16571E-44
 alpha   = 1.96052E+00

 3. Total particle production cross sections

 gamma   = 5.24490E+03    Multiplicity= 2.68448E+00
 neutron = 2.37657E+03    Multiplicity= 1.21639E+00
 proton  = 6.52395E+00    Multiplicity= 3.33913E-03
 deuteron= 7.63462E-02    Multiplicity= 3.90760E-05
 triton  = 1.27120E-06    Multiplicity= 6.50632E-10
 helium-3= 6.16571E-44    Multiplicity= 0.00000E+00
 alpha   = 1.96069E+00    Multiplicity= 1.00353E-03

 4. Residual production cross sections

   a. Per isotope

   Z   A  nuclide    total     level   isomeric    isomeric    lifetime
                 cross section       cross section  ratio

   43 100 (100Tc) 8.20853E-01    0    8.20853E-01  1.00000
   43  99 ( 99Tc) 1.51248E+03    0    1.24771E+03  0.82494
                                 2    2.64770E+02  0.17506   2.16300E+04 sec. 
   42  99 ( 99Mo) 6.50294E+00    0    6.50294E+00  1.00000
   43  98 ( 98Tc) 4.32138E+02    0    4.32138E+02  1.00000
   42  98 ( 98Mo) 9.86216E-02    0    9.86216E-02  1.00000
   41  96 ( 96Nb) 1.96044E+00    0    1.96044E+00  1.00000
   39  92 ( 92Y ) 1.00000E-07    0    0.00000E+00  0.00000

   b. Per mass

   A  cross section

  100 8.20853E-01
   99 1.51898E+03
   98 4.32237E+02
   96 1.96044E+00

 Total residual production cross section:  1953.9995117
 Non-elastic cross section              :  1953.7872314

 ########## RESULTS FOR E=  11.00000 ##########

 Energy dependent input flags

 Width fluctuations (flagwidth)            : n
 Unresolved resonance parameters (flagurr) : n
 Preequilibrium (flagpreeq)                : y
 Multiple preequilibrium (flagmulpre)      : n
 Number of continuum excitation energy bins: 40

 ########### REACTION SUMMARY FOR E=  11.00000 ###########

 Center-of-mass energy:   10.888

 1. Total (binary) cross sections

 Total           = 4.28281E+03
   Shape elastic   = 2.34779E+03
   Reaction        = 1.93502E+03
     Compound elastic= 1.09599E-03
     Non-elastic     = 1.93502E+03
       Direct          = 4.41756E+01
       Pre-equilibrium = 4.45936E+02
       Giant resonance = 8.10250E+01
       Compound non-el = 1.36388E+03
     Total elastic   = 2.34779E+03

 2. Binary non-elastic cross sections (non-exclusive)

 gamma   = 2.23662E+00
 neutron = 1.91855E+03
 proton  = 1.03082E+01
 deuteron= 3.62200E-01
 triton  = 2.52948E-04
 helium-3= 3.09576E-24
 alpha   = 3.56091E+00

 3. Total particle production cross sections

 gamma   = 4.19073E+03    Multiplicity= 2.16573E+00
 neutron = 2.81090E+03    Multiplicity= 1.45265E+00
 proton  = 1.03314E+01    Multiplicity= 5.33917E-03
 deuteron= 3.62200E-01    Multiplicity= 1.87182E-04
 triton  = 2.52948E-04    Multiplicity= 1.30721E-07
 helium-3= 3.09576E-24    Multiplicity= 1.59986E-27
 alpha   = 3.56147E+00    Multiplicity= 1.84053E-03

 4. Residual production cross sections

   a. Per isotope

   Z   A  nuclide    total     level   isomeric    isomeric    lifetime
                 cross section       cross section  ratio

   43 100 (100Tc) 9.45184E-01    0    9.45184E-01  1.00000
   43  99 ( 99Tc) 1.02906E+03    0    8.47027E+02  0.82311
                                 2    1.82031E+02  0.17689   2.16300E+04 sec. 
   42  99 ( 99Mo) 1.02612E+01    0    1.02612E+01  1.00000
   43  98 ( 98Tc) 8.91011E+02    0    8.91011E+02  1.00000
   42  98 ( 98Mo) 4.34898E-01    0    4.34898E-01  1.00000
   41  96 ( 96Nb) 3.55977E+00    0    3.55977E+00  1.00000
   41  95 ( 95Nb) 1.68896E-03    0    1.59087E-03  0.94193
                                 1    9.80826E-05  0.05807   3.11900E+05 sec. 
   39  92 ( 92Y ) 1.00000E-07    0    2.20315E-16  0.00000

   b. Per mass

   A  cross section

  100 9.45184E-01
   99 1.03932E+03
   98 8.91446E+02
   96 3.55977E+00
   95 1.68896E-03

 Total residual production cross section:  1935.2720947
 Non-elastic cross section              :  1935.0189209

 ########## RESULTS FOR E=  12.00000 ##########

 Energy dependent input flags

 Width fluctuations (flagwidth)            : n
 Unresolved resonance parameters (flagurr) : n
 Preequilibrium (flagpreeq)                : y
 Multiple preequilibrium (flagmulpre)      : n
 Number of continuum excitation energy bins: 40

 ########### REACTION SUMMARY FOR E=  12.00000 ###########

 Center-of-mass energy:   11.878

 1. Total (binary) cross sections

 Total           = 4.26999E+03
   Shape elastic   = 2.34778E+03
   Reaction        = 1.92220E+03
     Compound elastic= 4.46436E-04
     Non-elastic     = 1.92220E+03
       Direct          = 4.20378E+01
       Pre-equilibrium = 4.94589E+02
       Giant resonance = 7.87809E+01
       Compound non-el = 1.30679E+03
     Total elastic   = 2.34778E+03

 2. Binary non-elastic cross sections (non-exclusive)

 gamma   = 2.34438E+00
 neutron = 1.89794E+03
 proton  = 1.49582E+01
 deuteron= 1.26312E+00
 triton  = 6.73252E-03
 helium-3= 3.25776E-17
 alpha   = 5.68562E+00

 3. Total particle production cross sections

 gamma   = 3.91279E+03    Multiplicity= 2.03558E+00
 neutron = 3.06106E+03    Multiplicity= 1.59248E+00
 proton  = 1.49984E+01    Multiplicity= 7.80275E-03
 deuteron= 1.26312E+00    Multiplicity= 6.57123E-04
 triton  = 6.73252E-03    Multiplicity= 3.50251E-06
 helium-3= 3.25776E-17    Multiplicity= 1.69481E-20
 alpha   = 5.68748E+00    Multiplicity= 2.95884E-03

 4. Residual production cross sections

   a. Per isotope

   Z   A  nuclide    total     level   isomeric    isomeric    lifetime
                 cross section       cross section  ratio

   43 100 (100Tc) 1.04120E+00    0    1.04120E+00  1.00000
   43  99 ( 99Tc) 7.37993E+02    0    6.05601E+02  0.82060
                                 2    1.32393E+02  0.17940   2.16300E+04 sec. 
   42  99 ( 99Mo) 1.46582E+01    0    1.46582E+01  1.00000
   43  98 ( 98Tc) 1.16150E+03    0    1.16150E+03  1.00000
   42  98 ( 98Mo) 1.60790E+00    0    1.60790E+00  1.00000
   42  97 ( 97Mo) 6.74520E-03    0    6.74520E-03  1.00000
   41  96 ( 96Nb) 5.67105E+00    0    5.67105E+00  1.00000
   41  95 ( 95Nb) 1.64222E-02    0    1.57290E-02  0.95779
                                 1    6.93221E-04  0.04221   3.11900E+05 sec. 
   39  92 ( 92Y ) 1.00000E-07    0    7.93722E-14  0.00000

   b. Per mass

   A  cross section

  100 1.04120E+00
   99 7.52652E+02
   98 1.16311E+03
   97 6.74520E-03
   96 5.67105E+00
   95 1.64222E-02

 Total residual production cross section:  1922.4940186
 Non-elastic cross section              :  1922.1994629

 ########## RESULTS FOR E=  13.00000 ##########

 Energy dependent input flags

 Width fluctuations (flagwidth)            : n
 Unresolved resonance parameters (flagurr) : n
 Preequilibrium (flagpreeq)                : y
 Multiple preequilibrium (flagmulpre)      : n
 Number of continuum excitation energy bins: 40

 ########### REACTION SUMMARY FOR E=  13.00000 ###########

 Center-of-mass energy:   12.868

 1. Total (binary) cross sections

 Total           = 4.23234E+03
   Shape elastic   = 2.32000E+03
   Reaction        = 1.91234E+03
     Compound elastic= 1.86881E-04
     Non-elastic     = 1.91234E+03
       Direct          = 4.06542E+01
       Pre-equilibrium = 5.43056E+02
       Giant resonance = 7.68445E+01
       Compound non-el = 1.25178E+03
     Total elastic   = 2.32000E+03

 2. Binary non-elastic cross sections (non-exclusive)

 gamma   = 2.42718E+00
 neutron = 1.87814E+03
 proton  = 2.05079E+01
 deuteron= 2.90065E+00
 triton  = 7.15511E-02
 helium-3= 9.04262E-13
 alpha   = 8.29157E+00

 3. Total particle production cross sections

 gamma   = 4.04558E+03    Multiplicity= 2.11551E+00
 neutron = 3.17993E+03    Multiplicity= 1.66285E+00
 proton  = 2.05917E+01    Multiplicity= 1.07678E-02
 deuteron= 2.90065E+00    Multiplicity= 1.51681E-03
 triton  = 7.15511E-02    Multiplicity= 3.74155E-05
 helium-3= 9.04262E-13    Multiplicity= 4.72856E-16
 alpha   = 8.29812E+00    Multiplicity= 4.33925E-03

 4. Residual production cross sections

   a. Per isotope

   Z   A  nuclide    total     level   isomeric    isomeric    lifetime
                 cross section       cross section  ratio

   43 100 (100Tc) 1.06899E+00    0    1.06899E+00  1.00000
   43  99 ( 99Tc) 5.80580E+02    0    4.75644E+02  0.81926
                                 2    1.04935E+02  0.18074   2.16300E+04 sec. 
   42  99 ( 99Mo) 1.93460E+01    0    1.93460E+01  1.00000
   43  98 ( 98Tc) 1.29915E+03    0    1.29915E+03  1.00000
   42  98 ( 98Mo) 4.15310E+00    0    4.15310E+00  1.00000
   42  97 ( 97Mo) 7.15488E-02    0    7.15488E-02  1.00000
   41  96 ( 96Nb) 8.17991E+00    0    8.17991E+00  1.00000
   41  95 ( 95Nb) 1.18202E-01    0    1.12711E-01  0.95355
                                 1    5.49027E-03  0.04645   3.11900E+05 sec. 
   39  92 ( 92Y ) 1.00000E-07    0    2.19345E-12  0.00000

   b. Per mass

   A  cross section

  100 1.06899E+00
   99 5.99926E+02
   98 1.30330E+03
   97 7.15488E-02
   96 8.17991E+00
   95 1.18202E-01

 Total residual production cross section:  1912.6644287
 Non-elastic cross section              :  1912.3397217

 ########## RESULTS FOR E=  14.00000 ##########

 Energy dependent input flags

 Width fluctuations (flagwidth)            : n
 Unresolved resonance parameters (flagurr) : n
 Preequilibrium (flagpreeq)                : y
 Multiple preequilibrium (flagmulpre)      : n
 Number of continuum excitation energy bins: 40

 ########### REACTION SUMMARY FOR E=  14.00000 ###########

 Center-of-mass energy:   13.858

 1. Total (binary) cross sections

 Total           = 4.17428E+03
   Shape elastic   = 2.27011E+03
   Reaction        = 1.90417E+03
     Compound elastic= 8.02788E-05
     Non-elastic     = 1.90417E+03
       Direct          = 3.94025E+01
       Pre-equilibrium = 5.91240E+02
       Giant resonance = 7.49905E+01
       Compound non-el = 1.19854E+03
     Total elastic   = 2.27011E+03

 2. Binary non-elastic cross sections (non-exclusive)

 gamma   = 2.49583E+00
 neutron = 1.85822E+03
 proton  = 2.65946E+01
 deuteron= 5.13765E+00
 triton  = 3.12129E-01
 helium-3= 1.12799E-10
 alpha   = 1.14118E+01

 3. Total particle production cross sections

 gamma   = 4.30823E+03    Multiplicity= 2.26252E+00
 neutron = 3.23362E+03    Multiplicity= 1.69818E+00
 proton  = 2.67720E+01    Multiplicity= 1.40597E-02
 deuteron= 5.13765E+00    Multiplicity= 2.69811E-03
 triton  = 3.12129E-01    Multiplicity= 1.63919E-04
 helium-3= 1.12799E-10    Multiplicity= 5.92379E-14
 alpha   = 1.14318E+01    Multiplicity= 6.00358E-03

 4. Residual production cross sections

   a. Per isotope

   Z   A  nuclide    total     level   isomeric    isomeric    lifetime
                 cross section       cross section  ratio

   43 100 (100Tc) 1.04143E+00    0    1.04143E+00  1.00000
   43  99 ( 99Tc) 4.89529E+02    0    4.00592E+02  0.81832
                                 2    8.89367E+01  0.18168   2.16300E+04 sec. 
   42  99 ( 99Mo) 2.34206E+01    0    2.34206E+01  1.00000
   43  98 ( 98Tc) 1.37029E+03    0    1.37029E+03  1.00000
   42  98 ( 98Mo) 8.49923E+00    0    8.49923E+00  1.00000
   42  97 ( 97Mo) 3.12139E-01    0    3.12139E-01  1.00000
   41  96 ( 96Nb) 1.09428E+01    0    1.09428E+01  1.00000
   41  95 ( 95Nb) 4.89004E-01    0    4.61017E-01  0.94277
                                 1    2.79862E-02  0.05723   3.11900E+05 sec. 
   39  92 ( 92Y ) 1.00000E-07    0    2.88693E-11  0.00000

   b. Per mass

   A  cross section

  100 1.04143E+00
   99 5.12950E+02
   98 1.37879E+03
   97 3.12139E-01
   96 1.09428E+01
   95 4.89004E-01

 Total residual production cross section:  1904.5263672
 Non-elastic cross section              :  1904.1699219

 ########## RESULTS FOR E=  15.00000 ##########

 Energy dependent input flags

 Width fluctuations (flagwidth)            : n
 Unresolved resonance parameters (flagurr) : n
 Preequilibrium (flagpreeq)                : y
 Multiple preequilibrium (flagmulpre)      : n
 Number of continuum excitation energy bins: 40

 ########### REACTION SUMMARY FOR E=  15.00000 ###########

 Center-of-mass energy:   14.847

 1. Total (binary) cross sections

 Total           = 4.10090E+03
   Shape elastic   = 2.20375E+03
   Reaction        = 1.89715E+03
     Compound elastic= 3.53400E-05
     Non-elastic     = 1.89715E+03
       Direct          = 3.81433E+01
       Pre-equilibrium = 6.39200E+02
       Giant resonance = 7.36208E+01
       Compound non-el = 1.14619E+03
     Total elastic   = 2.20375E+03

 2. Binary non-elastic cross sections (non-exclusive)

 gamma   = 2.54493E+00
 neutron = 1.83762E+03
 proton  = 3.32722E+01
 deuteron= 7.74975E+00
 triton  = 8.03973E-01
 helium-3= 1.89948E-08
 alpha   = 1.51558E+01

 3. Total particle production cross sections

 gamma   = 4.58894E+03    Multiplicity= 2.41886E+00
 neutron = 3.25848E+03    Multiplicity= 1.71756E+00
 proton  = 3.36240E+01    Multiplicity= 1.77234E-02
 deuteron= 7.74975E+00    Multiplicity= 4.08494E-03
 triton  = 8.03973E-01    Multiplicity= 4.23779E-04
 helium-3= 1.89948E-08    Multiplicity= 1.00123E-11
 alpha   = 1.52065E+01    Multiplicity= 8.01543E-03

 4. Residual production cross sections

   a. Per isotope

   Z   A  nuclide    total     level   isomeric    isomeric    lifetime
                 cross section       cross section  ratio

   43 100 (100Tc) 9.73486E-01    0    9.73486E-01  1.00000
   43  99 ( 99Tc) 4.28115E+02    0    3.49886E+02  0.81727
                                 2    7.82288E+01  0.18273   2.16300E+04 sec. 
   42  99 ( 99Mo) 2.65808E+01    0    2.65808E+01  1.00000
   43  98 ( 98Tc) 1.41107E+03    0    1.41107E+03  1.00000
   42  98 ( 98Mo) 1.48068E+01    0    1.48068E+01  1.00000
   42  97 ( 97Mo) 8.04035E-01    0    8.04035E-01  1.00000
   41  96 ( 96Nb) 1.36455E+01    0    1.36455E+01  1.00000
   41  95 ( 95Nb) 1.56101E+00    0    1.46105E+00  0.93597
                                 1    9.99579E-02  0.06403   3.11900E+05 sec. 
   39  92 ( 92Y ) 1.00000E-07    0    3.43691E-10  0.00000

   b. Per mass

   A  cross section

  100 9.73486E-01
   99 4.54696E+02
   98 1.42587E+03
   97 8.04035E-01
   96 1.36455E+01
   95 1.56101E+00

 Total residual production cross section:  1897.5534668
 Non-elastic cross section              :  1897.1500244

 ########## RESULTS FOR E=  16.00000 ##########

 Energy dependent input flags

 Width fluctuations (flagwidth)            : n
 Unresolved resonance parameters (flagurr) : n
 Preequilibrium (flagpreeq)                : y
 Multiple preequilibrium (flagmulpre)      : n
 Number of continuum excitation energy bins: 40

 ########### REACTION SUMMARY FOR E=  16.00000 ###########

 Center-of-mass energy:   15.837

 1. Total (binary) cross sections

 Total           = 4.01618E+03
   Shape elastic   = 2.12616E+03
   Reaction        = 1.89002E+03
     Compound elastic= 1.59549E-05
     Non-elastic     = 1.89002E+03
       Direct          = 3.53571E+01
       Pre-equilibrium = 6.86379E+02
       Giant resonance = 7.26788E+01
       Compound non-el = 1.09561E+03
     Total elastic   = 2.12616E+03

 2. Binary non-elastic cross sections (non-exclusive)

 gamma   = 2.59664E+00
 neutron = 1.81650E+03
 proton  = 4.03728E+01
 deuteron= 9.07917E+00
 triton  = 1.54873E+00
 helium-3= 8.62891E-07
 alpha   = 1.99273E+01

 3. Total particle production cross sections

 gamma   = 4.88588E+03    Multiplicity= 2.58510E+00
 neutron = 3.26148E+03    Multiplicity= 1.72563E+00
 proton  = 4.10106E+01    Multiplicity= 2.16985E-02
 deuteron= 9.07917E+00    Multiplicity= 4.80374E-03
 triton  = 1.54873E+00    Multiplicity= 8.19423E-04
 helium-3= 8.62891E-07    Multiplicity= 4.56551E-10
 alpha   = 2.00368E+01    Multiplicity= 1.06014E-02

 4. Residual production cross sections

   a. Per isotope

   Z   A  nuclide    total     level   isomeric    isomeric    lifetime
                 cross section       cross section  ratio

   43 100 (100Tc) 8.51036E-01    0    8.51036E-01  1.00000
   43  99 ( 99Tc) 3.90055E+02    0    3.18116E+02  0.81557
                                 2    7.19391E+01  0.18443   2.16300E+04 sec. 
   42  99 ( 99Mo) 2.89322E+01    0    2.89322E+01  1.00000
   43  98 ( 98Tc) 1.42785E+03    0    1.42785E+03  1.00000
   42  98 ( 98Mo) 2.11768E+01    0    2.11768E+01  1.00000
   42  97 ( 97Mo) 1.54892E+00    0    1.54892E+00  1.00000
   41  96 ( 96Nb) 1.59978E+01    0    1.59978E+01  1.00000
   41  95 ( 95Nb) 4.03909E+00    0    3.85296E+00  0.95392
                                 1    1.86133E-01  0.04608   3.11900E+05 sec. 
   39  92 ( 92Y ) 1.00000E-07    0    2.80912E-09  0.00000

   b. Per mass

   A  cross section

  100 8.51036E-01
   99 4.18987E+02
   98 1.44903E+03
   97 1.54892E+00
   96 1.59978E+01
   95 4.03909E+00

 Total residual production cross section:  1890.4541016
 Non-elastic cross section              :  1890.0200195

 ########## RESULTS FOR E=  17.00000 ##########

 Energy dependent input flags

 Width fluctuations (flagwidth)            : n
 Unresolved resonance parameters (flagurr) : n
 Preequilibrium (flagpreeq)                : y
 Multiple preequilibrium (flagmulpre)      : n
 Number of continuum excitation energy bins: 40

 ########### REACTION SUMMARY FOR E=  17.00000 ###########

 Center-of-mass energy:   16.827

 1. Total (binary) cross sections

 Total           = 3.92282E+03
   Shape elastic   = 2.04184E+03
   Reaction        = 1.88097E+03
     Compound elastic= 7.36370E-06
     Non-elastic     = 1.88097E+03
       Direct          = 3.40612E+01
       Pre-equilibrium = 7.31784E+02
       Giant resonance = 7.19398E+01
       Compound non-el = 1.04318E+03
     Total elastic   = 2.04184E+03

 2. Binary non-elastic cross sections (non-exclusive)

 gamma   = 2.63987E+00
 neutron = 1.79078E+03
 proton  = 4.77503E+01
 deuteron= 1.18165E+01
 triton  = 2.50875E+00
 helium-3= 1.68621E-05
 alpha   = 2.54754E+01

 3. Total particle production cross sections

 gamma   = 5.11230E+03    Multiplicity= 2.71791E+00
 neutron = 3.25768E+03    Multiplicity= 1.73191E+00
 proton  = 4.87991E+01    Multiplicity= 2.59436E-02
 deuteron= 1.18165E+01    Multiplicity= 6.28215E-03
 triton  = 2.50875E+00    Multiplicity= 1.33375E-03
 helium-3= 1.68621E-05    Multiplicity= 8.96458E-09
 alpha   = 2.56837E+01    Multiplicity= 1.36545E-02

 4. Residual production cross sections

   a. Per isotope

   Z   A  nuclide    total     level   isomeric    isomeric    lifetime
                 cross section       cross section  ratio

   43 100 (100Tc) 7.32272E-01    0    7.32272E-01  1.00000
   43  99 ( 99Tc) 3.58464E+02    0    2.92466E+02  0.81589
                                 2    6.59973E+01  0.18411   2.16300E+04 sec. 
   42  99 ( 99Mo) 3.05874E+01    0    3.05874E+01  1.00000
   43  98 ( 98Tc) 1.42689E+03    0    1.42689E+03  1.00000
   42  98 ( 98Mo) 3.00502E+01    0    3.00502E+01  1.00000
   43  97 ( 97Tc) 6.53045E+00    0    6.02975E+00  0.92333
                                 1    5.00696E-01  0.07667   7.86200E+06 sec. 
   42  97 ( 97Mo) 2.51048E+00    0    2.51048E+00  1.00000
   41  96 ( 96Nb) 1.76215E+01    0    1.76215E+01  1.00000
   41  95 ( 95Nb) 8.06222E+00    0    7.67527E+00  0.95201
                                 1    3.86946E-01  0.04799   3.11900E+05 sec. 
   39  92 ( 92Y ) 1.00000E-07    0    1.70209E-08  0.00000

   b. Per mass

   A  cross section

  100 7.32272E-01
   99 3.89051E+02
   98 1.45694E+03
   97 9.04093E+00
   96 1.76215E+01
   95 8.06222E+00

 Total residual production cross section:  1881.4501953
 Non-elastic cross section              :  1880.9699707

 ########## RESULTS FOR E=  18.00000 ##########

 Energy dependent input flags

 Width fluctuations (flagwidth)            : n
 Unresolved resonance parameters (flagurr) : n
 Preequilibrium (flagpreeq)                : y
 Multiple preequilibrium (flagmulpre)      : n
 Number of continuum excitation energy bins: 40

 ########### REACTION SUMMARY FOR E=  18.00000 ###########

 Center-of-mass energy:   17.817

 1. Total (binary) cross sections

 Total           = 3.82338E+03
   Shape elastic   = 1.95441E+03
   Reaction        = 1.86897E+03
     Compound elastic= 3.48860E-06
     Non-elastic     = 1.86897E+03
       Direct          = 3.27765E+01
       Pre-equilibrium = 7.73162E+02
       Giant resonance = 7.11187E+01
       Compound non-el = 9.91912E+02
     Total elastic   = 1.95441E+03

 2. Binary non-elastic cross sections (non-exclusive)

 gamma   = 2.67465E+00
 neutron = 1.76282E+03
 proton  = 5.52395E+01
 deuteron= 1.45888E+01
 triton  = 3.63273E+00
 helium-3= 1.83945E-04
 alpha   = 3.00150E+01

 3. Total particle production cross sections

 gamma   = 5.08456E+03    Multiplicity= 2.72052E+00
 neutron = 3.30903E+03    Multiplicity= 1.77051E+00
 proton  = 5.68255E+01    Multiplicity= 3.04047E-02
 deuteron= 1.45889E+01    Multiplicity= 7.80584E-03
 triton  = 3.63273E+00    Multiplicity= 1.94371E-03
 helium-3= 1.83945E-04    Multiplicity= 9.84204E-08
 alpha   = 3.03729E+01    Multiplicity= 1.62512E-02

 4. Residual production cross sections

   a. Per isotope

   Z   A  nuclide    total     level   isomeric    isomeric    lifetime
                 cross section       cross section  ratio

   43 100 (100Tc) 5.88871E-01    0    5.88871E-01  1.00000
   43  99 ( 99Tc) 3.37571E+02    0    2.75265E+02  0.81543
                                 2    6.23059E+01  0.18457   2.16300E+04 sec. 
   42  99 ( 99Mo) 3.14970E+01    0    3.14970E+01  1.00000
   43  98 ( 98Tc) 1.34333E+03    0    1.34333E+03  1.00000
   42  98 ( 98Mo) 3.99244E+01    0    3.99244E+01  1.00000
   43  97 ( 97Tc) 8.25371E+01    0    7.60981E+01  0.92199
                                 1    6.43907E+00  0.07801   7.86200E+06 sec. 
   42  97 ( 97Mo) 3.65666E+00    0    3.65666E+00  1.00000
   41  96 ( 96Nb) 1.80892E+01    0    1.80892E+01  1.00000
   41  95 ( 95Nb) 1.22837E+01    0    1.16425E+01  0.94781
                                 1    6.41130E-01  0.05219   3.11900E+05 sec. 
   39  92 ( 92Y ) 1.00000E-07    0    8.48248E-08  0.00000

   b. Per mass

   A  cross section

  100 5.88871E-01
   99 3.69068E+02
   98 1.38326E+03
   97 8.61938E+01
   96 1.80892E+01
   95 1.22837E+01

 Total residual production cross section:  1869.4814453
 Non-elastic cross section              :  1868.9699707

 ########## RESULTS FOR E=  19.00000 ##########

 Energy dependent input flags

 Width fluctuations (flagwidth)            : n
 Unresolved resonance parameters (flagurr) : n
 Preequilibrium (flagpreeq)                : y
 Multiple preequilibrium (flagmulpre)      : n
 Number of continuum excitation energy bins: 40

 ########### REACTION SUMMARY FOR E=  19.00000 ###########

 Center-of-mass energy:   18.806

 1. Total (binary) cross sections

 Total           = 3.72121E+03
   Shape elastic   = 1.86681E+03
   Reaction        = 1.85440E+03
     Compound elastic= 1.70661E-06
     Non-elastic     = 1.85440E+03
       Direct          = 3.14493E+01
       Pre-equilibrium = 8.10433E+02
       Giant resonance = 7.03968E+01
       Compound non-el = 9.42121E+02
     Total elastic   = 1.86681E+03

 2. Binary non-elastic cross sections (non-exclusive)

 gamma   = 2.69880E+00
 neutron = 1.73316E+03
 proton  = 6.27262E+01
 deuteron= 1.73343E+01
 triton  = 4.86789E+00
 helium-3= 1.30726E-03
 alpha   = 3.36072E+01

 3. Total particle production cross sections

 gamma   = 4.82884E+03    Multiplicity= 2.60399E+00
 neutron = 3.42794E+03    Multiplicity= 1.84854E+00
 proton  = 6.49480E+01    Multiplicity= 3.50237E-02
 deuteron= 1.73347E+01    Multiplicity= 9.34786E-03
 triton  = 4.86789E+00    Multiplicity= 2.62505E-03
 helium-3= 1.30726E-03    Multiplicity= 7.04948E-07
 alpha   = 3.41698E+01    Multiplicity= 1.84263E-02

 4. Residual production cross sections

   a. Per isotope

   Z   A  nuclide    total     level   isomeric    isomeric    lifetime
                 cross section       cross section  ratio

   43 100 (100Tc) 4.80745E-01    0    4.80745E-01  1.00000
   43  99 ( 99Tc) 3.19068E+02    0    2.60018E+02  0.81493
                                 2    5.90491E+01  0.18507   2.16300E+04 sec. 
   42  99 ( 99Mo) 3.19863E+01    0    3.19863E+01  1.00000
   43  98 ( 98Tc) 1.18325E+03    0    1.18325E+03  1.00000
   42  98 ( 98Mo) 5.01528E+01    0    5.01528E+01  1.00000
   43  97 ( 97Tc) 2.30781E+02    0    2.04596E+02  0.88654
                                 1    2.61847E+01  0.11346   7.86200E+06 sec. 
   42  97 ( 97Mo) 5.03954E+00    0    5.03954E+00  1.00000
   41  97 ( 97Nb) 1.30474E-03    0    6.24276E-04  0.47847
                                 1    6.80463E-04  0.52153   5.87000E+01 sec. 
   42  96 ( 96Mo) 7.23490E-03    0    7.23490E-03  1.00000
   41  96 ( 96Nb) 1.68216E+01    0    1.68216E+01  1.00000
   41  95 ( 95Nb) 1.73480E+01    0    1.65567E+01  0.95439
                                 1    7.91253E-01  0.04561   3.11900E+05 sec. 
   39  92 ( 92Y ) 1.00000E-07    0    3.37511E-07  0.00000

   b. Per mass

   A  cross section

  100 4.80745E-01
   99 3.51054E+02
   98 1.23340E+03
   97 2.35822E+02
   96 1.68289E+01
   95 1.73480E+01

 Total residual production cross section:  1854.9359131
 Non-elastic cross section              :  1854.4000244

 ########## RESULTS FOR E=  20.00000 ##########

 Energy dependent input flags

 Width fluctuations (flagwidth)            : n
 Unresolved resonance parameters (flagurr) : n
 Preequilibrium (flagpreeq)                : y
 Multiple preequilibrium (flagmulpre)      : y
 Number of continuum excitation energy bins: 40

 ########### REACTION SUMMARY FOR E=  20.00000 ###########

 Center-of-mass energy:   19.796

 1. Total (binary) cross sections

 Total           = 3.62020E+03
   Shape elastic   = 1.78160E+03
   Reaction        = 1.83860E+03
     Compound elastic= 8.75361E-07
     Non-elastic     = 1.83860E+03
       Direct          = 3.03142E+01
       Pre-equilibrium = 8.41831E+02
       Giant resonance = 6.98188E+01
       Compound non-el = 8.96636E+02
     Total elastic   = 1.78160E+03

 2. Binary non-elastic cross sections (non-exclusive)

 gamma   = 2.71757E+00
 neutron = 1.70519E+03
 proton  = 7.01915E+01
 deuteron= 2.00177E+01
 triton  = 6.24446E+00
 helium-3= 6.62505E-03
 alpha   = 3.42364E+01

 3. Total particle production cross sections

 gamma   = 4.52117E+03    Multiplicity= 2.45903E+00
 neutron = 3.57231E+03    Multiplicity= 1.94295E+00
 proton  = 7.44110E+01    Multiplicity= 4.04715E-02
 deuteron= 2.00191E+01    Multiplicity= 1.08882E-02
 triton  = 6.24447E+00    Multiplicity= 3.39632E-03
 helium-3= 6.62505E-03    Multiplicity= 3.60331E-06
 alpha   = 3.50537E+01    Multiplicity= 1.90655E-02

 4. Residual production cross sections

   a. Per isotope

   Z   A  nuclide    total     level   isomeric    isomeric    lifetime
                 cross section       cross section  ratio

   43 100 (100Tc) 3.98258E-01    0    3.98258E-01  1.00000
   43  99 ( 99Tc) 3.01445E+02    0    2.45510E+02  0.81444
                                 2    5.59351E+01  0.18556   2.16300E+04 sec. 
   42  99 ( 99Mo) 3.21277E+01    0    3.21277E+01  1.00000
   43  98 ( 98Tc) 9.96619E+02    0    9.96619E+02  1.00000
   42  98 ( 98Mo) 6.16803E+01    0    6.16803E+01  1.00000
   43  97 ( 97Tc) 4.04925E+02    0    3.52598E+02  0.87077
                                 1    5.23276E+01  0.12923   7.86200E+06 sec. 
   42  97 ( 97Mo) 6.85563E+00    0    6.85563E+00  1.00000
   41  97 ( 97Nb) 6.64196E-03    0    3.35933E-03  0.50577
                                 1    3.28262E-03  0.49423   5.87000E+01 sec. 
   42  96 ( 96Mo) 4.87769E-02    0    4.87769E-02  1.00000
   41  96 ( 96Nb) 1.47140E+01    0    1.47140E+01  1.00000
   41  95 ( 95Nb) 2.03379E+01    0    1.93595E+01  0.95189
                                 1    9.78427E-01  0.04811   3.11900E+05 sec. 
   41  94 ( 94Nb) 1.68039E-03    0    1.20862E-03  0.71925
                                 1    4.71765E-04  0.28075   3.75800E+02 sec. 
   39  92 ( 92Y ) 1.00000E-07    0    1.02880E-06  0.00000

   b. Per mass

   A  cross section

  100 3.98258E-01
   99 3.33573E+02
   98 1.05830E+03
   97 4.11787E+02
   96 1.47628E+01
   95 2.03379E+01
   94 1.68039E-03

 Total residual production cross section:  1839.1600342
 Non-elastic cross section              :  1838.5999756

 ########## EXCITATION FUNCTIONS ###########

 1. Total (binary) cross sections

file: all.tot
file: total.tot
file: elastic.tot
file: nonelastic.tot
file: reaction.tot

 2. Binary non-elastic cross sections (non-exclusive)

file: binary.tot

 3. Total particle production cross sections

file: gprod.tot
file: nprod.tot
file: pprod.tot
file: dprod.tot
file: tprod.tot
file: hprod.tot
file: aprod.tot

 4. Residual production cross sections

file: rp043100.tot
file: rp043099.tot
file: rp043099.L00
file: rp043099.L02
file: rp042099.tot
file: rp043098.tot
file: rp042098.tot
file: rp043097.tot
file: rp043097.L00
file: rp043097.L01
file: rp042097.tot
file: rp041097.tot
file: rp041097.L00
file: rp041097.L01
file: rp042096.tot
file: rp041096.tot
file: rp041095.tot
file: rp041095.L00
file: rp041095.L01
file: rp041094.tot
file: rp041094.L00
file: rp041094.L01
file: rp039092.tot

 Execution time:  0 hours  0 minutes 33.01 seconds 

 The TALYS team congratulates you with this successful calculation.
