
    TALYS-2.0 (Version: December 29, 2023)

 Copyright (C) 2023  A.J. Koning, S. Hilaire and S. Goriely

 Dimensions - Cross sections: mb, Energies: MeV, Angles: degrees

 ########## USER INPUT ##########

 USER INPUT FILE

 #
 # 0-xe139-15
 #
 # general
 #
 projectile 0
 element xe
 mass 139
 energy energies
 #
 bins 100
 outpopulation y

 USER INPUT FILE + DEFAULTS

 Keyword           Value   Variable     Explanation

 #
 # Four main keywords
 #
 projectile          0     ptype0       type of incident particle
 element            Xe     Starget      symbol of target nucleus
 mass              139     mass         mass number of target nucleus
 energy energies           energyfile   file with incident energies
 #
 # Basic physical and numerical parameters
 #
 ejectiles g n p d t h a   outtype      outgoing particles
 maxz               12     maxZ         maximal number of protons from the initial compound nucleus
 maxn               32     maxN         maximal number of neutrons from the initial compound nucleus
 bins              100     nbins        number of continuum excitation energy bins
 equidistant         y     flagequi     flag to use equidistant excitation bins instead of logarithmic bins
 equispec            n     flagequispec flag to use equidistant bins for emission spectra
 popmev              n     flagpopmev   flag to use initial population per MeV instead of histograms
 segment             1     segment      number of segments to divide emission energy grid
 maxlevelstar       30     nlevmax      maximum number of included discrete levels for target
 maxlevelsres       10     nlevmaxres   maximum number of included discrete levels for residual nucleus
 maxlevelsbin g     30     nlevbin      maximum number of included discrete levels for gamma    channel
 maxlevelsbin n     10     nlevbin      maximum number of included discrete levels for neutron  channel
 maxlevelsbin p     10     nlevbin      maximum number of included discrete levels for proton   channel
 maxlevelsbin d      5     nlevbin      maximum number of included discrete levels for deuteron channel
 maxlevelsbin t      5     nlevbin      maximum number of included discrete levels for triton   channel
 maxlevelsbin h      5     nlevbin      maximum number of included discrete levels for helium-3 channel
 maxlevelsbin a     10     nlevbin      maximum number of included discrete levels for alpha    channel
 ltarget             0     ltarget      excited level of target
 isomer           1.00E+00 isomer       definition of isomer in seconds
 transpower          5     transpower   power for transmission coefficient limit
 transeps         1.00E-08 transeps     limit for transmission coefficient
 xseps            1.00E-07 xseps        limit for cross sections
 popeps           1.00E-03 popeps       limit for population cross section per nucleus
 Rfiseps          1.00E-03 Rfiseps      ratio for limit for fission cross section per nucleus
 elow             1.00E-06 elow         minimal incident energy for nuclear model calculations
 angles             90     nangle       number of angles
 anglescont         18     nanglecont   number of angles for continuum
 anglesrec           1     nanglerec    number of recoil angles
 maxenrec           20     maxenrec     number of recoil energies
 channels            n     flagchannels flag for exclusive channels calculation
 maxchannel          4     maxchannel   maximal number of outgoing particles in individual channel description
 micro               n     flagmicro    flag for completely microscopic Talys calculation
 best                n     flagbest     flag to use best set of adjusted parameters
 bestbranch          y     flagbestbr   flag to use flag to use only best set of branching ratios
 bestend             n     flagbestend  flag to put best set of parameters at end of input file
 relativistic        y     flagrel      flag for relativistic kinematics
 recoil              n     flagrecoil   flag for calculation of recoils
 labddx              n     flaglabddx   flag for calculation of DDX in LAB system
 recoilaverage       n     flagrecoilav flag for average velocity in recoil calculation
 channelenergy       n     flagEchannel flag for channel energy for emission spectrum
 reaction            y     flagreaction flag for calculation of nuclear reactions
 fit                 n     flagfit      flag to use automatically fitted parameters
 ngfit               n     flagngfit    flag for using fitted (n,g) nuclear model parameters
 nffit               n     flagnffit    flag for using fitted (n,f) nuclear model parameters
 nnfit               n     flagnnfit    flag for using fitted (n,n), (n,2n) and (n,p) nuclear model parameters
 nafit               n     flagnafit    flag for using fitted (n,a) nuclear model parameters
 pnfit               n     flagpnfit    flag for using fitted (p,n) nuclear model parameters
 dnfit               n     flagdnfit    flag for using fitted (d,n) nuclear model parameters
 gnfit               n     flaggnfit    flag for using fitted (g,n) nuclear model parameters
 anfit               n     flaganfit    flag for using fitted (a,n) nuclear model parameters
 gamgamfit           n    flaggamgamfit flag for using fitted Gamma_gamma nuclear model parameters
 macsfit             n     flagmacsfit  flag for using fitted MACS nuclear model parameters
 astro               n     flagastro    flag for calculation of astrophysics reaction rate
 astrogs             n     flagastrogs  flag for calculation of astrophysics reaction rate with target in ground state only
 astroex             n     flagastroex  flag for calculation of astrophysics reaction rate to long-lived excited states
 nonthermlev        -1     nonthermlev  excited level non-thermalized in the calculation of astrophysics rate
 massmodel           2     massmodel    model for theoretical nuclear mass
 expmass             y     flagexpmass  flag for using experimental nuclear mass if available
 disctable           1     disctable    table with discrete levels
 production          n     flagprod     flag for isotope production
 outfy               n     flagoutfy    flag for output detailed fission yield calculation
 gefran          50000     gefran       number of random events for GEF calculation
 Estop            1000.000 Estop        incident energy above which TALYS stops
 rpevap              n     flagrpevap   flag for evaporation of residual products at high incident energies
 maxZrp             12     maxZrp       maximal number of protons from the initial compound nucleus before residual evaporation
 maxNrp             32     maxNrp       maximal number of neutrons from the initial compound nucleus before residual evaporation
 user      Arjan Koning    user         user for this calculation
 source    TALYS-2.0       source       source for this calculation
 format    YANDF-0.1       oformat      format for output
 #
 # Optical model
 #
 localomp            y     flaglocalomp flag for local (y) or global (n) optical model
 dispersion          n     flagdisp     flag for dispersive optical model
 jlmomp              n     flagjlm      flag for using semi-microscopic JLM OMP
 riplomp             n     flagriplomp  flag for RIPL OMP
 riplrisk            n     flagriplrisk flag for going outside RIPL mass validity range
 optmodall           n     flagompall   flag for new optical model calculation for all residual nuclei
 incadjust           y     flagincadj   flag for OMP adjustment on incident channel also
 omponly             n     flagomponly  flag to execute ONLY an optical model calculation
 autorot             n     flagautorot  flag for automatic rotational coupled channels calculations for A > 150
 spherical           n     flagspher    flag to force spherical optical model
 soukho              y     flagsoukho   flag for Soukhovitskii OMP for actinides
 coulomb             y     flagcoulomb  flag for Coulomb excitation calculation with ECIS
 statepot            n     flagstate    flag for optical model potential for each excited state
 maxband             0     maxband      highest vibrational band added to rotational model
 maxrot              2     maxrot       number of included excited rotational levels
 sysreaction               sysreaction  particles with reaction cross section from systematics
 rotational                rotational   particles with possible rotational optical model
 core               -1     core         even-even core for weakcoupling (-1 or 1)
 ecissave            n     flagecissave flag for saving ECIS input and output files
 eciscalc            y     flageciscalc flag for new ECIS calculation for outgoing particles and energy grid
 inccalc             y     flaginccalc  flag for new ECIS calculation for incident channel
 endfecis            y     flagendfecis flag for new ECIS calculation for ENDF-6 files
 radialmodel         2     radialmodel  model for radial matter densities (JLM OMP only)
 jlmmode             0     jlmmode      option for JLM imaginary potential normalization
 alphaomp            6     alphaomp     alpha OMP (1=normal, 2= McFadden-Satchler, 3-5= folding potential, 6,8= Avrigeanu, 7=Nolte)
 deuteronomp         4     deuteronomp  deuteron OMP (1=normal, 2=Daehnick, 3=Bojowald, 4=Han-Shi-Shen, 5=An-Cai)
 #
 # Compound nucleus
 #
 widthfluc           n     flagwidth    flag for width fluctuation calculation
 widthmode           2     wmode        designator for width fluctuation model
 WFCfactor           1     WFCfactor    enhancement factor for WFC: 1: Original, 2: Ernebjerg and Herman
 compound            y     flagcomp     flag for compound nucleus model
 fullhf              n     flagfullhf   flag for full spin dependence of transmission coefficients
 eciscompound        n     flageciscomp flag for compound nucleus calculation by ECIS
 cpang               n     flagcpang    flag for compound angular distribution calculation for incident charged particles
 urr                 n     flagurr      flag for URR calculation
 urrnjoy             n     flagurrnjoy  flag for normalization of URR parameters with NJOY method
 lurr                2     lurr         maximal orbital angular momentum for URR
 #
 # Gamma emission
 #
 gammax              2     gammax       number of l-values for gamma multipolarity
 strength            9     strength     model for E1 gamma-ray strength function
 strengthM1          3     strengthM1   model for M1 gamma-ray strength function
 electronconv        y     flagelectron flag for application of electron conversion coefficient
 racap               n     flagracap    flag for radiative capture model
 ldmodelracap        3     ldmodelracap level density model for direct radiative capture
 upbend              n     flagupbend   flag for low-energy upbend of photon strength function
 psfglobal           n    flagpsfglobal flag for global photon strength functions only
 gnorm               n     flaggnorm    flag to normalize PSF to average radiative width
 #
 # Pre-equilibrium
 #
 preequilibrium      n     flagpreeq    flag for pre-equilibrium calculation
 preeqmode           2     preeqmode    designator for pre-equilibrium model
 multipreeq          n     flagmulpre   flag for multiple pre-equilibrium calculation
 mpreeqmode          2     mpreeqmode   designator for multiple pre-equilibrium model
 breakupmodel        1     breakupmodel model for break-up reaction: 1. Kalbach 2. Avrigeanu
 phmodel             1     phmodel      particle-hole state density model
 pairmodel           2     pairmodel    designator for pre-equilibrium pairing model
 preeqspin           1     pespinmodel  model for pre-equilibrium spin distribution
 giantresonance      n     flaggiant    flag for collective contribution from giant resonances
 preeqsurface        n     flagsurface  flag for surface effects in exciton model
 preeqcomplex        n     flagpecomp   flag for Kalbach complex particle emission model
 twocomponent        y     flag2comp    flag for two-component pre-equilibrium model
 ecisdwba            y     flagecisdwba flag for new ECIS calculation for DWBA for MSD
 onestep             n     flagonestep  flag for continuum one-step direct only
 #
 # Level densities
 #
 ldmodel             1     ldmodelall   level density model
 ldmodelCN           1     ldmodelCN    level density model for compound nucleus
 shellmodel          1     shellmodel   model for shell correction energies
 kvibmodel           2     kvibmodel    model for vibrational enhancement
 spincutmodel        1     spincutmodel model for spin cutoff factor for ground state
 asys                n     flagasys     flag for all level density parameters a from systematics
 parity              n     flagparity   flag for non-equal parity distribution
 colenhance          n     flagcolall   flag for collective enhancement of level density for all nuclides
 ctmglobal           n     flagctmglob  flag for global CTM model (no discrete level info)
 gshell              n     flaggshell   flag for energy dependence of single particle level density parameter g
 colldamp            n     flagcolldamp flag for damping of collective effects in effective level density
 #
 # Fission
 #
 fission             n     flagfission  flag for fission
 fismodel            3     fismodel     fission model
 fismodelalt         3     fismodelalt  alternative fission model for default barriers
 hbstate             n     flaghbstate  flag for head band states in fission
 class2              n     flagclass2   flag for class2 states in fission
 fispartdamp         n  flagfispartdamp flag for fission partial damping
 massdis             n     flagmassdis  flag for calculation of fission fragment mass yields
 ffevaporation       y     flagffevap   flag for calculation of particle evaporation from fission fragment mass yields
 fisfeed             n     flagfisfeed  flag for output of fission per excitation bin
 fymodel             2     fymodel      fission yield model, 1: Brosa 2: GEF
 ffmodel             1     ffmodel      fission fragment model, 1: GEF 2: HF3D (Okumura) 3: SPY 4: Langevin-4D 0: own files
 pfnsmodel           1     pfnsmodel    PFNS model, 1: Iwamoto 2: from FF decay
 ffspin              n     flagffspin   flag to use spin distribution in initial FF population
 #
 # Output
 #
 outmain             y     flagmain     flag for main output
 outbasic            n     flagbasic    flag for output of basic information and results
 outall              n     flagoutall   flag for output of all data in main output file
 outpopulation       y     flagpop      flag for output of population
 outcheck            n     flagcheck    flag for output of numerical checks
 outlevels           n     flaglevels   flag for output of discrete level information
 outdensity          n     flagdensity  flag for output of level densities
 outomp              n     flagoutomp   flag for output of optical model parameters
 outkd               n     flagoutkd    flag for output of KD03 OMP parameters
 outdirect           n     flagdirect   flag for output of direct reaction results
 outinverse          n     flaginverse  flag for output of transmission coefficients and inverse reaction cross sections
 outdecay            n     flagdecay    flag for output of decay of each population bin
 outtransenergy      y     flagtransen  flag for output of transmission coefficients per energy
 outecis             n     flagoutecis  flag for output of ECIS results
 outgamma            n     flaggamma    flag for output of gamma-ray information
 outpreequilibrium   n     flagpeout    flag for output of pre-equilibrium results 
 outfission          n     flagfisout   flag for output of fission information
 outdiscrete         n     flagdisc     flag for output of discrete state cross sections
 outspectra          n     flagspec     flag for output of double-differential cross sections
 outbinspectra       n     flagbinspec  flag for output of emission spectrum per excitation bin
 resonance           n     flagres      flag for output of low energy resonance cross sections
 group               n     flaggroup    flag for output of low energy groupwise cross sections
 adddiscrete         n     flagadd      flag for addition of discrete states to spectra
 addelastic          n     flagaddel    flag for addition of elastic peak to spectra
 outangle            n     flagang      flag for output of angular distributions
 outlegendre         n     flaglegendre flag for output of Legendre coefficients
 ddxmode             0     ddxmode      mode for double-differential cross sections
 outdwba             n     flagoutdwba  flag for output of DWBA cross sections for MSD
 outgamdis           n     flaggamdis   flag for output of discrete gamma-ray intensities
 outexcitation       n     flagexc      flag for output of excitation functions
 components          n     flagcompo    flag for output of cross section components
 endf                n     flagendf     flag for information for ENDF-6 file
 endfdetail          y     flagendfdet  flag for detailed ENDF-6 information per channel
 sacs                n     flagsacs     flag for statistical analysis of cross sections
 partable            n     flagpartable flag for output of model parameters on separate file
 block               n     flagblock    flag to block spectra, angle and gamma files

 ########## BASIC REACTION PARAMETERS ##########

 Projectile           : gamma       Mass in a.m.u.      :   0.000000
 Target               : Xe139       Mass in a.m.u.      : 138.918792

 Included channels:
                     gamma   
                     neutron 
                     proton  
                     deuteron
                     triton  
                     helium-3
                     alpha   

 Initial population distribution - Bins:    1 Spins:   3 Maximum excitation energy:    15.00000

 Parity   Ex       J= 0      J= 1      J= 2      J= 3      J= 4      J= 5      J= 6      J= 7      J= 8      J= 9      J=10

    -1 1.500E+01 0.000E+00 0.000E+00 0.000E+00 0.000E+00 0.000E+00 0.000E+00 0.000E+00 0.000E+00 0.000E+00 0.000E+00 0.000E+00
     1 1.500E+01 0.000E+00 0.000E+00 1.000E+00 0.000E+00 0.000E+00 0.000E+00 0.000E+00 0.000E+00 0.000E+00 0.000E+00 0.000E+00

 Q-values for binary reactions:

 Q(g,g):  0.00000
 Q(g,n): -3.74366
 Q(g,p):-10.95364
 Q(g,d):-12.42404
 Q(g,t):-11.04916
 Q(g,h):-16.15051
 Q(g,a): -0.34071

 ########## RESULTS FOR E=  15.00000 ##########

 Energy dependent input flags

 Width fluctuations (flagwidth)            : n
 Unresolved resonance parameters (flagurr) : n
 Preequilibrium (flagpreeq)                : n
 Multiple preequilibrium (flagmulpre)      : n
 Number of continuum excitation energy bins:100

 Total population of input excitation energy grid: 1.00000E+00


 ########## MULTIPLE EMISSION ##########

 Population of Z= 54 N= 85 (139Xe) before decay: 1.00000E+00
 Maximum excitation energy:  15.000 Discrete levels: 20 Continuum bins:100 Continuum bin size:   0.135

 Population of Z= 54 N= 85 (139Xe), Parity=-1 before decay: 0.00000E+00

 bin    Ex     Pop     Pop P=-1    J= 0.5    J= 1.5    J= 2.5    J= 3.5    J= 4.5    J= 5.5    J= 6.5    J= 7.5    J= 8.5

   0   0.000 0.000E+00 0.000E+00 0.000E+00 0.000E+00 0.000E+00 0.000E+00 0.000E+00 0.000E+00 0.000E+00 0.000E+00 0.000E+00
   1   0.023 0.000E+00 0.000E+00 0.000E+00 0.000E+00 0.000E+00 0.000E+00 0.000E+00 0.000E+00 0.000E+00 0.000E+00 0.000E+00
   2   0.032 0.000E+00 0.000E+00 0.000E+00 0.000E+00 0.000E+00 0.000E+00 0.000E+00 0.000E+00 0.000E+00 0.000E+00 0.000E+00
   3   0.559 0.000E+00 0.000E+00 0.000E+00 0.000E+00 0.000E+00 0.000E+00 0.000E+00 0.000E+00 0.000E+00 0.000E+00 0.000E+00
   4   0.594 0.000E+00 0.000E+00 0.000E+00 0.000E+00 0.000E+00 0.000E+00 0.000E+00 0.000E+00 0.000E+00 0.000E+00 0.000E+00
   5   0.624 0.000E+00 0.000E+00 0.000E+00 0.000E+00 0.000E+00 0.000E+00 0.000E+00 0.000E+00 0.000E+00 0.000E+00 0.000E+00
   6   0.670 0.000E+00 0.000E+00 0.000E+00 0.000E+00 0.000E+00 0.000E+00 0.000E+00 0.000E+00 0.000E+00 0.000E+00 0.000E+00
   7   0.679 0.000E+00 0.000E+00 0.000E+00 0.000E+00 0.000E+00 0.000E+00 0.000E+00 0.000E+00 0.000E+00 0.000E+00 0.000E+00
   8   1.008 0.000E+00 0.000E+00 0.000E+00 0.000E+00 0.000E+00 0.000E+00 0.000E+00 0.000E+00 0.000E+00 0.000E+00 0.000E+00
   9   1.059 0.000E+00 0.000E+00 0.000E+00 0.000E+00 0.000E+00 0.000E+00 0.000E+00 0.000E+00 0.000E+00 0.000E+00 0.000E+00
  10   1.086 0.000E+00 0.000E+00 0.000E+00 0.000E+00 0.000E+00 0.000E+00 0.000E+00 0.000E+00 0.000E+00 0.000E+00 0.000E+00
  11   1.179 0.000E+00 0.000E+00 0.000E+00 0.000E+00 0.000E+00 0.000E+00 0.000E+00 0.000E+00 0.000E+00 0.000E+00 0.000E+00
  12   1.193 0.000E+00 0.000E+00 0.000E+00 0.000E+00 0.000E+00 0.000E+00 0.000E+00 0.000E+00 0.000E+00 0.000E+00 0.000E+00
  13   1.195 0.000E+00 0.000E+00 0.000E+00 0.000E+00 0.000E+00 0.000E+00 0.000E+00 0.000E+00 0.000E+00 0.000E+00 0.000E+00
  14   1.313 0.000E+00 0.000E+00 0.000E+00 0.000E+00 0.000E+00 0.000E+00 0.000E+00 0.000E+00 0.000E+00 0.000E+00 0.000E+00
  15   1.399 0.000E+00 0.000E+00 0.000E+00 0.000E+00 0.000E+00 0.000E+00 0.000E+00 0.000E+00 0.000E+00 0.000E+00 0.000E+00
  16   1.418 0.000E+00 0.000E+00 0.000E+00 0.000E+00 0.000E+00 0.000E+00 0.000E+00 0.000E+00 0.000E+00 0.000E+00 0.000E+00
  17   1.444 0.000E+00 0.000E+00 0.000E+00 0.000E+00 0.000E+00 0.000E+00 0.000E+00 0.000E+00 0.000E+00 0.000E+00 0.000E+00
  18   1.449 0.000E+00 0.000E+00 0.000E+00 0.000E+00 0.000E+00 0.000E+00 0.000E+00 0.000E+00 0.000E+00 0.000E+00 0.000E+00
  19   1.493 0.000E+00 0.000E+00 0.000E+00 0.000E+00 0.000E+00 0.000E+00 0.000E+00 0.000E+00 0.000E+00 0.000E+00 0.000E+00
  20   1.512 0.000E+00 0.000E+00 0.000E+00 0.000E+00 0.000E+00 0.000E+00 0.000E+00 0.000E+00 0.000E+00 0.000E+00 0.000E+00
  21   1.580 0.000E+00 0.000E+00 0.000E+00 0.000E+00 0.000E+00 0.000E+00 0.000E+00 0.000E+00 0.000E+00 0.000E+00 0.000E+00
  22   1.715 0.000E+00 0.000E+00 0.000E+00 0.000E+00 0.000E+00 0.000E+00 0.000E+00 0.000E+00 0.000E+00 0.000E+00 0.000E+00
  23   1.850 0.000E+00 0.000E+00 0.000E+00 0.000E+00 0.000E+00 0.000E+00 0.000E+00 0.000E+00 0.000E+00 0.000E+00 0.000E+00
  24   1.984 0.000E+00 0.000E+00 0.000E+00 0.000E+00 0.000E+00 0.000E+00 0.000E+00 0.000E+00 0.000E+00 0.000E+00 0.000E+00
  25   2.119 0.000E+00 0.000E+00 0.000E+00 0.000E+00 0.000E+00 0.000E+00 0.000E+00 0.000E+00 0.000E+00 0.000E+00 0.000E+00
  26   2.254 0.000E+00 0.000E+00 0.000E+00 0.000E+00 0.000E+00 0.000E+00 0.000E+00 0.000E+00 0.000E+00 0.000E+00 0.000E+00
  27   2.389 0.000E+00 0.000E+00 0.000E+00 0.000E+00 0.000E+00 0.000E+00 0.000E+00 0.000E+00 0.000E+00 0.000E+00 0.000E+00
  28   2.524 0.000E+00 0.000E+00 0.000E+00 0.000E+00 0.000E+00 0.000E+00 0.000E+00 0.000E+00 0.000E+00 0.000E+00 0.000E+00
  29   2.659 0.000E+00 0.000E+00 0.000E+00 0.000E+00 0.000E+00 0.000E+00 0.000E+00 0.000E+00 0.000E+00 0.000E+00 0.000E+00
  30   2.794 0.000E+00 0.000E+00 0.000E+00 0.000E+00 0.000E+00 0.000E+00 0.000E+00 0.000E+00 0.000E+00 0.000E+00 0.000E+00
  31   2.929 0.000E+00 0.000E+00 0.000E+00 0.000E+00 0.000E+00 0.000E+00 0.000E+00 0.000E+00 0.000E+00 0.000E+00 0.000E+00
  32   3.063 0.000E+00 0.000E+00 0.000E+00 0.000E+00 0.000E+00 0.000E+00 0.000E+00 0.000E+00 0.000E+00 0.000E+00 0.000E+00
  33   3.198 0.000E+00 0.000E+00 0.000E+00 0.000E+00 0.000E+00 0.000E+00 0.000E+00 0.000E+00 0.000E+00 0.000E+00 0.000E+00
  34   3.333 0.000E+00 0.000E+00 0.000E+00 0.000E+00 0.000E+00 0.000E+00 0.000E+00 0.000E+00 0.000E+00 0.000E+00 0.000E+00
  35   3.468 0.000E+00 0.000E+00 0.000E+00 0.000E+00 0.000E+00 0.000E+00 0.000E+00 0.000E+00 0.000E+00 0.000E+00 0.000E+00
  36   3.603 0.000E+00 0.000E+00 0.000E+00 0.000E+00 0.000E+00 0.000E+00 0.000E+00 0.000E+00 0.000E+00 0.000E+00 0.000E+00
  37   3.738 0.000E+00 0.000E+00 0.000E+00 0.000E+00 0.000E+00 0.000E+00 0.000E+00 0.000E+00 0.000E+00 0.000E+00 0.000E+00
  38   3.873 0.000E+00 0.000E+00 0.000E+00 0.000E+00 0.000E+00 0.000E+00 0.000E+00 0.000E+00 0.000E+00 0.000E+00 0.000E+00
  39   4.008 0.000E+00 0.000E+00 0.000E+00 0.000E+00 0.000E+00 0.000E+00 0.000E+00 0.000E+00 0.000E+00 0.000E+00 0.000E+00
  40   4.142 0.000E+00 0.000E+00 0.000E+00 0.000E+00 0.000E+00 0.000E+00 0.000E+00 0.000E+00 0.000E+00 0.000E+00 0.000E+00
  41   4.277 0.000E+00 0.000E+00 0.000E+00 0.000E+00 0.000E+00 0.000E+00 0.000E+00 0.000E+00 0.000E+00 0.000E+00 0.000E+00
  42   4.412 0.000E+00 0.000E+00 0.000E+00 0.000E+00 0.000E+00 0.000E+00 0.000E+00 0.000E+00 0.000E+00 0.000E+00 0.000E+00
  43   4.547 0.000E+00 0.000E+00 0.000E+00 0.000E+00 0.000E+00 0.000E+00 0.000E+00 0.000E+00 0.000E+00 0.000E+00 0.000E+00
  44   4.682 0.000E+00 0.000E+00 0.000E+00 0.000E+00 0.000E+00 0.000E+00 0.000E+00 0.000E+00 0.000E+00 0.000E+00 0.000E+00
  45   4.817 0.000E+00 0.000E+00 0.000E+00 0.000E+00 0.000E+00 0.000E+00 0.000E+00 0.000E+00 0.000E+00 0.000E+00 0.000E+00
  46   4.952 0.000E+00 0.000E+00 0.000E+00 0.000E+00 0.000E+00 0.000E+00 0.000E+00 0.000E+00 0.000E+00 0.000E+00 0.000E+00
  47   5.087 0.000E+00 0.000E+00 0.000E+00 0.000E+00 0.000E+00 0.000E+00 0.000E+00 0.000E+00 0.000E+00 0.000E+00 0.000E+00
  48   5.221 0.000E+00 0.000E+00 0.000E+00 0.000E+00 0.000E+00 0.000E+00 0.000E+00 0.000E+00 0.000E+00 0.000E+00 0.000E+00
  49   5.356 0.000E+00 0.000E+00 0.000E+00 0.000E+00 0.000E+00 0.000E+00 0.000E+00 0.000E+00 0.000E+00 0.000E+00 0.000E+00
  50   5.491 0.000E+00 0.000E+00 0.000E+00 0.000E+00 0.000E+00 0.000E+00 0.000E+00 0.000E+00 0.000E+00 0.000E+00 0.000E+00
  51   5.626 0.000E+00 0.000E+00 0.000E+00 0.000E+00 0.000E+00 0.000E+00 0.000E+00 0.000E+00 0.000E+00 0.000E+00 0.000E+00
  52   5.761 0.000E+00 0.000E+00 0.000E+00 0.000E+00 0.000E+00 0.000E+00 0.000E+00 0.000E+00 0.000E+00 0.000E+00 0.000E+00
  53   5.896 0.000E+00 0.000E+00 0.000E+00 0.000E+00 0.000E+00 0.000E+00 0.000E+00 0.000E+00 0.000E+00 0.000E+00 0.000E+00
  54   6.031 0.000E+00 0.000E+00 0.000E+00 0.000E+00 0.000E+00 0.000E+00 0.000E+00 0.000E+00 0.000E+00 0.000E+00 0.000E+00
  55   6.166 0.000E+00 0.000E+00 0.000E+00 0.000E+00 0.000E+00 0.000E+00 0.000E+00 0.000E+00 0.000E+00 0.000E+00 0.000E+00
  56   6.300 0.000E+00 0.000E+00 0.000E+00 0.000E+00 0.000E+00 0.000E+00 0.000E+00 0.000E+00 0.000E+00 0.000E+00 0.000E+00
  57   6.435 0.000E+00 0.000E+00 0.000E+00 0.000E+00 0.000E+00 0.000E+00 0.000E+00 0.000E+00 0.000E+00 0.000E+00 0.000E+00
  58   6.570 0.000E+00 0.000E+00 0.000E+00 0.000E+00 0.000E+00 0.000E+00 0.000E+00 0.000E+00 0.000E+00 0.000E+00 0.000E+00
  59   6.705 0.000E+00 0.000E+00 0.000E+00 0.000E+00 0.000E+00 0.000E+00 0.000E+00 0.000E+00 0.000E+00 0.000E+00 0.000E+00
  60   6.840 0.000E+00 0.000E+00 0.000E+00 0.000E+00 0.000E+00 0.000E+00 0.000E+00 0.000E+00 0.000E+00 0.000E+00 0.000E+00
  61   6.975 0.000E+00 0.000E+00 0.000E+00 0.000E+00 0.000E+00 0.000E+00 0.000E+00 0.000E+00 0.000E+00 0.000E+00 0.000E+00
  62   7.110 0.000E+00 0.000E+00 0.000E+00 0.000E+00 0.000E+00 0.000E+00 0.000E+00 0.000E+00 0.000E+00 0.000E+00 0.000E+00
  63   7.245 0.000E+00 0.000E+00 0.000E+00 0.000E+00 0.000E+00 0.000E+00 0.000E+00 0.000E+00 0.000E+00 0.000E+00 0.000E+00
  64   7.379 0.000E+00 0.000E+00 0.000E+00 0.000E+00 0.000E+00 0.000E+00 0.000E+00 0.000E+00 0.000E+00 0.000E+00 0.000E+00
  65   7.514 0.000E+00 0.000E+00 0.000E+00 0.000E+00 0.000E+00 0.000E+00 0.000E+00 0.000E+00 0.000E+00 0.000E+00 0.000E+00
  66   7.649 0.000E+00 0.000E+00 0.000E+00 0.000E+00 0.000E+00 0.000E+00 0.000E+00 0.000E+00 0.000E+00 0.000E+00 0.000E+00
  67   7.784 0.000E+00 0.000E+00 0.000E+00 0.000E+00 0.000E+00 0.000E+00 0.000E+00 0.000E+00 0.000E+00 0.000E+00 0.000E+00
  68   7.919 0.000E+00 0.000E+00 0.000E+00 0.000E+00 0.000E+00 0.000E+00 0.000E+00 0.000E+00 0.000E+00 0.000E+00 0.000E+00
  69   8.054 0.000E+00 0.000E+00 0.000E+00 0.000E+00 0.000E+00 0.000E+00 0.000E+00 0.000E+00 0.000E+00 0.000E+00 0.000E+00
  70   8.189 0.000E+00 0.000E+00 0.000E+00 0.000E+00 0.000E+00 0.000E+00 0.000E+00 0.000E+00 0.000E+00 0.000E+00 0.000E+00
  71   8.324 0.000E+00 0.000E+00 0.000E+00 0.000E+00 0.000E+00 0.000E+00 0.000E+00 0.000E+00 0.000E+00 0.000E+00 0.000E+00
  72   8.458 0.000E+00 0.000E+00 0.000E+00 0.000E+00 0.000E+00 0.000E+00 0.000E+00 0.000E+00 0.000E+00 0.000E+00 0.000E+00
  73   8.593 0.000E+00 0.000E+00 0.000E+00 0.000E+00 0.000E+00 0.000E+00 0.000E+00 0.000E+00 0.000E+00 0.000E+00 0.000E+00
  74   8.728 0.000E+00 0.000E+00 0.000E+00 0.000E+00 0.000E+00 0.000E+00 0.000E+00 0.000E+00 0.000E+00 0.000E+00 0.000E+00
  75   8.863 0.000E+00 0.000E+00 0.000E+00 0.000E+00 0.000E+00 0.000E+00 0.000E+00 0.000E+00 0.000E+00 0.000E+00 0.000E+00
  76   8.998 0.000E+00 0.000E+00 0.000E+00 0.000E+00 0.000E+00 0.000E+00 0.000E+00 0.000E+00 0.000E+00 0.000E+00 0.000E+00
  77   9.133 0.000E+00 0.000E+00 0.000E+00 0.000E+00 0.000E+00 0.000E+00 0.000E+00 0.000E+00 0.000E+00 0.000E+00 0.000E+00
  78   9.268 0.000E+00 0.000E+00 0.000E+00 0.000E+00 0.000E+00 0.000E+00 0.000E+00 0.000E+00 0.000E+00 0.000E+00 0.000E+00
  79   9.403 0.000E+00 0.000E+00 0.000E+00 0.000E+00 0.000E+00 0.000E+00 0.000E+00 0.000E+00 0.000E+00 0.000E+00 0.000E+00
  80   9.538 0.000E+00 0.000E+00 0.000E+00 0.000E+00 0.000E+00 0.000E+00 0.000E+00 0.000E+00 0.000E+00 0.000E+00 0.000E+00
  81   9.672 0.000E+00 0.000E+00 0.000E+00 0.000E+00 0.000E+00 0.000E+00 0.000E+00 0.000E+00 0.000E+00 0.000E+00 0.000E+00
  82   9.807 0.000E+00 0.000E+00 0.000E+00 0.000E+00 0.000E+00 0.000E+00 0.000E+00 0.000E+00 0.000E+00 0.000E+00 0.000E+00
  83   9.942 0.000E+00 0.000E+00 0.000E+00 0.000E+00 0.000E+00 0.000E+00 0.000E+00 0.000E+00 0.000E+00 0.000E+00 0.000E+00
  84  10.077 0.000E+00 0.000E+00 0.000E+00 0.000E+00 0.000E+00 0.000E+00 0.000E+00 0.000E+00 0.000E+00 0.000E+00 0.000E+00
  85  10.212 0.000E+00 0.000E+00 0.000E+00 0.000E+00 0.000E+00 0.000E+00 0.000E+00 0.000E+00 0.000E+00 0.000E+00 0.000E+00
  86  10.347 0.000E+00 0.000E+00 0.000E+00 0.000E+00 0.000E+00 0.000E+00 0.000E+00 0.000E+00 0.000E+00 0.000E+00 0.000E+00
  87  10.482 0.000E+00 0.000E+00 0.000E+00 0.000E+00 0.000E+00 0.000E+00 0.000E+00 0.000E+00 0.000E+00 0.000E+00 0.000E+00
  88  10.617 0.000E+00 0.000E+00 0.000E+00 0.000E+00 0.000E+00 0.000E+00 0.000E+00 0.000E+00 0.000E+00 0.000E+00 0.000E+00
  89  10.751 0.000E+00 0.000E+00 0.000E+00 0.000E+00 0.000E+00 0.000E+00 0.000E+00 0.000E+00 0.000E+00 0.000E+00 0.000E+00
  90  10.886 0.000E+00 0.000E+00 0.000E+00 0.000E+00 0.000E+00 0.000E+00 0.000E+00 0.000E+00 0.000E+00 0.000E+00 0.000E+00
  91  11.021 0.000E+00 0.000E+00 0.000E+00 0.000E+00 0.000E+00 0.000E+00 0.000E+00 0.000E+00 0.000E+00 0.000E+00 0.000E+00
  92  11.156 0.000E+00 0.000E+00 0.000E+00 0.000E+00 0.000E+00 0.000E+00 0.000E+00 0.000E+00 0.000E+00 0.000E+00 0.000E+00
  93  11.291 0.000E+00 0.000E+00 0.000E+00 0.000E+00 0.000E+00 0.000E+00 0.000E+00 0.000E+00 0.000E+00 0.000E+00 0.000E+00
  94  11.426 0.000E+00 0.000E+00 0.000E+00 0.000E+00 0.000E+00 0.000E+00 0.000E+00 0.000E+00 0.000E+00 0.000E+00 0.000E+00
  95  11.561 0.000E+00 0.000E+00 0.000E+00 0.000E+00 0.000E+00 0.000E+00 0.000E+00 0.000E+00 0.000E+00 0.000E+00 0.000E+00
  96  11.696 0.000E+00 0.000E+00 0.000E+00 0.000E+00 0.000E+00 0.000E+00 0.000E+00 0.000E+00 0.000E+00 0.000E+00 0.000E+00
  97  11.830 0.000E+00 0.000E+00 0.000E+00 0.000E+00 0.000E+00 0.000E+00 0.000E+00 0.000E+00 0.000E+00 0.000E+00 0.000E+00
  98  11.965 0.000E+00 0.000E+00 0.000E+00 0.000E+00 0.000E+00 0.000E+00 0.000E+00 0.000E+00 0.000E+00 0.000E+00 0.000E+00
  99  12.100 0.000E+00 0.000E+00 0.000E+00 0.000E+00 0.000E+00 0.000E+00 0.000E+00 0.000E+00 0.000E+00 0.000E+00 0.000E+00
 100  12.235 0.000E+00 0.000E+00 0.000E+00 0.000E+00 0.000E+00 0.000E+00 0.000E+00 0.000E+00 0.000E+00 0.000E+00 0.000E+00
 101  12.370 0.000E+00 0.000E+00 0.000E+00 0.000E+00 0.000E+00 0.000E+00 0.000E+00 0.000E+00 0.000E+00 0.000E+00 0.000E+00
 102  12.505 0.000E+00 0.000E+00 0.000E+00 0.000E+00 0.000E+00 0.000E+00 0.000E+00 0.000E+00 0.000E+00 0.000E+00 0.000E+00
 103  12.640 0.000E+00 0.000E+00 0.000E+00 0.000E+00 0.000E+00 0.000E+00 0.000E+00 0.000E+00 0.000E+00 0.000E+00 0.000E+00
 104  12.775 0.000E+00 0.000E+00 0.000E+00 0.000E+00 0.000E+00 0.000E+00 0.000E+00 0.000E+00 0.000E+00 0.000E+00 0.000E+00
 105  12.909 0.000E+00 0.000E+00 0.000E+00 0.000E+00 0.000E+00 0.000E+00 0.000E+00 0.000E+00 0.000E+00 0.000E+00 0.000E+00
 106  13.044 0.000E+00 0.000E+00 0.000E+00 0.000E+00 0.000E+00 0.000E+00 0.000E+00 0.000E+00 0.000E+00 0.000E+00 0.000E+00
 107  13.179 0.000E+00 0.000E+00 0.000E+00 0.000E+00 0.000E+00 0.000E+00 0.000E+00 0.000E+00 0.000E+00 0.000E+00 0.000E+00
 108  13.314 0.000E+00 0.000E+00 0.000E+00 0.000E+00 0.000E+00 0.000E+00 0.000E+00 0.000E+00 0.000E+00 0.000E+00 0.000E+00
 109  13.449 0.000E+00 0.000E+00 0.000E+00 0.000E+00 0.000E+00 0.000E+00 0.000E+00 0.000E+00 0.000E+00 0.000E+00 0.000E+00
 110  13.584 0.000E+00 0.000E+00 0.000E+00 0.000E+00 0.000E+00 0.000E+00 0.000E+00 0.000E+00 0.000E+00 0.000E+00 0.000E+00
 111  13.719 0.000E+00 0.000E+00 0.000E+00 0.000E+00 0.000E+00 0.000E+00 0.000E+00 0.000E+00 0.000E+00 0.000E+00 0.000E+00
 112  13.854 0.000E+00 0.000E+00 0.000E+00 0.000E+00 0.000E+00 0.000E+00 0.000E+00 0.000E+00 0.000E+00 0.000E+00 0.000E+00
 113  13.988 0.000E+00 0.000E+00 0.000E+00 0.000E+00 0.000E+00 0.000E+00 0.000E+00 0.000E+00 0.000E+00 0.000E+00 0.000E+00
 114  14.123 0.000E+00 0.000E+00 0.000E+00 0.000E+00 0.000E+00 0.000E+00 0.000E+00 0.000E+00 0.000E+00 0.000E+00 0.000E+00
 115  14.258 0.000E+00 0.000E+00 0.000E+00 0.000E+00 0.000E+00 0.000E+00 0.000E+00 0.000E+00 0.000E+00 0.000E+00 0.000E+00
 116  14.393 0.000E+00 0.000E+00 0.000E+00 0.000E+00 0.000E+00 0.000E+00 0.000E+00 0.000E+00 0.000E+00 0.000E+00 0.000E+00
 117  14.528 0.000E+00 0.000E+00 0.000E+00 0.000E+00 0.000E+00 0.000E+00 0.000E+00 0.000E+00 0.000E+00 0.000E+00 0.000E+00
 118  14.663 0.000E+00 0.000E+00 0.000E+00 0.000E+00 0.000E+00 0.000E+00 0.000E+00 0.000E+00 0.000E+00 0.000E+00 0.000E+00
 119  14.798 0.000E+00 0.000E+00 0.000E+00 0.000E+00 0.000E+00 0.000E+00 0.000E+00 0.000E+00 0.000E+00 0.000E+00 0.000E+00
 120  14.933 1.000E+00 0.000E+00 0.000E+00 0.000E+00 0.000E+00 0.000E+00 0.000E+00 0.000E+00 0.000E+00 0.000E+00 0.000E+00

 Population of Z= 54 N= 85 (139Xe), Parity= 1 before decay: 1.00000E+00

 bin    Ex     Pop     Pop P= 1    J= 0.5    J= 1.5    J= 2.5    J= 3.5    J= 4.5    J= 5.5    J= 6.5    J= 7.5    J= 8.5

   0   0.000 0.000E+00 0.000E+00 0.000E+00 0.000E+00 0.000E+00 0.000E+00 0.000E+00 0.000E+00 0.000E+00 0.000E+00 0.000E+00
   1   0.023 0.000E+00 0.000E+00 0.000E+00 0.000E+00 0.000E+00 0.000E+00 0.000E+00 0.000E+00 0.000E+00 0.000E+00 0.000E+00
   2   0.032 0.000E+00 0.000E+00 0.000E+00 0.000E+00 0.000E+00 0.000E+00 0.000E+00 0.000E+00 0.000E+00 0.000E+00 0.000E+00
   3   0.559 0.000E+00 0.000E+00 0.000E+00 0.000E+00 0.000E+00 0.000E+00 0.000E+00 0.000E+00 0.000E+00 0.000E+00 0.000E+00
   4   0.594 0.000E+00 0.000E+00 0.000E+00 0.000E+00 0.000E+00 0.000E+00 0.000E+00 0.000E+00 0.000E+00 0.000E+00 0.000E+00
   5   0.624 0.000E+00 0.000E+00 0.000E+00 0.000E+00 0.000E+00 0.000E+00 0.000E+00 0.000E+00 0.000E+00 0.000E+00 0.000E+00
   6   0.670 0.000E+00 0.000E+00 0.000E+00 0.000E+00 0.000E+00 0.000E+00 0.000E+00 0.000E+00 0.000E+00 0.000E+00 0.000E+00
   7   0.679 0.000E+00 0.000E+00 0.000E+00 0.000E+00 0.000E+00 0.000E+00 0.000E+00 0.000E+00 0.000E+00 0.000E+00 0.000E+00
   8   1.008 0.000E+00 0.000E+00 0.000E+00 0.000E+00 0.000E+00 0.000E+00 0.000E+00 0.000E+00 0.000E+00 0.000E+00 0.000E+00
   9   1.059 0.000E+00 0.000E+00 0.000E+00 0.000E+00 0.000E+00 0.000E+00 0.000E+00 0.000E+00 0.000E+00 0.000E+00 0.000E+00
  10   1.086 0.000E+00 0.000E+00 0.000E+00 0.000E+00 0.000E+00 0.000E+00 0.000E+00 0.000E+00 0.000E+00 0.000E+00 0.000E+00
  11   1.179 0.000E+00 0.000E+00 0.000E+00 0.000E+00 0.000E+00 0.000E+00 0.000E+00 0.000E+00 0.000E+00 0.000E+00 0.000E+00
  12   1.193 0.000E+00 0.000E+00 0.000E+00 0.000E+00 0.000E+00 0.000E+00 0.000E+00 0.000E+00 0.000E+00 0.000E+00 0.000E+00
  13   1.195 0.000E+00 0.000E+00 0.000E+00 0.000E+00 0.000E+00 0.000E+00 0.000E+00 0.000E+00 0.000E+00 0.000E+00 0.000E+00
  14   1.313 0.000E+00 0.000E+00 0.000E+00 0.000E+00 0.000E+00 0.000E+00 0.000E+00 0.000E+00 0.000E+00 0.000E+00 0.000E+00
  15   1.399 0.000E+00 0.000E+00 0.000E+00 0.000E+00 0.000E+00 0.000E+00 0.000E+00 0.000E+00 0.000E+00 0.000E+00 0.000E+00
  16   1.418 0.000E+00 0.000E+00 0.000E+00 0.000E+00 0.000E+00 0.000E+00 0.000E+00 0.000E+00 0.000E+00 0.000E+00 0.000E+00
  17   1.444 0.000E+00 0.000E+00 0.000E+00 0.000E+00 0.000E+00 0.000E+00 0.000E+00 0.000E+00 0.000E+00 0.000E+00 0.000E+00
  18   1.449 0.000E+00 0.000E+00 0.000E+00 0.000E+00 0.000E+00 0.000E+00 0.000E+00 0.000E+00 0.000E+00 0.000E+00 0.000E+00
  19   1.493 0.000E+00 0.000E+00 0.000E+00 0.000E+00 0.000E+00 0.000E+00 0.000E+00 0.000E+00 0.000E+00 0.000E+00 0.000E+00
  20   1.512 0.000E+00 0.000E+00 0.000E+00 0.000E+00 0.000E+00 0.000E+00 0.000E+00 0.000E+00 0.000E+00 0.000E+00 0.000E+00
  21   1.580 0.000E+00 0.000E+00 0.000E+00 0.000E+00 0.000E+00 0.000E+00 0.000E+00 0.000E+00 0.000E+00 0.000E+00 0.000E+00
  22   1.715 0.000E+00 0.000E+00 0.000E+00 0.000E+00 0.000E+00 0.000E+00 0.000E+00 0.000E+00 0.000E+00 0.000E+00 0.000E+00
  23   1.850 0.000E+00 0.000E+00 0.000E+00 0.000E+00 0.000E+00 0.000E+00 0.000E+00 0.000E+00 0.000E+00 0.000E+00 0.000E+00
  24   1.984 0.000E+00 0.000E+00 0.000E+00 0.000E+00 0.000E+00 0.000E+00 0.000E+00 0.000E+00 0.000E+00 0.000E+00 0.000E+00
  25   2.119 0.000E+00 0.000E+00 0.000E+00 0.000E+00 0.000E+00 0.000E+00 0.000E+00 0.000E+00 0.000E+00 0.000E+00 0.000E+00
  26   2.254 0.000E+00 0.000E+00 0.000E+00 0.000E+00 0.000E+00 0.000E+00 0.000E+00 0.000E+00 0.000E+00 0.000E+00 0.000E+00
  27   2.389 0.000E+00 0.000E+00 0.000E+00 0.000E+00 0.000E+00 0.000E+00 0.000E+00 0.000E+00 0.000E+00 0.000E+00 0.000E+00
  28   2.524 0.000E+00 0.000E+00 0.000E+00 0.000E+00 0.000E+00 0.000E+00 0.000E+00 0.000E+00 0.000E+00 0.000E+00 0.000E+00
  29   2.659 0.000E+00 0.000E+00 0.000E+00 0.000E+00 0.000E+00 0.000E+00 0.000E+00 0.000E+00 0.000E+00 0.000E+00 0.000E+00
  30   2.794 0.000E+00 0.000E+00 0.000E+00 0.000E+00 0.000E+00 0.000E+00 0.000E+00 0.000E+00 0.000E+00 0.000E+00 0.000E+00
  31   2.929 0.000E+00 0.000E+00 0.000E+00 0.000E+00 0.000E+00 0.000E+00 0.000E+00 0.000E+00 0.000E+00 0.000E+00 0.000E+00
  32   3.063 0.000E+00 0.000E+00 0.000E+00 0.000E+00 0.000E+00 0.000E+00 0.000E+00 0.000E+00 0.000E+00 0.000E+00 0.000E+00
  33   3.198 0.000E+00 0.000E+00 0.000E+00 0.000E+00 0.000E+00 0.000E+00 0.000E+00 0.000E+00 0.000E+00 0.000E+00 0.000E+00
  34   3.333 0.000E+00 0.000E+00 0.000E+00 0.000E+00 0.000E+00 0.000E+00 0.000E+00 0.000E+00 0.000E+00 0.000E+00 0.000E+00
  35   3.468 0.000E+00 0.000E+00 0.000E+00 0.000E+00 0.000E+00 0.000E+00 0.000E+00 0.000E+00 0.000E+00 0.000E+00 0.000E+00
  36   3.603 0.000E+00 0.000E+00 0.000E+00 0.000E+00 0.000E+00 0.000E+00 0.000E+00 0.000E+00 0.000E+00 0.000E+00 0.000E+00
  37   3.738 0.000E+00 0.000E+00 0.000E+00 0.000E+00 0.000E+00 0.000E+00 0.000E+00 0.000E+00 0.000E+00 0.000E+00 0.000E+00
  38   3.873 0.000E+00 0.000E+00 0.000E+00 0.000E+00 0.000E+00 0.000E+00 0.000E+00 0.000E+00 0.000E+00 0.000E+00 0.000E+00
  39   4.008 0.000E+00 0.000E+00 0.000E+00 0.000E+00 0.000E+00 0.000E+00 0.000E+00 0.000E+00 0.000E+00 0.000E+00 0.000E+00
  40   4.142 0.000E+00 0.000E+00 0.000E+00 0.000E+00 0.000E+00 0.000E+00 0.000E+00 0.000E+00 0.000E+00 0.000E+00 0.000E+00
  41   4.277 0.000E+00 0.000E+00 0.000E+00 0.000E+00 0.000E+00 0.000E+00 0.000E+00 0.000E+00 0.000E+00 0.000E+00 0.000E+00
  42   4.412 0.000E+00 0.000E+00 0.000E+00 0.000E+00 0.000E+00 0.000E+00 0.000E+00 0.000E+00 0.000E+00 0.000E+00 0.000E+00
  43   4.547 0.000E+00 0.000E+00 0.000E+00 0.000E+00 0.000E+00 0.000E+00 0.000E+00 0.000E+00 0.000E+00 0.000E+00 0.000E+00
  44   4.682 0.000E+00 0.000E+00 0.000E+00 0.000E+00 0.000E+00 0.000E+00 0.000E+00 0.000E+00 0.000E+00 0.000E+00 0.000E+00
  45   4.817 0.000E+00 0.000E+00 0.000E+00 0.000E+00 0.000E+00 0.000E+00 0.000E+00 0.000E+00 0.000E+00 0.000E+00 0.000E+00
  46   4.952 0.000E+00 0.000E+00 0.000E+00 0.000E+00 0.000E+00 0.000E+00 0.000E+00 0.000E+00 0.000E+00 0.000E+00 0.000E+00
  47   5.087 0.000E+00 0.000E+00 0.000E+00 0.000E+00 0.000E+00 0.000E+00 0.000E+00 0.000E+00 0.000E+00 0.000E+00 0.000E+00
  48   5.221 0.000E+00 0.000E+00 0.000E+00 0.000E+00 0.000E+00 0.000E+00 0.000E+00 0.000E+00 0.000E+00 0.000E+00 0.000E+00
  49   5.356 0.000E+00 0.000E+00 0.000E+00 0.000E+00 0.000E+00 0.000E+00 0.000E+00 0.000E+00 0.000E+00 0.000E+00 0.000E+00
  50   5.491 0.000E+00 0.000E+00 0.000E+00 0.000E+00 0.000E+00 0.000E+00 0.000E+00 0.000E+00 0.000E+00 0.000E+00 0.000E+00
  51   5.626 0.000E+00 0.000E+00 0.000E+00 0.000E+00 0.000E+00 0.000E+00 0.000E+00 0.000E+00 0.000E+00 0.000E+00 0.000E+00
  52   5.761 0.000E+00 0.000E+00 0.000E+00 0.000E+00 0.000E+00 0.000E+00 0.000E+00 0.000E+00 0.000E+00 0.000E+00 0.000E+00
  53   5.896 0.000E+00 0.000E+00 0.000E+00 0.000E+00 0.000E+00 0.000E+00 0.000E+00 0.000E+00 0.000E+00 0.000E+00 0.000E+00
  54   6.031 0.000E+00 0.000E+00 0.000E+00 0.000E+00 0.000E+00 0.000E+00 0.000E+00 0.000E+00 0.000E+00 0.000E+00 0.000E+00
  55   6.166 0.000E+00 0.000E+00 0.000E+00 0.000E+00 0.000E+00 0.000E+00 0.000E+00 0.000E+00 0.000E+00 0.000E+00 0.000E+00
  56   6.300 0.000E+00 0.000E+00 0.000E+00 0.000E+00 0.000E+00 0.000E+00 0.000E+00 0.000E+00 0.000E+00 0.000E+00 0.000E+00
  57   6.435 0.000E+00 0.000E+00 0.000E+00 0.000E+00 0.000E+00 0.000E+00 0.000E+00 0.000E+00 0.000E+00 0.000E+00 0.000E+00
  58   6.570 0.000E+00 0.000E+00 0.000E+00 0.000E+00 0.000E+00 0.000E+00 0.000E+00 0.000E+00 0.000E+00 0.000E+00 0.000E+00
  59   6.705 0.000E+00 0.000E+00 0.000E+00 0.000E+00 0.000E+00 0.000E+00 0.000E+00 0.000E+00 0.000E+00 0.000E+00 0.000E+00
  60   6.840 0.000E+00 0.000E+00 0.000E+00 0.000E+00 0.000E+00 0.000E+00 0.000E+00 0.000E+00 0.000E+00 0.000E+00 0.000E+00
  61   6.975 0.000E+00 0.000E+00 0.000E+00 0.000E+00 0.000E+00 0.000E+00 0.000E+00 0.000E+00 0.000E+00 0.000E+00 0.000E+00
  62   7.110 0.000E+00 0.000E+00 0.000E+00 0.000E+00 0.000E+00 0.000E+00 0.000E+00 0.000E+00 0.000E+00 0.000E+00 0.000E+00
  63   7.245 0.000E+00 0.000E+00 0.000E+00 0.000E+00 0.000E+00 0.000E+00 0.000E+00 0.000E+00 0.000E+00 0.000E+00 0.000E+00
  64   7.379 0.000E+00 0.000E+00 0.000E+00 0.000E+00 0.000E+00 0.000E+00 0.000E+00 0.000E+00 0.000E+00 0.000E+00 0.000E+00
  65   7.514 0.000E+00 0.000E+00 0.000E+00 0.000E+00 0.000E+00 0.000E+00 0.000E+00 0.000E+00 0.000E+00 0.000E+00 0.000E+00
  66   7.649 0.000E+00 0.000E+00 0.000E+00 0.000E+00 0.000E+00 0.000E+00 0.000E+00 0.000E+00 0.000E+00 0.000E+00 0.000E+00
  67   7.784 0.000E+00 0.000E+00 0.000E+00 0.000E+00 0.000E+00 0.000E+00 0.000E+00 0.000E+00 0.000E+00 0.000E+00 0.000E+00
  68   7.919 0.000E+00 0.000E+00 0.000E+00 0.000E+00 0.000E+00 0.000E+00 0.000E+00 0.000E+00 0.000E+00 0.000E+00 0.000E+00
  69   8.054 0.000E+00 0.000E+00 0.000E+00 0.000E+00 0.000E+00 0.000E+00 0.000E+00 0.000E+00 0.000E+00 0.000E+00 0.000E+00
  70   8.189 0.000E+00 0.000E+00 0.000E+00 0.000E+00 0.000E+00 0.000E+00 0.000E+00 0.000E+00 0.000E+00 0.000E+00 0.000E+00
  71   8.324 0.000E+00 0.000E+00 0.000E+00 0.000E+00 0.000E+00 0.000E+00 0.000E+00 0.000E+00 0.000E+00 0.000E+00 0.000E+00
  72   8.458 0.000E+00 0.000E+00 0.000E+00 0.000E+00 0.000E+00 0.000E+00 0.000E+00 0.000E+00 0.000E+00 0.000E+00 0.000E+00
  73   8.593 0.000E+00 0.000E+00 0.000E+00 0.000E+00 0.000E+00 0.000E+00 0.000E+00 0.000E+00 0.000E+00 0.000E+00 0.000E+00
  74   8.728 0.000E+00 0.000E+00 0.000E+00 0.000E+00 0.000E+00 0.000E+00 0.000E+00 0.000E+00 0.000E+00 0.000E+00 0.000E+00
  75   8.863 0.000E+00 0.000E+00 0.000E+00 0.000E+00 0.000E+00 0.000E+00 0.000E+00 0.000E+00 0.000E+00 0.000E+00 0.000E+00
  76   8.998 0.000E+00 0.000E+00 0.000E+00 0.000E+00 0.000E+00 0.000E+00 0.000E+00 0.000E+00 0.000E+00 0.000E+00 0.000E+00
  77   9.133 0.000E+00 0.000E+00 0.000E+00 0.000E+00 0.000E+00 0.000E+00 0.000E+00 0.000E+00 0.000E+00 0.000E+00 0.000E+00
  78   9.268 0.000E+00 0.000E+00 0.000E+00 0.000E+00 0.000E+00 0.000E+00 0.000E+00 0.000E+00 0.000E+00 0.000E+00 0.000E+00
  79   9.403 0.000E+00 0.000E+00 0.000E+00 0.000E+00 0.000E+00 0.000E+00 0.000E+00 0.000E+00 0.000E+00 0.000E+00 0.000E+00
  80   9.538 0.000E+00 0.000E+00 0.000E+00 0.000E+00 0.000E+00 0.000E+00 0.000E+00 0.000E+00 0.000E+00 0.000E+00 0.000E+00
  81   9.672 0.000E+00 0.000E+00 0.000E+00 0.000E+00 0.000E+00 0.000E+00 0.000E+00 0.000E+00 0.000E+00 0.000E+00 0.000E+00
  82   9.807 0.000E+00 0.000E+00 0.000E+00 0.000E+00 0.000E+00 0.000E+00 0.000E+00 0.000E+00 0.000E+00 0.000E+00 0.000E+00
  83   9.942 0.000E+00 0.000E+00 0.000E+00 0.000E+00 0.000E+00 0.000E+00 0.000E+00 0.000E+00 0.000E+00 0.000E+00 0.000E+00
  84  10.077 0.000E+00 0.000E+00 0.000E+00 0.000E+00 0.000E+00 0.000E+00 0.000E+00 0.000E+00 0.000E+00 0.000E+00 0.000E+00
  85  10.212 0.000E+00 0.000E+00 0.000E+00 0.000E+00 0.000E+00 0.000E+00 0.000E+00 0.000E+00 0.000E+00 0.000E+00 0.000E+00
  86  10.347 0.000E+00 0.000E+00 0.000E+00 0.000E+00 0.000E+00 0.000E+00 0.000E+00 0.000E+00 0.000E+00 0.000E+00 0.000E+00
  87  10.482 0.000E+00 0.000E+00 0.000E+00 0.000E+00 0.000E+00 0.000E+00 0.000E+00 0.000E+00 0.000E+00 0.000E+00 0.000E+00
  88  10.617 0.000E+00 0.000E+00 0.000E+00 0.000E+00 0.000E+00 0.000E+00 0.000E+00 0.000E+00 0.000E+00 0.000E+00 0.000E+00
  89  10.751 0.000E+00 0.000E+00 0.000E+00 0.000E+00 0.000E+00 0.000E+00 0.000E+00 0.000E+00 0.000E+00 0.000E+00 0.000E+00
  90  10.886 0.000E+00 0.000E+00 0.000E+00 0.000E+00 0.000E+00 0.000E+00 0.000E+00 0.000E+00 0.000E+00 0.000E+00 0.000E+00
  91  11.021 0.000E+00 0.000E+00 0.000E+00 0.000E+00 0.000E+00 0.000E+00 0.000E+00 0.000E+00 0.000E+00 0.000E+00 0.000E+00
  92  11.156 0.000E+00 0.000E+00 0.000E+00 0.000E+00 0.000E+00 0.000E+00 0.000E+00 0.000E+00 0.000E+00 0.000E+00 0.000E+00
  93  11.291 0.000E+00 0.000E+00 0.000E+00 0.000E+00 0.000E+00 0.000E+00 0.000E+00 0.000E+00 0.000E+00 0.000E+00 0.000E+00
  94  11.426 0.000E+00 0.000E+00 0.000E+00 0.000E+00 0.000E+00 0.000E+00 0.000E+00 0.000E+00 0.000E+00 0.000E+00 0.000E+00
  95  11.561 0.000E+00 0.000E+00 0.000E+00 0.000E+00 0.000E+00 0.000E+00 0.000E+00 0.000E+00 0.000E+00 0.000E+00 0.000E+00
  96  11.696 0.000E+00 0.000E+00 0.000E+00 0.000E+00 0.000E+00 0.000E+00 0.000E+00 0.000E+00 0.000E+00 0.000E+00 0.000E+00
  97  11.830 0.000E+00 0.000E+00 0.000E+00 0.000E+00 0.000E+00 0.000E+00 0.000E+00 0.000E+00 0.000E+00 0.000E+00 0.000E+00
  98  11.965 0.000E+00 0.000E+00 0.000E+00 0.000E+00 0.000E+00 0.000E+00 0.000E+00 0.000E+00 0.000E+00 0.000E+00 0.000E+00
  99  12.100 0.000E+00 0.000E+00 0.000E+00 0.000E+00 0.000E+00 0.000E+00 0.000E+00 0.000E+00 0.000E+00 0.000E+00 0.000E+00
 100  12.235 0.000E+00 0.000E+00 0.000E+00 0.000E+00 0.000E+00 0.000E+00 0.000E+00 0.000E+00 0.000E+00 0.000E+00 0.000E+00
 101  12.370 0.000E+00 0.000E+00 0.000E+00 0.000E+00 0.000E+00 0.000E+00 0.000E+00 0.000E+00 0.000E+00 0.000E+00 0.000E+00
 102  12.505 0.000E+00 0.000E+00 0.000E+00 0.000E+00 0.000E+00 0.000E+00 0.000E+00 0.000E+00 0.000E+00 0.000E+00 0.000E+00
 103  12.640 0.000E+00 0.000E+00 0.000E+00 0.000E+00 0.000E+00 0.000E+00 0.000E+00 0.000E+00 0.000E+00 0.000E+00 0.000E+00
 104  12.775 0.000E+00 0.000E+00 0.000E+00 0.000E+00 0.000E+00 0.000E+00 0.000E+00 0.000E+00 0.000E+00 0.000E+00 0.000E+00
 105  12.909 0.000E+00 0.000E+00 0.000E+00 0.000E+00 0.000E+00 0.000E+00 0.000E+00 0.000E+00 0.000E+00 0.000E+00 0.000E+00
 106  13.044 0.000E+00 0.000E+00 0.000E+00 0.000E+00 0.000E+00 0.000E+00 0.000E+00 0.000E+00 0.000E+00 0.000E+00 0.000E+00
 107  13.179 0.000E+00 0.000E+00 0.000E+00 0.000E+00 0.000E+00 0.000E+00 0.000E+00 0.000E+00 0.000E+00 0.000E+00 0.000E+00
 108  13.314 0.000E+00 0.000E+00 0.000E+00 0.000E+00 0.000E+00 0.000E+00 0.000E+00 0.000E+00 0.000E+00 0.000E+00 0.000E+00
 109  13.449 0.000E+00 0.000E+00 0.000E+00 0.000E+00 0.000E+00 0.000E+00 0.000E+00 0.000E+00 0.000E+00 0.000E+00 0.000E+00
 110  13.584 0.000E+00 0.000E+00 0.000E+00 0.000E+00 0.000E+00 0.000E+00 0.000E+00 0.000E+00 0.000E+00 0.000E+00 0.000E+00
 111  13.719 0.000E+00 0.000E+00 0.000E+00 0.000E+00 0.000E+00 0.000E+00 0.000E+00 0.000E+00 0.000E+00 0.000E+00 0.000E+00
 112  13.854 0.000E+00 0.000E+00 0.000E+00 0.000E+00 0.000E+00 0.000E+00 0.000E+00 0.000E+00 0.000E+00 0.000E+00 0.000E+00
 113  13.988 0.000E+00 0.000E+00 0.000E+00 0.000E+00 0.000E+00 0.000E+00 0.000E+00 0.000E+00 0.000E+00 0.000E+00 0.000E+00
 114  14.123 0.000E+00 0.000E+00 0.000E+00 0.000E+00 0.000E+00 0.000E+00 0.000E+00 0.000E+00 0.000E+00 0.000E+00 0.000E+00
 115  14.258 0.000E+00 0.000E+00 0.000E+00 0.000E+00 0.000E+00 0.000E+00 0.000E+00 0.000E+00 0.000E+00 0.000E+00 0.000E+00
 116  14.393 0.000E+00 0.000E+00 0.000E+00 0.000E+00 0.000E+00 0.000E+00 0.000E+00 0.000E+00 0.000E+00 0.000E+00 0.000E+00
 117  14.528 0.000E+00 0.000E+00 0.000E+00 0.000E+00 0.000E+00 0.000E+00 0.000E+00 0.000E+00 0.000E+00 0.000E+00 0.000E+00
 118  14.663 0.000E+00 0.000E+00 0.000E+00 0.000E+00 0.000E+00 0.000E+00 0.000E+00 0.000E+00 0.000E+00 0.000E+00 0.000E+00
 119  14.798 0.000E+00 0.000E+00 0.000E+00 0.000E+00 0.000E+00 0.000E+00 0.000E+00 0.000E+00 0.000E+00 0.000E+00 0.000E+00
 120  14.933 1.000E+00 1.000E+00 0.000E+00 0.000E+00 1.000E+00 0.000E+00 0.000E+00 0.000E+00 0.000E+00 0.000E+00 0.000E+00

 Isospin factors to reduce emission for multiple emission for Z= 54 N= 85 (139Xe)

 gamma     1.00000
 neutron   1.00000
 proton    1.00000
 deuteron  1.00000
 triton    1.00000
 helium-3  1.00000
 alpha     1.00000

 Population of each bin of Z= 54 N= 85 (139Xe) before its decay

 bin    Ex      Pop     P Pop per P  J= 0.5    J= 1.5    J= 2.5    J= 3.5    J= 4.5    J= 5.5    J= 6.5    J= 7.5    J= 8.5  

 120  14.933 1.000E+00 -1 0.000E+00 0.000E+00 0.000E+00 0.000E+00 0.000E+00 0.000E+00 0.000E+00 0.000E+00 0.000E+00 0.000E+00
 120  14.933 1.000E+00  1 1.000E+00 0.000E+00 0.000E+00 1.000E+00 0.000E+00 0.000E+00 0.000E+00 0.000E+00 0.000E+00 0.000E+00
 2.5   1 1.000E+00 1.863E-04 9.998E-01 1.857E-08 4.495E-13 6.067E-10 0.000E+00 8.234E-06
 119  14.798 1.438E-09 -1 1.410E-09 1.281E-15 3.388E-10 4.801E-10 5.910E-10 4.872E-15 0.000E+00 0.000E+00 0.000E+00 0.000E+00
 119  14.798 1.438E-09  1 2.819E-11 4.157E-14 6.726E-12 9.530E-12 1.173E-11 1.581E-13 0.000E+00 0.000E+00 0.000E+00 0.000E+00
 118  14.663 1.108E-08 -1 1.068E-08 1.801E-14 2.569E-09 3.638E-09 4.477E-09 6.841E-14 0.000E+00 0.000E+00 0.000E+00 0.000E+00
 118  14.663 1.108E-08  1 3.969E-10 5.841E-13 9.475E-11 1.342E-10 1.652E-10 2.218E-12 0.000E+00 0.000E+00 0.000E+00 0.000E+00
 117  14.528 3.590E-08 -1 3.412E-08 8.019E-14 8.207E-09 1.162E-08 1.430E-08 3.041E-13 0.000E+00 0.000E+00 0.000E+00 0.000E+00
 117  14.528 3.590E-08  1 1.772E-09 2.597E-12 4.231E-10 5.992E-10 7.370E-10 9.848E-12 0.000E+00 0.000E+00 0.000E+00 0.000E+00
 116  14.393 8.131E-08 -1 7.636E-08 2.230E-13 1.837E-08 2.601E-08 3.198E-08 8.444E-13 0.000E+00 0.000E+00 0.000E+00 0.000E+00
 116  14.393 8.131E-08  1 4.947E-09 7.206E-12 1.182E-09 1.673E-09 2.057E-09 2.729E-11 0.000E+00 0.000E+00 0.000E+00 0.000E+00
 115  14.258 1.513E-07 -1 1.406E-07 4.792E-13 3.385E-08 4.790E-08 5.887E-08 1.812E-12 0.000E+00 0.000E+00 0.000E+00 0.000E+00
 115  14.258 1.513E-07  1 1.069E-08 1.545E-11 2.555E-09 3.616E-09 4.445E-09 5.842E-11 0.000E+00 0.000E+00 0.000E+00 0.000E+00
 114  14.123 2.484E-07 -1 2.288E-07 8.752E-13 5.509E-08 7.794E-08 9.574E-08 3.304E-12 0.000E+00 0.000E+00 0.000E+00 0.000E+00
 114  14.123 2.484E-07  1 1.966E-08 2.813E-11 4.703E-09 6.654E-09 8.174E-09 1.062E-10 0.000E+00 0.000E+00 0.000E+00 0.000E+00
 113  13.988 3.733E-07 -1 3.409E-07 1.429E-12 8.213E-08 1.162E-07 1.426E-07 5.386E-12 0.000E+00 0.000E+00 0.000E+00 0.000E+00
 113  13.988 3.733E-07  1 3.240E-08 4.575E-11 7.752E-09 1.096E-08 1.346E-08 1.725E-10 0.000E+00 0.000E+00 0.000E+00 0.000E+00
 112  13.854 5.262E-07 -1 4.769E-07 2.149E-12 1.149E-07 1.625E-07 1.994E-07 8.089E-12 0.000E+00 0.000E+00 0.000E+00 0.000E+00
 112  13.854 5.262E-07  1 4.927E-08 6.852E-11 1.180E-08 1.668E-08 2.047E-08 2.579E-10 0.000E+00 0.000E+00 0.000E+00 0.000E+00
 111  13.719 7.091E-07 -1 6.385E-07 3.036E-12 1.540E-07 2.176E-07 2.670E-07 1.141E-11 0.000E+00 0.000E+00 0.000E+00 0.000E+00
 111  13.719 7.091E-07  1 7.056E-08 9.636E-11 1.690E-08 2.389E-08 2.931E-08 3.621E-10 0.000E+00 0.000E+00 0.000E+00 0.000E+00
 110  13.584 9.124E-07 -1 8.159E-07 4.085E-12 1.968E-07 2.781E-07 3.410E-07 1.533E-11 0.000E+00 0.000E+00 0.000E+00 0.000E+00
 110  13.584 9.124E-07  1 9.648E-08 1.289E-10 2.312E-08 3.267E-08 4.006E-08 4.837E-10 0.000E+00 0.000E+00 0.000E+00 0.000E+00
 109  13.449 1.140E-06 -1 1.013E-06 5.281E-12 2.445E-07 3.454E-07 4.233E-07 1.978E-11 0.000E+00 0.000E+00 0.000E+00 0.000E+00
 109  13.449 1.140E-06  1 1.272E-07 1.657E-10 3.050E-08 4.308E-08 5.280E-08 6.206E-10 0.000E+00 0.000E+00 0.000E+00 0.000E+00
 108  13.314 1.391E-06 -1 1.228E-06 6.608E-12 2.966E-07 4.188E-07 5.130E-07 2.471E-11 0.000E+00 0.000E+00 0.000E+00 0.000E+00
 108  13.314 1.391E-06  1 1.628E-07 2.060E-10 3.908E-08 5.518E-08 6.759E-08 7.703E-10 0.000E+00 0.000E+00 0.000E+00 0.000E+00
 107  13.179 1.659E-06 -1 1.455E-06 8.046E-12 3.516E-07 4.962E-07 6.076E-07 3.004E-11 0.000E+00 0.000E+00 0.000E+00 0.000E+00
 107  13.179 1.659E-06  1 2.037E-07 2.490E-10 4.892E-08 6.905E-08 8.455E-08 9.296E-10 0.000E+00 0.000E+00 0.000E+00 0.000E+00
 106  13.044 1.936E-06 -1 1.686E-06 9.572E-12 4.075E-07 5.750E-07 7.037E-07 3.568E-11 0.000E+00 0.000E+00 0.000E+00 0.000E+00
 106  13.044 1.936E-06  1 2.501E-07 2.939E-10 6.012E-08 8.482E-08 1.038E-07 1.095E-09 0.000E+00 0.000E+00 0.000E+00 0.000E+00
 1.5  -1 4.075E-07 7.331E-11 4.074E-07 2.082E-18 0.000E+00 0.000E+00 0.000E+00 1.738E-12
 2.5  -1 5.750E-07 1.075E-10 5.749E-07 1.152E-18 0.000E+00 0.000E+00 0.000E+00 1.985E-12
 3.5  -1 7.037E-07 1.338E-10 7.035E-07 1.586E-18 0.000E+00 0.000E+00 0.000E+00 2.976E-12
 1.5   1 6.012E-08 1.089E-11 6.011E-08 1.078E-18 0.000E+00 0.000E+00 0.000E+00 2.807E-13
 2.5   1 8.482E-08 1.596E-11 8.480E-08 1.272E-18 0.000E+00 0.000E+00 0.000E+00 4.530E-13
 3.5   1 1.038E-07 1.988E-11 1.038E-07 5.528E-19 0.000E+00 0.000E+00 0.000E+00 4.683E-13
 105  12.909 2.227E-06 -1 1.925E-06 1.116E-11 4.654E-07 6.565E-07 8.030E-07 4.153E-11 1.474E-19 0.000E+00 0.000E+00 0.000E+00
 105  12.909 2.227E-06  1 3.026E-07 3.399E-10 7.277E-08 1.026E-07 1.255E-07 1.265E-09 2.617E-20 0.000E+00 0.000E+00 0.000E+00
 1.5  -1 4.654E-07 8.342E-11 4.654E-07 7.832E-19 0.000E+00 0.000E+00 0.000E+00 1.787E-12
 2.5  -1 6.565E-07 1.223E-10 6.563E-07 0.000E+00 0.000E+00 0.000E+00 0.000E+00 2.017E-12
 3.5  -1 8.030E-07 1.523E-10 8.028E-07 0.000E+00 0.000E+00 0.000E+00 0.000E+00 3.097E-12
 1.5   1 7.277E-08 1.314E-11 7.276E-08 2.996E-19 0.000E+00 0.000E+00 0.000E+00 3.126E-13
 2.5   1 1.026E-07 1.926E-11 1.026E-07 3.172E-19 0.000E+00 0.000E+00 0.000E+00 5.125E-13
 3.5   1 1.255E-07 2.400E-11 1.255E-07 0.000E+00 0.000E+00 0.000E+00 0.000E+00 5.268E-13
 104  12.775 2.525E-06 -1 2.164E-06 1.280E-11 5.234E-07 7.379E-07 9.022E-07 4.752E-11 2.224E-18 0.000E+00 0.000E+00 0.000E+00
 104  12.775 2.525E-06  1 3.614E-07 3.861E-10 8.700E-08 1.227E-07 1.500E-07 1.434E-09 3.963E-19 0.000E+00 0.000E+00 0.000E+00
 1.5  -1 5.234E-07 9.345E-11 5.233E-07 0.000E+00 0.000E+00 0.000E+00 0.000E+00 1.810E-12
 2.5  -1 7.379E-07 1.371E-10 7.378E-07 0.000E+00 0.000E+00 0.000E+00 0.000E+00 2.019E-12
 3.5  -1 9.022E-07 1.707E-10 9.020E-07 0.000E+00 0.000E+00 0.000E+00 0.000E+00 3.168E-12
 1.5   1 8.700E-08 1.566E-11 8.698E-08 0.000E+00 0.000E+00 0.000E+00 0.000E+00 3.434E-13
 2.5   1 1.227E-07 2.296E-11 1.226E-07 0.000E+00 0.000E+00 0.000E+00 0.000E+00 5.720E-13
 3.5   1 1.500E-07 2.862E-11 1.499E-07 0.000E+00 0.000E+00 0.000E+00 0.000E+00 5.839E-13
 103  12.640 2.825E-06 -1 2.398E-06 1.445E-11 5.804E-07 8.180E-07 9.995E-07 5.357E-11 1.163E-17 0.000E+00 0.000E+00 0.000E+00
 103  12.640 2.825E-06  1 4.269E-07 4.317E-10 1.028E-07 1.449E-07 1.771E-07 1.600E-09 2.089E-18 0.000E+00 0.000E+00 0.000E+00
 1.5  -1 5.804E-07 1.031E-10 5.803E-07 0.000E+00 0.000E+00 0.000E+00 0.000E+00 1.788E-12
 2.5  -1 8.180E-07 1.513E-10 8.178E-07 0.000E+00 0.000E+00 0.000E+00 0.000E+00 1.978E-12
 3.5  -1 9.995E-07 1.884E-10 9.993E-07 0.000E+00 0.000E+00 0.000E+00 0.000E+00 3.179E-12
 1.5   1 1.028E-07 1.842E-11 1.028E-07 0.000E+00 0.000E+00 0.000E+00 0.000E+00 3.690E-13
 2.5   1 1.449E-07 2.702E-11 1.449E-07 0.000E+00 0.000E+00 0.000E+00 0.000E+00 6.270E-13
 3.5   1 1.771E-07 3.369E-11 1.770E-07 0.000E+00 0.000E+00 0.000E+00 0.000E+00 6.362E-13
 102  12.505 3.129E-06 -1 2.631E-06 1.610E-11 6.372E-07 8.977E-07 1.096E-06 5.958E-11 3.835E-17 0.000E+00 0.000E+00 0.000E+00
 102  12.505 3.129E-06  1 4.979E-07 4.760E-10 1.200E-07 1.691E-07 2.065E-07 1.761E-09 6.962E-18 0.000E+00 0.000E+00 0.000E+00
 1.5  -1 6.372E-07 1.126E-10 6.371E-07 0.000E+00 0.000E+00 0.000E+00 0.000E+00 1.704E-12
 2.5  -1 8.977E-07 1.652E-10 8.976E-07 0.000E+00 0.000E+00 0.000E+00 0.000E+00 1.873E-12
 3.5  -1 1.096E-06 2.059E-10 1.096E-06 0.000E+00 0.000E+00 0.000E+00 0.000E+00 3.094E-12
 1.5   1 1.200E-07 2.140E-11 1.200E-07 0.000E+00 0.000E+00 0.000E+00 0.000E+00 3.834E-13
 2.5   1 1.691E-07 3.141E-11 1.691E-07 0.000E+00 0.000E+00 0.000E+00 0.000E+00 6.675E-13
 3.5   1 2.065E-07 3.916E-11 2.065E-07 0.000E+00 0.000E+00 0.000E+00 0.000E+00 6.743E-13
 101  12.370 3.425E-06 -1 2.853E-06 1.773E-11 6.914E-07 9.736E-07 1.188E-06 6.550E-11 9.718E-17 0.000E+00 0.000E+00 0.000E+00
 101  12.370 3.425E-06  1 5.717E-07 5.184E-10 1.379E-07 1.942E-07 2.371E-07 1.915E-09 1.785E-17 0.000E+00 0.000E+00 0.000E+00
 1.5  -1 6.914E-07 1.213E-10 6.912E-07 0.000E+00 0.000E+00 0.000E+00 0.000E+00 1.609E-12
 2.5  -1 9.736E-07 1.780E-10 9.735E-07 0.000E+00 0.000E+00 0.000E+00 0.000E+00 1.747E-12
 3.5  -1 1.188E-06 2.220E-10 1.188E-06 0.000E+00 0.000E+00 0.000E+00 0.000E+00 2.945E-12
 1.5   1 1.379E-07 2.443E-11 1.379E-07 0.000E+00 0.000E+00 0.000E+00 0.000E+00 3.908E-13
 2.5   1 1.942E-07 3.587E-11 1.942E-07 0.000E+00 0.000E+00 0.000E+00 0.000E+00 6.951E-13
 3.5   1 2.371E-07 4.475E-11 2.370E-07 0.000E+00 0.000E+00 0.000E+00 0.000E+00 6.964E-13
 100  12.235 3.702E-06 -1 3.060E-06 1.933E-11 7.418E-07 1.044E-06 1.274E-06 7.126E-11 2.073E-16 0.000E+00 0.000E+00 0.000E+00
 100  12.235 3.702E-06  1 6.416E-07 5.583E-10 1.549E-07 2.181E-07 2.660E-07 2.058E-09 3.856E-17 0.000E+00 0.000E+00 0.000E+00
 1.5  -1 7.418E-07 1.291E-10 7.417E-07 0.000E+00 0.000E+00 0.000E+00 0.000E+00 1.514E-12
 2.5  -1 1.044E-06 1.897E-10 1.044E-06 0.000E+00 0.000E+00 0.000E+00 0.000E+00 1.629E-12
 3.5  -1 1.274E-06 2.366E-10 1.274E-06 0.000E+00 0.000E+00 0.000E+00 0.000E+00 2.811E-12
 1.5   1 1.549E-07 2.725E-11 1.549E-07 0.000E+00 0.000E+00 0.000E+00 0.000E+00 3.880E-13
 2.5   1 2.181E-07 4.003E-11 2.180E-07 0.000E+00 0.000E+00 0.000E+00 0.000E+00 7.100E-13
 3.5   1 2.660E-07 4.996E-11 2.660E-07 0.000E+00 0.000E+00 0.000E+00 0.000E+00 7.060E-13
  99  12.100 3.965E-06 -1 3.267E-06 2.088E-11 7.923E-07 1.115E-06 1.359E-06 7.681E-11 3.917E-16 0.000E+00 0.000E+00 0.000E+00
  99  12.100 3.965E-06  1 6.981E-07 5.952E-10 1.687E-07 2.373E-07 2.894E-07 2.190E-09 7.388E-17 0.000E+00 0.000E+00 0.000E+00
 1.5  -1 7.923E-07 1.367E-10 7.922E-07 0.000E+00 0.000E+00 0.000E+00 0.000E+00 1.386E-12
 2.5  -1 1.115E-06 2.009E-10 1.115E-06 0.000E+00 0.000E+00 0.000E+00 0.000E+00 1.489E-12
 3.5  -1 1.359E-06 2.507E-10 1.359E-06 0.000E+00 0.000E+00 0.000E+00 0.000E+00 2.636E-12
 1.5   1 1.687E-07 2.943E-11 1.686E-07 0.000E+00 0.000E+00 0.000E+00 0.000E+00 3.669E-13
 2.5   1 2.373E-07 4.325E-11 2.373E-07 0.000E+00 0.000E+00 0.000E+00 0.000E+00 6.950E-13
 3.5   1 2.894E-07 5.400E-11 2.893E-07 0.000E+00 0.000E+00 0.000E+00 0.000E+00 6.897E-13
  98  11.965 4.174E-06 -1 3.443E-06 2.236E-11 8.355E-07 1.175E-06 1.432E-06 8.211E-11 6.761E-16 0.000E+00 0.000E+00 0.000E+00
  98  11.965 4.174E-06  1 7.317E-07 6.288E-10 1.769E-07 2.488E-07 3.031E-07 2.309E-09 1.294E-16 0.000E+00 0.000E+00 0.000E+00
 1.5  -1 8.355E-07 1.428E-10 8.354E-07 0.000E+00 0.000E+00 0.000E+00 0.000E+00 1.216E-12
 2.5  -1 1.175E-06 2.099E-10 1.175E-06 0.000E+00 0.000E+00 0.000E+00 0.000E+00 1.307E-12
 3.5  -1 1.432E-06 2.620E-10 1.432E-06 0.000E+00 0.000E+00 0.000E+00 0.000E+00 2.375E-12
 1.5   1 1.769E-07 3.059E-11 1.768E-07 0.000E+00 0.000E+00 0.000E+00 0.000E+00 3.259E-13
 2.5   1 2.488E-07 4.498E-11 2.487E-07 0.000E+00 0.000E+00 0.000E+00 0.000E+00 6.423E-13
 3.5   1 3.031E-07 5.618E-11 3.031E-07 0.000E+00 0.000E+00 0.000E+00 0.000E+00 6.399E-13
  97  11.830 4.350E-06 -1 3.611E-06 2.377E-11 8.767E-07 1.233E-06 1.501E-06 8.712E-11 1.088E-15 0.000E+00 0.000E+00 0.000E+00
  97  11.830 4.350E-06  1 7.390E-07 6.587E-10 1.787E-07 2.513E-07 3.060E-07 2.414E-09 2.115E-16 0.000E+00 0.000E+00 0.000E+00
 1.5  -1 8.767E-07 1.483E-10 8.766E-07 0.000E+00 0.000E+00 0.000E+00 0.000E+00 1.068E-12
 2.5  -1 1.233E-06 2.181E-10 1.232E-06 0.000E+00 0.000E+00 0.000E+00 0.000E+00 1.150E-12
 3.5  -1 1.501E-06 2.723E-10 1.501E-06 0.000E+00 0.000E+00 0.000E+00 0.000E+00 2.101E-12
 1.5   1 1.787E-07 3.061E-11 1.787E-07 0.000E+00 0.000E+00 0.000E+00 0.000E+00 2.833E-13
 2.5   1 2.513E-07 4.503E-11 2.512E-07 0.000E+00 0.000E+00 0.000E+00 0.000E+00 5.720E-13
 3.5   1 3.060E-07 5.627E-11 3.059E-07 0.000E+00 0.000E+00 0.000E+00 0.000E+00 5.710E-13
  96  11.696 4.478E-06 -1 3.753E-06 2.510E-11 9.118E-07 1.281E-06 1.560E-06 9.182E-11 1.656E-15 0.000E+00 0.000E+00 0.000E+00
  96  11.696 4.478E-06  1 7.252E-07 6.849E-10 1.754E-07 2.465E-07 3.000E-07 2.505E-09 3.270E-16 0.000E+00 0.000E+00 0.000E+00
 1.5  -1 9.118E-07 1.524E-10 9.117E-07 0.000E+00 0.000E+00 0.000E+00 0.000E+00 9.521E-13
 2.5  -1 1.281E-06 2.242E-10 1.281E-06 0.000E+00 0.000E+00 0.000E+00 0.000E+00 1.035E-12
 3.5  -1 1.560E-06 2.802E-10 1.559E-06 0.000E+00 0.000E+00 0.000E+00 0.000E+00 1.916E-12
 1.5   1 1.754E-07 2.972E-11 1.754E-07 0.000E+00 0.000E+00 0.000E+00 0.000E+00 2.384E-13
 2.5   1 2.465E-07 4.375E-11 2.465E-07 0.000E+00 0.000E+00 0.000E+00 0.000E+00 4.977E-13
 3.5   1 3.000E-07 5.469E-11 3.000E-07 0.000E+00 0.000E+00 0.000E+00 0.000E+00 5.004E-13
  95  11.561 4.586E-06 -1 3.886E-06 2.635E-11 9.447E-07 1.327E-06 1.614E-06 9.619E-11 2.409E-15 0.000E+00 0.000E+00 0.000E+00
  95  11.561 4.586E-06  1 7.002E-07 7.070E-10 1.694E-07 2.380E-07 2.895E-07 2.580E-09 4.828E-16 0.000E+00 0.000E+00 0.000E+00
 1.5  -1 9.447E-07 1.560E-10 9.445E-07 0.000E+00 0.000E+00 0.000E+00 0.000E+00 8.078E-13
 2.5  -1 1.327E-06 2.296E-10 1.327E-06 0.000E+00 0.000E+00 0.000E+00 0.000E+00 8.918E-13
 3.5  -1 1.614E-06 2.871E-10 1.614E-06 0.000E+00 0.000E+00 0.000E+00 0.000E+00 1.673E-12
 1.5   1 1.694E-07 2.838E-11 1.694E-07 0.000E+00 0.000E+00 0.000E+00 0.000E+00 1.896E-13
 2.5   1 2.380E-07 4.180E-11 2.379E-07 0.000E+00 0.000E+00 0.000E+00 0.000E+00 4.123E-13
 3.5   1 2.895E-07 5.229E-11 2.894E-07 0.000E+00 0.000E+00 0.000E+00 0.000E+00 4.196E-13
  94  11.426 4.664E-06 -1 3.991E-06 2.751E-11 9.708E-07 1.363E-06 1.657E-06 1.002E-10 3.372E-15 0.000E+00 0.000E+00 0.000E+00
  94  11.426 4.664E-06  1 6.728E-07 7.252E-10 1.629E-07 2.287E-07 2.780E-07 2.641E-09 6.860E-16 0.000E+00 0.000E+00 0.000E+00
 1.5  -1 9.708E-07 1.581E-10 9.707E-07 0.000E+00 0.000E+00 0.000E+00 0.000E+00 6.652E-13
 2.5  -1 1.363E-06 2.329E-10 1.363E-06 0.000E+00 0.000E+00 0.000E+00 0.000E+00 7.378E-13
 3.5  -1 1.657E-06 2.913E-10 1.657E-06 0.000E+00 0.000E+00 0.000E+00 0.000E+00 1.392E-12
 1.5   1 1.629E-07 2.693E-11 1.628E-07 0.000E+00 0.000E+00 0.000E+00 0.000E+00 1.488E-13
 2.5   1 2.287E-07 3.969E-11 2.286E-07 0.000E+00 0.000E+00 0.000E+00 0.000E+00 3.328E-13
 3.5   1 2.780E-07 4.968E-11 2.779E-07 0.000E+00 0.000E+00 0.000E+00 0.000E+00 3.409E-13
  93  11.291 4.722E-06 -1 4.073E-06 2.857E-11 9.915E-07 1.391E-06 1.690E-06 1.039E-10 4.572E-15 0.000E+00 0.000E+00 0.000E+00
  93  11.291 4.722E-06  1 6.484E-07 7.394E-10 1.570E-07 2.203E-07 2.676E-07 2.687E-09 9.428E-16 0.000E+00 0.000E+00 0.000E+00
 1.5  -1 9.915E-07 1.593E-10 9.913E-07 0.000E+00 0.000E+00 0.000E+00 0.000E+00 5.568E-13
 2.5  -1 1.391E-06 2.347E-10 1.391E-06 0.000E+00 0.000E+00 0.000E+00 0.000E+00 6.128E-13
 3.5  -1 1.690E-06 2.937E-10 1.690E-06 0.000E+00 0.000E+00 0.000E+00 0.000E+00 1.152E-12
 1.5   1 1.570E-07 2.563E-11 1.570E-07 0.000E+00 0.000E+00 0.000E+00 0.000E+00 1.196E-13
 2.5   1 2.203E-07 3.780E-11 2.203E-07 0.000E+00 0.000E+00 0.000E+00 0.000E+00 2.693E-13
 3.5   1 2.676E-07 4.734E-11 2.676E-07 0.000E+00 0.000E+00 0.000E+00 0.000E+00 2.755E-13
  92  11.156 4.773E-06 -1 4.144E-06 2.956E-11 1.009E-06 1.416E-06 1.719E-06 1.073E-10 6.030E-15 0.000E+00 0.000E+00 0.000E+00
  92  11.156 4.773E-06  1 6.286E-07 7.497E-10 1.523E-07 2.136E-07 2.593E-07 2.718E-09 1.258E-15 0.000E+00 0.000E+00 0.000E+00
 1.5  -1 1.009E-06 1.596E-10 1.009E-06 0.000E+00 0.000E+00 0.000E+00 0.000E+00 4.762E-13
 2.5  -1 1.416E-06 2.353E-10 1.416E-06 0.000E+00 0.000E+00 0.000E+00 0.000E+00 5.221E-13
 3.5  -1 1.719E-06 2.947E-10 1.718E-06 0.000E+00 0.000E+00 0.000E+00 0.000E+00 9.837E-13
 1.5   1 1.523E-07 2.450E-11 1.522E-07 0.000E+00 0.000E+00 0.000E+00 0.000E+00 9.534E-14
 2.5   1 2.136E-07 3.615E-11 2.136E-07 0.000E+00 0.000E+00 0.000E+00 0.000E+00 2.173E-13
 3.5   1 2.593E-07 4.530E-11 2.593E-07 0.000E+00 0.000E+00 0.000E+00 0.000E+00 2.228E-13
  91  11.021 4.806E-06 -1 4.192E-06 3.045E-11 1.022E-06 1.433E-06 1.738E-06 1.103E-10 7.765E-15 0.000E+00 0.000E+00 0.000E+00
  91  11.021 4.806E-06  1 6.136E-07 7.562E-10 1.487E-07 2.085E-07 2.529E-07 2.736E-09 1.637E-15 0.000E+00 0.000E+00 0.000E+00
 1.5  -1 1.022E-06 1.591E-10 1.021E-06 0.000E+00 0.000E+00 0.000E+00 0.000E+00 3.839E-13
 2.5  -1 1.433E-06 2.347E-10 1.432E-06 0.000E+00 0.000E+00 0.000E+00 0.000E+00 4.197E-13
 3.5  -1 1.738E-06 2.941E-10 1.738E-06 0.000E+00 0.000E+00 0.000E+00 0.000E+00 7.901E-13
 1.5   1 1.487E-07 2.357E-11 1.487E-07 0.000E+00 0.000E+00 0.000E+00 0.000E+00 7.182E-14
 2.5   1 2.085E-07 3.482E-11 2.084E-07 0.000E+00 0.000E+00 0.000E+00 0.000E+00 1.660E-13
 3.5   1 2.529E-07 4.366E-11 2.529E-07 0.000E+00 0.000E+00 0.000E+00 0.000E+00 1.711E-13
  90  10.886 4.824E-06 -1 4.221E-06 3.125E-11 1.029E-06 1.443E-06 1.749E-06 1.130E-10 9.791E-15 0.000E+00 0.000E+00 0.000E+00
  90  10.886 4.824E-06  1 6.023E-07 7.592E-10 1.460E-07 2.047E-07 2.481E-07 2.740E-09 2.082E-15 0.000E+00 0.000E+00 0.000E+00
 1.5  -1 1.029E-06 1.575E-10 1.029E-06 0.000E+00 0.000E+00 0.000E+00 0.000E+00 2.960E-13
 2.5  -1 1.443E-06 2.325E-10 1.442E-06 0.000E+00 0.000E+00 0.000E+00 0.000E+00 3.197E-13
 3.5  -1 1.749E-06 2.916E-10 1.749E-06 0.000E+00 0.000E+00 0.000E+00 0.000E+00 5.918E-13
 1.5   1 1.460E-07 2.278E-11 1.460E-07 0.000E+00 0.000E+00 0.000E+00 0.000E+00 5.304E-14
 2.5   1 2.047E-07 3.367E-11 2.046E-07 0.000E+00 0.000E+00 0.000E+00 0.000E+00 1.204E-13
 3.5   1 2.481E-07 4.225E-11 2.481E-07 0.000E+00 0.000E+00 0.000E+00 0.000E+00 1.234E-13
  89  10.751 4.822E-06 -1 4.228E-06 3.197E-11 1.032E-06 1.445E-06 1.751E-06 1.154E-10 1.212E-14 0.000E+00 0.000E+00 0.000E+00
  89  10.751 4.822E-06  1 5.940E-07 7.587E-10 1.441E-07 2.019E-07 2.445E-07 2.732E-09 2.593E-15 0.000E+00 0.000E+00 0.000E+00
 1.5  -1 1.032E-06 1.552E-10 1.032E-06 0.000E+00 0.000E+00 0.000E+00 0.000E+00 2.471E-13
 2.5  -1 1.445E-06 2.292E-10 1.445E-06 0.000E+00 0.000E+00 0.000E+00 0.000E+00 2.643E-13
 3.5  -1 1.751E-06 2.876E-10 1.751E-06 0.000E+00 0.000E+00 0.000E+00 0.000E+00 4.913E-13
 1.5   1 1.441E-07 2.211E-11 1.441E-07 0.000E+00 0.000E+00 0.000E+00 0.000E+00 4.193E-14
 2.5   1 2.019E-07 3.272E-11 2.018E-07 0.000E+00 0.000E+00 0.000E+00 0.000E+00 9.512E-14
 3.5   1 2.445E-07 4.109E-11 2.445E-07 0.000E+00 0.000E+00 0.000E+00 0.000E+00 9.730E-14
  88  10.617 4.803E-06 -1 4.216E-06 3.262E-11 1.029E-06 1.441E-06 1.745E-06 1.175E-10 1.475E-14 0.000E+00 0.000E+00 0.000E+00
  88  10.617 4.803E-06  1 5.876E-07 7.550E-10 1.426E-07 1.997E-07 2.418E-07 2.713E-09 3.170E-15 0.000E+00 0.000E+00 0.000E+00
 1.5  -1 1.029E-06 1.519E-10 1.029E-06 0.000E+00 0.000E+00 0.000E+00 0.000E+00 2.128E-13
 2.5  -1 1.441E-06 2.245E-10 1.441E-06 0.000E+00 0.000E+00 0.000E+00 0.000E+00 2.271E-13
 3.5  -1 1.745E-06 2.819E-10 1.745E-06 0.000E+00 0.000E+00 0.000E+00 0.000E+00 4.315E-13
 1.5   1 1.426E-07 2.149E-11 1.426E-07 0.000E+00 0.000E+00 0.000E+00 0.000E+00 3.350E-14
 2.5   1 1.997E-07 3.184E-11 1.997E-07 0.000E+00 0.000E+00 0.000E+00 0.000E+00 7.780E-14
 3.5   1 2.418E-07 4.001E-11 2.417E-07 0.000E+00 0.000E+00 0.000E+00 0.000E+00 7.995E-14
  87  10.482 4.777E-06 -1 4.195E-06 3.318E-11 1.025E-06 1.434E-06 1.735E-06 1.193E-10 1.768E-14 0.000E+00 0.000E+00 0.000E+00
  87  10.482 4.777E-06  1 5.824E-07 7.484E-10 1.415E-07 1.980E-07 2.395E-07 2.683E-09 3.811E-15 0.000E+00 0.000E+00 0.000E+00
 1.5  -1 1.025E-06 1.485E-10 1.025E-06 0.000E+00 0.000E+00 0.000E+00 0.000E+00 1.768E-13
 2.5  -1 1.434E-06 2.195E-10 1.434E-06 0.000E+00 0.000E+00 0.000E+00 0.000E+00 1.885E-13
 3.5  -1 1.735E-06 2.759E-10 1.735E-06 0.000E+00 0.000E+00 0.000E+00 0.000E+00 3.670E-13
 1.5   1 1.415E-07 2.094E-11 1.414E-07 0.000E+00 0.000E+00 0.000E+00 0.000E+00 2.525E-14
 2.5   1 1.980E-07 3.106E-11 1.979E-07 0.000E+00 0.000E+00 0.000E+00 0.000E+00 6.013E-14
 3.5   1 2.395E-07 3.905E-11 2.395E-07 0.000E+00 0.000E+00 0.000E+00 0.000E+00 6.227E-14
  86  10.347 4.730E-06 -1 4.152E-06 3.367E-11 1.015E-06 1.420E-06 1.717E-06 1.208E-10 2.091E-14 0.000E+00 0.000E+00 0.000E+00
  86  10.347 4.730E-06  1 5.778E-07 7.391E-10 1.405E-07 1.965E-07 2.375E-07 2.643E-09 4.513E-15 0.000E+00 0.000E+00 0.000E+00
 1.5  -1 1.015E-06 1.441E-10 1.015E-06 0.000E+00 0.000E+00 0.000E+00 0.000E+00 1.464E-13
 2.5  -1 1.420E-06 2.132E-10 1.420E-06 0.000E+00 0.000E+00 0.000E+00 0.000E+00 1.542E-13
 3.5  -1 1.717E-06 2.681E-10 1.717E-06 0.000E+00 0.000E+00 0.000E+00 0.000E+00 3.029E-13
 1.5   1 1.405E-07 2.039E-11 1.404E-07 0.000E+00 0.000E+00 0.000E+00 0.000E+00 1.895E-14
 2.5   1 1.965E-07 3.027E-11 1.964E-07 0.000E+00 0.000E+00 0.000E+00 0.000E+00 4.442E-14
 3.5   1 2.375E-07 3.810E-11 2.375E-07 0.000E+00 0.000E+00 0.000E+00 0.000E+00 4.569E-14
  85  10.212 4.668E-06 -1 4.094E-06 3.408E-11 1.002E-06 1.400E-06 1.692E-06 1.221E-10 2.443E-14 0.000E+00 0.000E+00 0.000E+00
  85  10.212 4.668E-06  1 5.735E-07 7.274E-10 1.395E-07 1.950E-07 2.356E-07 2.595E-09 5.270E-15 0.000E+00 0.000E+00 0.000E+00
 1.5  -1 1.002E-06 1.393E-10 1.002E-06 0.000E+00 0.000E+00 0.000E+00 0.000E+00 1.253E-13
 2.5  -1 1.400E-06 2.063E-10 1.400E-06 0.000E+00 0.000E+00 0.000E+00 0.000E+00 1.313E-13
 3.5  -1 1.692E-06 2.596E-10 1.692E-06 0.000E+00 0.000E+00 0.000E+00 0.000E+00 2.639E-13
 1.5   1 1.395E-07 1.985E-11 1.395E-07 0.000E+00 0.000E+00 0.000E+00 0.000E+00 1.545E-14
 2.5   1 1.950E-07 2.953E-11 1.950E-07 0.000E+00 0.000E+00 0.000E+00 0.000E+00 3.699E-14
 3.5   1 2.356E-07 3.719E-11 2.356E-07 0.000E+00 0.000E+00 0.000E+00 0.000E+00 3.814E-14
  84  10.077 4.597E-06 -1 4.028E-06 3.443E-11 9.862E-07 1.378E-06 1.663E-06 1.231E-10 2.822E-14 0.000E+00 0.000E+00 0.000E+00
  84  10.077 4.597E-06  1 5.690E-07 7.135E-10 1.385E-07 1.936E-07 2.336E-07 2.539E-09 6.075E-15 0.000E+00 0.000E+00 0.000E+00
 1.5  -1 9.862E-07 1.342E-10 9.861E-07 0.000E+00 0.000E+00 0.000E+00 0.000E+00 1.030E-13
 2.5  -1 1.378E-06 1.988E-10 1.378E-06 0.000E+00 0.000E+00 0.000E+00 0.000E+00 1.080E-13
 3.5  -1 1.663E-06 2.505E-10 1.663E-06 0.000E+00 0.000E+00 0.000E+00 0.000E+00 2.227E-13
 1.5   1 1.385E-07 1.930E-11 1.385E-07 0.000E+00 0.000E+00 0.000E+00 0.000E+00 1.192E-14
 2.5   1 1.936E-07 2.875E-11 1.935E-07 0.000E+00 0.000E+00 0.000E+00 0.000E+00 2.935E-14
 3.5   1 2.336E-07 3.624E-11 2.336E-07 0.000E+00 0.000E+00 0.000E+00 0.000E+00 3.047E-14
  83   9.942 4.511E-06 -1 3.947E-06 3.470E-11 9.671E-07 1.350E-06 1.629E-06 1.238E-10 3.225E-14 0.000E+00 0.000E+00 0.000E+00
  83   9.942 4.511E-06  1 5.641E-07 6.978E-10 1.375E-07 1.920E-07 2.315E-07 2.476E-09 6.924E-15 0.000E+00 0.000E+00 0.000E+00
 1.5  -1 9.671E-07 1.287E-10 9.670E-07 0.000E+00 0.000E+00 0.000E+00 0.000E+00 8.195E-14
 2.5  -1 1.350E-06 1.909E-10 1.350E-06 0.000E+00 0.000E+00 0.000E+00 0.000E+00 8.556E-14
 3.5  -1 1.629E-06 2.408E-10 1.629E-06 0.000E+00 0.000E+00 0.000E+00 0.000E+00 1.806E-13
 1.5   1 1.375E-07 1.875E-11 1.374E-07 0.000E+00 0.000E+00 0.000E+00 0.000E+00 8.699E-15
 2.5   1 1.920E-07 2.798E-11 1.919E-07 0.000E+00 0.000E+00 0.000E+00 0.000E+00 2.184E-14
 3.5   1 2.315E-07 3.530E-11 2.315E-07 0.000E+00 0.000E+00 0.000E+00 0.000E+00 2.278E-14
  82   9.807 4.413E-06 -1 3.854E-06 3.489E-11 9.453E-07 1.319E-06 1.590E-06 1.243E-10 3.650E-14 0.000E+00 0.000E+00 0.000E+00
  82   9.807 4.413E-06  1 5.586E-07 6.803E-10 1.362E-07 1.902E-07 2.292E-07 2.408E-09 7.807E-15 0.000E+00 0.000E+00 0.000E+00
 1.5  -1 9.453E-07 1.230E-10 9.451E-07 0.000E+00 0.000E+00 0.000E+00 0.000E+00 6.572E-14
 2.5  -1 1.319E-06 1.825E-10 1.319E-06 0.000E+00 0.000E+00 0.000E+00 0.000E+00 6.786E-14
 3.5  -1 1.590E-06 2.304E-10 1.590E-06 0.000E+00 0.000E+00 0.000E+00 0.000E+00 1.449E-13
 1.5   1 1.362E-07 1.817E-11 1.362E-07 0.000E+00 0.000E+00 0.000E+00 0.000E+00 6.434E-15
 2.5   1 1.902E-07 2.717E-11 1.901E-07 0.000E+00 0.000E+00 0.000E+00 0.000E+00 1.599E-14
 3.5   1 2.292E-07 3.430E-11 2.291E-07 0.000E+00 0.000E+00 0.000E+00 0.000E+00 1.659E-14
  81   9.672 4.303E-06 -1 3.751E-06 3.501E-11 9.206E-07 1.284E-06 1.546E-06 1.245E-10 4.094E-14 0.000E+00 0.000E+00 0.000E+00
  81   9.672 4.303E-06  1 5.525E-07 6.615E-10 1.349E-07 1.881E-07 2.265E-07 2.336E-09 8.716E-15 0.000E+00 0.000E+00 0.000E+00
 1.5  -1 9.206E-07 1.171E-10 9.205E-07 0.000E+00 0.000E+00 0.000E+00 0.000E+00 5.417E-14
 2.5  -1 1.284E-06 1.739E-10 1.284E-06 0.000E+00 0.000E+00 0.000E+00 0.000E+00 5.592E-14
 3.5  -1 1.546E-06 2.198E-10 1.546E-06 0.000E+00 0.000E+00 0.000E+00 0.000E+00 1.223E-13
 1.5   1 1.349E-07 1.759E-11 1.348E-07 0.000E+00 0.000E+00 0.000E+00 0.000E+00 5.095E-15
 2.5   1 1.881E-07 2.635E-11 1.881E-07 0.000E+00 0.000E+00 0.000E+00 0.000E+00 1.301E-14
 3.5   1 2.265E-07 3.330E-11 2.265E-07 0.000E+00 0.000E+00 0.000E+00 0.000E+00 1.356E-14
  80   9.538 4.189E-06 -1 3.644E-06 3.505E-11 8.950E-07 1.248E-06 1.501E-06 1.244E-10 4.553E-14 0.000E+00 0.000E+00 0.000E+00
  80   9.538 4.189E-06  1 5.455E-07 6.416E-10 1.333E-07 1.858E-07 2.235E-07 2.259E-09 9.644E-15 0.000E+00 0.000E+00 0.000E+00
 1.5  -1 8.950E-07 1.112E-10 8.949E-07 0.000E+00 0.000E+00 0.000E+00 0.000E+00 4.221E-14
 2.5  -1 1.248E-06 1.652E-10 1.247E-06 0.000E+00 0.000E+00 0.000E+00 0.000E+00 4.376E-14
 3.5  -1 1.501E-06 2.091E-10 1.501E-06 0.000E+00 0.000E+00 0.000E+00 0.000E+00 9.857E-14
 1.5   1 1.333E-07 1.697E-11 1.333E-07 0.000E+00 0.000E+00 0.000E+00 0.000E+00 3.716E-15
 2.5   1 1.858E-07 2.549E-11 1.858E-07 0.000E+00 0.000E+00 0.000E+00 0.000E+00 9.837E-15
 3.5   1 2.235E-07 3.224E-11 2.235E-07 0.000E+00 0.000E+00 0.000E+00 0.000E+00 1.035E-14
  79   9.403 4.067E-06 -1 3.529E-06 3.500E-11 8.675E-07 1.208E-06 1.453E-06 1.240E-10 5.023E-14 0.000E+00 0.000E+00 0.000E+00
  79   9.403 4.067E-06  1 5.376E-07 6.206E-10 1.315E-07 1.832E-07 2.202E-07 2.179E-09 1.058E-14 0.000E+00 0.000E+00 0.000E+00
 1.5  -1 8.675E-07 1.053E-10 8.674E-07 0.000E+00 0.000E+00 0.000E+00 0.000E+00 3.213E-14
 2.5  -1 1.208E-06 1.565E-10 1.208E-06 0.000E+00 0.000E+00 0.000E+00 0.000E+00 3.296E-14
 3.5  -1 1.453E-06 1.983E-10 1.453E-06 0.000E+00 0.000E+00 0.000E+00 0.000E+00 7.573E-14
 1.5   1 1.315E-07 1.635E-11 1.314E-07 0.000E+00 0.000E+00 0.000E+00 0.000E+00 2.582E-15
 2.5   1 1.832E-07 2.461E-11 1.831E-07 0.000E+00 0.000E+00 0.000E+00 0.000E+00 6.884E-15
 3.5   1 2.202E-07 3.116E-11 2.201E-07 0.000E+00 0.000E+00 0.000E+00 0.000E+00 7.240E-15
  78   9.268 3.932E-06 -1 3.404E-06 3.487E-11 8.375E-07 1.166E-06 1.400E-06 1.233E-10 5.501E-14 0.000E+00 0.000E+00 0.000E+00
  78   9.268 3.932E-06  1 5.286E-07 5.990E-10 1.294E-07 1.802E-07 2.164E-07 2.098E-09 1.152E-14 0.000E+00 0.000E+00 0.000E+00
 1.5  -1 8.375E-07 9.924E-11 8.374E-07 0.000E+00 0.000E+00 0.000E+00 0.000E+00 2.503E-14
 2.5  -1 1.166E-06 1.476E-10 1.166E-06 0.000E+00 0.000E+00 0.000E+00 0.000E+00 2.546E-14
 3.5  -1 1.400E-06 1.873E-10 1.400E-06 0.000E+00 0.000E+00 0.000E+00 0.000E+00 5.962E-14
 1.5   1 1.294E-07 1.570E-11 1.294E-07 0.000E+00 0.000E+00 0.000E+00 0.000E+00 1.885E-15
 2.5   1 1.802E-07 2.371E-11 1.801E-07 0.000E+00 0.000E+00 0.000E+00 0.000E+00 5.051E-15
 3.5   1 2.164E-07 3.004E-11 2.163E-07 0.000E+00 0.000E+00 0.000E+00 0.000E+00 5.301E-15
  77   9.133 3.796E-06 -1 3.277E-06 3.465E-11 8.069E-07 1.123E-06 1.347E-06 1.223E-10 5.982E-14 0.000E+00 0.000E+00 0.000E+00
  77   9.133 3.796E-06  1 5.185E-07 5.768E-10 1.270E-07 1.768E-07 2.121E-07 2.014E-09 1.245E-14 0.000E+00 0.000E+00 0.000E+00
 1.5  -1 8.069E-07 9.336E-11 8.069E-07 0.000E+00 0.000E+00 0.000E+00 0.000E+00 1.967E-14
 2.5  -1 1.123E-06 1.390E-10 1.123E-06 0.000E+00 0.000E+00 0.000E+00 0.000E+00 1.998E-14
 3.5  -1 1.347E-06 1.766E-10 1.347E-06 0.000E+00 0.000E+00 0.000E+00 0.000E+00 4.807E-14
 1.5   1 1.270E-07 1.503E-11 1.270E-07 0.000E+00 0.000E+00 0.000E+00 0.000E+00 1.426E-15
 2.5   1 1.768E-07 2.277E-11 1.767E-07 0.000E+00 0.000E+00 0.000E+00 0.000E+00 3.939E-15
 3.5   1 2.121E-07 2.887E-11 2.121E-07 0.000E+00 0.000E+00 0.000E+00 0.000E+00 4.151E-15
  76   8.998 3.656E-06 -1 3.149E-06 3.434E-11 7.760E-07 1.079E-06 1.293E-06 1.210E-10 6.461E-14 0.000E+00 0.000E+00 0.000E+00
  76   8.998 3.656E-06  1 5.071E-07 5.543E-10 1.244E-07 1.729E-07 2.073E-07 1.930E-09 1.337E-14 0.000E+00 0.000E+00 0.000E+00
 1.5  -1 7.760E-07 8.770E-11 7.759E-07 0.000E+00 0.000E+00 0.000E+00 0.000E+00 1.433E-14
 2.5  -1 1.079E-06 1.306E-10 1.079E-06 0.000E+00 0.000E+00 0.000E+00 0.000E+00 1.456E-14
 3.5  -1 1.293E-06 1.662E-10 1.293E-06 0.000E+00 0.000E+00 0.000E+00 0.000E+00 3.630E-14
 1.5   1 1.244E-07 1.434E-11 1.244E-07 0.000E+00 0.000E+00 0.000E+00 0.000E+00 9.659E-16
 2.5   1 1.729E-07 2.181E-11 1.729E-07 0.000E+00 0.000E+00 0.000E+00 0.000E+00 2.786E-15
 3.5   1 2.073E-07 2.768E-11 2.073E-07 0.000E+00 0.000E+00 0.000E+00 0.000E+00 2.949E-15
  75   8.863 3.509E-06 -1 3.014E-06 3.392E-11 7.436E-07 1.033E-06 1.237E-06 1.193E-10 6.934E-14 0.000E+00 0.000E+00 0.000E+00
  75   8.863 3.509E-06  1 4.944E-07 5.316E-10 1.214E-07 1.687E-07 2.020E-07 1.845E-09 1.427E-14 0.000E+00 0.000E+00 0.000E+00
 1.5  -1 7.436E-07 8.208E-11 7.435E-07 0.000E+00 0.000E+00 0.000E+00 0.000E+00 1.000E-14
 2.5  -1 1.033E-06 1.223E-10 1.033E-06 0.000E+00 0.000E+00 0.000E+00 0.000E+00 9.954E-15
 3.5  -1 1.237E-06 1.559E-10 1.237E-06 0.000E+00 0.000E+00 0.000E+00 0.000E+00 2.570E-14
 1.5   1 1.214E-07 1.363E-11 1.214E-07 0.000E+00 0.000E+00 0.000E+00 0.000E+00 5.974E-16
 2.5   1 1.687E-07 2.082E-11 1.686E-07 0.000E+00 0.000E+00 0.000E+00 0.000E+00 1.759E-15
 3.5   1 2.020E-07 2.644E-11 2.020E-07 0.000E+00 0.000E+00 0.000E+00 0.000E+00 1.842E-15
  74   8.728 3.361E-06 -1 2.881E-06 3.340E-11 7.113E-07 9.875E-07 1.182E-06 1.172E-10 7.397E-14 0.000E+00 0.000E+00 0.000E+00
  74   8.728 3.361E-06  1 4.802E-07 5.088E-10 1.180E-07 1.639E-07 1.960E-07 1.761E-09 1.513E-14 0.000E+00 0.000E+00 0.000E+00
 1.5  -1 7.113E-07 7.677E-11 7.112E-07 0.000E+00 0.000E+00 0.000E+00 0.000E+00 7.786E-15
 2.5  -1 9.875E-07 1.144E-10 9.874E-07 0.000E+00 0.000E+00 0.000E+00 0.000E+00 7.615E-15
 3.5  -1 1.182E-06 1.461E-10 1.182E-06 0.000E+00 0.000E+00 0.000E+00 0.000E+00 2.029E-14
 1.5   1 1.180E-07 1.291E-11 1.180E-07 0.000E+00 0.000E+00 0.000E+00 0.000E+00 4.456E-16
 2.5   1 1.639E-07 1.982E-11 1.638E-07 0.000E+00 0.000E+00 0.000E+00 0.000E+00 1.330E-15
 3.5   1 1.960E-07 2.519E-11 1.960E-07 0.000E+00 0.000E+00 0.000E+00 0.000E+00 1.391E-15
  73   8.593 3.212E-06 -1 2.747E-06 3.275E-11 6.789E-07 9.420E-07 1.126E-06 1.147E-10 7.844E-14 0.000E+00 0.000E+00 0.000E+00
  73   8.593 3.212E-06  1 4.643E-07 4.861E-10 1.142E-07 1.585E-07 1.894E-07 1.678E-09 1.596E-14 0.000E+00 0.000E+00 0.000E+00
 1.5  -1 6.789E-07 7.165E-11 6.789E-07 0.000E+00 0.000E+00 0.000E+00 0.000E+00 5.819E-15
 2.5  -1 9.420E-07 1.068E-10 9.419E-07 0.000E+00 0.000E+00 0.000E+00 0.000E+00 5.782E-15
 3.5  -1 1.126E-06 1.366E-10 1.126E-06 0.000E+00 0.000E+00 0.000E+00 0.000E+00 1.575E-14
 1.5   1 1.142E-07 1.216E-11 1.142E-07 0.000E+00 0.000E+00 0.000E+00 0.000E+00 3.196E-16
 2.5   1 1.585E-07 1.877E-11 1.585E-07 0.000E+00 0.000E+00 0.000E+00 0.000E+00 9.840E-16
 3.5   1 1.894E-07 2.387E-11 1.894E-07 0.000E+00 0.000E+00 0.000E+00 0.000E+00 1.041E-15
  72   8.458 3.059E-06 -1 2.612E-06 3.198E-11 6.463E-07 8.960E-07 1.070E-06 1.118E-10 8.273E-14 0.000E+00 0.000E+00 0.000E+00
  72   8.458 3.059E-06  1 4.468E-07 4.636E-10 1.100E-07 1.526E-07 1.822E-07 1.595E-09 1.675E-14 0.000E+00 0.000E+00 0.000E+00
 1.5  -1 6.463E-07 6.680E-11 6.462E-07 0.000E+00 0.000E+00 0.000E+00 0.000E+00 3.790E-15
 2.5  -1 8.960E-07 9.961E-11 8.959E-07 0.000E+00 0.000E+00 0.000E+00 0.000E+00 3.662E-15
 3.5  -1 1.070E-06 1.276E-10 1.070E-06 0.000E+00 0.000E+00 0.000E+00 0.000E+00 1.090E-14
 1.5   1 1.100E-07 1.141E-11 1.100E-07 0.000E+00 0.000E+00 0.000E+00 0.000E+00 1.745E-16
 2.5   1 1.526E-07 1.772E-11 1.526E-07 0.000E+00 0.000E+00 0.000E+00 0.000E+00 6.127E-16
 3.5   1 1.822E-07 2.254E-11 1.821E-07 0.000E+00 0.000E+00 0.000E+00 0.000E+00 6.801E-16
  71   8.324 2.907E-06 -1 2.479E-06 3.108E-11 6.140E-07 8.506E-07 1.015E-06 1.085E-10 8.678E-14 0.000E+00 0.000E+00 0.000E+00
  71   8.324 2.907E-06  1 4.276E-07 4.415E-10 1.054E-07 1.460E-07 1.742E-07 1.514E-09 1.748E-14 0.000E+00 0.000E+00 0.000E+00
 1.5  -1 6.140E-07 6.219E-11 6.139E-07 0.000E+00 0.000E+00 0.000E+00 0.000E+00 2.519E-15
 2.5  -1 8.506E-07 9.271E-11 8.505E-07 0.000E+00 0.000E+00 0.000E+00 0.000E+00 2.389E-15
 3.5  -1 1.015E-06 1.189E-10 1.015E-06 0.000E+00 0.000E+00 0.000E+00 0.000E+00 7.185E-15
 1.5   1 1.054E-07 1.063E-11 1.054E-07 0.000E+00 0.000E+00 0.000E+00 0.000E+00 8.164E-17
 2.5   1 1.460E-07 1.663E-11 1.460E-07 0.000E+00 0.000E+00 0.000E+00 0.000E+00 3.303E-16
 3.5   1 1.742E-07 2.115E-11 1.742E-07 0.000E+00 0.000E+00 0.000E+00 0.000E+00 3.672E-16
  70   8.189 2.752E-06 -1 2.346E-06 3.005E-11 5.815E-07 8.050E-07 9.592E-07 1.047E-10 9.055E-14 0.000E+00 0.000E+00 0.000E+00
  70   8.189 2.752E-06  1 4.065E-07 4.197E-10 1.003E-07 1.389E-07 1.655E-07 1.435E-09 1.816E-14 0.000E+00 0.000E+00 0.000E+00
 1.5  -1 5.815E-07 5.787E-11 5.814E-07 0.000E+00 0.000E+00 0.000E+00 0.000E+00 1.949E-15
 2.5  -1 8.050E-07 8.623E-11 8.049E-07 0.000E+00 0.000E+00 0.000E+00 0.000E+00 1.889E-15
 3.5  -1 9.592E-07 1.108E-10 9.591E-07 0.000E+00 0.000E+00 0.000E+00 0.000E+00 5.690E-15
 1.5   1 1.003E-07 9.851E-12 1.003E-07 0.000E+00 0.000E+00 0.000E+00 0.000E+00 6.232E-17
 2.5   1 1.389E-07 1.554E-11 1.389E-07 0.000E+00 0.000E+00 0.000E+00 0.000E+00 2.541E-16
 3.5   1 1.655E-07 1.976E-11 1.654E-07 0.000E+00 0.000E+00 0.000E+00 0.000E+00 2.829E-16
  69   8.054 2.601E-06 -1 2.217E-06 2.888E-11 5.502E-07 7.611E-07 9.059E-07 1.004E-10 9.402E-14 0.000E+00 0.000E+00 0.000E+00
  69   8.054 2.601E-06  1 3.837E-07 3.984E-10 9.476E-08 1.311E-07 1.560E-07 1.357E-09 1.878E-14 0.000E+00 0.000E+00 0.000E+00
 1.5  -1 5.502E-07 5.385E-11 5.502E-07 0.000E+00 0.000E+00 0.000E+00 0.000E+00 1.375E-15
 2.5  -1 7.611E-07 8.017E-11 7.610E-07 0.000E+00 0.000E+00 0.000E+00 0.000E+00 1.377E-15
 3.5  -1 9.059E-07 1.032E-10 9.058E-07 0.000E+00 0.000E+00 0.000E+00 0.000E+00 4.154E-15
 1.5   1 9.476E-08 9.053E-12 9.475E-08 0.000E+00 0.000E+00 0.000E+00 0.000E+00 4.280E-17
 2.5   1 1.311E-07 1.441E-11 1.311E-07 0.000E+00 0.000E+00 0.000E+00 0.000E+00 1.762E-16
 3.5   1 1.560E-07 1.832E-11 1.560E-07 0.000E+00 0.000E+00 0.000E+00 0.000E+00 1.964E-16
  68   7.919 2.449E-06 -1 2.090E-06 2.758E-11 5.192E-07 7.176E-07 8.532E-07 9.579E-11 9.715E-14 0.000E+00 0.000E+00 0.000E+00
  68   7.919 2.449E-06  1 3.592E-07 3.776E-10 8.880E-08 1.228E-07 1.459E-07 1.282E-09 1.934E-14 0.000E+00 0.000E+00 0.000E+00
 1.5  -1 5.192E-07 5.014E-11 5.192E-07 0.000E+00 0.000E+00 0.000E+00 0.000E+00 7.987E-16
 2.5  -1 7.176E-07 7.456E-11 7.176E-07 0.000E+00 0.000E+00 0.000E+00 0.000E+00 8.799E-16
 3.5  -1 8.532E-07 9.611E-11 8.531E-07 0.000E+00 0.000E+00 0.000E+00 0.000E+00 2.659E-15
 1.5   1 8.880E-08 8.263E-12 8.879E-08 0.000E+00 0.000E+00 0.000E+00 0.000E+00 2.457E-17
 2.5   1 1.228E-07 1.328E-11 1.228E-07 0.000E+00 0.000E+00 0.000E+00 0.000E+00 1.025E-16
 3.5   1 1.459E-07 1.688E-11 1.459E-07 0.000E+00 0.000E+00 0.000E+00 0.000E+00 1.144E-16
  67   7.784 2.304E-06 -1 1.971E-06 2.617E-11 4.902E-07 6.770E-07 8.039E-07 9.077E-11 9.991E-14 0.000E+00 0.000E+00 0.000E+00
  67   7.784 2.304E-06  1 3.332E-07 3.574E-10 8.247E-08 1.139E-07 1.353E-07 1.209E-09 1.983E-14 0.000E+00 0.000E+00 0.000E+00
 1.5  -1 4.902E-07 4.680E-11 4.902E-07 0.000E+00 0.000E+00 0.000E+00 0.000E+00 0.000E+00
 2.5  -1 6.770E-07 6.946E-11 6.769E-07 0.000E+00 0.000E+00 0.000E+00 0.000E+00 0.000E+00
 3.5  -1 8.039E-07 8.968E-11 8.038E-07 0.000E+00 0.000E+00 0.000E+00 0.000E+00 1.048E-15
 1.5   1 8.247E-08 7.467E-12 8.247E-08 0.000E+00 0.000E+00 0.000E+00 0.000E+00 0.000E+00
 2.5   1 1.139E-07 1.214E-11 1.139E-07 0.000E+00 0.000E+00 0.000E+00 0.000E+00 0.000E+00
 3.5   1 1.353E-07 1.541E-11 1.352E-07 0.000E+00 0.000E+00 0.000E+00 0.000E+00 0.000E+00
  66   7.649 2.158E-06 -1 1.851E-06 2.467E-11 4.609E-07 6.360E-07 7.543E-07 8.546E-11 1.023E-13 0.000E+00 0.000E+00 0.000E+00
  66   7.649 2.158E-06  1 3.062E-07 3.378E-10 7.585E-08 1.047E-07 1.241E-07 1.139E-09 2.025E-14 0.000E+00 0.000E+00 0.000E+00
 1.5  -1 4.609E-07 4.371E-11 4.609E-07 0.000E+00 0.000E+00 0.000E+00 0.000E+00 0.000E+00
 2.5  -1 6.360E-07 6.471E-11 6.359E-07 0.000E+00 0.000E+00 0.000E+00 0.000E+00 0.000E+00
 3.5  -1 7.543E-07 8.366E-11 7.542E-07 0.000E+00 0.000E+00 0.000E+00 0.000E+00 7.846E-16
 1.5   1 7.585E-08 6.695E-12 7.585E-08 0.000E+00 0.000E+00 0.000E+00 0.000E+00 0.000E+00
 2.5   1 1.047E-07 1.102E-11 1.047E-07 0.000E+00 0.000E+00 0.000E+00 0.000E+00 0.000E+00
 3.5   1 1.241E-07 1.397E-11 1.241E-07 0.000E+00 0.000E+00 0.000E+00 0.000E+00 0.000E+00
  65   7.514 2.011E-06 -1 1.733E-06 2.309E-11 4.320E-07 5.955E-07 7.054E-07 7.992E-11 1.043E-13 0.000E+00 0.000E+00 0.000E+00
  65   7.514 2.011E-06  1 2.784E-07 3.188E-10 6.904E-08 9.522E-08 1.127E-07 1.071E-09 2.060E-14 0.000E+00 0.000E+00 0.000E+00
 1.5  -1 4.320E-07 4.082E-11 4.319E-07 0.000E+00 0.000E+00 0.000E+00 0.000E+00 0.000E+00
 2.5  -1 5.955E-07 6.022E-11 5.954E-07 0.000E+00 0.000E+00 0.000E+00 0.000E+00 0.000E+00
 3.5  -1 7.054E-07 7.796E-11 7.053E-07 0.000E+00 0.000E+00 0.000E+00 0.000E+00 5.186E-16
 1.5   1 6.904E-08 5.939E-12 6.904E-08 0.000E+00 0.000E+00 0.000E+00 0.000E+00 0.000E+00
 2.5   1 9.522E-08 9.910E-12 9.521E-08 0.000E+00 0.000E+00 0.000E+00 0.000E+00 0.000E+00
 3.5   1 1.127E-07 1.255E-11 1.127E-07 0.000E+00 0.000E+00 0.000E+00 0.000E+00 0.000E+00
  64   7.379 1.869E-06 -1 1.619E-06 2.147E-11 4.040E-07 5.564E-07 6.582E-07 7.428E-11 1.058E-13 0.000E+00 0.000E+00 0.000E+00
  64   7.379 1.869E-06  1 2.504E-07 3.006E-10 6.216E-08 8.566E-08 1.013E-07 1.006E-09 2.087E-14 0.000E+00 0.000E+00 0.000E+00
 1.5  -1 4.040E-07 3.829E-11 4.040E-07 0.000E+00 0.000E+00 0.000E+00 0.000E+00 0.000E+00
 2.5  -1 5.564E-07 5.623E-11 5.563E-07 0.000E+00 0.000E+00 0.000E+00 0.000E+00 0.000E+00
 3.5  -1 6.582E-07 7.286E-11 6.582E-07 0.000E+00 0.000E+00 0.000E+00 0.000E+00 2.691E-16
 1.5   1 6.216E-08 5.222E-12 6.216E-08 0.000E+00 0.000E+00 0.000E+00 0.000E+00 0.000E+00
 2.5   1 8.566E-08 8.848E-12 8.565E-08 0.000E+00 0.000E+00 0.000E+00 0.000E+00 0.000E+00
 3.5   1 1.013E-07 1.119E-11 1.013E-07 0.000E+00 0.000E+00 0.000E+00 0.000E+00 0.000E+00
  63   7.245 1.735E-06 -1 1.512E-06 1.984E-11 3.780E-07 5.200E-07 6.144E-07 6.865E-11 1.069E-13 0.000E+00 0.000E+00 0.000E+00
  63   7.245 1.735E-06  1 2.227E-07 2.830E-10 5.535E-08 7.620E-08 8.998E-08 9.438E-10 2.107E-14 0.000E+00 0.000E+00 0.000E+00
 1.5  -1 3.780E-07 3.611E-11 3.779E-07 0.000E+00 0.000E+00 0.000E+00 0.000E+00 0.000E+00
 2.5  -1 5.200E-07 5.270E-11 5.200E-07 0.000E+00 0.000E+00 0.000E+00 0.000E+00 0.000E+00
 3.5  -1 6.144E-07 6.835E-11 6.143E-07 0.000E+00 0.000E+00 0.000E+00 0.000E+00 0.000E+00
 1.5   1 5.535E-08 4.541E-12 5.534E-08 0.000E+00 0.000E+00 0.000E+00 0.000E+00 0.000E+00
 2.5   1 7.620E-08 7.826E-12 7.619E-08 0.000E+00 0.000E+00 0.000E+00 0.000E+00 0.000E+00
 3.5   1 8.998E-08 9.878E-12 8.997E-08 0.000E+00 0.000E+00 0.000E+00 0.000E+00 0.000E+00
  62   7.110 1.604E-06 -1 1.408E-06 1.823E-11 3.524E-07 4.843E-07 5.714E-07 6.313E-11 1.076E-13 0.000E+00 0.000E+00 0.000E+00
  62   7.110 1.604E-06  1 1.959E-07 2.661E-10 4.873E-08 6.703E-08 7.903E-08 8.841E-10 2.118E-14 0.000E+00 0.000E+00 0.000E+00
  61   6.975 1.478E-06 -1 1.307E-06 1.669E-11 3.275E-07 4.497E-07 5.298E-07 5.783E-11 1.078E-13 0.000E+00 0.000E+00 0.000E+00
  61   6.975 1.478E-06  1 1.705E-07 2.499E-10 4.243E-08 5.832E-08 6.866E-08 8.270E-10 2.122E-14 0.000E+00 0.000E+00 0.000E+00
  60   6.840 1.359E-06 -1 1.212E-06 1.523E-11 3.042E-07 4.173E-07 4.909E-07 5.283E-11 1.076E-13 0.000E+00 0.000E+00 0.000E+00
  60   6.840 1.359E-06  1 1.468E-07 2.345E-10 3.657E-08 5.021E-08 5.901E-08 7.727E-10 2.117E-14 0.000E+00 0.000E+00 0.000E+00
  59   6.705 1.251E-06 -1 1.126E-06 1.387E-11 2.828E-07 3.875E-07 4.552E-07 4.820E-11 1.070E-13 0.000E+00 0.000E+00 0.000E+00
  59   6.705 1.251E-06  1 1.252E-07 2.197E-10 3.120E-08 4.280E-08 5.022E-08 7.209E-10 2.105E-14 0.000E+00 0.000E+00 0.000E+00
  58   6.570 1.148E-06 -1 1.042E-06 1.263E-11 2.622E-07 3.588E-07 4.208E-07 4.397E-11 1.060E-13 0.000E+00 0.000E+00 0.000E+00
  58   6.570 1.148E-06  1 1.058E-07 2.056E-10 2.638E-08 3.616E-08 4.235E-08 6.716E-10 2.085E-14 0.000E+00 0.000E+00 0.000E+00
  57   6.435 1.049E-06 -1 9.607E-07 1.150E-11 2.421E-07 3.310E-07 3.875E-07 4.014E-11 1.045E-13 0.000E+00 0.000E+00 0.000E+00
  57   6.435 1.049E-06  1 8.864E-08 1.921E-10 2.212E-08 3.029E-08 3.541E-08 6.248E-10 2.057E-14 0.000E+00 0.000E+00 0.000E+00
  56   6.300 9.593E-07 -1 8.856E-07 1.050E-11 2.235E-07 3.052E-07 3.568E-07 3.670E-11 1.026E-13 0.000E+00 0.000E+00 0.000E+00
  56   6.300 9.593E-07  1 7.377E-08 1.793E-10 1.841E-08 2.520E-08 2.940E-08 5.804E-10 2.020E-14 0.000E+00 0.000E+00 0.000E+00
  55   6.166 8.765E-07 -1 8.155E-07 9.602E-12 2.062E-07 2.812E-07 3.281E-07 3.364E-11 1.003E-13 0.000E+00 0.000E+00 0.000E+00
  55   6.166 8.765E-07  1 6.101E-08 1.672E-10 1.523E-08 2.082E-08 2.424E-08 5.384E-10 1.976E-14 0.000E+00 0.000E+00 0.000E+00
  54   6.031 7.989E-07 -1 7.487E-07 8.809E-12 1.896E-07 2.583E-07 3.008E-07 3.091E-11 9.765E-14 0.000E+00 0.000E+00 0.000E+00
  54   6.031 7.989E-07  1 5.019E-08 1.556E-10 1.253E-08 1.712E-08 1.988E-08 4.986E-10 1.925E-14 0.000E+00 0.000E+00 0.000E+00
  53   5.896 7.281E-07 -1 6.870E-07 8.105E-12 1.743E-07 2.371E-07 2.756E-07 2.848E-11 9.461E-14 0.000E+00 0.000E+00 0.000E+00
  53   5.896 7.281E-07  1 4.110E-08 1.446E-10 1.026E-08 1.401E-08 1.623E-08 4.609E-10 1.866E-14 0.000E+00 0.000E+00 0.000E+00
  52   5.761 6.620E-07 -1 6.284E-07 7.478E-12 1.598E-07 2.170E-07 2.517E-07 2.629E-11 9.126E-14 0.000E+00 0.000E+00 0.000E+00
  52   5.761 6.620E-07  1 3.354E-08 1.342E-10 8.370E-09 1.142E-08 1.320E-08 4.254E-10 1.802E-14 0.000E+00 0.000E+00 0.000E+00
  51   5.626 6.032E-07 -1 5.759E-07 6.925E-12 1.467E-07 1.989E-07 2.303E-07 2.435E-11 8.773E-14 0.000E+00 0.000E+00 0.000E+00
  51   5.626 6.032E-07  1 2.733E-08 1.245E-10 6.815E-09 9.289E-09 1.071E-08 3.924E-10 1.734E-14 0.000E+00 0.000E+00 0.000E+00
  50   5.491 5.488E-07 -1 5.266E-07 6.437E-12 1.344E-07 1.820E-07 2.102E-07 2.262E-11 8.411E-14 0.000E+00 0.000E+00 0.000E+00
  50   5.491 5.488E-07  1 2.226E-08 1.155E-10 5.544E-09 7.554E-09 8.682E-09 3.618E-10 1.664E-14 0.000E+00 0.000E+00 0.000E+00
  49   5.356 4.999E-07 -1 4.817E-07 6.002E-12 1.232E-07 1.665E-07 1.920E-07 2.106E-11 8.042E-14 0.000E+00 0.000E+00 0.000E+00
  49   5.356 4.999E-07  1 1.813E-08 1.071E-10 4.510E-09 6.142E-09 7.038E-09 3.335E-10 1.592E-14 0.000E+00 0.000E+00 0.000E+00
  48   5.221 4.555E-07 -1 4.407E-07 5.611E-12 1.129E-07 1.524E-07 1.753E-07 1.965E-11 7.667E-14 0.000E+00 0.000E+00 0.000E+00
  48   5.221 4.555E-07  1 1.478E-08 9.932E-11 3.670E-09 4.997E-09 5.706E-09 3.073E-10 1.520E-14 0.000E+00 0.000E+00 0.000E+00
  47   5.087 4.155E-07 -1 4.034E-07 5.255E-12 1.036E-07 1.396E-07 1.602E-07 1.835E-11 7.291E-14 0.000E+00 0.000E+00 0.000E+00
  47   5.087 4.155E-07  1 1.206E-08 9.205E-11 2.988E-09 4.069E-09 4.630E-09 2.829E-10 1.446E-14 0.000E+00 0.000E+00 0.000E+00
  46   4.952 3.788E-07 -1 3.690E-07 4.927E-12 9.493E-08 1.277E-07 1.463E-07 1.714E-11 6.914E-14 0.000E+00 0.000E+00 0.000E+00
  46   4.952 3.788E-07  1 9.860E-09 8.526E-11 2.436E-09 3.317E-09 3.761E-09 2.603E-10 1.373E-14 0.000E+00 0.000E+00 0.000E+00
  45   4.817 3.459E-07 -1 3.378E-07 4.623E-12 8.711E-08 1.170E-07 1.337E-07 1.602E-11 6.540E-14 0.000E+00 0.000E+00 0.000E+00
  45   4.817 3.459E-07  1 8.076E-09 7.891E-11 1.989E-09 2.710E-09 3.059E-09 2.392E-10 1.300E-14 0.000E+00 0.000E+00 0.000E+00
  44   4.682 3.161E-07 -1 3.095E-07 4.338E-12 7.999E-08 1.073E-07 1.222E-07 1.495E-11 6.170E-14 0.000E+00 0.000E+00 0.000E+00
  44   4.682 3.161E-07  1 6.630E-09 7.294E-11 1.627E-09 2.218E-09 2.492E-09 2.195E-10 1.228E-14 0.000E+00 0.000E+00 0.000E+00
  43   4.547 2.887E-07 -1 2.832E-07 4.068E-12 7.338E-08 9.822E-08 1.116E-07 1.395E-11 5.807E-14 0.000E+00 0.000E+00 0.000E+00
  43   4.547 2.887E-07  1 5.456E-09 6.733E-11 1.334E-09 1.819E-09 2.035E-09 2.011E-10 1.157E-14 0.000E+00 0.000E+00 0.000E+00
  42   4.412 2.641E-07 -1 2.596E-07 3.813E-12 6.742E-08 9.006E-08 1.021E-07 1.299E-11 5.453E-14 0.000E+00 0.000E+00 0.000E+00
  42   4.412 2.641E-07  1 4.502E-09 6.205E-11 1.095E-09 1.496E-09 1.665E-09 1.839E-10 1.087E-14 0.000E+00 0.000E+00 0.000E+00
  41   4.277 2.415E-07 -1 2.378E-07 3.570E-12 6.191E-08 8.254E-08 9.330E-08 1.208E-11 5.108E-14 0.000E+00 0.000E+00 0.000E+00
  41   4.277 2.415E-07  1 3.725E-09 5.706E-11 9.019E-10 1.233E-09 1.365E-09 1.677E-10 1.019E-14 0.000E+00 0.000E+00 0.000E+00
  40   4.142 2.209E-07 -1 2.178E-07 3.341E-12 5.685E-08 7.565E-08 8.526E-08 1.122E-11 4.775E-14 0.000E+00 0.000E+00 0.000E+00
  40   4.142 2.209E-07  1 3.091E-09 5.234E-11 7.444E-10 1.020E-09 1.122E-09 1.526E-10 9.537E-15 0.000E+00 0.000E+00 0.000E+00
  39   4.008 2.022E-07 -1 1.996E-07 3.125E-12 5.225E-08 6.938E-08 7.797E-08 1.041E-11 4.454E-14 0.000E+00 0.000E+00 0.000E+00
  39   4.008 2.022E-07  1 2.572E-09 4.787E-11 6.159E-10 8.454E-10 9.241E-10 1.383E-10 8.902E-15 0.000E+00 0.000E+00 0.000E+00
  38   3.873 1.850E-07 -1 1.829E-07 2.922E-12 4.801E-08 6.361E-08 7.126E-08 9.653E-12 4.146E-14 0.000E+00 0.000E+00 0.000E+00
  38   3.873 1.850E-07  1 2.146E-09 4.364E-11 5.108E-10 7.029E-10 7.631E-10 1.250E-10 8.291E-15 0.000E+00 0.000E+00 0.000E+00
  37   3.738 1.694E-07 -1 1.676E-07 2.733E-12 4.413E-08 5.834E-08 6.516E-08 8.946E-12 3.852E-14 0.000E+00 0.000E+00 0.000E+00
  37   3.738 1.694E-07  1 1.795E-09 3.964E-11 4.247E-10 5.860E-10 6.316E-10 1.125E-10 7.705E-15 0.000E+00 0.000E+00 0.000E+00
  36   3.603 1.550E-07 -1 1.535E-07 2.555E-12 4.053E-08 5.346E-08 5.951E-08 8.286E-12 3.572E-14 0.000E+00 0.000E+00 0.000E+00
  36   3.603 1.550E-07  1 1.504E-09 3.585E-11 3.539E-10 4.899E-10 5.239E-10 1.008E-10 7.146E-15 0.000E+00 0.000E+00 0.000E+00
  35   3.468 1.419E-07 -1 1.406E-07 2.388E-12 3.724E-08 4.900E-08 5.436E-08 7.669E-12 3.306E-14 0.000E+00 0.000E+00 0.000E+00
  35   3.468 1.419E-07  1 1.264E-09 3.229E-11 2.955E-10 4.106E-10 4.354E-10 8.995E-11 6.615E-15 0.000E+00 0.000E+00 0.000E+00
  34   3.333 1.297E-07 -1 1.286E-07 2.232E-12 3.418E-08 4.486E-08 4.959E-08 7.092E-12 3.054E-14 0.000E+00 0.000E+00 0.000E+00
  34   3.333 1.297E-07  1 1.064E-09 2.895E-11 2.473E-10 3.449E-10 3.625E-10 7.985E-11 6.111E-15 0.000E+00 0.000E+00 0.000E+00
  33   3.198 1.187E-07 -1 1.178E-07 2.085E-12 3.140E-08 4.111E-08 4.528E-08 6.555E-12 2.817E-14 0.000E+00 0.000E+00 0.000E+00
  33   3.198 1.187E-07  1 8.967E-10 2.584E-11 2.073E-10 2.905E-10 3.024E-10 7.058E-11 5.634E-15 0.000E+00 0.000E+00 0.000E+00
  32   3.063 1.084E-07 -1 1.077E-07 1.947E-12 2.880E-08 3.760E-08 4.125E-08 6.051E-12 2.594E-14 0.000E+00 0.000E+00 0.000E+00
  32   3.063 1.084E-07  1 7.571E-10 2.295E-11 1.741E-10 2.452E-10 2.527E-10 6.208E-11 5.185E-15 0.000E+00 0.000E+00 0.000E+00
  31   2.929 9.893E-08 -1 9.829E-08 1.817E-12 2.639E-08 3.435E-08 3.754E-08 5.579E-12 2.384E-14 0.000E+00 0.000E+00 0.000E+00
  31   2.929 9.893E-08  1 6.400E-10 2.031E-11 1.465E-10 2.075E-10 2.115E-10 5.436E-11 4.762E-15 0.000E+00 0.000E+00 0.000E+00
  30   2.794 9.020E-08 -1 8.966E-08 1.694E-12 2.416E-08 3.136E-08 3.413E-08 5.135E-12 2.189E-14 0.000E+00 0.000E+00 0.000E+00
  30   2.794 9.020E-08  1 5.418E-10 1.789E-11 1.234E-10 1.759E-10 1.772E-10 4.740E-11 4.366E-15 0.000E+00 0.000E+00 0.000E+00
  29   2.659 8.223E-08 -1 8.177E-08 1.578E-12 2.212E-08 2.862E-08 3.102E-08 4.719E-12 2.006E-14 0.000E+00 0.000E+00 0.000E+00
  29   2.659 8.223E-08  1 4.592E-10 1.571E-11 1.041E-10 1.494E-10 1.487E-10 4.118E-11 3.995E-15 0.000E+00 0.000E+00 0.000E+00
  28   2.524 7.475E-08 -1 7.436E-08 1.468E-12 2.020E-08 2.605E-08 2.811E-08 4.329E-12 1.835E-14 0.000E+00 0.000E+00 0.000E+00
  28   2.524 7.475E-08  1 3.897E-10 1.376E-11 8.804E-11 1.272E-10 1.250E-10 3.568E-11 3.649E-15 0.000E+00 0.000E+00 0.000E+00
  27   2.389 6.769E-08 -1 6.736E-08 1.364E-12 1.837E-08 2.362E-08 2.536E-08 3.965E-12 1.677E-14 0.000E+00 0.000E+00 0.000E+00
  27   2.389 6.769E-08  1 3.313E-10 1.202E-11 7.457E-11 1.086E-10 1.053E-10 3.084E-11 3.326E-15 0.000E+00 0.000E+00 0.000E+00
  26   2.254 6.114E-08 -1 6.086E-08 1.267E-12 1.667E-08 2.136E-08 2.282E-08 3.624E-12 1.530E-14 0.000E+00 0.000E+00 0.000E+00
  26   2.254 6.114E-08  1 2.822E-10 1.050E-11 6.330E-11 9.298E-11 8.880E-11 2.662E-11 3.027E-15 0.000E+00 0.000E+00 0.000E+00
  25   2.119 5.502E-08 -1 5.477E-08 1.174E-12 1.507E-08 1.924E-08 2.045E-08 3.306E-12 1.393E-14 0.000E+00 0.000E+00 0.000E+00
  25   2.119 5.502E-08  1 2.409E-10 9.166E-12 5.386E-11 7.980E-11 7.508E-11 2.296E-11 2.749E-15 0.000E+00 0.000E+00 0.000E+00
  24   1.984 4.936E-08 -1 4.915E-08 1.088E-12 1.359E-08 1.728E-08 1.827E-08 3.010E-12 1.267E-14 0.000E+00 0.000E+00 0.000E+00
  24   1.984 4.936E-08  1 2.061E-10 8.007E-12 4.596E-11 6.871E-11 6.363E-11 1.981E-11 2.491E-15 0.000E+00 0.000E+00 0.000E+00
  23   1.850 4.429E-08 -1 4.411E-08 1.007E-12 1.226E-08 1.553E-08 1.632E-08 2.734E-12 1.151E-14 0.000E+00 0.000E+00 0.000E+00
  23   1.850 4.429E-08  1 1.768E-10 7.005E-12 3.932E-11 5.934E-11 5.407E-11 1.710E-11 2.254E-15 0.000E+00 0.000E+00 0.000E+00
  22   1.715 3.960E-08 -1 3.945E-08 9.301E-13 1.102E-08 1.390E-08 1.453E-08 2.479E-12 1.043E-14 0.000E+00 0.000E+00 0.000E+00
  22   1.715 3.960E-08  1 1.522E-10 6.142E-12 3.376E-11 5.142E-11 4.607E-11 1.478E-11 2.034E-15 0.000E+00 0.000E+00 0.000E+00
  21   1.580 3.513E-08 -1 3.500E-08 8.586E-13 9.832E-09 1.234E-08 1.282E-08 2.242E-12 9.440E-15 0.000E+00 0.000E+00 0.000E+00
  21   1.580 3.513E-08  1 1.314E-10 5.401E-12 2.908E-11 4.472E-11 3.938E-11 1.280E-11 1.832E-15 0.000E+00 0.000E+00 0.000E+00
  20   1.512 0.000E+00 -1 0.000E+00 0.000E+00 0.000E+00 0.000E+00 0.000E+00 0.000E+00 0.000E+00 0.000E+00 0.000E+00 0.000E+00
  20   1.512 0.000E+00  1 0.000E+00 0.000E+00 0.000E+00 0.000E+00 0.000E+00 0.000E+00 0.000E+00 0.000E+00 0.000E+00 0.000E+00
  19   1.493 0.000E+00 -1 0.000E+00 0.000E+00 0.000E+00 0.000E+00 0.000E+00 0.000E+00 0.000E+00 0.000E+00 0.000E+00 0.000E+00
  19   1.493 0.000E+00  1 0.000E+00 0.000E+00 0.000E+00 0.000E+00 0.000E+00 0.000E+00 0.000E+00 0.000E+00 0.000E+00 0.000E+00
  18   1.449 8.286E-12 -1 8.286E-12 0.000E+00 0.000E+00 0.000E+00 0.000E+00 8.286E-12 0.000E+00 0.000E+00 0.000E+00 0.000E+00
  18   1.449 8.286E-12  1 0.000E+00 0.000E+00 0.000E+00 0.000E+00 0.000E+00 0.000E+00 0.000E+00 0.000E+00 0.000E+00 0.000E+00
  17   1.444 8.312E-12 -1 8.312E-12 0.000E+00 0.000E+00 0.000E+00 0.000E+00 8.312E-12 0.000E+00 0.000E+00 0.000E+00 0.000E+00
  17   1.444 8.312E-12  1 0.000E+00 0.000E+00 0.000E+00 0.000E+00 0.000E+00 0.000E+00 0.000E+00 0.000E+00 0.000E+00 0.000E+00
  16   1.418 8.583E-15 -1 0.000E+00 0.000E+00 0.000E+00 0.000E+00 0.000E+00 0.000E+00 0.000E+00 0.000E+00 0.000E+00 0.000E+00
  16   1.418 8.583E-15  1 8.583E-15 0.000E+00 0.000E+00 0.000E+00 0.000E+00 0.000E+00 8.583E-15 0.000E+00 0.000E+00 0.000E+00
  15   1.399 4.255E-08 -1 4.255E-08 0.000E+00 0.000E+00 4.255E-08 0.000E+00 0.000E+00 0.000E+00 0.000E+00 0.000E+00 0.000E+00
  15   1.399 4.255E-08  1 0.000E+00 0.000E+00 0.000E+00 0.000E+00 0.000E+00 0.000E+00 0.000E+00 0.000E+00 0.000E+00 0.000E+00
  14   1.313 0.000E+00 -1 0.000E+00 0.000E+00 0.000E+00 0.000E+00 0.000E+00 0.000E+00 0.000E+00 0.000E+00 0.000E+00 0.000E+00
  14   1.313 0.000E+00  1 0.000E+00 0.000E+00 0.000E+00 0.000E+00 0.000E+00 0.000E+00 0.000E+00 0.000E+00 0.000E+00 0.000E+00
  13   1.195 0.000E+00 -1 0.000E+00 0.000E+00 0.000E+00 0.000E+00 0.000E+00 0.000E+00 0.000E+00 0.000E+00 0.000E+00 0.000E+00
  13   1.195 0.000E+00  1 0.000E+00 0.000E+00 0.000E+00 0.000E+00 0.000E+00 0.000E+00 0.000E+00 0.000E+00 0.000E+00 0.000E+00
  12   1.193 4.618E-08 -1 4.618E-08 0.000E+00 0.000E+00 0.000E+00 4.618E-08 0.000E+00 0.000E+00 0.000E+00 0.000E+00 0.000E+00
  12   1.193 4.618E-08  1 0.000E+00 0.000E+00 0.000E+00 0.000E+00 0.000E+00 0.000E+00 0.000E+00 0.000E+00 0.000E+00 0.000E+00
  11   1.179 0.000E+00 -1 0.000E+00 0.000E+00 0.000E+00 0.000E+00 0.000E+00 0.000E+00 0.000E+00 0.000E+00 0.000E+00 0.000E+00
  11   1.179 0.000E+00  1 0.000E+00 0.000E+00 0.000E+00 0.000E+00 0.000E+00 0.000E+00 0.000E+00 0.000E+00 0.000E+00 0.000E+00
  10   1.086 0.000E+00 -1 0.000E+00 0.000E+00 0.000E+00 0.000E+00 0.000E+00 0.000E+00 0.000E+00 0.000E+00 0.000E+00 0.000E+00
  10   1.086 0.000E+00  1 0.000E+00 0.000E+00 0.000E+00 0.000E+00 0.000E+00 0.000E+00 0.000E+00 0.000E+00 0.000E+00 0.000E+00
   9   1.059 4.867E-08 -1 4.867E-08 0.000E+00 0.000E+00 4.867E-08 0.000E+00 0.000E+00 0.000E+00 0.000E+00 0.000E+00 0.000E+00
   9   1.059 4.867E-08  1 0.000E+00 0.000E+00 0.000E+00 0.000E+00 0.000E+00 0.000E+00 0.000E+00 0.000E+00 0.000E+00 0.000E+00
   8   1.008 1.438E-10 -1 0.000E+00 0.000E+00 0.000E+00 0.000E+00 0.000E+00 0.000E+00 0.000E+00 0.000E+00 0.000E+00 0.000E+00
   8   1.008 1.438E-10  1 1.437E-10 0.000E+00 0.000E+00 0.000E+00 1.438E-10 0.000E+00 0.000E+00 0.000E+00 0.000E+00 0.000E+00
   7   0.679 1.749E-11 -1 1.392E-11 0.000E+00 0.000E+00 0.000E+00 0.000E+00 1.749E-11 0.000E+00 0.000E+00 0.000E+00 0.000E+00
   7   0.679 1.749E-11  1 0.000E+00 0.000E+00 0.000E+00 0.000E+00 0.000E+00 0.000E+00 0.000E+00 0.000E+00 0.000E+00 0.000E+00
   6   0.670 2.076E-08 -1 0.000E+00 0.000E+00 0.000E+00 0.000E+00 0.000E+00 0.000E+00 0.000E+00 0.000E+00 0.000E+00 0.000E+00
   6   0.670 2.076E-08  1 2.098E-10 0.000E+00 0.000E+00 2.076E-08 0.000E+00 0.000E+00 0.000E+00 0.000E+00 0.000E+00 0.000E+00
   5   0.624 6.698E-08 -1 5.565E-08 0.000E+00 0.000E+00 6.698E-08 0.000E+00 0.000E+00 0.000E+00 0.000E+00 0.000E+00 0.000E+00
   5   0.624 6.698E-08  1 0.000E+00 0.000E+00 0.000E+00 0.000E+00 0.000E+00 0.000E+00 0.000E+00 0.000E+00 0.000E+00 0.000E+00
   4   0.594 7.993E-12 -1 8.424E-14 0.000E+00 0.000E+00 0.000E+00 0.000E+00 0.000E+00 7.993E-12 0.000E+00 0.000E+00 0.000E+00
   4   0.594 7.993E-12  1 0.000E+00 0.000E+00 0.000E+00 0.000E+00 0.000E+00 0.000E+00 0.000E+00 0.000E+00 0.000E+00 0.000E+00
   3   0.559 1.745E-11 -1 1.501E-11 0.000E+00 0.000E+00 0.000E+00 0.000E+00 1.745E-11 0.000E+00 0.000E+00 0.000E+00 0.000E+00
   3   0.559 1.745E-11  1 0.000E+00 0.000E+00 0.000E+00 0.000E+00 0.000E+00 0.000E+00 0.000E+00 0.000E+00 0.000E+00 0.000E+00
   2   0.032 1.518E-07 -1 6.166E-08 0.000E+00 0.000E+00 1.518E-07 0.000E+00 0.000E+00 0.000E+00 0.000E+00 0.000E+00 0.000E+00
   2   0.032 1.518E-07  1 0.000E+00 0.000E+00 0.000E+00 0.000E+00 0.000E+00 0.000E+00 0.000E+00 0.000E+00 0.000E+00 0.000E+00
   1   0.023 1.381E-07 -1 6.169E-08 0.000E+00 0.000E+00 0.000E+00 1.381E-07 0.000E+00 0.000E+00 0.000E+00 0.000E+00 0.000E+00
   1   0.023 1.381E-07  1 0.000E+00 0.000E+00 0.000E+00 0.000E+00 0.000E+00 0.000E+00 0.000E+00 0.000E+00 0.000E+00 0.000E+00

 Emitted flux per excitation energy bin of Z= 54 N= 85 (139Xe):

 bin    Ex      gamma       neutron     proton      deuteron    triton      helium-3    alpha       Total     In - out

   0   0.000 0.00000E+00 0.00000E+00 0.00000E+00 0.00000E+00 0.00000E+00 0.00000E+00 0.00000E+00 0.00000E+00 0.00000E+00
   1   0.023 1.38098E-07 0.00000E+00 0.00000E+00 0.00000E+00 0.00000E+00 0.00000E+00 0.00000E+00 1.38098E-07 0.00000E+00
   2   0.032 1.51778E-07 0.00000E+00 0.00000E+00 0.00000E+00 0.00000E+00 0.00000E+00 0.00000E+00 1.51778E-07 0.00000E+00
   3   0.559 1.74463E-11 0.00000E+00 0.00000E+00 0.00000E+00 0.00000E+00 0.00000E+00 0.00000E+00 1.74463E-11 1.73472E-18
   4   0.594 7.99321E-12 0.00000E+00 0.00000E+00 0.00000E+00 0.00000E+00 0.00000E+00 0.00000E+00 7.99321E-12 0.00000E+00
   5   0.624 6.69807E-08 0.00000E+00 0.00000E+00 0.00000E+00 0.00000E+00 0.00000E+00 0.00000E+00 6.69807E-08-7.10543E-14
   6   0.670 2.07582E-08 0.00000E+00 0.00000E+00 0.00000E+00 0.00000E+00 0.00000E+00 0.00000E+00 2.07582E-08 0.00000E+00
   7   0.679 1.74949E-11 0.00000E+00 0.00000E+00 0.00000E+00 0.00000E+00 0.00000E+00 0.00000E+00 1.74949E-11 0.00000E+00
   8   1.008 1.43781E-10 0.00000E+00 0.00000E+00 0.00000E+00 0.00000E+00 0.00000E+00 0.00000E+00 1.43781E-10 1.38778E-17
   9   1.059 4.86746E-08 0.00000E+00 0.00000E+00 0.00000E+00 0.00000E+00 0.00000E+00 0.00000E+00 4.86746E-08 0.00000E+00
  10   1.086 0.00000E+00 0.00000E+00 0.00000E+00 0.00000E+00 0.00000E+00 0.00000E+00 0.00000E+00 0.00000E+00 0.00000E+00
  11   1.179 0.00000E+00 0.00000E+00 0.00000E+00 0.00000E+00 0.00000E+00 0.00000E+00 0.00000E+00 0.00000E+00 0.00000E+00
  12   1.193 4.61765E-08 0.00000E+00 0.00000E+00 0.00000E+00 0.00000E+00 0.00000E+00 0.00000E+00 4.61765E-08 0.00000E+00
  13   1.195 0.00000E+00 0.00000E+00 0.00000E+00 0.00000E+00 0.00000E+00 0.00000E+00 0.00000E+00 0.00000E+00 0.00000E+00
  14   1.313 0.00000E+00 0.00000E+00 0.00000E+00 0.00000E+00 0.00000E+00 0.00000E+00 0.00000E+00 0.00000E+00 0.00000E+00
  15   1.399 4.25481E-08 0.00000E+00 0.00000E+00 0.00000E+00 0.00000E+00 0.00000E+00 0.00000E+00 4.25481E-08 0.00000E+00
  16   1.418 8.58302E-15 0.00000E+00 0.00000E+00 0.00000E+00 0.00000E+00 0.00000E+00 0.00000E+00 8.58302E-15 0.00000E+00
  17   1.444 8.31171E-12 0.00000E+00 0.00000E+00 0.00000E+00 0.00000E+00 0.00000E+00 0.00000E+00 8.31171E-12 0.00000E+00
  18   1.449 8.28580E-12 0.00000E+00 0.00000E+00 0.00000E+00 0.00000E+00 0.00000E+00 0.00000E+00 8.28580E-12 0.00000E+00
  19   1.493 0.00000E+00 0.00000E+00 0.00000E+00 0.00000E+00 0.00000E+00 0.00000E+00 0.00000E+00 0.00000E+00 0.00000E+00
  20   1.512 0.00000E+00 0.00000E+00 0.00000E+00 0.00000E+00 0.00000E+00 0.00000E+00 0.00000E+00 0.00000E+00 0.00000E+00
  21   1.580 0.00000E+00 0.00000E+00 0.00000E+00 0.00000E+00 0.00000E+00 0.00000E+00 0.00000E+00 0.00000E+00 3.51310E-08
  22   1.715 0.00000E+00 0.00000E+00 0.00000E+00 0.00000E+00 0.00000E+00 0.00000E+00 0.00000E+00 0.00000E+00 3.96023E-08
  23   1.850 0.00000E+00 0.00000E+00 0.00000E+00 0.00000E+00 0.00000E+00 0.00000E+00 0.00000E+00 0.00000E+00 4.42915E-08
  24   1.984 0.00000E+00 0.00000E+00 0.00000E+00 0.00000E+00 0.00000E+00 0.00000E+00 0.00000E+00 0.00000E+00 4.93560E-08
  25   2.119 0.00000E+00 0.00000E+00 0.00000E+00 0.00000E+00 0.00000E+00 0.00000E+00 0.00000E+00 0.00000E+00 5.50151E-08
  26   2.254 0.00000E+00 0.00000E+00 0.00000E+00 0.00000E+00 0.00000E+00 0.00000E+00 0.00000E+00 0.00000E+00 6.11409E-08
  27   2.389 0.00000E+00 0.00000E+00 0.00000E+00 0.00000E+00 0.00000E+00 0.00000E+00 0.00000E+00 0.00000E+00 6.76888E-08
  28   2.524 0.00000E+00 0.00000E+00 0.00000E+00 0.00000E+00 0.00000E+00 0.00000E+00 0.00000E+00 0.00000E+00 7.47496E-08
  29   2.659 0.00000E+00 0.00000E+00 0.00000E+00 0.00000E+00 0.00000E+00 0.00000E+00 0.00000E+00 0.00000E+00 8.22327E-08
  30   2.794 0.00000E+00 0.00000E+00 0.00000E+00 0.00000E+00 0.00000E+00 0.00000E+00 0.00000E+00 0.00000E+00 9.01975E-08
  31   2.929 0.00000E+00 0.00000E+00 0.00000E+00 0.00000E+00 0.00000E+00 0.00000E+00 0.00000E+00 0.00000E+00 9.89329E-08
  32   3.063 0.00000E+00 0.00000E+00 0.00000E+00 0.00000E+00 0.00000E+00 0.00000E+00 0.00000E+00 0.00000E+00 1.08415E-07
  33   3.198 0.00000E+00 0.00000E+00 0.00000E+00 0.00000E+00 0.00000E+00 0.00000E+00 0.00000E+00 0.00000E+00 1.18691E-07
  34   3.333 0.00000E+00 0.00000E+00 0.00000E+00 0.00000E+00 0.00000E+00 0.00000E+00 0.00000E+00 0.00000E+00 1.29704E-07
  35   3.468 0.00000E+00 0.00000E+00 0.00000E+00 0.00000E+00 0.00000E+00 0.00000E+00 0.00000E+00 0.00000E+00 1.41876E-07
  36   3.603 0.00000E+00 0.00000E+00 0.00000E+00 0.00000E+00 0.00000E+00 0.00000E+00 0.00000E+00 0.00000E+00 1.55011E-07
  37   3.738 0.00000E+00 0.00000E+00 0.00000E+00 0.00000E+00 0.00000E+00 0.00000E+00 0.00000E+00 0.00000E+00 1.69436E-07
  38   3.873 0.00000E+00 0.00000E+00 0.00000E+00 0.00000E+00 0.00000E+00 0.00000E+00 0.00000E+00 0.00000E+00 1.85034E-07
  39   4.008 0.00000E+00 0.00000E+00 0.00000E+00 0.00000E+00 0.00000E+00 0.00000E+00 0.00000E+00 0.00000E+00 2.02198E-07
  40   4.142 0.00000E+00 0.00000E+00 0.00000E+00 0.00000E+00 0.00000E+00 0.00000E+00 0.00000E+00 0.00000E+00 2.20863E-07
  41   4.277 0.00000E+00 0.00000E+00 0.00000E+00 0.00000E+00 0.00000E+00 0.00000E+00 0.00000E+00 0.00000E+00 2.41488E-07
  42   4.412 0.00000E+00 0.00000E+00 0.00000E+00 0.00000E+00 0.00000E+00 0.00000E+00 0.00000E+00 0.00000E+00 2.64079E-07
  43   4.547 0.00000E+00 0.00000E+00 0.00000E+00 0.00000E+00 0.00000E+00 0.00000E+00 0.00000E+00 0.00000E+00 2.88704E-07
  44   4.682 0.00000E+00 0.00000E+00 0.00000E+00 0.00000E+00 0.00000E+00 0.00000E+00 0.00000E+00 0.00000E+00 3.16106E-07
  45   4.817 0.00000E+00 0.00000E+00 0.00000E+00 0.00000E+00 0.00000E+00 0.00000E+00 0.00000E+00 0.00000E+00 3.45879E-07
  46   4.952 0.00000E+00 0.00000E+00 0.00000E+00 0.00000E+00 0.00000E+00 0.00000E+00 0.00000E+00 0.00000E+00 3.78813E-07
  47   5.087 0.00000E+00 0.00000E+00 0.00000E+00 0.00000E+00 0.00000E+00 0.00000E+00 0.00000E+00 0.00000E+00 4.15469E-07
  48   5.221 0.00000E+00 0.00000E+00 0.00000E+00 0.00000E+00 0.00000E+00 0.00000E+00 0.00000E+00 0.00000E+00 4.55465E-07
  49   5.356 0.00000E+00 0.00000E+00 0.00000E+00 0.00000E+00 0.00000E+00 0.00000E+00 0.00000E+00 0.00000E+00 4.99863E-07
  50   5.491 0.00000E+00 0.00000E+00 0.00000E+00 0.00000E+00 0.00000E+00 0.00000E+00 0.00000E+00 0.00000E+00 5.48825E-07
  51   5.626 0.00000E+00 0.00000E+00 0.00000E+00 0.00000E+00 0.00000E+00 0.00000E+00 0.00000E+00 0.00000E+00 6.03182E-07
  52   5.761 0.00000E+00 0.00000E+00 0.00000E+00 0.00000E+00 0.00000E+00 0.00000E+00 0.00000E+00 0.00000E+00 6.61988E-07
  53   5.896 0.00000E+00 0.00000E+00 0.00000E+00 0.00000E+00 0.00000E+00 0.00000E+00 0.00000E+00 0.00000E+00 7.28126E-07
  54   6.031 0.00000E+00 0.00000E+00 0.00000E+00 0.00000E+00 0.00000E+00 0.00000E+00 0.00000E+00 0.00000E+00 7.98864E-07
  55   6.166 0.00000E+00 0.00000E+00 0.00000E+00 0.00000E+00 0.00000E+00 0.00000E+00 0.00000E+00 0.00000E+00 8.76519E-07
  56   6.300 0.00000E+00 0.00000E+00 0.00000E+00 0.00000E+00 0.00000E+00 0.00000E+00 0.00000E+00 0.00000E+00 9.59350E-07
  57   6.435 0.00000E+00 0.00000E+00 0.00000E+00 0.00000E+00 0.00000E+00 0.00000E+00 0.00000E+00 0.00000E+00 1.04932E-06
  58   6.570 0.00000E+00 0.00000E+00 0.00000E+00 0.00000E+00 0.00000E+00 0.00000E+00 0.00000E+00 0.00000E+00 1.14759E-06
  59   6.705 0.00000E+00 0.00000E+00 0.00000E+00 0.00000E+00 0.00000E+00 0.00000E+00 0.00000E+00 0.00000E+00 1.25080E-06
  60   6.840 0.00000E+00 0.00000E+00 0.00000E+00 0.00000E+00 0.00000E+00 0.00000E+00 0.00000E+00 0.00000E+00 1.35929E-06
  61   6.975 0.00000E+00 0.00000E+00 0.00000E+00 0.00000E+00 0.00000E+00 0.00000E+00 0.00000E+00 0.00000E+00 1.47752E-06
  62   7.110 0.00000E+00 0.00000E+00 0.00000E+00 0.00000E+00 0.00000E+00 0.00000E+00 0.00000E+00 0.00000E+00 1.60416E-06
  63   7.245 1.79406E-10 1.73373E-06 0.00000E+00 0.00000E+00 0.00000E+00 0.00000E+00 0.00000E+00 1.73391E-06 1.31547E-09
  64   7.379 1.92632E-10 1.86752E-06 0.00000E+00 0.00000E+00 0.00000E+00 0.00000E+00 2.69053E-16 1.86772E-06 1.40255E-09
  65   7.514 2.07399E-10 2.00957E-06 0.00000E+00 0.00000E+00 0.00000E+00 0.00000E+00 5.18596E-16 2.00977E-06 1.49339E-09
  66   7.649 2.23766E-10 2.15570E-06 0.00000E+00 0.00000E+00 0.00000E+00 0.00000E+00 7.84567E-16 2.15592E-06 1.58707E-09
  67   7.784 2.40951E-10 2.30257E-06 0.00000E+00 0.00000E+00 0.00000E+00 0.00000E+00 1.04836E-15 2.30281E-06 1.68393E-09
  68   7.919 2.59223E-10 2.44733E-06 0.00000E+00 0.00000E+00 0.00000E+00 0.00000E+00 4.57945E-15 2.44759E-06 1.78329E-09
  69   8.054 2.78956E-10 2.59894E-06 0.00000E+00 0.00000E+00 0.00000E+00 0.00000E+00 7.32223E-15 2.59922E-06 1.88493E-09
  70   8.189 3.00032E-10 2.74999E-06 0.00000E+00 0.00000E+00 0.00000E+00 0.00000E+00 1.01276E-14 2.75029E-06 1.98906E-09
  71   8.324 3.22227E-10 2.90449E-06 0.00000E+00 0.00000E+00 0.00000E+00 0.00000E+00 1.28720E-14 2.90481E-06 2.09502E-09
  72   8.458 3.45652E-10 3.05677E-06 0.00000E+00 0.00000E+00 0.00000E+00 0.00000E+00 1.98223E-14 3.05712E-06 2.20257E-09
  73   8.593 3.69844E-10 3.20886E-06 0.00000E+00 0.00000E+00 0.00000E+00 0.00000E+00 2.96909E-14 3.20923E-06 2.31125E-09
  74   8.728 3.95179E-10 3.35798E-06 0.00000E+00 0.00000E+00 0.00000E+00 0.00000E+00 3.88611E-14 3.35838E-06 2.42062E-09
  75   8.863 4.21125E-10 3.50578E-06 0.00000E+00 0.00000E+00 0.00000E+00 0.00000E+00 4.98506E-14 3.50620E-06 2.53044E-09
  76   8.998 4.48358E-10 3.65256E-06 0.00000E+00 0.00000E+00 0.00000E+00 0.00000E+00 7.18899E-14 3.65301E-06 2.63981E-09
  77   9.133 4.75597E-10 3.79229E-06 0.00000E+00 0.00000E+00 0.00000E+00 0.00000E+00 9.72333E-14 3.79276E-06 2.74827E-09
  78   9.268 5.03635E-10 3.92912E-06 0.00000E+00 0.00000E+00 0.00000E+00 0.00000E+00 1.22342E-13 3.92962E-06 2.85445E-09
  79   9.403 5.32247E-10 4.06305E-06 0.00000E+00 0.00000E+00 0.00000E+00 0.00000E+00 1.57525E-13 4.06358E-06 2.95904E-09
  80   9.538 5.60166E-10 4.18567E-06 0.00000E+00 0.00000E+00 0.00000E+00 0.00000E+00 2.08448E-13 4.18623E-06 3.05999E-09
  81   9.672 5.87961E-10 4.29972E-06 0.00000E+00 0.00000E+00 0.00000E+00 0.00000E+00 2.64106E-13 4.30031E-06 3.15640E-09
  82   9.807 6.15534E-10 4.40926E-06 0.00000E+00 0.00000E+00 0.00000E+00 0.00000E+00 3.17452E-13 4.40987E-06 3.24735E-09
  83   9.942 6.42427E-10 4.50664E-06 0.00000E+00 0.00000E+00 0.00000E+00 0.00000E+00 4.01437E-13 4.50728E-06 3.33239E-09
  84  10.077 6.67722E-10 4.59249E-06 0.00000E+00 0.00000E+00 0.00000E+00 0.00000E+00 5.05407E-13 4.59316E-06 3.40970E-09
  85  10.212 6.91743E-10 4.66363E-06 0.00000E+00 0.00000E+00 0.00000E+00 0.00000E+00 6.11100E-13 4.66432E-06 3.47836E-09
  86  10.347 7.14122E-10 4.72598E-06 0.00000E+00 0.00000E+00 0.00000E+00 0.00000E+00 7.12620E-13 4.72670E-06 3.53657E-09
  87  10.482 7.34946E-10 4.77315E-06 0.00000E+00 0.00000E+00 0.00000E+00 0.00000E+00 8.79981E-13 4.77389E-06 3.58341E-09
  88  10.617 7.51708E-10 4.79878E-06 0.00000E+00 0.00000E+00 0.00000E+00 0.00000E+00 1.06262E-12 4.79954E-06 3.61842E-09
  89  10.751 7.67941E-10 4.81759E-06 0.00000E+00 0.00000E+00 0.00000E+00 0.00000E+00 1.23709E-12 4.81836E-06 3.63843E-09
  90  10.886 7.80336E-10 4.81923E-06 0.00000E+00 0.00000E+00 0.00000E+00 0.00000E+00 1.50426E-12 4.82001E-06 3.64344E-09
  91  11.021 7.89944E-10 4.80131E-06 0.00000E+00 0.00000E+00 0.00000E+00 0.00000E+00 2.00254E-12 4.80211E-06 3.63343E-09
  92  11.156 7.95614E-10 4.76815E-06 0.00000E+00 0.00000E+00 0.00000E+00 0.00000E+00 2.51746E-12 4.76894E-06 3.60478E-09
  93  11.291 7.98500E-10 4.71744E-06 0.00000E+00 0.00000E+00 0.00000E+00 0.00000E+00 2.98577E-12 4.71824E-06 3.55885E-09
  94  11.426 7.98623E-10 4.65962E-06 0.00000E+00 0.00000E+00 0.00000E+00 0.00000E+00 3.61724E-12 4.66042E-06 3.49473E-09
  95  11.561 7.95212E-10 4.58196E-06 0.00000E+00 0.00000E+00 0.00000E+00 0.00000E+00 4.39450E-12 4.58276E-06 3.40970E-09
  96  11.696 7.84997E-10 4.47416E-06 0.00000E+00 0.00000E+00 0.00000E+00 0.00000E+00 5.13991E-12 4.47495E-06 3.30647E-09
  97  11.830 7.70580E-10 4.34574E-06 0.00000E+00 0.00000E+00 0.00000E+00 0.00000E+00 5.74471E-12 4.34652E-06 3.18323E-09
  98  11.965 7.46400E-10 4.17068E-06 0.00000E+00 0.00000E+00 0.00000E+00 0.00000E+00 6.50624E-12 4.17143E-06 3.04226E-09
  99  12.100 7.14985E-10 3.96122E-06 0.00000E+00 0.00000E+00 0.00000E+00 0.00000E+00 7.26290E-12 3.96194E-06 2.88310E-09
 100  12.235 6.72593E-10 3.69819E-06 0.00000E+00 0.00000E+00 0.00000E+00 0.00000E+00 7.75768E-12 3.69887E-06 2.70711E-09
 101  12.370 6.26329E-10 3.42200E-06 0.00000E+00 0.00000E+00 0.00000E+00 0.00000E+00 8.08304E-12 3.42264E-06 2.51634E-09
 102  12.505 5.75619E-10 3.12646E-06 0.00000E+00 0.00000E+00 0.00000E+00 0.00000E+00 8.39630E-12 3.12704E-06 2.31307E-09
 103  12.640 5.21911E-10 2.82222E-06 0.00000E+00 0.00000E+00 0.00000E+00 0.00000E+00 8.57772E-12 2.82275E-06 2.10025E-09
 104  12.775 4.68497E-10 2.52261E-06 0.00000E+00 0.00000E+00 0.00000E+00 0.00000E+00 8.49651E-12 2.52308E-06 1.88038E-09
 105  12.909 4.14452E-10 2.22542E-06 1.39995E-18 0.00000E+00 0.00000E+00 0.00000E+00 8.25206E-12 2.22584E-06 1.65710E-09
 106  13.044 3.61300E-10 1.93454E-06 7.72388E-18 0.00000E+00 0.00000E+00 0.00000E+00 7.90126E-12 1.93491E-06 1.43450E-09
 107  13.179 0.00000E+00 0.00000E+00 0.00000E+00 0.00000E+00 0.00000E+00 0.00000E+00 0.00000E+00 0.00000E+00 1.65919E-06
 108  13.314 0.00000E+00 0.00000E+00 0.00000E+00 0.00000E+00 0.00000E+00 0.00000E+00 0.00000E+00 0.00000E+00 1.39128E-06
 109  13.449 0.00000E+00 0.00000E+00 0.00000E+00 0.00000E+00 0.00000E+00 0.00000E+00 0.00000E+00 0.00000E+00 1.14043E-06
 110  13.584 0.00000E+00 0.00000E+00 0.00000E+00 0.00000E+00 0.00000E+00 0.00000E+00 0.00000E+00 0.00000E+00 9.12360E-07
 111  13.719 0.00000E+00 0.00000E+00 0.00000E+00 0.00000E+00 0.00000E+00 0.00000E+00 0.00000E+00 0.00000E+00 7.09107E-07
 112  13.854 0.00000E+00 0.00000E+00 0.00000E+00 0.00000E+00 0.00000E+00 0.00000E+00 0.00000E+00 0.00000E+00 5.26162E-07
 113  13.988 0.00000E+00 0.00000E+00 0.00000E+00 0.00000E+00 0.00000E+00 0.00000E+00 0.00000E+00 0.00000E+00 3.73336E-07
 114  14.123 0.00000E+00 0.00000E+00 0.00000E+00 0.00000E+00 0.00000E+00 0.00000E+00 0.00000E+00 0.00000E+00 2.48441E-07
 115  14.258 0.00000E+00 0.00000E+00 0.00000E+00 0.00000E+00 0.00000E+00 0.00000E+00 0.00000E+00 0.00000E+00 1.51317E-07
 116  14.393 0.00000E+00 0.00000E+00 0.00000E+00 0.00000E+00 0.00000E+00 0.00000E+00 0.00000E+00 0.00000E+00 8.13079E-08
 117  14.528 0.00000E+00 0.00000E+00 0.00000E+00 0.00000E+00 0.00000E+00 0.00000E+00 0.00000E+00 0.00000E+00 3.58959E-08
 118  14.663 0.00000E+00 0.00000E+00 0.00000E+00 0.00000E+00 0.00000E+00 0.00000E+00 0.00000E+00 0.00000E+00 1.10816E-08
 119  14.798 0.00000E+00 0.00000E+00 0.00000E+00 0.00000E+00 0.00000E+00 0.00000E+00 0.00000E+00 0.00000E+00 1.43803E-09
 120  14.933 1.86299E-04 9.99805E-01 1.85749E-08 4.49486E-13 6.06741E-10 0.00000E+00 8.23446E-06 1.00000E+00 0.00000E+00

 Emission cross sections to residual nuclei from Z= 54 N= 85 (139Xe):

 gamma    channel to Z= 54 N= 85 (139Xe): 1.86323E-04
 neutron  channel to Z= 54 N= 84 (138Xe): 9.99965E-01
 proton   channel to Z= 53 N= 85 (138I ): 1.85749E-08
 deuteron channel to Z= 53 N= 84 (137I ): 4.49486E-13
 triton   channel to Z= 53 N= 83 (136I ): 6.06741E-10
 helium-3 channel to Z= 52 N= 84 (136Te): 0.00000E+00
 alpha    channel to Z= 52 N= 83 (135Te): 8.23456E-06

 Final production cross section of Z= 54 N= 85 (139Xe):

 Total       : 3.78619E-07
 Ground state: 3.78619E-07

 Population of Z= 54 N= 84 (138Xe) before decay: 9.99966E-01
 Maximum excitation energy:  11.256 Discrete levels: 10 Continuum bins:100 Continuum bin size:   0.091

 Population of Z= 54 N= 84 (138Xe), Parity=-1 before decay: 2.81450E-01

 bin    Ex     Pop     Pop P=-1    J= 0.0    J= 1.0    J= 2.0    J= 3.0    J= 4.0    J= 5.0    J= 6.0    J= 7.0    J= 8.0

   0   0.000 3.147E-06 0.000E+00 0.000E+00 0.000E+00 0.000E+00 0.000E+00 0.000E+00 0.000E+00 0.000E+00 0.000E+00 0.000E+00
   1   0.589 8.873E-06 0.000E+00 0.000E+00 0.000E+00 0.000E+00 0.000E+00 0.000E+00 0.000E+00 0.000E+00 0.000E+00 0.000E+00
   2   1.073 7.018E-06 0.000E+00 0.000E+00 0.000E+00 0.000E+00 0.000E+00 0.000E+00 0.000E+00 0.000E+00 0.000E+00 0.000E+00
   3   1.464 8.835E-06 0.000E+00 0.000E+00 0.000E+00 0.000E+00 0.000E+00 0.000E+00 0.000E+00 0.000E+00 0.000E+00 0.000E+00
   4   1.555 3.730E-06 0.000E+00 0.000E+00 0.000E+00 0.000E+00 0.000E+00 0.000E+00 0.000E+00 0.000E+00 0.000E+00 0.000E+00
   5   1.866 5.896E-06 0.000E+00 0.000E+00 0.000E+00 0.000E+00 0.000E+00 0.000E+00 0.000E+00 0.000E+00 0.000E+00 0.000E+00
   6   1.903 6.811E-06 0.000E+00 0.000E+00 0.000E+00 0.000E+00 0.000E+00 0.000E+00 0.000E+00 0.000E+00 0.000E+00 0.000E+00
   7   2.015 7.477E-06 7.477E-06 0.000E+00 0.000E+00 0.000E+00 7.477E-06 0.000E+00 0.000E+00 0.000E+00 0.000E+00 0.000E+00
   8   2.115 5.889E-06 0.000E+00 0.000E+00 0.000E+00 0.000E+00 0.000E+00 0.000E+00 0.000E+00 0.000E+00 0.000E+00 0.000E+00
   9   2.116 7.471E-06 7.471E-06 0.000E+00 0.000E+00 0.000E+00 0.000E+00 7.471E-06 0.000E+00 0.000E+00 0.000E+00 0.000E+00
  10   2.117 6.756E-06 0.000E+00 0.000E+00 0.000E+00 0.000E+00 0.000E+00 0.000E+00 0.000E+00 0.000E+00 0.000E+00 0.000E+00
  11   2.163 1.319E-05 6.144E-06 1.221E-07 6.681E-07 1.375E-06 1.445E-06 1.275E-06 6.483E-07 4.128E-07 1.279E-07 6.562E-08
  12   2.254 1.467E-05 6.798E-06 1.328E-07 7.299E-07 1.504E-06 1.592E-06 1.416E-06 7.256E-07 4.690E-07 1.467E-07 7.677E-08
  13   2.346 1.631E-05 7.517E-06 1.445E-07 7.976E-07 1.645E-06 1.754E-06 1.571E-06 8.108E-07 5.315E-07 1.677E-07 8.943E-08
  14   2.437 1.813E-05 8.306E-06 1.571E-07 8.715E-07 1.799E-06 1.930E-06 1.742E-06 9.044E-07 6.011E-07 1.910E-07 1.038E-07
  15   2.528 2.015E-05 9.171E-06 1.709E-07 9.524E-07 1.966E-06 2.122E-06 1.929E-06 1.007E-06 6.785E-07 2.170E-07 1.199E-07
  16   2.620 2.238E-05 1.012E-05 1.859E-07 1.041E-06 2.148E-06 2.333E-06 2.134E-06 1.120E-06 7.643E-07 2.458E-07 1.381E-07
  17   2.711 2.485E-05 1.116E-05 2.023E-07 1.138E-06 2.347E-06 2.563E-06 2.360E-06 1.244E-06 8.594E-07 2.776E-07 1.585E-07
  18   2.803 2.758E-05 1.230E-05 2.201E-07 1.243E-06 2.563E-06 2.814E-06 2.606E-06 1.379E-06 9.645E-07 3.127E-07 1.813E-07
  19   2.894 3.061E-05 1.354E-05 2.394E-07 1.359E-06 2.799E-06 3.089E-06 2.877E-06 1.528E-06 1.081E-06 3.512E-07 2.066E-07
  20   2.985 3.396E-05 1.491E-05 2.606E-07 1.487E-06 3.055E-06 3.389E-06 3.174E-06 1.690E-06 1.209E-06 3.936E-07 2.348E-07
  21   3.077 3.767E-05 1.640E-05 2.837E-07 1.626E-06 3.335E-06 3.717E-06 3.500E-06 1.868E-06 1.351E-06 4.401E-07 2.660E-07
  22   3.168 4.177E-05 1.804E-05 3.090E-07 1.779E-06 3.640E-06 4.075E-06 3.858E-06 2.062E-06 1.508E-06 4.909E-07 3.006E-07
  23   3.260 4.631E-05 1.983E-05 3.367E-07 1.947E-06 3.971E-06 4.465E-06 4.249E-06 2.275E-06 1.680E-06 5.460E-07 3.384E-07
  24   3.351 5.133E-05 2.178E-05 3.671E-07 2.132E-06 4.331E-06 4.890E-06 4.678E-06 2.507E-06 1.870E-06 6.060E-07 3.800E-07
  25   3.442 5.688E-05 2.392E-05 4.005E-07 2.334E-06 4.723E-06 5.353E-06 5.147E-06 2.761E-06 2.080E-06 6.710E-07 4.256E-07
  26   3.534 6.302E-05 2.624E-05 4.371E-07 2.555E-06 5.145E-06 5.853E-06 5.660E-06 3.039E-06 2.310E-06 7.415E-07 4.755E-07
  27   3.625 6.982E-05 2.879E-05 4.773E-07 2.800E-06 5.607E-06 6.401E-06 6.223E-06 3.344E-06 2.564E-06 8.177E-07 5.299E-07
  28   3.717 7.737E-05 3.158E-05 5.215E-07 3.069E-06 6.111E-06 7.001E-06 6.841E-06 3.675E-06 2.842E-06 8.996E-07 5.889E-07
  29   3.808 8.573E-05 3.463E-05 5.700E-07 3.366E-06 6.662E-06 7.656E-06 7.519E-06 4.037E-06 3.147E-06 9.870E-07 6.524E-07
  30   3.899 9.500E-05 3.797E-05 6.234E-07 3.694E-06 7.264E-06 8.375E-06 8.265E-06 4.432E-06 3.483E-06 1.081E-06 7.212E-07
  31   3.991 1.053E-04 4.164E-05 6.819E-07 4.055E-06 7.924E-06 9.164E-06 9.084E-06 4.863E-06 3.850E-06 1.181E-06 7.955E-07
  32   4.082 1.167E-04 4.565E-05 7.462E-07 4.454E-06 8.645E-06 1.003E-05 9.985E-06 5.334E-06 4.254E-06 1.288E-06 8.753E-07
  33   4.174 1.294E-04 5.004E-05 8.167E-07 4.895E-06 9.434E-06 1.098E-05 1.097E-05 5.847E-06 4.696E-06 1.403E-06 9.610E-07
  34   4.265 1.434E-04 5.485E-05 8.942E-07 5.381E-06 1.030E-05 1.201E-05 1.206E-05 6.405E-06 5.179E-06 1.522E-06 1.052E-06
  35   4.356 1.590E-04 6.010E-05 9.793E-07 5.917E-06 1.124E-05 1.315E-05 1.325E-05 7.013E-06 5.708E-06 1.649E-06 1.148E-06
  36   4.448 1.763E-04 6.586E-05 1.073E-06 6.509E-06 1.227E-05 1.439E-05 1.456E-05 7.676E-06 6.287E-06 1.783E-06 1.251E-06
  37   4.539 1.955E-04 7.217E-05 1.175E-06 7.162E-06 1.340E-05 1.576E-05 1.601E-05 8.398E-06 6.920E-06 1.924E-06 1.360E-06
  38   4.630 2.168E-04 7.907E-05 1.287E-06 7.883E-06 1.464E-05 1.726E-05 1.759E-05 9.185E-06 7.613E-06 2.072E-06 1.476E-06
  39   4.722 2.404E-04 8.662E-05 1.411E-06 8.678E-06 1.600E-05 1.891E-05 1.934E-05 1.004E-05 8.371E-06 2.227E-06 1.597E-06
  40   4.813 2.667E-04 9.488E-05 1.546E-06 9.556E-06 1.748E-05 2.071E-05 2.125E-05 1.097E-05 9.197E-06 2.387E-06 1.723E-06
  41   4.905 2.958E-04 1.039E-04 1.694E-06 1.052E-05 1.911E-05 2.269E-05 2.336E-05 1.198E-05 1.010E-05 2.554E-06 1.856E-06
  42   4.996 3.281E-04 1.138E-04 1.856E-06 1.159E-05 2.089E-05 2.486E-05 2.568E-05 1.309E-05 1.109E-05 2.727E-06 1.995E-06
  43   5.087 3.640E-04 1.247E-04 2.034E-06 1.277E-05 2.285E-05 2.725E-05 2.823E-05 1.429E-05 1.217E-05 2.906E-06 2.139E-06
  44   5.179 4.039E-04 1.366E-04 2.229E-06 1.407E-05 2.499E-05 2.986E-05 3.103E-05 1.560E-05 1.334E-05 3.090E-06 2.288E-06
  45   5.270 4.482E-04 1.496E-04 2.443E-06 1.551E-05 2.734E-05 3.274E-05 3.412E-05 1.702E-05 1.463E-05 3.279E-06 2.442E-06
  46   5.362 4.973E-04 1.638E-04 2.676E-06 1.709E-05 2.991E-05 3.590E-05 3.752E-05 1.857E-05 1.603E-05 3.473E-06 2.601E-06
  47   5.453 5.518E-04 1.795E-04 2.931E-06 1.884E-05 3.274E-05 3.937E-05 4.126E-05 2.025E-05 1.757E-05 3.669E-06 2.764E-06
  48   5.544 6.123E-04 1.966E-04 3.210E-06 2.076E-05 3.584E-05 4.318E-05 4.538E-05 2.208E-05 1.924E-05 3.868E-06 2.930E-06
  49   5.636 6.793E-04 2.153E-04 3.515E-06 2.288E-05 3.924E-05 4.737E-05 4.991E-05 2.407E-05 2.106E-05 4.070E-06 3.098E-06
  50   5.727 7.537E-04 2.358E-04 3.848E-06 2.522E-05 4.298E-05 5.198E-05 5.490E-05 2.624E-05 2.305E-05 4.274E-06 3.270E-06
  51   5.819 8.363E-04 2.584E-04 4.212E-06 2.780E-05 4.708E-05 5.704E-05 6.040E-05 2.860E-05 2.522E-05 4.480E-06 3.445E-06
  52   5.910 9.278E-04 2.830E-04 4.608E-06 3.063E-05 5.159E-05 6.260E-05 6.645E-05 3.116E-05 2.759E-05 4.684E-06 3.620E-06
  53   6.001 1.029E-03 3.100E-04 5.040E-06 3.376E-05 5.653E-05 6.872E-05 7.312E-05 3.395E-05 3.016E-05 4.886E-06 3.794E-06
  54   6.093 1.141E-03 3.396E-04 5.510E-06 3.720E-05 6.195E-05 7.544E-05 8.045E-05 3.697E-05 3.297E-05 5.083E-06 3.965E-06
  55   6.184 1.264E-03 3.720E-04 6.021E-06 4.099E-05 6.790E-05 8.282E-05 8.853E-05 4.025E-05 3.602E-05 5.275E-06 4.133E-06
  56   6.276 1.401E-03 4.076E-04 6.577E-06 4.516E-05 7.445E-05 9.096E-05 9.744E-05 4.382E-05 3.935E-05 5.473E-06 4.308E-06
  57   6.367 1.553E-03 4.466E-04 7.181E-06 4.975E-05 8.163E-05 9.989E-05 1.072E-04 4.770E-05 4.298E-05 5.663E-06 4.476E-06
  58   6.458 1.719E-03 4.892E-04 7.836E-06 5.480E-05 8.952E-05 1.097E-04 1.180E-04 5.189E-05 4.691E-05 5.841E-06 4.636E-06
  59   6.550 1.903E-03 5.359E-04 8.546E-06 6.035E-05 9.816E-05 1.205E-04 1.299E-04 5.644E-05 5.118E-05 6.006E-06 4.787E-06
  60   6.641 2.104E-03 5.869E-04 9.314E-06 6.644E-05 1.076E-04 1.323E-04 1.429E-04 6.135E-05 5.580E-05 6.157E-06 4.927E-06
  61   6.732 2.326E-03 6.429E-04 1.014E-05 7.314E-05 1.181E-04 1.453E-04 1.573E-04 6.667E-05 6.083E-05 6.305E-06 5.065E-06
  62   6.824 2.570E-03 7.041E-04 1.104E-05 8.049E-05 1.295E-04 1.596E-04 1.731E-04 7.243E-05 6.628E-05 6.447E-06 5.199E-06
  63   6.915 2.837E-03 7.711E-04 1.201E-05 8.856E-05 1.420E-04 1.753E-04 1.904E-04 7.864E-05 7.217E-05 6.569E-06 5.317E-06
  64   7.007 3.130E-03 8.442E-04 1.305E-05 9.741E-05 1.557E-04 1.925E-04 2.095E-04 8.532E-05 7.852E-05 6.669E-06 5.418E-06
  65   7.098 3.450E-03 9.240E-04 1.416E-05 1.071E-04 1.708E-04 2.113E-04 2.304E-04 9.251E-05 8.537E-05 6.748E-06 5.502E-06
  66   7.189 3.799E-03 1.011E-03 1.536E-05 1.177E-04 1.872E-04 2.320E-04 2.534E-04 1.002E-04 9.275E-05 6.807E-06 5.570E-06
  67   7.281 4.181E-03 1.106E-03 1.664E-05 1.294E-04 2.053E-04 2.547E-04 2.787E-04 1.085E-04 1.007E-04 6.857E-06 5.630E-06
  68   7.372 4.596E-03 1.210E-03 1.800E-05 1.421E-04 2.250E-04 2.795E-04 3.063E-04 1.174E-04 1.092E-04 6.881E-06 5.669E-06
  69   7.464 5.047E-03 1.323E-03 1.946E-05 1.561E-04 2.466E-04 3.067E-04 3.367E-04 1.269E-04 1.183E-04 6.888E-06 5.693E-06
  70   7.555 5.537E-03 1.446E-03 2.100E-05 1.713E-04 2.701E-04 3.364E-04 3.699E-04 1.370E-04 1.281E-04 6.867E-06 5.694E-06
  71   7.646 6.067E-03 1.580E-03 2.264E-05 1.879E-04 2.959E-04 3.689E-04 4.063E-04 1.477E-04 1.384E-04 6.826E-06 5.678E-06
  72   7.738 6.642E-03 1.726E-03 2.436E-05 2.060E-04 3.240E-04 4.044E-04 4.461E-04 1.591E-04 1.494E-04 6.758E-06 5.639E-06
  73   7.829 7.262E-03 1.884E-03 2.618E-05 2.258E-04 3.546E-04 4.431E-04 4.895E-04 1.711E-04 1.611E-04 6.666E-06 5.579E-06
  74   7.921 7.931E-03 2.055E-03 2.807E-05 2.473E-04 3.880E-04 4.853E-04 5.370E-04 1.837E-04 1.733E-04 6.549E-06 5.497E-06
  75   8.012 8.652E-03 2.240E-03 3.005E-05 2.707E-04 4.243E-04 5.314E-04 5.888E-04 1.969E-04 1.862E-04 6.404E-06 5.391E-06
  76   8.103 9.426E-03 2.441E-03 3.210E-05 2.961E-04 4.638E-04 5.814E-04 6.452E-04 2.107E-04 1.996E-04 6.239E-06 5.267E-06
  77   8.195 1.026E-02 2.657E-03 3.422E-05 3.238E-04 5.067E-04 6.359E-04 7.066E-04 2.250E-04 2.136E-04 6.042E-06 5.115E-06
  78   8.286 1.115E-02 2.890E-03 3.638E-05 3.537E-04 5.533E-04 6.950E-04 7.734E-04 2.397E-04 2.280E-04 5.832E-06 4.951E-06
  79   8.378 1.211E-02 3.141E-03 3.859E-05 3.861E-04 6.037E-04 7.592E-04 8.459E-04 2.547E-04 2.428E-04 5.588E-06 4.756E-06
  80   8.469 1.313E-02 3.411E-03 4.080E-05 4.212E-04 6.583E-04 8.287E-04 9.245E-04 2.699E-04 2.578E-04 5.335E-06 4.554E-06
  81   8.560 1.423E-02 3.701E-03 4.303E-05 4.592E-04 7.175E-04 9.040E-04 1.010E-03 2.853E-04 2.730E-04 5.053E-06 4.324E-06
  82   8.652 1.541E-02 4.014E-03 4.526E-05 5.007E-04 7.820E-04 9.861E-04 1.103E-03 3.005E-04 2.881E-04 4.763E-06 4.084E-06
  83   8.743 1.668E-02 4.347E-03 4.741E-05 5.451E-04 8.513E-04 1.074E-03 1.203E-03 3.154E-04 3.028E-04 4.448E-06 3.822E-06
  84   8.834 1.802E-02 4.700E-03 4.944E-05 5.926E-04 9.254E-04 1.169E-03 1.309E-03 3.295E-04 3.168E-04 4.126E-06 3.552E-06
  85   8.926 1.944E-02 5.071E-03 5.130E-05 6.433E-04 1.004E-03 1.269E-03 1.424E-03 3.426E-04 3.299E-04 3.792E-06 3.271E-06
  86   9.017 2.095E-02 5.463E-03 5.295E-05 6.971E-04 1.088E-03 1.376E-03 1.545E-03 3.542E-04 3.416E-04 3.451E-06 2.982E-06
  87   9.109 2.253E-02 5.873E-03 5.432E-05 7.542E-04 1.178E-03 1.490E-03 1.675E-03 3.642E-04 3.517E-04 3.113E-06 2.695E-06
  88   9.200 2.419E-02 6.301E-03 5.538E-05 8.145E-04 1.272E-03 1.611E-03 1.812E-03 3.721E-04 3.598E-04 2.771E-06 2.403E-06
  89   9.291 2.592E-02 6.746E-03 5.605E-05 8.779E-04 1.371E-03 1.737E-03 1.956E-03 3.774E-04 3.655E-04 2.441E-06 2.121E-06
  90   9.383 2.770E-02 7.207E-03 5.628E-05 9.445E-04 1.475E-03 1.871E-03 2.108E-03 3.798E-04 3.683E-04 2.123E-06 1.848E-06
  91   9.474 2.950E-02 7.682E-03 5.602E-05 1.014E-03 1.584E-03 2.010E-03 2.267E-03 3.790E-04 3.680E-04 1.821E-06 1.588E-06
  92   9.566 3.130E-02 8.168E-03 5.522E-05 1.086E-03 1.697E-03 2.155E-03 2.433E-03 3.745E-04 3.640E-04 1.536E-06 1.341E-06
  93   9.657 3.305E-02 8.662E-03 5.384E-05 1.161E-03 1.814E-03 2.305E-03 2.604E-03 3.660E-04 3.562E-04 1.274E-06 1.115E-06
  94   9.748 3.471E-02 9.162E-03 5.185E-05 1.237E-03 1.934E-03 2.459E-03 2.780E-03 3.533E-04 3.443E-04 1.037E-06 9.083E-07
  95   9.840 3.621E-02 9.661E-03 4.924E-05 1.315E-03 2.056E-03 2.616E-03 2.960E-03 3.364E-04 3.282E-04 8.247E-07 7.239E-07
  96   9.931 3.751E-02 1.015E-02 4.602E-05 1.393E-03 2.179E-03 2.773E-03 3.140E-03 3.151E-04 3.078E-04 6.397E-07 5.624E-07
  97  10.023 3.853E-02 1.063E-02 4.222E-05 1.470E-03 2.300E-03 2.929E-03 3.319E-03 2.898E-04 2.834E-04 4.820E-07 4.244E-07
  98  10.114 3.923E-02 1.109E-02 3.790E-05 1.544E-03 2.417E-03 3.080E-03 3.493E-03 2.608E-04 2.554E-04 3.510E-07 3.095E-07
  99  10.205 3.955E-02 1.151E-02 3.317E-05 1.614E-03 2.527E-03 3.222E-03 3.657E-03 2.289E-04 2.243E-04 2.455E-07 2.168E-07
 100  10.297 3.948E-02 1.187E-02 2.816E-05 1.675E-03 2.625E-03 3.348E-03 3.803E-03 1.948E-04 1.911E-04 1.637E-07 1.447E-07
 101  10.388 3.901E-02 1.214E-02 2.303E-05 1.725E-03 2.704E-03 3.451E-03 3.923E-03 1.597E-04 1.569E-04 1.028E-07 9.109E-08
 102  10.480 3.814E-02 1.230E-02 1.799E-05 1.758E-03 2.755E-03 3.519E-03 4.002E-03 1.250E-04 1.230E-04 6.042E-08 5.359E-08
 103  10.571 3.690E-02 1.229E-02 1.325E-05 1.764E-03 2.767E-03 3.535E-03 4.024E-03 9.232E-05 9.089E-05 3.247E-08 2.884E-08
 104  10.662 3.530E-02 1.203E-02 9.033E-06 1.735E-03 2.721E-03 3.479E-03 3.963E-03 6.310E-05 6.219E-05 1.554E-08 1.382E-08
 105  10.754 3.329E-02 1.144E-02 5.540E-06 1.654E-03 2.596E-03 3.320E-03 3.784E-03 3.879E-05 3.827E-05 0.000E+00 0.000E+00
 106  10.845 3.076E-02 1.036E-02 2.913E-06 1.502E-03 2.357E-03 3.016E-03 3.441E-03 2.045E-05 2.020E-05 0.000E+00 0.000E+00
 107  10.936 2.743E-02 8.607E-03 1.204E-06 1.249E-03 1.962E-03 2.511E-03 2.866E-03 8.473E-06 8.375E-06 0.000E+00 0.000E+00
 108  11.028 2.271E-02 5.946E-03 3.169E-07 8.634E-04 1.356E-03 1.737E-03 1.984E-03 2.236E-06 2.212E-06 0.000E+00 0.000E+00
 109  11.119 1.640E-02 3.150E-03 4.540E-08 4.573E-04 7.185E-04 9.208E-04 1.052E-03 3.210E-07 3.179E-07 0.000E+00 0.000E+00
 110  11.211 4.301E-03 4.990E-04 0.000E+00 7.240E-05 1.138E-04 1.459E-04 1.669E-04 0.000E+00 0.000E+00 0.000E+00 0.000E+00

 Population of Z= 54 N= 84 (138Xe), Parity= 1 before decay: 7.18515E-01

 bin    Ex     Pop     Pop P= 1    J= 0.0    J= 1.0    J= 2.0    J= 3.0    J= 4.0    J= 5.0    J= 6.0    J= 7.0    J= 8.0

   0   0.000 3.147E-06 3.147E-06 3.147E-06 0.000E+00 0.000E+00 0.000E+00 0.000E+00 0.000E+00 0.000E+00 0.000E+00 0.000E+00
   1   0.589 8.873E-06 8.873E-06 0.000E+00 0.000E+00 8.873E-06 0.000E+00 0.000E+00 0.000E+00 0.000E+00 0.000E+00 0.000E+00
   2   1.073 7.018E-06 7.018E-06 0.000E+00 0.000E+00 0.000E+00 0.000E+00 7.018E-06 0.000E+00 0.000E+00 0.000E+00 0.000E+00
   3   1.464 8.835E-06 8.835E-06 0.000E+00 0.000E+00 8.835E-06 0.000E+00 0.000E+00 0.000E+00 0.000E+00 0.000E+00 0.000E+00
   4   1.555 3.730E-06 3.730E-06 0.000E+00 0.000E+00 0.000E+00 0.000E+00 0.000E+00 0.000E+00 3.730E-06 0.000E+00 0.000E+00
   5   1.866 5.896E-06 5.896E-06 0.000E+00 5.896E-06 0.000E+00 0.000E+00 0.000E+00 0.000E+00 0.000E+00 0.000E+00 0.000E+00
   6   1.903 6.811E-06 6.811E-06 0.000E+00 0.000E+00 0.000E+00 0.000E+00 6.811E-06 0.000E+00 0.000E+00 0.000E+00 0.000E+00
   7   2.015 7.477E-06 0.000E+00 0.000E+00 0.000E+00 0.000E+00 0.000E+00 0.000E+00 0.000E+00 0.000E+00 0.000E+00 0.000E+00
   8   2.115 5.889E-06 5.889E-06 0.000E+00 5.889E-06 0.000E+00 0.000E+00 0.000E+00 0.000E+00 0.000E+00 0.000E+00 0.000E+00
   9   2.116 7.471E-06 0.000E+00 0.000E+00 0.000E+00 0.000E+00 0.000E+00 0.000E+00 0.000E+00 0.000E+00 0.000E+00 0.000E+00
  10   2.117 6.756E-06 6.756E-06 0.000E+00 0.000E+00 0.000E+00 0.000E+00 6.756E-06 0.000E+00 0.000E+00 0.000E+00 0.000E+00
  11   2.163 1.319E-05 7.046E-06 1.556E-07 8.076E-07 1.657E-06 1.897E-06 1.159E-06 8.566E-07 3.055E-07 1.758E-07 2.208E-08
  12   2.254 1.467E-05 7.874E-06 1.709E-07 8.898E-07 1.834E-06 2.111E-06 1.300E-06 9.730E-07 3.511E-07 2.055E-07 2.578E-08
  13   2.346 1.631E-05 8.797E-06 1.878E-07 9.809E-07 2.031E-06 2.349E-06 1.459E-06 1.104E-06 4.027E-07 2.397E-07 2.997E-08
  14   2.437 1.813E-05 9.828E-06 2.066E-07 1.082E-06 2.249E-06 2.613E-06 1.635E-06 1.251E-06 4.611E-07 2.789E-07 3.471E-08
  15   2.528 2.015E-05 1.098E-05 2.273E-07 1.193E-06 2.491E-06 2.906E-06 1.832E-06 1.417E-06 5.272E-07 3.238E-07 4.004E-08
  16   2.620 2.238E-05 1.226E-05 2.502E-07 1.317E-06 2.760E-06 3.231E-06 2.052E-06 1.603E-06 6.019E-07 3.751E-07 4.601E-08
  17   2.711 2.485E-05 1.369E-05 2.755E-07 1.454E-06 3.058E-06 3.593E-06 2.297E-06 1.812E-06 6.862E-07 4.337E-07 5.268E-08
  18   2.803 2.758E-05 1.529E-05 3.036E-07 1.606E-06 3.389E-06 3.996E-06 2.570E-06 2.047E-06 7.815E-07 5.005E-07 6.011E-08
  19   2.894 3.061E-05 1.706E-05 3.347E-07 1.775E-06 3.757E-06 4.442E-06 2.875E-06 2.310E-06 8.889E-07 5.768E-07 6.835E-08
  20   2.985 3.396E-05 1.905E-05 3.691E-07 1.962E-06 4.165E-06 4.939E-06 3.214E-06 2.606E-06 1.010E-06 6.635E-07 7.747E-08
  21   3.077 3.767E-05 2.126E-05 4.073E-07 2.169E-06 4.619E-06 5.491E-06 3.593E-06 2.938E-06 1.147E-06 7.623E-07 8.753E-08
  22   3.168 4.177E-05 2.373E-05 4.495E-07 2.399E-06 5.122E-06 6.104E-06 4.015E-06 3.311E-06 1.301E-06 8.745E-07 9.859E-08
  23   3.260 4.631E-05 2.648E-05 4.963E-07 2.654E-06 5.681E-06 6.784E-06 4.486E-06 3.728E-06 1.474E-06 1.002E-06 1.106E-07
  24   3.351 5.133E-05 2.955E-05 5.482E-07 2.937E-06 6.302E-06 7.540E-06 5.010E-06 4.197E-06 1.669E-06 1.147E-06 1.238E-07
  25   3.442 5.688E-05 3.296E-05 6.058E-07 3.252E-06 6.992E-06 8.380E-06 5.594E-06 4.722E-06 1.889E-06 1.311E-06 1.381E-07
  26   3.534 6.302E-05 3.678E-05 6.696E-07 3.600E-06 7.758E-06 9.313E-06 6.245E-06 5.311E-06 2.136E-06 1.497E-06 1.536E-07
  27   3.625 6.982E-05 4.103E-05 7.406E-07 3.988E-06 8.611E-06 1.035E-05 6.973E-06 5.973E-06 2.414E-06 1.708E-06 1.703E-07
  28   3.717 7.737E-05 4.579E-05 8.196E-07 4.420E-06 9.561E-06 1.151E-05 7.786E-06 6.715E-06 2.727E-06 1.946E-06 1.882E-07
  29   3.808 8.573E-05 5.110E-05 9.074E-07 4.901E-06 1.062E-05 1.280E-05 8.693E-06 7.547E-06 3.079E-06 2.217E-06 2.073E-07
  30   3.899 9.500E-05 5.703E-05 1.005E-06 5.437E-06 1.180E-05 1.424E-05 9.706E-06 8.481E-06 3.475E-06 2.522E-06 2.276E-07
  31   3.991 1.053E-04 6.366E-05 1.114E-06 6.033E-06 1.311E-05 1.584E-05 1.084E-05 9.529E-06 3.919E-06 2.868E-06 2.493E-07
  32   4.082 1.167E-04 7.106E-05 1.235E-06 6.696E-06 1.458E-05 1.762E-05 1.210E-05 1.070E-05 4.419E-06 3.259E-06 2.722E-07
  33   4.174 1.294E-04 7.933E-05 1.369E-06 7.435E-06 1.621E-05 1.961E-05 1.352E-05 1.202E-05 4.980E-06 3.701E-06 2.965E-07
  34   4.265 1.434E-04 8.857E-05 1.519E-06 8.258E-06 1.803E-05 2.182E-05 1.510E-05 1.350E-05 5.611E-06 4.200E-06 3.215E-07
  35   4.356 1.590E-04 9.890E-05 1.686E-06 9.176E-06 2.006E-05 2.429E-05 1.687E-05 1.516E-05 6.320E-06 4.764E-06 3.476E-07
  36   4.448 1.763E-04 1.104E-04 1.871E-06 1.020E-05 2.231E-05 2.705E-05 1.884E-05 1.702E-05 7.116E-06 5.400E-06 3.748E-07
  37   4.539 1.955E-04 1.233E-04 2.078E-06 1.133E-05 2.483E-05 3.012E-05 2.105E-05 1.911E-05 8.009E-06 6.118E-06 4.030E-07
  38   4.630 2.168E-04 1.377E-04 2.308E-06 1.260E-05 2.764E-05 3.354E-05 2.351E-05 2.145E-05 9.012E-06 6.928E-06 4.322E-07
  39   4.722 2.404E-04 1.538E-04 2.565E-06 1.401E-05 3.077E-05 3.736E-05 2.627E-05 2.408E-05 1.014E-05 7.842E-06 4.619E-07
  40   4.813 2.667E-04 1.718E-04 2.851E-06 1.559E-05 3.426E-05 4.162E-05 2.935E-05 2.702E-05 1.141E-05 8.874E-06 4.919E-07
  41   4.905 2.958E-04 1.919E-04 3.169E-06 1.734E-05 3.815E-05 4.637E-05 3.280E-05 3.032E-05 1.282E-05 1.004E-05 5.224E-07
  42   4.996 3.281E-04 2.143E-04 3.524E-06 1.929E-05 4.248E-05 5.167E-05 3.664E-05 3.402E-05 1.441E-05 1.134E-05 5.533E-07
  43   5.087 3.640E-04 2.393E-04 3.920E-06 2.145E-05 4.730E-05 5.757E-05 4.094E-05 3.816E-05 1.619E-05 1.281E-05 5.842E-07
  44   5.179 4.039E-04 2.673E-04 4.361E-06 2.387E-05 5.268E-05 6.415E-05 4.574E-05 4.280E-05 1.819E-05 1.447E-05 6.151E-07
  45   5.270 4.482E-04 2.986E-04 4.853E-06 2.656E-05 5.868E-05 7.150E-05 5.111E-05 4.802E-05 2.043E-05 1.634E-05 6.460E-07
  46   5.362 4.973E-04 3.335E-04 5.402E-06 2.956E-05 6.536E-05 7.969E-05 5.711E-05 5.385E-05 2.294E-05 1.843E-05 6.764E-07
  47   5.453 5.518E-04 3.724E-04 6.013E-06 3.288E-05 7.279E-05 8.881E-05 6.380E-05 6.037E-05 2.574E-05 2.078E-05 7.060E-07
  48   5.544 6.123E-04 4.157E-04 6.696E-06 3.658E-05 8.105E-05 9.896E-05 7.126E-05 6.766E-05 2.885E-05 2.341E-05 7.345E-07
  49   5.636 6.793E-04 4.640E-04 7.456E-06 4.068E-05 9.024E-05 1.103E-04 7.957E-05 7.580E-05 3.232E-05 2.634E-05 7.616E-07
  50   5.727 7.537E-04 5.179E-04 8.305E-06 4.524E-05 1.005E-04 1.229E-04 8.885E-05 8.492E-05 3.621E-05 2.964E-05 7.885E-07
  51   5.819 8.363E-04 5.780E-04 9.252E-06 5.031E-05 1.119E-04 1.369E-04 9.921E-05 9.512E-05 4.054E-05 3.334E-05 8.150E-07
  52   5.910 9.278E-04 6.447E-04 1.031E-05 5.593E-05 1.245E-04 1.525E-04 1.107E-04 1.065E-04 4.534E-05 3.744E-05 8.392E-07
  53   6.001 1.029E-03 7.189E-04 1.149E-05 6.214E-05 1.386E-04 1.699E-04 1.235E-04 1.191E-04 5.065E-05 4.200E-05 8.608E-07
  54   6.093 1.141E-03 8.011E-04 1.280E-05 6.902E-05 1.541E-04 1.891E-04 1.377E-04 1.332E-04 5.651E-05 4.704E-05 8.796E-07
  55   6.184 1.264E-03 8.922E-04 1.427E-05 7.661E-05 1.714E-04 2.105E-04 1.534E-04 1.489E-04 6.296E-05 5.262E-05 8.956E-07
  56   6.276 1.401E-03 9.937E-04 1.591E-05 8.504E-05 1.906E-04 2.343E-04 1.710E-04 1.664E-04 7.013E-05 5.883E-05 9.146E-07
  57   6.367 1.553E-03 1.106E-03 1.773E-05 9.433E-05 2.118E-04 2.606E-04 1.904E-04 1.858E-04 7.798E-05 6.566E-05 9.301E-07
  58   6.458 1.719E-03 1.230E-03 1.977E-05 1.046E-04 2.353E-04 2.898E-04 2.119E-04 2.072E-04 8.654E-05 7.315E-05 9.413E-07
  59   6.550 1.903E-03 1.367E-03 2.204E-05 1.158E-04 2.613E-04 3.221E-04 2.355E-04 2.310E-04 9.587E-05 8.132E-05 9.482E-07
  60   6.641 2.104E-03 1.517E-03 2.457E-05 1.282E-04 2.900E-04 3.578E-04 2.617E-04 2.573E-04 1.060E-04 9.021E-05 9.506E-07
  61   6.732 2.326E-03 1.683E-03 2.740E-05 1.418E-04 3.216E-04 3.973E-04 2.905E-04 2.863E-04 1.169E-04 9.988E-05 9.535E-07
  62   6.824 2.570E-03 1.866E-03 3.056E-05 1.567E-04 3.566E-04 4.409E-04 3.222E-04 3.183E-04 1.288E-04 1.103E-04 9.565E-07
  63   6.915 2.837E-03 2.066E-03 3.408E-05 1.730E-04 3.950E-04 4.889E-04 3.570E-04 3.536E-04 1.414E-04 1.216E-04 9.543E-07
  64   7.007 3.130E-03 2.286E-03 3.800E-05 1.908E-04 4.374E-04 5.419E-04 3.952E-04 3.923E-04 1.549E-04 1.336E-04 9.471E-07
  65   7.098 3.450E-03 2.526E-03 4.237E-05 2.102E-04 4.839E-04 6.002E-04 4.370E-04 4.348E-04 1.693E-04 1.464E-04 9.355E-07
  66   7.189 3.799E-03 2.788E-03 4.724E-05 2.314E-04 5.351E-04 6.643E-04 4.828E-04 4.814E-04 1.844E-04 1.600E-04 9.204E-07
  67   7.281 4.181E-03 3.074E-03 5.266E-05 2.545E-04 5.912E-04 7.348E-04 5.327E-04 5.323E-04 2.002E-04 1.742E-04 9.062E-07
  68   7.372 4.596E-03 3.385E-03 5.871E-05 2.795E-04 6.528E-04 8.121E-04 5.872E-04 5.879E-04 2.166E-04 1.890E-04 8.875E-07
  69   7.464 5.047E-03 3.723E-03 6.543E-05 3.067E-04 7.202E-04 8.969E-04 6.464E-04 6.486E-04 2.334E-04 2.043E-04 8.674E-07
  70   7.555 5.537E-03 4.090E-03 7.292E-05 3.361E-04 7.940E-04 9.898E-04 7.107E-04 7.146E-04 2.506E-04 2.200E-04 8.433E-07
  71   7.646 6.067E-03 4.487E-03 8.124E-05 3.678E-04 8.746E-04 1.091E-03 7.805E-04 7.862E-04 2.678E-04 2.358E-04 8.176E-07
  72   7.738 6.642E-03 4.916E-03 9.049E-05 4.021E-04 9.627E-04 1.203E-03 8.560E-04 8.640E-04 2.850E-04 2.515E-04 7.886E-07
  73   7.829 7.262E-03 5.378E-03 1.008E-04 4.390E-04 1.059E-03 1.324E-03 9.376E-04 9.481E-04 3.016E-04 2.669E-04 7.577E-07
  74   7.921 7.931E-03 5.876E-03 1.121E-04 4.787E-04 1.164E-03 1.457E-03 1.026E-03 1.039E-03 3.175E-04 2.817E-04 7.247E-07
  75   8.012 8.652E-03 6.412E-03 1.248E-04 5.214E-04 1.278E-03 1.601E-03 1.120E-03 1.137E-03 3.322E-04 2.955E-04 6.892E-07
  76   8.103 9.426E-03 6.986E-03 1.387E-04 5.670E-04 1.402E-03 1.759E-03 1.222E-03 1.243E-03 3.452E-04 3.078E-04 6.532E-07
  77   8.195 1.026E-02 7.602E-03 1.541E-04 6.159E-04 1.537E-03 1.930E-03 1.332E-03 1.356E-03 3.563E-04 3.185E-04 6.141E-07
  78   8.286 1.115E-02 8.260E-03 1.711E-04 6.681E-04 1.684E-03 2.117E-03 1.449E-03 1.478E-03 3.646E-04 3.267E-04 5.762E-07
  79   8.378 1.211E-02 8.965E-03 1.898E-04 7.239E-04 1.844E-03 2.320E-03 1.574E-03 1.609E-03 3.703E-04 3.326E-04 5.351E-07
  80   8.469 1.313E-02 9.718E-03 2.103E-04 7.833E-04 2.018E-03 2.541E-03 1.709E-03 1.749E-03 3.723E-04 3.352E-04 4.956E-07
  81   8.560 1.423E-02 1.053E-02 2.328E-04 8.470E-04 2.207E-03 2.782E-03 1.853E-03 1.900E-03 3.711E-04 3.349E-04 4.543E-07
  82   8.652 1.541E-02 1.140E-02 2.576E-04 9.157E-04 2.415E-03 3.045E-03 2.008E-03 2.061E-03 3.659E-04 3.308E-04 4.147E-07
  83   8.743 1.668E-02 1.233E-02 2.844E-04 9.886E-04 2.639E-03 3.331E-03 2.172E-03 2.233E-03 3.570E-04 3.232E-04 3.742E-07
  84   8.834 1.802E-02 1.332E-02 3.132E-04 1.066E-03 2.882E-03 3.640E-03 2.347E-03 2.415E-03 3.442E-04 3.122E-04 3.352E-07
  85   8.926 1.944E-02 1.437E-02 3.439E-04 1.147E-03 3.143E-03 3.973E-03 2.531E-03 2.608E-03 3.278E-04 2.979E-04 2.972E-07
  86   9.017 2.095E-02 1.549E-02 3.764E-04 1.232E-03 3.424E-03 4.330E-03 2.724E-03 2.810E-03 3.086E-04 2.808E-04 2.603E-07
  87   9.109 2.253E-02 1.666E-02 4.103E-04 1.320E-03 3.724E-03 4.713E-03 2.925E-03 3.021E-03 2.867E-04 2.613E-04 2.260E-07
  88   9.200 2.419E-02 1.789E-02 4.453E-04 1.410E-03 4.043E-03 5.121E-03 3.132E-03 3.239E-03 2.628E-04 2.400E-04 1.929E-07
  89   9.291 2.592E-02 1.917E-02 4.809E-04 1.502E-03 4.381E-03 5.552E-03 3.342E-03 3.460E-03 2.377E-04 2.174E-04 1.630E-07
  90   9.383 2.770E-02 2.049E-02 5.162E-04 1.593E-03 4.736E-03 6.006E-03 3.551E-03 3.681E-03 2.121E-04 1.943E-04 1.357E-07
  91   9.474 2.950E-02 2.182E-02 5.502E-04 1.680E-03 5.104E-03 6.477E-03 3.753E-03 3.894E-03 1.865E-04 1.711E-04 1.111E-07
  92   9.566 3.130E-02 2.313E-02 5.817E-04 1.761E-03 5.482E-03 6.961E-03 3.941E-03 4.093E-03 1.614E-04 1.483E-04 8.943E-08
  93   9.657 3.305E-02 2.439E-02 6.092E-04 1.830E-03 5.863E-03 7.450E-03 4.103E-03 4.266E-03 1.375E-04 1.265E-04 7.052E-08
  94   9.748 3.471E-02 2.554E-02 6.308E-04 1.883E-03 6.242E-03 7.935E-03 4.230E-03 4.402E-03 1.150E-04 1.059E-04 5.436E-08
  95   9.840 3.621E-02 2.655E-02 6.447E-04 1.914E-03 6.609E-03 8.407E-03 4.308E-03 4.488E-03 9.430E-05 8.701E-05 4.085E-08
  96   9.931 3.751E-02 2.735E-02 6.487E-04 1.918E-03 6.955E-03 8.853E-03 4.324E-03 4.510E-03 7.565E-05 6.990E-05 2.981E-08
  97  10.023 3.853E-02 2.790E-02 6.410E-04 1.889E-03 7.272E-03 9.262E-03 4.266E-03 4.453E-03 5.920E-05 5.477E-05 2.102E-08
  98  10.114 3.923E-02 2.814E-02 6.202E-04 1.823E-03 7.553E-03 9.625E-03 4.124E-03 4.308E-03 4.502E-05 4.170E-05 1.425E-08
  99  10.205 3.955E-02 2.805E-02 5.855E-04 1.717E-03 7.790E-03 9.932E-03 3.890E-03 4.069E-03 3.310E-05 3.070E-05 9.219E-09
 100  10.297 3.948E-02 2.762E-02 5.369E-04 1.572E-03 7.981E-03 1.018E-02 3.567E-03 3.734E-03 2.338E-05 2.171E-05 0.000E+00
 101  10.388 3.901E-02 2.687E-02 4.758E-04 1.391E-03 8.124E-03 1.037E-02 3.162E-03 3.313E-03 1.573E-05 1.463E-05 0.000E+00
 102  10.480 3.814E-02 2.584E-02 4.046E-04 1.181E-03 8.223E-03 1.050E-02 2.690E-03 2.821E-03 1.001E-05 9.319E-06 0.000E+00
 103  10.571 3.690E-02 2.461E-02 3.273E-04 9.550E-04 8.278E-03 1.058E-02 2.178E-03 2.286E-03 5.912E-06 5.512E-06 0.000E+00
 104  10.662 3.530E-02 2.326E-02 2.487E-04 7.251E-04 8.290E-03 1.060E-02 1.656E-03 1.740E-03 3.171E-06 2.960E-06 0.000E+00
 105  10.754 3.329E-02 2.186E-02 1.739E-04 5.068E-04 8.247E-03 1.055E-02 1.159E-03 1.219E-03 1.491E-06 1.393E-06 0.000E+00
 106  10.845 3.076E-02 2.040E-02 1.081E-04 3.149E-04 8.115E-03 1.038E-02 7.216E-04 7.593E-04 5.803E-07 5.430E-07 0.000E+00
 107  10.936 2.743E-02 1.882E-02 5.588E-05 1.628E-04 7.821E-03 1.001E-02 3.736E-04 3.934E-04 1.692E-07 1.585E-07 0.000E+00
 108  11.028 2.271E-02 1.676E-02 2.046E-05 5.959E-05 7.190E-03 9.210E-03 1.369E-04 1.443E-04 0.000E+00 0.000E+00 0.000E+00
 109  11.119 1.640E-02 1.325E-02 5.046E-06 1.470E-05 5.770E-03 7.395E-03 3.383E-05 3.568E-05 0.000E+00 0.000E+00 0.000E+00
 110  11.211 4.301E-03 3.802E-03 3.492E-07 1.017E-06 1.663E-03 2.133E-03 2.344E-06 2.475E-06 0.000E+00 0.000E+00 0.000E+00

 Isospin factors to reduce emission for multiple emission for Z= 54 N= 84 (138Xe)

 gamma     1.00000
 neutron   1.00000
 proton    1.00000
 deuteron  1.00000
 triton    1.00000
 helium-3  1.00000
 alpha     1.00000

 Population of each bin of Z= 54 N= 84 (138Xe) before its decay

 bin    Ex      Pop     P Pop per P  J= 0.0    J= 1.0    J= 2.0    J= 3.0    J= 4.0    J= 5.0    J= 6.0    J= 7.0    J= 8.0  

 110  11.211 4.301E-03 -1 4.990E-04 0.000E+00 7.240E-05 1.138E-04 1.459E-04 1.669E-04 0.000E+00 0.000E+00 0.000E+00 0.000E+00
 110  11.211 4.301E-03  1 3.802E-03 3.492E-07 1.017E-06 1.663E-03 2.133E-03 2.344E-06 2.475E-06 0.000E+00 0.000E+00 0.000E+00
 1.0  -1 7.240E-05 1.975E-09 7.240E-05 0.000E+00 0.000E+00 0.000E+00 0.000E+00 1.963E-10
 2.0  -1 1.138E-04 3.120E-09 1.138E-04 0.000E+00 0.000E+00 0.000E+00 0.000E+00 1.135E-11
 3.0  -1 1.459E-04 4.147E-09 1.459E-04 0.000E+00 0.000E+00 0.000E+00 0.000E+00 1.169E-10
 4.0  -1 1.669E-04 4.815E-09 1.669E-04 0.000E+00 0.000E+00 0.000E+00 0.000E+00 1.115E-11
 0.0   1 3.492E-07 6.339E-12 3.492E-07 0.000E+00 0.000E+00 0.000E+00 0.000E+00 1.267E-12
 1.0   1 1.017E-06 2.506E-11 1.017E-06 0.000E+00 0.000E+00 0.000E+00 0.000E+00 4.502E-14
 2.0   1 1.663E-03 4.418E-08 1.663E-03 0.000E+00 0.000E+00 0.000E+00 0.000E+00 1.376E-09
 3.0   1 2.133E-03 5.872E-08 2.132E-03 0.000E+00 0.000E+00 0.000E+00 0.000E+00 9.720E-11
 4.0   1 2.344E-06 6.714E-11 2.344E-06 0.000E+00 0.000E+00 0.000E+00 0.000E+00 6.298E-13
 5.0   1 2.475E-06 7.430E-11 2.475E-06 0.000E+00 0.000E+00 0.000E+00 0.000E+00 8.653E-14
 109  11.119 1.640E-02 -1 3.150E-03 4.540E-08 4.573E-04 7.185E-04 9.208E-04 1.052E-03 3.210E-07 3.179E-07 5.035E-22 0.000E+00
 109  11.119 1.640E-02  1 1.325E-02 5.046E-06 1.470E-05 5.770E-03 7.395E-03 3.383E-05 3.568E-05 1.480E-18 1.648E-20 0.000E+00
 0.0  -1 4.540E-08 9.094E-13 4.540E-08 0.000E+00 0.000E+00 0.000E+00 0.000E+00 1.421E-16
 1.0  -1 4.573E-04 1.310E-08 4.573E-04 0.000E+00 0.000E+00 0.000E+00 0.000E+00 1.202E-09
 2.0  -1 7.185E-04 2.064E-08 7.185E-04 0.000E+00 0.000E+00 0.000E+00 0.000E+00 6.209E-11
 3.0  -1 9.208E-04 2.744E-08 9.208E-04 0.000E+00 0.000E+00 0.000E+00 0.000E+00 7.068E-10
 4.0  -1 1.052E-03 3.183E-08 1.052E-03 0.000E+00 0.000E+00 0.000E+00 0.000E+00 6.157E-11
 5.0  -1 3.210E-07 1.032E-11 3.210E-07 0.000E+00 0.000E+00 0.000E+00 0.000E+00 7.783E-14
 6.0  -1 3.179E-07 1.070E-11 3.179E-07 0.000E+00 0.000E+00 0.000E+00 0.000E+00 1.424E-14
 0.0   1 5.046E-06 9.588E-11 5.046E-06 0.000E+00 0.000E+00 0.000E+00 0.000E+00 1.734E-11
 1.0   1 1.470E-05 3.788E-10 1.470E-05 0.000E+00 0.000E+00 0.000E+00 0.000E+00 6.017E-13
 2.0   1 5.770E-03 1.604E-07 5.770E-03 0.000E+00 0.000E+00 0.000E+00 0.000E+00 4.500E-09
 3.0   1 7.395E-03 2.133E-07 7.394E-03 0.000E+00 0.000E+00 0.000E+00 0.000E+00 3.122E-10
 4.0   1 3.383E-05 1.015E-09 3.382E-05 0.000E+00 0.000E+00 0.000E+00 0.000E+00 8.507E-12
 5.0   1 3.568E-05 1.123E-09 3.568E-05 0.000E+00 0.000E+00 0.000E+00 0.000E+00 1.152E-12
 108  11.028 2.271E-02 -1 5.946E-03 3.169E-07 8.634E-04 1.356E-03 1.737E-03 1.984E-03 2.236E-06 2.212E-06 2.320E-19 2.357E-21
 108  11.028 2.271E-02  1 1.676E-02 2.046E-05 5.959E-05 7.190E-03 9.210E-03 1.369E-04 1.443E-04 6.583E-17 1.160E-17 7.200E-23
 0.0  -1 3.169E-07 6.661E-12 3.169E-07 0.000E+00 0.000E+00 0.000E+00 0.000E+00 7.730E-16
 1.0  -1 8.634E-04 2.602E-08 8.634E-04 0.000E+00 0.000E+00 0.000E+00 0.000E+00 2.175E-09
 2.0  -1 1.356E-03 4.086E-08 1.356E-03 0.000E+00 0.000E+00 0.000E+00 0.000E+00 1.088E-10
 3.0  -1 1.737E-03 5.435E-08 1.737E-03 0.000E+00 0.000E+00 0.000E+00 0.000E+00 1.269E-09
 4.0  -1 1.984E-03 6.296E-08 1.984E-03 0.000E+00 0.000E+00 0.000E+00 0.000E+00 1.033E-10
 5.0  -1 2.236E-06 7.548E-11 2.236E-06 0.000E+00 0.000E+00 0.000E+00 0.000E+00 5.065E-13
 6.0  -1 2.212E-06 7.820E-11 2.212E-06 0.000E+00 0.000E+00 0.000E+00 0.000E+00 8.648E-14
 0.0   1 2.046E-05 4.074E-10 2.046E-05 0.000E+00 0.000E+00 0.000E+00 0.000E+00 6.534E-11
 1.0   1 5.959E-05 1.609E-09 5.958E-05 0.000E+00 0.000E+00 0.000E+00 0.000E+00 2.322E-12
 2.0   1 7.190E-03 2.095E-07 7.190E-03 0.000E+00 0.000E+00 0.000E+00 0.000E+00 5.199E-09
 3.0   1 9.210E-03 2.786E-07 9.210E-03 0.000E+00 0.000E+00 0.000E+00 0.000E+00 3.670E-10
 4.0   1 1.369E-04 4.313E-09 1.369E-04 0.000E+00 0.000E+00 0.000E+00 0.000E+00 3.171E-11
 5.0   1 1.443E-04 4.771E-09 1.443E-04 0.000E+00 0.000E+00 0.000E+00 0.000E+00 4.319E-12
 107  10.936 2.743E-02 -1 8.607E-03 1.204E-06 1.249E-03 1.962E-03 2.511E-03 2.866E-03 8.473E-06 8.375E-06 4.918E-18 5.138E-20
 107  10.936 2.743E-02  1 1.882E-02 5.588E-05 1.628E-04 7.821E-03 1.001E-02 3.736E-04 3.934E-04 1.692E-07 1.585E-07 1.570E-21
 0.0  -1 1.204E-06 2.655E-11 1.204E-06 0.000E+00 0.000E+00 0.000E+00 0.000E+00 2.547E-15
 1.0  -1 1.249E-03 3.958E-08 1.249E-03 0.000E+00 0.000E+00 0.000E+00 0.000E+00 2.959E-09
 2.0  -1 1.962E-03 6.197E-08 1.961E-03 0.000E+00 0.000E+00 0.000E+00 0.000E+00 1.431E-10
 3.0  -1 2.511E-03 8.246E-08 2.511E-03 0.000E+00 0.000E+00 0.000E+00 0.000E+00 1.712E-09
 4.0  -1 2.866E-03 9.542E-08 2.866E-03 0.000E+00 0.000E+00 0.000E+00 0.000E+00 1.308E-10
 5.0  -1 8.473E-06 3.005E-10 8.473E-06 0.000E+00 0.000E+00 0.000E+00 0.000E+00 1.770E-12
 6.0  -1 8.375E-06 3.111E-10 8.375E-06 0.000E+00 0.000E+00 0.000E+00 0.000E+00 2.967E-13
 0.0   1 5.588E-05 1.166E-09 5.588E-05 0.000E+00 0.000E+00 0.000E+00 0.000E+00 1.617E-10
 1.0   1 1.628E-04 4.605E-09 1.628E-04 0.000E+00 0.000E+00 0.000E+00 0.000E+00 5.990E-12
 2.0   1 7.821E-03 2.388E-07 7.821E-03 0.000E+00 0.000E+00 0.000E+00 0.000E+00 5.108E-09
 3.0   1 1.001E-02 3.176E-07 1.001E-02 0.000E+00 0.000E+00 0.000E+00 0.000E+00 3.735E-10
 4.0   1 3.736E-04 1.235E-08 3.736E-04 0.000E+00 0.000E+00 0.000E+00 0.000E+00 7.763E-11
 5.0   1 3.934E-04 1.366E-08 3.934E-04 0.000E+00 0.000E+00 0.000E+00 0.000E+00 1.097E-11
 6.0   1 1.692E-07 6.253E-12 1.692E-07 0.000E+00 0.000E+00 0.000E+00 0.000E+00 1.389E-14
 7.0   1 1.585E-07 6.387E-12 1.585E-07 0.000E+00 0.000E+00 0.000E+00 0.000E+00 3.151E-15
 106  10.845 3.076E-02 -1 1.036E-02 2.913E-06 1.502E-03 2.357E-03 3.016E-03 3.441E-03 2.045E-05 2.020E-05 5.985E-17 7.602E-18
 106  10.845 3.076E-02  1 2.040E-02 1.081E-04 3.149E-04 8.115E-03 1.038E-02 7.216E-04 7.593E-04 5.803E-07 5.430E-07 1.560E-19
 0.0  -1 2.913E-06 6.747E-11 2.913E-06 0.000E+00 0.000E+00 0.000E+00 0.000E+00 5.545E-15
 1.0  -1 1.502E-03 5.009E-08 1.502E-03 0.000E+00 0.000E+00 0.000E+00 0.000E+00 3.312E-09
 2.0  -1 2.357E-03 7.818E-08 2.357E-03 0.000E+00 0.000E+00 0.000E+00 0.000E+00 1.553E-10
 3.0  -1 3.016E-03 1.041E-07 3.016E-03 0.000E+00 0.000E+00 0.000E+00 0.000E+00 1.906E-09
 4.0  -1 3.441E-03 1.203E-07 3.440E-03 0.000E+00 0.000E+00 0.000E+00 0.000E+00 1.448E-10
 5.0  -1 2.045E-05 7.629E-10 2.045E-05 0.000E+00 0.000E+00 0.000E+00 0.000E+00 3.957E-12
 6.0  -1 2.020E-05 7.888E-10 2.019E-05 0.000E+00 0.000E+00 0.000E+00 0.000E+00 6.604E-13
 0.0   1 1.081E-04 2.366E-09 1.081E-04 0.000E+00 0.000E+00 0.000E+00 0.000E+00 2.809E-10
 1.0   1 3.149E-04 9.341E-09 3.149E-04 0.000E+00 0.000E+00 0.000E+00 0.000E+00 1.089E-11
 2.0   1 8.115E-03 2.600E-07 8.115E-03 0.000E+00 0.000E+00 0.000E+00 0.000E+00 4.749E-09
 3.0   1 1.038E-02 3.458E-07 1.038E-02 0.000E+00 0.000E+00 0.000E+00 0.000E+00 3.663E-10
 4.0   1 7.216E-04 2.505E-08 7.215E-04 0.000E+00 0.000E+00 0.000E+00 0.000E+00 1.345E-10
 5.0   1 7.593E-04 2.770E-08 7.592E-04 0.000E+00 0.000E+00 0.000E+00 0.000E+00 2.015E-11
 6.0   1 5.803E-07 2.256E-11 5.803E-07 0.000E+00 0.000E+00 0.000E+00 0.000E+00 4.359E-14
 7.0   1 5.430E-07 2.305E-11 5.430E-07 0.000E+00 0.000E+00 0.000E+00 0.000E+00 1.028E-14
 105  10.754 3.329E-02 -1 1.144E-02 5.540E-06 1.654E-03 2.596E-03 3.320E-03 3.784E-03 3.879E-05 3.827E-05 4.282E-16 8.321E-17
 105  10.754 3.329E-02  1 2.186E-02 1.739E-04 5.068E-04 8.247E-03 1.055E-02 1.159E-03 1.219E-03 1.491E-06 1.393E-06 2.638E-18
 0.0  -1 5.540E-06 1.349E-10 5.540E-06 0.000E+00 0.000E+00 0.000E+00 0.000E+00 9.144E-15
 1.0  -1 1.654E-03 5.815E-08 1.654E-03 0.000E+00 0.000E+00 0.000E+00 0.000E+00 3.453E-09
 2.0  -1 2.596E-03 9.047E-08 2.596E-03 0.000E+00 0.000E+00 0.000E+00 0.000E+00 1.496E-10
 3.0  -1 3.320E-03 1.205E-07 3.320E-03 0.000E+00 0.000E+00 0.000E+00 0.000E+00 1.980E-09
 4.0  -1 3.784E-03 1.391E-07 3.784E-03 0.000E+00 0.000E+00 0.000E+00 0.000E+00 1.428E-10
 5.0  -1 3.879E-05 1.523E-09 3.879E-05 0.000E+00 0.000E+00 0.000E+00 0.000E+00 7.052E-12
 6.0  -1 3.827E-05 1.573E-09 3.827E-05 0.000E+00 0.000E+00 0.000E+00 0.000E+00 1.119E-12
 0.0   1 1.739E-04 3.997E-09 1.739E-04 0.000E+00 0.000E+00 0.000E+00 0.000E+00 4.290E-10
 1.0   1 5.068E-04 1.578E-08 5.067E-04 0.000E+00 0.000E+00 0.000E+00 0.000E+00 1.618E-11
 2.0   1 8.247E-03 2.775E-07 8.247E-03 0.000E+00 0.000E+00 0.000E+00 0.000E+00 4.564E-09
 3.0   1 1.055E-02 3.692E-07 1.055E-02 0.000E+00 0.000E+00 0.000E+00 0.000E+00 3.460E-10
 4.0   1 1.159E-03 4.232E-08 1.159E-03 0.000E+00 0.000E+00 0.000E+00 0.000E+00 2.039E-10
 5.0   1 1.219E-03 4.681E-08 1.219E-03 0.000E+00 0.000E+00 0.000E+00 0.000E+00 3.019E-11
 6.0   1 1.491E-06 6.102E-11 1.490E-06 0.000E+00 0.000E+00 0.000E+00 0.000E+00 1.053E-13
 7.0   1 1.393E-06 6.235E-11 1.393E-06 0.000E+00 0.000E+00 0.000E+00 0.000E+00 2.453E-14
 104  10.662 3.530E-02 -1 1.203E-02 9.033E-06 1.735E-03 2.721E-03 3.479E-03 3.963E-03 6.310E-05 6.219E-05 1.554E-08 1.382E-08
 104  10.662 3.530E-02  1 2.326E-02 2.487E-04 7.251E-04 8.290E-03 1.060E-02 1.656E-03 1.740E-03 3.171E-06 2.960E-06 1.852E-17
 0.0  -1 9.033E-06 2.311E-10 9.032E-06 0.000E+00 0.000E+00 0.000E+00 0.000E+00 1.224E-14
 1.0  -1 1.735E-03 6.426E-08 1.735E-03 0.000E+00 0.000E+00 0.000E+00 0.000E+00 3.345E-09
 2.0  -1 2.721E-03 9.966E-08 2.721E-03 0.000E+00 0.000E+00 0.000E+00 0.000E+00 1.313E-10
 3.0  -1 3.479E-03 1.328E-07 3.479E-03 0.000E+00 0.000E+00 0.000E+00 0.000E+00 1.910E-09
 4.0  -1 3.963E-03 1.531E-07 3.963E-03 0.000E+00 0.000E+00 0.000E+00 0.000E+00 1.292E-10
 5.0  -1 6.310E-05 2.609E-09 6.310E-05 0.000E+00 0.000E+00 0.000E+00 0.000E+00 1.050E-11
 6.0  -1 6.219E-05 2.691E-09 6.218E-05 0.000E+00 0.000E+00 0.000E+00 0.000E+00 1.578E-12
 7.0  -1 1.554E-08 7.381E-13 1.553E-08 0.000E+00 0.000E+00 0.000E+00 0.000E+00 8.831E-16
 8.0  -1 1.382E-08 7.233E-13 1.382E-08 0.000E+00 0.000E+00 0.000E+00 0.000E+00 1.712E-16
 0.0   1 2.487E-04 6.003E-09 2.487E-04 0.000E+00 0.000E+00 0.000E+00 0.000E+00 5.691E-10
 1.0   1 7.251E-04 2.371E-08 7.251E-04 0.000E+00 0.000E+00 0.000E+00 0.000E+00 2.089E-11
 2.0   1 8.290E-03 2.930E-07 8.290E-03 0.000E+00 0.000E+00 0.000E+00 0.000E+00 4.234E-09
 3.0   1 1.060E-02 3.899E-07 1.060E-02 0.000E+00 0.000E+00 0.000E+00 0.000E+00 3.160E-10
 4.0   1 1.656E-03 6.359E-08 1.656E-03 0.000E+00 0.000E+00 0.000E+00 0.000E+00 2.680E-10
 5.0   1 1.740E-03 7.031E-08 1.740E-03 0.000E+00 0.000E+00 0.000E+00 0.000E+00 3.944E-11
 6.0   1 3.171E-06 1.367E-10 3.170E-06 0.000E+00 0.000E+00 0.000E+00 0.000E+00 2.062E-13
 7.0   1 2.960E-06 1.397E-10 2.959E-06 0.000E+00 0.000E+00 0.000E+00 0.000E+00 4.782E-14
 103  10.571 3.690E-02 -1 1.229E-02 1.325E-05 1.764E-03 2.767E-03 3.535E-03 4.024E-03 9.232E-05 9.089E-05 3.247E-08 2.884E-08
 103  10.571 3.690E-02  1 2.461E-02 3.273E-04 9.550E-04 8.278E-03 1.058E-02 2.178E-03 2.286E-03 5.912E-06 5.512E-06 8.721E-17
 0.0  -1 1.325E-05 3.564E-10 1.325E-05 0.000E+00 0.000E+00 0.000E+00 0.000E+00 1.315E-14
 1.0  -1 1.764E-03 6.894E-08 1.764E-03 0.000E+00 0.000E+00 0.000E+00 0.000E+00 3.063E-09
 2.0  -1 2.767E-03 1.066E-07 2.767E-03 0.000E+00 0.000E+00 0.000E+00 0.000E+00 1.205E-10
 3.0  -1 3.535E-03 1.421E-07 3.535E-03 0.000E+00 0.000E+00 0.000E+00 0.000E+00 1.749E-09
 4.0  -1 4.024E-03 1.635E-07 4.024E-03 0.000E+00 0.000E+00 0.000E+00 0.000E+00 1.146E-10
 5.0  -1 9.232E-05 4.021E-09 9.232E-05 0.000E+00 0.000E+00 0.000E+00 0.000E+00 1.376E-11
 6.0  -1 9.089E-05 4.143E-09 9.088E-05 0.000E+00 0.000E+00 0.000E+00 0.000E+00 1.939E-12
 7.0  -1 3.247E-08 1.627E-12 3.247E-08 0.000E+00 0.000E+00 0.000E+00 0.000E+00 1.615E-15
 8.0  -1 2.884E-08 1.594E-12 2.884E-08 0.000E+00 0.000E+00 0.000E+00 0.000E+00 2.958E-16
 0.0   1 3.273E-04 8.305E-09 3.273E-04 0.000E+00 0.000E+00 0.000E+00 0.000E+00 6.770E-10
 1.0   1 9.550E-04 3.281E-08 9.550E-04 0.000E+00 0.000E+00 0.000E+00 0.000E+00 2.578E-11
 2.0   1 8.278E-03 3.075E-07 8.278E-03 0.000E+00 0.000E+00 0.000E+00 0.000E+00 3.820E-09
 3.0   1 1.058E-02 4.094E-07 1.058E-02 0.000E+00 0.000E+00 0.000E+00 0.000E+00 2.930E-10
 4.0   1 2.178E-03 8.802E-08 2.178E-03 0.000E+00 0.000E+00 0.000E+00 0.000E+00 3.172E-10
 5.0   1 2.286E-03 9.731E-08 2.286E-03 0.000E+00 0.000E+00 0.000E+00 0.000E+00 4.696E-11
 6.0   1 5.912E-06 2.686E-10 5.912E-06 0.000E+00 0.000E+00 0.000E+00 0.000E+00 3.459E-13
 7.0   1 5.512E-06 2.746E-10 5.512E-06 0.000E+00 0.000E+00 0.000E+00 0.000E+00 7.978E-14
 102  10.480 3.814E-02 -1 1.230E-02 1.799E-05 1.758E-03 2.755E-03 3.519E-03 4.002E-03 1.250E-04 1.230E-04 6.042E-08 5.359E-08
 102  10.480 3.814E-02  1 2.584E-02 4.046E-04 1.181E-03 8.223E-03 1.050E-02 2.690E-03 2.821E-03 1.001E-05 9.319E-06 3.232E-16
 0.0  -1 1.799E-05 5.092E-10 1.799E-05 0.000E+00 0.000E+00 0.000E+00 0.000E+00 1.347E-14
 1.0  -1 1.758E-03 7.249E-08 1.757E-03 0.000E+00 0.000E+00 0.000E+00 0.000E+00 2.653E-09
 2.0  -1 2.755E-03 1.117E-07 2.755E-03 0.000E+00 0.000E+00 0.000E+00 0.000E+00 1.094E-10
 3.0  -1 3.519E-03 1.490E-07 3.519E-03 0.000E+00 0.000E+00 0.000E+00 0.000E+00 1.518E-09
 4.0  -1 4.002E-03 1.713E-07 4.002E-03 0.000E+00 0.000E+00 0.000E+00 0.000E+00 9.929E-11
 5.0  -1 1.250E-04 5.744E-09 1.250E-04 0.000E+00 0.000E+00 0.000E+00 0.000E+00 1.633E-11
 6.0  -1 1.230E-04 5.909E-09 1.230E-04 0.000E+00 0.000E+00 0.000E+00 0.000E+00 2.331E-12
 7.0  -1 6.042E-08 3.198E-12 6.041E-08 0.000E+00 0.000E+00 0.000E+00 0.000E+00 2.667E-15
 8.0  -1 5.359E-08 3.130E-12 5.359E-08 0.000E+00 0.000E+00 0.000E+00 0.000E+00 4.941E-16
 0.0   1 4.046E-04 1.080E-08 4.046E-04 0.000E+00 0.000E+00 0.000E+00 0.000E+00 7.317E-10
 1.0   1 1.181E-03 4.270E-08 1.181E-03 0.000E+00 0.000E+00 0.000E+00 0.000E+00 2.998E-11
 2.0   1 8.223E-03 3.215E-07 8.222E-03 0.000E+00 0.000E+00 0.000E+00 0.000E+00 3.322E-09
 3.0   1 1.050E-02 4.281E-07 1.050E-02 0.000E+00 0.000E+00 0.000E+00 0.000E+00 2.707E-10
 4.0   1 2.690E-03 1.146E-07 2.690E-03 0.000E+00 0.000E+00 0.000E+00 0.000E+00 3.426E-10
 5.0   1 2.821E-03 1.267E-07 2.821E-03 0.000E+00 0.000E+00 0.000E+00 0.000E+00 5.332E-11
 6.0   1 1.001E-05 4.796E-10 1.001E-05 0.000E+00 0.000E+00 0.000E+00 0.000E+00 5.263E-13
 7.0   1 9.319E-06 4.904E-10 9.319E-06 0.000E+00 0.000E+00 0.000E+00 0.000E+00 1.263E-13
 101  10.388 3.901E-02 -1 1.214E-02 2.303E-05 1.725E-03 2.704E-03 3.451E-03 3.923E-03 1.597E-04 1.569E-04 1.028E-07 9.109E-08
 101  10.388 3.901E-02  1 2.687E-02 4.758E-04 1.391E-03 8.124E-03 1.037E-02 3.162E-03 3.313E-03 1.573E-05 1.463E-05 9.992E-16
 0.0  -1 2.303E-05 6.857E-10 2.303E-05 0.000E+00 0.000E+00 0.000E+00 0.000E+00 1.555E-14
 1.0  -1 1.725E-03 7.511E-08 1.725E-03 0.000E+00 0.000E+00 0.000E+00 0.000E+00 2.162E-09
 2.0  -1 2.704E-03 1.153E-07 2.704E-03 0.000E+00 0.000E+00 0.000E+00 0.000E+00 9.630E-11
 3.0  -1 3.451E-03 1.540E-07 3.451E-03 0.000E+00 0.000E+00 0.000E+00 0.000E+00 1.243E-09
 4.0  -1 3.923E-03 1.767E-07 3.923E-03 0.000E+00 0.000E+00 0.000E+00 0.000E+00 8.641E-11
 5.0  -1 1.597E-04 7.735E-09 1.597E-04 0.000E+00 0.000E+00 0.000E+00 0.000E+00 1.768E-11
 6.0  -1 1.569E-04 7.946E-09 1.569E-04 0.000E+00 0.000E+00 0.000E+00 0.000E+00 2.692E-12
 7.0  -1 1.028E-07 5.745E-12 1.028E-07 0.000E+00 0.000E+00 0.000E+00 0.000E+00 3.984E-15
 8.0  -1 9.109E-08 5.618E-12 9.108E-08 0.000E+00 0.000E+00 0.000E+00 0.000E+00 7.671E-16
 0.0   1 4.758E-04 1.336E-08 4.758E-04 0.000E+00 0.000E+00 0.000E+00 0.000E+00 7.216E-10
 1.0   1 1.391E-03 5.288E-08 1.391E-03 0.000E+00 0.000E+00 0.000E+00 0.000E+00 3.294E-11
 2.0   1 8.124E-03 3.342E-07 8.124E-03 0.000E+00 0.000E+00 0.000E+00 0.000E+00 2.759E-09
 3.0   1 1.037E-02 4.452E-07 1.037E-02 0.000E+00 0.000E+00 0.000E+00 0.000E+00 2.488E-10
 4.0   1 3.162E-03 1.419E-07 3.162E-03 0.000E+00 0.000E+00 0.000E+00 0.000E+00 3.403E-10
 5.0   1 3.313E-03 1.568E-07 3.313E-03 0.000E+00 0.000E+00 0.000E+00 0.000E+00 5.828E-11
 6.0   1 1.573E-05 7.953E-10 1.573E-05 0.000E+00 0.000E+00 0.000E+00 0.000E+00 7.319E-13
 7.0   1 1.463E-05 8.133E-10 1.463E-05 0.000E+00 0.000E+00 0.000E+00 0.000E+00 1.868E-13
 100  10.297 3.948E-02 -1 1.187E-02 2.816E-05 1.675E-03 2.625E-03 3.348E-03 3.803E-03 1.948E-04 1.911E-04 1.637E-07 1.447E-07
 100  10.297 3.948E-02  1 2.762E-02 5.369E-04 1.572E-03 7.981E-03 1.018E-02 3.567E-03 3.734E-03 2.338E-05 2.171E-05 2.685E-15
 0.0  -1 2.816E-05 8.822E-10 2.816E-05 0.000E+00 0.000E+00 0.000E+00 0.000E+00 1.651E-14
 1.0  -1 1.675E-03 7.702E-08 1.675E-03 0.000E+00 0.000E+00 0.000E+00 0.000E+00 1.924E-09
 2.0  -1 2.625E-03 1.178E-07 2.625E-03 0.000E+00 0.000E+00 0.000E+00 0.000E+00 8.166E-11
 3.0  -1 3.348E-03 1.575E-07 3.348E-03 0.000E+00 0.000E+00 0.000E+00 0.000E+00 1.105E-09
 4.0  -1 3.803E-03 1.804E-07 3.803E-03 0.000E+00 0.000E+00 0.000E+00 0.000E+00 7.520E-11
 5.0  -1 1.948E-04 9.952E-09 1.947E-04 0.000E+00 0.000E+00 0.000E+00 0.000E+00 1.976E-11
 6.0  -1 1.911E-04 1.021E-08 1.911E-04 0.000E+00 0.000E+00 0.000E+00 0.000E+00 2.943E-12
 7.0  -1 1.637E-07 9.655E-12 1.636E-07 0.000E+00 0.000E+00 0.000E+00 0.000E+00 5.790E-15
 8.0  -1 1.447E-07 9.431E-12 1.447E-07 0.000E+00 0.000E+00 0.000E+00 0.000E+00 1.101E-15
 0.0   1 5.369E-04 1.587E-08 5.369E-04 0.000E+00 0.000E+00 0.000E+00 0.000E+00 7.692E-10
 1.0   1 1.572E-03 6.290E-08 1.571E-03 0.000E+00 0.000E+00 0.000E+00 0.000E+00 3.401E-11
 2.0   1 7.981E-03 3.458E-07 7.980E-03 0.000E+00 0.000E+00 0.000E+00 0.000E+00 2.540E-09
 3.0   1 1.018E-02 4.607E-07 1.018E-02 0.000E+00 0.000E+00 0.000E+00 0.000E+00 2.254E-10
 4.0   1 3.567E-03 1.688E-07 3.567E-03 0.000E+00 0.000E+00 0.000E+00 0.000E+00 3.575E-10
 5.0   1 3.734E-03 1.865E-07 3.734E-03 0.000E+00 0.000E+00 0.000E+00 0.000E+00 6.121E-11
 6.0   1 2.338E-05 1.247E-09 2.337E-05 0.000E+00 0.000E+00 0.000E+00 0.000E+00 1.011E-12
 7.0   1 2.171E-05 1.276E-09 2.171E-05 0.000E+00 0.000E+00 0.000E+00 0.000E+00 2.579E-13
  99  10.205 3.955E-02 -1 1.151E-02 3.317E-05 1.614E-03 2.527E-03 3.222E-03 3.657E-03 2.289E-04 2.243E-04 2.455E-07 2.168E-07
  99  10.205 3.955E-02  1 2.805E-02 5.855E-04 1.717E-03 7.790E-03 9.932E-03 3.890E-03 4.069E-03 3.310E-05 3.070E-05 9.219E-09
 0.0  -1 3.317E-05 1.094E-09 3.317E-05 0.000E+00 0.000E+00 0.000E+00 0.000E+00 1.615E-14
 1.0  -1 1.614E-03 7.839E-08 1.614E-03 0.000E+00 0.000E+00 0.000E+00 0.000E+00 1.754E-09
 2.0  -1 2.527E-03 1.195E-07 2.527E-03 0.000E+00 0.000E+00 0.000E+00 0.000E+00 6.571E-11
 3.0  -1 3.222E-03 1.599E-07 3.222E-03 0.000E+00 0.000E+00 0.000E+00 0.000E+00 1.002E-09
 4.0  -1 3.657E-03 1.829E-07 3.657E-03 0.000E+00 0.000E+00 0.000E+00 0.000E+00 6.250E-11
 5.0  -1 2.289E-04 1.235E-08 2.288E-04 0.000E+00 0.000E+00 0.000E+00 0.000E+00 2.166E-11
 6.0  -1 2.243E-04 1.264E-08 2.243E-04 0.000E+00 0.000E+00 0.000E+00 0.000E+00 2.989E-12
 7.0  -1 2.455E-07 1.531E-11 2.455E-07 0.000E+00 0.000E+00 0.000E+00 0.000E+00 7.897E-15
 8.0  -1 2.168E-07 1.493E-11 2.168E-07 0.000E+00 0.000E+00 0.000E+00 0.000E+00 1.426E-15
 0.0   1 5.855E-04 1.824E-08 5.854E-04 0.000E+00 0.000E+00 0.000E+00 0.000E+00 8.288E-10
 1.0   1 1.717E-03 7.242E-08 1.717E-03 0.000E+00 0.000E+00 0.000E+00 0.000E+00 3.326E-11
 2.0   1 7.790E-03 3.558E-07 7.790E-03 0.000E+00 0.000E+00 0.000E+00 0.000E+00 2.418E-09
 3.0   1 9.932E-03 4.742E-07 9.932E-03 0.000E+00 0.000E+00 0.000E+00 0.000E+00 1.987E-10
 4.0   1 3.890E-03 1.943E-07 3.890E-03 0.000E+00 0.000E+00 0.000E+00 0.000E+00 3.745E-10
 5.0   1 4.069E-03 2.147E-07 4.068E-03 0.000E+00 0.000E+00 0.000E+00 0.000E+00 6.073E-11
 6.0   1 3.310E-05 1.866E-09 3.310E-05 0.000E+00 0.000E+00 0.000E+00 0.000E+00 1.340E-12
 7.0   1 3.070E-05 1.908E-09 3.070E-05 0.000E+00 0.000E+00 0.000E+00 0.000E+00 3.320E-13
 8.0   1 9.219E-09 6.443E-13 9.219E-09 0.000E+00 0.000E+00 0.000E+00 0.000E+00 1.643E-16
  98  10.114 3.923E-02 -1 1.109E-02 3.790E-05 1.544E-03 2.417E-03 3.080E-03 3.493E-03 2.608E-04 2.554E-04 3.510E-07 3.095E-07
  98  10.114 3.923E-02  1 2.814E-02 6.202E-04 1.823E-03 7.553E-03 9.625E-03 4.124E-03 4.308E-03 4.502E-05 4.170E-05 1.425E-08
 0.0  -1 3.790E-05 1.315E-09 3.790E-05 0.000E+00 0.000E+00 0.000E+00 0.000E+00 1.411E-14
 1.0  -1 1.544E-03 7.924E-08 1.544E-03 0.000E+00 0.000E+00 0.000E+00 0.000E+00 1.552E-09
 2.0  -1 2.417E-03 1.203E-07 2.417E-03 0.000E+00 0.000E+00 0.000E+00 0.000E+00 5.235E-11
 3.0  -1 3.080E-03 1.612E-07 3.080E-03 0.000E+00 0.000E+00 0.000E+00 0.000E+00 8.822E-10
 4.0  -1 3.493E-03 1.840E-07 3.493E-03 0.000E+00 0.000E+00 0.000E+00 0.000E+00 5.033E-11
 5.0  -1 2.608E-04 1.485E-08 2.608E-04 0.000E+00 0.000E+00 0.000E+00 0.000E+00 2.246E-11
 6.0  -1 2.554E-04 1.518E-08 2.554E-04 0.000E+00 0.000E+00 0.000E+00 0.000E+00 2.824E-12
 7.0  -1 3.510E-07 2.311E-11 3.510E-07 0.000E+00 0.000E+00 0.000E+00 0.000E+00 9.938E-15
 8.0  -1 3.095E-07 2.251E-11 3.095E-07 0.000E+00 0.000E+00 0.000E+00 0.000E+00 1.684E-15
 0.0   1 6.202E-04 2.036E-08 6.202E-04 0.000E+00 0.000E+00 0.000E+00 0.000E+00 8.559E-10
 1.0   1 1.823E-03 8.102E-08 1.823E-03 0.000E+00 0.000E+00 0.000E+00 0.000E+00 3.156E-11
 2.0   1 7.553E-03 3.636E-07 7.553E-03 0.000E+00 0.000E+00 0.000E+00 0.000E+00 2.259E-09
 3.0   1 9.625E-03 4.848E-07 9.624E-03 0.000E+00 0.000E+00 0.000E+00 0.000E+00 1.723E-10
 4.0   1 4.124E-03 2.174E-07 4.123E-03 0.000E+00 0.000E+00 0.000E+00 0.000E+00 3.756E-10
 5.0   1 4.308E-03 2.401E-07 4.308E-03 0.000E+00 0.000E+00 0.000E+00 0.000E+00 5.715E-11
 6.0   1 4.502E-05 2.681E-09 4.501E-05 0.000E+00 0.000E+00 0.000E+00 0.000E+00 1.669E-12
 7.0   1 4.170E-05 2.741E-09 4.170E-05 0.000E+00 0.000E+00 0.000E+00 0.000E+00 3.964E-13
 8.0   1 1.425E-08 1.055E-12 1.425E-08 0.000E+00 0.000E+00 0.000E+00 0.000E+00 2.281E-16
 9.0   1 1.201E-08 1.024E-12 1.201E-08 0.000E+00 0.000E+00 0.000E+00 0.000E+00 4.222E-17
  97  10.023 3.853E-02 -1 1.063E-02 4.222E-05 1.470E-03 2.300E-03 2.929E-03 3.319E-03 2.898E-04 2.834E-04 4.820E-07 4.244E-07
  97  10.023 3.853E-02  1 2.790E-02 6.410E-04 1.889E-03 7.272E-03 9.262E-03 4.266E-03 4.453E-03 5.920E-05 5.477E-05 2.102E-08
 0.0  -1 4.222E-05 1.540E-09 4.221E-05 0.000E+00 0.000E+00 0.000E+00 0.000E+00 8.282E-15
 1.0  -1 1.470E-03 7.967E-08 1.470E-03 0.000E+00 0.000E+00 0.000E+00 0.000E+00 1.332E-09
 2.0  -1 2.300E-03 1.205E-07 2.300E-03 0.000E+00 0.000E+00 0.000E+00 0.000E+00 4.524E-11
 3.0  -1 2.929E-03 1.617E-07 2.929E-03 0.000E+00 0.000E+00 0.000E+00 0.000E+00 7.568E-10
 4.0  -1 3.319E-03 1.843E-07 3.319E-03 0.000E+00 0.000E+00 0.000E+00 0.000E+00 4.075E-11
 5.0  -1 2.898E-04 1.742E-08 2.898E-04 0.000E+00 0.000E+00 0.000E+00 0.000E+00 2.227E-11
 6.0  -1 2.834E-04 1.777E-08 2.834E-04 0.000E+00 0.000E+00 0.000E+00 0.000E+00 2.583E-12
 7.0  -1 4.820E-07 3.352E-11 4.820E-07 0.000E+00 0.000E+00 0.000E+00 0.000E+00 1.186E-14
 8.0  -1 4.244E-07 3.259E-11 4.244E-07 0.000E+00 0.000E+00 0.000E+00 0.000E+00 1.874E-15
 0.0   1 6.410E-04 2.218E-08 6.410E-04 0.000E+00 0.000E+00 0.000E+00 0.000E+00 8.507E-10
 1.0   1 1.889E-03 8.853E-08 1.889E-03 0.000E+00 0.000E+00 0.000E+00 0.000E+00 3.017E-11
 2.0   1 7.272E-03 3.693E-07 7.272E-03 0.000E+00 0.000E+00 0.000E+00 0.000E+00 2.079E-09
 3.0   1 9.262E-03 4.925E-07 9.261E-03 0.000E+00 0.000E+00 0.000E+00 0.000E+00 1.510E-10
 4.0   1 4.266E-03 2.376E-07 4.266E-03 0.000E+00 0.000E+00 0.000E+00 0.000E+00 3.637E-10
 5.0   1 4.453E-03 2.623E-07 4.453E-03 0.000E+00 0.000E+00 0.000E+00 0.000E+00 5.158E-11
 6.0   1 5.920E-05 3.725E-09 5.920E-05 0.000E+00 0.000E+00 0.000E+00 0.000E+00 1.991E-12
 7.0   1 5.477E-05 3.808E-09 5.477E-05 0.000E+00 0.000E+00 0.000E+00 0.000E+00 4.464E-13
 8.0   1 2.102E-08 1.648E-12 2.102E-08 0.000E+00 0.000E+00 0.000E+00 0.000E+00 2.991E-16
 9.0   1 1.769E-08 1.599E-12 1.769E-08 0.000E+00 0.000E+00 0.000E+00 0.000E+00 4.947E-17
  96   9.931 3.751E-02 -1 1.015E-02 4.602E-05 1.393E-03 2.179E-03 2.773E-03 3.140E-03 3.151E-04 3.078E-04 6.397E-07 5.624E-07
  96   9.931 3.751E-02  1 2.735E-02 6.487E-04 1.918E-03 6.955E-03 8.853E-03 4.324E-03 4.510E-03 7.565E-05 6.990E-05 2.981E-08
 0.0  -1 4.602E-05 1.765E-09 4.602E-05 0.000E+00 0.000E+00 0.000E+00 0.000E+00 2.731E-17
 1.0  -1 1.393E-03 7.981E-08 1.393E-03 0.000E+00 0.000E+00 0.000E+00 0.000E+00 1.099E-09
 2.0  -1 2.179E-03 1.203E-07 2.179E-03 0.000E+00 0.000E+00 0.000E+00 0.000E+00 3.796E-11
 3.0  -1 2.773E-03 1.616E-07 2.773E-03 0.000E+00 0.000E+00 0.000E+00 0.000E+00 6.243E-10
 4.0  -1 3.140E-03 1.838E-07 3.140E-03 0.000E+00 0.000E+00 0.000E+00 0.000E+00 3.239E-11
 5.0  -1 3.151E-04 2.001E-08 3.151E-04 0.000E+00 0.000E+00 0.000E+00 0.000E+00 2.101E-11
 6.0  -1 3.078E-04 2.038E-08 3.078E-04 0.000E+00 0.000E+00 0.000E+00 0.000E+00 2.460E-12
 7.0  -1 6.397E-07 4.702E-11 6.397E-07 0.000E+00 0.000E+00 0.000E+00 0.000E+00 1.376E-14
 8.0  -1 5.624E-07 4.561E-11 5.624E-07 0.000E+00 0.000E+00 0.000E+00 0.000E+00 2.195E-15
 0.0   1 6.487E-04 2.367E-08 6.487E-04 0.000E+00 0.000E+00 0.000E+00 0.000E+00 8.147E-10
 1.0   1 1.918E-03 9.488E-08 1.918E-03 0.000E+00 0.000E+00 0.000E+00 0.000E+00 2.809E-11
 2.0   1 6.955E-03 3.728E-07 6.955E-03 0.000E+00 0.000E+00 0.000E+00 0.000E+00 1.867E-09
 3.0   1 8.853E-03 4.975E-07 8.852E-03 0.000E+00 0.000E+00 0.000E+00 0.000E+00 1.299E-10
 4.0   1 4.324E-03 2.546E-07 4.324E-03 0.000E+00 0.000E+00 0.000E+00 0.000E+00 3.398E-10
 5.0   1 4.510E-03 2.810E-07 4.509E-03 0.000E+00 0.000E+00 0.000E+00 0.000E+00 4.655E-11
 6.0   1 7.565E-05 5.035E-09 7.565E-05 0.000E+00 0.000E+00 0.000E+00 0.000E+00 2.334E-12
 7.0   1 6.990E-05 5.146E-09 6.989E-05 0.000E+00 0.000E+00 0.000E+00 0.000E+00 5.199E-13
 8.0   1 2.981E-08 2.476E-12 2.980E-08 0.000E+00 0.000E+00 0.000E+00 0.000E+00 3.887E-16
 9.0   1 2.503E-08 2.401E-12 2.503E-08 0.000E+00 0.000E+00 0.000E+00 0.000E+00 5.817E-17
  95   9.840 3.621E-02 -1 9.661E-03 4.924E-05 1.315E-03 2.056E-03 2.616E-03 2.960E-03 3.364E-04 3.282E-04 8.247E-07 7.239E-07
  95   9.840 3.621E-02  1 2.655E-02 6.447E-04 1.914E-03 6.609E-03 8.407E-03 4.308E-03 4.488E-03 9.430E-05 8.701E-05 4.085E-08
 0.0  -1 4.924E-05 1.984E-09 4.924E-05 0.000E+00 0.000E+00 0.000E+00 0.000E+00 0.000E+00
 1.0  -1 1.315E-03 7.955E-08 1.315E-03 0.000E+00 0.000E+00 0.000E+00 0.000E+00 9.015E-10
 2.0  -1 2.056E-03 1.195E-07 2.056E-03 0.000E+00 0.000E+00 0.000E+00 0.000E+00 3.130E-11
 3.0  -1 2.616E-03 1.607E-07 2.615E-03 0.000E+00 0.000E+00 0.000E+00 0.000E+00 5.129E-10
 4.0  -1 2.960E-03 1.825E-07 2.959E-03 0.000E+00 0.000E+00 0.000E+00 0.000E+00 2.730E-11
 5.0  -1 3.364E-04 2.255E-08 3.364E-04 0.000E+00 0.000E+00 0.000E+00 0.000E+00 1.961E-11
 6.0  -1 3.282E-04 2.292E-08 3.282E-04 0.000E+00 0.000E+00 0.000E+00 0.000E+00 2.362E-12
 7.0  -1 8.247E-07 6.400E-11 8.246E-07 0.000E+00 0.000E+00 0.000E+00 0.000E+00 1.570E-14
 8.0  -1 7.239E-07 6.195E-11 7.238E-07 0.000E+00 0.000E+00 0.000E+00 0.000E+00 2.569E-15
 0.0   1 6.447E-04 2.480E-08 6.446E-04 0.000E+00 0.000E+00 0.000E+00 0.000E+00 7.673E-10
 1.0   1 1.914E-03 9.991E-08 1.914E-03 0.000E+00 0.000E+00 0.000E+00 0.000E+00 2.555E-11
 2.0   1 6.609E-03 3.739E-07 6.608E-03 0.000E+00 0.000E+00 0.000E+00 0.000E+00 1.668E-09
 3.0   1 8.407E-03 4.991E-07 8.406E-03 0.000E+00 0.000E+00 0.000E+00 0.000E+00 1.129E-10
 4.0   1 4.308E-03 2.681E-07 4.308E-03 0.000E+00 0.000E+00 0.000E+00 0.000E+00 3.156E-10
 5.0   1 4.488E-03 2.958E-07 4.488E-03 0.000E+00 0.000E+00 0.000E+00 0.000E+00 4.264E-11
 6.0   1 9.430E-05 6.636E-09 9.430E-05 0.000E+00 0.000E+00 0.000E+00 0.000E+00 2.687E-12
 7.0   1 8.701E-05 6.780E-09 8.700E-05 0.000E+00 0.000E+00 0.000E+00 0.000E+00 5.994E-13
 8.0   1 4.085E-08 3.596E-12 4.085E-08 0.000E+00 0.000E+00 0.000E+00 0.000E+00 4.946E-16
 9.0   1 3.425E-08 3.484E-12 3.424E-08 0.000E+00 0.000E+00 0.000E+00 0.000E+00 7.407E-17
  94   9.748 3.471E-02 -1 9.162E-03 5.185E-05 1.237E-03 1.934E-03 2.459E-03 2.780E-03 3.533E-04 3.443E-04 1.037E-06 9.083E-07
  94   9.748 3.471E-02  1 2.554E-02 6.308E-04 1.883E-03 6.242E-03 7.935E-03 4.230E-03 4.402E-03 1.150E-04 1.059E-04 5.436E-08
 0.0  -1 5.185E-05 2.192E-09 5.185E-05 0.000E+00 0.000E+00 0.000E+00 0.000E+00 0.000E+00
 1.0  -1 1.237E-03 7.900E-08 1.237E-03 0.000E+00 0.000E+00 0.000E+00 0.000E+00 8.040E-10
 2.0  -1 1.934E-03 1.182E-07 1.934E-03 0.000E+00 0.000E+00 0.000E+00 0.000E+00 2.435E-11
 3.0  -1 2.459E-03 1.593E-07 2.459E-03 0.000E+00 0.000E+00 0.000E+00 0.000E+00 4.560E-10
 4.0  -1 2.780E-03 1.806E-07 2.780E-03 0.000E+00 0.000E+00 0.000E+00 0.000E+00 2.202E-11
 5.0  -1 3.533E-04 2.501E-08 3.533E-04 0.000E+00 0.000E+00 0.000E+00 0.000E+00 1.930E-11
 6.0  -1 3.443E-04 2.537E-08 3.443E-04 0.000E+00 0.000E+00 0.000E+00 0.000E+00 2.094E-12
 7.0  -1 1.037E-06 8.495E-11 1.036E-06 0.000E+00 0.000E+00 0.000E+00 0.000E+00 1.788E-14
 8.0  -1 9.083E-07 8.200E-11 9.083E-07 0.000E+00 0.000E+00 0.000E+00 0.000E+00 2.725E-15
 0.0   1 6.308E-04 2.559E-08 6.308E-04 0.000E+00 0.000E+00 0.000E+00 0.000E+00 7.400E-10
 1.0   1 1.883E-03 1.037E-07 1.883E-03 0.000E+00 0.000E+00 0.000E+00 0.000E+00 2.194E-11
 2.0   1 6.242E-03 3.728E-07 6.241E-03 0.000E+00 0.000E+00 0.000E+00 0.000E+00 1.535E-09
 3.0   1 7.935E-03 4.979E-07 7.935E-03 0.000E+00 0.000E+00 0.000E+00 0.000E+00 9.424E-11
 4.0   1 4.230E-03 2.784E-07 4.230E-03 0.000E+00 0.000E+00 0.000E+00 0.000E+00 2.969E-10
 5.0   1 4.402E-03 3.070E-07 4.402E-03 0.000E+00 0.000E+00 0.000E+00 0.000E+00 3.694E-11
 6.0   1 1.150E-04 8.560E-09 1.150E-04 0.000E+00 0.000E+00 0.000E+00 0.000E+00 3.027E-12
 7.0   1 1.059E-04 8.742E-09 1.059E-04 0.000E+00 0.000E+00 0.000E+00 0.000E+00 6.244E-13
 8.0   1 5.436E-08 5.074E-12 5.436E-08 0.000E+00 0.000E+00 0.000E+00 0.000E+00 5.800E-16
 9.0   1 4.550E-08 4.911E-12 4.549E-08 0.000E+00 0.000E+00 0.000E+00 0.000E+00 8.272E-17
  93   9.657 3.305E-02 -1 8.662E-03 5.384E-05 1.161E-03 1.814E-03 2.305E-03 2.604E-03 3.660E-04 3.562E-04 1.274E-06 1.115E-06
  93   9.657 3.305E-02  1 2.439E-02 6.092E-04 1.830E-03 5.863E-03 7.450E-03 4.103E-03 4.266E-03 1.375E-04 1.265E-04 7.052E-08
 0.0  -1 5.384E-05 2.388E-09 5.384E-05 0.000E+00 0.000E+00 0.000E+00 0.000E+00 0.000E+00
 1.0  -1 1.161E-03 7.820E-08 1.161E-03 0.000E+00 0.000E+00 0.000E+00 0.000E+00 6.976E-10
 2.0  -1 1.814E-03 1.166E-07 1.814E-03 0.000E+00 0.000E+00 0.000E+00 0.000E+00 1.769E-11
 3.0  -1 2.305E-03 1.576E-07 2.305E-03 0.000E+00 0.000E+00 0.000E+00 0.000E+00 3.942E-10
 4.0  -1 2.604E-03 1.782E-07 2.604E-03 0.000E+00 0.000E+00 0.000E+00 0.000E+00 1.684E-11
 5.0  -1 3.660E-04 2.737E-08 3.660E-04 0.000E+00 0.000E+00 0.000E+00 0.000E+00 1.825E-11
 6.0  -1 3.562E-04 2.771E-08 3.562E-04 0.000E+00 0.000E+00 0.000E+00 0.000E+00 1.776E-12
 7.0  -1 1.274E-06 1.104E-10 1.274E-06 0.000E+00 0.000E+00 0.000E+00 0.000E+00 1.945E-14
 8.0  -1 1.115E-06 1.062E-10 1.115E-06 0.000E+00 0.000E+00 0.000E+00 0.000E+00 2.749E-15
 0.0   1 6.092E-04 2.607E-08 6.092E-04 0.000E+00 0.000E+00 0.000E+00 0.000E+00 6.941E-10
 1.0   1 1.830E-03 1.065E-07 1.830E-03 0.000E+00 0.000E+00 0.000E+00 0.000E+00 1.814E-11
 2.0   1 5.863E-03 3.700E-07 5.863E-03 0.000E+00 0.000E+00 0.000E+00 0.000E+00 1.383E-09
 3.0   1 7.450E-03 4.945E-07 7.449E-03 0.000E+00 0.000E+00 0.000E+00 0.000E+00 7.630E-11
 4.0   1 4.103E-03 2.859E-07 4.103E-03 0.000E+00 0.000E+00 0.000E+00 0.000E+00 2.716E-10
 5.0   1 4.266E-03 3.153E-07 4.266E-03 0.000E+00 0.000E+00 0.000E+00 0.000E+00 3.133E-11
 6.0   1 1.375E-04 1.084E-08 1.375E-04 0.000E+00 0.000E+00 0.000E+00 0.000E+00 3.299E-12
 7.0   1 1.265E-04 1.107E-08 1.265E-04 0.000E+00 0.000E+00 0.000E+00 0.000E+00 6.502E-13
 8.0   1 7.052E-08 6.988E-12 7.051E-08 0.000E+00 0.000E+00 0.000E+00 0.000E+00 6.725E-16
 9.0   1 5.891E-08 6.755E-12 5.890E-08 0.000E+00 0.000E+00 0.000E+00 0.000E+00 9.286E-17
  92   9.566 3.130E-02 -1 8.168E-03 5.522E-05 1.086E-03 1.697E-03 2.155E-03 2.433E-03 3.745E-04 3.640E-04 1.536E-06 1.341E-06
  92   9.566 3.130E-02  1 2.313E-02 5.817E-04 1.761E-03 5.482E-03 6.961E-03 3.941E-03 4.093E-03 1.614E-04 1.483E-04 8.943E-08
 0.0  -1 5.522E-05 2.565E-09 5.522E-05 0.000E+00 0.000E+00 0.000E+00 0.000E+00 0.000E+00
 1.0  -1 1.086E-03 7.714E-08 1.086E-03 0.000E+00 0.000E+00 0.000E+00 0.000E+00 5.878E-10
 2.0  -1 1.697E-03 1.146E-07 1.697E-03 0.000E+00 0.000E+00 0.000E+00 0.000E+00 1.462E-11
 3.0  -1 2.155E-03 1.553E-07 2.155E-03 0.000E+00 0.000E+00 0.000E+00 0.000E+00 3.326E-10
 4.0  -1 2.433E-03 1.753E-07 2.432E-03 0.000E+00 0.000E+00 0.000E+00 0.000E+00 1.324E-11
 5.0  -1 3.745E-04 2.958E-08 3.744E-04 0.000E+00 0.000E+00 0.000E+00 0.000E+00 1.666E-11
 6.0  -1 3.640E-04 2.988E-08 3.640E-04 0.000E+00 0.000E+00 0.000E+00 0.000E+00 1.395E-12
 7.0  -1 1.536E-06 1.405E-10 1.536E-06 0.000E+00 0.000E+00 0.000E+00 0.000E+00 1.990E-14
 8.0  -1 1.341E-06 1.348E-10 1.341E-06 0.000E+00 0.000E+00 0.000E+00 0.000E+00 2.337E-15
 0.0   1 5.817E-04 2.626E-08 5.817E-04 0.000E+00 0.000E+00 0.000E+00 0.000E+00 6.336E-10
 1.0   1 1.761E-03 1.082E-07 1.761E-03 0.000E+00 0.000E+00 0.000E+00 0.000E+00 1.615E-11
 2.0   1 5.482E-03 3.655E-07 5.482E-03 0.000E+00 0.000E+00 0.000E+00 0.000E+00 1.230E-09
 3.0   1 6.961E-03 4.888E-07 6.960E-03 0.000E+00 0.000E+00 0.000E+00 0.000E+00 6.486E-11
 4.0   1 3.941E-03 2.907E-07 3.940E-03 0.000E+00 0.000E+00 0.000E+00 0.000E+00 2.431E-10
 5.0   1 4.093E-03 3.205E-07 4.092E-03 0.000E+00 0.000E+00 0.000E+00 0.000E+00 2.518E-11
 6.0   1 1.614E-04 1.348E-08 1.614E-04 0.000E+00 0.000E+00 0.000E+00 0.000E+00 3.417E-12
 7.0   1 1.483E-04 1.376E-08 1.483E-04 0.000E+00 0.000E+00 0.000E+00 0.000E+00 5.977E-13
 8.0   1 8.943E-08 9.410E-12 8.942E-08 0.000E+00 0.000E+00 0.000E+00 0.000E+00 6.989E-16
 9.0   1 7.456E-08 9.085E-12 7.455E-08 0.000E+00 0.000E+00 0.000E+00 0.000E+00 9.523E-17
  91   9.474 2.950E-02 -1 7.682E-03 5.602E-05 1.014E-03 1.584E-03 2.010E-03 2.267E-03 3.790E-04 3.680E-04 1.821E-06 1.588E-06
  91   9.474 2.950E-02  1 2.182E-02 5.502E-04 1.680E-03 5.104E-03 6.477E-03 3.753E-03 3.894E-03 1.865E-04 1.711E-04 1.111E-07
 0.0  -1 5.602E-05 2.722E-09 5.602E-05 0.000E+00 0.000E+00 0.000E+00 0.000E+00 0.000E+00
 1.0  -1 1.014E-03 7.585E-08 1.014E-03 0.000E+00 0.000E+00 0.000E+00 0.000E+00 4.758E-10
 2.0  -1 1.584E-03 1.123E-07 1.584E-03 0.000E+00 0.000E+00 0.000E+00 0.000E+00 1.201E-11
 3.0  -1 2.010E-03 1.526E-07 2.010E-03 0.000E+00 0.000E+00 0.000E+00 0.000E+00 2.699E-10
 4.0  -1 2.267E-03 1.720E-07 2.267E-03 0.000E+00 0.000E+00 0.000E+00 0.000E+00 1.010E-11
 5.0  -1 3.790E-04 3.161E-08 3.790E-04 0.000E+00 0.000E+00 0.000E+00 0.000E+00 1.460E-11
 6.0  -1 3.680E-04 3.187E-08 3.679E-04 0.000E+00 0.000E+00 0.000E+00 0.000E+00 1.171E-12
 7.0  -1 1.821E-06 1.760E-10 1.821E-06 0.000E+00 0.000E+00 0.000E+00 0.000E+00 2.024E-14
 8.0  -1 1.588E-06 1.683E-10 1.588E-06 0.000E+00 0.000E+00 0.000E+00 0.000E+00 2.088E-15
 0.0   1 5.502E-04 2.619E-08 5.502E-04 0.000E+00 0.000E+00 0.000E+00 0.000E+00 5.617E-10
 1.0   1 1.680E-03 1.091E-07 1.680E-03 0.000E+00 0.000E+00 0.000E+00 0.000E+00 1.411E-11
 2.0   1 5.104E-03 3.596E-07 5.104E-03 0.000E+00 0.000E+00 0.000E+00 0.000E+00 1.069E-09
 3.0   1 6.477E-03 4.815E-07 6.477E-03 0.000E+00 0.000E+00 0.000E+00 0.000E+00 5.437E-11
 4.0   1 3.753E-03 2.933E-07 3.753E-03 0.000E+00 0.000E+00 0.000E+00 0.000E+00 2.121E-10
 5.0   1 3.894E-03 3.235E-07 3.894E-03 0.000E+00 0.000E+00 0.000E+00 0.000E+00 2.113E-11
 6.0   1 1.865E-04 1.651E-08 1.865E-04 0.000E+00 0.000E+00 0.000E+00 0.000E+00 3.580E-12
 7.0   1 1.711E-04 1.684E-08 1.710E-04 0.000E+00 0.000E+00 0.000E+00 0.000E+00 6.296E-13
 8.0   1 1.111E-07 1.243E-11 1.111E-07 0.000E+00 0.000E+00 0.000E+00 0.000E+00 7.964E-16
 9.0   1 9.249E-08 1.198E-11 9.248E-08 0.000E+00 0.000E+00 0.000E+00 0.000E+00 1.119E-16
  90   9.383 2.770E-02 -1 7.207E-03 5.628E-05 9.445E-04 1.475E-03 1.871E-03 2.108E-03 3.799E-04 3.683E-04 2.123E-06 1.848E-06
  90   9.383 2.770E-02  1 2.049E-02 5.162E-04 1.593E-03 4.736E-03 6.006E-03 3.551E-03 3.681E-03 2.121E-04 1.943E-04 1.357E-07
 0.0  -1 5.628E-05 2.858E-09 5.628E-05 0.000E+00 0.000E+00 0.000E+00 0.000E+00 0.000E+00
 1.0  -1 9.445E-04 7.437E-08 9.444E-04 0.000E+00 0.000E+00 0.000E+00 0.000E+00 3.665E-10
 2.0  -1 1.475E-03 1.098E-07 1.475E-03 0.000E+00 0.000E+00 0.000E+00 0.000E+00 9.554E-12
 3.0  -1 1.871E-03 1.497E-07 1.871E-03 0.000E+00 0.000E+00 0.000E+00 0.000E+00 2.088E-10
 4.0  -1 2.108E-03 1.685E-07 2.108E-03 0.000E+00 0.000E+00 0.000E+00 0.000E+00 7.882E-12
 5.0  -1 3.799E-04 3.349E-08 3.798E-04 0.000E+00 0.000E+00 0.000E+00 0.000E+00 1.219E-11
 6.0  -1 3.683E-04 3.369E-08 3.683E-04 0.000E+00 0.000E+00 0.000E+00 0.000E+00 9.904E-13
 7.0  -1 2.123E-06 2.169E-10 2.123E-06 0.000E+00 0.000E+00 0.000E+00 0.000E+00 1.970E-14
 8.0  -1 1.848E-06 2.066E-10 1.848E-06 0.000E+00 0.000E+00 0.000E+00 0.000E+00 1.701E-15
 0.0   1 5.162E-04 2.593E-08 5.161E-04 0.000E+00 0.000E+00 0.000E+00 0.000E+00 4.834E-10
 1.0   1 1.593E-03 1.095E-07 1.593E-03 0.000E+00 0.000E+00 0.000E+00 0.000E+00 1.215E-11
 2.0   1 4.736E-03 3.531E-07 4.736E-03 0.000E+00 0.000E+00 0.000E+00 0.000E+00 9.047E-10
 3.0   1 6.006E-03 4.732E-07 6.005E-03 0.000E+00 0.000E+00 0.000E+00 0.000E+00 4.569E-11
 4.0   1 3.551E-03 2.945E-07 3.551E-03 0.000E+00 0.000E+00 0.000E+00 0.000E+00 1.808E-10
 5.0   1 3.681E-03 3.248E-07 3.680E-03 0.000E+00 0.000E+00 0.000E+00 0.000E+00 1.815E-11
 6.0   1 2.121E-04 1.993E-08 2.121E-04 0.000E+00 0.000E+00 0.000E+00 0.000E+00 3.674E-12
 7.0   1 1.943E-04 2.033E-08 1.942E-04 0.000E+00 0.000E+00 0.000E+00 0.000E+00 6.646E-13
 8.0   1 1.357E-07 1.615E-11 1.356E-07 0.000E+00 0.000E+00 0.000E+00 0.000E+00 8.958E-16
 9.0   1 1.127E-07 1.555E-11 1.127E-07 0.000E+00 0.000E+00 0.000E+00 0.000E+00 1.292E-16
  89   9.291 2.592E-02 -1 6.746E-03 5.605E-05 8.779E-04 1.371E-03 1.737E-03 1.956E-03 3.774E-04 3.655E-04 2.441E-06 2.121E-06
  89   9.291 2.592E-02  1 1.917E-02 4.809E-04 1.502E-03 4.381E-03 5.552E-03 3.342E-03 3.460E-03 2.377E-04 2.174E-04 1.630E-07
 0.0  -1 5.605E-05 2.969E-09 5.605E-05 0.000E+00 0.000E+00 0.000E+00 0.000E+00 0.000E+00
 1.0  -1 8.779E-04 7.267E-08 8.778E-04 0.000E+00 0.000E+00 0.000E+00 0.000E+00 3.104E-10
 2.0  -1 1.371E-03 1.069E-07 1.371E-03 0.000E+00 0.000E+00 0.000E+00 0.000E+00 7.367E-12
 3.0  -1 1.737E-03 1.464E-07 1.737E-03 0.000E+00 0.000E+00 0.000E+00 0.000E+00 1.774E-10
 4.0  -1 1.956E-03 1.645E-07 1.956E-03 0.000E+00 0.000E+00 0.000E+00 0.000E+00 6.331E-12
 5.0  -1 3.774E-04 3.515E-08 3.774E-04 0.000E+00 0.000E+00 0.000E+00 0.000E+00 1.109E-11
 6.0  -1 3.655E-04 3.531E-08 3.654E-04 0.000E+00 0.000E+00 0.000E+00 0.000E+00 8.611E-13
 7.0  -1 2.441E-06 2.636E-10 2.441E-06 0.000E+00 0.000E+00 0.000E+00 0.000E+00 2.059E-14
 8.0  -1 2.121E-06 2.499E-10 2.121E-06 0.000E+00 0.000E+00 0.000E+00 0.000E+00 1.710E-15
 0.0   1 4.809E-04 2.549E-08 4.808E-04 0.000E+00 0.000E+00 0.000E+00 0.000E+00 4.351E-10
 1.0   1 1.502E-03 1.093E-07 1.502E-03 0.000E+00 0.000E+00 0.000E+00 0.000E+00 1.008E-11
 2.0   1 4.381E-03 3.457E-07 4.381E-03 0.000E+00 0.000E+00 0.000E+00 0.000E+00 8.023E-10
 3.0   1 5.552E-03 4.639E-07 5.552E-03 0.000E+00 0.000E+00 0.000E+00 0.000E+00 3.769E-11
 4.0   1 3.342E-03 2.942E-07 3.342E-03 0.000E+00 0.000E+00 0.000E+00 0.000E+00 1.617E-10
 5.0   1 3.460E-03 3.246E-07 3.460E-03 0.000E+00 0.000E+00 0.000E+00 0.000E+00 1.556E-11
 6.0   1 2.377E-04 2.374E-08 2.377E-04 0.000E+00 0.000E+00 0.000E+00 0.000E+00 3.822E-12
 7.0   1 2.174E-04 2.420E-08 2.174E-04 0.000E+00 0.000E+00 0.000E+00 0.000E+00 6.785E-13
 8.0   1 1.630E-07 2.067E-11 1.629E-07 0.000E+00 0.000E+00 0.000E+00 0.000E+00 9.977E-16
 9.0   1 1.351E-07 1.986E-11 1.351E-07 0.000E+00 0.000E+00 0.000E+00 0.000E+00 1.413E-16
  88   9.200 2.419E-02 -1 6.301E-03 5.538E-05 8.145E-04 1.272E-03 1.611E-03 1.812E-03 3.721E-04 3.598E-04 2.771E-06 2.403E-06
  88   9.200 2.419E-02  1 1.789E-02 4.453E-04 1.410E-03 4.043E-03 5.121E-03 3.132E-03 3.239E-03 2.628E-04 2.400E-04 1.929E-07
 0.0  -1 5.538E-05 3.057E-09 5.537E-05 0.000E+00 0.000E+00 0.000E+00 0.000E+00 0.000E+00
 1.0  -1 8.145E-04 7.077E-08 8.144E-04 0.000E+00 0.000E+00 0.000E+00 0.000E+00 2.656E-10
 2.0  -1 1.272E-03 1.038E-07 1.272E-03 0.000E+00 0.000E+00 0.000E+00 0.000E+00 5.238E-12
 3.0  -1 1.611E-03 1.429E-07 1.610E-03 0.000E+00 0.000E+00 0.000E+00 0.000E+00 1.521E-10
 4.0  -1 1.812E-03 1.604E-07 1.811E-03 0.000E+00 0.000E+00 0.000E+00 0.000E+00 4.770E-12
 5.0  -1 3.721E-04 3.661E-08 3.720E-04 0.000E+00 0.000E+00 0.000E+00 0.000E+00 1.007E-11
 6.0  -1 3.598E-04 3.671E-08 3.598E-04 0.000E+00 0.000E+00 0.000E+00 0.000E+00 6.976E-13
 7.0  -1 2.771E-06 3.162E-10 2.771E-06 0.000E+00 0.000E+00 0.000E+00 0.000E+00 2.104E-14
 8.0  -1 2.403E-06 2.983E-10 2.403E-06 0.000E+00 0.000E+00 0.000E+00 0.000E+00 1.584E-15
 0.0   1 4.453E-04 2.490E-08 4.453E-04 0.000E+00 0.000E+00 0.000E+00 0.000E+00 3.903E-10
 1.0   1 1.410E-03 1.086E-07 1.410E-03 0.000E+00 0.000E+00 0.000E+00 0.000E+00 7.915E-12
 2.0   1 4.043E-03 3.379E-07 4.043E-03 0.000E+00 0.000E+00 0.000E+00 0.000E+00 7.107E-10
 3.0   1 5.121E-03 4.540E-07 5.120E-03 0.000E+00 0.000E+00 0.000E+00 0.000E+00 2.959E-11
 4.0   1 3.132E-03 2.930E-07 3.132E-03 0.000E+00 0.000E+00 0.000E+00 0.000E+00 1.436E-10
 5.0   1 3.239E-03 3.235E-07 3.238E-03 0.000E+00 0.000E+00 0.000E+00 0.000E+00 1.271E-11
 6.0   1 2.628E-04 2.791E-08 2.628E-04 0.000E+00 0.000E+00 0.000E+00 0.000E+00 3.827E-12
 7.0   1 2.400E-04 2.845E-08 2.399E-04 0.000E+00 0.000E+00 0.000E+00 0.000E+00 6.507E-13
 8.0   1 1.929E-07 2.611E-11 1.929E-07 0.000E+00 0.000E+00 0.000E+00 0.000E+00 1.059E-15
 9.0   1 1.596E-07 2.503E-11 1.596E-07 0.000E+00 0.000E+00 0.000E+00 0.000E+00 1.445E-16
  87   9.109 2.253E-02 -1 5.873E-03 5.432E-05 7.542E-04 1.178E-03 1.490E-03 1.675E-03 3.642E-04 3.517E-04 3.113E-06 2.695E-06
  87   9.109 2.253E-02  1 1.666E-02 4.103E-04 1.320E-03 3.724E-03 4.713E-03 2.925E-03 3.021E-03 2.867E-04 2.613E-04 2.260E-07
 0.0  -1 5.432E-05 3.122E-09 5.432E-05 0.000E+00 0.000E+00 0.000E+00 0.000E+00 0.000E+00
 1.0  -1 7.542E-04 6.876E-08 7.541E-04 0.000E+00 0.000E+00 0.000E+00 0.000E+00 2.202E-10
 2.0  -1 1.178E-03 1.006E-07 1.177E-03 0.000E+00 0.000E+00 0.000E+00 0.000E+00 3.737E-12
 3.0  -1 1.490E-03 1.392E-07 1.490E-03 0.000E+00 0.000E+00 0.000E+00 0.000E+00 1.264E-10
 4.0  -1 1.675E-03 1.560E-07 1.675E-03 0.000E+00 0.000E+00 0.000E+00 0.000E+00 3.223E-12
 5.0  -1 3.642E-04 3.789E-08 3.642E-04 0.000E+00 0.000E+00 0.000E+00 0.000E+00 8.759E-12
 6.0  -1 3.517E-04 3.794E-08 3.517E-04 0.000E+00 0.000E+00 0.000E+00 0.000E+00 4.380E-13
 7.0  -1 3.113E-06 3.758E-10 3.112E-06 0.000E+00 0.000E+00 0.000E+00 0.000E+00 1.942E-14
 8.0  -1 2.695E-06 3.526E-10 2.695E-06 0.000E+00 0.000E+00 0.000E+00 0.000E+00 1.302E-15
 0.0   1 4.103E-04 2.423E-08 4.103E-04 0.000E+00 0.000E+00 0.000E+00 0.000E+00 3.421E-10
 1.0   1 1.320E-03 1.078E-07 1.320E-03 0.000E+00 0.000E+00 0.000E+00 0.000E+00 6.273E-12
 2.0   1 3.724E-03 3.301E-07 3.724E-03 0.000E+00 0.000E+00 0.000E+00 0.000E+00 6.186E-10
 3.0   1 4.713E-03 4.443E-07 4.713E-03 0.000E+00 0.000E+00 0.000E+00 0.000E+00 2.313E-11
 4.0   1 2.925E-03 2.915E-07 2.925E-03 0.000E+00 0.000E+00 0.000E+00 0.000E+00 1.247E-10
 5.0   1 3.021E-03 3.220E-07 3.021E-03 0.000E+00 0.000E+00 0.000E+00 0.000E+00 9.935E-12
 6.0   1 2.867E-04 3.245E-08 2.866E-04 0.000E+00 0.000E+00 0.000E+00 0.000E+00 3.685E-12
 7.0   1 2.613E-04 3.307E-08 2.613E-04 0.000E+00 0.000E+00 0.000E+00 0.000E+00 5.737E-13
 8.0   1 2.260E-07 3.273E-11 2.260E-07 0.000E+00 0.000E+00 0.000E+00 0.000E+00 1.053E-15
 9.0   1 1.866E-07 3.129E-11 1.866E-07 0.000E+00 0.000E+00 0.000E+00 0.000E+00 1.350E-16
  86   9.017 2.095E-02 -1 5.463E-03 5.295E-05 6.971E-04 1.088E-03 1.376E-03 1.545E-03 3.543E-04 3.416E-04 3.451E-06 2.982E-06
  86   9.017 2.095E-02  1 1.549E-02 3.764E-04 1.232E-03 3.424E-03 4.330E-03 2.724E-03 2.810E-03 3.086E-04 2.808E-04 2.603E-07
 0.0  -1 5.295E-05 3.163E-09 5.294E-05 0.000E+00 0.000E+00 0.000E+00 0.000E+00 0.000E+00
 1.0  -1 6.971E-04 6.656E-08 6.971E-04 0.000E+00 0.000E+00 0.000E+00 0.000E+00 1.754E-10
 2.0  -1 1.088E-03 9.717E-08 1.088E-03 0.000E+00 0.000E+00 0.000E+00 0.000E+00 3.080E-12
 3.0  -1 1.376E-03 1.353E-07 1.376E-03 0.000E+00 0.000E+00 0.000E+00 0.000E+00 1.014E-10
 4.0  -1 1.545E-03 1.515E-07 1.545E-03 0.000E+00 0.000E+00 0.000E+00 0.000E+00 2.252E-12
 5.0  -1 3.543E-04 3.897E-08 3.542E-04 0.000E+00 0.000E+00 0.000E+00 0.000E+00 7.232E-12
 6.0  -1 3.416E-04 3.896E-08 3.416E-04 0.000E+00 0.000E+00 0.000E+00 0.000E+00 1.107E-13
 7.0  -1 3.451E-06 4.406E-10 3.450E-06 0.000E+00 0.000E+00 0.000E+00 0.000E+00 1.525E-14
 8.0  -1 2.982E-06 4.110E-10 2.982E-06 0.000E+00 0.000E+00 0.000E+00 0.000E+00 0.000E+00
 0.0   1 3.764E-04 2.346E-08 3.763E-04 0.000E+00 0.000E+00 0.000E+00 0.000E+00 2.921E-10
 1.0   1 1.232E-03 1.068E-07 1.231E-03 0.000E+00 0.000E+00 0.000E+00 0.000E+00 5.433E-12
 2.0   1 3.424E-03 3.221E-07 3.423E-03 0.000E+00 0.000E+00 0.000E+00 0.000E+00 5.286E-10
 3.0   1 4.330E-03 4.343E-07 4.330E-03 0.000E+00 0.000E+00 0.000E+00 0.000E+00 1.866E-11
 4.0   1 2.724E-03 2.895E-07 2.723E-03 0.000E+00 0.000E+00 0.000E+00 0.000E+00 1.045E-10
 5.0   1 2.810E-03 3.200E-07 2.810E-03 0.000E+00 0.000E+00 0.000E+00 0.000E+00 5.572E-12
 6.0   1 3.086E-04 3.728E-08 3.085E-04 0.000E+00 0.000E+00 0.000E+00 0.000E+00 3.168E-12
 7.0   1 2.808E-04 3.798E-08 2.808E-04 0.000E+00 0.000E+00 0.000E+00 0.000E+00 1.126E-13
 8.0   1 2.603E-07 4.039E-11 2.602E-07 0.000E+00 0.000E+00 0.000E+00 0.000E+00 4.700E-16
 9.0   1 2.144E-07 3.850E-11 2.144E-07 0.000E+00 0.000E+00 0.000E+00 0.000E+00 0.000E+00
  85   8.926 1.944E-02 -1 5.072E-03 5.130E-05 6.433E-04 1.004E-03 1.269E-03 1.424E-03 3.426E-04 3.299E-04 3.793E-06 3.271E-06
  85   8.926 1.944E-02  1 1.437E-02 3.439E-04 1.147E-03 3.143E-03 3.973E-03 2.531E-03 2.608E-03 3.279E-04 2.979E-04 2.972E-07
 0.0  -1 5.130E-05 3.182E-09 5.130E-05 0.000E+00 0.000E+00 0.000E+00 0.000E+00 0.000E+00
 1.0  -1 6.433E-04 6.422E-08 6.432E-04 0.000E+00 0.000E+00 0.000E+00 0.000E+00 1.323E-10
 2.0  -1 1.004E-03 9.355E-08 1.004E-03 0.000E+00 0.000E+00 0.000E+00 0.000E+00 2.283E-12
 3.0  -1 1.269E-03 1.312E-07 1.269E-03 0.000E+00 0.000E+00 0.000E+00 0.000E+00 7.662E-11
 4.0  -1 1.424E-03 1.468E-07 1.424E-03 0.000E+00 0.000E+00 0.000E+00 0.000E+00 8.990E-13
 5.0  -1 3.426E-04 3.983E-08 3.425E-04 0.000E+00 0.000E+00 0.000E+00 0.000E+00 5.568E-12
 6.0  -1 3.299E-04 3.977E-08 3.298E-04 0.000E+00 0.000E+00 0.000E+00 0.000E+00 0.000E+00
 7.0  -1 3.793E-06 5.123E-10 3.792E-06 0.000E+00 0.000E+00 0.000E+00 0.000E+00 1.250E-14
 8.0  -1 3.271E-06 4.747E-10 3.271E-06 0.000E+00 0.000E+00 0.000E+00 0.000E+00 0.000E+00
 0.0   1 3.439E-04 2.264E-08 3.439E-04 0.000E+00 0.000E+00 0.000E+00 0.000E+00 2.416E-10
 1.0   1 1.147E-03 1.057E-07 1.147E-03 0.000E+00 0.000E+00 0.000E+00 0.000E+00 4.300E-12
 2.0   1 3.143E-03 3.142E-07 3.143E-03 0.000E+00 0.000E+00 0.000E+00 0.000E+00 4.358E-10
 3.0   1 3.973E-03 4.245E-07 3.972E-03 0.000E+00 0.000E+00 0.000E+00 0.000E+00 1.170E-11
 4.0   1 2.531E-03 2.874E-07 2.530E-03 0.000E+00 0.000E+00 0.000E+00 0.000E+00 8.405E-11
 5.0   1 2.608E-03 3.180E-07 2.608E-03 0.000E+00 0.000E+00 0.000E+00 0.000E+00 1.609E-12
 6.0   1 3.279E-04 4.236E-08 3.278E-04 0.000E+00 0.000E+00 0.000E+00 0.000E+00 2.526E-12
 7.0   1 2.979E-04 4.314E-08 2.979E-04 0.000E+00 0.000E+00 0.000E+00 0.000E+00 0.000E+00
 8.0   1 2.972E-07 4.953E-11 2.972E-07 0.000E+00 0.000E+00 0.000E+00 0.000E+00 3.094E-16
 9.0   1 2.443E-07 4.704E-11 2.443E-07 0.000E+00 0.000E+00 0.000E+00 0.000E+00 0.000E+00
  84   8.834 1.802E-02 -1 4.700E-03 4.944E-05 5.927E-04 9.254E-04 1.169E-03 1.310E-03 3.295E-04 3.168E-04 4.126E-06 3.552E-06
  84   8.834 1.802E-02  1 1.332E-02 3.132E-04 1.066E-03 2.882E-03 3.640E-03 2.347E-03 2.415E-03 3.442E-04 3.122E-04 3.352E-07
 0.0  -1 4.944E-05 3.183E-09 4.944E-05 0.000E+00 0.000E+00 0.000E+00 0.000E+00 0.000E+00
 1.0  -1 5.927E-04 6.178E-08 5.926E-04 0.000E+00 0.000E+00 0.000E+00 0.000E+00 1.000E-10
 2.0  -1 9.254E-04 8.985E-08 9.253E-04 0.000E+00 0.000E+00 0.000E+00 0.000E+00 1.734E-12
 3.0  -1 1.169E-03 1.270E-07 1.169E-03 0.000E+00 0.000E+00 0.000E+00 0.000E+00 5.855E-11
 4.0  -1 1.310E-03 1.420E-07 1.309E-03 0.000E+00 0.000E+00 0.000E+00 0.000E+00 6.918E-13
 5.0  -1 3.295E-04 4.056E-08 3.295E-04 0.000E+00 0.000E+00 0.000E+00 0.000E+00 4.467E-12
 6.0  -1 3.168E-04 4.045E-08 3.168E-04 0.000E+00 0.000E+00 0.000E+00 0.000E+00 0.000E+00
 7.0  -1 4.126E-06 5.905E-10 4.125E-06 0.000E+00 0.000E+00 0.000E+00 0.000E+00 1.136E-14
 8.0  -1 3.552E-06 5.431E-10 3.551E-06 0.000E+00 0.000E+00 0.000E+00 0.000E+00 0.000E+00
 0.0   1 3.132E-04 2.178E-08 3.132E-04 0.000E+00 0.000E+00 0.000E+00 0.000E+00 2.009E-10
 1.0   1 1.066E-03 1.046E-07 1.066E-03 0.000E+00 0.000E+00 0.000E+00 0.000E+00 3.478E-12
 2.0   1 2.882E-03 3.068E-07 2.882E-03 0.000E+00 0.000E+00 0.000E+00 0.000E+00 3.642E-10
 3.0   1 3.640E-03 4.155E-07 3.640E-03 0.000E+00 0.000E+00 0.000E+00 0.000E+00 9.388E-12
 4.0   1 2.347E-03 2.856E-07 2.347E-03 0.000E+00 0.000E+00 0.000E+00 0.000E+00 7.062E-11
 5.0   1 2.415E-03 3.165E-07 2.415E-03 0.000E+00 0.000E+00 0.000E+00 0.000E+00 1.319E-12
 6.0   1 3.442E-04 4.771E-08 3.441E-04 0.000E+00 0.000E+00 0.000E+00 0.000E+00 2.368E-12
 7.0   1 3.122E-04 4.857E-08 3.122E-04 0.000E+00 0.000E+00 0.000E+00 0.000E+00 0.000E+00
 8.0   1 3.352E-07 6.023E-11 3.352E-07 0.000E+00 0.000E+00 0.000E+00 0.000E+00 0.000E+00
 9.0   1 2.750E-07 5.696E-11 2.749E-07 0.000E+00 0.000E+00 0.000E+00 0.000E+00 0.000E+00
  83   8.743 1.668E-02 -1 4.347E-03 4.741E-05 5.451E-04 8.513E-04 1.074E-03 1.203E-03 3.154E-04 3.028E-04 4.448E-06 3.822E-06
  83   8.743 1.668E-02  1 1.233E-02 2.844E-04 9.886E-04 2.640E-03 3.331E-03 2.172E-03 2.233E-03 3.570E-04 3.232E-04 3.742E-07
 0.0  -1 4.741E-05 3.165E-09 4.741E-05 0.000E+00 0.000E+00 0.000E+00 0.000E+00 0.000E+00
 1.0  -1 5.451E-04 5.926E-08 5.451E-04 0.000E+00 0.000E+00 0.000E+00 0.000E+00 8.447E-11
 2.0  -1 8.513E-04 8.605E-08 8.512E-04 0.000E+00 0.000E+00 0.000E+00 0.000E+00 1.207E-12
 3.0  -1 1.074E-03 1.228E-07 1.074E-03 0.000E+00 0.000E+00 0.000E+00 0.000E+00 5.004E-11
 4.0  -1 1.203E-03 1.372E-07 1.202E-03 0.000E+00 0.000E+00 0.000E+00 0.000E+00 4.880E-13
 5.0  -1 3.154E-04 4.110E-08 3.154E-04 0.000E+00 0.000E+00 0.000E+00 0.000E+00 4.015E-12
 6.0  -1 3.028E-04 4.094E-08 3.028E-04 0.000E+00 0.000E+00 0.000E+00 0.000E+00 0.000E+00
 7.0  -1 4.448E-06 6.747E-10 4.448E-06 0.000E+00 0.000E+00 0.000E+00 0.000E+00 1.173E-14
 8.0  -1 3.822E-06 6.153E-10 3.821E-06 0.000E+00 0.000E+00 0.000E+00 0.000E+00 0.000E+00
 9.0  -1 9.060E-09 1.946E-12 9.058E-09 0.000E+00 0.000E+00 0.000E+00 0.000E+00 0.000E+00
 0.0   1 2.844E-04 2.089E-08 2.844E-04 0.000E+00 0.000E+00 0.000E+00 0.000E+00 1.766E-10
 1.0   1 9.886E-04 1.034E-07 9.885E-04 0.000E+00 0.000E+00 0.000E+00 0.000E+00 2.635E-12
 2.0   1 2.640E-03 2.995E-07 2.639E-03 0.000E+00 0.000E+00 0.000E+00 0.000E+00 3.224E-10
 3.0   1 3.331E-03 4.067E-07 3.331E-03 0.000E+00 0.000E+00 0.000E+00 0.000E+00 7.060E-12
 4.0   1 2.172E-03 2.839E-07 2.172E-03 0.000E+00 0.000E+00 0.000E+00 0.000E+00 6.302E-11
 5.0   1 2.233E-03 3.152E-07 2.233E-03 0.000E+00 0.000E+00 0.000E+00 0.000E+00 1.013E-12
 6.0   1 3.570E-04 5.321E-08 3.569E-04 0.000E+00 0.000E+00 0.000E+00 0.000E+00 2.307E-12
 7.0   1 3.232E-04 5.415E-08 3.232E-04 0.000E+00 0.000E+00 0.000E+00 0.000E+00 0.000E+00
 8.0   1 3.742E-07 7.271E-11 3.741E-07 0.000E+00 0.000E+00 0.000E+00 0.000E+00 0.000E+00
 9.0   1 3.062E-07 6.839E-11 3.062E-07 0.000E+00 0.000E+00 0.000E+00 0.000E+00 0.000E+00
  82   8.652 1.541E-02 -1 4.014E-03 4.526E-05 5.007E-04 7.821E-04 9.861E-04 1.103E-03 3.006E-04 2.881E-04 4.763E-06 4.084E-06
  82   8.652 1.541E-02  1 1.140E-02 2.576E-04 9.157E-04 2.415E-03 3.045E-03 2.008E-03 2.061E-03 3.659E-04 3.308E-04 4.147E-07
 0.0  -1 4.526E-05 3.133E-09 4.525E-05 0.000E+00 0.000E+00 0.000E+00 0.000E+00 0.000E+00
 1.0  -1 5.007E-04 5.665E-08 5.006E-04 0.000E+00 0.000E+00 0.000E+00 0.000E+00 6.893E-11
 2.0  -1 7.821E-04 8.214E-08 7.820E-04 0.000E+00 0.000E+00 0.000E+00 0.000E+00 7.246E-13
 3.0  -1 9.861E-04 1.184E-07 9.860E-04 0.000E+00 0.000E+00 0.000E+00 0.000E+00 4.134E-11
 4.0  -1 1.103E-03 1.324E-07 1.103E-03 0.000E+00 0.000E+00 0.000E+00 0.000E+00 2.961E-13
 5.0  -1 3.006E-04 4.146E-08 3.005E-04 0.000E+00 0.000E+00 0.000E+00 0.000E+00 3.475E-12
 6.0  -1 2.881E-04 4.125E-08 2.881E-04 0.000E+00 0.000E+00 0.000E+00 0.000E+00 0.000E+00
 7.0  -1 4.763E-06 7.660E-10 4.762E-06 0.000E+00 0.000E+00 0.000E+00 0.000E+00 1.166E-14
 8.0  -1 4.084E-06 6.923E-10 4.083E-06 0.000E+00 0.000E+00 0.000E+00 0.000E+00 0.000E+00
 9.0  -1 1.053E-08 2.446E-12 1.053E-08 0.000E+00 0.000E+00 0.000E+00 0.000E+00 0.000E+00
 0.0   1 2.576E-04 1.998E-08 2.576E-04 0.000E+00 0.000E+00 0.000E+00 0.000E+00 1.514E-10
 1.0   1 9.157E-04 1.022E-07 9.156E-04 0.000E+00 0.000E+00 0.000E+00 0.000E+00 1.802E-12
 2.0   1 2.415E-03 2.924E-07 2.415E-03 0.000E+00 0.000E+00 0.000E+00 0.000E+00 2.788E-10
 3.0   1 3.045E-03 3.984E-07 3.045E-03 0.000E+00 0.000E+00 0.000E+00 0.000E+00 4.799E-12
 4.0   1 2.008E-03 2.824E-07 2.007E-03 0.000E+00 0.000E+00 0.000E+00 0.000E+00 5.473E-11
 5.0   1 2.061E-03 3.143E-07 2.061E-03 0.000E+00 0.000E+00 0.000E+00 0.000E+00 7.031E-13
 6.0   1 3.659E-04 5.881E-08 3.659E-04 0.000E+00 0.000E+00 0.000E+00 0.000E+00 2.142E-12
 7.0   1 3.308E-04 5.982E-08 3.307E-04 0.000E+00 0.000E+00 0.000E+00 0.000E+00 0.000E+00
 8.0   1 4.147E-07 8.746E-11 4.146E-07 0.000E+00 0.000E+00 0.000E+00 0.000E+00 0.000E+00
 9.0   1 3.386E-07 8.175E-11 3.385E-07 0.000E+00 0.000E+00 0.000E+00 0.000E+00 0.000E+00
  81   8.560 1.423E-02 -1 3.702E-03 4.303E-05 4.592E-04 7.175E-04 9.041E-04 1.010E-03 2.853E-04 2.730E-04 5.054E-06 4.324E-06
  81   8.560 1.423E-02  1 1.053E-02 2.328E-04 8.470E-04 2.207E-03 2.782E-03 1.853E-03 1.900E-03 3.711E-04 3.349E-04 4.543E-07
 0.0  -1 4.303E-05 3.092E-09 4.302E-05 0.000E+00 0.000E+00 0.000E+00 0.000E+00 0.000E+00
 1.0  -1 4.592E-04 5.401E-08 4.592E-04 0.000E+00 0.000E+00 0.000E+00 0.000E+00 5.363E-11
 2.0  -1 7.175E-04 7.826E-08 7.175E-04 0.000E+00 0.000E+00 0.000E+00 0.000E+00 0.000E+00
 3.0  -1 9.041E-04 1.141E-07 9.040E-04 0.000E+00 0.000E+00 0.000E+00 0.000E+00 3.234E-11
 4.0  -1 1.010E-03 1.277E-07 1.010E-03 0.000E+00 0.000E+00 0.000E+00 0.000E+00 0.000E+00
 5.0  -1 2.853E-04 4.173E-08 2.852E-04 0.000E+00 0.000E+00 0.000E+00 0.000E+00 2.827E-12
 6.0  -1 2.730E-04 4.147E-08 2.730E-04 0.000E+00 0.000E+00 0.000E+00 0.000E+00 0.000E+00
 7.0  -1 5.054E-06 8.636E-10 5.053E-06 0.000E+00 0.000E+00 0.000E+00 0.000E+00 1.103E-14
 8.0  -1 4.324E-06 7.726E-10 4.323E-06 0.000E+00 0.000E+00 0.000E+00 0.000E+00 0.000E+00
 9.0  -1 1.205E-08 3.044E-12 1.204E-08 0.000E+00 0.000E+00 0.000E+00 0.000E+00 0.000E+00
10.0  -1 9.370E-09 2.595E-12 9.367E-09 0.000E+00 0.000E+00 0.000E+00 0.000E+00 0.000E+00
 0.0   1 2.328E-04 1.907E-08 2.328E-04 0.000E+00 0.000E+00 0.000E+00 0.000E+00 1.257E-10
 1.0   1 8.470E-04 1.011E-07 8.469E-04 0.000E+00 0.000E+00 0.000E+00 0.000E+00 0.000E+00
 2.0   1 2.207E-03 2.860E-07 2.207E-03 0.000E+00 0.000E+00 0.000E+00 0.000E+00 2.339E-10
 3.0   1 2.782E-03 3.910E-07 2.781E-03 0.000E+00 0.000E+00 0.000E+00 0.000E+00 0.000E+00
 4.0   1 1.853E-03 2.817E-07 1.852E-03 0.000E+00 0.000E+00 0.000E+00 0.000E+00 4.404E-11
 5.0   1 1.900E-03 3.143E-07 1.899E-03 0.000E+00 0.000E+00 0.000E+00 0.000E+00 0.000E+00
 6.0   1 3.711E-04 6.460E-08 3.711E-04 0.000E+00 0.000E+00 0.000E+00 0.000E+00 1.773E-12
 7.0   1 3.349E-04 6.568E-08 3.348E-04 0.000E+00 0.000E+00 0.000E+00 0.000E+00 0.000E+00
 8.0   1 4.543E-07 1.046E-10 4.542E-07 0.000E+00 0.000E+00 0.000E+00 0.000E+00 0.000E+00
 9.0   1 3.701E-07 9.702E-11 3.700E-07 0.000E+00 0.000E+00 0.000E+00 0.000E+00 0.000E+00
  80   8.469 1.313E-02 -1 3.411E-03 4.080E-05 4.212E-04 6.583E-04 8.287E-04 9.246E-04 2.699E-04 2.579E-04 5.336E-06 4.554E-06
  80   8.469 1.313E-02  1 9.718E-03 2.103E-04 7.833E-04 2.018E-03 2.541E-03 1.709E-03 1.749E-03 3.723E-04 3.352E-04 4.956E-07
 0.0  -1 4.080E-05 3.048E-09 4.080E-05 0.000E+00 0.000E+00 0.000E+00 0.000E+00 0.000E+00
 1.0  -1 4.212E-04 5.143E-08 4.212E-04 0.000E+00 0.000E+00 0.000E+00 0.000E+00 3.982E-11
 2.0  -1 6.583E-04 7.442E-08 6.583E-04 0.000E+00 0.000E+00 0.000E+00 0.000E+00 0.000E+00
 3.0  -1 8.287E-04 1.099E-07 8.286E-04 0.000E+00 0.000E+00 0.000E+00 0.000E+00 2.446E-11
 4.0  -1 9.246E-04 1.231E-07 9.244E-04 0.000E+00 0.000E+00 0.000E+00 0.000E+00 0.000E+00
 5.0  -1 2.699E-04 4.189E-08 2.699E-04 0.000E+00 0.000E+00 0.000E+00 0.000E+00 2.231E-12
 6.0  -1 2.579E-04 4.156E-08 2.578E-04 0.000E+00 0.000E+00 0.000E+00 0.000E+00 0.000E+00
 7.0  -1 5.336E-06 9.702E-10 5.335E-06 0.000E+00 0.000E+00 0.000E+00 0.000E+00 9.783E-15
 8.0  -1 4.554E-06 8.579E-10 4.553E-06 0.000E+00 0.000E+00 0.000E+00 0.000E+00 0.000E+00
 9.0  -1 1.373E-08 3.801E-12 1.373E-08 0.000E+00 0.000E+00 0.000E+00 0.000E+00 0.000E+00
10.0  -1 1.065E-08 3.189E-12 1.064E-08 0.000E+00 0.000E+00 0.000E+00 0.000E+00 0.000E+00
 0.0   1 2.103E-04 1.817E-08 2.103E-04 0.000E+00 0.000E+00 0.000E+00 0.000E+00 1.015E-10
 1.0   1 7.833E-04 1.002E-07 7.832E-04 0.000E+00 0.000E+00 0.000E+00 0.000E+00 0.000E+00
 2.0   1 2.018E-03 2.801E-07 2.018E-03 0.000E+00 0.000E+00 0.000E+00 0.000E+00 1.930E-10
 3.0   1 2.541E-03 3.845E-07 2.540E-03 0.000E+00 0.000E+00 0.000E+00 0.000E+00 0.000E+00
 4.0   1 1.709E-03 2.816E-07 1.708E-03 0.000E+00 0.000E+00 0.000E+00 0.000E+00 3.637E-11
 5.0   1 1.749E-03 3.153E-07 1.749E-03 0.000E+00 0.000E+00 0.000E+00 0.000E+00 0.000E+00
 6.0   1 3.723E-04 7.041E-08 3.722E-04 0.000E+00 0.000E+00 0.000E+00 0.000E+00 1.396E-12
 7.0   1 3.352E-04 7.153E-08 3.351E-04 0.000E+00 0.000E+00 0.000E+00 0.000E+00 0.000E+00
 8.0   1 4.956E-07 1.251E-10 4.955E-07 0.000E+00 0.000E+00 0.000E+00 0.000E+00 0.000E+00
 9.0   1 4.026E-07 1.150E-10 4.024E-07 0.000E+00 0.000E+00 0.000E+00 0.000E+00 0.000E+00
  79   8.378 1.211E-02 -1 3.142E-03 3.859E-05 3.862E-04 6.037E-04 7.592E-04 8.459E-04 2.547E-04 2.428E-04 5.588E-06 4.757E-06
  79   8.378 1.211E-02  1 8.965E-03 1.898E-04 7.239E-04 1.844E-03 2.320E-03 1.574E-03 1.609E-03 3.703E-04 3.326E-04 5.351E-07
 0.0  -1 3.859E-05 3.002E-09 3.858E-05 0.000E+00 0.000E+00 0.000E+00 0.000E+00 0.000E+00
 1.0  -1 3.862E-04 4.884E-08 3.861E-04 0.000E+00 0.000E+00 0.000E+00 0.000E+00 2.730E-11
 2.0  -1 6.037E-04 7.063E-08 6.037E-04 0.000E+00 0.000E+00 0.000E+00 0.000E+00 0.000E+00
 3.0  -1 7.592E-04 1.059E-07 7.591E-04 0.000E+00 0.000E+00 0.000E+00 0.000E+00 1.708E-11
 4.0  -1 8.459E-04 1.187E-07 8.458E-04 0.000E+00 0.000E+00 0.000E+00 0.000E+00 0.000E+00
 5.0  -1 2.547E-04 4.196E-08 2.547E-04 0.000E+00 0.000E+00 0.000E+00 0.000E+00 1.617E-12
 6.0  -1 2.428E-04 4.154E-08 2.428E-04 0.000E+00 0.000E+00 0.000E+00 0.000E+00 0.000E+00
 7.0  -1 5.588E-06 1.083E-09 5.587E-06 0.000E+00 0.000E+00 0.000E+00 0.000E+00 7.869E-15
 8.0  -1 4.757E-06 9.456E-10 4.756E-06 0.000E+00 0.000E+00 0.000E+00 0.000E+00 0.000E+00
 9.0  -1 1.540E-08 4.705E-12 1.539E-08 0.000E+00 0.000E+00 0.000E+00 0.000E+00 0.000E+00
10.0  -1 1.190E-08 3.883E-12 1.190E-08 0.000E+00 0.000E+00 0.000E+00 0.000E+00 0.000E+00
 0.0   1 1.898E-04 1.727E-08 1.898E-04 0.000E+00 0.000E+00 0.000E+00 0.000E+00 7.853E-11
 1.0   1 7.239E-04 9.921E-08 7.238E-04 0.000E+00 0.000E+00 0.000E+00 0.000E+00 0.000E+00
 2.0   1 1.844E-03 2.746E-07 1.844E-03 0.000E+00 0.000E+00 0.000E+00 0.000E+00 1.527E-10
 3.0   1 2.320E-03 3.786E-07 2.320E-03 0.000E+00 0.000E+00 0.000E+00 0.000E+00 0.000E+00
 4.0   1 1.574E-03 2.822E-07 1.574E-03 0.000E+00 0.000E+00 0.000E+00 0.000E+00 2.815E-11
 5.0   1 1.609E-03 3.171E-07 1.609E-03 0.000E+00 0.000E+00 0.000E+00 0.000E+00 0.000E+00
 6.0   1 3.703E-04 7.638E-08 3.703E-04 0.000E+00 0.000E+00 0.000E+00 0.000E+00 1.168E-12
 7.0   1 3.326E-04 7.751E-08 3.325E-04 0.000E+00 0.000E+00 0.000E+00 0.000E+00 0.000E+00
 8.0   1 5.351E-07 1.490E-10 5.350E-07 0.000E+00 0.000E+00 0.000E+00 0.000E+00 0.000E+00
 9.0   1 4.334E-07 1.353E-10 4.333E-07 0.000E+00 0.000E+00 0.000E+00 0.000E+00 0.000E+00
  78   8.286 1.115E-02 -1 2.890E-03 3.638E-05 3.537E-04 5.533E-04 6.951E-04 7.734E-04 2.397E-04 2.280E-04 5.832E-06 4.951E-06
  78   8.286 1.115E-02  1 8.260E-03 1.711E-04 6.681E-04 1.684E-03 2.117E-03 1.449E-03 1.478E-03 3.646E-04 3.267E-04 5.762E-07
 0.0  -1 3.638E-05 2.959E-09 3.638E-05 0.000E+00 0.000E+00 0.000E+00 0.000E+00 0.000E+00
 1.0  -1 3.537E-04 4.633E-08 3.537E-04 0.000E+00 0.000E+00 0.000E+00 0.000E+00 2.197E-11
 2.0  -1 5.533E-04 6.698E-08 5.532E-04 0.000E+00 0.000E+00 0.000E+00 0.000E+00 0.000E+00
 3.0  -1 6.951E-04 1.021E-07 6.950E-04 0.000E+00 0.000E+00 0.000E+00 0.000E+00 1.409E-11
 4.0  -1 7.734E-04 1.146E-07 7.733E-04 0.000E+00 0.000E+00 0.000E+00 0.000E+00 0.000E+00
 5.0  -1 2.397E-04 4.201E-08 2.396E-04 0.000E+00 0.000E+00 0.000E+00 0.000E+00 1.390E-12
 6.0  -1 2.280E-04 4.148E-08 2.280E-04 0.000E+00 0.000E+00 0.000E+00 0.000E+00 0.000E+00
 7.0  -1 5.832E-06 1.209E-09 5.831E-06 0.000E+00 0.000E+00 0.000E+00 0.000E+00 0.000E+00
 8.0  -1 4.951E-06 1.041E-09 4.950E-06 0.000E+00 0.000E+00 0.000E+00 0.000E+00 0.000E+00
 9.0  -1 1.727E-08 5.899E-12 1.727E-08 0.000E+00 0.000E+00 0.000E+00 0.000E+00 0.000E+00
10.0  -1 1.330E-08 4.786E-12 1.330E-08 0.000E+00 0.000E+00 0.000E+00 0.000E+00 0.000E+00
 0.0   1 1.711E-04 1.638E-08 1.711E-04 0.000E+00 0.000E+00 0.000E+00 0.000E+00 6.667E-11
 1.0   1 6.681E-04 9.835E-08 6.680E-04 0.000E+00 0.000E+00 0.000E+00 0.000E+00 0.000E+00
 2.0   1 1.684E-03 2.696E-07 1.684E-03 0.000E+00 0.000E+00 0.000E+00 0.000E+00 1.332E-10
 3.0   1 2.117E-03 3.736E-07 2.116E-03 0.000E+00 0.000E+00 0.000E+00 0.000E+00 0.000E+00
 4.0   1 1.449E-03 2.836E-07 1.449E-03 0.000E+00 0.000E+00 0.000E+00 0.000E+00 2.516E-11
 5.0   1 1.478E-03 3.202E-07 1.478E-03 0.000E+00 0.000E+00 0.000E+00 0.000E+00 0.000E+00
 6.0   1 3.646E-04 8.243E-08 3.645E-04 0.000E+00 0.000E+00 0.000E+00 0.000E+00 0.000E+00
 7.0   1 3.267E-04 8.356E-08 3.266E-04 0.000E+00 0.000E+00 0.000E+00 0.000E+00 0.000E+00
 8.0   1 5.762E-07 1.783E-10 5.760E-07 0.000E+00 0.000E+00 0.000E+00 0.000E+00 0.000E+00
 9.0   1 4.652E-07 1.596E-10 4.651E-07 0.000E+00 0.000E+00 0.000E+00 0.000E+00 0.000E+00
  77   8.195 1.026E-02 -1 2.657E-03 3.422E-05 3.238E-04 5.068E-04 6.360E-04 7.067E-04 2.250E-04 2.136E-04 6.043E-06 5.115E-06
  77   8.195 1.026E-02  1 7.602E-03 1.541E-04 6.159E-04 1.538E-03 1.930E-03 1.332E-03 1.356E-03 3.563E-04 3.185E-04 6.141E-07
 0.0  -1 3.422E-05 2.921E-09 3.422E-05 0.000E+00 0.000E+00 0.000E+00 0.000E+00 0.000E+00
 1.0  -1 3.238E-04 4.385E-08 3.237E-04 0.000E+00 0.000E+00 0.000E+00 0.000E+00 1.785E-11
 2.0  -1 5.068E-04 6.339E-08 5.067E-04 0.000E+00 0.000E+00 0.000E+00 0.000E+00 0.000E+00
 3.0  -1 6.360E-04 9.838E-08 6.359E-04 0.000E+00 0.000E+00 0.000E+00 0.000E+00 1.177E-11
 4.0  -1 7.067E-04 1.107E-07 7.065E-04 0.000E+00 0.000E+00 0.000E+00 0.000E+00 0.000E+00
 5.0  -1 2.250E-04 4.200E-08 2.250E-04 0.000E+00 0.000E+00 0.000E+00 0.000E+00 1.211E-12
 6.0  -1 2.136E-04 4.132E-08 2.136E-04 0.000E+00 0.000E+00 0.000E+00 0.000E+00 0.000E+00
 7.0  -1 6.043E-06 1.345E-09 6.041E-06 0.000E+00 0.000E+00 0.000E+00 0.000E+00 0.000E+00
 8.0  -1 5.115E-06 1.139E-09 5.114E-06 0.000E+00 0.000E+00 0.000E+00 0.000E+00 0.000E+00
 9.0  -1 1.908E-08 7.382E-12 1.907E-08 0.000E+00 0.000E+00 0.000E+00 0.000E+00 0.000E+00
10.0  -1 1.465E-08 5.892E-12 1.464E-08 0.000E+00 0.000E+00 0.000E+00 0.000E+00 0.000E+00
 0.0   1 1.541E-04 1.548E-08 1.541E-04 0.000E+00 0.000E+00 0.000E+00 0.000E+00 5.640E-11
 1.0   1 6.159E-04 9.746E-08 6.158E-04 0.000E+00 0.000E+00 0.000E+00 0.000E+00 0.000E+00
 2.0   1 1.538E-03 2.648E-07 1.537E-03 0.000E+00 0.000E+00 0.000E+00 0.000E+00 1.163E-10
 3.0   1 1.930E-03 3.691E-07 1.930E-03 0.000E+00 0.000E+00 0.000E+00 0.000E+00 0.000E+00
 4.0   1 1.332E-03 2.857E-07 1.331E-03 0.000E+00 0.000E+00 0.000E+00 0.000E+00 2.263E-11
 5.0   1 1.356E-03 3.244E-07 1.356E-03 0.000E+00 0.000E+00 0.000E+00 0.000E+00 0.000E+00
 6.0   1 3.563E-04 8.868E-08 3.562E-04 0.000E+00 0.000E+00 0.000E+00 0.000E+00 0.000E+00
 7.0   1 3.185E-04 8.979E-08 3.184E-04 0.000E+00 0.000E+00 0.000E+00 0.000E+00 0.000E+00
 8.0   1 6.141E-07 2.128E-10 6.139E-07 0.000E+00 0.000E+00 0.000E+00 0.000E+00 0.000E+00
 9.0   1 4.943E-07 1.872E-10 4.942E-07 0.000E+00 0.000E+00 0.000E+00 0.000E+00 0.000E+00
  76   8.103 9.427E-03 -1 2.441E-03 3.210E-05 2.962E-04 4.638E-04 5.815E-04 6.452E-04 2.107E-04 1.997E-04 6.240E-06 5.267E-06
  76   8.103 9.427E-03  1 6.986E-03 1.387E-04 5.670E-04 1.402E-03 1.759E-03 1.222E-03 1.243E-03 3.452E-04 3.078E-04 6.533E-07
 0.0  -1 3.210E-05 2.891E-09 3.210E-05 0.000E+00 0.000E+00 0.000E+00 0.000E+00 0.000E+00
 1.0  -1 2.962E-04 4.143E-08 2.961E-04 0.000E+00 0.000E+00 0.000E+00 0.000E+00 1.390E-11
 2.0  -1 4.638E-04 5.987E-08 4.638E-04 0.000E+00 0.000E+00 0.000E+00 0.000E+00 0.000E+00
 3.0  -1 5.815E-04 9.486E-08 5.814E-04 0.000E+00 0.000E+00 0.000E+00 0.000E+00 9.447E-12
 4.0  -1 6.452E-04 1.071E-07 6.451E-04 0.000E+00 0.000E+00 0.000E+00 0.000E+00 0.000E+00
 5.0  -1 2.107E-04 4.195E-08 2.107E-04 0.000E+00 0.000E+00 0.000E+00 0.000E+00 1.012E-12
 6.0  -1 1.997E-04 4.107E-08 1.996E-04 0.000E+00 0.000E+00 0.000E+00 0.000E+00 0.000E+00
 7.0  -1 6.240E-06 1.497E-09 6.238E-06 0.000E+00 0.000E+00 0.000E+00 0.000E+00 0.000E+00
 8.0  -1 5.267E-06 1.246E-09 5.266E-06 0.000E+00 0.000E+00 0.000E+00 0.000E+00 0.000E+00
 9.0  -1 2.107E-08 9.395E-12 2.107E-08 0.000E+00 0.000E+00 0.000E+00 0.000E+00 0.000E+00
10.0  -1 1.612E-08 7.385E-12 1.611E-08 0.000E+00 0.000E+00 0.000E+00 0.000E+00 0.000E+00
 0.0   1 1.387E-04 1.457E-08 1.387E-04 0.000E+00 0.000E+00 0.000E+00 0.000E+00 4.615E-11
 1.0   1 5.670E-04 9.645E-08 5.669E-04 0.000E+00 0.000E+00 0.000E+00 0.000E+00 0.000E+00
 2.0   1 1.402E-03 2.599E-07 1.402E-03 0.000E+00 0.000E+00 0.000E+00 0.000E+00 9.746E-11
 3.0   1 1.759E-03 3.647E-07 1.758E-03 0.000E+00 0.000E+00 0.000E+00 0.000E+00 0.000E+00
 4.0   1 1.222E-03 2.883E-07 1.222E-03 0.000E+00 0.000E+00 0.000E+00 0.000E+00 1.974E-11
 5.0   1 1.243E-03 3.294E-07 1.242E-03 0.000E+00 0.000E+00 0.000E+00 0.000E+00 0.000E+00
 6.0   1 3.452E-04 9.494E-08 3.451E-04 0.000E+00 0.000E+00 0.000E+00 0.000E+00 0.000E+00
 7.0   1 3.078E-04 9.599E-08 3.077E-04 0.000E+00 0.000E+00 0.000E+00 0.000E+00 0.000E+00
 8.0   1 6.533E-07 2.554E-10 6.530E-07 0.000E+00 0.000E+00 0.000E+00 0.000E+00 0.000E+00
 9.0   1 5.242E-07 2.201E-10 5.239E-07 0.000E+00 0.000E+00 0.000E+00 0.000E+00 0.000E+00
  75   8.012 8.652E-03 -1 2.240E-03 3.005E-05 2.707E-04 4.244E-04 5.314E-04 5.888E-04 1.970E-04 1.862E-04 6.405E-06 5.392E-06
  75   8.012 8.652E-03  1 6.412E-03 1.248E-04 5.214E-04 1.278E-03 1.601E-03 1.120E-03 1.137E-03 3.322E-04 2.955E-04 6.893E-07
 0.0  -1 3.005E-05 2.872E-09 3.005E-05 0.000E+00 0.000E+00 0.000E+00 0.000E+00 0.000E+00
 1.0  -1 2.707E-04 3.907E-08 2.707E-04 0.000E+00 0.000E+00 0.000E+00 0.000E+00 1.023E-11
 2.0  -1 4.244E-04 5.651E-08 4.243E-04 0.000E+00 0.000E+00 0.000E+00 0.000E+00 0.000E+00
 3.0  -1 5.314E-04 9.161E-08 5.313E-04 0.000E+00 0.000E+00 0.000E+00 0.000E+00 7.183E-12
 4.0  -1 5.888E-04 1.038E-07 5.887E-04 0.000E+00 0.000E+00 0.000E+00 0.000E+00 0.000E+00
 5.0  -1 1.970E-04 4.191E-08 1.969E-04 0.000E+00 0.000E+00 0.000E+00 0.000E+00 7.985E-13
 6.0  -1 1.862E-04 4.079E-08 1.862E-04 0.000E+00 0.000E+00 0.000E+00 0.000E+00 0.000E+00
 7.0  -1 6.405E-06 1.669E-09 6.404E-06 0.000E+00 0.000E+00 0.000E+00 0.000E+00 0.000E+00
 8.0  -1 5.392E-06 1.360E-09 5.390E-06 0.000E+00 0.000E+00 0.000E+00 0.000E+00 0.000E+00
 9.0  -1 2.300E-08 1.210E-11 2.299E-08 0.000E+00 0.000E+00 0.000E+00 0.000E+00 0.000E+00
10.0  -1 1.753E-08 9.384E-12 1.752E-08 0.000E+00 0.000E+00 0.000E+00 0.000E+00 0.000E+00
 0.0   1 1.248E-04 1.367E-08 1.247E-04 0.000E+00 0.000E+00 0.000E+00 0.000E+00 3.623E-11
 1.0   1 5.214E-04 9.548E-08 5.213E-04 0.000E+00 0.000E+00 0.000E+00 0.000E+00 0.000E+00
 2.0   1 1.278E-03 2.554E-07 1.278E-03 0.000E+00 0.000E+00 0.000E+00 0.000E+00 7.987E-11
 3.0   1 1.601E-03 3.611E-07 1.601E-03 0.000E+00 0.000E+00 0.000E+00 0.000E+00 0.000E+00
 4.0   1 1.120E-03 2.918E-07 1.120E-03 0.000E+00 0.000E+00 0.000E+00 0.000E+00 1.657E-11
 5.0   1 1.137E-03 3.358E-07 1.137E-03 0.000E+00 0.000E+00 0.000E+00 0.000E+00 0.000E+00
 6.0   1 3.322E-04 1.016E-07 3.321E-04 0.000E+00 0.000E+00 0.000E+00 0.000E+00 0.000E+00
 7.0   1 2.955E-04 1.025E-07 2.954E-04 0.000E+00 0.000E+00 0.000E+00 0.000E+00 0.000E+00
 8.0   1 6.893E-07 3.078E-10 6.890E-07 0.000E+00 0.000E+00 0.000E+00 0.000E+00 0.000E+00
 9.0   1 5.513E-07 2.585E-10 5.511E-07 0.000E+00 0.000E+00 0.000E+00 0.000E+00 0.000E+00
  74   7.921 7.932E-03 -1 2.055E-03 2.808E-05 2.473E-04 3.880E-04 4.854E-04 5.371E-04 1.838E-04 1.733E-04 6.550E-06 5.498E-06
  74   7.921 7.932E-03  1 5.877E-03 1.121E-04 4.788E-04 1.164E-03 1.457E-03 1.026E-03 1.039E-03 3.175E-04 2.817E-04 7.248E-07
 0.0  -1 2.808E-05 2.862E-09 2.807E-05 0.000E+00 0.000E+00 0.000E+00 0.000E+00 0.000E+00
 1.0  -1 2.473E-04 3.678E-08 2.473E-04 0.000E+00 0.000E+00 0.000E+00 0.000E+00 6.923E-12
 2.0  -1 3.880E-04 5.327E-08 3.880E-04 0.000E+00 0.000E+00 0.000E+00 0.000E+00 0.000E+00
 3.0  -1 4.854E-04 8.860E-08 4.853E-04 0.000E+00 0.000E+00 0.000E+00 0.000E+00 5.029E-12
 4.0  -1 5.371E-04 1.007E-07 5.370E-04 0.000E+00 0.000E+00 0.000E+00 0.000E+00 0.000E+00
 5.0  -1 1.838E-04 4.184E-08 1.837E-04 0.000E+00 0.000E+00 0.000E+00 0.000E+00 5.779E-13
 6.0  -1 1.733E-04 4.042E-08 1.733E-04 0.000E+00 0.000E+00 0.000E+00 0.000E+00 0.000E+00
 7.0  -1 6.550E-06 1.867E-09 6.548E-06 0.000E+00 0.000E+00 0.000E+00 0.000E+00 0.000E+00
 8.0  -1 5.498E-06 1.484E-09 5.496E-06 0.000E+00 0.000E+00 0.000E+00 0.000E+00 0.000E+00
 9.0  -1 2.502E-08 1.600E-11 2.501E-08 0.000E+00 0.000E+00 0.000E+00 0.000E+00 0.000E+00
10.0  -1 1.900E-08 1.227E-11 1.899E-08 0.000E+00 0.000E+00 0.000E+00 0.000E+00 0.000E+00
 0.0   1 1.121E-04 1.278E-08 1.121E-04 0.000E+00 0.000E+00 0.000E+00 0.000E+00 2.694E-11
 1.0   1 4.788E-04 9.446E-08 4.787E-04 0.000E+00 0.000E+00 0.000E+00 0.000E+00 0.000E+00
 2.0   1 1.164E-03 2.509E-07 1.163E-03 0.000E+00 0.000E+00 0.000E+00 0.000E+00 6.212E-11
 3.0   1 1.457E-03 3.577E-07 1.456E-03 0.000E+00 0.000E+00 0.000E+00 0.000E+00 0.000E+00
 4.0   1 1.026E-03 2.958E-07 1.025E-03 0.000E+00 0.000E+00 0.000E+00 0.000E+00 1.317E-11
 5.0   1 1.039E-03 3.431E-07 1.039E-03 0.000E+00 0.000E+00 0.000E+00 0.000E+00 0.000E+00
 6.0   1 3.175E-04 1.085E-07 3.174E-04 0.000E+00 0.000E+00 0.000E+00 0.000E+00 0.000E+00
 7.0   1 2.817E-04 1.093E-07 2.816E-04 0.000E+00 0.000E+00 0.000E+00 0.000E+00 0.000E+00
 8.0   1 7.248E-07 3.744E-10 7.244E-07 0.000E+00 0.000E+00 0.000E+00 0.000E+00 0.000E+00
 9.0   1 5.778E-07 3.050E-10 5.775E-07 0.000E+00 0.000E+00 0.000E+00 0.000E+00 0.000E+00
  73   7.829 7.263E-03 -1 1.884E-03 2.618E-05 2.258E-04 3.547E-04 4.432E-04 4.896E-04 1.711E-04 1.611E-04 6.668E-06 5.580E-06
  73   7.829 7.263E-03  1 5.379E-03 1.008E-04 4.391E-04 1.059E-03 1.324E-03 9.377E-04 9.482E-04 3.016E-04 2.669E-04 7.579E-07
 0.0  -1 2.618E-05 2.862E-09 2.617E-05 0.000E+00 0.000E+00 0.000E+00 0.000E+00 0.000E+00
 1.0  -1 2.258E-04 3.454E-08 2.258E-04 0.000E+00 0.000E+00 0.000E+00 0.000E+00 4.734E-12
 2.0  -1 3.547E-04 5.015E-08 3.546E-04 0.000E+00 0.000E+00 0.000E+00 0.000E+00 0.000E+00
 3.0  -1 4.432E-04 8.575E-08 4.431E-04 0.000E+00 0.000E+00 0.000E+00 0.000E+00 3.570E-12
 4.0  -1 4.896E-04 9.769E-08 4.895E-04 0.000E+00 0.000E+00 0.000E+00 0.000E+00 0.000E+00
 5.0  -1 1.711E-04 4.172E-08 1.711E-04 0.000E+00 0.000E+00 0.000E+00 0.000E+00 0.000E+00
 6.0  -1 1.611E-04 3.992E-08 1.610E-04 0.000E+00 0.000E+00 0.000E+00 0.000E+00 0.000E+00
 7.0  -1 6.668E-06 2.097E-09 6.666E-06 0.000E+00 0.000E+00 0.000E+00 0.000E+00 0.000E+00
 8.0  -1 5.580E-06 1.620E-09 5.578E-06 0.000E+00 0.000E+00 0.000E+00 0.000E+00 0.000E+00
 9.0  -1 2.701E-08 2.181E-11 2.699E-08 0.000E+00 0.000E+00 0.000E+00 0.000E+00 0.000E+00
10.0  -1 2.044E-08 1.658E-11 2.042E-08 0.000E+00 0.000E+00 0.000E+00 0.000E+00 0.000E+00
 0.0   1 1.008E-04 1.191E-08 1.007E-04 0.000E+00 0.000E+00 0.000E+00 0.000E+00 2.028E-11
 1.0   1 4.391E-04 9.341E-08 4.390E-04 0.000E+00 0.000E+00 0.000E+00 0.000E+00 0.000E+00
 2.0   1 1.059E-03 2.463E-07 1.059E-03 0.000E+00 0.000E+00 0.000E+00 0.000E+00 4.910E-11
 3.0   1 1.324E-03 3.544E-07 1.324E-03 0.000E+00 0.000E+00 0.000E+00 0.000E+00 0.000E+00
 4.0   1 9.377E-04 3.002E-07 9.374E-04 0.000E+00 0.000E+00 0.000E+00 0.000E+00 1.066E-11
 5.0   1 9.482E-04 3.507E-07 9.478E-04 0.000E+00 0.000E+00 0.000E+00 0.000E+00 0.000E+00
 6.0   1 3.016E-04 1.157E-07 3.015E-04 0.000E+00 0.000E+00 0.000E+00 0.000E+00 0.000E+00
 7.0   1 2.669E-04 1.165E-07 2.668E-04 0.000E+00 0.000E+00 0.000E+00 0.000E+00 0.000E+00
 8.0   1 7.579E-07 4.602E-10 7.574E-07 0.000E+00 0.000E+00 0.000E+00 0.000E+00 0.000E+00
 9.0   1 6.021E-07 3.614E-10 6.018E-07 0.000E+00 0.000E+00 0.000E+00 0.000E+00 0.000E+00
  72   7.738 6.642E-03 -1 1.726E-03 2.436E-05 2.060E-04 3.240E-04 4.045E-04 4.461E-04 1.591E-04 1.494E-04 6.760E-06 5.640E-06
  72   7.738 6.642E-03  1 4.916E-03 9.049E-05 4.021E-04 9.628E-04 1.203E-03 8.561E-04 8.640E-04 2.850E-04 2.515E-04 7.888E-07
 0.0  -1 2.436E-05 2.869E-09 2.436E-05 0.000E+00 0.000E+00 0.000E+00 0.000E+00 0.000E+00
 1.0  -1 2.060E-04 3.240E-08 2.060E-04 0.000E+00 0.000E+00 0.000E+00 0.000E+00 3.827E-12
 2.0  -1 3.240E-04 4.719E-08 3.240E-04 0.000E+00 0.000E+00 0.000E+00 0.000E+00 0.000E+00
 3.0  -1 4.045E-04 8.309E-08 4.044E-04 0.000E+00 0.000E+00 0.000E+00 0.000E+00 3.018E-12
 4.0  -1 4.461E-04 9.483E-08 4.460E-04 0.000E+00 0.000E+00 0.000E+00 0.000E+00 0.000E+00
 5.0  -1 1.591E-04 4.155E-08 1.591E-04 0.000E+00 0.000E+00 0.000E+00 0.000E+00 0.000E+00
 6.0  -1 1.494E-04 3.931E-08 1.494E-04 0.000E+00 0.000E+00 0.000E+00 0.000E+00 0.000E+00
 7.0  -1 6.760E-06 2.379E-09 6.758E-06 0.000E+00 0.000E+00 0.000E+00 0.000E+00 0.000E+00
 8.0  -1 5.640E-06 1.775E-09 5.638E-06 0.000E+00 0.000E+00 0.000E+00 0.000E+00 0.000E+00
 9.0  -1 2.900E-08 3.128E-11 2.897E-08 0.000E+00 0.000E+00 0.000E+00 0.000E+00 0.000E+00
10.0  -1 2.186E-08 2.368E-11 2.184E-08 0.000E+00 0.000E+00 0.000E+00 0.000E+00 0.000E+00
 0.0   1 9.049E-05 1.109E-08 9.048E-05 0.000E+00 0.000E+00 0.000E+00 0.000E+00 1.684E-11
 1.0   1 4.021E-04 9.264E-08 4.021E-04 0.000E+00 0.000E+00 0.000E+00 0.000E+00 0.000E+00
 2.0   1 9.628E-04 2.422E-07 9.625E-04 0.000E+00 0.000E+00 0.000E+00 0.000E+00 4.312E-11
 3.0   1 1.203E-03 3.522E-07 1.202E-03 0.000E+00 0.000E+00 0.000E+00 0.000E+00 0.000E+00
 4.0   1 8.561E-04 3.054E-07 8.558E-04 0.000E+00 0.000E+00 0.000E+00 0.000E+00 9.711E-12
 5.0   1 8.640E-04 3.591E-07 8.637E-04 0.000E+00 0.000E+00 0.000E+00 0.000E+00 0.000E+00
 6.0   1 2.850E-04 1.238E-07 2.848E-04 0.000E+00 0.000E+00 0.000E+00 0.000E+00 0.000E+00
 7.0   1 2.515E-04 1.246E-07 2.514E-04 0.000E+00 0.000E+00 0.000E+00 0.000E+00 0.000E+00
 8.0   1 7.888E-07 5.783E-10 7.882E-07 0.000E+00 0.000E+00 0.000E+00 0.000E+00 0.000E+00
 9.0   1 6.246E-07 4.349E-10 6.241E-07 0.000E+00 0.000E+00 0.000E+00 0.000E+00 0.000E+00
  71   7.646 6.068E-03 -1 1.581E-03 2.264E-05 1.879E-04 2.960E-04 3.690E-04 4.064E-04 1.478E-04 1.384E-04 6.829E-06 5.679E-06
  71   7.646 6.068E-03  1 4.487E-03 8.124E-05 3.679E-04 8.747E-04 1.092E-03 7.805E-04 7.863E-04 2.678E-04 2.358E-04 8.178E-07
 0.0  -1 2.264E-05 2.874E-09 2.264E-05 0.000E+00 0.000E+00 0.000E+00 0.000E+00 0.000E+00
 1.0  -1 1.879E-04 3.035E-08 1.879E-04 0.000E+00 0.000E+00 0.000E+00 0.000E+00 2.967E-12
 2.0  -1 2.960E-04 4.438E-08 2.959E-04 0.000E+00 0.000E+00 0.000E+00 0.000E+00 0.000E+00
 3.0  -1 3.690E-04 8.049E-08 3.689E-04 0.000E+00 0.000E+00 0.000E+00 0.000E+00 2.451E-12
 4.0  -1 4.064E-04 9.180E-08 4.063E-04 0.000E+00 0.000E+00 0.000E+00 0.000E+00 0.000E+00
 5.0  -1 1.478E-04 4.122E-08 1.477E-04 0.000E+00 0.000E+00 0.000E+00 0.000E+00 0.000E+00
 6.0  -1 1.384E-04 3.849E-08 1.384E-04 0.000E+00 0.000E+00 0.000E+00 0.000E+00 0.000E+00
 7.0  -1 6.829E-06 2.731E-09 6.826E-06 0.000E+00 0.000E+00 0.000E+00 0.000E+00 0.000E+00
 8.0  -1 5.679E-06 1.954E-09 5.677E-06 0.000E+00 0.000E+00 0.000E+00 0.000E+00 0.000E+00
 9.0  -1 3.099E-08 4.840E-11 3.094E-08 0.000E+00 0.000E+00 0.000E+00 0.000E+00 0.000E+00
10.0  -1 2.327E-08 3.666E-11 2.323E-08 0.000E+00 0.000E+00 0.000E+00 0.000E+00 0.000E+00
 0.0   1 8.124E-05 1.036E-08 8.123E-05 0.000E+00 0.000E+00 0.000E+00 0.000E+00 1.356E-11
 1.0   1 3.679E-04 9.233E-08 3.678E-04 0.000E+00 0.000E+00 0.000E+00 0.000E+00 0.000E+00
 2.0   1 8.747E-04 2.387E-07 8.744E-04 0.000E+00 0.000E+00 0.000E+00 0.000E+00 3.670E-11
 3.0   1 1.092E-03 3.512E-07 1.091E-03 0.000E+00 0.000E+00 0.000E+00 0.000E+00 0.000E+00
 4.0   1 7.805E-04 3.110E-07 7.802E-04 0.000E+00 0.000E+00 0.000E+00 0.000E+00 8.567E-12
 5.0   1 7.863E-04 3.669E-07 7.859E-04 0.000E+00 0.000E+00 0.000E+00 0.000E+00 0.000E+00
 6.0   1 2.678E-04 1.330E-07 2.677E-04 0.000E+00 0.000E+00 0.000E+00 0.000E+00 0.000E+00
 7.0   1 2.358E-04 1.341E-07 2.356E-04 0.000E+00 0.000E+00 0.000E+00 0.000E+00 0.000E+00
 8.0   1 8.178E-07 7.533E-10 8.171E-07 0.000E+00 0.000E+00 0.000E+00 0.000E+00 0.000E+00
 9.0   1 6.453E-07 5.384E-10 6.447E-07 0.000E+00 0.000E+00 0.000E+00 0.000E+00 0.000E+00
  70   7.555 5.537E-03 -1 1.447E-03 2.101E-05 1.713E-04 2.702E-04 3.365E-04 3.700E-04 1.370E-04 1.281E-04 6.870E-06 5.696E-06
  70   7.555 5.537E-03  1 4.090E-03 7.292E-05 3.361E-04 7.940E-04 9.899E-04 7.108E-04 7.146E-04 2.506E-04 2.200E-04 8.436E-07
 0.0  -1 2.101E-05 2.865E-09 2.100E-05 0.000E+00 0.000E+00 0.000E+00 0.000E+00 0.000E+00
 1.0  -1 1.713E-04 2.838E-08 1.713E-04 0.000E+00 0.000E+00 0.000E+00 0.000E+00 2.174E-12
 2.0  -1 2.702E-04 4.173E-08 2.702E-04 0.000E+00 0.000E+00 0.000E+00 0.000E+00 0.000E+00
 3.0  -1 3.365E-04 7.771E-08 3.364E-04 0.000E+00 0.000E+00 0.000E+00 0.000E+00 1.876E-12
 4.0  -1 3.700E-04 8.822E-08 3.699E-04 0.000E+00 0.000E+00 0.000E+00 0.000E+00 0.000E+00
 5.0  -1 1.370E-04 4.055E-08 1.370E-04 0.000E+00 0.000E+00 0.000E+00 0.000E+00 0.000E+00
 6.0  -1 1.281E-04 3.733E-08 1.280E-04 0.000E+00 0.000E+00 0.000E+00 0.000E+00 0.000E+00
 7.0  -1 6.870E-06 3.187E-09 6.867E-06 0.000E+00 0.000E+00 0.000E+00 0.000E+00 0.000E+00
 8.0  -1 5.696E-06 2.172E-09 5.693E-06 0.000E+00 0.000E+00 0.000E+00 0.000E+00 0.000E+00
 9.0  -1 3.289E-08 8.445E-11 3.280E-08 0.000E+00 0.000E+00 0.000E+00 0.000E+00 0.000E+00
10.0  -1 2.460E-08 6.444E-11 2.453E-08 0.000E+00 0.000E+00 0.000E+00 0.000E+00 0.000E+00
 0.0   1 7.292E-05 9.737E-09 7.291E-05 0.000E+00 0.000E+00 0.000E+00 0.000E+00 1.051E-11
 1.0   1 3.361E-04 9.282E-08 3.360E-04 0.000E+00 0.000E+00 0.000E+00 0.000E+00 0.000E+00
 2.0   1 7.940E-04 2.361E-07 7.938E-04 0.000E+00 0.000E+00 0.000E+00 0.000E+00 2.997E-11
 3.0   1 9.899E-04 3.518E-07 9.895E-04 0.000E+00 0.000E+00 0.000E+00 0.000E+00 0.000E+00
 4.0   1 7.108E-04 3.163E-07 7.105E-04 0.000E+00 0.000E+00 0.000E+00 0.000E+00 7.212E-12
 5.0   1 7.146E-04 3.720E-07 7.142E-04 0.000E+00 0.000E+00 0.000E+00 0.000E+00 0.000E+00
 6.0   1 2.506E-04 1.438E-07 2.504E-04 0.000E+00 0.000E+00 0.000E+00 0.000E+00 0.000E+00
 7.0   1 2.200E-04 1.460E-07 2.198E-04 0.000E+00 0.000E+00 0.000E+00 0.000E+00 0.000E+00
 8.0   1 8.436E-07 1.045E-09 8.425E-07 0.000E+00 0.000E+00 0.000E+00 0.000E+00 0.000E+00
 9.0   1 6.632E-07 7.050E-10 6.625E-07 0.000E+00 0.000E+00 0.000E+00 0.000E+00 0.000E+00
  69   7.464 5.047E-03 -1 1.324E-03 1.946E-05 1.561E-04 2.466E-04 3.068E-04 3.368E-04 1.269E-04 1.184E-04 6.892E-06 5.695E-06
  69   7.464 5.047E-03  1 3.724E-03 6.544E-05 3.067E-04 7.202E-04 8.970E-04 6.464E-04 6.486E-04 2.334E-04 2.043E-04 8.677E-07
 0.0  -1 1.946E-05 2.825E-09 1.946E-05 0.000E+00 0.000E+00 0.000E+00 0.000E+00 0.000E+00
 1.0  -1 1.561E-04 2.658E-08 1.561E-04 0.000E+00 0.000E+00 0.000E+00 0.000E+00 1.468E-12
 2.0  -1 2.466E-04 3.939E-08 2.466E-04 0.000E+00 0.000E+00 0.000E+00 0.000E+00 0.000E+00
 3.0  -1 3.068E-04 7.465E-08 3.067E-04 0.000E+00 0.000E+00 0.000E+00 0.000E+00 1.312E-12
 4.0  -1 3.368E-04 8.377E-08 3.367E-04 0.000E+00 0.000E+00 0.000E+00 0.000E+00 0.000E+00
 5.0  -1 1.269E-04 3.942E-08 1.269E-04 0.000E+00 0.000E+00 0.000E+00 0.000E+00 0.000E+00
 6.0  -1 1.184E-04 3.572E-08 1.183E-04 0.000E+00 0.000E+00 0.000E+00 0.000E+00 0.000E+00
 7.0  -1 6.892E-06 3.839E-09 6.888E-06 0.000E+00 0.000E+00 0.000E+00 0.000E+00 0.000E+00
 8.0  -1 5.695E-06 2.476E-09 5.692E-06 0.000E+00 0.000E+00 0.000E+00 0.000E+00 0.000E+00
 9.0  -1 3.480E-08 1.891E-10 3.462E-08 0.000E+00 0.000E+00 0.000E+00 0.000E+00 0.000E+00
10.0  -1 2.593E-08 1.464E-10 2.578E-08 0.000E+00 0.000E+00 0.000E+00 0.000E+00 0.000E+00
 0.0   1 6.544E-05 9.289E-09 6.543E-05 0.000E+00 0.000E+00 0.000E+00 0.000E+00 7.749E-12
 1.0   1 3.067E-04 9.499E-08 3.066E-04 0.000E+00 0.000E+00 0.000E+00 0.000E+00 0.000E+00
 2.0   1 7.202E-04 2.353E-07 7.200E-04 0.000E+00 0.000E+00 0.000E+00 0.000E+00 2.312E-11
 3.0   1 8.970E-04 3.559E-07 8.966E-04 0.000E+00 0.000E+00 0.000E+00 0.000E+00 0.000E+00
 4.0   1 6.464E-04 3.212E-07 6.461E-04 0.000E+00 0.000E+00 0.000E+00 0.000E+00 5.678E-12
 5.0   1 6.486E-04 3.720E-07 6.482E-04 0.000E+00 0.000E+00 0.000E+00 0.000E+00 0.000E+00
 6.0   1 2.334E-04 1.578E-07 2.332E-04 0.000E+00 0.000E+00 0.000E+00 0.000E+00 0.000E+00
 7.0   1 2.043E-04 1.627E-07 2.042E-04 0.000E+00 0.000E+00 0.000E+00 0.000E+00 0.000E+00
 8.0   1 8.677E-07 1.671E-09 8.661E-07 0.000E+00 0.000E+00 0.000E+00 0.000E+00 0.000E+00
 9.0   1 6.798E-07 1.057E-09 6.787E-07 0.000E+00 0.000E+00 0.000E+00 0.000E+00 0.000E+00
  68   7.372 4.596E-03 -1 1.211E-03 1.801E-05 1.422E-04 2.251E-04 2.796E-04 3.064E-04 1.175E-04 1.092E-04 6.885E-06 5.671E-06
  68   7.372 4.596E-03  1 3.386E-03 5.871E-05 2.795E-04 6.528E-04 8.122E-04 5.872E-04 5.880E-04 2.166E-04 1.890E-04 8.879E-07
 0.0  -1 1.801E-05 2.732E-09 1.800E-05 0.000E+00 0.000E+00 0.000E+00 0.000E+00 0.000E+00
 1.0  -1 1.422E-04 2.523E-08 1.421E-04 0.000E+00 0.000E+00 0.000E+00 0.000E+00 8.705E-13
 2.0  -1 2.251E-04 3.776E-08 2.250E-04 0.000E+00 0.000E+00 0.000E+00 0.000E+00 0.000E+00
 3.0  -1 2.796E-04 7.095E-08 2.795E-04 0.000E+00 0.000E+00 0.000E+00 0.000E+00 7.820E-13
 4.0  -1 3.064E-04 7.779E-08 3.064E-04 0.000E+00 0.000E+00 0.000E+00 0.000E+00 0.000E+00
 5.0  -1 1.175E-04 3.749E-08 1.174E-04 0.000E+00 0.000E+00 0.000E+00 0.000E+00 0.000E+00
 6.0  -1 1.092E-04 3.342E-08 1.092E-04 0.000E+00 0.000E+00 0.000E+00 0.000E+00 0.000E+00
 7.0  -1 6.885E-06 4.986E-09 6.880E-06 0.000E+00 0.000E+00 0.000E+00 0.000E+00 0.000E+00
 8.0  -1 5.671E-06 3.059E-09 5.668E-06 0.000E+00 0.000E+00 0.000E+00 0.000E+00 0.000E+00
 9.0  -1 3.656E-08 8.078E-10 3.575E-08 0.000E+00 0.000E+00 0.000E+00 0.000E+00 0.000E+00
10.0  -1 2.712E-08 6.376E-10 2.648E-08 0.000E+00 0.000E+00 0.000E+00 0.000E+00 0.000E+00
 0.0   1 5.871E-05 9.022E-09 5.870E-05 0.000E+00 0.000E+00 0.000E+00 0.000E+00 5.271E-12
 1.0   1 2.795E-04 9.928E-08 2.794E-04 0.000E+00 0.000E+00 0.000E+00 0.000E+00 0.000E+00
 2.0   1 6.528E-04 2.353E-07 6.526E-04 0.000E+00 0.000E+00 0.000E+00 0.000E+00 1.618E-11
 3.0   1 8.122E-04 3.620E-07 8.118E-04 0.000E+00 0.000E+00 0.000E+00 0.000E+00 0.000E+00
 4.0   1 5.872E-04 3.219E-07 5.869E-04 0.000E+00 0.000E+00 0.000E+00 0.000E+00 3.981E-12
 5.0   1 5.880E-04 3.601E-07 5.876E-04 0.000E+00 0.000E+00 0.000E+00 0.000E+00 0.000E+00
 6.0   1 2.166E-04 1.748E-07 2.164E-04 0.000E+00 0.000E+00 0.000E+00 0.000E+00 0.000E+00
 7.0   1 1.890E-04 1.862E-07 1.889E-04 0.000E+00 0.000E+00 0.000E+00 0.000E+00 0.000E+00
 8.0   1 8.879E-07 3.867E-09 8.840E-07 0.000E+00 0.000E+00 0.000E+00 0.000E+00 0.000E+00
 9.0   1 6.929E-07 2.283E-09 6.906E-07 0.000E+00 0.000E+00 0.000E+00 0.000E+00 0.000E+00
  67   7.281 4.181E-03 -1 1.107E-03 1.664E-05 1.294E-04 2.054E-04 2.548E-04 2.788E-04 1.086E-04 1.007E-04 6.862E-06 5.632E-06
  67   7.281 4.181E-03  1 3.074E-03 5.267E-05 2.545E-04 5.913E-04 7.348E-04 5.328E-04 5.323E-04 2.002E-04 1.742E-04 9.066E-07
 0.0  -1 1.664E-05 2.564E-09 1.664E-05 0.000E+00 0.000E+00 0.000E+00 0.000E+00 0.000E+00
 1.0  -1 1.294E-04 2.467E-08 1.294E-04 0.000E+00 0.000E+00 0.000E+00 0.000E+00 0.000E+00
 2.0  -1 2.054E-04 3.752E-08 2.053E-04 0.000E+00 0.000E+00 0.000E+00 0.000E+00 0.000E+00
 3.0  -1 2.548E-04 6.637E-08 2.547E-04 0.000E+00 0.000E+00 0.000E+00 0.000E+00 0.000E+00
 4.0  -1 2.788E-04 6.960E-08 2.787E-04 0.000E+00 0.000E+00 0.000E+00 0.000E+00 0.000E+00
 5.0  -1 1.086E-04 3.440E-08 1.086E-04 0.000E+00 0.000E+00 0.000E+00 0.000E+00 0.000E+00
 6.0  -1 1.007E-04 3.017E-08 1.007E-04 0.000E+00 0.000E+00 0.000E+00 0.000E+00 0.000E+00
 7.0  -1 6.862E-06 1.075E-08 6.851E-06 0.000E+00 0.000E+00 0.000E+00 0.000E+00 0.000E+00
 8.0  -1 5.632E-06 7.047E-09 5.625E-06 0.000E+00 0.000E+00 0.000E+00 0.000E+00 0.000E+00
 9.0  -1 3.835E-08 1.853E-08 1.982E-08 0.000E+00 0.000E+00 0.000E+00 0.000E+00 0.000E+00
10.0  -1 2.833E-08 1.331E-08 1.502E-08 0.000E+00 0.000E+00 0.000E+00 0.000E+00 0.000E+00
 0.0   1 5.267E-05 8.624E-09 5.266E-05 0.000E+00 0.000E+00 0.000E+00 0.000E+00 4.343E-12
 1.0   1 2.545E-04 1.023E-07 2.544E-04 0.000E+00 0.000E+00 0.000E+00 0.000E+00 0.000E+00
 2.0   1 5.913E-04 2.275E-07 5.910E-04 0.000E+00 0.000E+00 0.000E+00 0.000E+00 0.000E+00
 3.0   1 7.348E-04 3.555E-07 7.345E-04 0.000E+00 0.000E+00 0.000E+00 0.000E+00 0.000E+00
 4.0   1 5.328E-04 3.089E-07 5.325E-04 0.000E+00 0.000E+00 0.000E+00 0.000E+00 0.000E+00
 5.0   1 5.323E-04 3.262E-07 5.320E-04 0.000E+00 0.000E+00 0.000E+00 0.000E+00 0.000E+00
 6.0   1 2.002E-04 1.839E-07 2.000E-04 0.000E+00 0.000E+00 0.000E+00 0.000E+00 0.000E+00
 7.0   1 1.742E-04 2.032E-07 1.740E-04 0.000E+00 0.000E+00 0.000E+00 0.000E+00 0.000E+00
 8.0   1 9.066E-07 2.899E-08 8.776E-07 0.000E+00 0.000E+00 0.000E+00 0.000E+00 0.000E+00
 9.0   1 7.049E-07 1.924E-08 6.856E-07 0.000E+00 0.000E+00 0.000E+00 0.000E+00 0.000E+00
  66   7.189 3.800E-03 -1 1.012E-03 1.536E-05 1.178E-04 1.873E-04 2.321E-04 2.535E-04 1.003E-04 9.278E-05 6.812E-06 5.572E-06
  66   7.189 3.800E-03  1 2.789E-03 4.724E-05 2.314E-04 5.351E-04 6.644E-04 4.828E-04 4.814E-04 1.844E-04 1.600E-04 9.209E-07
 0.0  -1 1.536E-05 2.367E-09 1.536E-05 0.000E+00 0.000E+00 0.000E+00 0.000E+00 0.000E+00
 1.0  -1 1.178E-04 2.395E-08 1.178E-04 0.000E+00 0.000E+00 0.000E+00 0.000E+00 0.000E+00
 2.0  -1 1.873E-04 3.913E-08 1.873E-04 0.000E+00 0.000E+00 0.000E+00 0.000E+00 0.000E+00
 3.0  -1 2.321E-04 6.473E-08 2.321E-04 0.000E+00 0.000E+00 0.000E+00 0.000E+00 0.000E+00
 4.0  -1 2.535E-04 6.113E-08 2.535E-04 0.000E+00 0.000E+00 0.000E+00 0.000E+00 0.000E+00
 5.0  -1 1.003E-04 3.116E-08 1.003E-04 0.000E+00 0.000E+00 0.000E+00 0.000E+00 0.000E+00
 6.0  -1 9.278E-05 2.688E-08 9.276E-05 0.000E+00 0.000E+00 0.000E+00 0.000E+00 0.000E+00
 7.0  -1 6.812E-06 2.559E-08 6.787E-06 0.000E+00 0.000E+00 0.000E+00 0.000E+00 0.000E+00
 8.0  -1 5.572E-06 1.925E-08 5.553E-06 0.000E+00 0.000E+00 0.000E+00 0.000E+00 0.000E+00
 9.0  -1 3.992E-08 2.812E-08 1.180E-08 0.000E+00 0.000E+00 0.000E+00 0.000E+00 0.000E+00
10.0  -1 2.936E-08 2.013E-08 9.231E-09 0.000E+00 0.000E+00 0.000E+00 0.000E+00 0.000E+00
 0.0   1 4.724E-05 8.263E-09 4.723E-05 0.000E+00 0.000E+00 0.000E+00 0.000E+00 3.570E-12
 1.0   1 2.314E-04 1.056E-07 2.313E-04 0.000E+00 0.000E+00 0.000E+00 0.000E+00 0.000E+00
 2.0   1 5.351E-04 2.162E-07 5.349E-04 0.000E+00 0.000E+00 0.000E+00 0.000E+00 0.000E+00
 3.0   1 6.644E-04 3.442E-07 6.641E-04 0.000E+00 0.000E+00 0.000E+00 0.000E+00 0.000E+00
 4.0   1 4.828E-04 2.922E-07 4.826E-04 0.000E+00 0.000E+00 0.000E+00 0.000E+00 0.000E+00
 5.0   1 4.814E-04 2.892E-07 4.811E-04 0.000E+00 0.000E+00 0.000E+00 0.000E+00 0.000E+00
 6.0   1 1.844E-04 1.819E-07 1.842E-04 0.000E+00 0.000E+00 0.000E+00 0.000E+00 0.000E+00
 7.0   1 1.600E-04 1.988E-07 1.598E-04 0.000E+00 0.000E+00 0.000E+00 0.000E+00 0.000E+00
 8.0   1 9.209E-07 9.449E-08 8.264E-07 0.000E+00 0.000E+00 0.000E+00 0.000E+00 0.000E+00
 9.0   1 7.132E-07 8.062E-08 6.325E-07 0.000E+00 0.000E+00 0.000E+00 0.000E+00 0.000E+00
  65   7.098 3.451E-03 -1 9.246E-04 1.417E-05 1.072E-04 1.709E-04 2.115E-04 2.306E-04 9.258E-05 8.541E-05 6.754E-06 5.505E-06
  65   7.098 3.451E-03  1 2.526E-03 4.237E-05 2.103E-04 4.840E-04 6.003E-04 4.371E-04 4.348E-04 1.693E-04 1.464E-04 9.361E-07
 0.0  -1 1.417E-05 2.187E-09 1.416E-05 0.000E+00 0.000E+00 0.000E+00 0.000E+00 0.000E+00
 1.0  -1 1.072E-04 2.462E-08 1.071E-04 0.000E+00 0.000E+00 0.000E+00 0.000E+00 0.000E+00
 2.0  -1 1.709E-04 4.239E-08 1.708E-04 0.000E+00 0.000E+00 0.000E+00 0.000E+00 0.000E+00
 3.0  -1 2.115E-04 6.063E-08 2.114E-04 0.000E+00 0.000E+00 0.000E+00 0.000E+00 0.000E+00
 4.0  -1 2.306E-04 5.382E-08 2.305E-04 0.000E+00 0.000E+00 0.000E+00 0.000E+00 0.000E+00
 5.0  -1 9.258E-05 2.866E-08 9.255E-05 0.000E+00 0.000E+00 0.000E+00 0.000E+00 0.000E+00
 6.0  -1 8.541E-05 2.421E-08 8.539E-05 0.000E+00 0.000E+00 0.000E+00 0.000E+00 0.000E+00
 7.0  -1 6.754E-06 4.157E-08 6.712E-06 0.000E+00 0.000E+00 0.000E+00 0.000E+00 0.000E+00
 8.0  -1 5.505E-06 2.793E-08 5.477E-06 0.000E+00 0.000E+00 0.000E+00 0.000E+00 0.000E+00
 9.0  -1 4.173E-08 3.518E-08 6.549E-09 0.000E+00 0.000E+00 0.000E+00 0.000E+00 0.000E+00
10.0  -1 3.056E-08 2.450E-08 6.061E-09 0.000E+00 0.000E+00 0.000E+00 0.000E+00 0.000E+00
 0.0   1 4.237E-05 7.528E-09 4.236E-05 0.000E+00 0.000E+00 0.000E+00 0.000E+00 2.653E-12
 1.0   1 2.103E-04 1.036E-07 2.102E-04 0.000E+00 0.000E+00 0.000E+00 0.000E+00 0.000E+00
 2.0   1 4.840E-04 1.972E-07 4.838E-04 0.000E+00 0.000E+00 0.000E+00 0.000E+00 0.000E+00
 3.0   1 6.003E-04 3.210E-07 6.000E-04 0.000E+00 0.000E+00 0.000E+00 0.000E+00 0.000E+00
 4.0   1 4.371E-04 2.798E-07 4.368E-04 0.000E+00 0.000E+00 0.000E+00 0.000E+00 0.000E+00
 5.0   1 4.348E-04 2.633E-07 4.346E-04 0.000E+00 0.000E+00 0.000E+00 0.000E+00 0.000E+00
 6.0   1 1.693E-04 1.943E-07 1.691E-04 0.000E+00 0.000E+00 0.000E+00 0.000E+00 0.000E+00
 7.0   1 1.464E-04 2.062E-07 1.462E-04 0.000E+00 0.000E+00 0.000E+00 0.000E+00 0.000E+00
 8.0   1 9.361E-07 1.878E-07 7.483E-07 0.000E+00 0.000E+00 0.000E+00 0.000E+00 0.000E+00
 9.0   1 7.220E-07 1.436E-07 5.784E-07 0.000E+00 0.000E+00 0.000E+00 0.000E+00 0.000E+00
  64   7.007 3.131E-03 -1 8.447E-04 1.305E-05 9.746E-05 1.558E-04 1.926E-04 2.096E-04 8.539E-05 7.856E-05 6.676E-06 5.421E-06
  64   7.007 3.131E-03  1 2.286E-03 3.800E-05 1.908E-04 4.374E-04 5.420E-04 3.953E-04 3.923E-04 1.550E-04 1.336E-04 9.478E-07
 0.0  -1 1.305E-05 2.040E-09 1.305E-05 0.000E+00 0.000E+00 0.000E+00 0.000E+00 0.000E+00
 1.0  -1 9.746E-05 2.246E-08 9.744E-05 0.000E+00 0.000E+00 0.000E+00 0.000E+00 0.000E+00
 2.0  -1 1.558E-04 4.098E-08 1.558E-04 0.000E+00 0.000E+00 0.000E+00 0.000E+00 0.000E+00
 3.0  -1 1.926E-04 5.718E-08 1.926E-04 0.000E+00 0.000E+00 0.000E+00 0.000E+00 0.000E+00
 4.0  -1 2.096E-04 4.791E-08 2.096E-04 0.000E+00 0.000E+00 0.000E+00 0.000E+00 0.000E+00
 5.0  -1 8.539E-05 2.738E-08 8.537E-05 0.000E+00 0.000E+00 0.000E+00 0.000E+00 0.000E+00
 6.0  -1 7.856E-05 2.239E-08 7.854E-05 0.000E+00 0.000E+00 0.000E+00 0.000E+00 0.000E+00
 7.0  -1 6.676E-06 7.366E-08 6.602E-06 0.000E+00 0.000E+00 0.000E+00 0.000E+00 0.000E+00
 8.0  -1 5.421E-06 4.180E-08 5.380E-06 0.000E+00 0.000E+00 0.000E+00 0.000E+00 0.000E+00
 9.0  -1 4.339E-08 3.983E-08 3.560E-09 0.000E+00 0.000E+00 0.000E+00 0.000E+00 0.000E+00
10.0  -1 3.163E-08 2.752E-08 4.113E-09 0.000E+00 0.000E+00 0.000E+00 0.000E+00 0.000E+00
 0.0   1 3.800E-05 6.655E-09 3.799E-05 0.000E+00 0.000E+00 0.000E+00 0.000E+00 1.772E-12
 1.0   1 1.908E-04 1.009E-07 1.907E-04 0.000E+00 0.000E+00 0.000E+00 0.000E+00 0.000E+00
 2.0   1 4.374E-04 1.777E-07 4.373E-04 0.000E+00 0.000E+00 0.000E+00 0.000E+00 0.000E+00
 3.0   1 5.420E-04 2.979E-07 5.417E-04 0.000E+00 0.000E+00 0.000E+00 0.000E+00 0.000E+00
 4.0   1 3.953E-04 2.835E-07 3.950E-04 0.000E+00 0.000E+00 0.000E+00 0.000E+00 0.000E+00
 5.0   1 3.923E-04 2.495E-07 3.921E-04 0.000E+00 0.000E+00 0.000E+00 0.000E+00 0.000E+00
 6.0   1 1.550E-04 2.489E-07 1.547E-04 0.000E+00 0.000E+00 0.000E+00 0.000E+00 0.000E+00
 7.0   1 1.336E-04 2.466E-07 1.334E-04 0.000E+00 0.000E+00 0.000E+00 0.000E+00 0.000E+00
 8.0   1 9.478E-07 3.661E-07 5.817E-07 0.000E+00 0.000E+00 0.000E+00 0.000E+00 0.000E+00
 9.0   1 7.281E-07 2.404E-07 4.877E-07 0.000E+00 0.000E+00 0.000E+00 0.000E+00 0.000E+00
  63   6.915 2.838E-03 -1 7.716E-04 1.201E-05 8.861E-05 1.421E-04 1.754E-04 1.906E-04 7.871E-05 7.221E-05 6.576E-06 5.321E-06
  63   6.915 2.838E-03  1 2.067E-03 3.408E-05 1.730E-04 3.951E-04 4.890E-04 3.571E-04 3.536E-04 1.414E-04 1.216E-04 9.550E-07
 0.0  -1 1.201E-05 1.941E-09 1.201E-05 0.000E+00 0.000E+00 0.000E+00 0.000E+00 0.000E+00
 1.0  -1 8.861E-05 2.043E-08 8.859E-05 0.000E+00 0.000E+00 0.000E+00 0.000E+00 0.000E+00
 2.0  -1 1.421E-04 4.226E-08 1.421E-04 0.000E+00 0.000E+00 0.000E+00 0.000E+00 0.000E+00
 3.0  -1 1.754E-04 5.759E-08 1.754E-04 0.000E+00 0.000E+00 0.000E+00 0.000E+00 0.000E+00
 4.0  -1 1.906E-04 4.471E-08 1.905E-04 0.000E+00 0.000E+00 0.000E+00 0.000E+00 0.000E+00
 5.0  -1 7.871E-05 3.097E-08 7.868E-05 0.000E+00 0.000E+00 0.000E+00 0.000E+00 0.000E+00
 6.0  -1 7.221E-05 2.316E-08 7.219E-05 0.000E+00 0.000E+00 0.000E+00 0.000E+00 0.000E+00
 7.0  -1 6.576E-06 1.196E-07 6.457E-06 0.000E+00 0.000E+00 0.000E+00 0.000E+00 0.000E+00
 8.0  -1 5.321E-06 5.777E-08 5.263E-06 0.000E+00 0.000E+00 0.000E+00 0.000E+00 0.000E+00
 9.0  -1 4.480E-08 4.193E-08 2.875E-09 0.000E+00 0.000E+00 0.000E+00 0.000E+00 0.000E+00
10.0  -1 3.251E-08 2.915E-08 3.362E-09 0.000E+00 0.000E+00 0.000E+00 0.000E+00 0.000E+00
 0.0   1 3.408E-05 6.055E-09 3.407E-05 0.000E+00 0.000E+00 0.000E+00 0.000E+00 1.070E-12
 1.0   1 1.730E-04 9.666E-08 1.729E-04 0.000E+00 0.000E+00 0.000E+00 0.000E+00 0.000E+00
 2.0   1 3.951E-04 1.578E-07 3.949E-04 0.000E+00 0.000E+00 0.000E+00 0.000E+00 0.000E+00
 3.0   1 4.890E-04 2.716E-07 4.887E-04 0.000E+00 0.000E+00 0.000E+00 0.000E+00 0.000E+00
 4.0   1 3.571E-04 2.878E-07 3.568E-04 0.000E+00 0.000E+00 0.000E+00 0.000E+00 0.000E+00
 5.0   1 3.536E-04 2.452E-07 3.533E-04 0.000E+00 0.000E+00 0.000E+00 0.000E+00 0.000E+00
 6.0   1 1.414E-04 4.960E-07 1.409E-04 0.000E+00 0.000E+00 0.000E+00 0.000E+00 0.000E+00
 7.0   1 1.216E-04 3.895E-07 1.212E-04 0.000E+00 0.000E+00 0.000E+00 0.000E+00 0.000E+00
 8.0   1 9.550E-07 5.246E-07 4.304E-07 0.000E+00 0.000E+00 0.000E+00 0.000E+00 0.000E+00
 9.0   1 7.306E-07 3.182E-07 4.124E-07 0.000E+00 0.000E+00 0.000E+00 0.000E+00 0.000E+00
  62   6.824 2.571E-03 -1 7.047E-04 1.104E-05 8.054E-05 1.296E-04 1.598E-04 1.732E-04 7.251E-05 6.632E-05 6.456E-06 5.203E-06
  62   6.824 2.571E-03  1 1.866E-03 3.056E-05 1.567E-04 3.566E-04 4.409E-04 3.222E-04 3.184E-04 1.288E-04 1.103E-04 9.573E-07
 0.0  -1 1.104E-05 1.926E-09 1.104E-05 0.000E+00 0.000E+00 0.000E+00 0.000E+00 0.000E+00
 1.0  -1 8.054E-05 1.890E-08 8.053E-05 0.000E+00 0.000E+00 0.000E+00 0.000E+00 0.000E+00
 2.0  -1 1.296E-04 3.828E-08 1.296E-04 0.000E+00 0.000E+00 0.000E+00 0.000E+00 0.000E+00
 3.0  -1 1.598E-04 5.107E-08 1.597E-04 0.000E+00 0.000E+00 0.000E+00 0.000E+00 0.000E+00
 4.0  -1 1.732E-04 4.405E-08 1.732E-04 0.000E+00 0.000E+00 0.000E+00 0.000E+00 0.000E+00
 5.0  -1 7.251E-05 4.750E-08 7.246E-05 0.000E+00 0.000E+00 0.000E+00 0.000E+00 0.000E+00
 6.0  -1 6.632E-05 2.777E-08 6.630E-05 0.000E+00 0.000E+00 0.000E+00 0.000E+00 0.000E+00
 7.0  -1 6.456E-06 1.486E-07 6.307E-06 0.000E+00 0.000E+00 0.000E+00 0.000E+00 0.000E+00
 8.0  -1 5.203E-06 6.953E-08 5.134E-06 0.000E+00 0.000E+00 0.000E+00 0.000E+00 0.000E+00
 9.0  -1 4.592E-08 4.370E-08 2.226E-09 0.000E+00 0.000E+00 0.000E+00 0.000E+00 0.000E+00
10.0  -1 3.315E-08 3.052E-08 2.632E-09 0.000E+00 0.000E+00 0.000E+00 0.000E+00 0.000E+00
 0.0   1 3.056E-05 5.771E-09 3.056E-05 0.000E+00 0.000E+00 0.000E+00 0.000E+00 0.000E+00
 1.0   1 1.567E-04 9.408E-08 1.566E-04 0.000E+00 0.000E+00 0.000E+00 0.000E+00 0.000E+00
 2.0   1 3.566E-04 1.406E-07 3.565E-04 0.000E+00 0.000E+00 0.000E+00 0.000E+00 0.000E+00
 3.0   1 4.409E-04 2.349E-07 4.407E-04 0.000E+00 0.000E+00 0.000E+00 0.000E+00 0.000E+00
 4.0   1 3.222E-04 2.531E-07 3.220E-04 0.000E+00 0.000E+00 0.000E+00 0.000E+00 0.000E+00
 5.0   1 3.184E-04 2.143E-07 3.181E-04 0.000E+00 0.000E+00 0.000E+00 0.000E+00 0.000E+00
 6.0   1 1.288E-04 7.513E-07 1.280E-04 0.000E+00 0.000E+00 0.000E+00 0.000E+00 0.000E+00
 7.0   1 1.103E-04 4.736E-07 1.099E-04 0.000E+00 0.000E+00 0.000E+00 0.000E+00 0.000E+00
 8.0   1 9.573E-07 5.807E-07 3.767E-07 0.000E+00 0.000E+00 0.000E+00 0.000E+00 0.000E+00
 9.0   1 7.292E-07 3.592E-07 3.701E-07 0.000E+00 0.000E+00 0.000E+00 0.000E+00 0.000E+00
  61   6.732 2.327E-03 -1 6.435E-04 1.015E-05 7.319E-05 1.182E-04 1.455E-04 1.574E-04 6.675E-05 6.088E-05 6.315E-06 5.070E-06
  61   6.732 2.327E-03  1 1.684E-03 2.741E-05 1.418E-04 3.217E-04 3.974E-04 2.905E-04 2.863E-04 1.170E-04 9.989E-05 9.545E-07
 0.0  -1 1.015E-05 2.152E-09 1.015E-05 0.000E+00 0.000E+00 0.000E+00 0.000E+00 0.000E+00
 1.0  -1 7.319E-05 1.816E-08 7.317E-05 0.000E+00 0.000E+00 0.000E+00 0.000E+00 0.000E+00
 2.0  -1 1.182E-04 3.491E-08 1.181E-04 0.000E+00 0.000E+00 0.000E+00 0.000E+00 0.000E+00
 3.0  -1 1.455E-04 4.527E-08 1.454E-04 0.000E+00 0.000E+00 0.000E+00 0.000E+00 0.000E+00
 4.0  -1 1.574E-04 3.839E-08 1.574E-04 0.000E+00 0.000E+00 0.000E+00 0.000E+00 0.000E+00
 5.0  -1 6.675E-05 4.415E-08 6.671E-05 0.000E+00 0.000E+00 0.000E+00 0.000E+00 0.000E+00
 6.0  -1 6.088E-05 2.539E-08 6.085E-05 0.000E+00 0.000E+00 0.000E+00 0.000E+00 0.000E+00
 7.0  -1 6.315E-06 1.831E-07 6.132E-06 0.000E+00 0.000E+00 0.000E+00 0.000E+00 0.000E+00
 8.0  -1 5.070E-06 8.435E-08 4.985E-06 0.000E+00 0.000E+00 0.000E+00 0.000E+00 0.000E+00
 9.0  -1 4.675E-08 4.510E-08 1.644E-09 0.000E+00 0.000E+00 0.000E+00 0.000E+00 0.000E+00
10.0  -1 3.356E-08 3.159E-08 1.961E-09 0.000E+00 0.000E+00 0.000E+00 0.000E+00 0.000E+00
 0.0   1 2.741E-05 5.901E-09 2.740E-05 0.000E+00 0.000E+00 0.000E+00 0.000E+00 0.000E+00
 1.0   1 1.418E-04 9.811E-08 1.417E-04 0.000E+00 0.000E+00 0.000E+00 0.000E+00 0.000E+00
 2.0   1 3.217E-04 1.285E-07 3.216E-04 0.000E+00 0.000E+00 0.000E+00 0.000E+00 0.000E+00
 3.0   1 3.974E-04 2.014E-07 3.971E-04 0.000E+00 0.000E+00 0.000E+00 0.000E+00 0.000E+00
 4.0   1 2.905E-04 2.108E-07 2.903E-04 0.000E+00 0.000E+00 0.000E+00 0.000E+00 0.000E+00
 5.0   1 2.863E-04 1.774E-07 2.862E-04 0.000E+00 0.000E+00 0.000E+00 0.000E+00 0.000E+00
 6.0   1 1.170E-04 7.263E-07 1.162E-04 0.000E+00 0.000E+00 0.000E+00 0.000E+00 0.000E+00
 7.0   1 9.989E-05 4.548E-07 9.943E-05 0.000E+00 0.000E+00 0.000E+00 0.000E+00 0.000E+00
 8.0   1 9.545E-07 6.378E-07 3.167E-07 0.000E+00 0.000E+00 0.000E+00 0.000E+00 0.000E+00
 9.0   1 7.239E-07 4.037E-07 3.202E-07 0.000E+00 0.000E+00 0.000E+00 0.000E+00 0.000E+00
  60   6.641 2.105E-03 -1 5.876E-04 9.318E-06 6.650E-05 1.078E-04 1.325E-04 1.431E-04 6.143E-05 5.585E-05 6.168E-06 4.932E-06
  60   6.641 2.105E-03  1 1.518E-03 2.458E-05 1.282E-04 2.900E-04 3.579E-04 2.617E-04 2.573E-04 1.060E-04 9.022E-05 9.519E-07
 0.0  -1 9.318E-06 5.736E-09 9.313E-06 0.000E+00 0.000E+00 0.000E+00 0.000E+00 0.000E+00
 1.0  -1 6.650E-05 2.019E-08 6.648E-05 0.000E+00 0.000E+00 0.000E+00 0.000E+00 0.000E+00
 2.0  -1 1.078E-04 3.217E-08 1.077E-04 0.000E+00 0.000E+00 0.000E+00 0.000E+00 0.000E+00
 3.0  -1 1.325E-04 4.012E-08 1.324E-04 0.000E+00 0.000E+00 0.000E+00 0.000E+00 0.000E+00
 4.0  -1 1.431E-04 3.354E-08 1.430E-04 0.000E+00 0.000E+00 0.000E+00 0.000E+00 0.000E+00
 5.0  -1 6.143E-05 4.198E-08 6.139E-05 0.000E+00 0.000E+00 0.000E+00 0.000E+00 0.000E+00
 6.0  -1 5.585E-05 2.375E-08 5.583E-05 0.000E+00 0.000E+00 0.000E+00 0.000E+00 0.000E+00
 7.0  -1 6.168E-06 2.321E-07 5.936E-06 0.000E+00 0.000E+00 0.000E+00 0.000E+00 0.000E+00
 8.0  -1 4.932E-06 1.053E-07 4.827E-06 0.000E+00 0.000E+00 0.000E+00 0.000E+00 0.000E+00
 9.0  -1 4.791E-08 4.674E-08 1.165E-09 0.000E+00 0.000E+00 0.000E+00 0.000E+00 0.000E+00
10.0  -1 3.417E-08 3.277E-08 1.400E-09 0.000E+00 0.000E+00 0.000E+00 0.000E+00 0.000E+00
 0.0   1 2.458E-05 6.294E-09 2.457E-05 0.000E+00 0.000E+00 0.000E+00 0.000E+00 0.000E+00
 1.0   1 1.282E-04 1.066E-07 1.281E-04 0.000E+00 0.000E+00 0.000E+00 0.000E+00 0.000E+00
 2.0   1 2.900E-04 1.181E-07 2.899E-04 0.000E+00 0.000E+00 0.000E+00 0.000E+00 0.000E+00
 3.0   1 3.579E-04 1.750E-07 3.577E-04 0.000E+00 0.000E+00 0.000E+00 0.000E+00 0.000E+00
 4.0   1 2.617E-04 1.758E-07 2.616E-04 0.000E+00 0.000E+00 0.000E+00 0.000E+00 0.000E+00
 5.0   1 2.573E-04 1.472E-07 2.572E-04 0.000E+00 0.000E+00 0.000E+00 0.000E+00 0.000E+00
 6.0   1 1.060E-04 7.174E-07 1.053E-04 0.000E+00 0.000E+00 0.000E+00 0.000E+00 0.000E+00
 7.0   1 9.022E-05 4.462E-07 8.977E-05 0.000E+00 0.000E+00 0.000E+00 0.000E+00 0.000E+00
 8.0   1 9.519E-07 6.969E-07 2.550E-07 0.000E+00 0.000E+00 0.000E+00 0.000E+00 0.000E+00
 9.0   1 7.186E-07 4.527E-07 2.660E-07 0.000E+00 0.000E+00 0.000E+00 0.000E+00 0.000E+00
  59   6.550 1.904E-03 -1 5.366E-04 8.551E-06 6.040E-05 9.830E-05 1.207E-04 1.300E-04 5.653E-05 5.123E-05 6.019E-06 4.793E-06
  59   6.550 1.904E-03  1 1.367E-03 2.204E-05 1.158E-04 2.614E-04 3.222E-04 2.356E-04 2.311E-04 9.589E-05 8.132E-05 9.497E-07
 0.0  -1 8.551E-06 2.251E-08 8.528E-06 0.000E+00 0.000E+00 0.000E+00 0.000E+00 0.000E+00
 1.0  -1 6.040E-05 2.059E-08 6.038E-05 0.000E+00 0.000E+00 0.000E+00 0.000E+00 0.000E+00
 2.0  -1 9.830E-05 3.021E-08 9.827E-05 0.000E+00 0.000E+00 0.000E+00 0.000E+00 0.000E+00
 3.0  -1 1.207E-04 3.560E-08 1.206E-04 0.000E+00 0.000E+00 0.000E+00 0.000E+00 0.000E+00
 4.0  -1 1.300E-04 2.935E-08 1.300E-04 0.000E+00 0.000E+00 0.000E+00 0.000E+00 0.000E+00
 5.0  -1 5.653E-05 4.103E-08 5.649E-05 0.000E+00 0.000E+00 0.000E+00 0.000E+00 0.000E+00
 6.0  -1 5.123E-05 2.282E-08 5.121E-05 0.000E+00 0.000E+00 0.000E+00 0.000E+00 0.000E+00
 7.0  -1 6.019E-06 3.043E-07 5.715E-06 0.000E+00 0.000E+00 0.000E+00 0.000E+00 0.000E+00
 8.0  -1 4.793E-06 1.361E-07 4.657E-06 0.000E+00 0.000E+00 0.000E+00 0.000E+00 0.000E+00
 9.0  -1 4.927E-08 4.927E-08 0.000E+00 0.000E+00 0.000E+00 0.000E+00 0.000E+00 0.000E+00
10.0  -1 3.487E-08 3.487E-08 0.000E+00 0.000E+00 0.000E+00 0.000E+00 0.000E+00 0.000E+00
 0.0   1 2.204E-05 6.343E-09 2.204E-05 0.000E+00 0.000E+00 0.000E+00 0.000E+00 0.000E+00
 1.0   1 1.158E-04 1.095E-07 1.157E-04 0.000E+00 0.000E+00 0.000E+00 0.000E+00 0.000E+00
 2.0   1 2.614E-04 1.052E-07 2.613E-04 0.000E+00 0.000E+00 0.000E+00 0.000E+00 0.000E+00
 3.0   1 3.222E-04 1.552E-07 3.220E-04 0.000E+00 0.000E+00 0.000E+00 0.000E+00 0.000E+00
 4.0   1 2.356E-04 1.472E-07 2.355E-04 0.000E+00 0.000E+00 0.000E+00 0.000E+00 0.000E+00
 5.0   1 2.311E-04 1.225E-07 2.309E-04 0.000E+00 0.000E+00 0.000E+00 0.000E+00 0.000E+00
 6.0   1 9.589E-05 7.277E-07 9.516E-05 0.000E+00 0.000E+00 0.000E+00 0.000E+00 0.000E+00
 7.0   1 8.132E-05 4.496E-07 8.087E-05 0.000E+00 0.000E+00 0.000E+00 0.000E+00 0.000E+00
 8.0   1 9.497E-07 7.554E-07 1.943E-07 0.000E+00 0.000E+00 0.000E+00 0.000E+00 0.000E+00
 9.0   1 7.137E-07 5.042E-07 2.095E-07 0.000E+00 0.000E+00 0.000E+00 0.000E+00 0.000E+00
  58   6.458 1.720E-03 -1 4.900E-04 7.841E-06 5.486E-05 8.966E-05 1.099E-04 1.182E-04 5.199E-05 4.697E-05 5.856E-06 4.644E-06
  58   6.458 1.720E-03  1 1.230E-03 1.977E-05 1.046E-04 2.354E-04 2.899E-04 2.119E-04 2.073E-04 8.656E-05 7.315E-05 9.432E-07
 0.0  -1 7.841E-06 4.467E-08 7.796E-06 0.000E+00 0.000E+00 0.000E+00 0.000E+00 0.000E+00
 1.0  -1 5.486E-05 2.027E-08 5.484E-05 0.000E+00 0.000E+00 0.000E+00 0.000E+00 0.000E+00
 2.0  -1 8.966E-05 2.936E-08 8.963E-05 0.000E+00 0.000E+00 0.000E+00 0.000E+00 0.000E+00
 3.0  -1 1.099E-04 3.160E-08 1.099E-04 0.000E+00 0.000E+00 0.000E+00 0.000E+00 0.000E+00
 4.0  -1 1.182E-04 2.568E-08 1.182E-04 0.000E+00 0.000E+00 0.000E+00 0.000E+00 0.000E+00
 5.0  -1 5.199E-05 4.141E-08 5.195E-05 0.000E+00 0.000E+00 0.000E+00 0.000E+00 0.000E+00
 6.0  -1 4.697E-05 2.263E-08 4.695E-05 0.000E+00 0.000E+00 0.000E+00 0.000E+00 0.000E+00
 7.0  -1 5.856E-06 4.136E-07 5.442E-06 0.000E+00 0.000E+00 0.000E+00 0.000E+00 0.000E+00
 8.0  -1 4.644E-06 1.831E-07 4.461E-06 0.000E+00 0.000E+00 0.000E+00 0.000E+00 0.000E+00
 9.0  -1 5.045E-08 5.045E-08 0.000E+00 0.000E+00 0.000E+00 0.000E+00 0.000E+00 0.000E+00
10.0  -1 3.539E-08 3.539E-08 0.000E+00 0.000E+00 0.000E+00 0.000E+00 0.000E+00 0.000E+00
 0.0   1 1.977E-05 7.127E-09 1.977E-05 0.000E+00 0.000E+00 0.000E+00 0.000E+00 0.000E+00
 1.0   1 1.046E-04 1.251E-07 1.045E-04 0.000E+00 0.000E+00 0.000E+00 0.000E+00 0.000E+00
 2.0   1 2.354E-04 9.610E-08 2.353E-04 0.000E+00 0.000E+00 0.000E+00 0.000E+00 0.000E+00
 3.0   1 2.899E-04 1.417E-07 2.898E-04 0.000E+00 0.000E+00 0.000E+00 0.000E+00 0.000E+00
 4.0   1 2.119E-04 1.238E-07 2.118E-04 0.000E+00 0.000E+00 0.000E+00 0.000E+00 0.000E+00
 5.0   1 2.073E-04 1.024E-07 2.072E-04 0.000E+00 0.000E+00 0.000E+00 0.000E+00 0.000E+00
 6.0   1 8.656E-05 7.630E-07 8.580E-05 0.000E+00 0.000E+00 0.000E+00 0.000E+00 0.000E+00
 7.0   1 7.315E-05 4.683E-07 7.268E-05 0.000E+00 0.000E+00 0.000E+00 0.000E+00 0.000E+00
 8.0   1 9.432E-07 8.056E-07 1.376E-07 0.000E+00 0.000E+00 0.000E+00 0.000E+00 0.000E+00
 9.0   1 7.055E-07 5.522E-07 1.532E-07 0.000E+00 0.000E+00 0.000E+00 0.000E+00 0.000E+00
  57   6.367 1.554E-03 -1 4.474E-04 7.186E-06 4.981E-05 8.178E-05 1.001E-04 1.074E-04 4.780E-05 4.304E-05 5.680E-06 4.485E-06
  57   6.367 1.554E-03  1 1.106E-03 1.774E-05 9.436E-05 2.119E-04 2.607E-04 1.905E-04 1.858E-04 7.800E-05 6.567E-05 9.324E-07
 0.0  -1 7.186E-06 1.383E-07 7.048E-06 0.000E+00 0.000E+00 0.000E+00 0.000E+00 0.000E+00
 1.0  -1 4.981E-05 2.153E-08 4.979E-05 0.000E+00 0.000E+00 0.000E+00 0.000E+00 0.000E+00
 2.0  -1 8.178E-05 3.078E-08 8.175E-05 0.000E+00 0.000E+00 0.000E+00 0.000E+00 0.000E+00
 3.0  -1 1.001E-04 2.804E-08 1.000E-04 0.000E+00 0.000E+00 0.000E+00 0.000E+00 0.000E+00
 4.0  -1 1.074E-04 2.245E-08 1.074E-04 0.000E+00 0.000E+00 0.000E+00 0.000E+00 0.000E+00
 5.0  -1 4.780E-05 4.348E-08 4.776E-05 0.000E+00 0.000E+00 0.000E+00 0.000E+00 0.000E+00
 6.0  -1 4.304E-05 2.333E-08 4.302E-05 0.000E+00 0.000E+00 0.000E+00 0.000E+00 0.000E+00
 7.0  -1 5.680E-06 5.846E-07 5.095E-06 0.000E+00 0.000E+00 0.000E+00 0.000E+00 0.000E+00
 8.0  -1 4.485E-06 2.574E-07 4.228E-06 0.000E+00 0.000E+00 0.000E+00 0.000E+00 0.000E+00
 9.0  -1 5.148E-08 5.148E-08 0.000E+00 0.000E+00 0.000E+00 0.000E+00 0.000E+00 0.000E+00
10.0  -1 3.571E-08 3.571E-08 0.000E+00 0.000E+00 0.000E+00 0.000E+00 0.000E+00 0.000E+00
 0.0   1 1.774E-05 1.067E-08 1.773E-05 0.000E+00 0.000E+00 0.000E+00 0.000E+00 0.000E+00
 1.0   1 9.436E-05 1.901E-07 9.417E-05 0.000E+00 0.000E+00 0.000E+00 0.000E+00 0.000E+00
 2.0   1 2.119E-04 9.172E-08 2.118E-04 0.000E+00 0.000E+00 0.000E+00 0.000E+00 0.000E+00
 3.0   1 2.607E-04 1.352E-07 2.606E-04 0.000E+00 0.000E+00 0.000E+00 0.000E+00 0.000E+00
 4.0   1 1.905E-04 1.049E-07 1.904E-04 0.000E+00 0.000E+00 0.000E+00 0.000E+00 0.000E+00
 5.0   1 1.858E-04 8.633E-08 1.857E-04 0.000E+00 0.000E+00 0.000E+00 0.000E+00 0.000E+00
 6.0   1 7.800E-05 8.343E-07 7.716E-05 0.000E+00 0.000E+00 0.000E+00 0.000E+00 0.000E+00
 7.0   1 6.567E-05 5.088E-07 6.516E-05 0.000E+00 0.000E+00 0.000E+00 0.000E+00 0.000E+00
 8.0   1 9.324E-07 8.430E-07 8.944E-08 0.000E+00 0.000E+00 0.000E+00 0.000E+00 0.000E+00
 9.0   1 6.940E-07 5.915E-07 1.025E-07 0.000E+00 0.000E+00 0.000E+00 0.000E+00 0.000E+00
  56   6.276 1.403E-03 -1 4.084E-04 6.583E-06 4.523E-05 7.460E-05 9.115E-05 9.762E-05 4.393E-05 3.942E-05 5.493E-06 4.319E-06
  56   6.276 1.403E-03  1 9.941E-04 1.591E-05 8.507E-05 1.907E-04 2.344E-04 1.711E-04 1.664E-04 7.015E-05 5.884E-05 9.176E-07
 0.0  -1 6.583E-06 6.162E-07 5.966E-06 0.000E+00 0.000E+00 0.000E+00 0.000E+00 0.000E+00
 1.0  -1 4.523E-05 3.451E-08 4.519E-05 0.000E+00 0.000E+00 0.000E+00 0.000E+00 0.000E+00
 2.0  -1 7.460E-05 4.867E-08 7.455E-05 0.000E+00 0.000E+00 0.000E+00 0.000E+00 0.000E+00
 3.0  -1 9.115E-05 2.486E-08 9.113E-05 0.000E+00 0.000E+00 0.000E+00 0.000E+00 0.000E+00
 4.0  -1 9.762E-05 1.961E-08 9.760E-05 0.000E+00 0.000E+00 0.000E+00 0.000E+00 0.000E+00
 5.0  -1 4.393E-05 4.792E-08 4.388E-05 0.000E+00 0.000E+00 0.000E+00 0.000E+00 0.000E+00
 6.0  -1 3.942E-05 2.524E-08 3.939E-05 0.000E+00 0.000E+00 0.000E+00 0.000E+00 0.000E+00
 7.0  -1 5.493E-06 8.624E-07 4.630E-06 0.000E+00 0.000E+00 0.000E+00 0.000E+00 0.000E+00
 8.0  -1 4.319E-06 3.820E-07 3.937E-06 0.000E+00 0.000E+00 0.000E+00 0.000E+00 0.000E+00
 9.0  -1 5.241E-08 5.241E-08 0.000E+00 0.000E+00 0.000E+00 0.000E+00 0.000E+00 0.000E+00
10.0  -1 3.587E-08 3.587E-08 0.000E+00 0.000E+00 0.000E+00 0.000E+00 0.000E+00 0.000E+00
 0.0   1 1.591E-05 4.027E-08 1.587E-05 0.000E+00 0.000E+00 0.000E+00 0.000E+00 0.000E+00
 1.0   1 8.507E-05 7.242E-07 8.435E-05 0.000E+00 0.000E+00 0.000E+00 0.000E+00 0.000E+00
 2.0   1 1.907E-04 9.016E-08 1.906E-04 0.000E+00 0.000E+00 0.000E+00 0.000E+00 0.000E+00
 3.0   1 2.344E-04 1.329E-07 2.342E-04 0.000E+00 0.000E+00 0.000E+00 0.000E+00 0.000E+00
 4.0   1 1.711E-04 9.003E-08 1.710E-04 0.000E+00 0.000E+00 0.000E+00 0.000E+00 0.000E+00
 5.0   1 1.664E-04 7.365E-08 1.664E-04 0.000E+00 0.000E+00 0.000E+00 0.000E+00 0.000E+00
 6.0   1 7.015E-05 9.630E-07 6.919E-05 0.000E+00 0.000E+00 0.000E+00 0.000E+00 0.000E+00
 7.0   1 5.884E-05 5.837E-07 5.826E-05 0.000E+00 0.000E+00 0.000E+00 0.000E+00 0.000E+00
 8.0   1 9.176E-07 8.653E-07 5.230E-08 0.000E+00 0.000E+00 0.000E+00 0.000E+00 0.000E+00
 9.0   1 6.796E-07 6.182E-07 6.139E-08 0.000E+00 0.000E+00 0.000E+00 0.000E+00 0.000E+00
  55   6.184 1.266E-03 -1 3.729E-04 6.027E-06 4.106E-05 6.805E-05 8.302E-05 8.872E-05 4.036E-05 3.609E-05 5.298E-06 4.147E-06
  55   6.184 1.266E-03  1 8.927E-04 1.427E-05 7.664E-05 1.715E-04 2.106E-04 1.535E-04 1.489E-04 6.299E-05 5.263E-05 8.994E-07
 0.0  -1 6.027E-06 1.070E-06 4.957E-06 0.000E+00 0.000E+00 0.000E+00 0.000E+00 0.000E+00
 1.0  -1 4.106E-05 7.860E-08 4.098E-05 0.000E+00 0.000E+00 0.000E+00 0.000E+00 0.000E+00
 2.0  -1 6.805E-05 1.093E-07 6.795E-05 0.000E+00 0.000E+00 0.000E+00 0.000E+00 0.000E+00
 3.0  -1 8.302E-05 2.210E-08 8.300E-05 0.000E+00 0.000E+00 0.000E+00 0.000E+00 0.000E+00
 4.0  -1 8.872E-05 1.716E-08 8.870E-05 0.000E+00 0.000E+00 0.000E+00 0.000E+00 0.000E+00
 5.0  -1 4.036E-05 5.617E-08 4.030E-05 0.000E+00 0.000E+00 0.000E+00 0.000E+00 0.000E+00
 6.0  -1 3.609E-05 2.903E-08 3.606E-05 0.000E+00 0.000E+00 0.000E+00 0.000E+00 0.000E+00
 7.0  -1 5.298E-06 1.323E-06 3.974E-06 0.000E+00 0.000E+00 0.000E+00 0.000E+00 0.000E+00
 8.0  -1 4.147E-06 6.029E-07 3.544E-06 0.000E+00 0.000E+00 0.000E+00 0.000E+00 0.000E+00
 9.0  -1 5.335E-08 5.335E-08 0.000E+00 0.000E+00 0.000E+00 0.000E+00 0.000E+00 0.000E+00
10.0  -1 3.593E-08 3.593E-08 0.000E+00 0.000E+00 0.000E+00 0.000E+00 0.000E+00 0.000E+00
 0.0   1 1.427E-05 1.034E-07 1.417E-05 0.000E+00 0.000E+00 0.000E+00 0.000E+00 0.000E+00
 1.0   1 7.664E-05 1.864E-06 7.478E-05 0.000E+00 0.000E+00 0.000E+00 0.000E+00 0.000E+00
 2.0   1 1.715E-04 8.106E-08 1.714E-04 0.000E+00 0.000E+00 0.000E+00 0.000E+00 0.000E+00
 3.0   1 2.106E-04 1.195E-07 2.105E-04 0.000E+00 0.000E+00 0.000E+00 0.000E+00 0.000E+00
 4.0   1 1.535E-04 7.868E-08 1.535E-04 0.000E+00 0.000E+00 0.000E+00 0.000E+00 0.000E+00
 5.0   1 1.489E-04 6.399E-08 1.489E-04 0.000E+00 0.000E+00 0.000E+00 0.000E+00 0.000E+00
 6.0   1 6.299E-05 1.194E-06 6.179E-05 0.000E+00 0.000E+00 0.000E+00 0.000E+00 0.000E+00
 7.0   1 5.263E-05 7.199E-07 5.191E-05 0.000E+00 0.000E+00 0.000E+00 0.000E+00 0.000E+00
 8.0   1 8.994E-07 8.726E-07 2.679E-08 0.000E+00 0.000E+00 0.000E+00 0.000E+00 0.000E+00
 9.0   1 6.626E-07 6.307E-07 3.199E-08 0.000E+00 0.000E+00 0.000E+00 0.000E+00 0.000E+00
  54   6.093 1.142E-03 -1 3.405E-04 5.516E-06 3.727E-05 6.211E-05 7.564E-05 8.065E-05 3.709E-05 3.304E-05 5.109E-06 3.981E-06
  54   6.093 1.142E-03  1 8.015E-04 1.281E-05 6.905E-05 1.542E-04 1.892E-04 1.378E-04 1.333E-04 5.653E-05 4.705E-05 8.845E-07
 0.0  -1 5.516E-06 1.708E-06 3.808E-06 0.000E+00 0.000E+00 0.000E+00 0.000E+00 0.000E+00
 1.0  -1 3.727E-05 1.015E-07 3.717E-05 0.000E+00 0.000E+00 0.000E+00 0.000E+00 0.000E+00
 2.0  -1 6.211E-05 1.394E-07 6.197E-05 0.000E+00 0.000E+00 0.000E+00 0.000E+00 0.000E+00
 3.0  -1 7.564E-05 1.976E-08 7.562E-05 0.000E+00 0.000E+00 0.000E+00 0.000E+00 0.000E+00
 4.0  -1 8.065E-05 1.510E-08 8.063E-05 0.000E+00 0.000E+00 0.000E+00 0.000E+00 0.000E+00
 5.0  -1 3.709E-05 7.149E-08 3.701E-05 0.000E+00 0.000E+00 0.000E+00 0.000E+00 0.000E+00
 6.0  -1 3.304E-05 3.623E-08 3.301E-05 0.000E+00 0.000E+00 0.000E+00 0.000E+00 0.000E+00
 7.0  -1 5.109E-06 2.066E-06 3.044E-06 0.000E+00 0.000E+00 0.000E+00 0.000E+00 0.000E+00
 8.0  -1 3.981E-06 1.010E-06 2.972E-06 0.000E+00 0.000E+00 0.000E+00 0.000E+00 0.000E+00
 9.0  -1 5.524E-08 5.524E-08 0.000E+00 0.000E+00 0.000E+00 0.000E+00 0.000E+00 0.000E+00
10.0  -1 3.651E-08 3.651E-08 0.000E+00 0.000E+00 0.000E+00 0.000E+00 0.000E+00 0.000E+00
 0.0   1 1.281E-05 1.449E-07 1.266E-05 0.000E+00 0.000E+00 0.000E+00 0.000E+00 0.000E+00
 1.0   1 6.905E-05 2.622E-06 6.643E-05 0.000E+00 0.000E+00 0.000E+00 0.000E+00 0.000E+00
 2.0   1 1.542E-04 7.341E-08 1.541E-04 0.000E+00 0.000E+00 0.000E+00 0.000E+00 0.000E+00
 3.0   1 1.892E-04 1.082E-07 1.891E-04 0.000E+00 0.000E+00 0.000E+00 0.000E+00 0.000E+00
 4.0   1 1.378E-04 7.081E-08 1.377E-04 0.000E+00 0.000E+00 0.000E+00 0.000E+00 0.000E+00
 5.0   1 1.333E-04 5.727E-08 1.332E-04 0.000E+00 0.000E+00 0.000E+00 0.000E+00 0.000E+00
 6.0   1 5.653E-05 1.636E-06 5.490E-05 0.000E+00 0.000E+00 0.000E+00 0.000E+00 0.000E+00
 7.0   1 4.705E-05 9.824E-07 4.607E-05 0.000E+00 0.000E+00 0.000E+00 0.000E+00 0.000E+00
 8.0   1 8.845E-07 8.845E-07 0.000E+00 0.000E+00 0.000E+00 0.000E+00 0.000E+00 0.000E+00
 9.0   1 6.482E-07 6.482E-07 0.000E+00 0.000E+00 0.000E+00 0.000E+00 0.000E+00 0.000E+00
  53   6.001 1.030E-03 -1 3.110E-04 5.046E-06 3.383E-05 5.669E-05 6.893E-05 7.332E-05 3.407E-05 3.024E-05 4.917E-06 3.814E-06
  53   6.001 1.030E-03  1 7.193E-04 1.149E-05 6.218E-05 1.387E-04 1.700E-04 1.236E-04 1.192E-04 5.068E-05 4.201E-05 8.671E-07
 0.0  -1 5.046E-06 2.672E-06 2.374E-06 0.000E+00 0.000E+00 0.000E+00 0.000E+00 0.000E+00
 1.0  -1 3.383E-05 1.475E-07 3.368E-05 0.000E+00 0.000E+00 0.000E+00 0.000E+00 0.000E+00
 2.0  -1 5.669E-05 1.998E-07 5.649E-05 0.000E+00 0.000E+00 0.000E+00 0.000E+00 0.000E+00
 3.0  -1 6.893E-05 1.786E-08 6.891E-05 0.000E+00 0.000E+00 0.000E+00 0.000E+00 0.000E+00
 4.0  -1 7.332E-05 1.341E-08 7.331E-05 0.000E+00 0.000E+00 0.000E+00 0.000E+00 0.000E+00
 5.0  -1 3.407E-05 1.022E-07 3.397E-05 0.000E+00 0.000E+00 0.000E+00 0.000E+00 0.000E+00
 6.0  -1 3.024E-05 5.080E-08 3.019E-05 0.000E+00 0.000E+00 0.000E+00 0.000E+00 0.000E+00
 7.0  -1 4.917E-06 3.076E-06 1.841E-06 0.000E+00 0.000E+00 0.000E+00 0.000E+00 0.000E+00
 8.0  -1 3.814E-06 1.717E-06 2.097E-06 0.000E+00 0.000E+00 0.000E+00 0.000E+00 0.000E+00
 9.0  -1 5.729E-08 5.729E-08 0.000E+00 0.000E+00 0.000E+00 0.000E+00 0.000E+00 0.000E+00
10.0  -1 3.705E-08 3.705E-08 0.000E+00 0.000E+00 0.000E+00 0.000E+00 0.000E+00 0.000E+00
 0.0   1 1.149E-05 2.356E-07 1.126E-05 0.000E+00 0.000E+00 0.000E+00 0.000E+00 0.000E+00
 1.0   1 6.218E-05 4.225E-06 5.795E-05 0.000E+00 0.000E+00 0.000E+00 0.000E+00 0.000E+00
 2.0   1 1.387E-04 6.972E-08 1.386E-04 0.000E+00 0.000E+00 0.000E+00 0.000E+00 0.000E+00
 3.0   1 1.700E-04 1.028E-07 1.699E-04 0.000E+00 0.000E+00 0.000E+00 0.000E+00 0.000E+00
 4.0   1 1.236E-04 6.682E-08 1.235E-04 0.000E+00 0.000E+00 0.000E+00 0.000E+00 0.000E+00
 5.0   1 1.192E-04 5.374E-08 1.192E-04 0.000E+00 0.000E+00 0.000E+00 0.000E+00 0.000E+00
 6.0   1 5.068E-05 2.577E-06 4.810E-05 0.000E+00 0.000E+00 0.000E+00 0.000E+00 0.000E+00
 7.0   1 4.201E-05 1.546E-06 4.046E-05 0.000E+00 0.000E+00 0.000E+00 0.000E+00 0.000E+00
 8.0   1 8.671E-07 8.671E-07 0.000E+00 0.000E+00 0.000E+00 0.000E+00 0.000E+00 0.000E+00
 9.0   1 6.320E-07 6.320E-07 0.000E+00 0.000E+00 0.000E+00 0.000E+00 0.000E+00 0.000E+00
  52   5.910 9.292E-04 -1 2.840E-04 4.614E-06 3.070E-05 5.175E-05 6.282E-05 6.666E-05 3.129E-05 2.767E-05 4.721E-06 3.645E-06
  52   5.910 9.292E-04  1 6.452E-04 1.031E-05 5.596E-05 1.246E-04 1.526E-04 1.108E-04 1.066E-04 4.538E-05 3.746E-05 8.473E-07
 0.0  -1 4.614E-06 3.647E-06 9.669E-07 0.000E+00 0.000E+00 0.000E+00 0.000E+00 0.000E+00
 1.0  -1 3.070E-05 2.573E-07 3.045E-05 0.000E+00 0.000E+00 0.000E+00 0.000E+00 0.000E+00
 2.0  -1 5.175E-05 3.440E-07 5.141E-05 0.000E+00 0.000E+00 0.000E+00 0.000E+00 0.000E+00
 3.0  -1 6.282E-05 1.646E-08 6.281E-05 0.000E+00 0.000E+00 0.000E+00 0.000E+00 0.000E+00
 4.0  -1 6.666E-05 1.215E-08 6.665E-05 0.000E+00 0.000E+00 0.000E+00 0.000E+00 0.000E+00
 5.0  -1 3.129E-05 1.757E-07 3.112E-05 0.000E+00 0.000E+00 0.000E+00 0.000E+00 0.000E+00
 6.0  -1 2.767E-05 8.555E-08 2.759E-05 0.000E+00 0.000E+00 0.000E+00 0.000E+00 0.000E+00
 7.0  -1 4.721E-06 3.994E-06 7.269E-07 0.000E+00 0.000E+00 0.000E+00 0.000E+00 0.000E+00
 8.0  -1 3.645E-06 2.642E-06 1.003E-06 0.000E+00 0.000E+00 0.000E+00 0.000E+00 0.000E+00
 9.0  -1 5.954E-08 5.954E-08 0.000E+00 0.000E+00 0.000E+00 0.000E+00 0.000E+00 0.000E+00
10.0  -1 3.755E-08 3.755E-08 0.000E+00 0.000E+00 0.000E+00 0.000E+00 0.000E+00 0.000E+00
 0.0   1 1.031E-05 4.799E-07 9.833E-06 0.000E+00 0.000E+00 0.000E+00 0.000E+00 0.000E+00
 1.0   1 5.596E-05 8.203E-06 4.776E-05 0.000E+00 0.000E+00 0.000E+00 0.000E+00 0.000E+00
 2.0   1 1.246E-04 7.223E-08 1.245E-04 0.000E+00 0.000E+00 0.000E+00 0.000E+00 0.000E+00
 3.0   1 1.526E-04 1.066E-07 1.525E-04 0.000E+00 0.000E+00 0.000E+00 0.000E+00 0.000E+00
 4.0   1 1.108E-04 6.875E-08 1.107E-04 0.000E+00 0.000E+00 0.000E+00 0.000E+00 0.000E+00
 5.0   1 1.066E-04 5.498E-08 1.065E-04 0.000E+00 0.000E+00 0.000E+00 0.000E+00 0.000E+00
 6.0   1 4.538E-05 4.958E-06 4.042E-05 0.000E+00 0.000E+00 0.000E+00 0.000E+00 0.000E+00
 7.0   1 3.746E-05 3.006E-06 3.445E-05 0.000E+00 0.000E+00 0.000E+00 0.000E+00 0.000E+00
 8.0   1 8.473E-07 8.473E-07 0.000E+00 0.000E+00 0.000E+00 0.000E+00 0.000E+00 0.000E+00
 9.0   1 6.140E-07 6.140E-07 0.000E+00 0.000E+00 0.000E+00 0.000E+00 0.000E+00 0.000E+00
  51   5.819 8.378E-04 -1 2.594E-04 4.218E-06 2.787E-05 4.725E-05 5.726E-05 6.062E-05 2.874E-05 2.531E-05 4.523E-06 3.476E-06
  51   5.819 8.378E-04  1 5.785E-04 9.257E-06 5.035E-05 1.120E-04 1.370E-04 9.931E-05 9.519E-05 4.058E-05 3.335E-05 8.255E-07
 0.0  -1 4.218E-06 4.218E-06 0.000E+00 0.000E+00 0.000E+00 0.000E+00 0.000E+00 0.000E+00
 1.0  -1 2.787E-05 6.316E-07 2.724E-05 0.000E+00 0.000E+00 0.000E+00 0.000E+00 0.000E+00
 2.0  -1 4.725E-05 8.350E-07 4.642E-05 0.000E+00 0.000E+00 0.000E+00 0.000E+00 0.000E+00
 3.0  -1 5.726E-05 1.591E-08 5.725E-05 0.000E+00 0.000E+00 0.000E+00 0.000E+00 0.000E+00
 4.0  -1 6.062E-05 1.154E-08 6.060E-05 0.000E+00 0.000E+00 0.000E+00 0.000E+00 0.000E+00
 5.0  -1 2.874E-05 4.259E-07 2.831E-05 0.000E+00 0.000E+00 0.000E+00 0.000E+00 0.000E+00
 6.0  -1 2.531E-05 2.038E-07 2.511E-05 0.000E+00 0.000E+00 0.000E+00 0.000E+00 0.000E+00
 7.0  -1 4.523E-06 4.523E-06 0.000E+00 0.000E+00 0.000E+00 0.000E+00 0.000E+00 0.000E+00
 8.0  -1 3.476E-06 3.476E-06 0.000E+00 0.000E+00 0.000E+00 0.000E+00 0.000E+00 0.000E+00
 9.0  -1 6.207E-08 6.207E-08 0.000E+00 0.000E+00 0.000E+00 0.000E+00 0.000E+00 0.000E+00
10.0  -1 3.805E-08 3.805E-08 0.000E+00 0.000E+00 0.000E+00 0.000E+00 0.000E+00 0.000E+00
 0.0   1 9.257E-06 1.411E-06 7.846E-06 0.000E+00 0.000E+00 0.000E+00 0.000E+00 0.000E+00
 1.0   1 5.035E-05 1.964E-05 3.071E-05 0.000E+00 0.000E+00 0.000E+00 0.000E+00 0.000E+00
 2.0   1 1.120E-04 9.027E-08 1.119E-04 0.000E+00 0.000E+00 0.000E+00 0.000E+00 0.000E+00
 3.0   1 1.370E-04 1.332E-07 1.369E-04 0.000E+00 0.000E+00 0.000E+00 0.000E+00 0.000E+00
 4.0   1 9.931E-05 8.529E-08 9.922E-05 0.000E+00 0.000E+00 0.000E+00 0.000E+00 0.000E+00
 5.0   1 9.519E-05 6.785E-08 9.512E-05 0.000E+00 0.000E+00 0.000E+00 0.000E+00 0.000E+00
 6.0   1 4.058E-05 1.246E-05 2.811E-05 0.000E+00 0.000E+00 0.000E+00 0.000E+00 0.000E+00
 7.0   1 3.335E-05 7.981E-06 2.537E-05 0.000E+00 0.000E+00 0.000E+00 0.000E+00 0.000E+00
 8.0   1 8.255E-07 8.255E-07 0.000E+00 0.000E+00 0.000E+00 0.000E+00 0.000E+00 0.000E+00
 9.0   1 5.945E-07 5.945E-07 0.000E+00 0.000E+00 0.000E+00 0.000E+00 0.000E+00 0.000E+00
  50   5.727 7.553E-04 -1 2.369E-04 3.855E-06 2.529E-05 4.315E-05 5.220E-05 5.512E-05 2.638E-05 2.315E-05 4.325E-06 3.308E-06
  50   5.727 7.553E-04  1 5.184E-04 8.310E-06 4.528E-05 1.006E-04 1.230E-04 8.895E-05 8.499E-05 3.624E-05 2.966E-05 8.021E-07
 0.0  -1 3.855E-06 3.855E-06 0.000E+00 0.000E+00 0.000E+00 0.000E+00 0.000E+00 0.000E+00
 1.0  -1 2.529E-05 3.796E-06 2.150E-05 0.000E+00 0.000E+00 0.000E+00 0.000E+00 0.000E+00
 2.0  -1 4.315E-05 5.106E-06 3.805E-05 0.000E+00 0.000E+00 0.000E+00 0.000E+00 0.000E+00
 3.0  -1 5.220E-05 1.842E-08 5.218E-05 0.000E+00 0.000E+00 0.000E+00 0.000E+00 0.000E+00
 4.0  -1 5.512E-05 1.313E-08 5.511E-05 0.000E+00 0.000E+00 0.000E+00 0.000E+00 0.000E+00
 5.0  -1 2.638E-05 2.641E-06 2.374E-05 0.000E+00 0.000E+00 0.000E+00 0.000E+00 0.000E+00
 6.0  -1 2.315E-05 1.288E-06 2.186E-05 0.000E+00 0.000E+00 0.000E+00 0.000E+00 0.000E+00
 7.0  -1 4.325E-06 4.325E-06 0.000E+00 0.000E+00 0.000E+00 0.000E+00 0.000E+00 0.000E+00
 8.0  -1 3.308E-06 3.308E-06 0.000E+00 0.000E+00 0.000E+00 0.000E+00 0.000E+00 0.000E+00
 9.0  -1 6.493E-08 6.493E-08 0.000E+00 0.000E+00 0.000E+00 0.000E+00 0.000E+00 0.000E+00
10.0  -1 3.856E-08 3.856E-08 0.000E+00 0.000E+00 0.000E+00 0.000E+00 0.000E+00 0.000E+00
 0.0   1 8.310E-06 6.108E-06 2.202E-06 0.000E+00 0.000E+00 0.000E+00 0.000E+00 0.000E+00
 1.0   1 4.528E-05 4.115E-05 4.127E-06 0.000E+00 0.000E+00 0.000E+00 0.000E+00 0.000E+00
 2.0   1 1.006E-04 1.970E-07 1.004E-04 0.000E+00 0.000E+00 0.000E+00 0.000E+00 0.000E+00
 3.0   1 1.230E-04 2.908E-07 1.227E-04 0.000E+00 0.000E+00 0.000E+00 0.000E+00 0.000E+00
 4.0   1 8.895E-05 1.847E-07 8.877E-05 0.000E+00 0.000E+00 0.000E+00 0.000E+00 0.000E+00
 5.0   1 8.499E-05 1.462E-07 8.484E-05 0.000E+00 0.000E+00 0.000E+00 0.000E+00 0.000E+00
 6.0   1 3.624E-05 3.154E-05 4.705E-06 0.000E+00 0.000E+00 0.000E+00 0.000E+00 0.000E+00
 7.0   1 2.966E-05 2.450E-05 5.164E-06 0.000E+00 0.000E+00 0.000E+00 0.000E+00 0.000E+00
 8.0   1 8.021E-07 8.021E-07 0.000E+00 0.000E+00 0.000E+00 0.000E+00 0.000E+00 0.000E+00
 9.0   1 5.738E-07 5.738E-07 0.000E+00 0.000E+00 0.000E+00 0.000E+00 0.000E+00 0.000E+00
  49   5.636 6.809E-04 -1 2.164E-04 3.523E-06 2.296E-05 3.942E-05 4.760E-05 5.013E-05 2.422E-05 2.117E-05 4.130E-06 3.144E-06
  49   5.636 6.809E-04  1 4.645E-04 7.461E-06 4.072E-05 9.033E-05 1.104E-04 7.967E-05 7.587E-05 3.237E-05 2.637E-05 7.794E-07
 0.0  -1 3.523E-06 3.523E-06 0.000E+00 0.000E+00 0.000E+00 0.000E+00 0.000E+00 0.000E+00
 1.0  -1 2.296E-05 2.263E-05 3.313E-07 0.000E+00 0.000E+00 0.000E+00 0.000E+00 0.000E+00
 2.0  -1 3.942E-05 3.866E-05 7.606E-07 0.000E+00 0.000E+00 0.000E+00 0.000E+00 0.000E+00
 3.0  -1 4.760E-05 1.476E-07 4.745E-05 0.000E+00 0.000E+00 0.000E+00 0.000E+00 0.000E+00
 4.0  -1 5.013E-05 1.034E-07 5.003E-05 0.000E+00 0.000E+00 0.000E+00 0.000E+00 0.000E+00
 5.0  -1 2.422E-05 2.366E-05 5.665E-07 0.000E+00 0.000E+00 0.000E+00 0.000E+00 0.000E+00
 6.0  -1 2.117E-05 2.023E-05 9.327E-07 0.000E+00 0.000E+00 0.000E+00 0.000E+00 0.000E+00
 7.0  -1 4.130E-06 4.130E-06 0.000E+00 0.000E+00 0.000E+00 0.000E+00 0.000E+00 0.000E+00
 8.0  -1 3.144E-06 3.144E-06 0.000E+00 0.000E+00 0.000E+00 0.000E+00 0.000E+00 0.000E+00
 9.0  -1 6.860E-08 6.860E-08 0.000E+00 0.000E+00 0.000E+00 0.000E+00 0.000E+00 0.000E+00
10.0  -1 3.937E-08 3.937E-08 0.000E+00 0.000E+00 0.000E+00 0.000E+00 0.000E+00 0.000E+00
 0.0   1 7.461E-06 7.461E-06 0.000E+00 0.000E+00 0.000E+00 0.000E+00 0.000E+00 0.000E+00
 1.0   1 4.072E-05 4.072E-05 0.000E+00 0.000E+00 0.000E+00 0.000E+00 0.000E+00 0.000E+00
 2.0   1 9.033E-05 7.748E-06 8.258E-05 0.000E+00 0.000E+00 0.000E+00 0.000E+00 0.000E+00
 3.0   1 1.104E-04 1.125E-05 9.913E-05 0.000E+00 0.000E+00 0.000E+00 0.000E+00 0.000E+00
 4.0   1 7.967E-05 7.175E-06 7.250E-05 0.000E+00 0.000E+00 0.000E+00 0.000E+00 0.000E+00
 5.0   1 7.587E-05 5.740E-06 7.013E-05 0.000E+00 0.000E+00 0.000E+00 0.000E+00 0.000E+00
 6.0   1 3.237E-05 3.237E-05 0.000E+00 0.000E+00 0.000E+00 0.000E+00 0.000E+00 0.000E+00
 7.0   1 2.637E-05 2.637E-05 0.000E+00 0.000E+00 0.000E+00 0.000E+00 0.000E+00 0.000E+00
 8.0   1 7.794E-07 7.794E-07 0.000E+00 0.000E+00 0.000E+00 0.000E+00 0.000E+00 0.000E+00
 9.0   1 5.536E-07 5.536E-07 0.000E+00 0.000E+00 0.000E+00 0.000E+00 0.000E+00 0.000E+00
  48   5.544 6.140E-04 -1 1.977E-04 3.219E-06 2.084E-05 3.602E-05 4.342E-05 4.561E-05 2.224E-05 1.936E-05 3.942E-06 2.986E-06
  48   5.544 6.140E-04  1 4.163E-04 6.700E-06 3.662E-05 8.114E-05 9.908E-05 7.137E-05 6.773E-05 2.890E-05 2.344E-05 7.579E-07
 0.0  -1 3.219E-06 3.219E-06 0.000E+00 0.000E+00 0.000E+00 0.000E+00 0.000E+00 0.000E+00
 1.0  -1 2.084E-05 2.084E-05 0.000E+00 0.000E+00 0.000E+00 0.000E+00 0.000E+00 0.000E+00
 2.0  -1 3.602E-05 3.602E-05 0.000E+00 0.000E+00 0.000E+00 0.000E+00 0.000E+00 0.000E+00
 3.0  -1 4.342E-05 4.342E-05 0.000E+00 0.000E+00 0.000E+00 0.000E+00 0.000E+00 0.000E+00
 4.0  -1 4.561E-05 4.561E-05 0.000E+00 0.000E+00 0.000E+00 0.000E+00 0.000E+00 0.000E+00
 5.0  -1 2.224E-05 2.224E-05 0.000E+00 0.000E+00 0.000E+00 0.000E+00 0.000E+00 0.000E+00
 6.0  -1 1.936E-05 1.936E-05 0.000E+00 0.000E+00 0.000E+00 0.000E+00 0.000E+00 0.000E+00
 7.0  -1 3.942E-06 3.942E-06 0.000E+00 0.000E+00 0.000E+00 0.000E+00 0.000E+00 0.000E+00
 8.0  -1 2.986E-06 2.986E-06 0.000E+00 0.000E+00 0.000E+00 0.000E+00 0.000E+00 0.000E+00
 9.0  -1 7.306E-08 7.306E-08 0.000E+00 0.000E+00 0.000E+00 0.000E+00 0.000E+00 0.000E+00
10.0  -1 4.046E-08 4.046E-08 0.000E+00 0.000E+00 0.000E+00 0.000E+00 0.000E+00 0.000E+00
 0.0   1 6.700E-06 6.700E-06 0.000E+00 0.000E+00 0.000E+00 0.000E+00 0.000E+00 0.000E+00
 1.0   1 3.662E-05 3.662E-05 0.000E+00 0.000E+00 0.000E+00 0.000E+00 0.000E+00 0.000E+00
 2.0   1 8.114E-05 8.114E-05 0.000E+00 0.000E+00 0.000E+00 0.000E+00 0.000E+00 0.000E+00
 3.0   1 9.908E-05 9.908E-05 0.000E+00 0.000E+00 0.000E+00 0.000E+00 0.000E+00 0.000E+00
 4.0   1 7.137E-05 7.137E-05 0.000E+00 0.000E+00 0.000E+00 0.000E+00 0.000E+00 0.000E+00
 5.0   1 6.773E-05 6.773E-05 0.000E+00 0.000E+00 0.000E+00 0.000E+00 0.000E+00 0.000E+00
 6.0   1 2.890E-05 2.890E-05 0.000E+00 0.000E+00 0.000E+00 0.000E+00 0.000E+00 0.000E+00
 7.0   1 2.344E-05 2.344E-05 0.000E+00 0.000E+00 0.000E+00 0.000E+00 0.000E+00 0.000E+00
 8.0   1 7.579E-07 7.579E-07 0.000E+00 0.000E+00 0.000E+00 0.000E+00 0.000E+00 0.000E+00
 9.0   1 5.338E-07 5.338E-07 0.000E+00 0.000E+00 0.000E+00 0.000E+00 0.000E+00 0.000E+00
  47   5.453 5.537E-04 -1 1.807E-04 2.941E-06 1.892E-05 3.293E-05 3.961E-05 4.150E-05 2.042E-05 1.770E-05 3.760E-06 2.833E-06
  47   5.453 5.537E-04  1 3.730E-04 6.019E-06 3.293E-05 7.288E-05 8.893E-05 6.391E-05 6.045E-05 2.579E-05 2.082E-05 7.368E-07
 0.0  -1 2.941E-06 2.941E-06 0.000E+00 0.000E+00 0.000E+00 0.000E+00 0.000E+00 0.000E+00
 1.0  -1 1.892E-05 1.892E-05 0.000E+00 0.000E+00 0.000E+00 0.000E+00 0.000E+00 0.000E+00
 2.0  -1 3.293E-05 3.293E-05 0.000E+00 0.000E+00 0.000E+00 0.000E+00 0.000E+00 0.000E+00
 3.0  -1 3.961E-05 3.961E-05 0.000E+00 0.000E+00 0.000E+00 0.000E+00 0.000E+00 0.000E+00
 4.0  -1 4.150E-05 4.150E-05 0.000E+00 0.000E+00 0.000E+00 0.000E+00 0.000E+00 0.000E+00
 5.0  -1 2.042E-05 2.042E-05 0.000E+00 0.000E+00 0.000E+00 0.000E+00 0.000E+00 0.000E+00
 6.0  -1 1.770E-05 1.770E-05 0.000E+00 0.000E+00 0.000E+00 0.000E+00 0.000E+00 0.000E+00
 7.0  -1 3.760E-06 3.760E-06 0.000E+00 0.000E+00 0.000E+00 0.000E+00 0.000E+00 0.000E+00
 8.0  -1 2.833E-06 2.833E-06 0.000E+00 0.000E+00 0.000E+00 0.000E+00 0.000E+00 0.000E+00
 9.0  -1 7.809E-08 7.809E-08 0.000E+00 0.000E+00 0.000E+00 0.000E+00 0.000E+00 0.000E+00
10.0  -1 4.163E-08 4.163E-08 0.000E+00 0.000E+00 0.000E+00 0.000E+00 0.000E+00 0.000E+00
 0.0   1 6.019E-06 6.019E-06 0.000E+00 0.000E+00 0.000E+00 0.000E+00 0.000E+00 0.000E+00
 1.0   1 3.293E-05 3.293E-05 0.000E+00 0.000E+00 0.000E+00 0.000E+00 0.000E+00 0.000E+00
 2.0   1 7.288E-05 7.288E-05 0.000E+00 0.000E+00 0.000E+00 0.000E+00 0.000E+00 0.000E+00
 3.0   1 8.893E-05 8.893E-05 0.000E+00 0.000E+00 0.000E+00 0.000E+00 0.000E+00 0.000E+00
 4.0   1 6.391E-05 6.391E-05 0.000E+00 0.000E+00 0.000E+00 0.000E+00 0.000E+00 0.000E+00
 5.0   1 6.045E-05 6.045E-05 0.000E+00 0.000E+00 0.000E+00 0.000E+00 0.000E+00 0.000E+00
 6.0   1 2.579E-05 2.579E-05 0.000E+00 0.000E+00 0.000E+00 0.000E+00 0.000E+00 0.000E+00
 7.0   1 2.082E-05 2.082E-05 0.000E+00 0.000E+00 0.000E+00 0.000E+00 0.000E+00 0.000E+00
 8.0   1 7.368E-07 7.368E-07 0.000E+00 0.000E+00 0.000E+00 0.000E+00 0.000E+00 0.000E+00
 9.0   1 5.141E-07 5.141E-07 0.000E+00 0.000E+00 0.000E+00 0.000E+00 0.000E+00 0.000E+00
  46   5.362 4.994E-04 -1 1.653E-04 2.688E-06 1.719E-05 3.012E-05 3.615E-05 3.776E-05 1.876E-05 1.619E-05 3.588E-06 2.687E-06
  46   5.362 4.994E-04  1 3.342E-04 5.407E-06 2.961E-05 6.545E-05 7.981E-05 5.723E-05 5.393E-05 2.300E-05 1.849E-05 7.171E-07
 0.0  -1 2.688E-06 2.688E-06 0.000E+00 0.000E+00 0.000E+00 0.000E+00 0.000E+00 0.000E+00
 1.0  -1 1.719E-05 1.719E-05 0.000E+00 0.000E+00 0.000E+00 0.000E+00 0.000E+00 0.000E+00
 2.0  -1 3.012E-05 3.012E-05 0.000E+00 0.000E+00 0.000E+00 0.000E+00 0.000E+00 0.000E+00
 3.0  -1 3.615E-05 3.615E-05 0.000E+00 0.000E+00 0.000E+00 0.000E+00 0.000E+00 0.000E+00
 4.0  -1 3.776E-05 3.776E-05 0.000E+00 0.000E+00 0.000E+00 0.000E+00 0.000E+00 0.000E+00
 5.0  -1 1.876E-05 1.876E-05 0.000E+00 0.000E+00 0.000E+00 0.000E+00 0.000E+00 0.000E+00
 6.0  -1 1.619E-05 1.619E-05 0.000E+00 0.000E+00 0.000E+00 0.000E+00 0.000E+00 0.000E+00
 7.0  -1 3.588E-06 3.588E-06 0.000E+00 0.000E+00 0.000E+00 0.000E+00 0.000E+00 0.000E+00
 8.0  -1 2.687E-06 2.687E-06 0.000E+00 0.000E+00 0.000E+00 0.000E+00 0.000E+00 0.000E+00
 9.0  -1 8.373E-08 8.373E-08 0.000E+00 0.000E+00 0.000E+00 0.000E+00 0.000E+00 0.000E+00
10.0  -1 4.291E-08 4.291E-08 0.000E+00 0.000E+00 0.000E+00 0.000E+00 0.000E+00 0.000E+00
 0.0   1 5.407E-06 5.407E-06 0.000E+00 0.000E+00 0.000E+00 0.000E+00 0.000E+00 0.000E+00
 1.0   1 2.961E-05 2.961E-05 0.000E+00 0.000E+00 0.000E+00 0.000E+00 0.000E+00 0.000E+00
 2.0   1 6.545E-05 6.545E-05 0.000E+00 0.000E+00 0.000E+00 0.000E+00 0.000E+00 0.000E+00
 3.0   1 7.981E-05 7.981E-05 0.000E+00 0.000E+00 0.000E+00 0.000E+00 0.000E+00 0.000E+00
 4.0   1 5.723E-05 5.723E-05 0.000E+00 0.000E+00 0.000E+00 0.000E+00 0.000E+00 0.000E+00
 5.0   1 5.393E-05 5.393E-05 0.000E+00 0.000E+00 0.000E+00 0.000E+00 0.000E+00 0.000E+00
 6.0   1 2.300E-05 2.300E-05 0.000E+00 0.000E+00 0.000E+00 0.000E+00 0.000E+00 0.000E+00
 7.0   1 1.849E-05 1.849E-05 0.000E+00 0.000E+00 0.000E+00 0.000E+00 0.000E+00 0.000E+00
 8.0   1 7.171E-07 7.171E-07 0.000E+00 0.000E+00 0.000E+00 0.000E+00 0.000E+00 0.000E+00
 9.0   1 4.948E-07 4.948E-07 0.000E+00 0.000E+00 0.000E+00 0.000E+00 0.000E+00 0.000E+00
  45   5.270 4.506E-04 -1 1.512E-04 2.457E-06 1.562E-05 2.756E-05 3.300E-05 3.438E-05 1.724E-05 1.483E-05 3.429E-06 2.549E-06
  45   5.270 4.506E-04  1 2.993E-04 4.859E-06 2.662E-05 5.878E-05 7.163E-05 5.124E-05 4.811E-05 2.051E-05 1.641E-05 6.993E-07
 0.0  -1 2.457E-06 2.457E-06 0.000E+00 0.000E+00 0.000E+00 0.000E+00 0.000E+00 0.000E+00
 1.0  -1 1.562E-05 1.562E-05 0.000E+00 0.000E+00 0.000E+00 0.000E+00 0.000E+00 0.000E+00
 2.0  -1 2.756E-05 2.756E-05 0.000E+00 0.000E+00 0.000E+00 0.000E+00 0.000E+00 0.000E+00
 3.0  -1 3.300E-05 3.300E-05 0.000E+00 0.000E+00 0.000E+00 0.000E+00 0.000E+00 0.000E+00
 4.0  -1 3.438E-05 3.438E-05 0.000E+00 0.000E+00 0.000E+00 0.000E+00 0.000E+00 0.000E+00
 5.0  -1 1.724E-05 1.724E-05 0.000E+00 0.000E+00 0.000E+00 0.000E+00 0.000E+00 0.000E+00
 6.0  -1 1.483E-05 1.483E-05 0.000E+00 0.000E+00 0.000E+00 0.000E+00 0.000E+00 0.000E+00
 7.0  -1 3.429E-06 3.429E-06 0.000E+00 0.000E+00 0.000E+00 0.000E+00 0.000E+00 0.000E+00
 8.0  -1 2.549E-06 2.549E-06 0.000E+00 0.000E+00 0.000E+00 0.000E+00 0.000E+00 0.000E+00
 9.0  -1 9.004E-08 9.004E-08 0.000E+00 0.000E+00 0.000E+00 0.000E+00 0.000E+00 0.000E+00
10.0  -1 4.428E-08 4.428E-08 0.000E+00 0.000E+00 0.000E+00 0.000E+00 0.000E+00 0.000E+00
 0.0   1 4.859E-06 4.859E-06 0.000E+00 0.000E+00 0.000E+00 0.000E+00 0.000E+00 0.000E+00
 1.0   1 2.662E-05 2.662E-05 0.000E+00 0.000E+00 0.000E+00 0.000E+00 0.000E+00 0.000E+00
 2.0   1 5.878E-05 5.878E-05 0.000E+00 0.000E+00 0.000E+00 0.000E+00 0.000E+00 0.000E+00
 3.0   1 7.163E-05 7.163E-05 0.000E+00 0.000E+00 0.000E+00 0.000E+00 0.000E+00 0.000E+00
 4.0   1 5.124E-05 5.124E-05 0.000E+00 0.000E+00 0.000E+00 0.000E+00 0.000E+00 0.000E+00
 5.0   1 4.811E-05 4.811E-05 0.000E+00 0.000E+00 0.000E+00 0.000E+00 0.000E+00 0.000E+00
 6.0   1 2.051E-05 2.051E-05 0.000E+00 0.000E+00 0.000E+00 0.000E+00 0.000E+00 0.000E+00
 7.0   1 1.641E-05 1.641E-05 0.000E+00 0.000E+00 0.000E+00 0.000E+00 0.000E+00 0.000E+00
 8.0   1 6.993E-07 6.993E-07 0.000E+00 0.000E+00 0.000E+00 0.000E+00 0.000E+00 0.000E+00
 9.0   1 4.761E-07 4.761E-07 0.000E+00 0.000E+00 0.000E+00 0.000E+00 0.000E+00 0.000E+00
  44   5.179 4.067E-04 -1 1.385E-04 2.249E-06 1.421E-05 2.525E-05 3.016E-05 3.132E-05 1.586E-05 1.360E-05 3.287E-06 2.422E-06
  44   5.179 4.067E-04  1 2.682E-04 4.369E-06 2.394E-05 5.279E-05 6.429E-05 4.587E-05 4.292E-05 1.829E-05 1.457E-05 6.844E-07
 0.0  -1 2.249E-06 2.249E-06 0.000E+00 0.000E+00 0.000E+00 0.000E+00 0.000E+00 0.000E+00
 1.0  -1 1.421E-05 1.421E-05 0.000E+00 0.000E+00 0.000E+00 0.000E+00 0.000E+00 0.000E+00
 2.0  -1 2.525E-05 2.525E-05 0.000E+00 0.000E+00 0.000E+00 0.000E+00 0.000E+00 0.000E+00
 3.0  -1 3.016E-05 3.016E-05 0.000E+00 0.000E+00 0.000E+00 0.000E+00 0.000E+00 0.000E+00
 4.0  -1 3.132E-05 3.132E-05 0.000E+00 0.000E+00 0.000E+00 0.000E+00 0.000E+00 0.000E+00
 5.0  -1 1.586E-05 1.586E-05 0.000E+00 0.000E+00 0.000E+00 0.000E+00 0.000E+00 0.000E+00
 6.0  -1 1.360E-05 1.360E-05 0.000E+00 0.000E+00 0.000E+00 0.000E+00 0.000E+00 0.000E+00
 7.0  -1 3.287E-06 3.287E-06 0.000E+00 0.000E+00 0.000E+00 0.000E+00 0.000E+00 0.000E+00
 8.0  -1 2.422E-06 2.422E-06 0.000E+00 0.000E+00 0.000E+00 0.000E+00 0.000E+00 0.000E+00
 9.0  -1 9.709E-08 9.709E-08 0.000E+00 0.000E+00 0.000E+00 0.000E+00 0.000E+00 0.000E+00
10.0  -1 4.580E-08 4.580E-08 0.000E+00 0.000E+00 0.000E+00 0.000E+00 0.000E+00 0.000E+00
 0.0   1 4.369E-06 4.369E-06 0.000E+00 0.000E+00 0.000E+00 0.000E+00 0.000E+00 0.000E+00
 1.0   1 2.394E-05 2.394E-05 0.000E+00 0.000E+00 0.000E+00 0.000E+00 0.000E+00 0.000E+00
 2.0   1 5.279E-05 5.279E-05 0.000E+00 0.000E+00 0.000E+00 0.000E+00 0.000E+00 0.000E+00
 3.0   1 6.429E-05 6.429E-05 0.000E+00 0.000E+00 0.000E+00 0.000E+00 0.000E+00 0.000E+00
 4.0   1 4.587E-05 4.587E-05 0.000E+00 0.000E+00 0.000E+00 0.000E+00 0.000E+00 0.000E+00
 5.0   1 4.292E-05 4.292E-05 0.000E+00 0.000E+00 0.000E+00 0.000E+00 0.000E+00 0.000E+00
 6.0   1 1.829E-05 1.829E-05 0.000E+00 0.000E+00 0.000E+00 0.000E+00 0.000E+00 0.000E+00
 7.0   1 1.457E-05 1.457E-05 0.000E+00 0.000E+00 0.000E+00 0.000E+00 0.000E+00 0.000E+00
 8.0   1 6.844E-07 6.844E-07 0.000E+00 0.000E+00 0.000E+00 0.000E+00 0.000E+00 0.000E+00
 9.0   1 4.584E-07 4.584E-07 0.000E+00 0.000E+00 0.000E+00 0.000E+00 0.000E+00 0.000E+00
  43   5.087 3.676E-04 -1 1.271E-04 2.060E-06 1.295E-05 2.317E-05 2.759E-05 2.857E-05 1.462E-05 1.250E-05 3.165E-06 2.306E-06
  43   5.087 3.676E-04  1 2.405E-04 3.929E-06 2.155E-05 4.744E-05 5.774E-05 4.110E-05 3.831E-05 1.634E-05 1.295E-05 6.735E-07
 0.0  -1 2.060E-06 2.060E-06 0.000E+00 0.000E+00 0.000E+00 0.000E+00 0.000E+00 0.000E+00
 1.0  -1 1.295E-05 1.295E-05 0.000E+00 0.000E+00 0.000E+00 0.000E+00 0.000E+00 0.000E+00
 2.0  -1 2.317E-05 2.317E-05 0.000E+00 0.000E+00 0.000E+00 0.000E+00 0.000E+00 0.000E+00
 3.0  -1 2.759E-05 2.759E-05 0.000E+00 0.000E+00 0.000E+00 0.000E+00 0.000E+00 0.000E+00
 4.0  -1 2.857E-05 2.857E-05 0.000E+00 0.000E+00 0.000E+00 0.000E+00 0.000E+00 0.000E+00
 5.0  -1 1.462E-05 1.462E-05 0.000E+00 0.000E+00 0.000E+00 0.000E+00 0.000E+00 0.000E+00
 6.0  -1 1.250E-05 1.250E-05 0.000E+00 0.000E+00 0.000E+00 0.000E+00 0.000E+00 0.000E+00
 7.0  -1 3.165E-06 3.165E-06 0.000E+00 0.000E+00 0.000E+00 0.000E+00 0.000E+00 0.000E+00
 8.0  -1 2.306E-06 2.306E-06 0.000E+00 0.000E+00 0.000E+00 0.000E+00 0.000E+00 0.000E+00
 9.0  -1 1.053E-07 1.053E-07 0.000E+00 0.000E+00 0.000E+00 0.000E+00 0.000E+00 0.000E+00
10.0  -1 4.768E-08 4.768E-08 0.000E+00 0.000E+00 0.000E+00 0.000E+00 0.000E+00 0.000E+00
 0.0   1 3.929E-06 3.929E-06 0.000E+00 0.000E+00 0.000E+00 0.000E+00 0.000E+00 0.000E+00
 1.0   1 2.155E-05 2.155E-05 0.000E+00 0.000E+00 0.000E+00 0.000E+00 0.000E+00 0.000E+00
 2.0   1 4.744E-05 4.744E-05 0.000E+00 0.000E+00 0.000E+00 0.000E+00 0.000E+00 0.000E+00
 3.0   1 5.774E-05 5.774E-05 0.000E+00 0.000E+00 0.000E+00 0.000E+00 0.000E+00 0.000E+00
 4.0   1 4.110E-05 4.110E-05 0.000E+00 0.000E+00 0.000E+00 0.000E+00 0.000E+00 0.000E+00
 5.0   1 3.831E-05 3.831E-05 0.000E+00 0.000E+00 0.000E+00 0.000E+00 0.000E+00 0.000E+00
 6.0   1 1.634E-05 1.634E-05 0.000E+00 0.000E+00 0.000E+00 0.000E+00 0.000E+00 0.000E+00
 7.0   1 1.295E-05 1.295E-05 0.000E+00 0.000E+00 0.000E+00 0.000E+00 0.000E+00 0.000E+00
 8.0   1 6.735E-07 6.735E-07 0.000E+00 0.000E+00 0.000E+00 0.000E+00 0.000E+00 0.000E+00
 9.0   1 4.423E-07 4.423E-07 0.000E+00 0.000E+00 0.000E+00 0.000E+00 0.000E+00 0.000E+00
  42   4.996 3.326E-04 -1 1.169E-04 1.891E-06 1.183E-05 2.129E-05 2.528E-05 2.609E-05 1.352E-05 1.153E-05 3.065E-06 2.202E-06
  42   4.996 3.326E-04  1 2.158E-04 3.536E-06 1.941E-05 4.265E-05 5.188E-05 3.684E-05 3.421E-05 1.460E-05 1.153E-05 6.669E-07
 0.0  -1 1.891E-06 1.891E-06 0.000E+00 0.000E+00 0.000E+00 0.000E+00 0.000E+00 0.000E+00
 1.0  -1 1.183E-05 1.183E-05 0.000E+00 0.000E+00 0.000E+00 0.000E+00 0.000E+00 0.000E+00
 2.0  -1 2.129E-05 2.129E-05 0.000E+00 0.000E+00 0.000E+00 0.000E+00 0.000E+00 0.000E+00
 3.0  -1 2.528E-05 2.528E-05 0.000E+00 0.000E+00 0.000E+00 0.000E+00 0.000E+00 0.000E+00
 4.0  -1 2.609E-05 2.609E-05 0.000E+00 0.000E+00 0.000E+00 0.000E+00 0.000E+00 0.000E+00
 5.0  -1 1.352E-05 1.352E-05 0.000E+00 0.000E+00 0.000E+00 0.000E+00 0.000E+00 0.000E+00
 6.0  -1 1.153E-05 1.153E-05 0.000E+00 0.000E+00 0.000E+00 0.000E+00 0.000E+00 0.000E+00
 7.0  -1 3.065E-06 3.065E-06 0.000E+00 0.000E+00 0.000E+00 0.000E+00 0.000E+00 0.000E+00
 8.0  -1 2.202E-06 2.202E-06 0.000E+00 0.000E+00 0.000E+00 0.000E+00 0.000E+00 0.000E+00
 9.0  -1 1.142E-07 1.142E-07 0.000E+00 0.000E+00 0.000E+00 0.000E+00 0.000E+00 0.000E+00
10.0  -1 4.967E-08 4.967E-08 0.000E+00 0.000E+00 0.000E+00 0.000E+00 0.000E+00 0.000E+00
 0.0   1 3.536E-06 3.536E-06 0.000E+00 0.000E+00 0.000E+00 0.000E+00 0.000E+00 0.000E+00
 1.0   1 1.941E-05 1.941E-05 0.000E+00 0.000E+00 0.000E+00 0.000E+00 0.000E+00 0.000E+00
 2.0   1 4.265E-05 4.265E-05 0.000E+00 0.000E+00 0.000E+00 0.000E+00 0.000E+00 0.000E+00
 3.0   1 5.188E-05 5.188E-05 0.000E+00 0.000E+00 0.000E+00 0.000E+00 0.000E+00 0.000E+00
 4.0   1 3.684E-05 3.684E-05 0.000E+00 0.000E+00 0.000E+00 0.000E+00 0.000E+00 0.000E+00
 5.0   1 3.421E-05 3.421E-05 0.000E+00 0.000E+00 0.000E+00 0.000E+00 0.000E+00 0.000E+00
 6.0   1 1.460E-05 1.460E-05 0.000E+00 0.000E+00 0.000E+00 0.000E+00 0.000E+00 0.000E+00
 7.0   1 1.153E-05 1.153E-05 0.000E+00 0.000E+00 0.000E+00 0.000E+00 0.000E+00 0.000E+00
 8.0   1 6.669E-07 6.669E-07 0.000E+00 0.000E+00 0.000E+00 0.000E+00 0.000E+00 0.000E+00
 9.0   1 4.278E-07 4.278E-07 0.000E+00 0.000E+00 0.000E+00 0.000E+00 0.000E+00 0.000E+00
10.0   1 1.151E-08 1.151E-08 0.000E+00 0.000E+00 0.000E+00 0.000E+00 0.000E+00 0.000E+00
  41   4.905 3.016E-04 -1 1.078E-04 1.740E-06 1.083E-05 1.963E-05 2.322E-05 2.389E-05 1.255E-05 1.069E-05 2.991E-06 2.113E-06
  41   4.905 3.016E-04  1 1.938E-04 3.185E-06 1.750E-05 3.836E-05 4.664E-05 3.305E-05 3.058E-05 1.308E-05 1.028E-05 6.653E-07
 0.0  -1 1.740E-06 1.740E-06 0.000E+00 0.000E+00 0.000E+00 0.000E+00 0.000E+00 0.000E+00
 1.0  -1 1.083E-05 1.083E-05 0.000E+00 0.000E+00 0.000E+00 0.000E+00 0.000E+00 0.000E+00
 2.0  -1 1.963E-05 1.963E-05 0.000E+00 0.000E+00 0.000E+00 0.000E+00 0.000E+00 0.000E+00
 3.0  -1 2.322E-05 2.322E-05 0.000E+00 0.000E+00 0.000E+00 0.000E+00 0.000E+00 0.000E+00
 4.0  -1 2.389E-05 2.389E-05 0.000E+00 0.000E+00 0.000E+00 0.000E+00 0.000E+00 0.000E+00
 5.0  -1 1.255E-05 1.255E-05 0.000E+00 0.000E+00 0.000E+00 0.000E+00 0.000E+00 0.000E+00
 6.0  -1 1.069E-05 1.069E-05 0.000E+00 0.000E+00 0.000E+00 0.000E+00 0.000E+00 0.000E+00
 7.0  -1 2.991E-06 2.991E-06 0.000E+00 0.000E+00 0.000E+00 0.000E+00 0.000E+00 0.000E+00
 8.0  -1 2.113E-06 2.113E-06 0.000E+00 0.000E+00 0.000E+00 0.000E+00 0.000E+00 0.000E+00
 9.0  -1 1.239E-07 1.239E-07 0.000E+00 0.000E+00 0.000E+00 0.000E+00 0.000E+00 0.000E+00
10.0  -1 5.177E-08 5.177E-08 0.000E+00 0.000E+00 0.000E+00 0.000E+00 0.000E+00 0.000E+00
 0.0   1 3.185E-06 3.185E-06 0.000E+00 0.000E+00 0.000E+00 0.000E+00 0.000E+00 0.000E+00
 1.0   1 1.750E-05 1.750E-05 0.000E+00 0.000E+00 0.000E+00 0.000E+00 0.000E+00 0.000E+00
 2.0   1 3.836E-05 3.836E-05 0.000E+00 0.000E+00 0.000E+00 0.000E+00 0.000E+00 0.000E+00
 3.0   1 4.664E-05 4.664E-05 0.000E+00 0.000E+00 0.000E+00 0.000E+00 0.000E+00 0.000E+00
 4.0   1 3.305E-05 3.305E-05 0.000E+00 0.000E+00 0.000E+00 0.000E+00 0.000E+00 0.000E+00
 5.0   1 3.058E-05 3.058E-05 0.000E+00 0.000E+00 0.000E+00 0.000E+00 0.000E+00 0.000E+00
 6.0   1 1.308E-05 1.308E-05 0.000E+00 0.000E+00 0.000E+00 0.000E+00 0.000E+00 0.000E+00
 7.0   1 1.028E-05 1.028E-05 0.000E+00 0.000E+00 0.000E+00 0.000E+00 0.000E+00 0.000E+00
 8.0   1 6.653E-07 6.653E-07 0.000E+00 0.000E+00 0.000E+00 0.000E+00 0.000E+00 0.000E+00
 9.0   1 4.151E-07 4.151E-07 0.000E+00 0.000E+00 0.000E+00 0.000E+00 0.000E+00 0.000E+00
10.0   1 1.290E-08 1.290E-08 0.000E+00 0.000E+00 0.000E+00 0.000E+00 0.000E+00 0.000E+00
  40   4.813 2.742E-04 -1 9.991E-05 1.606E-06 9.959E-06 1.816E-05 2.140E-05 2.195E-05 1.171E-05 9.964E-06 2.945E-06 2.037E-06
  40   4.813 2.742E-04  1 1.743E-04 2.871E-06 1.579E-05 3.454E-05 4.198E-05 2.968E-05 2.738E-05 1.175E-05 9.185E-06 6.691E-07
 0.0  -1 1.606E-06 1.606E-06 0.000E+00 0.000E+00 0.000E+00 0.000E+00 0.000E+00 0.000E+00
 1.0  -1 9.959E-06 9.959E-06 0.000E+00 0.000E+00 0.000E+00 0.000E+00 0.000E+00 0.000E+00
 2.0  -1 1.816E-05 1.816E-05 0.000E+00 0.000E+00 0.000E+00 0.000E+00 0.000E+00 0.000E+00
 3.0  -1 2.140E-05 2.140E-05 0.000E+00 0.000E+00 0.000E+00 0.000E+00 0.000E+00 0.000E+00
 4.0  -1 2.195E-05 2.195E-05 0.000E+00 0.000E+00 0.000E+00 0.000E+00 0.000E+00 0.000E+00
 5.0  -1 1.171E-05 1.171E-05 0.000E+00 0.000E+00 0.000E+00 0.000E+00 0.000E+00 0.000E+00
 6.0  -1 9.964E-06 9.964E-06 0.000E+00 0.000E+00 0.000E+00 0.000E+00 0.000E+00 0.000E+00
 7.0  -1 2.945E-06 2.945E-06 0.000E+00 0.000E+00 0.000E+00 0.000E+00 0.000E+00 0.000E+00
 8.0  -1 2.037E-06 2.037E-06 0.000E+00 0.000E+00 0.000E+00 0.000E+00 0.000E+00 0.000E+00
 9.0  -1 1.344E-07 1.344E-07 0.000E+00 0.000E+00 0.000E+00 0.000E+00 0.000E+00 0.000E+00
10.0  -1 5.395E-08 5.395E-08 0.000E+00 0.000E+00 0.000E+00 0.000E+00 0.000E+00 0.000E+00
 0.0   1 2.871E-06 2.871E-06 0.000E+00 0.000E+00 0.000E+00 0.000E+00 0.000E+00 0.000E+00
 1.0   1 1.579E-05 1.579E-05 0.000E+00 0.000E+00 0.000E+00 0.000E+00 0.000E+00 0.000E+00
 2.0   1 3.454E-05 3.454E-05 0.000E+00 0.000E+00 0.000E+00 0.000E+00 0.000E+00 0.000E+00
 3.0   1 4.198E-05 4.198E-05 0.000E+00 0.000E+00 0.000E+00 0.000E+00 0.000E+00 0.000E+00
 4.0   1 2.968E-05 2.968E-05 0.000E+00 0.000E+00 0.000E+00 0.000E+00 0.000E+00 0.000E+00
 5.0   1 2.738E-05 2.738E-05 0.000E+00 0.000E+00 0.000E+00 0.000E+00 0.000E+00 0.000E+00
 6.0   1 1.175E-05 1.175E-05 0.000E+00 0.000E+00 0.000E+00 0.000E+00 0.000E+00 0.000E+00
 7.0   1 9.185E-06 9.185E-06 0.000E+00 0.000E+00 0.000E+00 0.000E+00 0.000E+00 0.000E+00
 8.0   1 6.691E-07 6.691E-07 0.000E+00 0.000E+00 0.000E+00 0.000E+00 0.000E+00 0.000E+00
 9.0   1 4.043E-07 4.043E-07 0.000E+00 0.000E+00 0.000E+00 0.000E+00 0.000E+00 0.000E+00
10.0   1 1.439E-08 1.439E-08 0.000E+00 0.000E+00 0.000E+00 0.000E+00 0.000E+00 0.000E+00
  39   4.722 2.501E-04 -1 9.309E-05 1.488E-06 9.203E-06 1.687E-05 1.982E-05 2.025E-05 1.100E-05 9.360E-06 2.928E-06 1.977E-06
  39   4.722 2.501E-04  1 1.570E-04 2.590E-06 1.428E-05 3.113E-05 3.783E-05 2.671E-05 2.455E-05 1.058E-05 8.237E-06 6.787E-07
 0.0  -1 1.488E-06 1.488E-06 0.000E+00 0.000E+00 0.000E+00 0.000E+00 0.000E+00 0.000E+00
 1.0  -1 9.203E-06 9.203E-06 0.000E+00 0.000E+00 0.000E+00 0.000E+00 0.000E+00 0.000E+00
 2.0  -1 1.687E-05 1.687E-05 0.000E+00 0.000E+00 0.000E+00 0.000E+00 0.000E+00 0.000E+00
 3.0  -1 1.982E-05 1.982E-05 0.000E+00 0.000E+00 0.000E+00 0.000E+00 0.000E+00 0.000E+00
 4.0  -1 2.025E-05 2.025E-05 0.000E+00 0.000E+00 0.000E+00 0.000E+00 0.000E+00 0.000E+00
 5.0  -1 1.100E-05 1.100E-05 0.000E+00 0.000E+00 0.000E+00 0.000E+00 0.000E+00 0.000E+00
 6.0  -1 9.360E-06 9.360E-06 0.000E+00 0.000E+00 0.000E+00 0.000E+00 0.000E+00 0.000E+00
 7.0  -1 2.928E-06 2.928E-06 0.000E+00 0.000E+00 0.000E+00 0.000E+00 0.000E+00 0.000E+00
 8.0  -1 1.977E-06 1.977E-06 0.000E+00 0.000E+00 0.000E+00 0.000E+00 0.000E+00 0.000E+00
 9.0  -1 1.455E-07 1.455E-07 0.000E+00 0.000E+00 0.000E+00 0.000E+00 0.000E+00 0.000E+00
10.0  -1 5.621E-08 5.621E-08 0.000E+00 0.000E+00 0.000E+00 0.000E+00 0.000E+00 0.000E+00
 0.0   1 2.590E-06 2.590E-06 0.000E+00 0.000E+00 0.000E+00 0.000E+00 0.000E+00 0.000E+00
 1.0   1 1.428E-05 1.428E-05 0.000E+00 0.000E+00 0.000E+00 0.000E+00 0.000E+00 0.000E+00
 2.0   1 3.113E-05 3.113E-05 0.000E+00 0.000E+00 0.000E+00 0.000E+00 0.000E+00 0.000E+00
 3.0   1 3.783E-05 3.783E-05 0.000E+00 0.000E+00 0.000E+00 0.000E+00 0.000E+00 0.000E+00
 4.0   1 2.671E-05 2.671E-05 0.000E+00 0.000E+00 0.000E+00 0.000E+00 0.000E+00 0.000E+00
 5.0   1 2.455E-05 2.455E-05 0.000E+00 0.000E+00 0.000E+00 0.000E+00 0.000E+00 0.000E+00
 6.0   1 1.058E-05 1.058E-05 0.000E+00 0.000E+00 0.000E+00 0.000E+00 0.000E+00 0.000E+00
 7.0   1 8.237E-06 8.237E-06 0.000E+00 0.000E+00 0.000E+00 0.000E+00 0.000E+00 0.000E+00
 8.0   1 6.787E-07 6.787E-07 0.000E+00 0.000E+00 0.000E+00 0.000E+00 0.000E+00 0.000E+00
 9.0   1 3.957E-07 3.957E-07 0.000E+00 0.000E+00 0.000E+00 0.000E+00 0.000E+00 0.000E+00
10.0   1 1.598E-08 1.598E-08 0.000E+00 0.000E+00 0.000E+00 0.000E+00 0.000E+00 0.000E+00
  38   4.630 2.292E-04 -1 8.732E-05 1.385E-06 8.559E-06 1.577E-05 1.845E-05 1.878E-05 1.042E-05 8.871E-06 2.941E-06 1.931E-06
  38   4.630 2.292E-04  1 1.418E-04 2.341E-06 1.295E-05 2.812E-05 3.416E-05 2.409E-05 2.208E-05 9.585E-06 7.423E-06 6.942E-07
 0.0  -1 1.385E-06 1.385E-06 0.000E+00 0.000E+00 0.000E+00 0.000E+00 0.000E+00 0.000E+00
 1.0  -1 8.559E-06 8.559E-06 0.000E+00 0.000E+00 0.000E+00 0.000E+00 0.000E+00 0.000E+00
 2.0  -1 1.577E-05 1.577E-05 0.000E+00 0.000E+00 0.000E+00 0.000E+00 0.000E+00 0.000E+00
 3.0  -1 1.845E-05 1.845E-05 0.000E+00 0.000E+00 0.000E+00 0.000E+00 0.000E+00 0.000E+00
 4.0  -1 1.878E-05 1.878E-05 0.000E+00 0.000E+00 0.000E+00 0.000E+00 0.000E+00 0.000E+00
 5.0  -1 1.042E-05 1.042E-05 0.000E+00 0.000E+00 0.000E+00 0.000E+00 0.000E+00 0.000E+00
 6.0  -1 8.871E-06 8.871E-06 0.000E+00 0.000E+00 0.000E+00 0.000E+00 0.000E+00 0.000E+00
 7.0  -1 2.941E-06 2.941E-06 0.000E+00 0.000E+00 0.000E+00 0.000E+00 0.000E+00 0.000E+00
 8.0  -1 1.931E-06 1.931E-06 0.000E+00 0.000E+00 0.000E+00 0.000E+00 0.000E+00 0.000E+00
 9.0  -1 1.576E-07 1.576E-07 0.000E+00 0.000E+00 0.000E+00 0.000E+00 0.000E+00 0.000E+00
10.0  -1 5.863E-08 5.863E-08 0.000E+00 0.000E+00 0.000E+00 0.000E+00 0.000E+00 0.000E+00
 0.0   1 2.341E-06 2.341E-06 0.000E+00 0.000E+00 0.000E+00 0.000E+00 0.000E+00 0.000E+00
 1.0   1 1.295E-05 1.295E-05 0.000E+00 0.000E+00 0.000E+00 0.000E+00 0.000E+00 0.000E+00
 2.0   1 2.812E-05 2.812E-05 0.000E+00 0.000E+00 0.000E+00 0.000E+00 0.000E+00 0.000E+00
 3.0   1 3.416E-05 3.416E-05 0.000E+00 0.000E+00 0.000E+00 0.000E+00 0.000E+00 0.000E+00
 4.0   1 2.409E-05 2.409E-05 0.000E+00 0.000E+00 0.000E+00 0.000E+00 0.000E+00 0.000E+00
 5.0   1 2.208E-05 2.208E-05 0.000E+00 0.000E+00 0.000E+00 0.000E+00 0.000E+00 0.000E+00
 6.0   1 9.585E-06 9.585E-06 0.000E+00 0.000E+00 0.000E+00 0.000E+00 0.000E+00 0.000E+00
 7.0   1 7.423E-06 7.423E-06 0.000E+00 0.000E+00 0.000E+00 0.000E+00 0.000E+00 0.000E+00
 8.0   1 6.942E-07 6.942E-07 0.000E+00 0.000E+00 0.000E+00 0.000E+00 0.000E+00 0.000E+00
 9.0   1 3.891E-07 3.891E-07 0.000E+00 0.000E+00 0.000E+00 0.000E+00 0.000E+00 0.000E+00
10.0   1 1.767E-08 1.767E-08 0.000E+00 0.000E+00 0.000E+00 0.000E+00 0.000E+00 0.000E+00
  37   4.539 2.112E-04 -1 8.257E-05 1.298E-06 8.022E-06 1.484E-05 1.730E-05 1.754E-05 9.975E-06 8.495E-06 2.984E-06 1.900E-06
  37   4.539 2.112E-04  1 1.286E-04 2.119E-06 1.177E-05 2.545E-05 3.092E-05 2.180E-05 1.993E-05 8.735E-06 6.729E-06 7.159E-07
 0.0  -1 1.298E-06 1.298E-06 0.000E+00 0.000E+00 0.000E+00 0.000E+00 0.000E+00 0.000E+00
 1.0  -1 8.022E-06 8.022E-06 0.000E+00 0.000E+00 0.000E+00 0.000E+00 0.000E+00 0.000E+00
 2.0  -1 1.484E-05 1.484E-05 0.000E+00 0.000E+00 0.000E+00 0.000E+00 0.000E+00 0.000E+00
 3.0  -1 1.730E-05 1.730E-05 0.000E+00 0.000E+00 0.000E+00 0.000E+00 0.000E+00 0.000E+00
 4.0  -1 1.754E-05 1.754E-05 0.000E+00 0.000E+00 0.000E+00 0.000E+00 0.000E+00 0.000E+00
 5.0  -1 9.975E-06 9.975E-06 0.000E+00 0.000E+00 0.000E+00 0.000E+00 0.000E+00 0.000E+00
 6.0  -1 8.495E-06 8.495E-06 0.000E+00 0.000E+00 0.000E+00 0.000E+00 0.000E+00 0.000E+00
 7.0  -1 2.984E-06 2.984E-06 0.000E+00 0.000E+00 0.000E+00 0.000E+00 0.000E+00 0.000E+00
 8.0  -1 1.900E-06 1.900E-06 0.000E+00 0.000E+00 0.000E+00 0.000E+00 0.000E+00 0.000E+00
 9.0  -1 1.704E-07 1.704E-07 0.000E+00 0.000E+00 0.000E+00 0.000E+00 0.000E+00 0.000E+00
10.0  -1 6.116E-08 6.116E-08 0.000E+00 0.000E+00 0.000E+00 0.000E+00 0.000E+00 0.000E+00
 0.0   1 2.119E-06 2.119E-06 0.000E+00 0.000E+00 0.000E+00 0.000E+00 0.000E+00 0.000E+00
 1.0   1 1.177E-05 1.177E-05 0.000E+00 0.000E+00 0.000E+00 0.000E+00 0.000E+00 0.000E+00
 2.0   1 2.545E-05 2.545E-05 0.000E+00 0.000E+00 0.000E+00 0.000E+00 0.000E+00 0.000E+00
 3.0   1 3.092E-05 3.092E-05 0.000E+00 0.000E+00 0.000E+00 0.000E+00 0.000E+00 0.000E+00
 4.0   1 2.180E-05 2.180E-05 0.000E+00 0.000E+00 0.000E+00 0.000E+00 0.000E+00 0.000E+00
 5.0   1 1.993E-05 1.993E-05 0.000E+00 0.000E+00 0.000E+00 0.000E+00 0.000E+00 0.000E+00
 6.0   1 8.735E-06 8.735E-06 0.000E+00 0.000E+00 0.000E+00 0.000E+00 0.000E+00 0.000E+00
 7.0   1 6.729E-06 6.729E-06 0.000E+00 0.000E+00 0.000E+00 0.000E+00 0.000E+00 0.000E+00
 8.0   1 7.159E-07 7.159E-07 0.000E+00 0.000E+00 0.000E+00 0.000E+00 0.000E+00 0.000E+00
 9.0   1 3.846E-07 3.846E-07 0.000E+00 0.000E+00 0.000E+00 0.000E+00 0.000E+00 0.000E+00
10.0   1 1.947E-08 1.947E-08 0.000E+00 0.000E+00 0.000E+00 0.000E+00 0.000E+00 0.000E+00
  36   4.448 1.959E-04 -1 7.881E-05 1.223E-06 7.586E-06 1.408E-05 1.635E-05 1.651E-05 9.652E-06 8.226E-06 3.058E-06 1.883E-06
  36   4.448 1.959E-04  1 1.170E-04 1.923E-06 1.075E-05 2.309E-05 2.808E-05 1.981E-05 1.807E-05 8.021E-06 6.144E-06 7.439E-07
 0.0  -1 1.223E-06 1.223E-06 0.000E+00 0.000E+00 0.000E+00 0.000E+00 0.000E+00 0.000E+00
 1.0  -1 7.586E-06 7.586E-06 0.000E+00 0.000E+00 0.000E+00 0.000E+00 0.000E+00 0.000E+00
 2.0  -1 1.408E-05 1.408E-05 0.000E+00 0.000E+00 0.000E+00 0.000E+00 0.000E+00 0.000E+00
 3.0  -1 1.635E-05 1.635E-05 0.000E+00 0.000E+00 0.000E+00 0.000E+00 0.000E+00 0.000E+00
 4.0  -1 1.651E-05 1.651E-05 0.000E+00 0.000E+00 0.000E+00 0.000E+00 0.000E+00 0.000E+00
 5.0  -1 9.652E-06 9.652E-06 0.000E+00 0.000E+00 0.000E+00 0.000E+00 0.000E+00 0.000E+00
 6.0  -1 8.226E-06 8.226E-06 0.000E+00 0.000E+00 0.000E+00 0.000E+00 0.000E+00 0.000E+00
 7.0  -1 3.058E-06 3.058E-06 0.000E+00 0.000E+00 0.000E+00 0.000E+00 0.000E+00 0.000E+00
 8.0  -1 1.883E-06 1.883E-06 0.000E+00 0.000E+00 0.000E+00 0.000E+00 0.000E+00 0.000E+00
 9.0  -1 1.838E-07 1.838E-07 0.000E+00 0.000E+00 0.000E+00 0.000E+00 0.000E+00 0.000E+00
10.0  -1 6.372E-08 6.372E-08 0.000E+00 0.000E+00 0.000E+00 0.000E+00 0.000E+00 0.000E+00
 0.0   1 1.923E-06 1.923E-06 0.000E+00 0.000E+00 0.000E+00 0.000E+00 0.000E+00 0.000E+00
 1.0   1 1.075E-05 1.075E-05 0.000E+00 0.000E+00 0.000E+00 0.000E+00 0.000E+00 0.000E+00
 2.0   1 2.309E-05 2.309E-05 0.000E+00 0.000E+00 0.000E+00 0.000E+00 0.000E+00 0.000E+00
 3.0   1 2.808E-05 2.808E-05 0.000E+00 0.000E+00 0.000E+00 0.000E+00 0.000E+00 0.000E+00
 4.0   1 1.981E-05 1.981E-05 0.000E+00 0.000E+00 0.000E+00 0.000E+00 0.000E+00 0.000E+00
 5.0   1 1.807E-05 1.807E-05 0.000E+00 0.000E+00 0.000E+00 0.000E+00 0.000E+00 0.000E+00
 6.0   1 8.021E-06 8.021E-06 0.000E+00 0.000E+00 0.000E+00 0.000E+00 0.000E+00 0.000E+00
 7.0   1 6.144E-06 6.144E-06 0.000E+00 0.000E+00 0.000E+00 0.000E+00 0.000E+00 0.000E+00
 8.0   1 7.439E-07 7.439E-07 0.000E+00 0.000E+00 0.000E+00 0.000E+00 0.000E+00 0.000E+00
 9.0   1 3.825E-07 3.825E-07 0.000E+00 0.000E+00 0.000E+00 0.000E+00 0.000E+00 0.000E+00
10.0   1 2.136E-08 2.136E-08 0.000E+00 0.000E+00 0.000E+00 0.000E+00 0.000E+00 0.000E+00
  35   4.356 1.831E-04 -1 7.602E-05 1.162E-06 7.248E-06 1.348E-05 1.561E-05 1.569E-05 9.454E-06 8.062E-06 3.162E-06 1.880E-06
  35   4.356 1.831E-04  1 1.071E-04 1.750E-06 9.853E-06 2.103E-05 2.560E-05 1.810E-05 1.648E-05 7.431E-06 5.656E-06 7.783E-07
 0.0  -1 1.162E-06 1.162E-06 0.000E+00 0.000E+00 0.000E+00 0.000E+00 0.000E+00 0.000E+00
 1.0  -1 7.248E-06 7.248E-06 0.000E+00 0.000E+00 0.000E+00 0.000E+00 0.000E+00 0.000E+00
 2.0  -1 1.348E-05 1.348E-05 0.000E+00 0.000E+00 0.000E+00 0.000E+00 0.000E+00 0.000E+00
 3.0  -1 1.561E-05 1.561E-05 0.000E+00 0.000E+00 0.000E+00 0.000E+00 0.000E+00 0.000E+00
 4.0  -1 1.569E-05 1.569E-05 0.000E+00 0.000E+00 0.000E+00 0.000E+00 0.000E+00 0.000E+00
 5.0  -1 9.454E-06 9.454E-06 0.000E+00 0.000E+00 0.000E+00 0.000E+00 0.000E+00 0.000E+00
 6.0  -1 8.062E-06 8.062E-06 0.000E+00 0.000E+00 0.000E+00 0.000E+00 0.000E+00 0.000E+00
 7.0  -1 3.162E-06 3.162E-06 0.000E+00 0.000E+00 0.000E+00 0.000E+00 0.000E+00 0.000E+00
 8.0  -1 1.880E-06 1.880E-06 0.000E+00 0.000E+00 0.000E+00 0.000E+00 0.000E+00 0.000E+00
 9.0  -1 1.979E-07 1.979E-07 0.000E+00 0.000E+00 0.000E+00 0.000E+00 0.000E+00 0.000E+00
10.0  -1 6.630E-08 6.630E-08 0.000E+00 0.000E+00 0.000E+00 0.000E+00 0.000E+00 0.000E+00
 0.0   1 1.750E-06 1.750E-06 0.000E+00 0.000E+00 0.000E+00 0.000E+00 0.000E+00 0.000E+00
 1.0   1 9.853E-06 9.853E-06 0.000E+00 0.000E+00 0.000E+00 0.000E+00 0.000E+00 0.000E+00
 2.0   1 2.103E-05 2.103E-05 0.000E+00 0.000E+00 0.000E+00 0.000E+00 0.000E+00 0.000E+00
 3.0   1 2.560E-05 2.560E-05 0.000E+00 0.000E+00 0.000E+00 0.000E+00 0.000E+00 0.000E+00
 4.0   1 1.810E-05 1.810E-05 0.000E+00 0.000E+00 0.000E+00 0.000E+00 0.000E+00 0.000E+00
 5.0   1 1.648E-05 1.648E-05 0.000E+00 0.000E+00 0.000E+00 0.000E+00 0.000E+00 0.000E+00
 6.0   1 7.431E-06 7.431E-06 0.000E+00 0.000E+00 0.000E+00 0.000E+00 0.000E+00 0.000E+00
 7.0   1 5.656E-06 5.656E-06 0.000E+00 0.000E+00 0.000E+00 0.000E+00 0.000E+00 0.000E+00
 8.0   1 7.783E-07 7.783E-07 0.000E+00 0.000E+00 0.000E+00 0.000E+00 0.000E+00 0.000E+00
 9.0   1 3.826E-07 3.826E-07 0.000E+00 0.000E+00 0.000E+00 0.000E+00 0.000E+00 0.000E+00
10.0   1 2.335E-08 2.335E-08 0.000E+00 0.000E+00 0.000E+00 0.000E+00 0.000E+00 0.000E+00
  34   4.265 1.727E-04 -1 7.415E-05 1.114E-06 7.005E-06 1.304E-05 1.507E-05 1.507E-05 9.377E-06 7.997E-06 3.296E-06 1.891E-06
  34   4.265 1.727E-04  1 9.859E-05 1.597E-06 9.084E-06 1.924E-05 2.345E-05 1.664E-05 1.513E-05 6.955E-06 5.257E-06 8.191E-07
 0.0  -1 1.114E-06 1.114E-06 0.000E+00 0.000E+00 0.000E+00 0.000E+00 0.000E+00 0.000E+00
 1.0  -1 7.005E-06 7.005E-06 0.000E+00 0.000E+00 0.000E+00 0.000E+00 0.000E+00 0.000E+00
 2.0  -1 1.304E-05 1.304E-05 0.000E+00 0.000E+00 0.000E+00 0.000E+00 0.000E+00 0.000E+00
 3.0  -1 1.507E-05 1.507E-05 0.000E+00 0.000E+00 0.000E+00 0.000E+00 0.000E+00 0.000E+00
 4.0  -1 1.507E-05 1.507E-05 0.000E+00 0.000E+00 0.000E+00 0.000E+00 0.000E+00 0.000E+00
 5.0  -1 9.377E-06 9.377E-06 0.000E+00 0.000E+00 0.000E+00 0.000E+00 0.000E+00 0.000E+00
 6.0  -1 7.997E-06 7.997E-06 0.000E+00 0.000E+00 0.000E+00 0.000E+00 0.000E+00 0.000E+00
 7.0  -1 3.296E-06 3.296E-06 0.000E+00 0.000E+00 0.000E+00 0.000E+00 0.000E+00 0.000E+00
 8.0  -1 1.891E-06 1.891E-06 0.000E+00 0.000E+00 0.000E+00 0.000E+00 0.000E+00 0.000E+00
 9.0  -1 2.125E-07 2.125E-07 0.000E+00 0.000E+00 0.000E+00 0.000E+00 0.000E+00 0.000E+00
10.0  -1 6.889E-08 6.889E-08 0.000E+00 0.000E+00 0.000E+00 0.000E+00 0.000E+00 0.000E+00
 0.0   1 1.597E-06 1.597E-06 0.000E+00 0.000E+00 0.000E+00 0.000E+00 0.000E+00 0.000E+00
 1.0   1 9.084E-06 9.084E-06 0.000E+00 0.000E+00 0.000E+00 0.000E+00 0.000E+00 0.000E+00
 2.0   1 1.924E-05 1.924E-05 0.000E+00 0.000E+00 0.000E+00 0.000E+00 0.000E+00 0.000E+00
 3.0   1 2.345E-05 2.345E-05 0.000E+00 0.000E+00 0.000E+00 0.000E+00 0.000E+00 0.000E+00
 4.0   1 1.664E-05 1.664E-05 0.000E+00 0.000E+00 0.000E+00 0.000E+00 0.000E+00 0.000E+00
 5.0   1 1.513E-05 1.513E-05 0.000E+00 0.000E+00 0.000E+00 0.000E+00 0.000E+00 0.000E+00
 6.0   1 6.955E-06 6.955E-06 0.000E+00 0.000E+00 0.000E+00 0.000E+00 0.000E+00 0.000E+00
 7.0   1 5.257E-06 5.257E-06 0.000E+00 0.000E+00 0.000E+00 0.000E+00 0.000E+00 0.000E+00
 8.0   1 8.191E-07 8.191E-07 0.000E+00 0.000E+00 0.000E+00 0.000E+00 0.000E+00 0.000E+00
 9.0   1 3.851E-07 3.851E-07 0.000E+00 0.000E+00 0.000E+00 0.000E+00 0.000E+00 0.000E+00
10.0   1 2.543E-08 2.543E-08 0.000E+00 0.000E+00 0.000E+00 0.000E+00 0.000E+00 0.000E+00
  33   4.174 1.646E-04 -1 7.318E-05 1.077E-06 6.853E-06 1.276E-05 1.472E-05 1.465E-05 9.420E-06 8.029E-06 3.460E-06 1.915E-06
  33   4.174 1.646E-04  1 9.143E-05 1.463E-06 8.429E-06 1.769E-05 2.161E-05 1.541E-05 1.400E-05 6.586E-06 4.940E-06 8.661E-07
 0.0  -1 1.077E-06 1.077E-06 0.000E+00 0.000E+00 0.000E+00 0.000E+00 0.000E+00 0.000E+00
 1.0  -1 6.853E-06 6.853E-06 0.000E+00 0.000E+00 0.000E+00 0.000E+00 0.000E+00 0.000E+00
 2.0  -1 1.276E-05 1.276E-05 0.000E+00 0.000E+00 0.000E+00 0.000E+00 0.000E+00 0.000E+00
 3.0  -1 1.472E-05 1.472E-05 0.000E+00 0.000E+00 0.000E+00 0.000E+00 0.000E+00 0.000E+00
 4.0  -1 1.465E-05 1.465E-05 0.000E+00 0.000E+00 0.000E+00 0.000E+00 0.000E+00 0.000E+00
 5.0  -1 9.420E-06 9.420E-06 0.000E+00 0.000E+00 0.000E+00 0.000E+00 0.000E+00 0.000E+00
 6.0  -1 8.029E-06 8.029E-06 0.000E+00 0.000E+00 0.000E+00 0.000E+00 0.000E+00 0.000E+00
 7.0  -1 3.460E-06 3.460E-06 0.000E+00 0.000E+00 0.000E+00 0.000E+00 0.000E+00 0.000E+00
 8.0  -1 1.915E-06 1.915E-06 0.000E+00 0.000E+00 0.000E+00 0.000E+00 0.000E+00 0.000E+00
 9.0  -1 2.278E-07 2.278E-07 0.000E+00 0.000E+00 0.000E+00 0.000E+00 0.000E+00 0.000E+00
10.0  -1 7.152E-08 7.152E-08 0.000E+00 0.000E+00 0.000E+00 0.000E+00 0.000E+00 0.000E+00
 0.0   1 1.463E-06 1.463E-06 0.000E+00 0.000E+00 0.000E+00 0.000E+00 0.000E+00 0.000E+00
 1.0   1 8.429E-06 8.429E-06 0.000E+00 0.000E+00 0.000E+00 0.000E+00 0.000E+00 0.000E+00
 2.0   1 1.769E-05 1.769E-05 0.000E+00 0.000E+00 0.000E+00 0.000E+00 0.000E+00 0.000E+00
 3.0   1 2.161E-05 2.161E-05 0.000E+00 0.000E+00 0.000E+00 0.000E+00 0.000E+00 0.000E+00
 4.0   1 1.541E-05 1.541E-05 0.000E+00 0.000E+00 0.000E+00 0.000E+00 0.000E+00 0.000E+00
 5.0   1 1.400E-05 1.400E-05 0.000E+00 0.000E+00 0.000E+00 0.000E+00 0.000E+00 0.000E+00
 6.0   1 6.586E-06 6.586E-06 0.000E+00 0.000E+00 0.000E+00 0.000E+00 0.000E+00 0.000E+00
 7.0   1 4.940E-06 4.940E-06 0.000E+00 0.000E+00 0.000E+00 0.000E+00 0.000E+00 0.000E+00
 8.0   1 8.661E-07 8.661E-07 0.000E+00 0.000E+00 0.000E+00 0.000E+00 0.000E+00 0.000E+00
 9.0   1 3.898E-07 3.898E-07 0.000E+00 0.000E+00 0.000E+00 0.000E+00 0.000E+00 0.000E+00
10.0   1 2.763E-08 2.763E-08 0.000E+00 0.000E+00 0.000E+00 0.000E+00 0.000E+00 0.000E+00
  32   4.082 1.586E-04 -1 7.312E-05 1.052E-06 6.792E-06 1.264E-05 1.456E-05 1.442E-05 9.582E-06 8.154E-06 3.652E-06 1.952E-06
  32   4.082 1.586E-04  1 8.553E-05 1.347E-06 7.884E-06 1.637E-05 2.006E-05 1.441E-05 1.309E-05 6.316E-06 4.698E-06 9.195E-07
 0.0  -1 1.052E-06 1.052E-06 0.000E+00 0.000E+00 0.000E+00 0.000E+00 0.000E+00 0.000E+00
 1.0  -1 6.792E-06 6.792E-06 0.000E+00 0.000E+00 0.000E+00 0.000E+00 0.000E+00 0.000E+00
 2.0  -1 1.264E-05 1.264E-05 0.000E+00 0.000E+00 0.000E+00 0.000E+00 0.000E+00 0.000E+00
 3.0  -1 1.456E-05 1.456E-05 0.000E+00 0.000E+00 0.000E+00 0.000E+00 0.000E+00 0.000E+00
 4.0  -1 1.442E-05 1.442E-05 0.000E+00 0.000E+00 0.000E+00 0.000E+00 0.000E+00 0.000E+00
 5.0  -1 9.582E-06 9.582E-06 0.000E+00 0.000E+00 0.000E+00 0.000E+00 0.000E+00 0.000E+00
 6.0  -1 8.154E-06 8.154E-06 0.000E+00 0.000E+00 0.000E+00 0.000E+00 0.000E+00 0.000E+00
 7.0  -1 3.652E-06 3.652E-06 0.000E+00 0.000E+00 0.000E+00 0.000E+00 0.000E+00 0.000E+00
 8.0  -1 1.952E-06 1.952E-06 0.000E+00 0.000E+00 0.000E+00 0.000E+00 0.000E+00 0.000E+00
 9.0  -1 2.441E-07 2.441E-07 0.000E+00 0.000E+00 0.000E+00 0.000E+00 0.000E+00 0.000E+00
10.0  -1 7.431E-08 7.431E-08 0.000E+00 0.000E+00 0.000E+00 0.000E+00 0.000E+00 0.000E+00
 0.0   1 1.347E-06 1.347E-06 0.000E+00 0.000E+00 0.000E+00 0.000E+00 0.000E+00 0.000E+00
 1.0   1 7.884E-06 7.884E-06 0.000E+00 0.000E+00 0.000E+00 0.000E+00 0.000E+00 0.000E+00
 2.0   1 1.637E-05 1.637E-05 0.000E+00 0.000E+00 0.000E+00 0.000E+00 0.000E+00 0.000E+00
 3.0   1 2.006E-05 2.006E-05 0.000E+00 0.000E+00 0.000E+00 0.000E+00 0.000E+00 0.000E+00
 4.0   1 1.441E-05 1.441E-05 0.000E+00 0.000E+00 0.000E+00 0.000E+00 0.000E+00 0.000E+00
 5.0   1 1.309E-05 1.309E-05 0.000E+00 0.000E+00 0.000E+00 0.000E+00 0.000E+00 0.000E+00
 6.0   1 6.316E-06 6.316E-06 0.000E+00 0.000E+00 0.000E+00 0.000E+00 0.000E+00 0.000E+00
 7.0   1 4.698E-06 4.698E-06 0.000E+00 0.000E+00 0.000E+00 0.000E+00 0.000E+00 0.000E+00
 8.0   1 9.195E-07 9.195E-07 0.000E+00 0.000E+00 0.000E+00 0.000E+00 0.000E+00 0.000E+00
 9.0   1 3.968E-07 3.968E-07 0.000E+00 0.000E+00 0.000E+00 0.000E+00 0.000E+00 0.000E+00
10.0   1 2.996E-08 2.996E-08 0.000E+00 0.000E+00 0.000E+00 0.000E+00 0.000E+00 0.000E+00
  31   3.991 1.546E-04 -1 7.389E-05 1.038E-06 6.816E-06 1.266E-05 1.458E-05 1.437E-05 9.856E-06 8.363E-06 3.870E-06 1.999E-06
  31   3.991 1.546E-04  1 8.076E-05 1.246E-06 7.436E-06 1.526E-05 1.877E-05 1.360E-05 1.237E-05 6.136E-06 4.522E-06 9.787E-07
 0.0  -1 1.038E-06 1.038E-06 0.000E+00 0.000E+00 0.000E+00 0.000E+00 0.000E+00 0.000E+00
 1.0  -1 6.816E-06 6.816E-06 0.000E+00 0.000E+00 0.000E+00 0.000E+00 0.000E+00 0.000E+00
 2.0  -1 1.266E-05 1.266E-05 0.000E+00 0.000E+00 0.000E+00 0.000E+00 0.000E+00 0.000E+00
 3.0  -1 1.458E-05 1.458E-05 0.000E+00 0.000E+00 0.000E+00 0.000E+00 0.000E+00 0.000E+00
 4.0  -1 1.437E-05 1.437E-05 0.000E+00 0.000E+00 0.000E+00 0.000E+00 0.000E+00 0.000E+00
 5.0  -1 9.856E-06 9.856E-06 0.000E+00 0.000E+00 0.000E+00 0.000E+00 0.000E+00 0.000E+00
 6.0  -1 8.363E-06 8.363E-06 0.000E+00 0.000E+00 0.000E+00 0.000E+00 0.000E+00 0.000E+00
 7.0  -1 3.870E-06 3.870E-06 0.000E+00 0.000E+00 0.000E+00 0.000E+00 0.000E+00 0.000E+00
 8.0  -1 1.999E-06 1.999E-06 0.000E+00 0.000E+00 0.000E+00 0.000E+00 0.000E+00 0.000E+00
 9.0  -1 2.610E-07 2.610E-07 0.000E+00 0.000E+00 0.000E+00 0.000E+00 0.000E+00 0.000E+00
10.0  -1 7.710E-08 7.710E-08 0.000E+00 0.000E+00 0.000E+00 0.000E+00 0.000E+00 0.000E+00
 0.0   1 1.246E-06 1.246E-06 0.000E+00 0.000E+00 0.000E+00 0.000E+00 0.000E+00 0.000E+00
 1.0   1 7.436E-06 7.436E-06 0.000E+00 0.000E+00 0.000E+00 0.000E+00 0.000E+00 0.000E+00
 2.0   1 1.526E-05 1.526E-05 0.000E+00 0.000E+00 0.000E+00 0.000E+00 0.000E+00 0.000E+00
 3.0   1 1.877E-05 1.877E-05 0.000E+00 0.000E+00 0.000E+00 0.000E+00 0.000E+00 0.000E+00
 4.0   1 1.360E-05 1.360E-05 0.000E+00 0.000E+00 0.000E+00 0.000E+00 0.000E+00 0.000E+00
 5.0   1 1.237E-05 1.237E-05 0.000E+00 0.000E+00 0.000E+00 0.000E+00 0.000E+00 0.000E+00
 6.0   1 6.136E-06 6.136E-06 0.000E+00 0.000E+00 0.000E+00 0.000E+00 0.000E+00 0.000E+00
 7.0   1 4.522E-06 4.522E-06 0.000E+00 0.000E+00 0.000E+00 0.000E+00 0.000E+00 0.000E+00
 8.0   1 9.787E-07 9.787E-07 0.000E+00 0.000E+00 0.000E+00 0.000E+00 0.000E+00 0.000E+00
 9.0   1 4.060E-07 4.060E-07 0.000E+00 0.000E+00 0.000E+00 0.000E+00 0.000E+00 0.000E+00
10.0   1 3.241E-08 3.241E-08 0.000E+00 0.000E+00 0.000E+00 0.000E+00 0.000E+00 0.000E+00
  30   3.899 1.525E-04 -1 7.545E-05 1.034E-06 6.921E-06 1.282E-05 1.478E-05 1.448E-05 1.023E-05 8.649E-06 4.111E-06 2.057E-06
  30   3.899 1.525E-04  1 7.705E-05 1.160E-06 7.080E-06 1.434E-05 1.773E-05 1.298E-05 1.182E-05 6.039E-06 4.407E-06 1.044E-06
 0.0  -1 1.034E-06 1.034E-06 0.000E+00 0.000E+00 0.000E+00 0.000E+00 0.000E+00 0.000E+00
 1.0  -1 6.921E-06 6.921E-06 0.000E+00 0.000E+00 0.000E+00 0.000E+00 0.000E+00 0.000E+00
 2.0  -1 1.282E-05 1.282E-05 0.000E+00 0.000E+00 0.000E+00 0.000E+00 0.000E+00 0.000E+00
 3.0  -1 1.478E-05 1.478E-05 0.000E+00 0.000E+00 0.000E+00 0.000E+00 0.000E+00 0.000E+00
 4.0  -1 1.448E-05 1.448E-05 0.000E+00 0.000E+00 0.000E+00 0.000E+00 0.000E+00 0.000E+00
 5.0  -1 1.023E-05 1.023E-05 0.000E+00 0.000E+00 0.000E+00 0.000E+00 0.000E+00 0.000E+00
 6.0  -1 8.649E-06 8.649E-06 0.000E+00 0.000E+00 0.000E+00 0.000E+00 0.000E+00 0.000E+00
 7.0  -1 4.111E-06 4.111E-06 0.000E+00 0.000E+00 0.000E+00 0.000E+00 0.000E+00 0.000E+00
 8.0  -1 2.057E-06 2.057E-06 0.000E+00 0.000E+00 0.000E+00 0.000E+00 0.000E+00 0.000E+00
 9.0  -1 2.785E-07 2.785E-07 0.000E+00 0.000E+00 0.000E+00 0.000E+00 0.000E+00 0.000E+00
10.0  -1 7.990E-08 7.990E-08 0.000E+00 0.000E+00 0.000E+00 0.000E+00 0.000E+00 0.000E+00
 0.0   1 1.160E-06 1.160E-06 0.000E+00 0.000E+00 0.000E+00 0.000E+00 0.000E+00 0.000E+00
 1.0   1 7.080E-06 7.080E-06 0.000E+00 0.000E+00 0.000E+00 0.000E+00 0.000E+00 0.000E+00
 2.0   1 1.434E-05 1.434E-05 0.000E+00 0.000E+00 0.000E+00 0.000E+00 0.000E+00 0.000E+00
 3.0   1 1.773E-05 1.773E-05 0.000E+00 0.000E+00 0.000E+00 0.000E+00 0.000E+00 0.000E+00
 4.0   1 1.298E-05 1.298E-05 0.000E+00 0.000E+00 0.000E+00 0.000E+00 0.000E+00 0.000E+00
 5.0   1 1.182E-05 1.182E-05 0.000E+00 0.000E+00 0.000E+00 0.000E+00 0.000E+00 0.000E+00
 6.0   1 6.039E-06 6.039E-06 0.000E+00 0.000E+00 0.000E+00 0.000E+00 0.000E+00 0.000E+00
 7.0   1 4.407E-06 4.407E-06 0.000E+00 0.000E+00 0.000E+00 0.000E+00 0.000E+00 0.000E+00
 8.0   1 1.044E-06 1.044E-06 0.000E+00 0.000E+00 0.000E+00 0.000E+00 0.000E+00 0.000E+00
 9.0   1 4.174E-07 4.174E-07 0.000E+00 0.000E+00 0.000E+00 0.000E+00 0.000E+00 0.000E+00
10.0   1 3.499E-08 3.499E-08 0.000E+00 0.000E+00 0.000E+00 0.000E+00 0.000E+00 0.000E+00
  29   3.808 1.521E-04 -1 7.776E-05 1.039E-06 7.104E-06 1.311E-05 1.515E-05 1.476E-05 1.071E-05 9.006E-06 4.372E-06 2.123E-06
  29   3.808 1.521E-04  1 7.431E-05 1.087E-06 6.809E-06 1.360E-05 1.690E-05 1.253E-05 1.143E-05 6.018E-06 4.346E-06 1.114E-06
 0.0  -1 1.039E-06 1.039E-06 0.000E+00 0.000E+00 0.000E+00 0.000E+00 0.000E+00 0.000E+00
 1.0  -1 7.104E-06 7.104E-06 0.000E+00 0.000E+00 0.000E+00 0.000E+00 0.000E+00 0.000E+00
 2.0  -1 1.311E-05 1.311E-05 0.000E+00 0.000E+00 0.000E+00 0.000E+00 0.000E+00 0.000E+00
 3.0  -1 1.515E-05 1.515E-05 0.000E+00 0.000E+00 0.000E+00 0.000E+00 0.000E+00 0.000E+00
 4.0  -1 1.476E-05 1.476E-05 0.000E+00 0.000E+00 0.000E+00 0.000E+00 0.000E+00 0.000E+00
 5.0  -1 1.071E-05 1.071E-05 0.000E+00 0.000E+00 0.000E+00 0.000E+00 0.000E+00 0.000E+00
 6.0  -1 9.006E-06 9.006E-06 0.000E+00 0.000E+00 0.000E+00 0.000E+00 0.000E+00 0.000E+00
 7.0  -1 4.372E-06 4.372E-06 0.000E+00 0.000E+00 0.000E+00 0.000E+00 0.000E+00 0.000E+00
 8.0  -1 2.123E-06 2.123E-06 0.000E+00 0.000E+00 0.000E+00 0.000E+00 0.000E+00 0.000E+00
 9.0  -1 2.967E-07 2.967E-07 0.000E+00 0.000E+00 0.000E+00 0.000E+00 0.000E+00 0.000E+00
10.0  -1 8.272E-08 8.272E-08 0.000E+00 0.000E+00 0.000E+00 0.000E+00 0.000E+00 0.000E+00
 0.0   1 1.087E-06 1.087E-06 0.000E+00 0.000E+00 0.000E+00 0.000E+00 0.000E+00 0.000E+00
 1.0   1 6.809E-06 6.809E-06 0.000E+00 0.000E+00 0.000E+00 0.000E+00 0.000E+00 0.000E+00
 2.0   1 1.360E-05 1.360E-05 0.000E+00 0.000E+00 0.000E+00 0.000E+00 0.000E+00 0.000E+00
 3.0   1 1.690E-05 1.690E-05 0.000E+00 0.000E+00 0.000E+00 0.000E+00 0.000E+00 0.000E+00
 4.0   1 1.253E-05 1.253E-05 0.000E+00 0.000E+00 0.000E+00 0.000E+00 0.000E+00 0.000E+00
 5.0   1 1.143E-05 1.143E-05 0.000E+00 0.000E+00 0.000E+00 0.000E+00 0.000E+00 0.000E+00
 6.0   1 6.018E-06 6.018E-06 0.000E+00 0.000E+00 0.000E+00 0.000E+00 0.000E+00 0.000E+00
 7.0   1 4.346E-06 4.346E-06 0.000E+00 0.000E+00 0.000E+00 0.000E+00 0.000E+00 0.000E+00
 8.0   1 1.114E-06 1.114E-06 0.000E+00 0.000E+00 0.000E+00 0.000E+00 0.000E+00 0.000E+00
 9.0   1 4.308E-07 4.308E-07 0.000E+00 0.000E+00 0.000E+00 0.000E+00 0.000E+00 0.000E+00
10.0   1 3.772E-08 3.772E-08 0.000E+00 0.000E+00 0.000E+00 0.000E+00 0.000E+00 0.000E+00
  28   3.717 1.533E-04 -1 8.079E-05 1.053E-06 7.362E-06 1.354E-05 1.568E-05 1.519E-05 1.129E-05 9.426E-06 4.651E-06 2.196E-06
  28   3.717 1.533E-04  1 7.247E-05 1.026E-06 6.619E-06 1.302E-05 1.629E-05 1.224E-05 1.118E-05 6.066E-06 4.335E-06 1.190E-06
 0.0  -1 1.053E-06 1.053E-06 0.000E+00 0.000E+00 0.000E+00 0.000E+00 0.000E+00 0.000E+00
 1.0  -1 7.362E-06 7.362E-06 0.000E+00 0.000E+00 0.000E+00 0.000E+00 0.000E+00 0.000E+00
 2.0  -1 1.354E-05 1.354E-05 0.000E+00 0.000E+00 0.000E+00 0.000E+00 0.000E+00 0.000E+00
 3.0  -1 1.568E-05 1.568E-05 0.000E+00 0.000E+00 0.000E+00 0.000E+00 0.000E+00 0.000E+00
 4.0  -1 1.519E-05 1.519E-05 0.000E+00 0.000E+00 0.000E+00 0.000E+00 0.000E+00 0.000E+00
 5.0  -1 1.129E-05 1.129E-05 0.000E+00 0.000E+00 0.000E+00 0.000E+00 0.000E+00 0.000E+00
 6.0  -1 9.426E-06 9.426E-06 0.000E+00 0.000E+00 0.000E+00 0.000E+00 0.000E+00 0.000E+00
 7.0  -1 4.651E-06 4.651E-06 0.000E+00 0.000E+00 0.000E+00 0.000E+00 0.000E+00 0.000E+00
 8.0  -1 2.196E-06 2.196E-06 0.000E+00 0.000E+00 0.000E+00 0.000E+00 0.000E+00 0.000E+00
 9.0  -1 3.158E-07 3.158E-07 0.000E+00 0.000E+00 0.000E+00 0.000E+00 0.000E+00 0.000E+00
10.0  -1 8.559E-08 8.559E-08 0.000E+00 0.000E+00 0.000E+00 0.000E+00 0.000E+00 0.000E+00
 0.0   1 1.026E-06 1.026E-06 0.000E+00 0.000E+00 0.000E+00 0.000E+00 0.000E+00 0.000E+00
 1.0   1 6.619E-06 6.619E-06 0.000E+00 0.000E+00 0.000E+00 0.000E+00 0.000E+00 0.000E+00
 2.0   1 1.302E-05 1.302E-05 0.000E+00 0.000E+00 0.000E+00 0.000E+00 0.000E+00 0.000E+00
 3.0   1 1.629E-05 1.629E-05 0.000E+00 0.000E+00 0.000E+00 0.000E+00 0.000E+00 0.000E+00
 4.0   1 1.224E-05 1.224E-05 0.000E+00 0.000E+00 0.000E+00 0.000E+00 0.000E+00 0.000E+00
 5.0   1 1.118E-05 1.118E-05 0.000E+00 0.000E+00 0.000E+00 0.000E+00 0.000E+00 0.000E+00
 6.0   1 6.066E-06 6.066E-06 0.000E+00 0.000E+00 0.000E+00 0.000E+00 0.000E+00 0.000E+00
 7.0   1 4.335E-06 4.335E-06 0.000E+00 0.000E+00 0.000E+00 0.000E+00 0.000E+00 0.000E+00
 8.0   1 1.190E-06 1.190E-06 0.000E+00 0.000E+00 0.000E+00 0.000E+00 0.000E+00 0.000E+00
 9.0   1 4.465E-07 4.465E-07 0.000E+00 0.000E+00 0.000E+00 0.000E+00 0.000E+00 0.000E+00
10.0   1 4.062E-08 4.062E-08 0.000E+00 0.000E+00 0.000E+00 0.000E+00 0.000E+00 0.000E+00
  27   3.625 1.559E-04 -1 8.447E-05 1.076E-06 7.691E-06 1.409E-05 1.636E-05 1.576E-05 1.195E-05 9.902E-06 4.945E-06 2.276E-06
  27   3.625 1.559E-04  1 7.147E-05 9.770E-07 6.503E-06 1.260E-05 1.587E-05 1.211E-05 1.108E-05 6.180E-06 4.370E-06 1.271E-06
 0.0  -1 1.076E-06 1.076E-06 0.000E+00 0.000E+00 0.000E+00 0.000E+00 0.000E+00 0.000E+00
 1.0  -1 7.691E-06 7.691E-06 0.000E+00 0.000E+00 0.000E+00 0.000E+00 0.000E+00 0.000E+00
 2.0  -1 1.409E-05 1.409E-05 0.000E+00 0.000E+00 0.000E+00 0.000E+00 0.000E+00 0.000E+00
 3.0  -1 1.636E-05 1.636E-05 0.000E+00 0.000E+00 0.000E+00 0.000E+00 0.000E+00 0.000E+00
 4.0  -1 1.576E-05 1.576E-05 0.000E+00 0.000E+00 0.000E+00 0.000E+00 0.000E+00 0.000E+00
 5.0  -1 1.195E-05 1.195E-05 0.000E+00 0.000E+00 0.000E+00 0.000E+00 0.000E+00 0.000E+00
 6.0  -1 9.902E-06 9.902E-06 0.000E+00 0.000E+00 0.000E+00 0.000E+00 0.000E+00 0.000E+00
 7.0  -1 4.945E-06 4.945E-06 0.000E+00 0.000E+00 0.000E+00 0.000E+00 0.000E+00 0.000E+00
 8.0  -1 2.276E-06 2.276E-06 0.000E+00 0.000E+00 0.000E+00 0.000E+00 0.000E+00 0.000E+00
 9.0  -1 3.359E-07 3.359E-07 0.000E+00 0.000E+00 0.000E+00 0.000E+00 0.000E+00 0.000E+00
10.0  -1 8.855E-08 8.855E-08 0.000E+00 0.000E+00 0.000E+00 0.000E+00 0.000E+00 0.000E+00
 0.0   1 9.770E-07 9.770E-07 0.000E+00 0.000E+00 0.000E+00 0.000E+00 0.000E+00 0.000E+00
 1.0   1 6.503E-06 6.503E-06 0.000E+00 0.000E+00 0.000E+00 0.000E+00 0.000E+00 0.000E+00
 2.0   1 1.260E-05 1.260E-05 0.000E+00 0.000E+00 0.000E+00 0.000E+00 0.000E+00 0.000E+00
 3.0   1 1.587E-05 1.587E-05 0.000E+00 0.000E+00 0.000E+00 0.000E+00 0.000E+00 0.000E+00
 4.0   1 1.211E-05 1.211E-05 0.000E+00 0.000E+00 0.000E+00 0.000E+00 0.000E+00 0.000E+00
 5.0   1 1.108E-05 1.108E-05 0.000E+00 0.000E+00 0.000E+00 0.000E+00 0.000E+00 0.000E+00
 6.0   1 6.180E-06 6.180E-06 0.000E+00 0.000E+00 0.000E+00 0.000E+00 0.000E+00 0.000E+00
 7.0   1 4.370E-06 4.370E-06 0.000E+00 0.000E+00 0.000E+00 0.000E+00 0.000E+00 0.000E+00
 8.0   1 1.271E-06 1.271E-06 0.000E+00 0.000E+00 0.000E+00 0.000E+00 0.000E+00 0.000E+00
 9.0   1 4.643E-07 4.643E-07 0.000E+00 0.000E+00 0.000E+00 0.000E+00 0.000E+00 0.000E+00
10.0   1 4.374E-08 4.374E-08 0.000E+00 0.000E+00 0.000E+00 0.000E+00 0.000E+00 0.000E+00
  26   3.534 1.600E-04 -1 8.878E-05 1.106E-06 8.088E-06 1.476E-05 1.719E-05 1.647E-05 1.269E-05 1.043E-05 5.253E-06 2.361E-06
  26   3.534 1.600E-04  1 7.126E-05 9.381E-07 6.459E-06 1.232E-05 1.564E-05 1.211E-05 1.110E-05 6.353E-06 4.447E-06 1.358E-06
 0.0  -1 1.106E-06 1.106E-06 0.000E+00 0.000E+00 0.000E+00 0.000E+00 0.000E+00 0.000E+00
 1.0  -1 8.088E-06 8.088E-06 0.000E+00 0.000E+00 0.000E+00 0.000E+00 0.000E+00 0.000E+00
 2.0  -1 1.476E-05 1.476E-05 0.000E+00 0.000E+00 0.000E+00 0.000E+00 0.000E+00 0.000E+00
 3.0  -1 1.719E-05 1.719E-05 0.000E+00 0.000E+00 0.000E+00 0.000E+00 0.000E+00 0.000E+00
 4.0  -1 1.647E-05 1.647E-05 0.000E+00 0.000E+00 0.000E+00 0.000E+00 0.000E+00 0.000E+00
 5.0  -1 1.269E-05 1.269E-05 0.000E+00 0.000E+00 0.000E+00 0.000E+00 0.000E+00 0.000E+00
 6.0  -1 1.043E-05 1.043E-05 0.000E+00 0.000E+00 0.000E+00 0.000E+00 0.000E+00 0.000E+00
 7.0  -1 5.253E-06 5.253E-06 0.000E+00 0.000E+00 0.000E+00 0.000E+00 0.000E+00 0.000E+00
 8.0  -1 2.361E-06 2.361E-06 0.000E+00 0.000E+00 0.000E+00 0.000E+00 0.000E+00 0.000E+00
 9.0  -1 3.572E-07 3.572E-07 0.000E+00 0.000E+00 0.000E+00 0.000E+00 0.000E+00 0.000E+00
10.0  -1 9.164E-08 9.164E-08 0.000E+00 0.000E+00 0.000E+00 0.000E+00 0.000E+00 0.000E+00
 0.0   1 9.381E-07 9.381E-07 0.000E+00 0.000E+00 0.000E+00 0.000E+00 0.000E+00 0.000E+00
 1.0   1 6.459E-06 6.459E-06 0.000E+00 0.000E+00 0.000E+00 0.000E+00 0.000E+00 0.000E+00
 2.0   1 1.232E-05 1.232E-05 0.000E+00 0.000E+00 0.000E+00 0.000E+00 0.000E+00 0.000E+00
 3.0   1 1.564E-05 1.564E-05 0.000E+00 0.000E+00 0.000E+00 0.000E+00 0.000E+00 0.000E+00
 4.0   1 1.211E-05 1.211E-05 0.000E+00 0.000E+00 0.000E+00 0.000E+00 0.000E+00 0.000E+00
 5.0   1 1.110E-05 1.110E-05 0.000E+00 0.000E+00 0.000E+00 0.000E+00 0.000E+00 0.000E+00
 6.0   1 6.353E-06 6.353E-06 0.000E+00 0.000E+00 0.000E+00 0.000E+00 0.000E+00 0.000E+00
 7.0   1 4.447E-06 4.447E-06 0.000E+00 0.000E+00 0.000E+00 0.000E+00 0.000E+00 0.000E+00
 8.0   1 1.358E-06 1.358E-06 0.000E+00 0.000E+00 0.000E+00 0.000E+00 0.000E+00 0.000E+00
 9.0   1 4.846E-07 4.846E-07 0.000E+00 0.000E+00 0.000E+00 0.000E+00 0.000E+00 0.000E+00
10.0   1 4.713E-08 4.713E-08 0.000E+00 0.000E+00 0.000E+00 0.000E+00 0.000E+00 0.000E+00
  25   3.442 1.655E-04 -1 9.368E-05 1.143E-06 8.551E-06 1.554E-05 1.816E-05 1.729E-05 1.350E-05 1.100E-05 5.573E-06 2.451E-06
  25   3.442 1.655E-04  1 7.178E-05 9.088E-07 6.482E-06 1.218E-05 1.558E-05 1.224E-05 1.124E-05 6.581E-06 4.563E-06 1.451E-06
 0.0  -1 1.143E-06 1.143E-06 0.000E+00 0.000E+00 0.000E+00 0.000E+00 0.000E+00 0.000E+00
 1.0  -1 8.551E-06 8.551E-06 0.000E+00 0.000E+00 0.000E+00 0.000E+00 0.000E+00 0.000E+00
 2.0  -1 1.554E-05 1.554E-05 0.000E+00 0.000E+00 0.000E+00 0.000E+00 0.000E+00 0.000E+00
 3.0  -1 1.816E-05 1.816E-05 0.000E+00 0.000E+00 0.000E+00 0.000E+00 0.000E+00 0.000E+00
 4.0  -1 1.729E-05 1.729E-05 0.000E+00 0.000E+00 0.000E+00 0.000E+00 0.000E+00 0.000E+00
 5.0  -1 1.350E-05 1.350E-05 0.000E+00 0.000E+00 0.000E+00 0.000E+00 0.000E+00 0.000E+00
 6.0  -1 1.100E-05 1.100E-05 0.000E+00 0.000E+00 0.000E+00 0.000E+00 0.000E+00 0.000E+00
 7.0  -1 5.573E-06 5.573E-06 0.000E+00 0.000E+00 0.000E+00 0.000E+00 0.000E+00 0.000E+00
 8.0  -1 2.451E-06 2.451E-06 0.000E+00 0.000E+00 0.000E+00 0.000E+00 0.000E+00 0.000E+00
 9.0  -1 3.800E-07 3.800E-07 0.000E+00 0.000E+00 0.000E+00 0.000E+00 0.000E+00 0.000E+00
10.0  -1 9.492E-08 9.492E-08 0.000E+00 0.000E+00 0.000E+00 0.000E+00 0.000E+00 0.000E+00
 0.0   1 9.088E-07 9.088E-07 0.000E+00 0.000E+00 0.000E+00 0.000E+00 0.000E+00 0.000E+00
 1.0   1 6.482E-06 6.482E-06 0.000E+00 0.000E+00 0.000E+00 0.000E+00 0.000E+00 0.000E+00
 2.0   1 1.218E-05 1.218E-05 0.000E+00 0.000E+00 0.000E+00 0.000E+00 0.000E+00 0.000E+00
 3.0   1 1.558E-05 1.558E-05 0.000E+00 0.000E+00 0.000E+00 0.000E+00 0.000E+00 0.000E+00
 4.0   1 1.224E-05 1.224E-05 0.000E+00 0.000E+00 0.000E+00 0.000E+00 0.000E+00 0.000E+00
 5.0   1 1.124E-05 1.124E-05 0.000E+00 0.000E+00 0.000E+00 0.000E+00 0.000E+00 0.000E+00
 6.0   1 6.581E-06 6.581E-06 0.000E+00 0.000E+00 0.000E+00 0.000E+00 0.000E+00 0.000E+00
 7.0   1 4.563E-06 4.563E-06 0.000E+00 0.000E+00 0.000E+00 0.000E+00 0.000E+00 0.000E+00
 8.0   1 1.451E-06 1.451E-06 0.000E+00 0.000E+00 0.000E+00 0.000E+00 0.000E+00 0.000E+00
 9.0   1 5.075E-07 5.075E-07 0.000E+00 0.000E+00 0.000E+00 0.000E+00 0.000E+00 0.000E+00
10.0   1 5.085E-08 5.085E-08 0.000E+00 0.000E+00 0.000E+00 0.000E+00 0.000E+00 0.000E+00
  24   3.351 1.721E-04 -1 9.911E-05 1.187E-06 9.076E-06 1.642E-05 1.925E-05 1.823E-05 1.439E-05 1.161E-05 5.905E-06 2.547E-06
  24   3.351 1.721E-04  1 7.300E-05 8.883E-07 6.568E-06 1.216E-05 1.568E-05 1.250E-05 1.149E-05 6.862E-06 4.715E-06 1.550E-06
 0.0  -1 1.187E-06 1.187E-06 0.000E+00 0.000E+00 0.000E+00 0.000E+00 0.000E+00 0.000E+00
 1.0  -1 9.076E-06 9.076E-06 0.000E+00 0.000E+00 0.000E+00 0.000E+00 0.000E+00 0.000E+00
 2.0  -1 1.642E-05 1.642E-05 0.000E+00 0.000E+00 0.000E+00 0.000E+00 0.000E+00 0.000E+00
 3.0  -1 1.925E-05 1.925E-05 0.000E+00 0.000E+00 0.000E+00 0.000E+00 0.000E+00 0.000E+00
 4.0  -1 1.823E-05 1.823E-05 0.000E+00 0.000E+00 0.000E+00 0.000E+00 0.000E+00 0.000E+00
 5.0  -1 1.439E-05 1.439E-05 0.000E+00 0.000E+00 0.000E+00 0.000E+00 0.000E+00 0.000E+00
 6.0  -1 1.161E-05 1.161E-05 0.000E+00 0.000E+00 0.000E+00 0.000E+00 0.000E+00 0.000E+00
 7.0  -1 5.905E-06 5.905E-06 0.000E+00 0.000E+00 0.000E+00 0.000E+00 0.000E+00 0.000E+00
 8.0  -1 2.547E-06 2.547E-06 0.000E+00 0.000E+00 0.000E+00 0.000E+00 0.000E+00 0.000E+00
 9.0  -1 4.048E-07 4.048E-07 0.000E+00 0.000E+00 0.000E+00 0.000E+00 0.000E+00 0.000E+00
10.0  -1 9.848E-08 9.848E-08 0.000E+00 0.000E+00 0.000E+00 0.000E+00 0.000E+00 0.000E+00
 0.0   1 8.883E-07 8.883E-07 0.000E+00 0.000E+00 0.000E+00 0.000E+00 0.000E+00 0.000E+00
 1.0   1 6.568E-06 6.568E-06 0.000E+00 0.000E+00 0.000E+00 0.000E+00 0.000E+00 0.000E+00
 2.0   1 1.216E-05 1.216E-05 0.000E+00 0.000E+00 0.000E+00 0.000E+00 0.000E+00 0.000E+00
 3.0   1 1.568E-05 1.568E-05 0.000E+00 0.000E+00 0.000E+00 0.000E+00 0.000E+00 0.000E+00
 4.0   1 1.250E-05 1.250E-05 0.000E+00 0.000E+00 0.000E+00 0.000E+00 0.000E+00 0.000E+00
 5.0   1 1.149E-05 1.149E-05 0.000E+00 0.000E+00 0.000E+00 0.000E+00 0.000E+00 0.000E+00
 6.0   1 6.862E-06 6.862E-06 0.000E+00 0.000E+00 0.000E+00 0.000E+00 0.000E+00 0.000E+00
 7.0   1 4.715E-06 4.715E-06 0.000E+00 0.000E+00 0.000E+00 0.000E+00 0.000E+00 0.000E+00
 8.0   1 1.550E-06 1.550E-06 0.000E+00 0.000E+00 0.000E+00 0.000E+00 0.000E+00 0.000E+00
 9.0   1 5.337E-07 5.337E-07 0.000E+00 0.000E+00 0.000E+00 0.000E+00 0.000E+00 0.000E+00
10.0   1 5.498E-08 5.498E-08 0.000E+00 0.000E+00 0.000E+00 0.000E+00 0.000E+00 0.000E+00
  23   3.260 1.799E-04 -1 1.051E-04 1.238E-06 9.659E-06 1.739E-05 2.047E-05 1.928E-05 1.534E-05 1.225E-05 6.248E-06 2.647E-06
  23   3.260 1.799E-04  1 7.487E-05 8.761E-07 6.716E-06 1.226E-05 1.593E-05 1.287E-05 1.184E-05 7.191E-06 4.904E-06 1.658E-06
 0.0  -1 1.238E-06 1.238E-06 0.000E+00 0.000E+00 0.000E+00 0.000E+00 0.000E+00 0.000E+00
 1.0  -1 9.659E-06 9.659E-06 0.000E+00 0.000E+00 0.000E+00 0.000E+00 0.000E+00 0.000E+00
 2.0  -1 1.739E-05 1.739E-05 0.000E+00 0.000E+00 0.000E+00 0.000E+00 0.000E+00 0.000E+00
 3.0  -1 2.047E-05 2.047E-05 0.000E+00 0.000E+00 0.000E+00 0.000E+00 0.000E+00 0.000E+00
 4.0  -1 1.928E-05 1.928E-05 0.000E+00 0.000E+00 0.000E+00 0.000E+00 0.000E+00 0.000E+00
 5.0  -1 1.534E-05 1.534E-05 0.000E+00 0.000E+00 0.000E+00 0.000E+00 0.000E+00 0.000E+00
 6.0  -1 1.225E-05 1.225E-05 0.000E+00 0.000E+00 0.000E+00 0.000E+00 0.000E+00 0.000E+00
 7.0  -1 6.248E-06 6.248E-06 0.000E+00 0.000E+00 0.000E+00 0.000E+00 0.000E+00 0.000E+00
 8.0  -1 2.647E-06 2.647E-06 0.000E+00 0.000E+00 0.000E+00 0.000E+00 0.000E+00 0.000E+00
 9.0  -1 4.321E-07 4.321E-07 0.000E+00 0.000E+00 0.000E+00 0.000E+00 0.000E+00 0.000E+00
10.0  -1 1.024E-07 1.024E-07 0.000E+00 0.000E+00 0.000E+00 0.000E+00 0.000E+00 0.000E+00
 0.0   1 8.761E-07 8.761E-07 0.000E+00 0.000E+00 0.000E+00 0.000E+00 0.000E+00 0.000E+00
 1.0   1 6.716E-06 6.716E-06 0.000E+00 0.000E+00 0.000E+00 0.000E+00 0.000E+00 0.000E+00
 2.0   1 1.226E-05 1.226E-05 0.000E+00 0.000E+00 0.000E+00 0.000E+00 0.000E+00 0.000E+00
 3.0   1 1.593E-05 1.593E-05 0.000E+00 0.000E+00 0.000E+00 0.000E+00 0.000E+00 0.000E+00
 4.0   1 1.287E-05 1.287E-05 0.000E+00 0.000E+00 0.000E+00 0.000E+00 0.000E+00 0.000E+00
 5.0   1 1.184E-05 1.184E-05 0.000E+00 0.000E+00 0.000E+00 0.000E+00 0.000E+00 0.000E+00
 6.0   1 7.191E-06 7.191E-06 0.000E+00 0.000E+00 0.000E+00 0.000E+00 0.000E+00 0.000E+00
 7.0   1 4.904E-06 4.904E-06 0.000E+00 0.000E+00 0.000E+00 0.000E+00 0.000E+00 0.000E+00
 8.0   1 1.658E-06 1.658E-06 0.000E+00 0.000E+00 0.000E+00 0.000E+00 0.000E+00 0.000E+00
 9.0   1 5.635E-07 5.635E-07 0.000E+00 0.000E+00 0.000E+00 0.000E+00 0.000E+00 0.000E+00
10.0   1 5.965E-08 5.965E-08 0.000E+00 0.000E+00 0.000E+00 0.000E+00 0.000E+00 0.000E+00
  22   3.168 1.889E-04 -1 1.115E-04 1.293E-06 1.030E-05 1.847E-05 2.181E-05 2.043E-05 1.636E-05 1.292E-05 6.600E-06 2.753E-06
  22   3.168 1.889E-04  1 7.738E-05 8.711E-07 6.921E-06 1.247E-05 1.633E-05 1.335E-05 1.229E-05 7.565E-06 5.127E-06 1.774E-06
 0.0  -1 1.293E-06 1.293E-06 0.000E+00 0.000E+00 0.000E+00 0.000E+00 0.000E+00 0.000E+00
 1.0  -1 1.030E-05 1.030E-05 0.000E+00 0.000E+00 0.000E+00 0.000E+00 0.000E+00 0.000E+00
 2.0  -1 1.847E-05 1.847E-05 0.000E+00 0.000E+00 0.000E+00 0.000E+00 0.000E+00 0.000E+00
 3.0  -1 2.181E-05 2.181E-05 0.000E+00 0.000E+00 0.000E+00 0.000E+00 0.000E+00 0.000E+00
 4.0  -1 2.043E-05 2.043E-05 0.000E+00 0.000E+00 0.000E+00 0.000E+00 0.000E+00 0.000E+00
 5.0  -1 1.636E-05 1.636E-05 0.000E+00 0.000E+00 0.000E+00 0.000E+00 0.000E+00 0.000E+00
 6.0  -1 1.292E-05 1.292E-05 0.000E+00 0.000E+00 0.000E+00 0.000E+00 0.000E+00 0.000E+00
 7.0  -1 6.600E-06 6.600E-06 0.000E+00 0.000E+00 0.000E+00 0.000E+00 0.000E+00 0.000E+00
 8.0  -1 2.753E-06 2.753E-06 0.000E+00 0.000E+00 0.000E+00 0.000E+00 0.000E+00 0.000E+00
 9.0  -1 4.628E-07 4.628E-07 0.000E+00 0.000E+00 0.000E+00 0.000E+00 0.000E+00 0.000E+00
10.0  -1 1.069E-07 1.069E-07 0.000E+00 0.000E+00 0.000E+00 0.000E+00 0.000E+00 0.000E+00
 0.0   1 8.711E-07 8.711E-07 0.000E+00 0.000E+00 0.000E+00 0.000E+00 0.000E+00 0.000E+00
 1.0   1 6.921E-06 6.921E-06 0.000E+00 0.000E+00 0.000E+00 0.000E+00 0.000E+00 0.000E+00
 2.0   1 1.247E-05 1.247E-05 0.000E+00 0.000E+00 0.000E+00 0.000E+00 0.000E+00 0.000E+00
 3.0   1 1.633E-05 1.633E-05 0.000E+00 0.000E+00 0.000E+00 0.000E+00 0.000E+00 0.000E+00
 4.0   1 1.335E-05 1.335E-05 0.000E+00 0.000E+00 0.000E+00 0.000E+00 0.000E+00 0.000E+00
 5.0   1 1.229E-05 1.229E-05 0.000E+00 0.000E+00 0.000E+00 0.000E+00 0.000E+00 0.000E+00
 6.0   1 7.565E-06 7.565E-06 0.000E+00 0.000E+00 0.000E+00 0.000E+00 0.000E+00 0.000E+00
 7.0   1 5.127E-06 5.127E-06 0.000E+00 0.000E+00 0.000E+00 0.000E+00 0.000E+00 0.000E+00
 8.0   1 1.774E-06 1.774E-06 0.000E+00 0.000E+00 0.000E+00 0.000E+00 0.000E+00 0.000E+00
 9.0   1 5.981E-07 5.981E-07 0.000E+00 0.000E+00 0.000E+00 0.000E+00 0.000E+00 0.000E+00
10.0   1 6.501E-08 6.501E-08 0.000E+00 0.000E+00 0.000E+00 0.000E+00 0.000E+00 0.000E+00
  21   3.077 1.989E-04 -1 1.184E-04 1.354E-06 1.099E-05 1.963E-05 2.327E-05 2.167E-05 1.743E-05 1.362E-05 6.964E-06 2.867E-06
  21   3.077 1.989E-04  1 8.047E-05 8.726E-07 7.180E-06 1.279E-05 1.687E-05 1.394E-05 1.283E-05 7.980E-06 5.386E-06 1.901E-06
 0.0  -1 1.354E-06 1.354E-06 0.000E+00 0.000E+00 0.000E+00 0.000E+00 0.000E+00 0.000E+00
 1.0  -1 1.099E-05 1.099E-05 0.000E+00 0.000E+00 0.000E+00 0.000E+00 0.000E+00 0.000E+00
 2.0  -1 1.963E-05 1.963E-05 0.000E+00 0.000E+00 0.000E+00 0.000E+00 0.000E+00 0.000E+00
 3.0  -1 2.327E-05 2.327E-05 0.000E+00 0.000E+00 0.000E+00 0.000E+00 0.000E+00 0.000E+00
 4.0  -1 2.167E-05 2.167E-05 0.000E+00 0.000E+00 0.000E+00 0.000E+00 0.000E+00 0.000E+00
 5.0  -1 1.743E-05 1.743E-05 0.000E+00 0.000E+00 0.000E+00 0.000E+00 0.000E+00 0.000E+00
 6.0  -1 1.362E-05 1.362E-05 0.000E+00 0.000E+00 0.000E+00 0.000E+00 0.000E+00 0.000E+00
 7.0  -1 6.964E-06 6.964E-06 0.000E+00 0.000E+00 0.000E+00 0.000E+00 0.000E+00 0.000E+00
 8.0  -1 2.867E-06 2.867E-06 0.000E+00 0.000E+00 0.000E+00 0.000E+00 0.000E+00 0.000E+00
 9.0  -1 4.979E-07 4.979E-07 0.000E+00 0.000E+00 0.000E+00 0.000E+00 0.000E+00 0.000E+00
10.0  -1 1.122E-07 1.122E-07 0.000E+00 0.000E+00 0.000E+00 0.000E+00 0.000E+00 0.000E+00
 0.0   1 8.726E-07 8.726E-07 0.000E+00 0.000E+00 0.000E+00 0.000E+00 0.000E+00 0.000E+00
 1.0   1 7.180E-06 7.180E-06 0.000E+00 0.000E+00 0.000E+00 0.000E+00 0.000E+00 0.000E+00
 2.0   1 1.279E-05 1.279E-05 0.000E+00 0.000E+00 0.000E+00 0.000E+00 0.000E+00 0.000E+00
 3.0   1 1.687E-05 1.687E-05 0.000E+00 0.000E+00 0.000E+00 0.000E+00 0.000E+00 0.000E+00
 4.0   1 1.394E-05 1.394E-05 0.000E+00 0.000E+00 0.000E+00 0.000E+00 0.000E+00 0.000E+00
 5.0   1 1.283E-05 1.283E-05 0.000E+00 0.000E+00 0.000E+00 0.000E+00 0.000E+00 0.000E+00
 6.0   1 7.980E-06 7.980E-06 0.000E+00 0.000E+00 0.000E+00 0.000E+00 0.000E+00 0.000E+00
 7.0   1 5.386E-06 5.386E-06 0.000E+00 0.000E+00 0.000E+00 0.000E+00 0.000E+00 0.000E+00
 8.0   1 1.901E-06 1.901E-06 0.000E+00 0.000E+00 0.000E+00 0.000E+00 0.000E+00 0.000E+00
 9.0   1 6.386E-07 6.386E-07 0.000E+00 0.000E+00 0.000E+00 0.000E+00 0.000E+00 0.000E+00
10.0   1 7.127E-08 7.127E-08 0.000E+00 0.000E+00 0.000E+00 0.000E+00 0.000E+00 0.000E+00
  20   2.985 2.099E-04 -1 1.257E-04 1.420E-06 1.174E-05 2.088E-05 2.482E-05 2.299E-05 1.856E-05 1.434E-05 7.344E-06 2.990E-06
  20   2.985 2.099E-04  1 8.413E-05 8.797E-07 7.490E-06 1.320E-05 1.754E-05 1.463E-05 1.346E-05 8.432E-06 5.682E-06 2.043E-06
 0.0  -1 1.420E-06 1.420E-06 0.000E+00 0.000E+00 0.000E+00 0.000E+00 0.000E+00 0.000E+00
 1.0  -1 1.174E-05 1.174E-05 0.000E+00 0.000E+00 0.000E+00 0.000E+00 0.000E+00 0.000E+00
 2.0  -1 2.088E-05 2.088E-05 0.000E+00 0.000E+00 0.000E+00 0.000E+00 0.000E+00 0.000E+00
 3.0  -1 2.482E-05 2.482E-05 0.000E+00 0.000E+00 0.000E+00 0.000E+00 0.000E+00 0.000E+00
 4.0  -1 2.299E-05 2.299E-05 0.000E+00 0.000E+00 0.000E+00 0.000E+00 0.000E+00 0.000E+00
 5.0  -1 1.856E-05 1.856E-05 0.000E+00 0.000E+00 0.000E+00 0.000E+00 0.000E+00 0.000E+00
 6.0  -1 1.434E-05 1.434E-05 0.000E+00 0.000E+00 0.000E+00 0.000E+00 0.000E+00 0.000E+00
 7.0  -1 7.344E-06 7.344E-06 0.000E+00 0.000E+00 0.000E+00 0.000E+00 0.000E+00 0.000E+00
 8.0  -1 2.990E-06 2.990E-06 0.000E+00 0.000E+00 0.000E+00 0.000E+00 0.000E+00 0.000E+00
 9.0  -1 5.391E-07 5.391E-07 0.000E+00 0.000E+00 0.000E+00 0.000E+00 0.000E+00 0.000E+00
10.0  -1 1.186E-07 1.186E-07 0.000E+00 0.000E+00 0.000E+00 0.000E+00 0.000E+00 0.000E+00
 0.0   1 8.797E-07 8.797E-07 0.000E+00 0.000E+00 0.000E+00 0.000E+00 0.000E+00 0.000E+00
 1.0   1 7.490E-06 7.490E-06 0.000E+00 0.000E+00 0.000E+00 0.000E+00 0.000E+00 0.000E+00
 2.0   1 1.320E-05 1.320E-05 0.000E+00 0.000E+00 0.000E+00 0.000E+00 0.000E+00 0.000E+00
 3.0   1 1.754E-05 1.754E-05 0.000E+00 0.000E+00 0.000E+00 0.000E+00 0.000E+00 0.000E+00
 4.0   1 1.463E-05 1.463E-05 0.000E+00 0.000E+00 0.000E+00 0.000E+00 0.000E+00 0.000E+00
 5.0   1 1.346E-05 1.346E-05 0.000E+00 0.000E+00 0.000E+00 0.000E+00 0.000E+00 0.000E+00
 6.0   1 8.432E-06 8.432E-06 0.000E+00 0.000E+00 0.000E+00 0.000E+00 0.000E+00 0.000E+00
 7.0   1 5.682E-06 5.682E-06 0.000E+00 0.000E+00 0.000E+00 0.000E+00 0.000E+00 0.000E+00
 8.0   1 2.043E-06 2.043E-06 0.000E+00 0.000E+00 0.000E+00 0.000E+00 0.000E+00 0.000E+00
 9.0   1 6.870E-07 6.870E-07 0.000E+00 0.000E+00 0.000E+00 0.000E+00 0.000E+00 0.000E+00
10.0   1 7.873E-08 7.873E-08 0.000E+00 0.000E+00 0.000E+00 0.000E+00 0.000E+00 0.000E+00
  19   2.894 2.218E-04 -1 1.335E-04 1.489E-06 1.253E-05 2.219E-05 2.648E-05 2.439E-05 1.974E-05 1.508E-05 7.748E-06 3.128E-06
  19   2.894 2.218E-04  1 8.833E-05 8.916E-07 7.848E-06 1.370E-05 1.833E-05 1.541E-05 1.416E-05 8.919E-06 6.021E-06 2.204E-06
 0.0  -1 1.489E-06 1.489E-06 0.000E+00 0.000E+00 0.000E+00 0.000E+00 0.000E+00 0.000E+00
 1.0  -1 1.253E-05 1.253E-05 0.000E+00 0.000E+00 0.000E+00 0.000E+00 0.000E+00 0.000E+00
 2.0  -1 2.219E-05 2.219E-05 0.000E+00 0.000E+00 0.000E+00 0.000E+00 0.000E+00 0.000E+00
 3.0  -1 2.648E-05 2.648E-05 0.000E+00 0.000E+00 0.000E+00 0.000E+00 0.000E+00 0.000E+00
 4.0  -1 2.439E-05 2.439E-05 0.000E+00 0.000E+00 0.000E+00 0.000E+00 0.000E+00 0.000E+00
 5.0  -1 1.974E-05 1.974E-05 0.000E+00 0.000E+00 0.000E+00 0.000E+00 0.000E+00 0.000E+00
 6.0  -1 1.508E-05 1.508E-05 0.000E+00 0.000E+00 0.000E+00 0.000E+00 0.000E+00 0.000E+00
 7.0  -1 7.748E-06 7.748E-06 0.000E+00 0.000E+00 0.000E+00 0.000E+00 0.000E+00 0.000E+00
 8.0  -1 3.128E-06 3.128E-06 0.000E+00 0.000E+00 0.000E+00 0.000E+00 0.000E+00 0.000E+00
 9.0  -1 5.888E-07 5.888E-07 0.000E+00 0.000E+00 0.000E+00 0.000E+00 0.000E+00 0.000E+00
10.0  -1 1.266E-07 1.266E-07 0.000E+00 0.000E+00 0.000E+00 0.000E+00 0.000E+00 0.000E+00
 0.0   1 8.916E-07 8.916E-07 0.000E+00 0.000E+00 0.000E+00 0.000E+00 0.000E+00 0.000E+00
 1.0   1 7.848E-06 7.848E-06 0.000E+00 0.000E+00 0.000E+00 0.000E+00 0.000E+00 0.000E+00
 2.0   1 1.370E-05 1.370E-05 0.000E+00 0.000E+00 0.000E+00 0.000E+00 0.000E+00 0.000E+00
 3.0   1 1.833E-05 1.833E-05 0.000E+00 0.000E+00 0.000E+00 0.000E+00 0.000E+00 0.000E+00
 4.0   1 1.541E-05 1.541E-05 0.000E+00 0.000E+00 0.000E+00 0.000E+00 0.000E+00 0.000E+00
 5.0   1 1.416E-05 1.416E-05 0.000E+00 0.000E+00 0.000E+00 0.000E+00 0.000E+00 0.000E+00
 6.0   1 8.919E-06 8.919E-06 0.000E+00 0.000E+00 0.000E+00 0.000E+00 0.000E+00 0.000E+00
 7.0   1 6.021E-06 6.021E-06 0.000E+00 0.000E+00 0.000E+00 0.000E+00 0.000E+00 0.000E+00
 8.0   1 2.204E-06 2.204E-06 0.000E+00 0.000E+00 0.000E+00 0.000E+00 0.000E+00 0.000E+00
 9.0   1 7.459E-07 7.459E-07 0.000E+00 0.000E+00 0.000E+00 0.000E+00 0.000E+00 0.000E+00
10.0   1 8.780E-08 8.780E-08 0.000E+00 0.000E+00 0.000E+00 0.000E+00 0.000E+00 0.000E+00
  18   2.803 2.348E-04 -1 1.417E-04 1.563E-06 1.337E-05 2.358E-05 2.823E-05 2.586E-05 2.099E-05 1.586E-05 8.185E-06 3.288E-06
  18   2.803 2.348E-04  1 9.306E-05 9.072E-07 8.248E-06 1.428E-05 1.924E-05 1.627E-05 1.495E-05 9.438E-06 6.412E-06 2.391E-06
 0.0  -1 1.563E-06 1.563E-06 0.000E+00 0.000E+00 0.000E+00 0.000E+00 0.000E+00 0.000E+00
 1.0  -1 1.337E-05 1.337E-05 0.000E+00 0.000E+00 0.000E+00 0.000E+00 0.000E+00 0.000E+00
 2.0  -1 2.358E-05 2.358E-05 0.000E+00 0.000E+00 0.000E+00 0.000E+00 0.000E+00 0.000E+00
 3.0  -1 2.823E-05 2.823E-05 0.000E+00 0.000E+00 0.000E+00 0.000E+00 0.000E+00 0.000E+00
 4.0  -1 2.586E-05 2.586E-05 0.000E+00 0.000E+00 0.000E+00 0.000E+00 0.000E+00 0.000E+00
 5.0  -1 2.099E-05 2.099E-05 0.000E+00 0.000E+00 0.000E+00 0.000E+00 0.000E+00 0.000E+00
 6.0  -1 1.586E-05 1.586E-05 0.000E+00 0.000E+00 0.000E+00 0.000E+00 0.000E+00 0.000E+00
 7.0  -1 8.185E-06 8.185E-06 0.000E+00 0.000E+00 0.000E+00 0.000E+00 0.000E+00 0.000E+00
 8.0  -1 3.288E-06 3.288E-06 0.000E+00 0.000E+00 0.000E+00 0.000E+00 0.000E+00 0.000E+00
 9.0  -1 6.506E-07 6.506E-07 0.000E+00 0.000E+00 0.000E+00 0.000E+00 0.000E+00 0.000E+00
10.0  -1 1.367E-07 1.367E-07 0.000E+00 0.000E+00 0.000E+00 0.000E+00 0.000E+00 0.000E+00
 0.0   1 9.072E-07 9.072E-07 0.000E+00 0.000E+00 0.000E+00 0.000E+00 0.000E+00 0.000E+00
 1.0   1 8.248E-06 8.248E-06 0.000E+00 0.000E+00 0.000E+00 0.000E+00 0.000E+00 0.000E+00
 2.0   1 1.428E-05 1.428E-05 0.000E+00 0.000E+00 0.000E+00 0.000E+00 0.000E+00 0.000E+00
 3.0   1 1.924E-05 1.924E-05 0.000E+00 0.000E+00 0.000E+00 0.000E+00 0.000E+00 0.000E+00
 4.0   1 1.627E-05 1.627E-05 0.000E+00 0.000E+00 0.000E+00 0.000E+00 0.000E+00 0.000E+00
 5.0   1 1.495E-05 1.495E-05 0.000E+00 0.000E+00 0.000E+00 0.000E+00 0.000E+00 0.000E+00
 6.0   1 9.438E-06 9.438E-06 0.000E+00 0.000E+00 0.000E+00 0.000E+00 0.000E+00 0.000E+00
 7.0   1 6.412E-06 6.412E-06 0.000E+00 0.000E+00 0.000E+00 0.000E+00 0.000E+00 0.000E+00
 8.0   1 2.391E-06 2.391E-06 0.000E+00 0.000E+00 0.000E+00 0.000E+00 0.000E+00 0.000E+00
 9.0   1 8.195E-07 8.195E-07 0.000E+00 0.000E+00 0.000E+00 0.000E+00 0.000E+00 0.000E+00
10.0   1 9.914E-08 9.914E-08 0.000E+00 0.000E+00 0.000E+00 0.000E+00 0.000E+00 0.000E+00
11.0   1 1.351E-08 1.351E-08 0.000E+00 0.000E+00 0.000E+00 0.000E+00 0.000E+00 0.000E+00
  17   2.711 2.487E-04 -1 1.504E-04 1.638E-06 1.425E-05 2.503E-05 3.007E-05 2.741E-05 2.230E-05 1.666E-05 8.670E-06 3.482E-06
  17   2.711 2.487E-04  1 9.833E-05 9.255E-07 8.686E-06 1.493E-05 2.025E-05 1.721E-05 1.581E-05 9.988E-06 6.872E-06 2.617E-06
 0.0  -1 1.638E-06 1.638E-06 0.000E+00 0.000E+00 0.000E+00 0.000E+00 0.000E+00 0.000E+00
 1.0  -1 1.425E-05 1.425E-05 0.000E+00 0.000E+00 0.000E+00 0.000E+00 0.000E+00 0.000E+00
 2.0  -1 2.503E-05 2.503E-05 0.000E+00 0.000E+00 0.000E+00 0.000E+00 0.000E+00 0.000E+00
 3.0  -1 3.007E-05 3.007E-05 0.000E+00 0.000E+00 0.000E+00 0.000E+00 0.000E+00 0.000E+00
 4.0  -1 2.741E-05 2.741E-05 0.000E+00 0.000E+00 0.000E+00 0.000E+00 0.000E+00 0.000E+00
 5.0  -1 2.230E-05 2.230E-05 0.000E+00 0.000E+00 0.000E+00 0.000E+00 0.000E+00 0.000E+00
 6.0  -1 1.666E-05 1.666E-05 0.000E+00 0.000E+00 0.000E+00 0.000E+00 0.000E+00 0.000E+00
 7.0  -1 8.670E-06 8.670E-06 0.000E+00 0.000E+00 0.000E+00 0.000E+00 0.000E+00 0.000E+00
 8.0  -1 3.482E-06 3.482E-06 0.000E+00 0.000E+00 0.000E+00 0.000E+00 0.000E+00 0.000E+00
 9.0  -1 7.302E-07 7.302E-07 0.000E+00 0.000E+00 0.000E+00 0.000E+00 0.000E+00 0.000E+00
10.0  -1 1.502E-07 1.502E-07 0.000E+00 0.000E+00 0.000E+00 0.000E+00 0.000E+00 0.000E+00
 0.0   1 9.255E-07 9.255E-07 0.000E+00 0.000E+00 0.000E+00 0.000E+00 0.000E+00 0.000E+00
 1.0   1 8.686E-06 8.686E-06 0.000E+00 0.000E+00 0.000E+00 0.000E+00 0.000E+00 0.000E+00
 2.0   1 1.493E-05 1.493E-05 0.000E+00 0.000E+00 0.000E+00 0.000E+00 0.000E+00 0.000E+00
 3.0   1 2.025E-05 2.025E-05 0.000E+00 0.000E+00 0.000E+00 0.000E+00 0.000E+00 0.000E+00
 4.0   1 1.721E-05 1.721E-05 0.000E+00 0.000E+00 0.000E+00 0.000E+00 0.000E+00 0.000E+00
 5.0   1 1.581E-05 1.581E-05 0.000E+00 0.000E+00 0.000E+00 0.000E+00 0.000E+00 0.000E+00
 6.0   1 9.988E-06 9.988E-06 0.000E+00 0.000E+00 0.000E+00 0.000E+00 0.000E+00 0.000E+00
 7.0   1 6.872E-06 6.872E-06 0.000E+00 0.000E+00 0.000E+00 0.000E+00 0.000E+00 0.000E+00
 8.0   1 2.617E-06 2.617E-06 0.000E+00 0.000E+00 0.000E+00 0.000E+00 0.000E+00 0.000E+00
 9.0   1 9.142E-07 9.142E-07 0.000E+00 0.000E+00 0.000E+00 0.000E+00 0.000E+00 0.000E+00
10.0   1 1.138E-07 1.138E-07 0.000E+00 0.000E+00 0.000E+00 0.000E+00 0.000E+00 0.000E+00
11.0   1 1.525E-08 1.525E-08 0.000E+00 0.000E+00 0.000E+00 0.000E+00 0.000E+00 0.000E+00
  16   2.620 2.638E-04 -1 1.597E-04 1.717E-06 1.518E-05 2.655E-05 3.201E-05 2.903E-05 2.369E-05 1.751E-05 9.233E-06 3.729E-06
  16   2.620 2.638E-04  1 1.041E-04 9.459E-07 9.159E-06 1.563E-05 2.135E-05 1.822E-05 1.675E-05 1.057E-05 7.429E-06 2.904E-06
 0.0  -1 1.717E-06 1.717E-06 0.000E+00 0.000E+00 0.000E+00 0.000E+00 0.000E+00 0.000E+00
 1.0  -1 1.518E-05 1.518E-05 0.000E+00 0.000E+00 0.000E+00 0.000E+00 0.000E+00 0.000E+00
 2.0  -1 2.655E-05 2.655E-05 0.000E+00 0.000E+00 0.000E+00 0.000E+00 0.000E+00 0.000E+00
 3.0  -1 3.201E-05 3.201E-05 0.000E+00 0.000E+00 0.000E+00 0.000E+00 0.000E+00 0.000E+00
 4.0  -1 2.903E-05 2.903E-05 0.000E+00 0.000E+00 0.000E+00 0.000E+00 0.000E+00 0.000E+00
 5.0  -1 2.369E-05 2.369E-05 0.000E+00 0.000E+00 0.000E+00 0.000E+00 0.000E+00 0.000E+00
 6.0  -1 1.751E-05 1.751E-05 0.000E+00 0.000E+00 0.000E+00 0.000E+00 0.000E+00 0.000E+00
 7.0  -1 9.233E-06 9.233E-06 0.000E+00 0.000E+00 0.000E+00 0.000E+00 0.000E+00 0.000E+00
 8.0  -1 3.729E-06 3.729E-06 0.000E+00 0.000E+00 0.000E+00 0.000E+00 0.000E+00 0.000E+00
 9.0  -1 8.372E-07 8.372E-07 0.000E+00 0.000E+00 0.000E+00 0.000E+00 0.000E+00 0.000E+00
10.0  -1 1.691E-07 1.691E-07 0.000E+00 0.000E+00 0.000E+00 0.000E+00 0.000E+00 0.000E+00
 0.0   1 9.459E-07 9.459E-07 0.000E+00 0.000E+00 0.000E+00 0.000E+00 0.000E+00 0.000E+00
 1.0   1 9.159E-06 9.159E-06 0.000E+00 0.000E+00 0.000E+00 0.000E+00 0.000E+00 0.000E+00
 2.0   1 1.563E-05 1.563E-05 0.000E+00 0.000E+00 0.000E+00 0.000E+00 0.000E+00 0.000E+00
 3.0   1 2.135E-05 2.135E-05 0.000E+00 0.000E+00 0.000E+00 0.000E+00 0.000E+00 0.000E+00
 4.0   1 1.822E-05 1.822E-05 0.000E+00 0.000E+00 0.000E+00 0.000E+00 0.000E+00 0.000E+00
 5.0   1 1.675E-05 1.675E-05 0.000E+00 0.000E+00 0.000E+00 0.000E+00 0.000E+00 0.000E+00
 6.0   1 1.057E-05 1.057E-05 0.000E+00 0.000E+00 0.000E+00 0.000E+00 0.000E+00 0.000E+00
 7.0   1 7.429E-06 7.429E-06 0.000E+00 0.000E+00 0.000E+00 0.000E+00 0.000E+00 0.000E+00
 8.0   1 2.904E-06 2.904E-06 0.000E+00 0.000E+00 0.000E+00 0.000E+00 0.000E+00 0.000E+00
 9.0   1 1.041E-06 1.041E-06 0.000E+00 0.000E+00 0.000E+00 0.000E+00 0.000E+00 0.000E+00
10.0   1 1.335E-07 1.335E-07 0.000E+00 0.000E+00 0.000E+00 0.000E+00 0.000E+00 0.000E+00
11.0   1 1.754E-08 1.754E-08 0.000E+00 0.000E+00 0.000E+00 0.000E+00 0.000E+00 0.000E+00
  15   2.528 2.808E-04 -1 1.700E-04 1.802E-06 1.620E-05 2.818E-05 3.412E-05 3.080E-05 2.524E-05 1.847E-05 9.945E-06 4.077E-06
  15   2.528 2.808E-04  1 1.108E-04 9.685E-07 9.678E-06 1.639E-05 2.257E-05 1.932E-05 1.780E-05 1.122E-05 8.159E-06 3.299E-06
 0.0  -1 1.802E-06 1.802E-06 0.000E+00 0.000E+00 0.000E+00 0.000E+00 0.000E+00 0.000E+00
 1.0  -1 1.620E-05 1.620E-05 0.000E+00 0.000E+00 0.000E+00 0.000E+00 0.000E+00 0.000E+00
 2.0  -1 2.818E-05 2.818E-05 0.000E+00 0.000E+00 0.000E+00 0.000E+00 0.000E+00 0.000E+00
 3.0  -1 3.412E-05 3.412E-05 0.000E+00 0.000E+00 0.000E+00 0.000E+00 0.000E+00 0.000E+00
 4.0  -1 3.080E-05 3.080E-05 0.000E+00 0.000E+00 0.000E+00 0.000E+00 0.000E+00 0.000E+00
 5.0  -1 2.524E-05 2.524E-05 0.000E+00 0.000E+00 0.000E+00 0.000E+00 0.000E+00 0.000E+00
 6.0  -1 1.847E-05 1.847E-05 0.000E+00 0.000E+00 0.000E+00 0.000E+00 0.000E+00 0.000E+00
 7.0  -1 9.945E-06 9.945E-06 0.000E+00 0.000E+00 0.000E+00 0.000E+00 0.000E+00 0.000E+00
 8.0  -1 4.077E-06 4.077E-06 0.000E+00 0.000E+00 0.000E+00 0.000E+00 0.000E+00 0.000E+00
 9.0  -1 9.920E-07 9.920E-07 0.000E+00 0.000E+00 0.000E+00 0.000E+00 0.000E+00 0.000E+00
10.0  -1 1.977E-07 1.977E-07 0.000E+00 0.000E+00 0.000E+00 0.000E+00 0.000E+00 0.000E+00
11.0  -1 1.316E-08 1.316E-08 0.000E+00 0.000E+00 0.000E+00 0.000E+00 0.000E+00 0.000E+00
 0.0   1 9.685E-07 9.685E-07 0.000E+00 0.000E+00 0.000E+00 0.000E+00 0.000E+00 0.000E+00
 1.0   1 9.678E-06 9.678E-06 0.000E+00 0.000E+00 0.000E+00 0.000E+00 0.000E+00 0.000E+00
 2.0   1 1.639E-05 1.639E-05 0.000E+00 0.000E+00 0.000E+00 0.000E+00 0.000E+00 0.000E+00
 3.0   1 2.257E-05 2.257E-05 0.000E+00 0.000E+00 0.000E+00 0.000E+00 0.000E+00 0.000E+00
 4.0   1 1.932E-05 1.932E-05 0.000E+00 0.000E+00 0.000E+00 0.000E+00 0.000E+00 0.000E+00
 5.0   1 1.780E-05 1.780E-05 0.000E+00 0.000E+00 0.000E+00 0.000E+00 0.000E+00 0.000E+00
 6.0   1 1.122E-05 1.122E-05 0.000E+00 0.000E+00 0.000E+00 0.000E+00 0.000E+00 0.000E+00
 7.0   1 8.159E-06 8.159E-06 0.000E+00 0.000E+00 0.000E+00 0.000E+00 0.000E+00 0.000E+00
 8.0   1 3.299E-06 3.299E-06 0.000E+00 0.000E+00 0.000E+00 0.000E+00 0.000E+00 0.000E+00
 9.0   1 1.223E-06 1.223E-06 0.000E+00 0.000E+00 0.000E+00 0.000E+00 0.000E+00 0.000E+00
10.0   1 1.621E-07 1.621E-07 0.000E+00 0.000E+00 0.000E+00 0.000E+00 0.000E+00 0.000E+00
11.0   1 2.085E-08 2.085E-08 0.000E+00 0.000E+00 0.000E+00 0.000E+00 0.000E+00 0.000E+00
  14   2.437 3.004E-04 -1 1.818E-04 1.892E-06 1.732E-05 2.993E-05 3.642E-05 3.273E-05 2.698E-05 1.955E-05 1.089E-05 4.596E-06
  14   2.437 3.004E-04  1 1.186E-04 9.931E-07 1.025E-05 1.722E-05 2.391E-05 2.051E-05 1.898E-05 1.193E-05 9.176E-06 3.887E-06
 0.0  -1 1.892E-06 1.892E-06 0.000E+00 0.000E+00 0.000E+00 0.000E+00 0.000E+00 0.000E+00
 1.0  -1 1.732E-05 1.732E-05 0.000E+00 0.000E+00 0.000E+00 0.000E+00 0.000E+00 0.000E+00
 2.0  -1 2.993E-05 2.993E-05 0.000E+00 0.000E+00 0.000E+00 0.000E+00 0.000E+00 0.000E+00
 3.0  -1 3.642E-05 3.642E-05 0.000E+00 0.000E+00 0.000E+00 0.000E+00 0.000E+00 0.000E+00
 4.0  -1 3.273E-05 3.273E-05 0.000E+00 0.000E+00 0.000E+00 0.000E+00 0.000E+00 0.000E+00
 5.0  -1 2.698E-05 2.698E-05 0.000E+00 0.000E+00 0.000E+00 0.000E+00 0.000E+00 0.000E+00
 6.0  -1 1.955E-05 1.955E-05 0.000E+00 0.000E+00 0.000E+00 0.000E+00 0.000E+00 0.000E+00
 7.0  -1 1.089E-05 1.089E-05 0.000E+00 0.000E+00 0.000E+00 0.000E+00 0.000E+00 0.000E+00
 8.0  -1 4.596E-06 4.596E-06 0.000E+00 0.000E+00 0.000E+00 0.000E+00 0.000E+00 0.000E+00
 9.0  -1 1.231E-06 1.231E-06 0.000E+00 0.000E+00 0.000E+00 0.000E+00 0.000E+00 0.000E+00
10.0  -1 2.449E-07 2.449E-07 0.000E+00 0.000E+00 0.000E+00 0.000E+00 0.000E+00 0.000E+00
11.0  -1 1.786E-08 1.786E-08 0.000E+00 0.000E+00 0.000E+00 0.000E+00 0.000E+00 0.000E+00
 0.0   1 9.931E-07 9.931E-07 0.000E+00 0.000E+00 0.000E+00 0.000E+00 0.000E+00 0.000E+00
 1.0   1 1.025E-05 1.025E-05 0.000E+00 0.000E+00 0.000E+00 0.000E+00 0.000E+00 0.000E+00
 2.0   1 1.722E-05 1.722E-05 0.000E+00 0.000E+00 0.000E+00 0.000E+00 0.000E+00 0.000E+00
 3.0   1 2.391E-05 2.391E-05 0.000E+00 0.000E+00 0.000E+00 0.000E+00 0.000E+00 0.000E+00
 4.0   1 2.051E-05 2.051E-05 0.000E+00 0.000E+00 0.000E+00 0.000E+00 0.000E+00 0.000E+00
 5.0   1 1.898E-05 1.898E-05 0.000E+00 0.000E+00 0.000E+00 0.000E+00 0.000E+00 0.000E+00
 6.0   1 1.193E-05 1.193E-05 0.000E+00 0.000E+00 0.000E+00 0.000E+00 0.000E+00 0.000E+00
 7.0   1 9.176E-06 9.176E-06 0.000E+00 0.000E+00 0.000E+00 0.000E+00 0.000E+00 0.000E+00
 8.0   1 3.887E-06 3.887E-06 0.000E+00 0.000E+00 0.000E+00 0.000E+00 0.000E+00 0.000E+00
 9.0   1 1.505E-06 1.505E-06 0.000E+00 0.000E+00 0.000E+00 0.000E+00 0.000E+00 0.000E+00
10.0   1 2.075E-07 2.075E-07 0.000E+00 0.000E+00 0.000E+00 0.000E+00 0.000E+00 0.000E+00
11.0   1 2.606E-08 2.606E-08 0.000E+00 0.000E+00 0.000E+00 0.000E+00 0.000E+00 0.000E+00
  13   2.346 3.233E-04 -1 1.953E-04 1.985E-06 1.851E-05 3.176E-05 3.886E-05 3.481E-05 2.893E-05 2.078E-05 1.223E-05 5.442E-06
  13   2.346 3.233E-04  1 1.280E-04 1.019E-06 1.086E-05 1.808E-05 2.535E-05 2.178E-05 2.030E-05 1.273E-05 1.073E-05 4.864E-06
 0.0  -1 1.985E-06 1.985E-06 0.000E+00 0.000E+00 0.000E+00 0.000E+00 0.000E+00 0.000E+00
 1.0  -1 1.851E-05 1.851E-05 0.000E+00 0.000E+00 0.000E+00 0.000E+00 0.000E+00 0.000E+00
 2.0  -1 3.176E-05 3.176E-05 0.000E+00 0.000E+00 0.000E+00 0.000E+00 0.000E+00 0.000E+00
 3.0  -1 3.886E-05 3.886E-05 0.000E+00 0.000E+00 0.000E+00 0.000E+00 0.000E+00 0.000E+00
 4.0  -1 3.481E-05 3.481E-05 0.000E+00 0.000E+00 0.000E+00 0.000E+00 0.000E+00 0.000E+00
 5.0  -1 2.893E-05 2.893E-05 0.000E+00 0.000E+00 0.000E+00 0.000E+00 0.000E+00 0.000E+00
 6.0  -1 2.078E-05 2.078E-05 0.000E+00 0.000E+00 0.000E+00 0.000E+00 0.000E+00 0.000E+00
 7.0  -1 1.223E-05 1.223E-05 0.000E+00 0.000E+00 0.000E+00 0.000E+00 0.000E+00 0.000E+00
 8.0  -1 5.442E-06 5.442E-06 0.000E+00 0.000E+00 0.000E+00 0.000E+00 0.000E+00 0.000E+00
 9.0  -1 1.638E-06 1.638E-06 0.000E+00 0.000E+00 0.000E+00 0.000E+00 0.000E+00 0.000E+00
10.0  -1 3.326E-07 3.326E-07 0.000E+00 0.000E+00 0.000E+00 0.000E+00 0.000E+00 0.000E+00
11.0  -1 2.688E-08 2.688E-08 0.000E+00 0.000E+00 0.000E+00 0.000E+00 0.000E+00 0.000E+00
 0.0   1 1.019E-06 1.019E-06 0.000E+00 0.000E+00 0.000E+00 0.000E+00 0.000E+00 0.000E+00
 1.0   1 1.086E-05 1.086E-05 0.000E+00 0.000E+00 0.000E+00 0.000E+00 0.000E+00 0.000E+00
 2.0   1 1.808E-05 1.808E-05 0.000E+00 0.000E+00 0.000E+00 0.000E+00 0.000E+00 0.000E+00
 3.0   1 2.535E-05 2.535E-05 0.000E+00 0.000E+00 0.000E+00 0.000E+00 0.000E+00 0.000E+00
 4.0   1 2.178E-05 2.178E-05 0.000E+00 0.000E+00 0.000E+00 0.000E+00 0.000E+00 0.000E+00
 5.0   1 2.030E-05 2.030E-05 0.000E+00 0.000E+00 0.000E+00 0.000E+00 0.000E+00 0.000E+00
 6.0   1 1.273E-05 1.273E-05 0.000E+00 0.000E+00 0.000E+00 0.000E+00 0.000E+00 0.000E+00
 7.0   1 1.073E-05 1.073E-05 0.000E+00 0.000E+00 0.000E+00 0.000E+00 0.000E+00 0.000E+00
 8.0   1 4.864E-06 4.864E-06 0.000E+00 0.000E+00 0.000E+00 0.000E+00 0.000E+00 0.000E+00
 9.0   1 1.989E-06 1.989E-06 0.000E+00 0.000E+00 0.000E+00 0.000E+00 0.000E+00 0.000E+00
10.0   1 2.896E-07 2.896E-07 0.000E+00 0.000E+00 0.000E+00 0.000E+00 0.000E+00 0.000E+00
11.0   1 3.566E-08 3.566E-08 0.000E+00 0.000E+00 0.000E+00 0.000E+00 0.000E+00 0.000E+00
  12   2.254 3.531E-04 -1 2.119E-04 2.080E-06 1.980E-05 3.367E-05 4.148E-05 3.704E-05 3.114E-05 2.221E-05 1.432E-05 7.100E-06
  12   2.254 3.531E-04  1 1.412E-04 1.047E-06 1.155E-05 1.900E-05 2.691E-05 2.315E-05 2.180E-05 1.365E-05 1.360E-05 6.890E-06
 0.0  -1 2.080E-06 2.080E-06 0.000E+00 0.000E+00 0.000E+00 0.000E+00 0.000E+00 0.000E+00
 1.0  -1 1.980E-05 1.980E-05 0.000E+00 0.000E+00 0.000E+00 0.000E+00 0.000E+00 0.000E+00
 2.0  -1 3.367E-05 3.367E-05 0.000E+00 0.000E+00 0.000E+00 0.000E+00 0.000E+00 0.000E+00
 3.0  -1 4.148E-05 4.148E-05 0.000E+00 0.000E+00 0.000E+00 0.000E+00 0.000E+00 0.000E+00
 4.0  -1 3.704E-05 3.704E-05 0.000E+00 0.000E+00 0.000E+00 0.000E+00 0.000E+00 0.000E+00
 5.0  -1 3.114E-05 3.114E-05 0.000E+00 0.000E+00 0.000E+00 0.000E+00 0.000E+00 0.000E+00
 6.0  -1 2.221E-05 2.221E-05 0.000E+00 0.000E+00 0.000E+00 0.000E+00 0.000E+00 0.000E+00
 7.0  -1 1.432E-05 1.432E-05 0.000E+00 0.000E+00 0.000E+00 0.000E+00 0.000E+00 0.000E+00
 8.0  -1 7.100E-06 7.100E-06 0.000E+00 0.000E+00 0.000E+00 0.000E+00 0.000E+00 0.000E+00
 9.0  -1 2.477E-06 2.477E-06 0.000E+00 0.000E+00 0.000E+00 0.000E+00 0.000E+00 0.000E+00
10.0  -1 5.447E-07 5.447E-07 0.000E+00 0.000E+00 0.000E+00 0.000E+00 0.000E+00 0.000E+00
11.0  -1 4.960E-08 4.960E-08 0.000E+00 0.000E+00 0.000E+00 0.000E+00 0.000E+00 0.000E+00
 0.0   1 1.047E-06 1.047E-06 0.000E+00 0.000E+00 0.000E+00 0.000E+00 0.000E+00 0.000E+00
 1.0   1 1.155E-05 1.155E-05 0.000E+00 0.000E+00 0.000E+00 0.000E+00 0.000E+00 0.000E+00
 2.0   1 1.900E-05 1.900E-05 0.000E+00 0.000E+00 0.000E+00 0.000E+00 0.000E+00 0.000E+00
 3.0   1 2.691E-05 2.691E-05 0.000E+00 0.000E+00 0.000E+00 0.000E+00 0.000E+00 0.000E+00
 4.0   1 2.315E-05 2.315E-05 0.000E+00 0.000E+00 0.000E+00 0.000E+00 0.000E+00 0.000E+00
 5.0   1 2.180E-05 2.180E-05 0.000E+00 0.000E+00 0.000E+00 0.000E+00 0.000E+00 0.000E+00
 6.0   1 1.365E-05 1.365E-05 0.000E+00 0.000E+00 0.000E+00 0.000E+00 0.000E+00 0.000E+00
 7.0   1 1.360E-05 1.360E-05 0.000E+00 0.000E+00 0.000E+00 0.000E+00 0.000E+00 0.000E+00
 8.0   1 6.890E-06 6.890E-06 0.000E+00 0.000E+00 0.000E+00 0.000E+00 0.000E+00 0.000E+00
 9.0   1 3.030E-06 3.030E-06 0.000E+00 0.000E+00 0.000E+00 0.000E+00 0.000E+00 0.000E+00
10.0   1 4.849E-07 4.849E-07 0.000E+00 0.000E+00 0.000E+00 0.000E+00 0.000E+00 0.000E+00
11.0   1 5.944E-08 5.944E-08 0.000E+00 0.000E+00 0.000E+00 0.000E+00 0.000E+00 0.000E+00
  11   2.163 4.080E-04 -1 2.387E-04 2.177E-06 2.121E-05 3.567E-05 4.430E-05 3.948E-05 3.372E-05 2.391E-05 1.817E-05 1.266E-05
  11   2.163 4.080E-04  1 1.694E-04 1.076E-06 1.232E-05 1.997E-05 2.860E-05 2.465E-05 2.352E-05 1.472E-05 2.168E-05 1.414E-05
 0.0  -1 2.177E-06 2.177E-06 0.000E+00 0.000E+00 0.000E+00 0.000E+00 0.000E+00 0.000E+00
 1.0  -1 2.121E-05 2.121E-05 0.000E+00 0.000E+00 0.000E+00 0.000E+00 0.000E+00 0.000E+00
 2.0  -1 3.567E-05 3.567E-05 0.000E+00 0.000E+00 0.000E+00 0.000E+00 0.000E+00 0.000E+00
 3.0  -1 4.430E-05 4.430E-05 0.000E+00 0.000E+00 0.000E+00 0.000E+00 0.000E+00 0.000E+00
 4.0  -1 3.948E-05 3.948E-05 0.000E+00 0.000E+00 0.000E+00 0.000E+00 0.000E+00 0.000E+00
 5.0  -1 3.372E-05 3.372E-05 0.000E+00 0.000E+00 0.000E+00 0.000E+00 0.000E+00 0.000E+00
 6.0  -1 2.391E-05 2.391E-05 0.000E+00 0.000E+00 0.000E+00 0.000E+00 0.000E+00 0.000E+00
 7.0  -1 1.817E-05 1.817E-05 0.000E+00 0.000E+00 0.000E+00 0.000E+00 0.000E+00 0.000E+00
 8.0  -1 1.266E-05 1.266E-05 0.000E+00 0.000E+00 0.000E+00 0.000E+00 0.000E+00 0.000E+00
 9.0  -1 5.592E-06 0.000E+00 0.000E+00 0.000E+00 0.000E+00 0.000E+00 0.000E+00 0.000E+00
10.0  -1 1.608E-06 0.000E+00 0.000E+00 0.000E+00 0.000E+00 0.000E+00 0.000E+00 0.000E+00
11.0  -1 1.724E-07 0.000E+00 0.000E+00 0.000E+00 0.000E+00 0.000E+00 0.000E+00 0.000E+00
 0.0   1 1.076E-06 1.076E-06 0.000E+00 0.000E+00 0.000E+00 0.000E+00 0.000E+00 0.000E+00
 1.0   1 1.232E-05 1.232E-05 0.000E+00 0.000E+00 0.000E+00 0.000E+00 0.000E+00 0.000E+00
 2.0   1 1.997E-05 1.997E-05 0.000E+00 0.000E+00 0.000E+00 0.000E+00 0.000E+00 0.000E+00
 3.0   1 2.860E-05 2.860E-05 0.000E+00 0.000E+00 0.000E+00 0.000E+00 0.000E+00 0.000E+00
 4.0   1 2.465E-05 2.465E-05 0.000E+00 0.000E+00 0.000E+00 0.000E+00 0.000E+00 0.000E+00
 5.0   1 2.352E-05 2.352E-05 0.000E+00 0.000E+00 0.000E+00 0.000E+00 0.000E+00 0.000E+00
 6.0   1 1.472E-05 1.472E-05 0.000E+00 0.000E+00 0.000E+00 0.000E+00 0.000E+00 0.000E+00
 7.0   1 2.168E-05 2.168E-05 0.000E+00 0.000E+00 0.000E+00 0.000E+00 0.000E+00 0.000E+00
 8.0   1 1.414E-05 1.414E-05 0.000E+00 0.000E+00 0.000E+00 0.000E+00 0.000E+00 0.000E+00
 9.0   1 7.018E-06 0.000E+00 0.000E+00 0.000E+00 0.000E+00 0.000E+00 0.000E+00 0.000E+00
10.0   1 1.455E-06 0.000E+00 0.000E+00 0.000E+00 0.000E+00 0.000E+00 0.000E+00 0.000E+00
11.0   1 1.878E-07 0.000E+00 0.000E+00 0.000E+00 0.000E+00 0.000E+00 0.000E+00 0.000E+00
  10   2.117 1.587E-04 -1 0.000E+00 0.000E+00 0.000E+00 0.000E+00 0.000E+00 0.000E+00 0.000E+00 0.000E+00 0.000E+00 0.000E+00
  10   2.117 1.587E-04  1 1.573E-04 0.000E+00 0.000E+00 0.000E+00 0.000E+00 1.587E-04 0.000E+00 0.000E+00 0.000E+00 0.000E+00
   9   2.116 2.539E-04 -1 2.524E-04 0.000E+00 0.000E+00 0.000E+00 0.000E+00 2.539E-04 0.000E+00 0.000E+00 0.000E+00 0.000E+00
   9   2.116 2.539E-04  1 0.000E+00 0.000E+00 0.000E+00 0.000E+00 0.000E+00 0.000E+00 0.000E+00 0.000E+00 0.000E+00 0.000E+00
   8   2.115 9.949E-05 -1 0.000E+00 0.000E+00 0.000E+00 0.000E+00 0.000E+00 0.000E+00 0.000E+00 0.000E+00 0.000E+00 0.000E+00
   8   2.115 9.949E-05  1 9.803E-05 0.000E+00 9.949E-05 0.000E+00 0.000E+00 0.000E+00 0.000E+00 0.000E+00 0.000E+00 0.000E+00
   7   2.015 2.995E-04 -1 2.980E-04 0.000E+00 0.000E+00 0.000E+00 2.995E-04 0.000E+00 0.000E+00 0.000E+00 0.000E+00 0.000E+00
   7   2.015 2.995E-04  1 0.000E+00 0.000E+00 0.000E+00 0.000E+00 0.000E+00 0.000E+00 0.000E+00 0.000E+00 0.000E+00 0.000E+00
   6   1.903 2.479E-04 -1 0.000E+00 0.000E+00 0.000E+00 0.000E+00 0.000E+00 0.000E+00 0.000E+00 0.000E+00 0.000E+00 0.000E+00
   6   1.903 2.479E-04  1 2.465E-04 0.000E+00 0.000E+00 0.000E+00 0.000E+00 2.479E-04 0.000E+00 0.000E+00 0.000E+00 0.000E+00
   5   1.866 1.636E-04 -1 0.000E+00 0.000E+00 0.000E+00 0.000E+00 0.000E+00 0.000E+00 0.000E+00 0.000E+00 0.000E+00 0.000E+00
   5   1.866 1.636E-04  1 1.622E-04 0.000E+00 1.636E-04 0.000E+00 0.000E+00 0.000E+00 0.000E+00 0.000E+00 0.000E+00 0.000E+00
   4   1.555 1.080E-03 -1 0.000E+00 0.000E+00 0.000E+00 0.000E+00 0.000E+00 0.000E+00 0.000E+00 0.000E+00 0.000E+00 0.000E+00
   4   1.555 1.080E-03  1 1.078E-03 0.000E+00 0.000E+00 0.000E+00 0.000E+00 0.000E+00 0.000E+00 1.080E-03 0.000E+00 0.000E+00
   3   1.464 4.025E-04 -1 0.000E+00 0.000E+00 0.000E+00 0.000E+00 0.000E+00 0.000E+00 0.000E+00 0.000E+00 0.000E+00 0.000E+00
   3   1.464 4.025E-04  1 3.665E-04 0.000E+00 0.000E+00 4.025E-04 0.000E+00 0.000E+00 0.000E+00 0.000E+00 0.000E+00 0.000E+00
   2   1.073 3.329E-03 -1 0.000E+00 0.000E+00 0.000E+00 0.000E+00 0.000E+00 0.000E+00 0.000E+00 0.000E+00 0.000E+00 0.000E+00
   2   1.073 3.329E-03  1 1.735E-03 0.000E+00 0.000E+00 0.000E+00 0.000E+00 3.329E-03 0.000E+00 0.000E+00 0.000E+00 0.000E+00
   1   0.589 6.207E-03 -1 0.000E+00 0.000E+00 0.000E+00 0.000E+00 0.000E+00 0.000E+00 0.000E+00 0.000E+00 0.000E+00 0.000E+00
   1   0.589 6.207E-03  1 1.862E-03 0.000E+00 0.000E+00 6.207E-03 0.000E+00 0.000E+00 0.000E+00 0.000E+00 0.000E+00 0.000E+00

 Emitted flux per excitation energy bin of Z= 54 N= 84 (138Xe):

 bin    Ex      gamma       neutron     proton      deuteron    triton      helium-3    alpha       Total     In - out

   0   0.000 0.00000E+00 0.00000E+00 0.00000E+00 0.00000E+00 0.00000E+00 0.00000E+00 0.00000E+00 0.00000E+00 0.00000E+00
   1   0.589 6.20705E-03 0.00000E+00 0.00000E+00 0.00000E+00 0.00000E+00 0.00000E+00 0.00000E+00 6.20705E-03 0.00000E+00
   2   1.073 3.32914E-03 0.00000E+00 0.00000E+00 0.00000E+00 0.00000E+00 0.00000E+00 0.00000E+00 3.32914E-03 0.00000E+00
   3   1.464 4.02543E-04 0.00000E+00 0.00000E+00 0.00000E+00 0.00000E+00 0.00000E+00 0.00000E+00 4.02543E-04-2.91038E-11
   4   1.555 1.07979E-03 0.00000E+00 0.00000E+00 0.00000E+00 0.00000E+00 0.00000E+00 0.00000E+00 1.07979E-03 0.00000E+00
   5   1.866 1.63611E-04 0.00000E+00 0.00000E+00 0.00000E+00 0.00000E+00 0.00000E+00 0.00000E+00 1.63611E-04 1.45519E-11
   6   1.903 2.47926E-04 0.00000E+00 0.00000E+00 0.00000E+00 0.00000E+00 0.00000E+00 0.00000E+00 2.47926E-04 0.00000E+00
   7   2.015 2.99472E-04 0.00000E+00 0.00000E+00 0.00000E+00 0.00000E+00 0.00000E+00 0.00000E+00 2.99472E-04 0.00000E+00
   8   2.115 9.94863E-05 0.00000E+00 0.00000E+00 0.00000E+00 0.00000E+00 0.00000E+00 0.00000E+00 9.94863E-05 0.00000E+00
   9   2.116 2.53878E-04 0.00000E+00 0.00000E+00 0.00000E+00 0.00000E+00 0.00000E+00 0.00000E+00 2.53878E-04 0.00000E+00
  10   2.117 1.58743E-04 0.00000E+00 0.00000E+00 0.00000E+00 0.00000E+00 0.00000E+00 0.00000E+00 1.58743E-04 0.00000E+00
  11   2.163 4.08009E-04 0.00000E+00 0.00000E+00 0.00000E+00 0.00000E+00 0.00000E+00 0.00000E+00 4.08009E-04 2.02563E-08
  12   2.254 3.53084E-04 0.00000E+00 0.00000E+00 0.00000E+00 0.00000E+00 0.00000E+00 0.00000E+00 3.53084E-04 3.75439E-09
  13   2.346 3.23341E-04 0.00000E+00 0.00000E+00 0.00000E+00 0.00000E+00 0.00000E+00 0.00000E+00 3.23341E-04 1.16415E-09
  14   2.437 3.00393E-04 0.00000E+00 0.00000E+00 0.00000E+00 0.00000E+00 0.00000E+00 0.00000E+00 3.00393E-04 4.07454E-10
  15   2.528 2.80828E-04 0.00000E+00 0.00000E+00 0.00000E+00 0.00000E+00 0.00000E+00 0.00000E+00 2.80828E-04 1.74623E-10
  16   2.620 2.63791E-04 0.00000E+00 0.00000E+00 0.00000E+00 0.00000E+00 0.00000E+00 0.00000E+00 2.63791E-04 1.03901E-08
  17   2.711 2.48716E-04 0.00000E+00 0.00000E+00 0.00000E+00 0.00000E+00 0.00000E+00 0.00000E+00 2.48716E-04 8.49832E-09
  18   2.803 2.34766E-04 0.00000E+00 0.00000E+00 0.00000E+00 0.00000E+00 0.00000E+00 0.00000E+00 2.34766E-04 7.14499E-09
  19   2.894 2.21809E-04 0.00000E+00 0.00000E+00 0.00000E+00 0.00000E+00 0.00000E+00 0.00000E+00 2.21809E-04 1.82190E-08
  20   2.985 2.09848E-04 0.00000E+00 0.00000E+00 0.00000E+00 0.00000E+00 0.00000E+00 0.00000E+00 2.09848E-04 1.62399E-08
  21   3.077 1.98864E-04 0.00000E+00 0.00000E+00 0.00000E+00 0.00000E+00 0.00000E+00 0.00000E+00 1.98864E-04 1.45956E-08
  22   3.168 1.88873E-04 0.00000E+00 0.00000E+00 0.00000E+00 0.00000E+00 0.00000E+00 0.00000E+00 1.88873E-04 1.31986E-08
  23   3.260 1.79919E-04 0.00000E+00 0.00000E+00 0.00000E+00 0.00000E+00 0.00000E+00 0.00000E+00 1.79919E-04 1.20490E-08
  24   3.351 1.72097E-04 0.00000E+00 0.00000E+00 0.00000E+00 0.00000E+00 0.00000E+00 0.00000E+00 1.72097E-04 1.10158E-08
  25   3.442 1.65455E-04 0.00000E+00 0.00000E+00 0.00000E+00 0.00000E+00 0.00000E+00 0.00000E+00 1.65455E-04 1.00845E-08
  26   3.534 1.60034E-04 0.00000E+00 0.00000E+00 0.00000E+00 0.00000E+00 0.00000E+00 0.00000E+00 1.60034E-04 9.29867E-09
  27   3.625 1.55939E-04 0.00000E+00 0.00000E+00 0.00000E+00 0.00000E+00 0.00000E+00 0.00000E+00 1.55939E-04 8.58563E-09
  28   3.717 1.53252E-04 0.00000E+00 0.00000E+00 0.00000E+00 0.00000E+00 0.00000E+00 0.00000E+00 1.53252E-04 7.94535E-09
  29   3.808 1.52063E-04 0.00000E+00 0.00000E+00 0.00000E+00 0.00000E+00 0.00000E+00 0.00000E+00 1.52063E-04 7.39237E-09
  30   3.899 1.52488E-04 0.00000E+00 0.00000E+00 0.00000E+00 0.00000E+00 0.00000E+00 0.00000E+00 1.52488E-04 6.85395E-09
  31   3.991 1.54643E-04 0.00000E+00 0.00000E+00 0.00000E+00 0.00000E+00 0.00000E+00 0.00000E+00 1.54643E-04 6.38829E-09
  32   4.082 1.58639E-04 0.00000E+00 0.00000E+00 0.00000E+00 0.00000E+00 0.00000E+00 0.00000E+00 1.58639E-04 5.93718E-09
  33   4.174 1.64606E-04 0.00000E+00 0.00000E+00 0.00000E+00 0.00000E+00 0.00000E+00 0.00000E+00 1.64606E-04 5.57338E-09
  34   4.265 1.72730E-04 0.00000E+00 0.00000E+00 0.00000E+00 0.00000E+00 0.00000E+00 0.00000E+00 1.72730E-04 5.19503E-09
  35   4.356 1.83100E-04 0.00000E+00 0.00000E+00 0.00000E+00 0.00000E+00 0.00000E+00 0.00000E+00 1.83100E-04 4.88944E-09
  36   4.448 1.95848E-04 0.00000E+00 0.00000E+00 0.00000E+00 0.00000E+00 0.00000E+00 0.00000E+00 1.95848E-04 4.56930E-09
  37   4.539 2.11147E-04 0.00000E+00 0.00000E+00 0.00000E+00 0.00000E+00 0.00000E+00 0.00000E+00 2.11147E-04 4.26371E-09
  38   4.630 2.29161E-04 0.00000E+00 0.00000E+00 0.00000E+00 0.00000E+00 0.00000E+00 0.00000E+00 2.29161E-04 3.98722E-09
  39   4.722 2.50098E-04 0.00000E+00 0.00000E+00 0.00000E+00 0.00000E+00 0.00000E+00 0.00000E+00 2.50098E-04 3.66708E-09
  40   4.813 2.74173E-04 0.00000E+00 0.00000E+00 0.00000E+00 0.00000E+00 0.00000E+00 0.00000E+00 2.74173E-04 3.46336E-09
  41   4.905 3.01596E-04 0.00000E+00 0.00000E+00 0.00000E+00 0.00000E+00 0.00000E+00 0.00000E+00 3.01596E-04 3.17232E-09
  42   4.996 3.32623E-04 0.00000E+00 0.00000E+00 0.00000E+00 0.00000E+00 0.00000E+00 0.00000E+00 3.32623E-04 2.99769E-09
  43   5.087 3.67546E-04 0.00000E+00 0.00000E+00 0.00000E+00 0.00000E+00 0.00000E+00 0.00000E+00 3.67546E-04 1.29512E-08
  44   5.179 4.06701E-04 0.00000E+00 0.00000E+00 0.00000E+00 0.00000E+00 0.00000E+00 0.00000E+00 4.06701E-04 1.16124E-08
  45   5.270 4.50542E-04 0.00000E+00 0.00000E+00 0.00000E+00 0.00000E+00 0.00000E+00 0.00000E+00 4.50542E-04 1.03028E-08
  46   5.362 4.99406E-04 0.00000E+00 0.00000E+00 0.00000E+00 0.00000E+00 0.00000E+00 0.00000E+00 4.99406E-04 9.19681E-09
  47   5.453 5.53713E-04 0.00000E+00 0.00000E+00 0.00000E+00 0.00000E+00 0.00000E+00 0.00000E+00 5.53713E-04 8.03266E-09
  48   5.544 6.14007E-04 0.00000E+00 0.00000E+00 0.00000E+00 0.00000E+00 0.00000E+00 0.00000E+00 6.14007E-04 7.21775E-09
  49   5.636 2.56493E-04 4.24418E-04 0.00000E+00 0.00000E+00 0.00000E+00 0.00000E+00 0.00000E+00 6.80911E-04 6.28643E-09
  50   5.727 1.29943E-04 6.25309E-04 0.00000E+00 0.00000E+00 0.00000E+00 0.00000E+00 0.00000E+00 7.55252E-04 5.52973E-09
  51   5.819 5.77296E-05 7.80080E-04 0.00000E+00 0.00000E+00 0.00000E+00 0.00000E+00 0.00000E+00 8.37810E-04 4.88944E-09
  52   5.910 2.96822E-05 8.99490E-04 0.00000E+00 0.00000E+00 0.00000E+00 0.00000E+00 0.00000E+00 9.29172E-04 4.30737E-09
  53   6.001 1.84675E-05 1.01178E-03 0.00000E+00 0.00000E+00 0.00000E+00 0.00000E+00 0.00000E+00 1.03025E-03 3.84171E-09
  54   6.093 1.24868E-05 1.12951E-03 0.00000E+00 0.00000E+00 0.00000E+00 0.00000E+00 0.00000E+00 1.14199E-03 3.49246E-09
  55   6.184 9.12620E-06 1.25638E-03 0.00000E+00 0.00000E+00 0.00000E+00 0.00000E+00 0.00000E+00 1.26551E-03 3.14321E-09
  56   6.276 6.33121E-06 1.39625E-03 0.00000E+00 0.00000E+00 0.00000E+00 0.00000E+00 0.00000E+00 1.40258E-03 2.79397E-09
  57   6.367 4.63372E-06 1.54908E-03 0.00000E+00 0.00000E+00 0.00000E+00 0.00000E+00 0.00000E+00 1.55372E-03 2.79397E-09
  58   6.458 4.08352E-06 1.71618E-03 0.00000E+00 0.00000E+00 0.00000E+00 0.00000E+00 0.00000E+00 1.72026E-03 2.56114E-09
  59   6.550 3.80931E-06 1.89981E-03 0.00000E+00 0.00000E+00 0.00000E+00 0.00000E+00 0.00000E+00 1.90362E-03 2.09548E-09
  60   6.641 3.65662E-06 2.10161E-03 0.00000E+00 0.00000E+00 0.00000E+00 0.00000E+00 0.00000E+00 2.10527E-03 2.32831E-09
  61   6.732 3.59720E-06 2.32356E-03 0.00000E+00 0.00000E+00 0.00000E+00 0.00000E+00 0.00000E+00 2.32715E-03 2.09548E-09
  62   6.824 3.62916E-06 2.56734E-03 0.00000E+00 0.00000E+00 0.00000E+00 0.00000E+00 0.00000E+00 2.57096E-03 2.09548E-09
  63   6.915 3.26301E-06 2.83494E-03 0.00000E+00 0.00000E+00 0.00000E+00 0.00000E+00 1.07031E-12 2.83821E-03 1.62981E-09
  64   7.007 2.62133E-06 3.12820E-03 0.00000E+00 0.00000E+00 0.00000E+00 0.00000E+00 1.77207E-12 3.13082E-03 1.39698E-09
  65   7.098 2.27011E-06 3.44850E-03 0.00000E+00 0.00000E+00 0.00000E+00 0.00000E+00 2.65299E-12 3.45077E-03 1.62981E-09
  66   7.189 2.15382E-06 3.79804E-03 0.00000E+00 0.00000E+00 0.00000E+00 0.00000E+00 3.57049E-12 3.80020E-03 1.39698E-09
  67   7.281 2.07913E-06 4.17917E-03 0.00000E+00 0.00000E+00 0.00000E+00 0.00000E+00 4.34313E-12 4.18125E-03 1.39698E-09
  68   7.372 2.04967E-06 4.59418E-03 0.00000E+00 0.00000E+00 0.00000E+00 0.00000E+00 2.70820E-11 4.59623E-03 1.86265E-09
  69   7.464 2.02086E-06 5.04529E-03 0.00000E+00 0.00000E+00 0.00000E+00 0.00000E+00 3.93256E-11 5.04731E-03 1.39698E-09
  70   7.555 1.99265E-06 5.53513E-03 0.00000E+00 0.00000E+00 0.00000E+00 0.00000E+00 5.17356E-11 5.53712E-03 1.86265E-09
  71   7.646 1.97328E-06 6.06583E-03 0.00000E+00 0.00000E+00 0.00000E+00 0.00000E+00 6.42489E-11 6.06780E-03 9.31323E-10
  72   7.738 1.95746E-06 6.64024E-03 0.00000E+00 0.00000E+00 0.00000E+00 0.00000E+00 7.65192E-11 6.64220E-03 1.39698E-09
  73   7.829 1.94627E-06 7.26061E-03 0.00000E+00 0.00000E+00 0.00000E+00 0.00000E+00 8.83497E-11 7.26256E-03 1.39698E-09
  74   7.921 1.94106E-06 7.92977E-03 0.00000E+00 0.00000E+00 0.00000E+00 0.00000E+00 1.14752E-10 7.93171E-03 1.86265E-09
  75   8.012 1.93748E-06 8.65039E-03 0.00000E+00 0.00000E+00 0.00000E+00 0.00000E+00 1.50883E-10 8.65233E-03 1.86265E-09
  76   8.103 1.93659E-06 9.42471E-03 0.00000E+00 0.00000E+00 0.00000E+00 0.00000E+00 1.87709E-10 9.42665E-03 9.31323E-10
  77   8.195 1.94094E-06 1.02571E-02 0.00000E+00 0.00000E+00 0.00000E+00 0.00000E+00 2.26169E-10 1.02590E-02 0.00000E+00
  78   8.286 1.94681E-06 1.11483E-02 0.00000E+00 0.00000E+00 0.00000E+00 0.00000E+00 2.62521E-10 1.11503E-02 9.31323E-10
  79   8.378 1.95558E-06 1.21049E-02 0.00000E+00 0.00000E+00 0.00000E+00 0.00000E+00 3.06527E-10 1.21068E-02 1.86265E-09
  80   8.469 1.96915E-06 1.31277E-02 0.00000E+00 0.00000E+00 0.00000E+00 0.00000E+00 3.98765E-10 1.31296E-02 0.00000E+00
  81   8.560 1.98563E-06 1.42273E-02 0.00000E+00 0.00000E+00 0.00000E+00 0.00000E+00 4.94174E-10 1.42293E-02 0.00000E+00
  82   8.652 2.00532E-06 1.54124E-02 0.00000E+00 0.00000E+00 0.00000E+00 0.00000E+00 6.09161E-10 1.54144E-02 9.31323E-09
  83   8.743 2.02879E-06 1.66752E-02 0.00000E+00 0.00000E+00 0.00000E+00 0.00000E+00 7.15298E-10 1.66772E-02 9.31323E-09
  84   8.834 2.05306E-06 1.80179E-02 0.00000E+00 0.00000E+00 0.00000E+00 0.00000E+00 8.17692E-10 1.80200E-02 1.30385E-08
  85   8.926 2.07753E-06 1.94409E-02 0.00000E+00 0.00000E+00 0.00000E+00 0.00000E+00 9.99234E-10 1.94430E-02 1.11759E-08
  86   9.017 2.10410E-06 2.09460E-02 0.00000E+00 0.00000E+00 0.00000E+00 0.00000E+00 1.24761E-09 2.09481E-02 9.31323E-09
  87   9.109 2.12986E-06 2.25323E-02 0.00000E+00 0.00000E+00 0.00000E+00 0.00000E+00 1.49181E-09 2.25344E-02 9.31323E-09
  88   9.200 2.15311E-06 2.41918E-02 0.00000E+00 0.00000E+00 0.00000E+00 0.00000E+00 1.73782E-09 2.41940E-02 5.58794E-09
  89   9.291 2.17566E-06 2.59180E-02 0.00000E+00 0.00000E+00 0.00000E+00 0.00000E+00 1.98041E-09 2.59202E-02 7.45058E-09
  90   9.383 2.19406E-06 2.76936E-02 0.00000E+00 0.00000E+00 0.00000E+00 0.00000E+00 2.25508E-09 2.76958E-02 5.58794E-09
  91   9.474 2.20597E-06 2.94966E-02 0.00000E+00 0.00000E+00 0.00000E+00 0.00000E+00 2.71973E-09 2.94988E-02 3.72529E-09
  92   9.566 2.21198E-06 3.12941E-02 0.00000E+00 0.00000E+00 0.00000E+00 0.00000E+00 3.18321E-09 3.12963E-02-3.72529E-09
  93   9.657 2.20852E-06 3.30458E-02 0.00000E+00 0.00000E+00 0.00000E+00 0.00000E+00 3.62519E-09 3.30480E-02 0.00000E+00
  94   9.748 2.19253E-06 3.47035E-02 0.00000E+00 0.00000E+00 0.00000E+00 0.00000E+00 4.05655E-09 3.47057E-02 0.00000E+00
  95   9.840 2.16479E-06 3.62114E-02 0.00000E+00 0.00000E+00 0.00000E+00 0.00000E+00 4.43028E-09 3.62136E-02 0.00000E+00
  96   9.931 2.12234E-06 3.75066E-02 0.00000E+00 0.00000E+00 0.00000E+00 0.00000E+00 5.04649E-09 3.75087E-02 0.00000E+00
  97  10.023 2.06289E-06 3.85303E-02 0.00000E+00 0.00000E+00 0.00000E+00 0.00000E+00 5.72819E-09 3.85324E-02-3.72529E-09
  98  10.114 1.98901E-06 3.92268E-02 0.00000E+00 0.00000E+00 0.00000E+00 0.00000E+00 6.31553E-09 3.92288E-02 0.00000E+00
  99  10.205 1.90024E-06 3.95517E-02 0.00000E+00 0.00000E+00 0.00000E+00 0.00000E+00 6.82367E-09 3.95536E-02 1.11759E-08
 100  10.297 1.79687E-06 3.94812E-02 0.00000E+00 0.00000E+00 0.00000E+00 0.00000E+00 7.19646E-09 3.94830E-02 0.00000E+00
 101  10.388 1.68347E-06 3.90077E-02 0.00000E+00 0.00000E+00 0.00000E+00 0.00000E+00 7.77014E-09 3.90094E-02 0.00000E+00
 102  10.480 1.56185E-06 3.81392E-02 0.00000E+00 0.00000E+00 0.00000E+00 0.00000E+00 9.14914E-09 3.81408E-02 3.72529E-09
 103  10.571 1.43350E-06 3.68991E-02 0.00000E+00 0.00000E+00 0.00000E+00 0.00000E+00 1.02419E-08 3.69006E-02 0.00000E+00
 104  10.662 1.30209E-06 3.52958E-02 0.00000E+00 0.00000E+00 0.00000E+00 0.00000E+00 1.09740E-08 3.52971E-02-3.72529E-09
 105  10.754 1.16716E-06 3.32925E-02 0.00000E+00 0.00000E+00 0.00000E+00 0.00000E+00 1.13236E-08 3.32937E-02 0.00000E+00
 106  10.845 1.02453E-06 3.07626E-02 0.00000E+00 0.00000E+00 0.00000E+00 0.00000E+00 1.10847E-08 3.07636E-02-1.86265E-09
 107  10.936 8.68334E-07 2.74264E-02 0.00000E+00 0.00000E+00 0.00000E+00 0.00000E+00 1.06851E-08 2.74273E-02 1.86265E-09
 108  11.028 6.83536E-07 2.27069E-02 0.00000E+00 0.00000E+00 0.00000E+00 0.00000E+00 9.32573E-09 2.27076E-02-1.86265E-09
 109  11.119 4.69348E-07 1.64028E-02 0.00000E+00 0.00000E+00 0.00000E+00 0.00000E+00 6.87186E-09 1.64033E-02 0.00000E+00
 110  11.211 1.17125E-07 4.30077E-03 0.00000E+00 0.00000E+00 0.00000E+00 0.00000E+00 1.81109E-09 4.30089E-03-4.65661E-10

 Emission cross sections to residual nuclei from Z= 54 N= 84 (138Xe):

 gamma    channel to Z= 54 N= 84 (138Xe): 1.06615E-02
 neutron  channel to Z= 54 N= 83 (137Xe): 9.93192E-01
 proton   channel to Z= 53 N= 84 (137I ): 0.00000E+00
 deuteron channel to Z= 53 N= 83 (136I ): 0.00000E+00
 triton   channel to Z= 53 N= 82 (135I ): 0.00000E+00
 helium-3 channel to Z= 52 N= 83 (135Te): 0.00000E+00
 alpha    channel to Z= 52 N= 82 (134Te): 1.52719E-07

 Final production cross section of Z= 54 N= 84 (138Xe):

 Total       : 6.77377E-03
 Ground state: 6.77377E-03

 Population of Z= 54 N= 83 (137Xe) before decay: 9.93191E-01
 Maximum excitation energy:   5.596 Discrete levels: 10 Continuum bins:100 Continuum bin size:   0.039

 Population of Z= 54 N= 83 (137Xe), Parity=-1 before decay: 4.74192E-01

 bin    Ex     Pop     Pop P=-1    J= 0.5    J= 1.5    J= 2.5    J= 3.5    J= 4.5    J= 5.5    J= 6.5    J= 7.5    J= 8.5

   0   0.000 4.396E-02 4.396E-02 0.000E+00 0.000E+00 0.000E+00 4.396E-02 0.000E+00 0.000E+00 0.000E+00 0.000E+00 0.000E+00
   1   0.601 1.657E-02 1.657E-02 0.000E+00 1.657E-02 0.000E+00 0.000E+00 0.000E+00 0.000E+00 0.000E+00 0.000E+00 0.000E+00
   2   0.986 6.620E-03 6.620E-03 6.620E-03 0.000E+00 0.000E+00 0.000E+00 0.000E+00 0.000E+00 0.000E+00 0.000E+00 0.000E+00
   3   1.218 1.046E-02 1.046E-02 0.000E+00 0.000E+00 0.000E+00 0.000E+00 1.046E-02 0.000E+00 0.000E+00 0.000E+00 0.000E+00
   4   1.220 8.865E-03 8.865E-03 0.000E+00 0.000E+00 0.000E+00 0.000E+00 0.000E+00 8.865E-03 0.000E+00 0.000E+00 0.000E+00
   5   1.303 9.253E-03 9.253E-03 0.000E+00 0.000E+00 9.253E-03 0.000E+00 0.000E+00 0.000E+00 0.000E+00 0.000E+00 0.000E+00
   6   1.461 6.388E-03 6.388E-03 0.000E+00 6.388E-03 0.000E+00 0.000E+00 0.000E+00 0.000E+00 0.000E+00 0.000E+00 0.000E+00
   7   1.512 6.022E-03 6.022E-03 0.000E+00 6.022E-03 0.000E+00 0.000E+00 0.000E+00 0.000E+00 0.000E+00 0.000E+00 0.000E+00
   8   1.534 6.973E-03 6.973E-03 0.000E+00 0.000E+00 6.973E-03 0.000E+00 0.000E+00 0.000E+00 0.000E+00 0.000E+00 0.000E+00
   9   1.621 1.351E-03 1.351E-03 0.000E+00 0.000E+00 0.000E+00 0.000E+00 0.000E+00 0.000E+00 0.000E+00 1.351E-03 0.000E+00
  10   1.668 5.028E-03 5.028E-03 0.000E+00 5.028E-03 0.000E+00 0.000E+00 0.000E+00 0.000E+00 0.000E+00 0.000E+00 0.000E+00
  11   1.688 6.866E-03 2.585E-03 1.389E-04 3.956E-04 5.620E-04 6.337E-04 4.462E-04 2.557E-04 1.151E-04 2.812E-05 8.821E-06
  12   1.727 6.987E-03 2.637E-03 1.423E-04 4.053E-04 5.746E-04 6.475E-04 4.548E-04 2.591E-04 1.165E-04 2.804E-05 8.811E-06
  13   1.766 7.135E-03 2.699E-03 1.461E-04 4.161E-04 5.890E-04 6.635E-04 4.650E-04 2.636E-04 1.184E-04 2.813E-05 8.858E-06
  14   1.806 7.269E-03 2.756E-03 1.497E-04 4.264E-04 6.026E-04 6.783E-04 4.742E-04 2.674E-04 1.199E-04 2.810E-05 8.872E-06
  15   1.845 7.414E-03 2.817E-03 1.535E-04 4.374E-04 6.172E-04 6.942E-04 4.843E-04 2.717E-04 1.217E-04 2.814E-05 8.906E-06
  16   1.884 7.563E-03 2.880E-03 1.573E-04 4.486E-04 6.320E-04 7.105E-04 4.945E-04 2.760E-04 1.235E-04 2.816E-05 8.939E-06
  17   1.923 7.701E-03 2.939E-03 1.611E-04 4.595E-04 6.464E-04 7.260E-04 5.041E-04 2.798E-04 1.250E-04 2.812E-05 8.947E-06
  18   1.963 7.866E-03 3.008E-03 1.653E-04 4.716E-04 6.625E-04 7.438E-04 5.154E-04 2.847E-04 1.270E-04 2.818E-05 8.991E-06
  19   2.002 8.005E-03 3.068E-03 1.691E-04 4.828E-04 6.772E-04 7.597E-04 5.252E-04 2.885E-04 1.286E-04 2.810E-05 8.988E-06
  20   2.041 8.174E-03 3.139E-03 1.734E-04 4.953E-04 6.938E-04 7.781E-04 5.369E-04 2.934E-04 1.306E-04 2.814E-05 9.023E-06
  21   2.081 8.326E-03 3.204E-03 1.774E-04 5.071E-04 7.094E-04 7.951E-04 5.474E-04 2.974E-04 1.322E-04 2.805E-05 9.019E-06
  22   2.120 8.491E-03 3.274E-03 1.817E-04 5.197E-04 7.261E-04 8.136E-04 5.589E-04 3.021E-04 1.341E-04 2.802E-05 9.029E-06
  23   2.159 8.658E-03 3.344E-03 1.860E-04 5.323E-04 7.429E-04 8.321E-04 5.704E-04 3.066E-04 1.360E-04 2.795E-05 9.030E-06
  24   2.198 8.812E-03 3.410E-03 1.902E-04 5.446E-04 7.591E-04 8.499E-04 5.813E-04 3.106E-04 1.376E-04 2.781E-05 9.005E-06
  25   2.238 8.994E-03 3.486E-03 1.947E-04 5.581E-04 7.772E-04 8.700E-04 5.940E-04 3.157E-04 1.396E-04 2.776E-05 9.009E-06
  26   2.277 9.146E-03 3.553E-03 1.989E-04 5.705E-04 7.935E-04 8.879E-04 6.048E-04 3.195E-04 1.411E-04 2.756E-05 8.965E-06
  27   2.316 9.331E-03 3.631E-03 2.036E-04 5.844E-04 8.120E-04 9.087E-04 6.178E-04 3.246E-04 1.432E-04 2.746E-05 8.955E-06
  28   2.356 9.494E-03 3.701E-03 2.079E-04 5.973E-04 8.291E-04 9.276E-04 6.293E-04 3.286E-04 1.447E-04 2.724E-05 8.903E-06
  29   2.395 9.672E-03 3.777E-03 2.125E-04 6.110E-04 8.475E-04 9.482E-04 6.419E-04 3.332E-04 1.466E-04 2.706E-05 8.864E-06
  30   2.434 9.847E-03 3.852E-03 2.170E-04 6.247E-04 8.656E-04 9.685E-04 6.544E-04 3.376E-04 1.483E-04 2.684E-05 8.811E-06
  31   2.473 1.001E-02 3.923E-03 2.214E-04 6.379E-04 8.831E-04 9.880E-04 6.661E-04 3.415E-04 1.498E-04 2.655E-05 8.735E-06
  32   2.513 1.020E-02 4.004E-03 2.261E-04 6.523E-04 9.025E-04 1.010E-03 6.795E-04 3.463E-04 1.517E-04 2.634E-05 8.682E-06
  33   2.552 1.035E-02 4.073E-03 2.303E-04 6.653E-04 9.196E-04 1.029E-03 6.909E-04 3.498E-04 1.530E-04 2.597E-05 8.581E-06
  34   2.591 1.054E-02 4.154E-03 2.351E-04 6.799E-04 9.393E-04 1.051E-03 7.045E-04 3.545E-04 1.548E-04 2.571E-05 8.512E-06
  35   2.631 1.071E-02 4.225E-03 2.394E-04 6.932E-04 9.569E-04 1.071E-03 7.162E-04 3.579E-04 1.561E-04 2.532E-05 8.400E-06
  36   2.670 1.088E-02 4.302E-03 2.440E-04 7.074E-04 9.760E-04 1.093E-03 7.291E-04 3.620E-04 1.577E-04 2.498E-05 8.302E-06
  37   2.709 1.106E-02 4.377E-03 2.485E-04 7.213E-04 9.945E-04 1.114E-03 7.416E-04 3.657E-04 1.590E-04 2.458E-05 8.187E-06
  38   2.748 1.121E-02 4.447E-03 2.527E-04 7.345E-04 1.012E-03 1.133E-03 7.531E-04 3.688E-04 1.601E-04 2.413E-05 8.052E-06
  39   2.788 1.139E-02 4.526E-03 2.573E-04 7.489E-04 1.031E-03 1.156E-03 7.664E-04 3.727E-04 1.616E-04 2.373E-05 7.935E-06
  40   2.827 1.153E-02 4.590E-03 2.612E-04 7.614E-04 1.048E-03 1.174E-03 7.769E-04 3.751E-04 1.624E-04 2.320E-05 7.774E-06
  41   2.866 1.171E-02 4.668E-03 2.657E-04 7.758E-04 1.067E-03 1.197E-03 7.901E-04 3.788E-04 1.638E-04 2.277E-05 7.644E-06
  42   2.905 1.185E-02 4.732E-03 2.695E-04 7.882E-04 1.084E-03 1.215E-03 8.006E-04 3.809E-04 1.644E-04 2.222E-05 7.472E-06
  43   2.945 1.201E-02 4.804E-03 2.736E-04 8.017E-04 1.102E-03 1.236E-03 8.125E-04 3.837E-04 1.654E-04 2.171E-05 7.316E-06
  44   2.984 1.216E-02 4.870E-03 2.775E-04 8.144E-04 1.119E-03 1.255E-03 8.235E-04 3.858E-04 1.661E-04 2.116E-05 7.142E-06
  45   3.023 1.228E-02 4.929E-03 2.810E-04 8.261E-04 1.134E-03 1.273E-03 8.333E-04 3.872E-04 1.665E-04 2.056E-05 6.953E-06
  46   3.063 1.244E-02 4.998E-03 2.848E-04 8.391E-04 1.152E-03 1.294E-03 8.447E-04 3.894E-04 1.672E-04 2.001E-05 6.779E-06
  47   3.102 1.253E-02 5.047E-03 2.878E-04 8.494E-04 1.165E-03 1.309E-03 8.527E-04 3.897E-04 1.671E-04 1.935E-05 6.569E-06
  48   3.141 1.268E-02 5.113E-03 2.914E-04 8.620E-04 1.182E-03 1.329E-03 8.636E-04 3.914E-04 1.677E-04 1.878E-05 6.387E-06
  49   3.180 1.277E-02 5.159E-03 2.941E-04 8.716E-04 1.195E-03 1.344E-03 8.711E-04 3.912E-04 1.674E-04 1.811E-05 6.170E-06
  50   3.220 1.288E-02 5.213E-03 2.971E-04 8.826E-04 1.210E-03 1.361E-03 8.801E-04 3.917E-04 1.674E-04 1.749E-05 5.969E-06
  51   3.259 1.298E-02 5.259E-03 2.997E-04 8.922E-04 1.223E-03 1.376E-03 8.875E-04 3.913E-04 1.670E-04 1.683E-05 5.754E-06
  52   3.298 1.305E-02 5.296E-03 3.017E-04 9.005E-04 1.234E-03 1.389E-03 8.935E-04 3.900E-04 1.663E-04 1.614E-05 5.531E-06
  53   3.338 1.314E-02 5.342E-03 3.042E-04 9.101E-04 1.246E-03 1.404E-03 9.009E-04 3.894E-04 1.658E-04 1.550E-05 5.321E-06
  54   3.377 1.317E-02 5.363E-03 3.054E-04 9.159E-04 1.254E-03 1.413E-03 9.041E-04 3.866E-04 1.645E-04 1.479E-05 5.084E-06
  55   3.416 1.325E-02 5.403E-03 3.074E-04 9.246E-04 1.266E-03 1.427E-03 9.106E-04 3.853E-04 1.638E-04 1.415E-05 4.873E-06
  56   3.455 1.326E-02 5.417E-03 3.081E-04 9.293E-04 1.272E-03 1.434E-03 9.126E-04 3.818E-04 1.621E-04 1.344E-05 4.638E-06
  57   3.495 1.330E-02 5.442E-03 3.093E-04 9.355E-04 1.280E-03 1.444E-03 9.163E-04 3.789E-04 1.607E-04 1.278E-05 4.419E-06
  58   3.534 1.330E-02 5.453E-03 3.097E-04 9.396E-04 1.285E-03 1.450E-03 9.178E-04 3.749E-04 1.589E-04 1.210E-05 4.191E-06
  59   3.573 1.329E-02 5.455E-03 3.096E-04 9.422E-04 1.288E-03 1.455E-03 9.175E-04 3.700E-04 1.567E-04 1.142E-05 3.962E-06
  60   3.613 1.329E-02 5.464E-03 3.098E-04 9.459E-04 1.293E-03 1.461E-03 9.186E-04 3.656E-04 1.547E-04 1.078E-05 3.746E-06
  61   3.652 1.321E-02 5.443E-03 3.084E-04 9.449E-04 1.292E-03 1.459E-03 9.145E-04 3.589E-04 1.518E-04 1.010E-05 3.515E-06
  62   3.691 1.320E-02 5.444E-03 3.081E-04 9.474E-04 1.295E-03 1.464E-03 9.143E-04 3.536E-04 1.495E-04 9.484E-06 3.307E-06
  63   3.730 1.310E-02 5.413E-03 3.061E-04 9.445E-04 1.291E-03 1.459E-03 9.083E-04 3.459E-04 1.461E-04 8.834E-06 3.086E-06
  64   3.770 1.304E-02 5.395E-03 3.047E-04 9.438E-04 1.289E-03 1.459E-03 9.047E-04 3.391E-04 1.431E-04 8.234E-06 2.881E-06
  65   3.809 1.293E-02 5.359E-03 3.023E-04 9.401E-04 1.284E-03 1.453E-03 8.979E-04 3.309E-04 1.396E-04 7.631E-06 2.675E-06
  66   3.848 1.280E-02 5.312E-03 2.993E-04 9.346E-04 1.276E-03 1.445E-03 8.894E-04 3.219E-04 1.357E-04 7.044E-06 2.473E-06
  67   3.887 1.269E-02 5.273E-03 2.967E-04 9.303E-04 1.270E-03 1.439E-03 8.821E-04 3.133E-04 1.321E-04 6.495E-06 2.284E-06
  68   3.927 1.249E-02 5.199E-03 2.922E-04 9.203E-04 1.256E-03 1.423E-03 8.688E-04 3.024E-04 1.274E-04 5.936E-06 2.091E-06
  69   3.966 1.237E-02 5.152E-03 2.891E-04 9.146E-04 1.249E-03 1.415E-03 8.602E-04 2.932E-04 1.235E-04 5.436E-06 1.919E-06
  70   4.005 1.214E-02 5.066E-03 2.839E-04 9.024E-04 1.232E-03 1.396E-03 8.449E-04 2.815E-04 1.186E-04 4.928E-06 1.742E-06
  71   4.045 1.196E-02 4.997E-03 2.795E-04 8.930E-04 1.219E-03 1.382E-03 8.326E-04 2.709E-04 1.141E-04 4.468E-06 1.582E-06
  72   4.084 1.173E-02 4.907E-03 2.740E-04 8.799E-04 1.200E-03 1.362E-03 8.166E-04 2.591E-04 1.091E-04 4.019E-06 1.426E-06
  73   4.123 1.148E-02 4.808E-03 2.680E-04 8.652E-04 1.180E-03 1.340E-03 7.990E-04 2.467E-04 1.039E-04 3.597E-06 1.278E-06
  74   4.162 1.125E-02 4.716E-03 2.624E-04 8.517E-04 1.162E-03 1.319E-03 7.829E-04 2.349E-04 9.891E-05 3.209E-06 1.142E-06
  75   4.202 1.092E-02 4.588E-03 2.549E-04 8.317E-04 1.134E-03 1.288E-03 7.603E-04 2.212E-04 9.312E-05 2.833E-06 1.010E-06
  76   4.241 1.068E-02 4.491E-03 2.488E-04 8.169E-04 1.114E-03 1.266E-03 7.435E-04 2.095E-04 8.822E-05 2.505E-06 8.948E-07
  77   4.280 1.032E-02 4.346E-03 2.402E-04 7.933E-04 1.082E-03 1.231E-03 7.189E-04 1.956E-04 8.246E-05 2.189E-06 7.839E-07
  78   4.320 1.002E-02 4.223E-03 2.327E-04 7.733E-04 1.055E-03 1.201E-03 6.980E-04 1.831E-04 7.728E-05 1.909E-06 6.856E-07
  79   4.359 9.664E-03 4.076E-03 2.239E-04 7.490E-04 1.022E-03 1.164E-03 6.731E-04 1.698E-04 7.170E-05 1.646E-06 5.930E-07
  80   4.398 9.289E-03 3.923E-03 2.149E-04 7.236E-04 9.873E-04 1.126E-03 6.473E-04 1.564E-04 6.614E-05 1.409E-06 5.088E-07
  81   4.437 8.945E-03 3.780E-03 2.064E-04 6.996E-04 9.548E-04 1.090E-03 6.230E-04 1.439E-04 6.093E-05 1.198E-06 4.338E-07
  82   4.477 8.503E-03 3.599E-03 1.960E-04 6.689E-04 9.129E-04 1.042E-03 5.925E-04 1.302E-04 5.518E-05 1.004E-06 3.644E-07
  83   4.516 8.167E-03 3.458E-03 1.877E-04 6.448E-04 8.803E-04 1.006E-03 5.687E-04 1.187E-04 5.036E-05 8.399E-07 3.057E-07
  84   4.555 7.721E-03 3.272E-03 1.771E-04 6.128E-04 8.366E-04 9.567E-04 5.375E-04 1.059E-04 4.497E-05 6.899E-07 2.517E-07
  85   4.595 7.349E-03 3.116E-03 1.681E-04 5.856E-04 7.997E-04 9.153E-04 5.112E-04 9.486E-05 4.032E-05 5.639E-07 2.062E-07
  86   4.634 6.928E-03 2.938E-03 1.580E-04 5.543E-04 7.571E-04 8.671E-04 4.814E-04 8.360E-05 3.557E-05 4.532E-07 1.662E-07
  87   4.673 6.505E-03 2.759E-03 1.480E-04 5.228E-04 7.141E-04 8.184E-04 4.516E-04 7.303E-05 3.111E-05 3.598E-07 1.322E-07
  88   4.712 6.118E-03 2.593E-03 1.386E-04 4.931E-04 6.737E-04 7.727E-04 4.239E-04 6.356E-05 2.711E-05 2.819E-07 1.039E-07
  89   4.752 5.648E-03 2.394E-03 1.277E-04 4.572E-04 6.247E-04 7.167E-04 3.908E-04 5.384E-05 2.299E-05 2.163E-07 7.984E-08
  90   4.791 5.292E-03 2.239E-03 1.190E-04 4.290E-04 5.864E-04 6.734E-04 3.652E-04 4.613E-05 1.972E-05 1.647E-07 6.096E-08
  91   4.830 4.839E-03 2.044E-03 1.084E-04 3.932E-04 5.374E-04 6.175E-04 3.329E-04 3.811E-05 1.631E-05 1.219E-07 4.521E-08
  92   4.869 4.469E-03 1.882E-03 9.948E-05 3.633E-04 4.967E-04 5.712E-04 3.063E-04 3.166E-05 1.356E-05 8.914E-08 3.314E-08
  93   4.909 4.062E-03 1.703E-03 8.977E-05 3.299E-04 4.511E-04 5.191E-04 2.769E-04 2.553E-05 1.095E-05 6.310E-08 2.351E-08
  94   4.948 3.666E-03 1.530E-03 8.044E-05 2.973E-04 4.067E-04 4.682E-04 2.485E-04 2.026E-05 8.699E-06 4.382E-08 1.636E-08
  95   4.987 3.310E-03 1.372E-03 7.190E-05 2.673E-04 3.657E-04 4.213E-04 2.227E-04 1.592E-05 6.846E-06 2.927E-08 1.095E-08
  96   5.027 2.893E-03 1.189E-03 6.218E-05 2.324E-04 3.179E-04 3.664E-04 1.927E-04 1.187E-05 5.108E-06 1.895E-08 7.103E-09
  97   5.066 2.587E-03 1.051E-03 5.483E-05 2.059E-04 2.819E-04 3.252E-04 1.704E-04 9.021E-06 3.888E-06 1.199E-08 4.505E-09
  98   5.105 2.207E-03 8.831E-04 4.599E-05 1.735E-04 2.375E-04 2.740E-04 1.431E-04 6.352E-06 2.741E-06 7.100E-09 2.671E-09
  99   5.144 1.912E-03 7.519E-04 3.905E-05 1.479E-04 2.026E-04 2.340E-04 1.218E-04 4.505E-06 1.946E-06 4.151E-09 1.565E-09
 100   5.184 1.596E-03 6.126E-04 3.175E-05 1.207E-04 1.654E-04 1.912E-04 9.926E-05 2.982E-06 1.290E-06 2.138E-09 8.079E-10
 101   5.223 1.306E-03 4.867E-04 2.518E-05 9.608E-05 1.317E-04 1.522E-04 7.886E-05 1.888E-06 8.176E-07 1.095E-09 4.140E-10
 102   5.262 1.062E-03 3.821E-04 1.972E-05 7.545E-05 1.035E-04 1.198E-04 6.195E-05 1.163E-06 5.042E-07 4.604E-10 1.747E-10
 103   5.302 7.863E-04 2.684E-04 1.384E-05 5.308E-05 7.279E-05 8.425E-05 4.350E-05 6.151E-07 2.670E-07 1.837E-10 6.965E-11
 104   5.341 6.133E-04 1.989E-04 1.023E-05 3.932E-05 5.399E-05 6.259E-05 3.230E-05 3.456E-07 1.503E-07 7.191E-11 2.730E-11
 105   5.380 4.052E-04 1.217E-04 6.244E-06 2.405E-05 3.304E-05 3.834E-05 1.977E-05 1.507E-07 6.559E-08 2.023E-11 7.704E-12
 106   5.419 2.736E-04 7.574E-05 3.881E-06 1.497E-05 2.058E-05 2.390E-05 1.232E-05 6.696E-08 2.919E-08 6.391E-12 2.439E-12
 107   5.459 1.554E-04 3.898E-05 1.987E-06 7.675E-06 1.059E-05 1.234E-05 6.363E-06 2.354E-08 1.028E-08 1.182E-12 4.521E-13
 108   5.498 6.649E-05 1.466E-05 7.503E-07 2.899E-06 3.986E-06 4.631E-06 2.388E-06 5.666E-09 2.476E-09 1.749E-13 6.671E-14
 109   5.537 3.290E-05 6.295E-06 3.207E-07 1.240E-06 1.710E-06 1.993E-06 1.029E-06 1.620E-09 7.091E-10 0.000E+00 0.000E+00
 110   5.577 6.342E-06 1.002E-06 5.005E-08 1.941E-07 2.714E-07 3.207E-07 1.659E-07 1.335E-10 5.866E-11 0.000E+00 0.000E+00

 Population of Z= 54 N= 83 (137Xe), Parity= 1 before decay: 5.18999E-01

 bin    Ex     Pop     Pop P= 1    J= 0.5    J= 1.5    J= 2.5    J= 3.5    J= 4.5    J= 5.5    J= 6.5    J= 7.5    J= 8.5

   0   0.000 4.396E-02 0.000E+00 0.000E+00 0.000E+00 0.000E+00 0.000E+00 0.000E+00 0.000E+00 0.000E+00 0.000E+00 0.000E+00
   1   0.601 1.657E-02 0.000E+00 0.000E+00 0.000E+00 0.000E+00 0.000E+00 0.000E+00 0.000E+00 0.000E+00 0.000E+00 0.000E+00
   2   0.986 6.620E-03 0.000E+00 0.000E+00 0.000E+00 0.000E+00 0.000E+00 0.000E+00 0.000E+00 0.000E+00 0.000E+00 0.000E+00
   3   1.218 1.046E-02 0.000E+00 0.000E+00 0.000E+00 0.000E+00 0.000E+00 0.000E+00 0.000E+00 0.000E+00 0.000E+00 0.000E+00
   4   1.220 8.865E-03 0.000E+00 0.000E+00 0.000E+00 0.000E+00 0.000E+00 0.000E+00 0.000E+00 0.000E+00 0.000E+00 0.000E+00
   5   1.303 9.253E-03 0.000E+00 0.000E+00 0.000E+00 0.000E+00 0.000E+00 0.000E+00 0.000E+00 0.000E+00 0.000E+00 0.000E+00
   6   1.461 6.388E-03 0.000E+00 0.000E+00 0.000E+00 0.000E+00 0.000E+00 0.000E+00 0.000E+00 0.000E+00 0.000E+00 0.000E+00
   7   1.512 6.022E-03 0.000E+00 0.000E+00 0.000E+00 0.000E+00 0.000E+00 0.000E+00 0.000E+00 0.000E+00 0.000E+00 0.000E+00
   8   1.534 6.973E-03 0.000E+00 0.000E+00 0.000E+00 0.000E+00 0.000E+00 0.000E+00 0.000E+00 0.000E+00 0.000E+00 0.000E+00
   9   1.621 1.351E-03 0.000E+00 0.000E+00 0.000E+00 0.000E+00 0.000E+00 0.000E+00 0.000E+00 0.000E+00 0.000E+00 0.000E+00
  10   1.668 5.028E-03 0.000E+00 0.000E+00 0.000E+00 0.000E+00 0.000E+00 0.000E+00 0.000E+00 0.000E+00 0.000E+00 0.000E+00
  11   1.688 6.866E-03 4.281E-03 2.192E-04 6.197E-04 9.973E-04 9.526E-04 7.800E-04 4.451E-04 1.883E-04 6.935E-05 7.779E-06
  12   1.727 6.987E-03 4.349E-03 2.237E-04 6.317E-04 1.017E-03 9.689E-04 7.915E-04 4.500E-04 1.878E-04 6.921E-05 7.689E-06
  13   1.766 7.135E-03 4.436E-03 2.287E-04 6.458E-04 1.040E-03 9.891E-04 8.065E-04 4.572E-04 1.888E-04 6.961E-05 7.618E-06
  14   1.806 7.269E-03 4.513E-03 2.336E-04 6.590E-04 1.062E-03 1.007E-03 8.193E-04 4.630E-04 1.890E-04 6.977E-05 7.548E-06
  15   1.845 7.414E-03 4.597E-03 2.388E-04 6.732E-04 1.085E-03 1.027E-03 8.334E-04 4.696E-04 1.897E-04 7.007E-05 7.477E-06
  16   1.884 7.563E-03 4.683E-03 2.440E-04 6.877E-04 1.109E-03 1.048E-03 8.479E-04 4.765E-04 1.905E-04 7.044E-05 7.403E-06
  17   1.923 7.701E-03 4.761E-03 2.491E-04 7.013E-04 1.131E-03 1.067E-03 8.605E-04 4.820E-04 1.906E-04 7.054E-05 7.322E-06
  18   1.963 7.866E-03 4.858E-03 2.547E-04 7.171E-04 1.158E-03 1.089E-03 8.769E-04 4.900E-04 1.919E-04 7.107E-05 7.240E-06
  19   2.002 8.005E-03 4.937E-03 2.598E-04 7.310E-04 1.181E-03 1.108E-03 8.895E-04 4.954E-04 1.919E-04 7.113E-05 7.149E-06
  20   2.041 8.174E-03 5.035E-03 2.656E-04 7.471E-04 1.208E-03 1.132E-03 9.062E-04 5.034E-04 1.930E-04 7.160E-05 7.056E-06
  21   2.081 8.326E-03 5.123E-03 2.710E-04 7.620E-04 1.232E-03 1.153E-03 9.204E-04 5.099E-04 1.933E-04 7.177E-05 6.954E-06
  22   2.120 8.491E-03 5.218E-03 2.768E-04 7.779E-04 1.259E-03 1.176E-03 9.363E-04 5.173E-04 1.940E-04 7.207E-05 6.848E-06
  23   2.159 8.658E-03 5.314E-03 2.825E-04 7.939E-04 1.286E-03 1.199E-03 9.524E-04 5.247E-04 1.947E-04 7.236E-05 6.734E-06
  24   2.198 8.812E-03 5.402E-03 2.880E-04 8.089E-04 1.312E-03 1.220E-03 9.667E-04 5.310E-04 1.946E-04 7.239E-05 6.614E-06
  25   2.238 8.994E-03 5.507E-03 2.940E-04 8.262E-04 1.341E-03 1.245E-03 9.847E-04 5.396E-04 1.956E-04 7.278E-05 6.491E-06
  26   2.277 9.146E-03 5.593E-03 2.994E-04 8.410E-04 1.366E-03 1.266E-03 9.986E-04 5.455E-04 1.952E-04 7.269E-05 6.359E-06
  27   2.316 9.331E-03 5.700E-03 3.055E-04 8.584E-04 1.396E-03 1.292E-03 1.017E-03 5.540E-04 1.959E-04 7.298E-05 6.224E-06
  28   2.356 9.494E-03 5.793E-03 3.111E-04 8.740E-04 1.423E-03 1.315E-03 1.032E-03 5.608E-04 1.957E-04 7.295E-05 6.082E-06
  29   2.395 9.672E-03 5.894E-03 3.170E-04 8.909E-04 1.452E-03 1.340E-03 1.049E-03 5.686E-04 1.959E-04 7.304E-05 5.936E-06
  30   2.434 9.847E-03 5.995E-03 3.228E-04 9.075E-04 1.481E-03 1.364E-03 1.066E-03 5.762E-04 1.959E-04 7.308E-05 5.784E-06
  31   2.473 1.001E-02 6.086E-03 3.283E-04 9.230E-04 1.509E-03 1.387E-03 1.081E-03 5.826E-04 1.953E-04 7.288E-05 5.628E-06
  32   2.513 1.020E-02 6.196E-03 3.344E-04 9.408E-04 1.540E-03 1.414E-03 1.100E-03 5.912E-04 1.955E-04 7.298E-05 5.469E-06
  33   2.552 1.035E-02 6.281E-03 3.396E-04 9.555E-04 1.566E-03 1.435E-03 1.114E-03 5.969E-04 1.944E-04 7.260E-05 5.305E-06
  34   2.591 1.054E-02 6.390E-03 3.456E-04 9.733E-04 1.598E-03 1.462E-03 1.133E-03 6.053E-04 1.943E-04 7.258E-05 5.139E-06
  35   2.631 1.071E-02 6.481E-03 3.509E-04 9.886E-04 1.625E-03 1.485E-03 1.148E-03 6.115E-04 1.933E-04 7.223E-05 4.969E-06
  36   2.670 1.088E-02 6.582E-03 3.565E-04 1.005E-03 1.655E-03 1.510E-03 1.165E-03 6.188E-04 1.925E-04 7.198E-05 4.797E-06
  37   2.709 1.106E-02 6.678E-03 3.619E-04 1.021E-03 1.685E-03 1.535E-03 1.181E-03 6.257E-04 1.916E-04 7.165E-05 4.623E-06
  38   2.748 1.121E-02 6.764E-03 3.668E-04 1.036E-03 1.712E-03 1.557E-03 1.195E-03 6.313E-04 1.900E-04 7.109E-05 4.447E-06
  39   2.788 1.139E-02 6.868E-03 3.723E-04 1.053E-03 1.743E-03 1.583E-03 1.213E-03 6.388E-04 1.891E-04 7.078E-05 4.271E-06
  40   2.827 1.153E-02 6.943E-03 3.766E-04 1.066E-03 1.768E-03 1.603E-03 1.224E-03 6.431E-04 1.870E-04 7.001E-05 4.093E-06
  41   2.866 1.171E-02 7.043E-03 3.818E-04 1.083E-03 1.799E-03 1.628E-03 1.241E-03 6.502E-04 1.858E-04 6.957E-05 3.917E-06
  42   2.905 1.185E-02 7.120E-03 3.860E-04 1.096E-03 1.824E-03 1.648E-03 1.253E-03 6.546E-04 1.836E-04 6.877E-05 3.740E-06
  43   2.945 1.201E-02 7.208E-03 3.906E-04 1.111E-03 1.853E-03 1.671E-03 1.268E-03 6.602E-04 1.817E-04 6.809E-05 3.565E-06
  44   2.984 1.216E-02 7.288E-03 3.947E-04 1.124E-03 1.879E-03 1.693E-03 1.280E-03 6.650E-04 1.795E-04 6.729E-05 3.390E-06
  45   3.023 1.228E-02 7.355E-03 3.982E-04 1.136E-03 1.903E-03 1.711E-03 1.291E-03 6.683E-04 1.767E-04 6.629E-05 3.217E-06
  46   3.063 1.244E-02 7.438E-03 4.023E-04 1.150E-03 1.932E-03 1.733E-03 1.304E-03 6.733E-04 1.745E-04 6.548E-05 3.047E-06
  47   3.102 1.253E-02 7.488E-03 4.047E-04 1.159E-03 1.952E-03 1.748E-03 1.310E-03 6.747E-04 1.711E-04 6.424E-05 2.879E-06
  48   3.141 1.268E-02 7.566E-03 4.083E-04 1.173E-03 1.979E-03 1.769E-03 1.322E-03 6.790E-04 1.685E-04 6.330E-05 2.715E-06
  49   3.180 1.277E-02 7.612E-03 4.104E-04 1.181E-03 1.999E-03 1.783E-03 1.328E-03 6.800E-04 1.650E-04 6.201E-05 2.554E-06
  50   3.220 1.288E-02 7.672E-03 4.130E-04 1.192E-03 2.022E-03 1.800E-03 1.336E-03 6.822E-04 1.618E-04 6.083E-05 2.397E-06
  51   3.259 1.298E-02 7.718E-03 4.148E-04 1.201E-03 2.043E-03 1.814E-03 1.342E-03 6.832E-04 1.582E-04 5.953E-05 2.244E-06
  52   3.298 1.305E-02 7.750E-03 4.158E-04 1.207E-03 2.060E-03 1.825E-03 1.345E-03 6.825E-04 1.542E-04 5.805E-05 2.095E-06
  53   3.338 1.314E-02 7.797E-03 4.174E-04 1.216E-03 2.081E-03 1.839E-03 1.350E-03 6.834E-04 1.506E-04 5.672E-05 1.951E-06
  54   3.377 1.317E-02 7.803E-03 4.169E-04 1.219E-03 2.092E-03 1.844E-03 1.348E-03 6.801E-04 1.460E-04 5.503E-05 1.812E-06
  55   3.416 1.325E-02 7.842E-03 4.178E-04 1.226E-03 2.112E-03 1.857E-03 1.351E-03 6.800E-04 1.421E-04 5.360E-05 1.679E-06
  56   3.455 1.326E-02 7.841E-03 4.166E-04 1.228E-03 2.122E-03 1.860E-03 1.347E-03 6.758E-04 1.374E-04 5.187E-05 1.551E-06
  57   3.495 1.330E-02 7.855E-03 4.161E-04 1.232E-03 2.136E-03 1.867E-03 1.345E-03 6.731E-04 1.329E-04 5.023E-05 1.429E-06
  58   3.534 1.330E-02 7.852E-03 4.145E-04 1.233E-03 2.146E-03 1.870E-03 1.340E-03 6.686E-04 1.283E-04 4.849E-05 1.311E-06
  59   3.573 1.329E-02 7.831E-03 4.120E-04 1.232E-03 2.152E-03 1.869E-03 1.331E-03 6.624E-04 1.232E-04 4.663E-05 1.200E-06
  60   3.613 1.329E-02 7.826E-03 4.099E-04 1.233E-03 2.163E-03 1.872E-03 1.325E-03 6.576E-04 1.185E-04 4.489E-05 1.095E-06
  61   3.652 1.321E-02 7.771E-03 4.055E-04 1.227E-03 2.161E-03 1.863E-03 1.310E-03 6.481E-04 1.131E-04 4.288E-05 9.951E-07
  62   3.691 1.320E-02 7.756E-03 4.026E-04 1.226E-03 2.169E-03 1.864E-03 1.301E-03 6.422E-04 1.083E-04 4.109E-05 9.018E-07
  63   3.730 1.310E-02 7.689E-03 3.973E-04 1.218E-03 2.165E-03 1.852E-03 1.283E-03 6.315E-04 1.029E-04 3.909E-05 8.137E-07
  64   3.770 1.304E-02 7.645E-03 3.927E-04 1.213E-03 2.166E-03 1.846E-03 1.269E-03 6.226E-04 9.785E-05 3.719E-05 7.319E-07
  65   3.809 1.293E-02 7.576E-03 3.868E-04 1.204E-03 2.162E-03 1.833E-03 1.250E-03 6.116E-04 9.261E-05 3.523E-05 6.551E-07
  66   3.848 1.280E-02 7.490E-03 3.799E-04 1.193E-03 2.153E-03 1.817E-03 1.227E-03 5.988E-04 8.726E-05 3.323E-05 5.842E-07
  67   3.887 1.269E-02 7.420E-03 3.736E-04 1.184E-03 2.149E-03 1.805E-03 1.207E-03 5.875E-04 8.219E-05 3.133E-05 5.187E-07
  68   3.927 1.249E-02 7.293E-03 3.645E-04 1.167E-03 2.129E-03 1.778E-03 1.176E-03 5.710E-04 7.675E-05 2.928E-05 4.581E-07
  69   3.966 1.237E-02 7.214E-03 3.574E-04 1.157E-03 2.123E-03 1.764E-03 1.154E-03 5.588E-04 7.183E-05 2.744E-05 4.032E-07
  70   4.005 1.214E-02 7.074E-03 3.474E-04 1.137E-03 2.100E-03 1.735E-03 1.121E-03 5.413E-04 6.664E-05 2.548E-05 3.527E-07
  71   4.045 1.196E-02 6.964E-03 3.385E-04 1.122E-03 2.086E-03 1.713E-03 1.092E-03 5.262E-04 6.177E-05 2.364E-05 3.071E-07
  72   4.084 1.173E-02 6.825E-03 3.282E-04 1.103E-03 2.064E-03 1.684E-03 1.059E-03 5.088E-04 5.693E-05 2.182E-05 2.657E-07
  73   4.123 1.148E-02 6.669E-03 3.170E-04 1.081E-03 2.037E-03 1.651E-03 1.022E-03 4.899E-04 5.217E-05 2.001E-05 2.287E-07
  74   4.162 1.125E-02 6.533E-03 3.065E-04 1.061E-03 2.015E-03 1.622E-03 9.883E-04 4.727E-04 4.772E-05 1.833E-05 1.955E-07
  75   4.202 1.092E-02 6.334E-03 2.933E-04 1.032E-03 1.976E-03 1.578E-03 9.438E-04 4.504E-04 4.321E-05 1.661E-05 1.660E-07
  76   4.241 1.068E-02 6.193E-03 2.822E-04 1.012E-03 1.953E-03 1.548E-03 9.096E-04 4.332E-04 3.918E-05 1.509E-05 1.404E-07
  77   4.280 1.032E-02 5.977E-03 2.679E-04 9.796E-04 1.907E-03 1.500E-03 8.632E-04 4.105E-04 3.514E-05 1.356E-05 1.179E-07
  78   4.320 1.002E-02 5.798E-03 2.550E-04 9.528E-04 1.872E-03 1.461E-03 8.232E-04 3.909E-04 3.146E-05 1.217E-05 9.824E-08
  79   4.359 9.664E-03 5.588E-03 2.409E-04 9.209E-04 1.826E-03 1.413E-03 7.783E-04 3.691E-04 2.791E-05 1.082E-05 8.111E-08
  80   4.398 9.289E-03 5.366E-03 2.263E-04 8.873E-04 1.777E-03 1.363E-03 7.315E-04 3.465E-04 2.456E-05 9.540E-06 6.637E-08
  81   4.437 8.945E-03 5.165E-03 2.127E-04 8.567E-04 1.733E-03 1.318E-03 6.889E-04 3.259E-04 2.153E-05 8.378E-06 5.369E-08
  82   4.477 8.503E-03 4.904E-03 1.969E-04 8.166E-04 1.670E-03 1.257E-03 6.369E-04 3.009E-04 1.859E-05 7.251E-06 4.306E-08
  83   4.516 8.167E-03 4.709E-03 1.838E-04 7.868E-04 1.626E-03 1.212E-03 5.961E-04 2.814E-04 1.606E-05 6.277E-06 3.415E-08
  84   4.555 7.721E-03 4.448E-03 1.685E-04 7.463E-04 1.560E-03 1.151E-03 5.458E-04 2.573E-04 1.364E-05 5.341E-06 2.677E-08
  85   4.595 7.349E-03 4.233E-03 1.551E-04 7.130E-04 1.508E-03 1.101E-03 5.032E-04 2.370E-04 1.154E-05 4.529E-06 2.069E-08
  86   4.634 6.928E-03 3.990E-03 1.411E-04 6.751E-04 1.444E-03 1.043E-03 4.579E-04 2.155E-04 9.631E-06 3.786E-06 1.576E-08
  87   4.673 6.505E-03 3.745E-03 1.273E-04 6.366E-04 1.379E-03 9.843E-04 4.130E-04 1.942E-04 7.942E-06 3.128E-06 1.187E-08
  88   4.712 6.118E-03 3.525E-03 1.149E-04 6.018E-04 1.319E-03 9.314E-04 3.732E-04 1.753E-04 6.492E-06 2.562E-06 8.694E-09
  89   4.752 5.648E-03 3.254E-03 1.011E-04 5.586E-04 1.241E-03 8.649E-04 3.277E-04 1.539E-04 5.190E-06 2.052E-06 6.349E-09
  90   4.791 5.292E-03 3.053E-03 9.019E-05 5.265E-04 1.184E-03 8.162E-04 2.931E-04 1.375E-04 4.144E-06 1.642E-06 4.502E-09
  91   4.830 4.839E-03 2.795E-03 7.803E-05 4.847E-04 1.104E-03 7.517E-04 2.530E-04 1.186E-04 3.215E-06 1.276E-06 3.126E-09
  92   4.869 4.469E-03 2.586E-03 6.789E-05 4.508E-04 1.041E-03 7.000E-04 2.204E-04 1.033E-04 2.478E-06 9.852E-07 2.120E-09
  93   4.909 4.062E-03 2.358E-03 5.786E-05 4.133E-04 9.665E-04 6.422E-04 1.878E-04 8.803E-05 1.858E-06 7.401E-07 1.375E-09
  94   4.948 3.666E-03 2.136E-03 4.856E-05 3.765E-04 8.923E-04 5.854E-04 1.574E-04 7.375E-05 1.365E-06 5.448E-07 8.920E-10
  95   4.987 3.310E-03 1.939E-03 4.064E-05 3.435E-04 8.245E-04 5.347E-04 1.320E-04 6.186E-05 9.831E-07 3.930E-07 5.209E-10
  96   5.027 2.893E-03 1.705E-03 3.250E-05 3.039E-04 7.395E-04 4.734E-04 1.051E-04 4.923E-05 6.774E-07 2.712E-07 3.161E-10
  97   5.066 2.587E-03 1.536E-03 2.650E-05 2.753E-04 6.780E-04 4.292E-04 8.603E-05 4.030E-05 4.662E-07 1.870E-07 1.789E-10
  98   5.105 2.207E-03 1.324E-03 2.033E-05 2.387E-04 5.953E-04 3.724E-04 6.575E-05 3.080E-05 2.999E-07 1.205E-07 9.137E-11
  99   5.144 1.912E-03 1.160E-03 1.568E-05 2.102E-04 5.306E-04 3.283E-04 5.077E-05 2.379E-05 1.912E-07 7.698E-08 4.796E-11
 100   5.184 1.596E-03 9.832E-04 1.152E-05 1.791E-04 4.574E-04 2.801E-04 3.732E-05 1.750E-05 1.128E-07 4.549E-08 1.887E-11
 101   5.223 1.306E-03 8.194E-04 8.113E-06 1.501E-04 3.877E-04 2.349E-04 2.619E-05 1.228E-05 6.389E-08 2.579E-08 8.602E-12
 102   5.262 1.062E-03 6.795E-04 5.631E-06 1.250E-04 3.261E-04 1.959E-04 1.828E-05 8.580E-06 3.383E-08 1.369E-08 2.310E-12
 103   5.302 7.863E-04 5.180E-04 3.429E-06 9.579E-05 2.523E-04 1.502E-04 1.104E-05 5.182E-06 1.565E-08 6.334E-09 8.166E-13
 104   5.341 6.133E-04 4.143E-04 2.195E-06 7.688E-05 2.041E-04 1.207E-04 7.112E-06 3.342E-06 7.472E-09 3.030E-09 2.599E-13
 105   5.380 4.052E-04 2.835E-04 1.140E-06 5.278E-05 1.412E-04 8.294E-05 3.698E-06 1.739E-06 2.711E-09 1.101E-09 4.592E-14
 106   5.419 2.736E-04 1.978E-04 5.992E-07 3.693E-05 9.937E-05 5.809E-05 1.940E-06 9.132E-07 1.026E-09 4.174E-10 1.045E-14
 107   5.459 1.554E-04 1.164E-04 2.534E-07 2.178E-05 5.888E-05 3.429E-05 8.343E-07 3.933E-07 2.832E-10 1.155E-10 0.000E+00
 108   5.498 6.649E-05 5.183E-05 7.867E-08 9.710E-06 2.636E-05 1.530E-05 2.562E-07 1.208E-07 5.246E-11 2.137E-11 0.000E+00
 109   5.537 3.290E-05 2.660E-05 2.821E-08 4.988E-06 1.358E-05 7.871E-06 9.239E-08 4.363E-08 9.217E-12 3.768E-12 0.000E+00
 110   5.577 6.342E-06 5.339E-06 3.188E-09 1.002E-06 2.735E-06 1.583E-06 1.102E-08 5.223E-09 4.478E-13 1.834E-13 0.000E+00

 Isospin factors to reduce emission for multiple emission for Z= 54 N= 83 (137Xe)

 gamma     1.00000
 neutron   1.00000
 proton    1.00000
 deuteron  1.00000
 triton    1.00000
 helium-3  1.00000
 alpha     1.00000

 Population of each bin of Z= 54 N= 83 (137Xe) before its decay

 bin    Ex      Pop     P Pop per P  J= 0.5    J= 1.5    J= 2.5    J= 3.5    J= 4.5    J= 5.5    J= 6.5    J= 7.5    J= 8.5  

 110   5.577 6.342E-06 -1 1.002E-06 5.005E-08 1.941E-07 2.714E-07 3.207E-07 1.659E-07 1.335E-10 5.866E-11 0.000E+00 0.000E+00
 110   5.577 6.342E-06  1 5.339E-06 3.188E-09 1.002E-06 2.735E-06 1.583E-06 1.102E-08 5.223E-09 4.478E-13 1.834E-13 0.000E+00
 0.5  -1 5.005E-08 8.962E-12 5.004E-08 0.000E+00 0.000E+00 0.000E+00 0.000E+00 0.000E+00
 1.5  -1 1.941E-07 6.108E-11 1.940E-07 0.000E+00 0.000E+00 0.000E+00 0.000E+00 0.000E+00
 2.5  -1 2.714E-07 3.207E-10 2.711E-07 0.000E+00 0.000E+00 0.000E+00 0.000E+00 0.000E+00
 3.5  -1 3.207E-07 3.875E-10 3.203E-07 0.000E+00 0.000E+00 0.000E+00 0.000E+00 0.000E+00
 4.5  -1 1.659E-07 4.442E-08 1.215E-07 0.000E+00 0.000E+00 0.000E+00 0.000E+00 0.000E+00
 1.5   1 1.002E-06 1.806E-10 1.002E-06 0.000E+00 0.000E+00 0.000E+00 0.000E+00 0.000E+00
 2.5   1 2.735E-06 6.321E-10 2.735E-06 0.000E+00 0.000E+00 0.000E+00 0.000E+00 0.000E+00
 3.5   1 1.583E-06 1.029E-08 1.573E-06 0.000E+00 0.000E+00 0.000E+00 0.000E+00 0.000E+00
 4.5   1 1.102E-08 6.568E-11 1.096E-08 0.000E+00 0.000E+00 0.000E+00 0.000E+00 0.000E+00
 109   5.537 3.290E-05 -1 6.295E-06 3.207E-07 1.240E-06 1.710E-06 1.993E-06 1.029E-06 1.620E-09 7.091E-10 0.000E+00 0.000E+00
 109   5.537 3.290E-05  1 2.660E-05 2.821E-08 4.988E-06 1.358E-05 7.871E-06 9.239E-08 4.363E-08 9.217E-12 3.768E-12 0.000E+00
 0.5  -1 3.207E-07 5.562E-11 3.206E-07 0.000E+00 0.000E+00 0.000E+00 0.000E+00 0.000E+00
 1.5  -1 1.240E-06 3.776E-10 1.240E-06 0.000E+00 0.000E+00 0.000E+00 0.000E+00 0.000E+00
 2.5  -1 1.710E-06 2.137E-09 1.708E-06 0.000E+00 0.000E+00 0.000E+00 0.000E+00 0.000E+00
 3.5  -1 1.993E-06 2.542E-09 1.991E-06 0.000E+00 0.000E+00 0.000E+00 0.000E+00 0.000E+00
 4.5  -1 1.029E-06 3.338E-07 6.948E-07 0.000E+00 0.000E+00 0.000E+00 0.000E+00 0.000E+00
 0.5   1 2.821E-08 4.396E-12 2.820E-08 0.000E+00 0.000E+00 0.000E+00 0.000E+00 0.000E+00
 1.5   1 4.988E-06 8.789E-10 4.987E-06 0.000E+00 0.000E+00 0.000E+00 0.000E+00 0.000E+00
 2.5   1 1.358E-05 3.070E-09 1.358E-05 0.000E+00 0.000E+00 0.000E+00 0.000E+00 0.000E+00
 3.5   1 7.871E-06 5.924E-08 7.812E-06 0.000E+00 0.000E+00 0.000E+00 0.000E+00 0.000E+00
 4.5   1 9.239E-08 6.373E-10 9.175E-08 0.000E+00 0.000E+00 0.000E+00 0.000E+00 0.000E+00
 5.5   1 4.363E-08 3.998E-08 3.646E-09 0.000E+00 0.000E+00 0.000E+00 0.000E+00 0.000E+00
 108   5.498 6.649E-05 -1 1.466E-05 7.503E-07 2.899E-06 3.986E-06 4.631E-06 2.388E-06 5.666E-09 2.476E-09 1.749E-13 6.671E-14
 108   5.498 6.649E-05  1 5.183E-05 7.867E-08 9.710E-06 2.636E-05 1.530E-05 2.562E-07 1.208E-07 5.246E-11 2.137E-11 0.000E+00
 0.5  -1 7.503E-07 1.267E-10 7.501E-07 0.000E+00 0.000E+00 0.000E+00 0.000E+00 0.000E+00
 1.5  -1 2.899E-06 8.584E-10 2.898E-06 0.000E+00 0.000E+00 0.000E+00 0.000E+00 0.000E+00
 2.5  -1 3.986E-06 5.434E-09 3.980E-06 0.000E+00 0.000E+00 0.000E+00 0.000E+00 0.000E+00
 3.5  -1 4.631E-06 6.431E-09 4.625E-06 0.000E+00 0.000E+00 0.000E+00 0.000E+00 0.000E+00
 4.5  -1 2.388E-06 8.943E-07 1.494E-06 0.000E+00 0.000E+00 0.000E+00 0.000E+00 0.000E+00
 0.5   1 7.867E-08 1.157E-11 7.866E-08 0.000E+00 0.000E+00 0.000E+00 0.000E+00 0.000E+00
 1.5   1 9.710E-06 1.675E-09 9.708E-06 0.000E+00 0.000E+00 0.000E+00 0.000E+00 0.000E+00
 2.5   1 2.636E-05 5.841E-09 2.635E-05 0.000E+00 0.000E+00 0.000E+00 0.000E+00 0.000E+00
 3.5   1 1.530E-05 1.326E-07 1.517E-05 0.000E+00 0.000E+00 0.000E+00 0.000E+00 0.000E+00
 4.5   1 2.562E-07 2.034E-09 2.542E-07 0.000E+00 0.000E+00 0.000E+00 0.000E+00 0.000E+00
 5.5   1 1.208E-07 1.114E-07 9.397E-09 0.000E+00 0.000E+00 0.000E+00 0.000E+00 0.000E+00
 107   5.459 1.554E-04 -1 3.898E-05 1.987E-06 7.675E-06 1.059E-05 1.234E-05 6.363E-06 2.354E-08 1.028E-08 1.182E-12 4.521E-13
 107   5.459 1.554E-04  1 1.164E-04 2.534E-07 2.178E-05 5.888E-05 3.429E-05 8.343E-07 3.933E-07 2.833E-10 1.155E-10 0.000E+00
 0.5  -1 1.987E-06 3.277E-10 1.987E-06 0.000E+00 0.000E+00 0.000E+00 0.000E+00 0.000E+00
 1.5  -1 7.675E-06 2.216E-09 7.673E-06 0.000E+00 0.000E+00 0.000E+00 0.000E+00 0.000E+00
 2.5  -1 1.059E-05 1.624E-08 1.057E-05 0.000E+00 0.000E+00 0.000E+00 0.000E+00 0.000E+00
 3.5  -1 1.234E-05 1.925E-08 1.232E-05 0.000E+00 0.000E+00 0.000E+00 0.000E+00 0.000E+00
 4.5  -1 6.363E-06 2.723E-06 3.640E-06 0.000E+00 0.000E+00 0.000E+00 0.000E+00 0.000E+00
 5.5  -1 2.354E-08 8.799E-09 1.474E-08 0.000E+00 0.000E+00 0.000E+00 0.000E+00 0.000E+00
 0.5   1 2.534E-07 3.516E-11 2.534E-07 0.000E+00 0.000E+00 0.000E+00 0.000E+00 0.000E+00
 1.5   1 2.178E-05 3.735E-09 2.177E-05 0.000E+00 0.000E+00 0.000E+00 0.000E+00 0.000E+00
 2.5   1 5.888E-05 1.298E-08 5.887E-05 0.000E+00 0.000E+00 0.000E+00 0.000E+00 0.000E+00
 3.5   1 3.429E-05 3.425E-07 3.395E-05 0.000E+00 0.000E+00 0.000E+00 0.000E+00 0.000E+00
 4.5   1 8.343E-07 7.629E-09 8.266E-07 0.000E+00 0.000E+00 0.000E+00 0.000E+00 0.000E+00
 5.5   1 3.933E-07 3.650E-07 2.831E-08 0.000E+00 0.000E+00 0.000E+00 0.000E+00 0.000E+00
 106   5.419 2.736E-04 -1 7.574E-05 3.881E-06 1.497E-05 2.058E-05 2.390E-05 1.232E-05 6.696E-08 2.919E-08 6.391E-12 2.439E-12
 106   5.419 2.736E-04  1 1.978E-04 5.992E-07 3.693E-05 9.937E-05 5.809E-05 1.940E-06 9.132E-07 1.026E-09 4.174E-10 1.045E-14
 0.5  -1 3.881E-06 6.279E-10 3.881E-06 0.000E+00 0.000E+00 0.000E+00 0.000E+00 0.000E+00
 1.5  -1 1.497E-05 4.233E-09 1.497E-05 0.000E+00 0.000E+00 0.000E+00 0.000E+00 0.000E+00
 2.5  -1 2.058E-05 3.750E-08 2.054E-05 0.000E+00 0.000E+00 0.000E+00 0.000E+00 0.000E+00
 3.5  -1 2.390E-05 4.419E-08 2.385E-05 0.000E+00 0.000E+00 0.000E+00 0.000E+00 0.000E+00
 4.5  -1 1.232E-05 5.785E-06 6.535E-06 0.000E+00 0.000E+00 0.000E+00 0.000E+00 0.000E+00
 5.5  -1 6.696E-08 2.768E-08 3.928E-08 0.000E+00 0.000E+00 0.000E+00 0.000E+00 0.000E+00
 6.5  -1 2.919E-08 2.919E-08 0.000E+00 0.000E+00 0.000E+00 0.000E+00 0.000E+00 0.000E+00
 0.5   1 5.992E-07 7.834E-11 5.991E-07 0.000E+00 0.000E+00 0.000E+00 0.000E+00 0.000E+00
 1.5   1 3.693E-05 6.374E-09 3.693E-05 0.000E+00 0.000E+00 0.000E+00 0.000E+00 0.000E+00
 2.5   1 9.937E-05 2.207E-08 9.935E-05 0.000E+00 0.000E+00 0.000E+00 0.000E+00 0.000E+00
 3.5   1 5.809E-05 6.588E-07 5.743E-05 0.000E+00 0.000E+00 0.000E+00 0.000E+00 0.000E+00
 4.5   1 1.940E-06 2.014E-08 1.920E-06 0.000E+00 0.000E+00 0.000E+00 0.000E+00 0.000E+00
 5.5   1 9.132E-07 8.528E-07 6.047E-08 0.000E+00 0.000E+00 0.000E+00 0.000E+00 0.000E+00
 105   5.380 4.052E-04 -1 1.217E-04 6.244E-06 2.405E-05 3.304E-05 3.834E-05 1.977E-05 1.507E-07 6.560E-08 2.023E-11 7.704E-12
 105   5.380 4.052E-04  1 2.835E-04 1.140E-06 5.278E-05 1.412E-04 8.294E-05 3.698E-06 1.739E-06 2.711E-09 1.101E-09 4.592E-14
 0.5  -1 6.244E-06 9.908E-10 6.243E-06 0.000E+00 0.000E+00 0.000E+00 0.000E+00 0.000E+00
 1.5  -1 2.405E-05 6.661E-09 2.404E-05 0.000E+00 0.000E+00 0.000E+00 0.000E+00 0.000E+00
 2.5  -1 3.304E-05 7.593E-08 3.296E-05 0.000E+00 0.000E+00 0.000E+00 0.000E+00 0.000E+00
 3.5  -1 3.834E-05 8.924E-08 3.825E-05 0.000E+00 0.000E+00 0.000E+00 0.000E+00 0.000E+00
 4.5  -1 1.977E-05 9.846E-06 9.925E-06 0.000E+00 0.000E+00 0.000E+00 0.000E+00 0.000E+00
 5.5  -1 1.507E-07 6.640E-08 8.428E-08 0.000E+00 0.000E+00 0.000E+00 0.000E+00 0.000E+00
 6.5  -1 6.560E-08 6.560E-08 0.000E+00 0.000E+00 0.000E+00 0.000E+00 0.000E+00 0.000E+00
 0.5   1 1.140E-06 1.403E-10 1.140E-06 0.000E+00 0.000E+00 0.000E+00 0.000E+00 0.000E+00
 1.5   1 5.278E-05 9.467E-09 5.277E-05 0.000E+00 0.000E+00 0.000E+00 0.000E+00 0.000E+00
 2.5   1 1.412E-04 3.262E-08 1.412E-04 0.000E+00 0.000E+00 0.000E+00 0.000E+00 0.000E+00
 3.5   1 8.294E-05 1.042E-06 8.189E-05 0.000E+00 0.000E+00 0.000E+00 0.000E+00 0.000E+00
 4.5   1 3.698E-06 4.249E-08 3.656E-06 0.000E+00 0.000E+00 0.000E+00 0.000E+00 0.000E+00
 5.5   1 1.739E-06 1.633E-06 1.058E-07 0.000E+00 0.000E+00 0.000E+00 0.000E+00 0.000E+00
 104   5.341 6.133E-04 -1 1.989E-04 1.023E-05 3.932E-05 5.399E-05 6.259E-05 3.230E-05 3.456E-07 1.503E-07 7.191E-11 2.730E-11
 104   5.341 6.133E-04  1 4.143E-04 2.195E-06 7.688E-05 2.041E-04 1.207E-04 7.112E-06 3.342E-06 7.472E-09 3.030E-09 2.599E-13
 0.5  -1 1.023E-05 1.571E-09 1.023E-05 0.000E+00 0.000E+00 0.000E+00 0.000E+00 0.000E+00
 1.5  -1 3.932E-05 1.053E-08 3.931E-05 0.000E+00 0.000E+00 0.000E+00 0.000E+00 0.000E+00
 2.5  -1 5.399E-05 1.539E-07 5.383E-05 0.000E+00 0.000E+00 0.000E+00 0.000E+00 0.000E+00
 3.5  -1 6.259E-05 1.804E-07 6.241E-05 0.000E+00 0.000E+00 0.000E+00 0.000E+00 0.000E+00
 4.5  -1 3.230E-05 1.666E-05 1.564E-05 0.000E+00 0.000E+00 0.000E+00 0.000E+00 0.000E+00
 5.5  -1 3.456E-07 1.582E-07 1.874E-07 0.000E+00 0.000E+00 0.000E+00 0.000E+00 0.000E+00
 6.5  -1 1.503E-07 1.503E-07 0.000E+00 0.000E+00 0.000E+00 0.000E+00 0.000E+00 0.000E+00
 0.5   1 2.195E-06 2.543E-10 2.195E-06 0.000E+00 0.000E+00 0.000E+00 0.000E+00 0.000E+00
 1.5   1 7.688E-05 1.629E-08 7.686E-05 0.000E+00 0.000E+00 0.000E+00 0.000E+00 0.000E+00
 2.5   1 2.041E-04 5.579E-08 2.041E-04 0.000E+00 0.000E+00 0.000E+00 0.000E+00 0.000E+00
 3.5   1 1.207E-04 1.637E-06 1.190E-04 0.000E+00 0.000E+00 0.000E+00 0.000E+00 0.000E+00
 4.5   1 7.112E-06 8.818E-08 7.024E-06 0.000E+00 0.000E+00 0.000E+00 0.000E+00 0.000E+00
 5.5   1 3.342E-06 3.157E-06 1.850E-07 0.000E+00 0.000E+00 0.000E+00 0.000E+00 0.000E+00
 103   5.302 7.863E-04 -1 2.684E-04 1.384E-05 5.308E-05 7.279E-05 8.425E-05 4.350E-05 6.151E-07 2.670E-07 1.837E-10 6.965E-11
 103   5.302 7.863E-04  1 5.180E-04 3.429E-06 9.579E-05 2.523E-04 1.502E-04 1.104E-05 5.182E-06 1.565E-08 6.334E-09 8.166E-13
 0.5  -1 1.384E-05 2.001E-09 1.384E-05 0.000E+00 0.000E+00 0.000E+00 0.000E+00 0.000E+00
 1.5  -1 5.308E-05 1.336E-08 5.307E-05 0.000E+00 0.000E+00 0.000E+00 0.000E+00 0.000E+00
 2.5  -1 7.279E-05 2.118E-07 7.258E-05 0.000E+00 0.000E+00 0.000E+00 0.000E+00 0.000E+00
 3.5  -1 8.425E-05 2.473E-07 8.401E-05 0.000E+00 0.000E+00 0.000E+00 0.000E+00 0.000E+00
 4.5  -1 4.350E-05 2.324E-05 2.026E-05 0.000E+00 0.000E+00 0.000E+00 0.000E+00 0.000E+00
 5.5  -1 6.151E-07 2.925E-07 3.226E-07 0.000E+00 0.000E+00 0.000E+00 0.000E+00 0.000E+00
 6.5  -1 2.670E-07 2.670E-07 0.000E+00 0.000E+00 0.000E+00 0.000E+00 0.000E+00 0.000E+00
 0.5   1 3.429E-06 3.738E-10 3.428E-06 0.000E+00 0.000E+00 0.000E+00 0.000E+00 0.000E+00
 1.5   1 9.579E-05 2.188E-08 9.576E-05 0.000E+00 0.000E+00 0.000E+00 0.000E+00 0.000E+00
 2.5   1 2.523E-04 7.442E-08 2.523E-04 0.000E+00 0.000E+00 0.000E+00 0.000E+00 0.000E+00
 3.5   1 1.502E-04 2.179E-06 1.480E-04 0.000E+00 0.000E+00 0.000E+00 0.000E+00 0.000E+00
 4.5   1 1.104E-05 1.464E-07 1.089E-05 0.000E+00 0.000E+00 0.000E+00 0.000E+00 0.000E+00
 5.5   1 5.182E-06 4.921E-06 2.604E-07 0.000E+00 0.000E+00 0.000E+00 0.000E+00 0.000E+00
 6.5   1 1.565E-08 1.462E-08 1.028E-09 0.000E+00 0.000E+00 0.000E+00 0.000E+00 0.000E+00
 102   5.262 1.062E-03 -1 3.821E-04 1.972E-05 7.545E-05 1.035E-04 1.198E-04 6.195E-05 1.163E-06 5.043E-07 4.604E-10 1.747E-10
 102   5.262 1.062E-03  1 6.795E-04 5.631E-06 1.250E-04 3.261E-04 1.959E-04 1.828E-05 8.581E-06 3.383E-08 1.369E-08 2.310E-12
 0.5  -1 1.972E-05 2.677E-09 1.972E-05 0.000E+00 0.000E+00 0.000E+00 0.000E+00 0.000E+00
 1.5  -1 7.545E-05 1.780E-08 7.544E-05 0.000E+00 0.000E+00 0.000E+00 0.000E+00 0.000E+00
 2.5  -1 1.035E-04 3.006E-07 1.032E-04 0.000E+00 0.000E+00 0.000E+00 0.000E+00 0.000E+00
 3.5  -1 1.198E-04 3.502E-07 1.194E-04 0.000E+00 0.000E+00 0.000E+00 0.000E+00 0.000E+00
 4.5  -1 6.195E-05 3.433E-05 2.763E-05 0.000E+00 0.000E+00 0.000E+00 0.000E+00 0.000E+00
 5.5  -1 1.163E-06 5.752E-07 5.875E-07 0.000E+00 0.000E+00 0.000E+00 0.000E+00 0.000E+00
 6.5  -1 5.043E-07 5.043E-07 0.000E+00 0.000E+00 0.000E+00 0.000E+00 0.000E+00 0.000E+00
 0.5   1 5.631E-06 5.779E-10 5.631E-06 0.000E+00 0.000E+00 0.000E+00 0.000E+00 0.000E+00
 1.5   1 1.250E-04 2.785E-08 1.250E-04 0.000E+00 0.000E+00 0.000E+00 0.000E+00 0.000E+00
 2.5   1 3.261E-04 9.395E-08 3.260E-04 0.000E+00 0.000E+00 0.000E+00 0.000E+00 0.000E+00
 3.5   1 1.959E-04 3.055E-06 1.928E-04 0.000E+00 0.000E+00 0.000E+00 0.000E+00 0.000E+00
 4.5   1 1.828E-05 2.605E-07 1.802E-05 0.000E+00 0.000E+00 0.000E+00 0.000E+00 0.000E+00
 5.5   1 8.581E-06 8.192E-06 3.888E-07 0.000E+00 0.000E+00 0.000E+00 0.000E+00 0.000E+00
 6.5   1 3.383E-08 3.183E-08 2.008E-09 0.000E+00 0.000E+00 0.000E+00 0.000E+00 0.000E+00
 7.5   1 1.369E-08 1.369E-08 0.000E+00 0.000E+00 0.000E+00 0.000E+00 0.000E+00 0.000E+00
 101   5.223 1.306E-03 -1 4.867E-04 2.518E-05 9.608E-05 1.317E-04 1.522E-04 7.886E-05 1.888E-06 8.177E-07 1.095E-09 4.140E-10
 101   5.223 1.306E-03  1 8.194E-04 8.113E-06 1.501E-04 3.877E-04 2.349E-04 2.619E-05 1.228E-05 6.390E-08 2.580E-08 8.603E-12
 0.5  -1 2.518E-05 3.213E-09 2.518E-05 0.000E+00 0.000E+00 0.000E+00 0.000E+00 0.000E+00
 1.5  -1 9.608E-05 2.126E-08 9.606E-05 0.000E+00 0.000E+00 0.000E+00 0.000E+00 0.000E+00
 2.5  -1 1.317E-04 3.829E-07 1.313E-04 0.000E+00 0.000E+00 0.000E+00 0.000E+00 0.000E+00
 3.5  -1 1.522E-04 4.445E-07 1.518E-04 0.000E+00 0.000E+00 0.000E+00 0.000E+00 0.000E+00
 4.5  -1 7.886E-05 4.537E-05 3.349E-05 0.000E+00 0.000E+00 0.000E+00 0.000E+00 0.000E+00
 5.5  -1 1.888E-06 9.736E-07 9.145E-07 0.000E+00 0.000E+00 0.000E+00 0.000E+00 0.000E+00
 6.5  -1 8.177E-07 8.177E-07 0.000E+00 0.000E+00 0.000E+00 0.000E+00 0.000E+00 0.000E+00
 0.5   1 8.113E-06 7.840E-10 8.112E-06 0.000E+00 0.000E+00 0.000E+00 0.000E+00 0.000E+00
 1.5   1 1.501E-04 3.273E-08 1.501E-04 0.000E+00 0.000E+00 0.000E+00 0.000E+00 0.000E+00
 2.5   1 3.877E-04 1.095E-07 3.876E-04 0.000E+00 0.000E+00 0.000E+00 0.000E+00 0.000E+00
 3.5   1 2.349E-04 3.960E-06 2.309E-04 0.000E+00 0.000E+00 0.000E+00 0.000E+00 0.000E+00
 4.5   1 2.619E-05 4.033E-07 2.579E-05 0.000E+00 0.000E+00 0.000E+00 0.000E+00 0.000E+00
 5.5   1 1.228E-05 1.179E-05 4.970E-07 0.000E+00 0.000E+00 0.000E+00 0.000E+00 0.000E+00
 6.5   1 6.390E-08 6.051E-08 3.395E-09 0.000E+00 0.000E+00 0.000E+00 0.000E+00 0.000E+00
 7.5   1 2.580E-08 2.580E-08 0.000E+00 0.000E+00 0.000E+00 0.000E+00 0.000E+00 0.000E+00
 100   5.184 1.596E-03 -1 6.126E-04 3.175E-05 1.207E-04 1.654E-04 1.912E-04 9.926E-05 2.982E-06 1.290E-06 2.139E-09 8.079E-10
 100   5.184 1.596E-03  1 9.832E-04 1.152E-05 1.791E-04 4.574E-04 2.801E-04 3.732E-05 1.750E-05 1.129E-07 4.550E-08 1.887E-11
 0.5  -1 3.175E-05 3.809E-09 3.175E-05 0.000E+00 0.000E+00 0.000E+00 0.000E+00 0.000E+00
 1.5  -1 1.207E-04 2.508E-08 1.207E-04 0.000E+00 0.000E+00 0.000E+00 0.000E+00 0.000E+00
 2.5  -1 1.654E-04 4.835E-07 1.649E-04 0.000E+00 0.000E+00 0.000E+00 0.000E+00 0.000E+00
 3.5  -1 1.912E-04 5.598E-07 1.906E-04 0.000E+00 0.000E+00 0.000E+00 0.000E+00 0.000E+00
 4.5  -1 9.926E-05 5.924E-05 4.003E-05 0.000E+00 0.000E+00 0.000E+00 0.000E+00 0.000E+00
 5.5  -1 2.982E-06 1.601E-06 1.381E-06 0.000E+00 0.000E+00 0.000E+00 0.000E+00 0.000E+00
 6.5  -1 1.290E-06 1.290E-06 0.000E+00 0.000E+00 0.000E+00 0.000E+00 0.000E+00 0.000E+00
 0.5   1 1.152E-05 1.048E-09 1.152E-05 0.000E+00 0.000E+00 0.000E+00 0.000E+00 0.000E+00
 1.5   1 1.791E-04 3.837E-08 1.791E-04 0.000E+00 0.000E+00 0.000E+00 0.000E+00 0.000E+00
 2.5   1 4.574E-04 1.271E-07 4.573E-04 0.000E+00 0.000E+00 0.000E+00 0.000E+00 0.000E+00
 3.5   1 2.801E-04 5.114E-06 2.750E-04 0.000E+00 0.000E+00 0.000E+00 0.000E+00 0.000E+00
 4.5   1 3.732E-05 6.222E-07 3.670E-05 0.000E+00 0.000E+00 0.000E+00 0.000E+00 0.000E+00
 5.5   1 1.750E-05 1.687E-05 6.321E-07 0.000E+00 0.000E+00 0.000E+00 0.000E+00 0.000E+00
 6.5   1 1.129E-07 1.075E-07 5.367E-09 0.000E+00 0.000E+00 0.000E+00 0.000E+00 0.000E+00
 7.5   1 4.550E-08 4.550E-08 0.000E+00 0.000E+00 0.000E+00 0.000E+00 0.000E+00 0.000E+00
  99   5.144 1.912E-03 -1 7.519E-04 3.905E-05 1.479E-04 2.026E-04 2.340E-04 1.218E-04 4.506E-06 1.947E-06 4.153E-09 1.565E-09
  99   5.144 1.912E-03  1 1.160E-03 1.568E-05 2.102E-04 5.306E-04 3.283E-04 5.077E-05 2.379E-05 1.913E-07 7.699E-08 4.797E-11
 0.5  -1 3.905E-05 4.409E-09 3.905E-05 0.000E+00 0.000E+00 0.000E+00 0.000E+00 0.000E+00
 1.5  -1 1.479E-04 2.887E-08 1.479E-04 0.000E+00 0.000E+00 0.000E+00 0.000E+00 0.000E+00
 2.5  -1 2.026E-04 5.974E-07 2.020E-04 0.000E+00 0.000E+00 0.000E+00 0.000E+00 0.000E+00
 3.5  -1 2.340E-04 6.895E-07 2.333E-04 0.000E+00 0.000E+00 0.000E+00 0.000E+00 0.000E+00
 4.5  -1 1.218E-04 7.554E-05 4.629E-05 0.000E+00 0.000E+00 0.000E+00 0.000E+00 0.000E+00
 5.5  -1 4.506E-06 2.525E-06 1.980E-06 0.000E+00 0.000E+00 0.000E+00 0.000E+00 0.000E+00
 6.5  -1 1.947E-06 1.947E-06 0.000E+00 0.000E+00 0.000E+00 0.000E+00 0.000E+00 0.000E+00
 0.5   1 1.568E-05 1.345E-09 1.568E-05 0.000E+00 0.000E+00 0.000E+00 0.000E+00 0.000E+00
 1.5   1 2.102E-04 4.439E-08 2.101E-04 0.000E+00 0.000E+00 0.000E+00 0.000E+00 0.000E+00
 2.5   1 5.306E-04 1.456E-07 5.305E-04 0.000E+00 0.000E+00 0.000E+00 0.000E+00 0.000E+00
 3.5   1 3.283E-04 6.541E-06 3.218E-04 0.000E+00 0.000E+00 0.000E+00 0.000E+00 0.000E+00
 4.5   1 5.077E-05 9.234E-07 4.985E-05 0.000E+00 0.000E+00 0.000E+00 0.000E+00 0.000E+00
 5.5   1 2.379E-05 2.304E-05 7.573E-07 0.000E+00 0.000E+00 0.000E+00 0.000E+00 0.000E+00
 6.5   1 1.913E-07 1.833E-07 8.034E-09 0.000E+00 0.000E+00 0.000E+00 0.000E+00 0.000E+00
 7.5   1 7.699E-08 7.699E-08 0.000E+00 0.000E+00 0.000E+00 0.000E+00 0.000E+00 0.000E+00
  98   5.105 2.207E-03 -1 8.831E-04 4.599E-05 1.735E-04 2.375E-04 2.740E-04 1.431E-04 6.353E-06 2.741E-06 7.104E-09 2.672E-09
  98   5.105 2.207E-03  1 1.324E-03 2.033E-05 2.387E-04 5.953E-04 3.724E-04 6.576E-05 3.081E-05 3.000E-07 1.205E-07 9.139E-11
 0.5  -1 4.599E-05 4.889E-09 4.598E-05 0.000E+00 0.000E+00 0.000E+00 0.000E+00 0.000E+00
 1.5  -1 1.735E-04 3.182E-08 1.734E-04 0.000E+00 0.000E+00 0.000E+00 0.000E+00 0.000E+00
 2.5  -1 2.375E-04 7.093E-07 2.368E-04 0.000E+00 0.000E+00 0.000E+00 0.000E+00 0.000E+00
 3.5  -1 2.740E-04 8.159E-07 2.732E-04 0.000E+00 0.000E+00 0.000E+00 0.000E+00 0.000E+00
 4.5  -1 1.431E-04 9.213E-05 5.097E-05 0.000E+00 0.000E+00 0.000E+00 0.000E+00 0.000E+00
 5.5  -1 6.353E-06 3.715E-06 2.638E-06 0.000E+00 0.000E+00 0.000E+00 0.000E+00 0.000E+00
 6.5  -1 2.741E-06 2.741E-06 0.000E+00 0.000E+00 0.000E+00 0.000E+00 0.000E+00 0.000E+00
 0.5   1 2.033E-05 1.644E-09 2.033E-05 0.000E+00 0.000E+00 0.000E+00 0.000E+00 0.000E+00
 1.5   1 2.387E-04 4.989E-08 2.386E-04 0.000E+00 0.000E+00 0.000E+00 0.000E+00 0.000E+00
 2.5   1 5.953E-04 1.620E-07 5.952E-04 0.000E+00 0.000E+00 0.000E+00 0.000E+00 0.000E+00
 3.5   1 3.724E-04 8.126E-06 3.643E-04 0.000E+00 0.000E+00 0.000E+00 0.000E+00 0.000E+00
 4.5   1 6.576E-05 1.310E-06 6.445E-05 0.000E+00 0.000E+00 0.000E+00 0.000E+00 0.000E+00
 5.5   1 3.081E-05 2.995E-05 8.600E-07 0.000E+00 0.000E+00 0.000E+00 0.000E+00 0.000E+00
 6.5   1 3.000E-07 2.890E-07 1.108E-08 0.000E+00 0.000E+00 0.000E+00 0.000E+00 0.000E+00
 7.5   1 1.205E-07 1.205E-07 0.000E+00 0.000E+00 0.000E+00 0.000E+00 0.000E+00 0.000E+00
  97   5.066 2.587E-03 -1 1.051E-03 5.483E-05 2.059E-04 2.819E-04 3.252E-04 1.705E-04 9.023E-06 3.890E-06 1.200E-08 4.506E-09
  97   5.066 2.587E-03  1 1.536E-03 2.650E-05 2.753E-04 6.780E-04 4.292E-04 8.604E-05 4.031E-05 4.665E-07 1.871E-07 1.790E-10
 0.5  -1 5.483E-05 5.495E-09 5.483E-05 0.000E+00 0.000E+00 0.000E+00 0.000E+00 0.000E+00
 1.5  -1 2.059E-04 3.554E-08 2.059E-04 0.000E+00 0.000E+00 0.000E+00 0.000E+00 0.000E+00
 2.5  -1 2.819E-04 8.566E-07 2.810E-04 0.000E+00 0.000E+00 0.000E+00 0.000E+00 0.000E+00
 3.5  -1 3.252E-04 9.825E-07 3.242E-04 0.000E+00 0.000E+00 0.000E+00 0.000E+00 0.000E+00
 4.5  -1 1.705E-04 1.139E-04 5.652E-05 0.000E+00 0.000E+00 0.000E+00 0.000E+00 0.000E+00
 5.5  -1 9.023E-06 5.506E-06 3.517E-06 0.000E+00 0.000E+00 0.000E+00 0.000E+00 0.000E+00
 6.5  -1 3.890E-06 3.890E-06 0.000E+00 0.000E+00 0.000E+00 0.000E+00 0.000E+00 0.000E+00
 7.5  -1 1.200E-08 1.200E-08 0.000E+00 0.000E+00 0.000E+00 0.000E+00 0.000E+00 0.000E+00
 0.5   1 2.650E-05 2.020E-09 2.650E-05 0.000E+00 0.000E+00 0.000E+00 0.000E+00 0.000E+00
 1.5   1 2.753E-04 5.722E-08 2.752E-04 0.000E+00 0.000E+00 0.000E+00 0.000E+00 0.000E+00
 2.5   1 6.780E-04 1.838E-07 6.778E-04 0.000E+00 0.000E+00 0.000E+00 0.000E+00 0.000E+00
 3.5   1 4.292E-04 1.032E-05 4.189E-04 0.000E+00 0.000E+00 0.000E+00 0.000E+00 0.000E+00
 4.5   1 8.604E-05 1.888E-06 8.415E-05 0.000E+00 0.000E+00 0.000E+00 0.000E+00 0.000E+00
 5.5   1 4.031E-05 3.933E-05 9.791E-07 0.000E+00 0.000E+00 0.000E+00 0.000E+00 0.000E+00
 6.5   1 4.665E-07 4.515E-07 1.501E-08 0.000E+00 0.000E+00 0.000E+00 0.000E+00 0.000E+00
 7.5   1 1.871E-07 1.871E-07 0.000E+00 0.000E+00 0.000E+00 0.000E+00 0.000E+00 0.000E+00
  96   5.027 2.893E-03 -1 1.189E-03 6.218E-05 2.324E-04 3.179E-04 3.664E-04 1.927E-04 1.187E-05 5.110E-06 1.897E-08 7.106E-09
  96   5.027 2.893E-03  1 1.705E-03 3.250E-05 3.039E-04 7.395E-04 4.734E-04 1.051E-04 4.924E-05 6.779E-07 2.714E-07 3.163E-10
 0.5  -1 6.218E-05 5.881E-09 6.218E-05 0.000E+00 0.000E+00 0.000E+00 0.000E+00 0.000E+00
 1.5  -1 2.324E-04 3.777E-08 2.323E-04 0.000E+00 0.000E+00 0.000E+00 0.000E+00 0.000E+00
 2.5  -1 3.179E-04 9.874E-07 3.169E-04 0.000E+00 0.000E+00 0.000E+00 0.000E+00 0.000E+00
 3.5  -1 3.664E-04 1.128E-06 3.652E-04 0.000E+00 0.000E+00 0.000E+00 0.000E+00 0.000E+00
 4.5  -1 1.927E-04 1.339E-04 5.886E-05 0.000E+00 0.000E+00 0.000E+00 0.000E+00 0.000E+00
 5.5  -1 1.187E-05 7.572E-06 4.300E-06 0.000E+00 0.000E+00 0.000E+00 0.000E+00 0.000E+00
 6.5  -1 5.110E-06 5.110E-06 0.000E+00 0.000E+00 0.000E+00 0.000E+00 0.000E+00 0.000E+00
 7.5  -1 1.897E-08 1.897E-08 0.000E+00 0.000E+00 0.000E+00 0.000E+00 0.000E+00 0.000E+00
 0.5   1 3.250E-05 2.338E-09 3.250E-05 0.000E+00 0.000E+00 0.000E+00 0.000E+00 0.000E+00
 1.5   1 3.039E-04 6.309E-08 3.039E-04 0.000E+00 0.000E+00 0.000E+00 0.000E+00 0.000E+00
 2.5   1 7.395E-04 2.006E-07 7.393E-04 0.000E+00 0.000E+00 0.000E+00 0.000E+00 0.000E+00
 3.5   1 4.734E-04 1.265E-05 4.607E-04 0.000E+00 0.000E+00 0.000E+00 0.000E+00 0.000E+00
 4.5   1 1.051E-04 2.563E-06 1.025E-04 0.000E+00 0.000E+00 0.000E+00 0.000E+00 0.000E+00
 5.5   1 4.924E-05 4.821E-05 1.024E-06 0.000E+00 0.000E+00 0.000E+00 0.000E+00 0.000E+00
 6.5   1 6.779E-07 6.592E-07 1.871E-08 0.000E+00 0.000E+00 0.000E+00 0.000E+00 0.000E+00
 7.5   1 2.714E-07 2.714E-07 0.000E+00 0.000E+00 0.000E+00 0.000E+00 0.000E+00 0.000E+00
  95   4.987 3.310E-03 -1 1.372E-03 7.190E-05 2.673E-04 3.657E-04 4.213E-04 2.227E-04 1.593E-05 6.850E-06 2.931E-08 1.096E-08
  95   4.987 3.310E-03  1 1.939E-03 4.064E-05 3.435E-04 8.245E-04 5.347E-04 1.321E-04 6.188E-05 9.840E-07 3.933E-07 5.213E-10
 0.5  -1 7.190E-05 6.423E-09 7.189E-05 0.000E+00 0.000E+00 0.000E+00 0.000E+00 0.000E+00
 1.5  -1 2.673E-04 4.095E-08 2.672E-04 0.000E+00 0.000E+00 0.000E+00 0.000E+00 0.000E+00
 2.5  -1 3.657E-04 1.167E-06 3.645E-04 0.000E+00 0.000E+00 0.000E+00 0.000E+00 0.000E+00
 3.5  -1 4.213E-04 1.330E-06 4.200E-04 0.000E+00 0.000E+00 0.000E+00 0.000E+00 0.000E+00
 4.5  -1 2.227E-04 1.603E-04 6.242E-05 0.000E+00 0.000E+00 0.000E+00 0.000E+00 0.000E+00
 5.5  -1 1.593E-05 1.059E-05 5.342E-06 0.000E+00 0.000E+00 0.000E+00 0.000E+00 0.000E+00
 6.5  -1 6.850E-06 6.850E-06 0.000E+00 0.000E+00 0.000E+00 0.000E+00 0.000E+00 0.000E+00
 7.5  -1 2.931E-08 2.931E-08 0.000E+00 0.000E+00 0.000E+00 0.000E+00 0.000E+00 0.000E+00
 0.5   1 4.064E-05 2.759E-09 4.064E-05 0.000E+00 0.000E+00 0.000E+00 0.000E+00 0.000E+00
 1.5   1 3.435E-04 7.160E-08 3.434E-04 0.000E+00 0.000E+00 0.000E+00 0.000E+00 0.000E+00
 2.5   1 8.245E-04 2.251E-07 8.242E-04 0.000E+00 0.000E+00 0.000E+00 0.000E+00 0.000E+00
 3.5   1 5.347E-04 1.589E-05 5.188E-04 0.000E+00 0.000E+00 0.000E+00 0.000E+00 0.000E+00
 4.5   1 1.321E-04 3.583E-06 1.285E-04 0.000E+00 0.000E+00 0.000E+00 0.000E+00 0.000E+00
 5.5   1 6.188E-05 6.078E-05 1.105E-06 0.000E+00 0.000E+00 0.000E+00 0.000E+00 0.000E+00
 6.5   1 9.840E-07 9.606E-07 2.337E-08 0.000E+00 0.000E+00 0.000E+00 0.000E+00 0.000E+00
 7.5   1 3.933E-07 3.933E-07 0.000E+00 0.000E+00 0.000E+00 0.000E+00 0.000E+00 0.000E+00
  94   4.948 3.666E-03 -1 1.530E-03 8.044E-05 2.973E-04 4.067E-04 4.682E-04 2.485E-04 2.026E-05 8.704E-06 4.389E-08 1.637E-08
  94   4.948 3.666E-03  1 2.136E-03 4.856E-05 3.765E-04 8.923E-04 5.855E-04 1.574E-04 7.378E-05 1.367E-06 5.452E-07 8.930E-10
 0.5  -1 8.044E-05 6.798E-09 8.043E-05 0.000E+00 0.000E+00 0.000E+00 0.000E+00 0.000E+00
 1.5  -1 2.973E-04 4.301E-08 2.973E-04 0.000E+00 0.000E+00 0.000E+00 0.000E+00 0.000E+00
 2.5  -1 4.067E-04 1.341E-06 4.053E-04 0.000E+00 0.000E+00 0.000E+00 0.000E+00 0.000E+00
 3.5  -1 4.682E-04 1.522E-06 4.666E-04 0.000E+00 0.000E+00 0.000E+00 0.000E+00 0.000E+00
 4.5  -1 2.485E-04 1.855E-04 6.307E-05 0.000E+00 0.000E+00 0.000E+00 0.000E+00 0.000E+00
 5.5  -1 2.026E-05 1.405E-05 6.212E-06 0.000E+00 0.000E+00 0.000E+00 0.000E+00 0.000E+00
 6.5  -1 8.704E-06 8.704E-06 0.000E+00 0.000E+00 0.000E+00 0.000E+00 0.000E+00 0.000E+00
 7.5  -1 4.389E-08 4.389E-08 0.000E+00 0.000E+00 0.000E+00 0.000E+00 0.000E+00 0.000E+00
 8.5  -1 1.637E-08 1.637E-08 0.000E+00 0.000E+00 0.000E+00 0.000E+00 0.000E+00 0.000E+00
 0.5   1 4.856E-05 3.113E-09 4.855E-05 0.000E+00 0.000E+00 0.000E+00 0.000E+00 0.000E+00
 1.5   1 3.765E-04 7.920E-08 3.764E-04 0.000E+00 0.000E+00 0.000E+00 0.000E+00 0.000E+00
 2.5   1 8.923E-04 2.464E-07 8.921E-04 0.000E+00 0.000E+00 0.000E+00 0.000E+00 0.000E+00
 3.5   1 5.855E-04 1.958E-05 5.659E-04 0.000E+00 0.000E+00 0.000E+00 0.000E+00 0.000E+00
 4.5   1 1.574E-04 4.807E-06 1.526E-04 0.000E+00 0.000E+00 0.000E+00 0.000E+00 0.000E+00
 5.5   1 7.378E-05 7.267E-05 1.108E-06 0.000E+00 0.000E+00 0.000E+00 0.000E+00 0.000E+00
 6.5   1 1.367E-06 1.339E-06 2.735E-08 0.000E+00 0.000E+00 0.000E+00 0.000E+00 0.000E+00
 7.5   1 5.452E-07 5.452E-07 0.000E+00 0.000E+00 0.000E+00 0.000E+00 0.000E+00 0.000E+00
  93   4.909 4.062E-03 -1 1.703E-03 8.977E-05 3.299E-04 4.511E-04 5.191E-04 2.769E-04 2.555E-05 1.096E-05 6.323E-08 2.353E-08
  93   4.909 4.062E-03  1 2.358E-03 5.786E-05 4.133E-04 9.665E-04 6.422E-04 1.879E-04 8.807E-05 1.860E-06 7.408E-07 1.377E-09
 0.5  -1 8.977E-05 7.186E-09 8.977E-05 0.000E+00 0.000E+00 0.000E+00 0.000E+00 0.000E+00
 1.5  -1 3.299E-04 4.510E-08 3.299E-04 0.000E+00 0.000E+00 0.000E+00 0.000E+00 0.000E+00
 2.5  -1 4.511E-04 1.547E-06 4.496E-04 0.000E+00 0.000E+00 0.000E+00 0.000E+00 0.000E+00
 3.5  -1 5.191E-04 1.749E-06 5.173E-04 0.000E+00 0.000E+00 0.000E+00 0.000E+00 0.000E+00
 4.5  -1 2.769E-04 2.139E-04 6.303E-05 0.000E+00 0.000E+00 0.000E+00 0.000E+00 0.000E+00
 5.5  -1 2.555E-05 1.845E-05 7.093E-06 0.000E+00 0.000E+00 0.000E+00 0.000E+00 0.000E+00
 6.5  -1 1.096E-05 1.096E-05 0.000E+00 0.000E+00 0.000E+00 0.000E+00 0.000E+00 0.000E+00
 7.5  -1 6.323E-08 6.323E-08 0.000E+00 0.000E+00 0.000E+00 0.000E+00 0.000E+00 0.000E+00
 8.5  -1 2.353E-08 2.353E-08 0.000E+00 0.000E+00 0.000E+00 0.000E+00 0.000E+00 0.000E+00
 0.5   1 5.786E-05 3.505E-09 5.786E-05 0.000E+00 0.000E+00 0.000E+00 0.000E+00 0.000E+00
 1.5   1 4.133E-04 8.826E-08 4.132E-04 0.000E+00 0.000E+00 0.000E+00 0.000E+00 0.000E+00
 2.5   1 9.665E-04 2.715E-07 9.662E-04 0.000E+00 0.000E+00 0.000E+00 0.000E+00 0.000E+00
 3.5   1 6.422E-04 2.431E-05 6.179E-04 0.000E+00 0.000E+00 0.000E+00 0.000E+00 0.000E+00
 4.5   1 1.879E-04 6.494E-06 1.814E-04 0.000E+00 0.000E+00 0.000E+00 0.000E+00 0.000E+00
 5.5   1 8.807E-05 8.807E-05 0.000E+00 0.000E+00 0.000E+00 0.000E+00 0.000E+00 0.000E+00
 6.5   1 1.860E-06 1.860E-06 0.000E+00 0.000E+00 0.000E+00 0.000E+00 0.000E+00 0.000E+00
 7.5   1 7.408E-07 7.408E-07 0.000E+00 0.000E+00 0.000E+00 0.000E+00 0.000E+00 0.000E+00
  92   4.869 4.469E-03 -1 1.882E-03 9.948E-05 3.633E-04 4.967E-04 5.712E-04 3.064E-04 3.168E-05 1.358E-05 8.936E-08 3.317E-08
  92   4.869 4.469E-03  1 2.587E-03 6.789E-05 4.508E-04 1.041E-03 7.000E-04 2.205E-04 1.034E-04 2.482E-06 9.863E-07 2.124E-09
 0.5  -1 9.948E-05 7.555E-09 9.947E-05 0.000E+00 0.000E+00 0.000E+00 0.000E+00 0.000E+00
 1.5  -1 3.633E-04 4.701E-08 3.633E-04 0.000E+00 0.000E+00 0.000E+00 0.000E+00 0.000E+00
 2.5  -1 4.967E-04 1.782E-06 4.949E-04 0.000E+00 0.000E+00 0.000E+00 0.000E+00 0.000E+00
 3.5  -1 5.712E-04 2.008E-06 5.692E-04 0.000E+00 0.000E+00 0.000E+00 0.000E+00 0.000E+00
 4.5  -1 3.064E-04 2.445E-04 6.189E-05 0.000E+00 0.000E+00 0.000E+00 0.000E+00 0.000E+00
 5.5  -1 3.168E-05 2.379E-05 7.884E-06 0.000E+00 0.000E+00 0.000E+00 0.000E+00 0.000E+00
 6.5  -1 1.358E-05 1.358E-05 0.000E+00 0.000E+00 0.000E+00 0.000E+00 0.000E+00 0.000E+00
 7.5  -1 8.936E-08 8.936E-08 0.000E+00 0.000E+00 0.000E+00 0.000E+00 0.000E+00 0.000E+00
 8.5  -1 3.317E-08 3.317E-08 0.000E+00 0.000E+00 0.000E+00 0.000E+00 0.000E+00 0.000E+00
 0.5   1 6.789E-05 3.888E-09 6.789E-05 0.000E+00 0.000E+00 0.000E+00 0.000E+00 0.000E+00
 1.5   1 4.508E-04 9.834E-08 4.507E-04 0.000E+00 0.000E+00 0.000E+00 0.000E+00 0.000E+00
 2.5   1 1.041E-03 2.994E-07 1.040E-03 0.000E+00 0.000E+00 0.000E+00 0.000E+00 0.000E+00
 3.5   1 7.000E-04 3.018E-05 6.698E-04 0.000E+00 0.000E+00 0.000E+00 0.000E+00 0.000E+00
 4.5   1 2.205E-04 8.685E-06 2.118E-04 0.000E+00 0.000E+00 0.000E+00 0.000E+00 0.000E+00
 5.5   1 1.034E-04 1.034E-04 0.000E+00 0.000E+00 0.000E+00 0.000E+00 0.000E+00 0.000E+00
 6.5   1 2.482E-06 2.482E-06 0.000E+00 0.000E+00 0.000E+00 0.000E+00 0.000E+00 0.000E+00
 7.5   1 9.863E-07 9.863E-07 0.000E+00 0.000E+00 0.000E+00 0.000E+00 0.000E+00 0.000E+00
  91   4.830 4.839E-03 -1 2.044E-03 1.084E-04 3.932E-04 5.374E-04 6.175E-04 3.329E-04 3.814E-05 1.633E-05 1.223E-07 4.527E-08
  91   4.830 4.839E-03  1 2.795E-03 7.803E-05 4.847E-04 1.104E-03 7.518E-04 2.531E-04 1.187E-04 3.221E-06 1.278E-06 3.134E-09
 0.5  -1 1.084E-04 7.821E-09 1.083E-04 0.000E+00 0.000E+00 0.000E+00 0.000E+00 0.000E+00
 1.5  -1 3.932E-04 4.824E-08 3.932E-04 0.000E+00 0.000E+00 0.000E+00 0.000E+00 0.000E+00
 2.5  -1 5.374E-04 2.033E-06 5.354E-04 0.000E+00 0.000E+00 0.000E+00 0.000E+00 0.000E+00
 3.5  -1 6.175E-04 2.282E-06 6.152E-04 0.000E+00 0.000E+00 0.000E+00 0.000E+00 0.000E+00
 4.5  -1 3.329E-04 2.744E-04 5.852E-05 0.000E+00 0.000E+00 0.000E+00 0.000E+00 0.000E+00
 5.5  -1 3.814E-05 2.979E-05 8.347E-06 0.000E+00 0.000E+00 0.000E+00 0.000E+00 0.000E+00
 6.5  -1 1.633E-05 1.633E-05 0.000E+00 0.000E+00 0.000E+00 0.000E+00 0.000E+00 0.000E+00
 7.5  -1 1.223E-07 1.223E-07 0.000E+00 0.000E+00 0.000E+00 0.000E+00 0.000E+00 0.000E+00
 8.5  -1 4.527E-08 4.527E-08 0.000E+00 0.000E+00 0.000E+00 0.000E+00 0.000E+00 0.000E+00
 0.5   1 7.803E-05 4.226E-09 7.802E-05 0.000E+00 0.000E+00 0.000E+00 0.000E+00 0.000E+00
 1.5   1 4.847E-04 1.086E-07 4.845E-04 0.000E+00 0.000E+00 0.000E+00 0.000E+00 0.000E+00
 2.5   1 1.104E-03 3.274E-07 1.104E-03 0.000E+00 0.000E+00 0.000E+00 0.000E+00 0.000E+00
 3.5   1 7.518E-04 3.742E-05 7.144E-04 0.000E+00 0.000E+00 0.000E+00 0.000E+00 0.000E+00
 4.5   1 2.531E-04 1.152E-05 2.416E-04 0.000E+00 0.000E+00 0.000E+00 0.000E+00 0.000E+00
 5.5   1 1.187E-04 1.187E-04 0.000E+00 0.000E+00 0.000E+00 0.000E+00 0.000E+00 0.000E+00
 6.5   1 3.221E-06 3.221E-06 0.000E+00 0.000E+00 0.000E+00 0.000E+00 0.000E+00 0.000E+00
 7.5   1 1.278E-06 1.278E-06 0.000E+00 0.000E+00 0.000E+00 0.000E+00 0.000E+00 0.000E+00
  90   4.791 5.293E-03 -1 2.239E-03 1.190E-04 4.290E-04 5.864E-04 6.735E-04 3.653E-04 4.618E-05 1.975E-05 1.653E-07 6.105E-08
  90   4.791 5.293E-03  1 3.054E-03 9.019E-05 5.265E-04 1.184E-03 8.163E-04 2.932E-04 1.376E-04 4.153E-06 1.644E-06 4.515E-09
 0.5  -1 1.190E-04 8.179E-09 1.190E-04 0.000E+00 0.000E+00 0.000E+00 0.000E+00 0.000E+00
 1.5  -1 4.290E-04 5.000E-08 4.290E-04 0.000E+00 0.000E+00 0.000E+00 0.000E+00 0.000E+00
 2.5  -1 5.864E-04 2.357E-06 5.840E-04 0.000E+00 0.000E+00 0.000E+00 0.000E+00 0.000E+00
 3.5  -1 6.735E-04 2.636E-06 6.708E-04 0.000E+00 0.000E+00 0.000E+00 0.000E+00 0.000E+00
 4.5  -1 3.653E-04 3.096E-04 5.565E-05 0.000E+00 0.000E+00 0.000E+00 0.000E+00 0.000E+00
 5.5  -1 4.618E-05 3.733E-05 8.848E-06 0.000E+00 0.000E+00 0.000E+00 0.000E+00 0.000E+00
 6.5  -1 1.975E-05 1.975E-05 0.000E+00 0.000E+00 0.000E+00 0.000E+00 0.000E+00 0.000E+00
 7.5  -1 1.653E-07 1.653E-07 0.000E+00 0.000E+00 0.000E+00 0.000E+00 0.000E+00 0.000E+00
 8.5  -1 6.105E-08 6.105E-08 0.000E+00 0.000E+00 0.000E+00 0.000E+00 0.000E+00 0.000E+00
 0.5   1 9.019E-05 4.624E-09 9.019E-05 0.000E+00 0.000E+00 0.000E+00 0.000E+00 0.000E+00
 1.5   1 5.265E-04 1.223E-07 5.263E-04 0.000E+00 0.000E+00 0.000E+00 0.000E+00 0.000E+00
 2.5   1 1.184E-03 3.647E-07 1.184E-03 0.000E+00 0.000E+00 0.000E+00 0.000E+00 0.000E+00
 3.5   1 8.163E-04 4.695E-05 7.694E-04 0.000E+00 0.000E+00 0.000E+00 0.000E+00 0.000E+00
 4.5   1 2.932E-04 1.543E-05 2.778E-04 0.000E+00 0.000E+00 0.000E+00 0.000E+00 0.000E+00
 5.5   1 1.376E-04 1.376E-04 0.000E+00 0.000E+00 0.000E+00 0.000E+00 0.000E+00 0.000E+00
 6.5   1 4.153E-06 4.153E-06 0.000E+00 0.000E+00 0.000E+00 0.000E+00 0.000E+00 0.000E+00
 7.5   1 1.644E-06 1.644E-06 0.000E+00 0.000E+00 0.000E+00 0.000E+00 0.000E+00 0.000E+00
  89   4.752 5.649E-03 -1 2.394E-03 1.277E-04 4.572E-04 6.247E-04 7.168E-04 3.909E-04 5.391E-05 2.302E-05 2.171E-07 7.999E-08
  89   4.752 5.649E-03  1 3.255E-03 1.011E-04 5.586E-04 1.241E-03 8.651E-04 3.279E-04 1.540E-04 5.203E-06 2.055E-06 6.373E-09
 0.5  -1 1.277E-04 8.376E-09 1.277E-04 0.000E+00 0.000E+00 0.000E+00 0.000E+00 0.000E+00
 1.5  -1 4.572E-04 5.073E-08 4.572E-04 0.000E+00 0.000E+00 0.000E+00 0.000E+00 0.000E+00
 2.5  -1 6.247E-04 2.693E-06 6.220E-04 0.000E+00 0.000E+00 0.000E+00 0.000E+00 0.000E+00
 3.5  -1 7.168E-04 2.999E-06 7.138E-04 0.000E+00 0.000E+00 0.000E+00 0.000E+00 0.000E+00
 4.5  -1 3.909E-04 3.405E-04 5.039E-05 0.000E+00 0.000E+00 0.000E+00 0.000E+00 0.000E+00
 5.5  -1 5.391E-05 4.508E-05 8.830E-06 0.000E+00 0.000E+00 0.000E+00 0.000E+00 0.000E+00
 6.5  -1 2.302E-05 2.302E-05 0.000E+00 0.000E+00 0.000E+00 0.000E+00 0.000E+00 0.000E+00
 7.5  -1 2.171E-07 2.171E-07 0.000E+00 0.000E+00 0.000E+00 0.000E+00 0.000E+00 0.000E+00
 8.5  -1 7.999E-08 7.999E-08 0.000E+00 0.000E+00 0.000E+00 0.000E+00 0.000E+00 0.000E+00
 0.5   1 1.011E-04 4.913E-09 1.011E-04 0.000E+00 0.000E+00 0.000E+00 0.000E+00 0.000E+00
 1.5   1 5.586E-04 1.354E-07 5.585E-04 0.000E+00 0.000E+00 0.000E+00 0.000E+00 0.000E+00
 2.5   1 1.241E-03 4.000E-07 1.240E-03 0.000E+00 0.000E+00 0.000E+00 0.000E+00 0.000E+00
 3.5   1 8.651E-04 5.839E-05 8.067E-04 0.000E+00 0.000E+00 0.000E+00 0.000E+00 0.000E+00
 4.5   1 3.279E-04 2.027E-05 3.076E-04 0.000E+00 0.000E+00 0.000E+00 0.000E+00 0.000E+00
 5.5   1 1.540E-04 1.540E-04 0.000E+00 0.000E+00 0.000E+00 0.000E+00 0.000E+00 0.000E+00
 6.5   1 5.203E-06 5.203E-06 0.000E+00 0.000E+00 0.000E+00 0.000E+00 0.000E+00 0.000E+00
 7.5   1 2.055E-06 2.055E-06 0.000E+00 0.000E+00 0.000E+00 0.000E+00 0.000E+00 0.000E+00
  88   4.712 6.119E-03 -1 2.593E-03 1.386E-04 4.931E-04 6.737E-04 7.728E-04 4.240E-04 6.365E-05 2.716E-05 2.832E-07 1.041E-07
  88   4.712 6.119E-03  1 3.526E-03 1.149E-04 6.018E-04 1.319E-03 9.317E-04 3.734E-04 1.755E-04 6.512E-06 2.567E-06 8.733E-09
 0.5  -1 1.386E-04 8.702E-09 1.386E-04 0.000E+00 0.000E+00 0.000E+00 0.000E+00 0.000E+00
 1.5  -1 4.931E-04 5.221E-08 4.930E-04 0.000E+00 0.000E+00 0.000E+00 0.000E+00 0.000E+00
 2.5  -1 6.737E-04 3.145E-06 6.706E-04 0.000E+00 0.000E+00 0.000E+00 0.000E+00 0.000E+00
 3.5  -1 7.728E-04 3.489E-06 7.693E-04 0.000E+00 0.000E+00 0.000E+00 0.000E+00 0.000E+00
 4.5  -1 4.240E-04 3.786E-04 4.544E-05 0.000E+00 0.000E+00 0.000E+00 0.000E+00 0.000E+00
 5.5  -1 6.365E-05 5.489E-05 8.757E-06 0.000E+00 0.000E+00 0.000E+00 0.000E+00 0.000E+00
 6.5  -1 2.716E-05 2.716E-05 0.000E+00 0.000E+00 0.000E+00 0.000E+00 0.000E+00 0.000E+00
 7.5  -1 2.832E-07 2.832E-07 0.000E+00 0.000E+00 0.000E+00 0.000E+00 0.000E+00 0.000E+00
 8.5  -1 1.041E-07 1.041E-07 0.000E+00 0.000E+00 0.000E+00 0.000E+00 0.000E+00 0.000E+00
 0.5   1 1.149E-04 5.293E-09 1.148E-04 0.000E+00 0.000E+00 0.000E+00 0.000E+00 0.000E+00
 1.5   1 6.018E-04 1.536E-07 6.016E-04 0.000E+00 0.000E+00 0.000E+00 0.000E+00 0.000E+00
 2.5   1 1.319E-03 4.493E-07 1.319E-03 0.000E+00 0.000E+00 0.000E+00 0.000E+00 0.000E+00
 3.5   1 9.317E-04 7.452E-05 8.571E-04 0.000E+00 0.000E+00 0.000E+00 0.000E+00 0.000E+00
 4.5   1 3.734E-04 2.740E-05 3.460E-04 0.000E+00 0.000E+00 0.000E+00 0.000E+00 0.000E+00
 5.5   1 1.755E-04 1.755E-04 0.000E+00 0.000E+00 0.000E+00 0.000E+00 0.000E+00 0.000E+00
 6.5   1 6.512E-06 6.512E-06 0.000E+00 0.000E+00 0.000E+00 0.000E+00 0.000E+00 0.000E+00
 7.5   1 2.567E-06 2.567E-06 0.000E+00 0.000E+00 0.000E+00 0.000E+00 0.000E+00 0.000E+00
  87   4.673 6.506E-03 -1 2.760E-03 1.480E-04 5.228E-04 7.141E-04 8.184E-04 4.517E-04 7.315E-05 3.118E-05 3.618E-07 1.326E-07
  87   4.673 6.506E-03  1 3.746E-03 1.273E-04 6.366E-04 1.379E-03 9.846E-04 4.133E-04 1.944E-04 7.969E-06 3.135E-06 1.193E-08
 0.5  -1 1.480E-04 8.915E-09 1.480E-04 0.000E+00 0.000E+00 0.000E+00 0.000E+00 0.000E+00
 1.5  -1 5.228E-04 5.298E-08 5.227E-04 0.000E+00 0.000E+00 0.000E+00 0.000E+00 0.000E+00
 2.5  -1 7.141E-04 3.650E-06 7.105E-04 0.000E+00 0.000E+00 0.000E+00 0.000E+00 0.000E+00
 3.5  -1 8.184E-04 4.032E-06 8.144E-04 0.000E+00 0.000E+00 0.000E+00 0.000E+00 0.000E+00
 4.5  -1 4.517E-04 4.120E-04 3.976E-05 0.000E+00 0.000E+00 0.000E+00 0.000E+00 0.000E+00
 5.5  -1 7.315E-05 6.480E-05 8.347E-06 0.000E+00 0.000E+00 0.000E+00 0.000E+00 0.000E+00
 6.5  -1 3.118E-05 3.118E-05 0.000E+00 0.000E+00 0.000E+00 0.000E+00 0.000E+00 0.000E+00
 7.5  -1 3.618E-07 3.618E-07 0.000E+00 0.000E+00 0.000E+00 0.000E+00 0.000E+00 0.000E+00
 8.5  -1 1.326E-07 1.326E-07 0.000E+00 0.000E+00 0.000E+00 0.000E+00 0.000E+00 0.000E+00
 0.5   1 1.273E-04 5.573E-09 1.273E-04 0.000E+00 0.000E+00 0.000E+00 0.000E+00 0.000E+00
 1.5   1 6.366E-04 1.728E-07 6.365E-04 0.000E+00 0.000E+00 0.000E+00 0.000E+00 0.000E+00
 2.5   1 1.379E-03 5.009E-07 1.378E-03 0.000E+00 0.000E+00 0.000E+00 0.000E+00 0.000E+00
 3.5   1 9.846E-04 9.389E-05 8.907E-04 0.000E+00 0.000E+00 0.000E+00 0.000E+00 0.000E+00
 4.5   1 4.133E-04 3.620E-05 3.771E-04 0.000E+00 0.000E+00 0.000E+00 0.000E+00 0.000E+00
 5.5   1 1.944E-04 1.944E-04 0.000E+00 0.000E+00 0.000E+00 0.000E+00 0.000E+00 0.000E+00
 6.5   1 7.969E-06 7.969E-06 0.000E+00 0.000E+00 0.000E+00 0.000E+00 0.000E+00 0.000E+00
 7.5   1 3.135E-06 3.135E-06 0.000E+00 0.000E+00 0.000E+00 0.000E+00 0.000E+00 0.000E+00
 8.5   1 1.193E-08 1.193E-08 0.000E+00 0.000E+00 0.000E+00 0.000E+00 0.000E+00 0.000E+00
  86   4.634 6.930E-03 -1 2.938E-03 1.580E-04 5.544E-04 7.571E-04 8.672E-04 4.816E-04 8.376E-05 3.567E-05 4.561E-07 1.666E-07
  86   4.634 6.930E-03  1 3.992E-03 1.411E-04 6.751E-04 1.444E-03 1.043E-03 4.583E-04 2.158E-04 9.669E-06 3.796E-06 1.586E-08
 0.5  -1 1.580E-04 9.167E-09 1.580E-04 0.000E+00 0.000E+00 0.000E+00 0.000E+00 0.000E+00
 1.5  -1 5.544E-04 5.395E-08 5.543E-04 0.000E+00 0.000E+00 0.000E+00 0.000E+00 0.000E+00
 2.5  -1 7.571E-04 4.294E-06 7.528E-04 0.000E+00 0.000E+00 0.000E+00 0.000E+00 0.000E+00
 3.5  -1 8.672E-04 4.724E-06 8.625E-04 0.000E+00 0.000E+00 0.000E+00 0.000E+00 0.000E+00
 4.5  -1 4.816E-04 4.481E-04 3.346E-05 0.000E+00 0.000E+00 0.000E+00 0.000E+00 0.000E+00
 5.5  -1 8.376E-05 7.614E-05 7.620E-06 0.000E+00 0.000E+00 0.000E+00 0.000E+00 0.000E+00
 6.5  -1 3.567E-05 3.567E-05 0.000E+00 0.000E+00 0.000E+00 0.000E+00 0.000E+00 0.000E+00
 7.5  -1 4.561E-07 4.561E-07 0.000E+00 0.000E+00 0.000E+00 0.000E+00 0.000E+00 0.000E+00
 8.5  -1 1.666E-07 1.666E-07 0.000E+00 0.000E+00 0.000E+00 0.000E+00 0.000E+00 0.000E+00
 0.5   1 1.411E-04 5.874E-09 1.411E-04 0.000E+00 0.000E+00 0.000E+00 0.000E+00 0.000E+00
 1.5   1 6.751E-04 1.967E-07 6.749E-04 0.000E+00 0.000E+00 0.000E+00 0.000E+00 0.000E+00
 2.5   1 1.444E-03 5.654E-07 1.444E-03 0.000E+00 0.000E+00 0.000E+00 0.000E+00 0.000E+00
 3.5   1 1.043E-03 1.212E-04 9.222E-04 0.000E+00 0.000E+00 0.000E+00 0.000E+00 0.000E+00
 4.5   1 4.583E-04 4.901E-05 4.093E-04 0.000E+00 0.000E+00 0.000E+00 0.000E+00 0.000E+00
 5.5   1 2.158E-04 2.158E-04 0.000E+00 0.000E+00 0.000E+00 0.000E+00 0.000E+00 0.000E+00
 6.5   1 9.669E-06 9.669E-06 0.000E+00 0.000E+00 0.000E+00 0.000E+00 0.000E+00 0.000E+00
 7.5   1 3.796E-06 3.796E-06 0.000E+00 0.000E+00 0.000E+00 0.000E+00 0.000E+00 0.000E+00
 8.5   1 1.586E-08 1.586E-08 0.000E+00 0.000E+00 0.000E+00 0.000E+00 0.000E+00 0.000E+00
  85   4.595 7.351E-03 -1 3.117E-03 1.681E-04 5.856E-04 7.998E-04 9.154E-04 5.115E-04 9.507E-05 4.045E-05 5.680E-07 2.069E-07
  85   4.595 7.351E-03  1 4.234E-03 1.551E-04 7.130E-04 1.508E-03 1.101E-03 5.037E-04 2.375E-04 1.160E-05 4.543E-06 2.084E-08
 0.5  -1 1.681E-04 9.426E-09 1.681E-04 0.000E+00 0.000E+00 0.000E+00 0.000E+00 0.000E+00
 1.5  -1 5.856E-04 5.492E-08 5.856E-04 0.000E+00 0.000E+00 0.000E+00 0.000E+00 0.000E+00
 2.5  -1 7.998E-04 5.097E-06 7.947E-04 0.000E+00 0.000E+00 0.000E+00 0.000E+00 0.000E+00
 3.5  -1 9.154E-04 5.584E-06 9.098E-04 0.000E+00 0.000E+00 0.000E+00 0.000E+00 0.000E+00
 4.5  -1 5.115E-04 4.835E-04 2.802E-05 0.000E+00 0.000E+00 0.000E+00 0.000E+00 0.000E+00
 5.5  -1 9.507E-05 8.819E-05 6.882E-06 0.000E+00 0.000E+00 0.000E+00 0.000E+00 0.000E+00
 6.5  -1 4.045E-05 4.045E-05 0.000E+00 0.000E+00 0.000E+00 0.000E+00 0.000E+00 0.000E+00
 7.5  -1 5.680E-07 5.680E-07 0.000E+00 0.000E+00 0.000E+00 0.000E+00 0.000E+00 0.000E+00
 8.5  -1 2.069E-07 2.069E-07 0.000E+00 0.000E+00 0.000E+00 0.000E+00 0.000E+00 0.000E+00
 0.5   1 1.551E-04 6.148E-09 1.551E-04 0.000E+00 0.000E+00 0.000E+00 0.000E+00 0.000E+00
 1.5   1 7.130E-04 2.258E-07 7.128E-04 0.000E+00 0.000E+00 0.000E+00 0.000E+00 0.000E+00
 2.5   1 1.508E-03 6.437E-07 1.507E-03 0.000E+00 0.000E+00 0.000E+00 0.000E+00 0.000E+00
 3.5   1 1.101E-03 1.554E-04 9.457E-04 0.000E+00 0.000E+00 0.000E+00 0.000E+00 0.000E+00
 4.5   1 5.037E-04 6.562E-05 4.381E-04 0.000E+00 0.000E+00 0.000E+00 0.000E+00 0.000E+00
 5.5   1 2.375E-04 2.375E-04 0.000E+00 0.000E+00 0.000E+00 0.000E+00 0.000E+00 0.000E+00
 6.5   1 1.160E-05 1.160E-05 0.000E+00 0.000E+00 0.000E+00 0.000E+00 0.000E+00 0.000E+00
 7.5   1 4.543E-06 4.543E-06 0.000E+00 0.000E+00 0.000E+00 0.000E+00 0.000E+00 0.000E+00
 8.5   1 2.084E-08 2.084E-08 0.000E+00 0.000E+00 0.000E+00 0.000E+00 0.000E+00 0.000E+00
  84   4.555 7.723E-03 -1 3.273E-03 1.771E-04 6.128E-04 8.366E-04 9.568E-04 5.378E-04 1.062E-04 4.513E-05 6.956E-07 2.527E-07
  84   4.555 7.723E-03  1 4.450E-03 1.685E-04 7.464E-04 1.560E-03 1.151E-03 5.465E-04 2.579E-04 1.371E-05 5.359E-06 2.700E-08
 0.5  -1 1.771E-04 9.647E-09 1.771E-04 0.000E+00 0.000E+00 0.000E+00 0.000E+00 0.000E+00
 1.5  -1 6.128E-04 5.565E-08 6.127E-04 0.000E+00 0.000E+00 0.000E+00 0.000E+00 0.000E+00
 2.5  -1 8.366E-04 6.096E-06 8.305E-04 0.000E+00 0.000E+00 0.000E+00 0.000E+00 0.000E+00
 3.5  -1 9.568E-04 6.650E-06 9.502E-04 0.000E+00 0.000E+00 0.000E+00 0.000E+00 0.000E+00
 4.5  -1 5.378E-04 5.155E-04 2.228E-05 0.000E+00 0.000E+00 0.000E+00 0.000E+00 0.000E+00
 5.5  -1 1.062E-04 1.003E-04 5.864E-06 0.000E+00 0.000E+00 0.000E+00 0.000E+00 0.000E+00
 6.5  -1 4.513E-05 4.513E-05 0.000E+00 0.000E+00 0.000E+00 0.000E+00 0.000E+00 0.000E+00
 7.5  -1 6.956E-07 6.956E-07 0.000E+00 0.000E+00 0.000E+00 0.000E+00 0.000E+00 0.000E+00
 8.5  -1 2.527E-07 2.527E-07 0.000E+00 0.000E+00 0.000E+00 0.000E+00 0.000E+00 0.000E+00
 0.5   1 1.685E-04 6.370E-09 1.685E-04 0.000E+00 0.000E+00 0.000E+00 0.000E+00 0.000E+00
 1.5   1 7.464E-04 2.601E-07 7.461E-04 0.000E+00 0.000E+00 0.000E+00 0.000E+00 0.000E+00
 2.5   1 1.560E-03 7.361E-07 1.559E-03 0.000E+00 0.000E+00 0.000E+00 0.000E+00 0.000E+00
 3.5   1 1.151E-03 2.013E-04 9.501E-04 0.000E+00 0.000E+00 0.000E+00 0.000E+00 0.000E+00
 4.5   1 5.465E-04 8.850E-05 4.580E-04 0.000E+00 0.000E+00 0.000E+00 0.000E+00 0.000E+00
 5.5   1 2.579E-04 2.579E-04 0.000E+00 0.000E+00 0.000E+00 0.000E+00 0.000E+00 0.000E+00
 6.5   1 1.371E-05 1.371E-05 0.000E+00 0.000E+00 0.000E+00 0.000E+00 0.000E+00 0.000E+00
 7.5   1 5.359E-06 5.359E-06 0.000E+00 0.000E+00 0.000E+00 0.000E+00 0.000E+00 0.000E+00
 8.5   1 2.700E-08 2.700E-08 0.000E+00 0.000E+00 0.000E+00 0.000E+00 0.000E+00 0.000E+00
  83   4.516 8.171E-03 -1 3.459E-03 1.877E-04 6.448E-04 8.804E-04 1.006E-03 5.692E-04 1.191E-04 5.056E-05 8.478E-07 3.071E-07
  83   4.516 8.171E-03  1 4.712E-03 1.838E-04 7.869E-04 1.626E-03 1.213E-03 5.970E-04 2.821E-04 1.616E-05 6.301E-06 3.448E-08
 0.5  -1 1.877E-04 9.982E-09 1.877E-04 0.000E+00 0.000E+00 0.000E+00 0.000E+00 0.000E+00
 1.5  -1 6.448E-04 5.701E-08 6.448E-04 0.000E+00 0.000E+00 0.000E+00 0.000E+00 0.000E+00
 2.5  -1 8.804E-04 7.473E-06 8.729E-04 0.000E+00 0.000E+00 0.000E+00 0.000E+00 0.000E+00
 3.5  -1 1.006E-03 8.119E-06 9.982E-04 0.000E+00 0.000E+00 0.000E+00 0.000E+00 0.000E+00
 4.5  -1 5.692E-04 5.692E-04 0.000E+00 0.000E+00 0.000E+00 0.000E+00 0.000E+00 0.000E+00
 5.5  -1 1.191E-04 1.191E-04 0.000E+00 0.000E+00 0.000E+00 0.000E+00 0.000E+00 0.000E+00
 6.5  -1 5.056E-05 5.056E-05 0.000E+00 0.000E+00 0.000E+00 0.000E+00 0.000E+00 0.000E+00
 7.5  -1 8.478E-07 8.478E-07 0.000E+00 0.000E+00 0.000E+00 0.000E+00 0.000E+00 0.000E+00
 8.5  -1 3.071E-07 3.071E-07 0.000E+00 0.000E+00 0.000E+00 0.000E+00 0.000E+00 0.000E+00
 0.5   1 1.838E-04 6.644E-09 1.838E-04 0.000E+00 0.000E+00 0.000E+00 0.000E+00 0.000E+00
 1.5   1 7.869E-04 3.063E-07 7.865E-04 0.000E+00 0.000E+00 0.000E+00 0.000E+00 0.000E+00
 2.5   1 1.626E-03 8.603E-07 1.626E-03 0.000E+00 0.000E+00 0.000E+00 0.000E+00 0.000E+00
 3.5   1 1.213E-03 2.664E-04 9.469E-04 0.000E+00 0.000E+00 0.000E+00 0.000E+00 0.000E+00
 4.5   1 5.970E-04 1.219E-04 4.750E-04 0.000E+00 0.000E+00 0.000E+00 0.000E+00 0.000E+00
 5.5   1 2.821E-04 2.821E-04 0.000E+00 0.000E+00 0.000E+00 0.000E+00 0.000E+00 0.000E+00
 6.5   1 1.616E-05 1.616E-05 0.000E+00 0.000E+00 0.000E+00 0.000E+00 0.000E+00 0.000E+00
 7.5   1 6.301E-06 6.301E-06 0.000E+00 0.000E+00 0.000E+00 0.000E+00 0.000E+00 0.000E+00
 8.5   1 3.448E-08 3.448E-08 0.000E+00 0.000E+00 0.000E+00 0.000E+00 0.000E+00 0.000E+00
 9.5   1 1.164E-08 1.164E-08 0.000E+00 0.000E+00 0.000E+00 0.000E+00 0.000E+00 0.000E+00
  82   4.477 8.508E-03 -1 3.601E-03 1.960E-04 6.689E-04 9.129E-04 1.043E-03 5.931E-04 1.307E-04 5.544E-05 1.015E-06 3.663E-07
  82   4.477 8.508E-03  1 4.907E-03 1.969E-04 8.166E-04 1.670E-03 1.258E-03 6.379E-04 3.019E-04 1.872E-05 7.282E-06 4.353E-08
 0.5  -1 1.960E-04 1.025E-08 1.960E-04 0.000E+00 0.000E+00 0.000E+00 0.000E+00 0.000E+00
 1.5  -1 6.689E-04 5.793E-08 6.688E-04 0.000E+00 0.000E+00 0.000E+00 0.000E+00 0.000E+00
 2.5  -1 9.129E-04 9.203E-06 9.037E-04 0.000E+00 0.000E+00 0.000E+00 0.000E+00 0.000E+00
 3.5  -1 1.043E-03 9.954E-06 1.033E-03 0.000E+00 0.000E+00 0.000E+00 0.000E+00 0.000E+00
 4.5  -1 5.931E-04 5.931E-04 0.000E+00 0.000E+00 0.000E+00 0.000E+00 0.000E+00 0.000E+00
 5.5  -1 1.307E-04 1.307E-04 0.000E+00 0.000E+00 0.000E+00 0.000E+00 0.000E+00 0.000E+00
 6.5  -1 5.544E-05 5.544E-05 0.000E+00 0.000E+00 0.000E+00 0.000E+00 0.000E+00 0.000E+00
 7.5  -1 1.015E-06 1.015E-06 0.000E+00 0.000E+00 0.000E+00 0.000E+00 0.000E+00 0.000E+00
 8.5  -1 3.663E-07 3.663E-07 0.000E+00 0.000E+00 0.000E+00 0.000E+00 0.000E+00 0.000E+00
 0.5   1 1.969E-04 6.814E-09 1.969E-04 0.000E+00 0.000E+00 0.000E+00 0.000E+00 0.000E+00
 1.5   1 8.166E-04 3.611E-07 8.163E-04 0.000E+00 0.000E+00 0.000E+00 0.000E+00 0.000E+00
 2.5   1 1.670E-03 1.008E-06 1.669E-03 0.000E+00 0.000E+00 0.000E+00 0.000E+00 0.000E+00
 3.5   1 1.258E-03 3.437E-04 9.139E-04 0.000E+00 0.000E+00 0.000E+00 0.000E+00 0.000E+00
 4.5   1 6.379E-04 1.630E-04 4.749E-04 0.000E+00 0.000E+00 0.000E+00 0.000E+00 0.000E+00
 5.5   1 3.019E-04 3.019E-04 0.000E+00 0.000E+00 0.000E+00 0.000E+00 0.000E+00 0.000E+00
 6.5   1 1.872E-05 1.872E-05 0.000E+00 0.000E+00 0.000E+00 0.000E+00 0.000E+00 0.000E+00
 7.5   1 7.282E-06 7.282E-06 0.000E+00 0.000E+00 0.000E+00 0.000E+00 0.000E+00 0.000E+00
 8.5   1 4.353E-08 4.353E-08 0.000E+00 0.000E+00 0.000E+00 0.000E+00 0.000E+00 0.000E+00
 9.5   1 1.464E-08 1.464E-08 0.000E+00 0.000E+00 0.000E+00 0.000E+00 0.000E+00 0.000E+00
  81   4.437 8.951E-03 -1 3.782E-03 2.064E-04 6.996E-04 9.549E-04 1.090E-03 6.238E-04 1.445E-04 6.126E-05 1.213E-06 4.364E-07
  81   4.437 8.951E-03  1 5.169E-03 2.127E-04 8.567E-04 1.733E-03 1.319E-03 6.902E-04 3.270E-04 2.169E-05 8.419E-06 5.436E-08
 0.5  -1 2.064E-04 1.069E-08 2.064E-04 0.000E+00 0.000E+00 0.000E+00 0.000E+00 0.000E+00
 1.5  -1 6.996E-04 5.984E-08 6.995E-04 0.000E+00 0.000E+00 0.000E+00 0.000E+00 0.000E+00
 2.5  -1 9.549E-04 1.178E-05 9.431E-04 0.000E+00 0.000E+00 0.000E+00 0.000E+00 0.000E+00
 3.5  -1 1.090E-03 1.269E-05 1.077E-03 0.000E+00 0.000E+00 0.000E+00 0.000E+00 0.000E+00
 4.5  -1 6.238E-04 6.238E-04 0.000E+00 0.000E+00 0.000E+00 0.000E+00 0.000E+00 0.000E+00
 5.5  -1 1.445E-04 1.445E-04 0.000E+00 0.000E+00 0.000E+00 0.000E+00 0.000E+00 0.000E+00
 6.5  -1 6.126E-05 6.126E-05 0.000E+00 0.000E+00 0.000E+00 0.000E+00 0.000E+00 0.000E+00
 7.5  -1 1.213E-06 1.213E-06 0.000E+00 0.000E+00 0.000E+00 0.000E+00 0.000E+00 0.000E+00
 8.5  -1 4.364E-07 4.364E-07 0.000E+00 0.000E+00 0.000E+00 0.000E+00 0.000E+00 0.000E+00
 0.5   1 2.127E-04 7.074E-09 2.127E-04 0.000E+00 0.000E+00 0.000E+00 0.000E+00 0.000E+00
 1.5   1 8.567E-04 4.391E-07 8.563E-04 0.000E+00 0.000E+00 0.000E+00 0.000E+00 0.000E+00
 2.5   1 1.733E-03 1.218E-06 1.732E-03 0.000E+00 0.000E+00 0.000E+00 0.000E+00 0.000E+00
 3.5   1 1.319E-03 4.608E-04 8.581E-04 0.000E+00 0.000E+00 0.000E+00 0.000E+00 0.000E+00
 4.5   1 6.902E-04 2.271E-04 4.631E-04 0.000E+00 0.000E+00 0.000E+00 0.000E+00 0.000E+00
 5.5   1 3.270E-04 3.270E-04 0.000E+00 0.000E+00 0.000E+00 0.000E+00 0.000E+00 0.000E+00
 6.5   1 2.169E-05 2.169E-05 0.000E+00 0.000E+00 0.000E+00 0.000E+00 0.000E+00 0.000E+00
 7.5   1 8.419E-06 8.419E-06 0.000E+00 0.000E+00 0.000E+00 0.000E+00 0.000E+00 0.000E+00
 8.5   1 5.436E-08 5.436E-08 0.000E+00 0.000E+00 0.000E+00 0.000E+00 0.000E+00 0.000E+00
 9.5   1 1.822E-08 1.822E-08 0.000E+00 0.000E+00 0.000E+00 0.000E+00 0.000E+00 0.000E+00
  80   4.398 9.297E-03 -1 3.926E-03 2.149E-04 7.236E-04 9.874E-04 1.126E-03 6.482E-04 1.571E-04 6.655E-05 1.428E-06 5.122E-07
  80   4.398 9.297E-03  1 5.371E-03 2.263E-04 8.873E-04 1.777E-03 1.364E-03 7.331E-04 3.479E-04 2.478E-05 9.593E-06 6.730E-08
 0.5  -1 2.149E-04 1.114E-08 2.149E-04 0.000E+00 0.000E+00 0.000E+00 0.000E+00 0.000E+00
 1.5  -1 7.236E-04 6.172E-08 7.235E-04 0.000E+00 0.000E+00 0.000E+00 0.000E+00 0.000E+00
 2.5  -1 9.874E-04 1.526E-05 9.722E-04 0.000E+00 0.000E+00 0.000E+00 0.000E+00 0.000E+00
 3.5  -1 1.126E-03 1.637E-05 1.110E-03 0.000E+00 0.000E+00 0.000E+00 0.000E+00 0.000E+00
 4.5  -1 6.482E-04 6.482E-04 0.000E+00 0.000E+00 0.000E+00 0.000E+00 0.000E+00 0.000E+00
 5.5  -1 1.571E-04 1.571E-04 0.000E+00 0.000E+00 0.000E+00 0.000E+00 0.000E+00 0.000E+00
 6.5  -1 6.655E-05 6.655E-05 0.000E+00 0.000E+00 0.000E+00 0.000E+00 0.000E+00 0.000E+00
 7.5  -1 1.428E-06 1.428E-06 0.000E+00 0.000E+00 0.000E+00 0.000E+00 0.000E+00 0.000E+00
 8.5  -1 5.122E-07 5.122E-07 0.000E+00 0.000E+00 0.000E+00 0.000E+00 0.000E+00 0.000E+00
 0.5   1 2.263E-04 7.250E-09 2.263E-04 0.000E+00 0.000E+00 0.000E+00 0.000E+00 0.000E+00
 1.5   1 8.873E-04 5.390E-07 8.867E-04 0.000E+00 0.000E+00 0.000E+00 0.000E+00 0.000E+00
 2.5   1 1.777E-03 1.486E-06 1.776E-03 0.000E+00 0.000E+00 0.000E+00 0.000E+00 0.000E+00
 3.5   1 1.364E-03 5.931E-04 7.714E-04 0.000E+00 0.000E+00 0.000E+00 0.000E+00 0.000E+00
 4.5   1 7.331E-04 3.026E-04 4.305E-04 0.000E+00 0.000E+00 0.000E+00 0.000E+00 0.000E+00
 5.5   1 3.479E-04 3.479E-04 0.000E+00 0.000E+00 0.000E+00 0.000E+00 0.000E+00 0.000E+00
 6.5   1 2.478E-05 2.478E-05 0.000E+00 0.000E+00 0.000E+00 0.000E+00 0.000E+00 0.000E+00
 7.5   1 9.593E-06 9.593E-06 0.000E+00 0.000E+00 0.000E+00 0.000E+00 0.000E+00 0.000E+00
 8.5   1 6.730E-08 6.730E-08 0.000E+00 0.000E+00 0.000E+00 0.000E+00 0.000E+00 0.000E+00
 9.5   1 2.247E-08 2.247E-08 0.000E+00 0.000E+00 0.000E+00 0.000E+00 0.000E+00 0.000E+00
  79   4.359 9.673E-03 -1 4.079E-03 2.239E-04 7.490E-04 1.022E-03 1.165E-03 6.743E-04 1.706E-04 7.221E-05 1.672E-06 5.975E-07
  79   4.359 9.673E-03  1 5.594E-03 2.409E-04 9.210E-04 1.826E-03 1.415E-03 7.803E-04 3.709E-04 2.818E-05 1.088E-05 8.238E-08
 0.5  -1 2.239E-04 1.177E-08 2.239E-04 0.000E+00 0.000E+00 0.000E+00 0.000E+00 0.000E+00
 1.5  -1 7.490E-04 6.452E-08 7.489E-04 0.000E+00 0.000E+00 0.000E+00 0.000E+00 0.000E+00
 2.5  -1 1.022E-03 2.061E-05 1.001E-03 0.000E+00 0.000E+00 0.000E+00 0.000E+00 0.000E+00
 3.5  -1 1.165E-03 2.202E-05 1.143E-03 0.000E+00 0.000E+00 0.000E+00 0.000E+00 0.000E+00
 4.5  -1 6.743E-04 6.743E-04 0.000E+00 0.000E+00 0.000E+00 0.000E+00 0.000E+00 0.000E+00
 5.5  -1 1.706E-04 1.706E-04 0.000E+00 0.000E+00 0.000E+00 0.000E+00 0.000E+00 0.000E+00
 6.5  -1 7.221E-05 7.221E-05 0.000E+00 0.000E+00 0.000E+00 0.000E+00 0.000E+00 0.000E+00
 7.5  -1 1.672E-06 1.672E-06 0.000E+00 0.000E+00 0.000E+00 0.000E+00 0.000E+00 0.000E+00
 8.5  -1 5.975E-07 5.975E-07 0.000E+00 0.000E+00 0.000E+00 0.000E+00 0.000E+00 0.000E+00
 0.5   1 2.409E-04 7.476E-09 2.408E-04 0.000E+00 0.000E+00 0.000E+00 0.000E+00 0.000E+00
 1.5   1 9.210E-04 6.830E-07 9.203E-04 0.000E+00 0.000E+00 0.000E+00 0.000E+00 0.000E+00
 2.5   1 1.826E-03 1.874E-06 1.825E-03 0.000E+00 0.000E+00 0.000E+00 0.000E+00 0.000E+00
 3.5   1 1.415E-03 7.635E-04 6.517E-04 0.000E+00 0.000E+00 0.000E+00 0.000E+00 0.000E+00
 4.5   1 7.803E-04 4.037E-04 3.766E-04 0.000E+00 0.000E+00 0.000E+00 0.000E+00 0.000E+00
 5.5   1 3.709E-04 3.709E-04 0.000E+00 0.000E+00 0.000E+00 0.000E+00 0.000E+00 0.000E+00
 6.5   1 2.818E-05 2.818E-05 0.000E+00 0.000E+00 0.000E+00 0.000E+00 0.000E+00 0.000E+00
 7.5   1 1.088E-05 1.088E-05 0.000E+00 0.000E+00 0.000E+00 0.000E+00 0.000E+00 0.000E+00
 8.5   1 8.238E-08 8.238E-08 0.000E+00 0.000E+00 0.000E+00 0.000E+00 0.000E+00 0.000E+00
 9.5   1 2.740E-08 2.740E-08 0.000E+00 0.000E+00 0.000E+00 0.000E+00 0.000E+00 0.000E+00
  78   4.320 1.003E-02 -1 4.227E-03 2.327E-04 7.733E-04 1.055E-03 1.202E-03 6.994E-04 1.842E-04 7.790E-05 1.942E-06 6.915E-07
  78   4.320 1.003E-02  1 5.805E-03 2.550E-04 9.528E-04 1.872E-03 1.463E-03 8.256E-04 3.931E-04 3.180E-05 1.225E-05 9.993E-08
 0.5  -1 2.327E-04 1.261E-08 2.326E-04 0.000E+00 0.000E+00 0.000E+00 0.000E+00 0.000E+00
 1.5  -1 7.733E-04 6.839E-08 7.732E-04 0.000E+00 0.000E+00 0.000E+00 0.000E+00 0.000E+00
 2.5  -1 1.055E-03 2.922E-05 1.026E-03 0.000E+00 0.000E+00 0.000E+00 0.000E+00 0.000E+00
 3.5  -1 1.202E-03 3.110E-05 1.170E-03 0.000E+00 0.000E+00 0.000E+00 0.000E+00 0.000E+00
 4.5  -1 6.994E-04 6.994E-04 0.000E+00 0.000E+00 0.000E+00 0.000E+00 0.000E+00 0.000E+00
 5.5  -1 1.842E-04 1.842E-04 0.000E+00 0.000E+00 0.000E+00 0.000E+00 0.000E+00 0.000E+00
 6.5  -1 7.790E-05 7.790E-05 0.000E+00 0.000E+00 0.000E+00 0.000E+00 0.000E+00 0.000E+00
 7.5  -1 1.942E-06 1.942E-06 0.000E+00 0.000E+00 0.000E+00 0.000E+00 0.000E+00 0.000E+00
 8.5  -1 6.915E-07 6.915E-07 0.000E+00 0.000E+00 0.000E+00 0.000E+00 0.000E+00 0.000E+00
 0.5   1 2.550E-04 7.710E-09 2.550E-04 0.000E+00 0.000E+00 0.000E+00 0.000E+00 0.000E+00
 1.5   1 9.528E-04 8.944E-07 9.519E-04 0.000E+00 0.000E+00 0.000E+00 0.000E+00 0.000E+00
 2.5   1 1.872E-03 2.443E-06 1.869E-03 0.000E+00 0.000E+00 0.000E+00 0.000E+00 0.000E+00
 3.5   1 1.463E-03 9.722E-04 4.906E-04 0.000E+00 0.000E+00 0.000E+00 0.000E+00 0.000E+00
 4.5   1 8.256E-04 5.323E-04 2.933E-04 0.000E+00 0.000E+00 0.000E+00 0.000E+00 0.000E+00
 5.5   1 3.931E-04 3.931E-04 0.000E+00 0.000E+00 0.000E+00 0.000E+00 0.000E+00 0.000E+00
 6.5   1 3.180E-05 3.180E-05 0.000E+00 0.000E+00 0.000E+00 0.000E+00 0.000E+00 0.000E+00
 7.5   1 1.225E-05 1.225E-05 0.000E+00 0.000E+00 0.000E+00 0.000E+00 0.000E+00 0.000E+00
 8.5   1 9.993E-08 9.993E-08 0.000E+00 0.000E+00 0.000E+00 0.000E+00 0.000E+00 0.000E+00
 9.5   1 3.310E-08 3.310E-08 0.000E+00 0.000E+00 0.000E+00 0.000E+00 0.000E+00 0.000E+00
  77   4.280 1.034E-02 -1 4.351E-03 2.402E-04 7.933E-04 1.082E-03 1.231E-03 7.206E-04 1.969E-04 8.322E-05 2.231E-06 7.915E-07
  77   4.280 1.034E-02  1 5.986E-03 2.679E-04 9.796E-04 1.907E-03 1.502E-03 8.661E-04 4.131E-04 3.557E-05 1.367E-05 1.201E-07
 0.5  -1 2.402E-04 1.372E-08 2.402E-04 0.000E+00 0.000E+00 0.000E+00 0.000E+00 0.000E+00
 1.5  -1 7.933E-04 7.365E-08 7.932E-04 0.000E+00 0.000E+00 0.000E+00 0.000E+00 0.000E+00
 2.5  -1 1.082E-03 4.236E-05 1.040E-03 0.000E+00 0.000E+00 0.000E+00 0.000E+00 0.000E+00
 3.5  -1 1.231E-03 4.491E-05 1.186E-03 0.000E+00 0.000E+00 0.000E+00 0.000E+00 0.000E+00
 4.5  -1 7.206E-04 7.206E-04 0.000E+00 0.000E+00 0.000E+00 0.000E+00 0.000E+00 0.000E+00
 5.5  -1 1.969E-04 1.969E-04 0.000E+00 0.000E+00 0.000E+00 0.000E+00 0.000E+00 0.000E+00
 6.5  -1 8.322E-05 8.322E-05 0.000E+00 0.000E+00 0.000E+00 0.000E+00 0.000E+00 0.000E+00
 7.5  -1 2.231E-06 2.231E-06 0.000E+00 0.000E+00 0.000E+00 0.000E+00 0.000E+00 0.000E+00
 8.5  -1 7.915E-07 7.915E-07 0.000E+00 0.000E+00 0.000E+00 0.000E+00 0.000E+00 0.000E+00
 0.5   1 2.679E-04 7.930E-09 2.679E-04 0.000E+00 0.000E+00 0.000E+00 0.000E+00 0.000E+00
 1.5   1 9.796E-04 1.210E-06 9.784E-04 0.000E+00 0.000E+00 0.000E+00 0.000E+00 0.000E+00
 2.5   1 1.907E-03 3.292E-06 1.904E-03 0.000E+00 0.000E+00 0.000E+00 0.000E+00 0.000E+00
 3.5   1 1.502E-03 1.145E-03 3.573E-04 0.000E+00 0.000E+00 0.000E+00 0.000E+00 0.000E+00
 4.5   1 8.661E-04 6.462E-04 2.199E-04 0.000E+00 0.000E+00 0.000E+00 0.000E+00 0.000E+00
 5.5   1 4.131E-04 4.131E-04 0.000E+00 0.000E+00 0.000E+00 0.000E+00 0.000E+00 0.000E+00
 6.5   1 3.557E-05 3.557E-05 0.000E+00 0.000E+00 0.000E+00 0.000E+00 0.000E+00 0.000E+00
 7.5   1 1.367E-05 1.367E-05 0.000E+00 0.000E+00 0.000E+00 0.000E+00 0.000E+00 0.000E+00
 8.5   1 1.201E-07 1.201E-07 0.000E+00 0.000E+00 0.000E+00 0.000E+00 0.000E+00 0.000E+00
 9.5   1 3.963E-08 3.963E-08 0.000E+00 0.000E+00 0.000E+00 0.000E+00 0.000E+00 0.000E+00
  76   4.241 1.070E-02 -1 4.497E-03 2.488E-04 8.169E-04 1.114E-03 1.267E-03 7.456E-04 2.111E-04 8.914E-05 2.558E-06 9.044E-07
  76   4.241 1.070E-02  1 6.203E-03 2.822E-04 1.012E-03 1.953E-03 1.551E-03 9.130E-04 4.362E-04 3.971E-05 1.522E-05 1.433E-07
 0.5  -1 2.488E-04 1.543E-08 2.488E-04 0.000E+00 0.000E+00 0.000E+00 0.000E+00 0.000E+00
 1.5  -1 8.169E-04 8.196E-08 8.168E-04 0.000E+00 0.000E+00 0.000E+00 0.000E+00 0.000E+00
 2.5  -1 1.114E-03 6.870E-05 1.046E-03 0.000E+00 0.000E+00 0.000E+00 0.000E+00 0.000E+00
 3.5  -1 1.267E-03 7.264E-05 1.195E-03 0.000E+00 0.000E+00 0.000E+00 0.000E+00 0.000E+00
 4.5  -1 7.456E-04 7.456E-04 0.000E+00 0.000E+00 0.000E+00 0.000E+00 0.000E+00 0.000E+00
 5.5  -1 2.111E-04 2.111E-04 0.000E+00 0.000E+00 0.000E+00 0.000E+00 0.000E+00 0.000E+00
 6.5  -1 8.914E-05 8.914E-05 0.000E+00 0.000E+00 0.000E+00 0.000E+00 0.000E+00 0.000E+00
 7.5  -1 2.558E-06 2.558E-06 0.000E+00 0.000E+00 0.000E+00 0.000E+00 0.000E+00 0.000E+00
 8.5  -1 9.044E-07 9.044E-07 0.000E+00 0.000E+00 0.000E+00 0.000E+00 0.000E+00 0.000E+00
 0.5   1 2.822E-04 8.298E-09 2.822E-04 0.000E+00 0.000E+00 0.000E+00 0.000E+00 0.000E+00
 1.5   1 1.012E-03 1.762E-06 1.010E-03 0.000E+00 0.000E+00 0.000E+00 0.000E+00 0.000E+00
 2.5   1 1.953E-03 4.778E-06 1.948E-03 0.000E+00 0.000E+00 0.000E+00 0.000E+00 0.000E+00
 3.5   1 1.551E-03 1.345E-03 2.063E-04 0.000E+00 0.000E+00 0.000E+00 0.000E+00 0.000E+00
 4.5   1 9.130E-04 7.822E-04 1.308E-04 0.000E+00 0.000E+00 0.000E+00 0.000E+00 0.000E+00
 5.5   1 4.362E-04 4.362E-04 0.000E+00 0.000E+00 0.000E+00 0.000E+00 0.000E+00 0.000E+00
 6.5   1 3.971E-05 3.971E-05 0.000E+00 0.000E+00 0.000E+00 0.000E+00 0.000E+00 0.000E+00
 7.5   1 1.522E-05 1.522E-05 0.000E+00 0.000E+00 0.000E+00 0.000E+00 0.000E+00 0.000E+00
 8.5   1 1.433E-07 1.433E-07 0.000E+00 0.000E+00 0.000E+00 0.000E+00 0.000E+00 0.000E+00
 9.5   1 4.708E-08 4.708E-08 0.000E+00 0.000E+00 0.000E+00 0.000E+00 0.000E+00 0.000E+00
  75   4.202 1.094E-02 -1 4.595E-03 2.549E-04 8.318E-04 1.134E-03 1.289E-03 7.629E-04 2.231E-04 9.422E-05 2.900E-06 1.022E-06
  75   4.202 1.094E-02  1 6.346E-03 2.933E-04 1.032E-03 1.976E-03 1.582E-03 9.479E-04 4.541E-04 4.386E-05 1.677E-05 1.699E-07
 0.5  -1 2.549E-04 1.802E-08 2.549E-04 0.000E+00 0.000E+00 0.000E+00 0.000E+00 0.000E+00
 1.5  -1 8.318E-04 9.473E-08 8.317E-04 0.000E+00 0.000E+00 0.000E+00 0.000E+00 0.000E+00
 2.5  -1 1.134E-03 1.155E-04 1.019E-03 0.000E+00 0.000E+00 0.000E+00 0.000E+00 0.000E+00
 3.5  -1 1.289E-03 1.220E-04 1.167E-03 0.000E+00 0.000E+00 0.000E+00 0.000E+00 0.000E+00
 4.5  -1 7.629E-04 7.629E-04 0.000E+00 0.000E+00 0.000E+00 0.000E+00 0.000E+00 0.000E+00
 5.5  -1 2.231E-04 2.231E-04 0.000E+00 0.000E+00 0.000E+00 0.000E+00 0.000E+00 0.000E+00
 6.5  -1 9.422E-05 9.422E-05 0.000E+00 0.000E+00 0.000E+00 0.000E+00 0.000E+00 0.000E+00
 7.5  -1 2.900E-06 2.900E-06 0.000E+00 0.000E+00 0.000E+00 0.000E+00 0.000E+00 0.000E+00
 8.5  -1 1.022E-06 1.022E-06 0.000E+00 0.000E+00 0.000E+00 0.000E+00 0.000E+00 0.000E+00
 0.5   1 2.933E-04 8.617E-09 2.933E-04 0.000E+00 0.000E+00 0.000E+00 0.000E+00 0.000E+00
 1.5   1 1.032E-03 2.722E-06 1.030E-03 0.000E+00 0.000E+00 0.000E+00 0.000E+00 0.000E+00
 2.5   1 1.976E-03 7.356E-06 1.969E-03 0.000E+00 0.000E+00 0.000E+00 0.000E+00 0.000E+00
 3.5   1 1.582E-03 1.582E-03 0.000E+00 0.000E+00 0.000E+00 0.000E+00 0.000E+00 0.000E+00
 4.5   1 9.479E-04 9.479E-04 0.000E+00 0.000E+00 0.000E+00 0.000E+00 0.000E+00 0.000E+00
 5.5   1 4.541E-04 4.541E-04 0.000E+00 0.000E+00 0.000E+00 0.000E+00 0.000E+00 0.000E+00
 6.5   1 4.386E-05 4.386E-05 0.000E+00 0.000E+00 0.000E+00 0.000E+00 0.000E+00 0.000E+00
 7.5   1 1.677E-05 1.677E-05 0.000E+00 0.000E+00 0.000E+00 0.000E+00 0.000E+00 0.000E+00
 8.5   1 1.699E-07 1.699E-07 0.000E+00 0.000E+00 0.000E+00 0.000E+00 0.000E+00 0.000E+00
 9.5   1 5.561E-08 5.561E-08 0.000E+00 0.000E+00 0.000E+00 0.000E+00 0.000E+00 0.000E+00
  74   4.162 1.127E-02 -1 4.725E-03 2.624E-04 8.517E-04 1.162E-03 1.321E-03 7.860E-04 2.373E-04 1.002E-04 3.293E-06 1.158E-06
  74   4.162 1.127E-02  1 6.547E-03 3.065E-04 1.061E-03 2.016E-03 1.626E-03 9.931E-04 4.770E-04 4.853E-05 1.852E-05 2.005E-07
 0.5  -1 2.624E-04 2.262E-08 2.624E-04 0.000E+00 0.000E+00 0.000E+00 0.000E+00 0.000E+00
 1.5  -1 8.517E-04 1.176E-07 8.516E-04 0.000E+00 0.000E+00 0.000E+00 0.000E+00 0.000E+00
 2.5  -1 1.162E-03 2.165E-04 9.457E-04 0.000E+00 0.000E+00 0.000E+00 0.000E+00 0.000E+00
 3.5  -1 1.321E-03 2.293E-04 1.091E-03 0.000E+00 0.000E+00 0.000E+00 0.000E+00 0.000E+00
 4.5  -1 7.860E-04 7.860E-04 0.000E+00 0.000E+00 0.000E+00 0.000E+00 0.000E+00 0.000E+00
 5.5  -1 2.373E-04 2.373E-04 0.000E+00 0.000E+00 0.000E+00 0.000E+00 0.000E+00 0.000E+00
 6.5  -1 1.002E-04 1.002E-04 0.000E+00 0.000E+00 0.000E+00 0.000E+00 0.000E+00 0.000E+00
 7.5  -1 3.293E-06 3.293E-06 0.000E+00 0.000E+00 0.000E+00 0.000E+00 0.000E+00 0.000E+00
 8.5  -1 1.158E-06 1.158E-06 0.000E+00 0.000E+00 0.000E+00 0.000E+00 0.000E+00 0.000E+00
 0.5   1 3.065E-04 9.258E-09 3.065E-04 0.000E+00 0.000E+00 0.000E+00 0.000E+00 0.000E+00
 1.5   1 1.061E-03 4.805E-06 1.057E-03 0.000E+00 0.000E+00 0.000E+00 0.000E+00 0.000E+00
 2.5   1 2.016E-03 1.295E-05 2.003E-03 0.000E+00 0.000E+00 0.000E+00 0.000E+00 0.000E+00
 3.5   1 1.626E-03 1.626E-03 0.000E+00 0.000E+00 0.000E+00 0.000E+00 0.000E+00 0.000E+00
 4.5   1 9.931E-04 9.931E-04 0.000E+00 0.000E+00 0.000E+00 0.000E+00 0.000E+00 0.000E+00
 5.5   1 4.770E-04 4.770E-04 0.000E+00 0.000E+00 0.000E+00 0.000E+00 0.000E+00 0.000E+00
 6.5   1 4.853E-05 4.853E-05 0.000E+00 0.000E+00 0.000E+00 0.000E+00 0.000E+00 0.000E+00
 7.5   1 1.852E-05 1.852E-05 0.000E+00 0.000E+00 0.000E+00 0.000E+00 0.000E+00 0.000E+00
 8.5   1 2.005E-07 2.005E-07 0.000E+00 0.000E+00 0.000E+00 0.000E+00 0.000E+00 0.000E+00
 9.5   1 6.541E-08 6.541E-08 0.000E+00 0.000E+00 0.000E+00 0.000E+00 0.000E+00 0.000E+00
  73   4.123 1.150E-02 -1 4.818E-03 2.680E-04 8.652E-04 1.181E-03 1.341E-03 8.028E-04 2.495E-04 1.054E-04 3.701E-06 1.297E-06
  73   4.123 1.150E-02  1 6.687E-03 3.170E-04 1.081E-03 2.037E-03 1.656E-03 1.027E-03 4.950E-04 5.315E-05 2.025E-05 2.351E-07
 0.5  -1 2.680E-04 3.150E-08 2.680E-04 0.000E+00 0.000E+00 0.000E+00 0.000E+00 0.000E+00
 1.5  -1 8.652E-04 1.621E-07 8.650E-04 0.000E+00 0.000E+00 0.000E+00 0.000E+00 0.000E+00
 2.5  -1 1.181E-03 5.022E-04 6.786E-04 0.000E+00 0.000E+00 0.000E+00 0.000E+00 0.000E+00
 3.5  -1 1.341E-03 5.412E-04 8.003E-04 0.000E+00 0.000E+00 0.000E+00 0.000E+00 0.000E+00
 4.5  -1 8.028E-04 8.028E-04 0.000E+00 0.000E+00 0.000E+00 0.000E+00 0.000E+00 0.000E+00
 5.5  -1 2.495E-04 2.495E-04 0.000E+00 0.000E+00 0.000E+00 0.000E+00 0.000E+00 0.000E+00
 6.5  -1 1.054E-04 1.054E-04 0.000E+00 0.000E+00 0.000E+00 0.000E+00 0.000E+00 0.000E+00
 7.5  -1 3.701E-06 3.701E-06 0.000E+00 0.000E+00 0.000E+00 0.000E+00 0.000E+00 0.000E+00
 8.5  -1 1.297E-06 1.297E-06 0.000E+00 0.000E+00 0.000E+00 0.000E+00 0.000E+00 0.000E+00
 0.5   1 3.170E-04 1.032E-08 3.170E-04 0.000E+00 0.000E+00 0.000E+00 0.000E+00 0.000E+00
 1.5   1 1.081E-03 1.072E-05 1.070E-03 0.000E+00 0.000E+00 0.000E+00 0.000E+00 0.000E+00
 2.5   1 2.037E-03 2.881E-05 2.008E-03 0.000E+00 0.000E+00 0.000E+00 0.000E+00 0.000E+00
 3.5   1 1.656E-03 1.656E-03 0.000E+00 0.000E+00 0.000E+00 0.000E+00 0.000E+00 0.000E+00
 4.5   1 1.027E-03 1.027E-03 0.000E+00 0.000E+00 0.000E+00 0.000E+00 0.000E+00 0.000E+00
 5.5   1 4.950E-04 4.950E-04 0.000E+00 0.000E+00 0.000E+00 0.000E+00 0.000E+00 0.000E+00
 6.5   1 5.315E-05 5.315E-05 0.000E+00 0.000E+00 0.000E+00 0.000E+00 0.000E+00 0.000E+00
 7.5   1 2.025E-05 2.025E-05 0.000E+00 0.000E+00 0.000E+00 0.000E+00 0.000E+00 0.000E+00
 8.5   1 2.351E-07 2.351E-07 0.000E+00 0.000E+00 0.000E+00 0.000E+00 0.000E+00 0.000E+00
 9.5   1 7.644E-08 7.644E-08 0.000E+00 0.000E+00 0.000E+00 0.000E+00 0.000E+00 0.000E+00
  72   4.084 1.176E-02 -1 4.920E-03 2.740E-04 8.799E-04 1.201E-03 1.364E-03 8.211E-04 2.624E-04 1.109E-04 4.148E-06 1.449E-06
  72   4.084 1.176E-02  1 6.845E-03 3.282E-04 1.103E-03 2.064E-03 1.690E-03 1.065E-03 5.147E-04 5.811E-05 2.210E-05 2.738E-07
 0.5  -1 2.740E-04 5.729E-08 2.740E-04 0.000E+00 0.000E+00 0.000E+00 0.000E+00 0.000E+00
 1.5  -1 8.799E-04 2.916E-07 8.796E-04 0.000E+00 0.000E+00 0.000E+00 0.000E+00 0.000E+00
 2.5  -1 1.201E-03 9.389E-04 2.624E-04 0.000E+00 0.000E+00 0.000E+00 0.000E+00 0.000E+00
 3.5  -1 1.364E-03 1.044E-03 3.208E-04 0.000E+00 0.000E+00 0.000E+00 0.000E+00 0.000E+00
 4.5  -1 8.211E-04 8.211E-04 0.000E+00 0.000E+00 0.000E+00 0.000E+00 0.000E+00 0.000E+00
 5.5  -1 2.624E-04 2.624E-04 0.000E+00 0.000E+00 0.000E+00 0.000E+00 0.000E+00 0.000E+00
 6.5  -1 1.109E-04 1.109E-04 0.000E+00 0.000E+00 0.000E+00 0.000E+00 0.000E+00 0.000E+00
 7.5  -1 4.148E-06 4.148E-06 0.000E+00 0.000E+00 0.000E+00 0.000E+00 0.000E+00 0.000E+00
 8.5  -1 1.449E-06 1.449E-06 0.000E+00 0.000E+00 0.000E+00 0.000E+00 0.000E+00 0.000E+00
 0.5   1 3.282E-04 1.235E-08 3.282E-04 0.000E+00 0.000E+00 0.000E+00 0.000E+00 0.000E+00
 1.5   1 1.103E-03 3.524E-05 1.067E-03 0.000E+00 0.000E+00 0.000E+00 0.000E+00 0.000E+00
 2.5   1 2.064E-03 9.371E-05 1.970E-03 0.000E+00 0.000E+00 0.000E+00 0.000E+00 0.000E+00
 3.5   1 1.690E-03 1.690E-03 0.000E+00 0.000E+00 0.000E+00 0.000E+00 0.000E+00 0.000E+00
 4.5   1 1.065E-03 1.065E-03 0.000E+00 0.000E+00 0.000E+00 0.000E+00 0.000E+00 0.000E+00
 5.5   1 5.147E-04 5.147E-04 0.000E+00 0.000E+00 0.000E+00 0.000E+00 0.000E+00 0.000E+00
 6.5   1 5.811E-05 5.811E-05 0.000E+00 0.000E+00 0.000E+00 0.000E+00 0.000E+00 0.000E+00
 7.5   1 2.210E-05 2.210E-05 0.000E+00 0.000E+00 0.000E+00 0.000E+00 0.000E+00 0.000E+00
 8.5   1 2.738E-07 2.738E-07 0.000E+00 0.000E+00 0.000E+00 0.000E+00 0.000E+00 0.000E+00
 9.5   1 8.874E-08 8.874E-08 0.000E+00 0.000E+00 0.000E+00 0.000E+00 0.000E+00 0.000E+00
  71   4.045 1.200E-02 -1 5.012E-03 2.795E-04 8.930E-04 1.220E-03 1.385E-03 8.380E-04 2.749E-04 1.163E-04 4.625E-06 1.611E-06
  71   4.045 1.200E-02  1 6.988E-03 3.385E-04 1.122E-03 2.086E-03 1.720E-03 1.100E-03 5.332E-04 6.319E-05 2.398E-05 3.173E-07
 0.5  -1 2.795E-04 2.500E-07 2.793E-04 0.000E+00 0.000E+00 0.000E+00 0.000E+00 0.000E+00
 1.5  -1 8.930E-04 1.258E-06 8.917E-04 0.000E+00 0.000E+00 0.000E+00 0.000E+00 0.000E+00
 2.5  -1 1.220E-03 1.220E-03 0.000E+00 0.000E+00 0.000E+00 0.000E+00 0.000E+00 0.000E+00
 3.5  -1 1.385E-03 1.385E-03 0.000E+00 0.000E+00 0.000E+00 0.000E+00 0.000E+00 0.000E+00
 4.5  -1 8.380E-04 8.380E-04 0.000E+00 0.000E+00 0.000E+00 0.000E+00 0.000E+00 0.000E+00
 5.5  -1 2.749E-04 2.749E-04 0.000E+00 0.000E+00 0.000E+00 0.000E+00 0.000E+00 0.000E+00
 6.5  -1 1.163E-04 1.163E-04 0.000E+00 0.000E+00 0.000E+00 0.000E+00 0.000E+00 0.000E+00
 7.5  -1 4.625E-06 4.625E-06 0.000E+00 0.000E+00 0.000E+00 0.000E+00 0.000E+00 0.000E+00
 8.5  -1 1.611E-06 1.611E-06 0.000E+00 0.000E+00 0.000E+00 0.000E+00 0.000E+00 0.000E+00
 0.5   1 3.385E-04 1.991E-08 3.385E-04 0.000E+00 0.000E+00 0.000E+00 0.000E+00 0.000E+00
 1.5   1 1.122E-03 3.729E-04 7.493E-04 0.000E+00 0.000E+00 0.000E+00 0.000E+00 0.000E+00
 2.5   1 2.086E-03 8.748E-04 1.212E-03 0.000E+00 0.000E+00 0.000E+00 0.000E+00 0.000E+00
 3.5   1 1.720E-03 1.720E-03 0.000E+00 0.000E+00 0.000E+00 0.000E+00 0.000E+00 0.000E+00
 4.5   1 1.100E-03 1.100E-03 0.000E+00 0.000E+00 0.000E+00 0.000E+00 0.000E+00 0.000E+00
 5.5   1 5.332E-04 5.332E-04 0.000E+00 0.000E+00 0.000E+00 0.000E+00 0.000E+00 0.000E+00
 6.5   1 6.319E-05 6.319E-05 0.000E+00 0.000E+00 0.000E+00 0.000E+00 0.000E+00 0.000E+00
 7.5   1 2.398E-05 2.398E-05 0.000E+00 0.000E+00 0.000E+00 0.000E+00 0.000E+00 0.000E+00
 8.5   1 3.173E-07 3.173E-07 0.000E+00 0.000E+00 0.000E+00 0.000E+00 0.000E+00 0.000E+00
 9.5   1 1.025E-07 1.025E-07 0.000E+00 0.000E+00 0.000E+00 0.000E+00 0.000E+00 0.000E+00
  70   4.005 1.219E-02 -1 5.084E-03 2.839E-04 9.024E-04 1.233E-03 1.400E-03 8.514E-04 2.862E-04 1.211E-04 5.120E-06 1.778E-06
  70   4.005 1.219E-02  1 7.102E-03 3.474E-04 1.137E-03 2.101E-03 1.743E-03 1.130E-03 5.493E-04 6.832E-05 2.588E-05 3.654E-07
 0.5  -1 2.839E-04 2.839E-04 0.000E+00 0.000E+00 0.000E+00 0.000E+00 0.000E+00 0.000E+00
 1.5  -1 9.024E-04 9.024E-04 0.000E+00 0.000E+00 0.000E+00 0.000E+00 0.000E+00 0.000E+00
 2.5  -1 1.233E-03 1.233E-03 0.000E+00 0.000E+00 0.000E+00 0.000E+00 0.000E+00 0.000E+00
 3.5  -1 1.400E-03 1.400E-03 0.000E+00 0.000E+00 0.000E+00 0.000E+00 0.000E+00 0.000E+00
 4.5  -1 8.514E-04 8.514E-04 0.000E+00 0.000E+00 0.000E+00 0.000E+00 0.000E+00 0.000E+00
 5.5  -1 2.862E-04 2.862E-04 0.000E+00 0.000E+00 0.000E+00 0.000E+00 0.000E+00 0.000E+00
 6.5  -1 1.211E-04 1.211E-04 0.000E+00 0.000E+00 0.000E+00 0.000E+00 0.000E+00 0.000E+00
 7.5  -1 5.120E-06 5.120E-06 0.000E+00 0.000E+00 0.000E+00 0.000E+00 0.000E+00 0.000E+00
 8.5  -1 1.778E-06 1.778E-06 0.000E+00 0.000E+00 0.000E+00 0.000E+00 0.000E+00 0.000E+00
 0.5   1 3.474E-04 3.474E-04 0.000E+00 0.000E+00 0.000E+00 0.000E+00 0.000E+00 0.000E+00
 1.5   1 1.137E-03 1.137E-03 0.000E+00 0.000E+00 0.000E+00 0.000E+00 0.000E+00 0.000E+00
 2.5   1 2.101E-03 2.101E-03 0.000E+00 0.000E+00 0.000E+00 0.000E+00 0.000E+00 0.000E+00
 3.5   1 1.743E-03 1.743E-03 0.000E+00 0.000E+00 0.000E+00 0.000E+00 0.000E+00 0.000E+00
 4.5   1 1.130E-03 1.130E-03 0.000E+00 0.000E+00 0.000E+00 0.000E+00 0.000E+00 0.000E+00
 5.5   1 5.493E-04 5.493E-04 0.000E+00 0.000E+00 0.000E+00 0.000E+00 0.000E+00 0.000E+00
 6.5   1 6.832E-05 6.832E-05 0.000E+00 0.000E+00 0.000E+00 0.000E+00 0.000E+00 0.000E+00
 7.5   1 2.588E-05 2.588E-05 0.000E+00 0.000E+00 0.000E+00 0.000E+00 0.000E+00 0.000E+00
 8.5   1 3.654E-07 3.654E-07 0.000E+00 0.000E+00 0.000E+00 0.000E+00 0.000E+00 0.000E+00
 9.5   1 1.176E-07 1.176E-07 0.000E+00 0.000E+00 0.000E+00 0.000E+00 0.000E+00 0.000E+00
  69   3.966 1.242E-02 -1 5.174E-03 2.891E-04 9.146E-04 1.250E-03 1.419E-03 8.679E-04 2.987E-04 1.265E-04 5.667E-06 1.962E-06
  69   3.966 1.242E-02  1 7.246E-03 3.574E-04 1.157E-03 2.124E-03 1.773E-03 1.164E-03 5.681E-04 7.382E-05 2.791E-05 4.190E-07
 0.5  -1 2.891E-04 2.891E-04 0.000E+00 0.000E+00 0.000E+00 0.000E+00 0.000E+00 0.000E+00
 1.5  -1 9.146E-04 9.146E-04 0.000E+00 0.000E+00 0.000E+00 0.000E+00 0.000E+00 0.000E+00
 2.5  -1 1.250E-03 1.250E-03 0.000E+00 0.000E+00 0.000E+00 0.000E+00 0.000E+00 0.000E+00
 3.5  -1 1.419E-03 1.419E-03 0.000E+00 0.000E+00 0.000E+00 0.000E+00 0.000E+00 0.000E+00
 4.5  -1 8.679E-04 8.679E-04 0.000E+00 0.000E+00 0.000E+00 0.000E+00 0.000E+00 0.000E+00
 5.5  -1 2.987E-04 2.987E-04 0.000E+00 0.000E+00 0.000E+00 0.000E+00 0.000E+00 0.000E+00
 6.5  -1 1.265E-04 1.265E-04 0.000E+00 0.000E+00 0.000E+00 0.000E+00 0.000E+00 0.000E+00
 7.5  -1 5.667E-06 5.667E-06 0.000E+00 0.000E+00 0.000E+00 0.000E+00 0.000E+00 0.000E+00
 8.5  -1 1.962E-06 1.962E-06 0.000E+00 0.000E+00 0.000E+00 0.000E+00 0.000E+00 0.000E+00
 0.5   1 3.574E-04 3.574E-04 0.000E+00 0.000E+00 0.000E+00 0.000E+00 0.000E+00 0.000E+00
 1.5   1 1.157E-03 1.157E-03 0.000E+00 0.000E+00 0.000E+00 0.000E+00 0.000E+00 0.000E+00
 2.5   1 2.124E-03 2.124E-03 0.000E+00 0.000E+00 0.000E+00 0.000E+00 0.000E+00 0.000E+00
 3.5   1 1.773E-03 1.773E-03 0.000E+00 0.000E+00 0.000E+00 0.000E+00 0.000E+00 0.000E+00
 4.5   1 1.164E-03 1.164E-03 0.000E+00 0.000E+00 0.000E+00 0.000E+00 0.000E+00 0.000E+00
 5.5   1 5.681E-04 5.681E-04 0.000E+00 0.000E+00 0.000E+00 0.000E+00 0.000E+00 0.000E+00
 6.5   1 7.382E-05 7.382E-05 0.000E+00 0.000E+00 0.000E+00 0.000E+00 0.000E+00 0.000E+00
 7.5   1 2.791E-05 2.791E-05 0.000E+00 0.000E+00 0.000E+00 0.000E+00 0.000E+00 0.000E+00
 8.5   1 4.190E-07 4.190E-07 0.000E+00 0.000E+00 0.000E+00 0.000E+00 0.000E+00 0.000E+00
 9.5   1 1.343E-07 1.343E-07 0.000E+00 0.000E+00 0.000E+00 0.000E+00 0.000E+00 0.000E+00
  68   3.927 1.255E-02 -1 5.225E-03 2.922E-04 9.203E-04 1.258E-03 1.428E-03 8.779E-04 3.088E-04 1.308E-04 6.213E-06 2.144E-06
  68   3.927 1.255E-02  1 7.329E-03 3.645E-04 1.167E-03 2.129E-03 1.789E-03 1.188E-03 5.817E-04 7.910E-05 2.984E-05 4.776E-07
 0.5  -1 2.922E-04 2.922E-04 0.000E+00 0.000E+00 0.000E+00 0.000E+00 0.000E+00 0.000E+00
 1.5  -1 9.203E-04 9.203E-04 0.000E+00 0.000E+00 0.000E+00 0.000E+00 0.000E+00 0.000E+00
 2.5  -1 1.258E-03 1.258E-03 0.000E+00 0.000E+00 0.000E+00 0.000E+00 0.000E+00 0.000E+00
 3.5  -1 1.428E-03 1.428E-03 0.000E+00 0.000E+00 0.000E+00 0.000E+00 0.000E+00 0.000E+00
 4.5  -1 8.779E-04 8.779E-04 0.000E+00 0.000E+00 0.000E+00 0.000E+00 0.000E+00 0.000E+00
 5.5  -1 3.088E-04 3.088E-04 0.000E+00 0.000E+00 0.000E+00 0.000E+00 0.000E+00 0.000E+00
 6.5  -1 1.308E-04 1.308E-04 0.000E+00 0.000E+00 0.000E+00 0.000E+00 0.000E+00 0.000E+00
 7.5  -1 6.213E-06 6.213E-06 0.000E+00 0.000E+00 0.000E+00 0.000E+00 0.000E+00 0.000E+00
 8.5  -1 2.144E-06 2.144E-06 0.000E+00 0.000E+00 0.000E+00 0.000E+00 0.000E+00 0.000E+00
 9.5  -1 1.245E-08 1.245E-08 0.000E+00 0.000E+00 0.000E+00 0.000E+00 0.000E+00 0.000E+00
 0.5   1 3.645E-04 3.645E-04 0.000E+00 0.000E+00 0.000E+00 0.000E+00 0.000E+00 0.000E+00
 1.5   1 1.167E-03 1.167E-03 0.000E+00 0.000E+00 0.000E+00 0.000E+00 0.000E+00 0.000E+00
 2.5   1 2.129E-03 2.129E-03 0.000E+00 0.000E+00 0.000E+00 0.000E+00 0.000E+00 0.000E+00
 3.5   1 1.789E-03 1.789E-03 0.000E+00 0.000E+00 0.000E+00 0.000E+00 0.000E+00 0.000E+00
 4.5   1 1.188E-03 1.188E-03 0.000E+00 0.000E+00 0.000E+00 0.000E+00 0.000E+00 0.000E+00
 5.5   1 5.817E-04 5.817E-04 0.000E+00 0.000E+00 0.000E+00 0.000E+00 0.000E+00 0.000E+00
 6.5   1 7.910E-05 7.910E-05 0.000E+00 0.000E+00 0.000E+00 0.000E+00 0.000E+00 0.000E+00
 7.5   1 2.984E-05 2.984E-05 0.000E+00 0.000E+00 0.000E+00 0.000E+00 0.000E+00 0.000E+00
 8.5   1 4.776E-07 4.776E-07 0.000E+00 0.000E+00 0.000E+00 0.000E+00 0.000E+00 0.000E+00
 9.5   1 1.525E-07 1.525E-07 0.000E+00 0.000E+00 0.000E+00 0.000E+00 0.000E+00 0.000E+00
  67   3.887 1.277E-02 -1 5.304E-03 2.967E-04 9.304E-04 1.273E-03 1.445E-03 8.928E-04 3.207E-04 1.360E-04 6.825E-06 2.347E-06
  67   3.887 1.277E-02  1 7.463E-03 3.736E-04 1.185E-03 2.149E-03 1.817E-03 1.221E-03 5.997E-04 8.493E-05 3.197E-05 5.424E-07
 0.5  -1 2.967E-04 2.967E-04 0.000E+00 0.000E+00 0.000E+00 0.000E+00 0.000E+00 0.000E+00
 1.5  -1 9.304E-04 9.304E-04 0.000E+00 0.000E+00 0.000E+00 0.000E+00 0.000E+00 0.000E+00
 2.5  -1 1.273E-03 1.273E-03 0.000E+00 0.000E+00 0.000E+00 0.000E+00 0.000E+00 0.000E+00
 3.5  -1 1.445E-03 1.445E-03 0.000E+00 0.000E+00 0.000E+00 0.000E+00 0.000E+00 0.000E+00
 4.5  -1 8.928E-04 8.928E-04 0.000E+00 0.000E+00 0.000E+00 0.000E+00 0.000E+00 0.000E+00
 5.5  -1 3.207E-04 3.207E-04 0.000E+00 0.000E+00 0.000E+00 0.000E+00 0.000E+00 0.000E+00
 6.5  -1 1.360E-04 1.360E-04 0.000E+00 0.000E+00 0.000E+00 0.000E+00 0.000E+00 0.000E+00
 7.5  -1 6.825E-06 6.825E-06 0.000E+00 0.000E+00 0.000E+00 0.000E+00 0.000E+00 0.000E+00
 8.5  -1 2.347E-06 2.347E-06 0.000E+00 0.000E+00 0.000E+00 0.000E+00 0.000E+00 0.000E+00
 9.5  -1 1.443E-08 1.443E-08 0.000E+00 0.000E+00 0.000E+00 0.000E+00 0.000E+00 0.000E+00
 0.5   1 3.736E-04 3.736E-04 0.000E+00 0.000E+00 0.000E+00 0.000E+00 0.000E+00 0.000E+00
 1.5   1 1.185E-03 1.185E-03 0.000E+00 0.000E+00 0.000E+00 0.000E+00 0.000E+00 0.000E+00
 2.5   1 2.149E-03 2.149E-03 0.000E+00 0.000E+00 0.000E+00 0.000E+00 0.000E+00 0.000E+00
 3.5   1 1.817E-03 1.817E-03 0.000E+00 0.000E+00 0.000E+00 0.000E+00 0.000E+00 0.000E+00
 4.5   1 1.221E-03 1.221E-03 0.000E+00 0.000E+00 0.000E+00 0.000E+00 0.000E+00 0.000E+00
 5.5   1 5.997E-04 5.997E-04 0.000E+00 0.000E+00 0.000E+00 0.000E+00 0.000E+00 0.000E+00
 6.5   1 8.493E-05 8.493E-05 0.000E+00 0.000E+00 0.000E+00 0.000E+00 0.000E+00 0.000E+00
 7.5   1 3.197E-05 3.197E-05 0.000E+00 0.000E+00 0.000E+00 0.000E+00 0.000E+00 0.000E+00
 8.5   1 5.424E-07 5.424E-07 0.000E+00 0.000E+00 0.000E+00 0.000E+00 0.000E+00 0.000E+00
 9.5   1 1.725E-07 1.725E-07 0.000E+00 0.000E+00 0.000E+00 0.000E+00 0.000E+00 0.000E+00
  66   3.848 1.289E-02 -1 5.348E-03 2.993E-04 9.348E-04 1.280E-03 1.452E-03 9.019E-04 3.305E-04 1.402E-04 7.436E-06 2.548E-06
  66   3.848 1.289E-02  1 7.539E-03 3.800E-04 1.194E-03 2.154E-03 1.831E-03 1.243E-03 6.127E-04 9.045E-05 3.398E-05 6.131E-07
 0.5  -1 2.993E-04 2.993E-04 0.000E+00 0.000E+00 0.000E+00 0.000E+00 0.000E+00 0.000E+00
 1.5  -1 9.348E-04 9.348E-04 0.000E+00 0.000E+00 0.000E+00 0.000E+00 0.000E+00 0.000E+00
 2.5  -1 1.280E-03 1.280E-03 0.000E+00 0.000E+00 0.000E+00 0.000E+00 0.000E+00 0.000E+00
 3.5  -1 1.452E-03 1.452E-03 0.000E+00 0.000E+00 0.000E+00 0.000E+00 0.000E+00 0.000E+00
 4.5  -1 9.019E-04 9.019E-04 0.000E+00 0.000E+00 0.000E+00 0.000E+00 0.000E+00 0.000E+00
 5.5  -1 3.305E-04 3.305E-04 0.000E+00 0.000E+00 0.000E+00 0.000E+00 0.000E+00 0.000E+00
 6.5  -1 1.402E-04 1.402E-04 0.000E+00 0.000E+00 0.000E+00 0.000E+00 0.000E+00 0.000E+00
 7.5  -1 7.436E-06 7.436E-06 0.000E+00 0.000E+00 0.000E+00 0.000E+00 0.000E+00 0.000E+00
 8.5  -1 2.548E-06 2.548E-06 0.000E+00 0.000E+00 0.000E+00 0.000E+00 0.000E+00 0.000E+00
 9.5  -1 1.665E-08 1.665E-08 0.000E+00 0.000E+00 0.000E+00 0.000E+00 0.000E+00 0.000E+00
 0.5   1 3.800E-04 3.800E-04 0.000E+00 0.000E+00 0.000E+00 0.000E+00 0.000E+00 0.000E+00
 1.5   1 1.194E-03 1.194E-03 0.000E+00 0.000E+00 0.000E+00 0.000E+00 0.000E+00 0.000E+00
 2.5   1 2.154E-03 2.154E-03 0.000E+00 0.000E+00 0.000E+00 0.000E+00 0.000E+00 0.000E+00
 3.5   1 1.831E-03 1.831E-03 0.000E+00 0.000E+00 0.000E+00 0.000E+00 0.000E+00 0.000E+00
 4.5   1 1.243E-03 1.243E-03 0.000E+00 0.000E+00 0.000E+00 0.000E+00 0.000E+00 0.000E+00
 5.5   1 6.127E-04 6.127E-04 0.000E+00 0.000E+00 0.000E+00 0.000E+00 0.000E+00 0.000E+00
 6.5   1 9.045E-05 9.045E-05 0.000E+00 0.000E+00 0.000E+00 0.000E+00 0.000E+00 0.000E+00
 7.5   1 3.398E-05 3.398E-05 0.000E+00 0.000E+00 0.000E+00 0.000E+00 0.000E+00 0.000E+00
 8.5   1 6.131E-07 6.131E-07 0.000E+00 0.000E+00 0.000E+00 0.000E+00 0.000E+00 0.000E+00
 9.5   1 1.942E-07 1.942E-07 0.000E+00 0.000E+00 0.000E+00 0.000E+00 0.000E+00 0.000E+00
  65   3.809 1.303E-02 -1 5.401E-03 3.023E-04 9.403E-04 1.288E-03 1.462E-03 9.126E-04 3.408E-04 1.447E-04 8.095E-06 2.764E-06
  65   3.809 1.303E-02  1 7.633E-03 3.869E-04 1.205E-03 2.164E-03 1.849E-03 1.268E-03 6.273E-04 9.631E-05 3.610E-05 6.900E-07
 0.5  -1 3.023E-04 3.023E-04 0.000E+00 0.000E+00 0.000E+00 0.000E+00 0.000E+00 0.000E+00
 1.5  -1 9.403E-04 9.403E-04 0.000E+00 0.000E+00 0.000E+00 0.000E+00 0.000E+00 0.000E+00
 2.5  -1 1.288E-03 1.288E-03 0.000E+00 0.000E+00 0.000E+00 0.000E+00 0.000E+00 0.000E+00
 3.5  -1 1.462E-03 1.462E-03 0.000E+00 0.000E+00 0.000E+00 0.000E+00 0.000E+00 0.000E+00
 4.5  -1 9.126E-04 9.126E-04 0.000E+00 0.000E+00 0.000E+00 0.000E+00 0.000E+00 0.000E+00
 5.5  -1 3.408E-04 3.408E-04 0.000E+00 0.000E+00 0.000E+00 0.000E+00 0.000E+00 0.000E+00
 6.5  -1 1.447E-04 1.447E-04 0.000E+00 0.000E+00 0.000E+00 0.000E+00 0.000E+00 0.000E+00
 7.5  -1 8.095E-06 8.095E-06 0.000E+00 0.000E+00 0.000E+00 0.000E+00 0.000E+00 0.000E+00
 8.5  -1 2.764E-06 2.764E-06 0.000E+00 0.000E+00 0.000E+00 0.000E+00 0.000E+00 0.000E+00
 9.5  -1 1.910E-08 1.910E-08 0.000E+00 0.000E+00 0.000E+00 0.000E+00 0.000E+00 0.000E+00
 0.5   1 3.869E-04 3.869E-04 0.000E+00 0.000E+00 0.000E+00 0.000E+00 0.000E+00 0.000E+00
 1.5   1 1.205E-03 1.205E-03 0.000E+00 0.000E+00 0.000E+00 0.000E+00 0.000E+00 0.000E+00
 2.5   1 2.164E-03 2.164E-03 0.000E+00 0.000E+00 0.000E+00 0.000E+00 0.000E+00 0.000E+00
 3.5   1 1.849E-03 1.849E-03 0.000E+00 0.000E+00 0.000E+00 0.000E+00 0.000E+00 0.000E+00
 4.5   1 1.268E-03 1.268E-03 0.000E+00 0.000E+00 0.000E+00 0.000E+00 0.000E+00 0.000E+00
 5.5   1 6.273E-04 6.273E-04 0.000E+00 0.000E+00 0.000E+00 0.000E+00 0.000E+00 0.000E+00
 6.5   1 9.631E-05 9.631E-05 0.000E+00 0.000E+00 0.000E+00 0.000E+00 0.000E+00 0.000E+00
 7.5   1 3.610E-05 3.610E-05 0.000E+00 0.000E+00 0.000E+00 0.000E+00 0.000E+00 0.000E+00
 8.5   1 6.900E-07 6.900E-07 0.000E+00 0.000E+00 0.000E+00 0.000E+00 0.000E+00 0.000E+00
 9.5   1 2.177E-07 2.177E-07 0.000E+00 0.000E+00 0.000E+00 0.000E+00 0.000E+00 0.000E+00
  64   3.770 1.316E-02 -1 5.445E-03 3.048E-04 9.441E-04 1.294E-03 1.469E-03 9.217E-04 3.505E-04 1.490E-04 8.778E-06 2.987E-06
  64   3.770 1.316E-02  1 7.711E-03 3.928E-04 1.214E-03 2.169E-03 1.864E-03 1.290E-03 6.404E-04 1.021E-04 3.819E-05 7.739E-07
 0.5  -1 3.048E-04 3.048E-04 0.000E+00 0.000E+00 0.000E+00 0.000E+00 0.000E+00 0.000E+00
 1.5  -1 9.441E-04 9.441E-04 0.000E+00 0.000E+00 0.000E+00 0.000E+00 0.000E+00 0.000E+00
 2.5  -1 1.294E-03 1.294E-03 0.000E+00 0.000E+00 0.000E+00 0.000E+00 0.000E+00 0.000E+00
 3.5  -1 1.469E-03 1.469E-03 0.000E+00 0.000E+00 0.000E+00 0.000E+00 0.000E+00 0.000E+00
 4.5  -1 9.217E-04 9.217E-04 0.000E+00 0.000E+00 0.000E+00 0.000E+00 0.000E+00 0.000E+00
 5.5  -1 3.505E-04 3.505E-04 0.000E+00 0.000E+00 0.000E+00 0.000E+00 0.000E+00 0.000E+00
 6.5  -1 1.490E-04 1.490E-04 0.000E+00 0.000E+00 0.000E+00 0.000E+00 0.000E+00 0.000E+00
 7.5  -1 8.778E-06 8.778E-06 0.000E+00 0.000E+00 0.000E+00 0.000E+00 0.000E+00 0.000E+00
 8.5  -1 2.987E-06 2.987E-06 0.000E+00 0.000E+00 0.000E+00 0.000E+00 0.000E+00 0.000E+00
 9.5  -1 2.184E-08 2.184E-08 0.000E+00 0.000E+00 0.000E+00 0.000E+00 0.000E+00 0.000E+00
 0.5   1 3.928E-04 3.928E-04 0.000E+00 0.000E+00 0.000E+00 0.000E+00 0.000E+00 0.000E+00
 1.5   1 1.214E-03 1.214E-03 0.000E+00 0.000E+00 0.000E+00 0.000E+00 0.000E+00 0.000E+00
 2.5   1 2.169E-03 2.169E-03 0.000E+00 0.000E+00 0.000E+00 0.000E+00 0.000E+00 0.000E+00
 3.5   1 1.864E-03 1.864E-03 0.000E+00 0.000E+00 0.000E+00 0.000E+00 0.000E+00 0.000E+00
 4.5   1 1.290E-03 1.290E-03 0.000E+00 0.000E+00 0.000E+00 0.000E+00 0.000E+00 0.000E+00
 5.5   1 6.404E-04 6.404E-04 0.000E+00 0.000E+00 0.000E+00 0.000E+00 0.000E+00 0.000E+00
 6.5   1 1.021E-04 1.021E-04 0.000E+00 0.000E+00 0.000E+00 0.000E+00 0.000E+00 0.000E+00
 7.5   1 3.819E-05 3.819E-05 0.000E+00 0.000E+00 0.000E+00 0.000E+00 0.000E+00 0.000E+00
 8.5   1 7.739E-07 7.739E-07 0.000E+00 0.000E+00 0.000E+00 0.000E+00 0.000E+00 0.000E+00
 9.5   1 2.431E-07 2.431E-07 0.000E+00 0.000E+00 0.000E+00 0.000E+00 0.000E+00 0.000E+00
  63   3.730 1.324E-02 -1 5.472E-03 3.062E-04 9.451E-04 1.296E-03 1.471E-03 9.281E-04 3.590E-04 1.527E-04 9.471E-06 3.210E-06
  63   3.730 1.324E-02  1 7.765E-03 3.975E-04 1.219E-03 2.168E-03 1.873E-03 1.307E-03 6.515E-04 1.078E-04 4.024E-05 8.640E-07
 0.5  -1 3.062E-04 3.062E-04 0.000E+00 0.000E+00 0.000E+00 0.000E+00 0.000E+00 0.000E+00
 1.5  -1 9.451E-04 9.451E-04 0.000E+00 0.000E+00 0.000E+00 0.000E+00 0.000E+00 0.000E+00
 2.5  -1 1.296E-03 1.296E-03 0.000E+00 0.000E+00 0.000E+00 0.000E+00 0.000E+00 0.000E+00
 3.5  -1 1.471E-03 1.471E-03 0.000E+00 0.000E+00 0.000E+00 0.000E+00 0.000E+00 0.000E+00
 4.5  -1 9.281E-04 9.281E-04 0.000E+00 0.000E+00 0.000E+00 0.000E+00 0.000E+00 0.000E+00
 5.5  -1 3.590E-04 3.590E-04 0.000E+00 0.000E+00 0.000E+00 0.000E+00 0.000E+00 0.000E+00
 6.5  -1 1.527E-04 1.527E-04 0.000E+00 0.000E+00 0.000E+00 0.000E+00 0.000E+00 0.000E+00
 7.5  -1 9.471E-06 9.471E-06 0.000E+00 0.000E+00 0.000E+00 0.000E+00 0.000E+00 0.000E+00
 8.5  -1 3.210E-06 3.210E-06 0.000E+00 0.000E+00 0.000E+00 0.000E+00 0.000E+00 0.000E+00
 9.5  -1 2.485E-08 2.485E-08 0.000E+00 0.000E+00 0.000E+00 0.000E+00 0.000E+00 0.000E+00
 0.5   1 3.975E-04 3.975E-04 0.000E+00 0.000E+00 0.000E+00 0.000E+00 0.000E+00 0.000E+00
 1.5   1 1.219E-03 1.219E-03 0.000E+00 0.000E+00 0.000E+00 0.000E+00 0.000E+00 0.000E+00
 2.5   1 2.168E-03 2.168E-03 0.000E+00 0.000E+00 0.000E+00 0.000E+00 0.000E+00 0.000E+00
 3.5   1 1.873E-03 1.873E-03 0.000E+00 0.000E+00 0.000E+00 0.000E+00 0.000E+00 0.000E+00
 4.5   1 1.307E-03 1.307E-03 0.000E+00 0.000E+00 0.000E+00 0.000E+00 0.000E+00 0.000E+00
 5.5   1 6.515E-04 6.515E-04 0.000E+00 0.000E+00 0.000E+00 0.000E+00 0.000E+00 0.000E+00
 6.5   1 1.078E-04 1.078E-04 0.000E+00 0.000E+00 0.000E+00 0.000E+00 0.000E+00 0.000E+00
 7.5   1 4.024E-05 4.024E-05 0.000E+00 0.000E+00 0.000E+00 0.000E+00 0.000E+00 0.000E+00
 8.5   1 8.640E-07 8.640E-07 0.000E+00 0.000E+00 0.000E+00 0.000E+00 0.000E+00 0.000E+00
 9.5   1 2.701E-07 2.701E-07 0.000E+00 0.000E+00 0.000E+00 0.000E+00 0.000E+00 0.000E+00
  62   3.691 1.336E-02 -1 5.513E-03 3.083E-04 9.482E-04 1.302E-03 1.478E-03 9.371E-04 3.685E-04 1.569E-04 1.023E-05 3.452E-06
  62   3.691 1.336E-02  1 7.843E-03 4.029E-04 1.228E-03 2.174E-03 1.888E-03 1.328E-03 6.646E-04 1.139E-04 4.241E-05 9.616E-07
 0.5  -1 3.083E-04 3.083E-04 0.000E+00 0.000E+00 0.000E+00 0.000E+00 0.000E+00 0.000E+00
 1.5  -1 9.482E-04 9.482E-04 0.000E+00 0.000E+00 0.000E+00 0.000E+00 0.000E+00 0.000E+00
 2.5  -1 1.302E-03 1.302E-03 0.000E+00 0.000E+00 0.000E+00 0.000E+00 0.000E+00 0.000E+00
 3.5  -1 1.478E-03 1.478E-03 0.000E+00 0.000E+00 0.000E+00 0.000E+00 0.000E+00 0.000E+00
 4.5  -1 9.371E-04 9.371E-04 0.000E+00 0.000E+00 0.000E+00 0.000E+00 0.000E+00 0.000E+00
 5.5  -1 3.685E-04 3.685E-04 0.000E+00 0.000E+00 0.000E+00 0.000E+00 0.000E+00 0.000E+00
 6.5  -1 1.569E-04 1.569E-04 0.000E+00 0.000E+00 0.000E+00 0.000E+00 0.000E+00 0.000E+00
 7.5  -1 1.023E-05 1.023E-05 0.000E+00 0.000E+00 0.000E+00 0.000E+00 0.000E+00 0.000E+00
 8.5  -1 3.452E-06 3.452E-06 0.000E+00 0.000E+00 0.000E+00 0.000E+00 0.000E+00 0.000E+00
 9.5  -1 2.815E-08 2.815E-08 0.000E+00 0.000E+00 0.000E+00 0.000E+00 0.000E+00 0.000E+00
 0.5   1 4.029E-04 4.029E-04 0.000E+00 0.000E+00 0.000E+00 0.000E+00 0.000E+00 0.000E+00
 1.5   1 1.228E-03 1.228E-03 0.000E+00 0.000E+00 0.000E+00 0.000E+00 0.000E+00 0.000E+00
 2.5   1 2.174E-03 2.174E-03 0.000E+00 0.000E+00 0.000E+00 0.000E+00 0.000E+00 0.000E+00
 3.5   1 1.888E-03 1.888E-03 0.000E+00 0.000E+00 0.000E+00 0.000E+00 0.000E+00 0.000E+00
 4.5   1 1.328E-03 1.328E-03 0.000E+00 0.000E+00 0.000E+00 0.000E+00 0.000E+00 0.000E+00
 5.5   1 6.646E-04 6.646E-04 0.000E+00 0.000E+00 0.000E+00 0.000E+00 0.000E+00 0.000E+00
 6.5   1 1.139E-04 1.139E-04 0.000E+00 0.000E+00 0.000E+00 0.000E+00 0.000E+00 0.000E+00
 7.5   1 4.241E-05 4.241E-05 0.000E+00 0.000E+00 0.000E+00 0.000E+00 0.000E+00 0.000E+00
 8.5   1 9.616E-07 9.616E-07 0.000E+00 0.000E+00 0.000E+00 0.000E+00 0.000E+00 0.000E+00
 9.5   1 2.993E-07 2.993E-07 0.000E+00 0.000E+00 0.000E+00 0.000E+00 0.000E+00 0.000E+00
  61   3.652 1.339E-02 -1 5.523E-03 3.088E-04 9.462E-04 1.300E-03 1.476E-03 9.407E-04 3.758E-04 1.601E-04 1.096E-05 3.684E-06
  61   3.652 1.339E-02  1 7.871E-03 4.059E-04 1.229E-03 2.167E-03 1.891E-03 1.340E-03 6.733E-04 1.195E-04 4.438E-05 1.066E-06
 0.5  -1 3.088E-04 3.088E-04 0.000E+00 0.000E+00 0.000E+00 0.000E+00 0.000E+00 0.000E+00
 1.5  -1 9.462E-04 9.462E-04 0.000E+00 0.000E+00 0.000E+00 0.000E+00 0.000E+00 0.000E+00
 2.5  -1 1.300E-03 1.300E-03 0.000E+00 0.000E+00 0.000E+00 0.000E+00 0.000E+00 0.000E+00
 3.5  -1 1.476E-03 1.476E-03 0.000E+00 0.000E+00 0.000E+00 0.000E+00 0.000E+00 0.000E+00
 4.5  -1 9.407E-04 9.407E-04 0.000E+00 0.000E+00 0.000E+00 0.000E+00 0.000E+00 0.000E+00
 5.5  -1 3.758E-04 3.758E-04 0.000E+00 0.000E+00 0.000E+00 0.000E+00 0.000E+00 0.000E+00
 6.5  -1 1.601E-04 1.601E-04 0.000E+00 0.000E+00 0.000E+00 0.000E+00 0.000E+00 0.000E+00
 7.5  -1 1.096E-05 1.096E-05 0.000E+00 0.000E+00 0.000E+00 0.000E+00 0.000E+00 0.000E+00
 8.5  -1 3.684E-06 3.684E-06 0.000E+00 0.000E+00 0.000E+00 0.000E+00 0.000E+00 0.000E+00
 9.5  -1 3.181E-08 3.181E-08 0.000E+00 0.000E+00 0.000E+00 0.000E+00 0.000E+00 0.000E+00
 0.5   1 4.059E-04 4.059E-04 0.000E+00 0.000E+00 0.000E+00 0.000E+00 0.000E+00 0.000E+00
 1.5   1 1.229E-03 1.229E-03 0.000E+00 0.000E+00 0.000E+00 0.000E+00 0.000E+00 0.000E+00
 2.5   1 2.167E-03 2.167E-03 0.000E+00 0.000E+00 0.000E+00 0.000E+00 0.000E+00 0.000E+00
 3.5   1 1.891E-03 1.891E-03 0.000E+00 0.000E+00 0.000E+00 0.000E+00 0.000E+00 0.000E+00
 4.5   1 1.340E-03 1.340E-03 0.000E+00 0.000E+00 0.000E+00 0.000E+00 0.000E+00 0.000E+00
 5.5   1 6.733E-04 6.733E-04 0.000E+00 0.000E+00 0.000E+00 0.000E+00 0.000E+00 0.000E+00
 6.5   1 1.195E-04 1.195E-04 0.000E+00 0.000E+00 0.000E+00 0.000E+00 0.000E+00 0.000E+00
 7.5   1 4.438E-05 4.438E-05 0.000E+00 0.000E+00 0.000E+00 0.000E+00 0.000E+00 0.000E+00
 8.5   1 1.066E-06 1.066E-06 0.000E+00 0.000E+00 0.000E+00 0.000E+00 0.000E+00 0.000E+00
 9.5   1 3.302E-07 3.302E-07 0.000E+00 0.000E+00 0.000E+00 0.000E+00 0.000E+00 0.000E+00
  60   3.613 1.350E-02 -1 5.556E-03 3.103E-04 9.478E-04 1.304E-03 1.481E-03 9.486E-04 3.848E-04 1.641E-04 1.177E-05 3.942E-06
  60   3.613 1.350E-02  1 7.941E-03 4.106E-04 1.236E-03 2.171E-03 1.904E-03 1.360E-03 6.857E-04 1.258E-04 4.659E-05 1.179E-06
 0.5  -1 3.103E-04 3.103E-04 0.000E+00 0.000E+00 0.000E+00 0.000E+00 0.000E+00 0.000E+00
 1.5  -1 9.478E-04 9.478E-04 0.000E+00 0.000E+00 0.000E+00 0.000E+00 0.000E+00 0.000E+00
 2.5  -1 1.304E-03 1.304E-03 0.000E+00 0.000E+00 0.000E+00 0.000E+00 0.000E+00 0.000E+00
 3.5  -1 1.481E-03 1.481E-03 0.000E+00 0.000E+00 0.000E+00 0.000E+00 0.000E+00 0.000E+00
 4.5  -1 9.486E-04 9.486E-04 0.000E+00 0.000E+00 0.000E+00 0.000E+00 0.000E+00 0.000E+00
 5.5  -1 3.848E-04 3.848E-04 0.000E+00 0.000E+00 0.000E+00 0.000E+00 0.000E+00 0.000E+00
 6.5  -1 1.641E-04 1.641E-04 0.000E+00 0.000E+00 0.000E+00 0.000E+00 0.000E+00 0.000E+00
 7.5  -1 1.177E-05 1.177E-05 0.000E+00 0.000E+00 0.000E+00 0.000E+00 0.000E+00 0.000E+00
 8.5  -1 3.942E-06 3.942E-06 0.000E+00 0.000E+00 0.000E+00 0.000E+00 0.000E+00 0.000E+00
 9.5  -1 3.579E-08 3.579E-08 0.000E+00 0.000E+00 0.000E+00 0.000E+00 0.000E+00 0.000E+00
 0.5   1 4.106E-04 4.106E-04 0.000E+00 0.000E+00 0.000E+00 0.000E+00 0.000E+00 0.000E+00
 1.5   1 1.236E-03 1.236E-03 0.000E+00 0.000E+00 0.000E+00 0.000E+00 0.000E+00 0.000E+00
 2.5   1 2.171E-03 2.171E-03 0.000E+00 0.000E+00 0.000E+00 0.000E+00 0.000E+00 0.000E+00
 3.5   1 1.904E-03 1.904E-03 0.000E+00 0.000E+00 0.000E+00 0.000E+00 0.000E+00 0.000E+00
 4.5   1 1.360E-03 1.360E-03 0.000E+00 0.000E+00 0.000E+00 0.000E+00 0.000E+00 0.000E+00
 5.5   1 6.857E-04 6.857E-04 0.000E+00 0.000E+00 0.000E+00 0.000E+00 0.000E+00 0.000E+00
 6.5   1 1.258E-04 1.258E-04 0.000E+00 0.000E+00 0.000E+00 0.000E+00 0.000E+00 0.000E+00
 7.5   1 4.659E-05 4.659E-05 0.000E+00 0.000E+00 0.000E+00 0.000E+00 0.000E+00 0.000E+00
 8.5   1 1.179E-06 1.179E-06 0.000E+00 0.000E+00 0.000E+00 0.000E+00 0.000E+00 0.000E+00
 9.5   1 3.633E-07 3.633E-07 0.000E+00 0.000E+00 0.000E+00 0.000E+00 0.000E+00 0.000E+00
  59   3.573 1.352E-02 -1 5.562E-03 3.103E-04 9.448E-04 1.301E-03 1.478E-03 9.517E-04 3.916E-04 1.672E-04 1.256E-05 4.189E-06
  59   3.573 1.352E-02  1 7.963E-03 4.129E-04 1.236E-03 2.163E-03 1.906E-03 1.370E-03 6.937E-04 1.314E-04 4.856E-05 1.299E-06
 0.5  -1 3.103E-04 3.103E-04 0.000E+00 0.000E+00 0.000E+00 0.000E+00 0.000E+00 0.000E+00
 1.5  -1 9.448E-04 9.448E-04 0.000E+00 0.000E+00 0.000E+00 0.000E+00 0.000E+00 0.000E+00
 2.5  -1 1.301E-03 1.301E-03 0.000E+00 0.000E+00 0.000E+00 0.000E+00 0.000E+00 0.000E+00
 3.5  -1 1.478E-03 1.478E-03 0.000E+00 0.000E+00 0.000E+00 0.000E+00 0.000E+00 0.000E+00
 4.5  -1 9.517E-04 9.517E-04 0.000E+00 0.000E+00 0.000E+00 0.000E+00 0.000E+00 0.000E+00
 5.5  -1 3.916E-04 3.916E-04 0.000E+00 0.000E+00 0.000E+00 0.000E+00 0.000E+00 0.000E+00
 6.5  -1 1.672E-04 1.672E-04 0.000E+00 0.000E+00 0.000E+00 0.000E+00 0.000E+00 0.000E+00
 7.5  -1 1.256E-05 1.256E-05 0.000E+00 0.000E+00 0.000E+00 0.000E+00 0.000E+00 0.000E+00
 8.5  -1 4.189E-06 4.189E-06 0.000E+00 0.000E+00 0.000E+00 0.000E+00 0.000E+00 0.000E+00
 9.5  -1 4.016E-08 4.016E-08 0.000E+00 0.000E+00 0.000E+00 0.000E+00 0.000E+00 0.000E+00
 0.5   1 4.129E-04 4.129E-04 0.000E+00 0.000E+00 0.000E+00 0.000E+00 0.000E+00 0.000E+00
 1.5   1 1.236E-03 1.236E-03 0.000E+00 0.000E+00 0.000E+00 0.000E+00 0.000E+00 0.000E+00
 2.5   1 2.163E-03 2.163E-03 0.000E+00 0.000E+00 0.000E+00 0.000E+00 0.000E+00 0.000E+00
 3.5   1 1.906E-03 1.906E-03 0.000E+00 0.000E+00 0.000E+00 0.000E+00 0.000E+00 0.000E+00
 4.5   1 1.370E-03 1.370E-03 0.000E+00 0.000E+00 0.000E+00 0.000E+00 0.000E+00 0.000E+00
 5.5   1 6.937E-04 6.937E-04 0.000E+00 0.000E+00 0.000E+00 0.000E+00 0.000E+00 0.000E+00
 6.5   1 1.314E-04 1.314E-04 0.000E+00 0.000E+00 0.000E+00 0.000E+00 0.000E+00 0.000E+00
 7.5   1 4.856E-05 4.856E-05 0.000E+00 0.000E+00 0.000E+00 0.000E+00 0.000E+00 0.000E+00
 8.5   1 1.299E-06 1.299E-06 0.000E+00 0.000E+00 0.000E+00 0.000E+00 0.000E+00 0.000E+00
 9.5   1 3.984E-07 3.984E-07 0.000E+00 0.000E+00 0.000E+00 0.000E+00 0.000E+00 0.000E+00
  58   3.534 1.358E-02 -1 5.577E-03 3.106E-04 9.431E-04 1.301E-03 1.478E-03 9.565E-04 3.992E-04 1.706E-04 1.341E-05 4.453E-06
  58   3.534 1.358E-02  1 8.003E-03 4.157E-04 1.239E-03 2.159E-03 1.912E-03 1.384E-03 7.034E-04 1.375E-04 5.066E-05 1.427E-06
 0.5  -1 3.106E-04 3.106E-04 0.000E+00 0.000E+00 0.000E+00 0.000E+00 0.000E+00 0.000E+00
 1.5  -1 9.431E-04 9.431E-04 0.000E+00 0.000E+00 0.000E+00 0.000E+00 0.000E+00 0.000E+00
 2.5  -1 1.301E-03 1.301E-03 0.000E+00 0.000E+00 0.000E+00 0.000E+00 0.000E+00 0.000E+00
 3.5  -1 1.478E-03 1.478E-03 0.000E+00 0.000E+00 0.000E+00 0.000E+00 0.000E+00 0.000E+00
 4.5  -1 9.565E-04 9.565E-04 0.000E+00 0.000E+00 0.000E+00 0.000E+00 0.000E+00 0.000E+00
 5.5  -1 3.992E-04 3.992E-04 0.000E+00 0.000E+00 0.000E+00 0.000E+00 0.000E+00 0.000E+00
 6.5  -1 1.706E-04 1.706E-04 0.000E+00 0.000E+00 0.000E+00 0.000E+00 0.000E+00 0.000E+00
 7.5  -1 1.341E-05 1.341E-05 0.000E+00 0.000E+00 0.000E+00 0.000E+00 0.000E+00 0.000E+00
 8.5  -1 4.453E-06 4.453E-06 0.000E+00 0.000E+00 0.000E+00 0.000E+00 0.000E+00 0.000E+00
 9.5  -1 4.490E-08 4.490E-08 0.000E+00 0.000E+00 0.000E+00 0.000E+00 0.000E+00 0.000E+00
10.5  -1 1.241E-08 1.241E-08 0.000E+00 0.000E+00 0.000E+00 0.000E+00 0.000E+00 0.000E+00
 0.5   1 4.157E-04 4.157E-04 0.000E+00 0.000E+00 0.000E+00 0.000E+00 0.000E+00 0.000E+00
 1.5   1 1.239E-03 1.239E-03 0.000E+00 0.000E+00 0.000E+00 0.000E+00 0.000E+00 0.000E+00
 2.5   1 2.159E-03 2.159E-03 0.000E+00 0.000E+00 0.000E+00 0.000E+00 0.000E+00 0.000E+00
 3.5   1 1.912E-03 1.912E-03 0.000E+00 0.000E+00 0.000E+00 0.000E+00 0.000E+00 0.000E+00
 4.5   1 1.384E-03 1.384E-03 0.000E+00 0.000E+00 0.000E+00 0.000E+00 0.000E+00 0.000E+00
 5.5   1 7.034E-04 7.034E-04 0.000E+00 0.000E+00 0.000E+00 0.000E+00 0.000E+00 0.000E+00
 6.5   1 1.375E-04 1.375E-04 0.000E+00 0.000E+00 0.000E+00 0.000E+00 0.000E+00 0.000E+00
 7.5   1 5.066E-05 5.066E-05 0.000E+00 0.000E+00 0.000E+00 0.000E+00 0.000E+00 0.000E+00
 8.5   1 1.427E-06 1.427E-06 0.000E+00 0.000E+00 0.000E+00 0.000E+00 0.000E+00 0.000E+00
 9.5   1 4.353E-07 4.353E-07 0.000E+00 0.000E+00 0.000E+00 0.000E+00 0.000E+00 0.000E+00
  57   3.495 1.361E-02 -1 5.584E-03 3.105E-04 9.401E-04 1.299E-03 1.475E-03 9.601E-04 4.061E-04 1.738E-04 1.428E-05 4.719E-06
  57   3.495 1.361E-02  1 8.028E-03 4.178E-04 1.239E-03 2.153E-03 1.915E-03 1.395E-03 7.116E-04 1.433E-04 5.267E-05 1.563E-06
 0.5  -1 3.105E-04 3.105E-04 0.000E+00 0.000E+00 0.000E+00 0.000E+00 0.000E+00 0.000E+00
 1.5  -1 9.401E-04 9.401E-04 0.000E+00 0.000E+00 0.000E+00 0.000E+00 0.000E+00 0.000E+00
 2.5  -1 1.299E-03 1.299E-03 0.000E+00 0.000E+00 0.000E+00 0.000E+00 0.000E+00 0.000E+00
 3.5  -1 1.475E-03 1.475E-03 0.000E+00 0.000E+00 0.000E+00 0.000E+00 0.000E+00 0.000E+00
 4.5  -1 9.601E-04 9.601E-04 0.000E+00 0.000E+00 0.000E+00 0.000E+00 0.000E+00 0.000E+00
 5.5  -1 4.061E-04 4.061E-04 0.000E+00 0.000E+00 0.000E+00 0.000E+00 0.000E+00 0.000E+00
 6.5  -1 1.738E-04 1.738E-04 0.000E+00 0.000E+00 0.000E+00 0.000E+00 0.000E+00 0.000E+00
 7.5  -1 1.428E-05 1.428E-05 0.000E+00 0.000E+00 0.000E+00 0.000E+00 0.000E+00 0.000E+00
 8.5  -1 4.719E-06 4.719E-06 0.000E+00 0.000E+00 0.000E+00 0.000E+00 0.000E+00 0.000E+00
 9.5  -1 5.007E-08 5.007E-08 0.000E+00 0.000E+00 0.000E+00 0.000E+00 0.000E+00 0.000E+00
10.5  -1 1.375E-08 1.375E-08 0.000E+00 0.000E+00 0.000E+00 0.000E+00 0.000E+00 0.000E+00
 0.5   1 4.178E-04 4.178E-04 0.000E+00 0.000E+00 0.000E+00 0.000E+00 0.000E+00 0.000E+00
 1.5   1 1.239E-03 1.239E-03 0.000E+00 0.000E+00 0.000E+00 0.000E+00 0.000E+00 0.000E+00
 2.5   1 2.153E-03 2.153E-03 0.000E+00 0.000E+00 0.000E+00 0.000E+00 0.000E+00 0.000E+00
 3.5   1 1.915E-03 1.915E-03 0.000E+00 0.000E+00 0.000E+00 0.000E+00 0.000E+00 0.000E+00
 4.5   1 1.395E-03 1.395E-03 0.000E+00 0.000E+00 0.000E+00 0.000E+00 0.000E+00 0.000E+00
 5.5   1 7.116E-04 7.116E-04 0.000E+00 0.000E+00 0.000E+00 0.000E+00 0.000E+00 0.000E+00
 6.5   1 1.433E-04 1.433E-04 0.000E+00 0.000E+00 0.000E+00 0.000E+00 0.000E+00 0.000E+00
 7.5   1 5.267E-05 5.267E-05 0.000E+00 0.000E+00 0.000E+00 0.000E+00 0.000E+00 0.000E+00
 8.5   1 1.563E-06 1.563E-06 0.000E+00 0.000E+00 0.000E+00 0.000E+00 0.000E+00 0.000E+00
 9.5   1 4.744E-07 4.744E-07 0.000E+00 0.000E+00 0.000E+00 0.000E+00 0.000E+00 0.000E+00
  56   3.455 1.362E-02 -1 5.579E-03 3.097E-04 9.351E-04 1.294E-03 1.470E-03 9.618E-04 4.121E-04 1.766E-04 1.514E-05 4.981E-06
  56   3.455 1.362E-02  1 8.038E-03 4.188E-04 1.237E-03 2.142E-03 1.914E-03 1.402E-03 7.182E-04 1.490E-04 5.461E-05 1.707E-06
 0.5  -1 3.097E-04 3.097E-04 0.000E+00 0.000E+00 0.000E+00 0.000E+00 0.000E+00 0.000E+00
 1.5  -1 9.351E-04 9.351E-04 0.000E+00 0.000E+00 0.000E+00 0.000E+00 0.000E+00 0.000E+00
 2.5  -1 1.294E-03 1.294E-03 0.000E+00 0.000E+00 0.000E+00 0.000E+00 0.000E+00 0.000E+00
 3.5  -1 1.470E-03 1.470E-03 0.000E+00 0.000E+00 0.000E+00 0.000E+00 0.000E+00 0.000E+00
 4.5  -1 9.618E-04 9.618E-04 0.000E+00 0.000E+00 0.000E+00 0.000E+00 0.000E+00 0.000E+00
 5.5  -1 4.121E-04 4.121E-04 0.000E+00 0.000E+00 0.000E+00 0.000E+00 0.000E+00 0.000E+00
 6.5  -1 1.766E-04 1.766E-04 0.000E+00 0.000E+00 0.000E+00 0.000E+00 0.000E+00 0.000E+00
 7.5  -1 1.514E-05 1.514E-05 0.000E+00 0.000E+00 0.000E+00 0.000E+00 0.000E+00 0.000E+00
 8.5  -1 4.981E-06 4.981E-06 0.000E+00 0.000E+00 0.000E+00 0.000E+00 0.000E+00 0.000E+00
 9.5  -1 5.567E-08 5.567E-08 0.000E+00 0.000E+00 0.000E+00 0.000E+00 0.000E+00 0.000E+00
10.5  -1 1.518E-08 1.518E-08 0.000E+00 0.000E+00 0.000E+00 0.000E+00 0.000E+00 0.000E+00
 0.5   1 4.188E-04 4.188E-04 0.000E+00 0.000E+00 0.000E+00 0.000E+00 0.000E+00 0.000E+00
 1.5   1 1.237E-03 1.237E-03 0.000E+00 0.000E+00 0.000E+00 0.000E+00 0.000E+00 0.000E+00
 2.5   1 2.142E-03 2.142E-03 0.000E+00 0.000E+00 0.000E+00 0.000E+00 0.000E+00 0.000E+00
 3.5   1 1.914E-03 1.914E-03 0.000E+00 0.000E+00 0.000E+00 0.000E+00 0.000E+00 0.000E+00
 4.5   1 1.402E-03 1.402E-03 0.000E+00 0.000E+00 0.000E+00 0.000E+00 0.000E+00 0.000E+00
 5.5   1 7.182E-04 7.182E-04 0.000E+00 0.000E+00 0.000E+00 0.000E+00 0.000E+00 0.000E+00
 6.5   1 1.490E-04 1.490E-04 0.000E+00 0.000E+00 0.000E+00 0.000E+00 0.000E+00 0.000E+00
 7.5   1 5.461E-05 5.461E-05 0.000E+00 0.000E+00 0.000E+00 0.000E+00 0.000E+00 0.000E+00
 8.5   1 1.707E-06 1.707E-06 0.000E+00 0.000E+00 0.000E+00 0.000E+00 0.000E+00 0.000E+00
 9.5   1 5.153E-07 5.153E-07 0.000E+00 0.000E+00 0.000E+00 0.000E+00 0.000E+00 0.000E+00
  55   3.416 1.365E-02 -1 5.588E-03 3.095E-04 9.320E-04 1.292E-03 1.468E-03 9.658E-04 4.191E-04 1.798E-04 1.608E-05 5.265E-06
  55   3.416 1.365E-02  1 8.066E-03 4.206E-04 1.238E-03 2.137E-03 1.917E-03 1.413E-03 7.267E-04 1.551E-04 5.666E-05 1.860E-06
 0.5  -1 3.095E-04 3.095E-04 0.000E+00 0.000E+00 0.000E+00 0.000E+00 0.000E+00 0.000E+00
 1.5  -1 9.320E-04 9.320E-04 0.000E+00 0.000E+00 0.000E+00 0.000E+00 0.000E+00 0.000E+00
 2.5  -1 1.292E-03 1.292E-03 0.000E+00 0.000E+00 0.000E+00 0.000E+00 0.000E+00 0.000E+00
 3.5  -1 1.468E-03 1.468E-03 0.000E+00 0.000E+00 0.000E+00 0.000E+00 0.000E+00 0.000E+00
 4.5  -1 9.658E-04 9.658E-04 0.000E+00 0.000E+00 0.000E+00 0.000E+00 0.000E+00 0.000E+00
 5.5  -1 4.191E-04 4.191E-04 0.000E+00 0.000E+00 0.000E+00 0.000E+00 0.000E+00 0.000E+00
 6.5  -1 1.798E-04 1.798E-04 0.000E+00 0.000E+00 0.000E+00 0.000E+00 0.000E+00 0.000E+00
 7.5  -1 1.608E-05 1.608E-05 0.000E+00 0.000E+00 0.000E+00 0.000E+00 0.000E+00 0.000E+00
 8.5  -1 5.265E-06 5.265E-06 0.000E+00 0.000E+00 0.000E+00 0.000E+00 0.000E+00 0.000E+00
 9.5  -1 6.171E-08 6.171E-08 0.000E+00 0.000E+00 0.000E+00 0.000E+00 0.000E+00 0.000E+00
10.5  -1 1.671E-08 1.671E-08 0.000E+00 0.000E+00 0.000E+00 0.000E+00 0.000E+00 0.000E+00
 0.5   1 4.206E-04 4.206E-04 0.000E+00 0.000E+00 0.000E+00 0.000E+00 0.000E+00 0.000E+00
 1.5   1 1.238E-03 1.238E-03 0.000E+00 0.000E+00 0.000E+00 0.000E+00 0.000E+00 0.000E+00
 2.5   1 2.137E-03 2.137E-03 0.000E+00 0.000E+00 0.000E+00 0.000E+00 0.000E+00 0.000E+00
 3.5   1 1.917E-03 1.917E-03 0.000E+00 0.000E+00 0.000E+00 0.000E+00 0.000E+00 0.000E+00
 4.5   1 1.413E-03 1.413E-03 0.000E+00 0.000E+00 0.000E+00 0.000E+00 0.000E+00 0.000E+00
 5.5   1 7.267E-04 7.267E-04 0.000E+00 0.000E+00 0.000E+00 0.000E+00 0.000E+00 0.000E+00
 6.5   1 1.551E-04 1.551E-04 0.000E+00 0.000E+00 0.000E+00 0.000E+00 0.000E+00 0.000E+00
 7.5   1 5.666E-05 5.666E-05 0.000E+00 0.000E+00 0.000E+00 0.000E+00 0.000E+00 0.000E+00
 8.5   1 1.860E-06 1.860E-06 0.000E+00 0.000E+00 0.000E+00 0.000E+00 0.000E+00 0.000E+00
 9.5   1 5.584E-07 5.584E-07 0.000E+00 0.000E+00 0.000E+00 0.000E+00 0.000E+00 0.000E+00
  54   3.377 1.363E-02 -1 5.572E-03 3.080E-04 9.252E-04 1.284E-03 1.460E-03 9.658E-04 4.241E-04 1.821E-04 1.697E-05 5.529E-06
  54   3.377 1.363E-02  1 8.057E-03 4.205E-04 1.233E-03 2.122E-03 1.912E-03 1.417E-03 7.314E-04 1.605E-04 5.846E-05 2.021E-06
 0.5  -1 3.080E-04 3.080E-04 0.000E+00 0.000E+00 0.000E+00 0.000E+00 0.000E+00 0.000E+00
 1.5  -1 9.252E-04 9.252E-04 0.000E+00 0.000E+00 0.000E+00 0.000E+00 0.000E+00 0.000E+00
 2.5  -1 1.284E-03 1.284E-03 0.000E+00 0.000E+00 0.000E+00 0.000E+00 0.000E+00 0.000E+00
 3.5  -1 1.460E-03 1.460E-03 0.000E+00 0.000E+00 0.000E+00 0.000E+00 0.000E+00 0.000E+00
 4.5  -1 9.658E-04 9.658E-04 0.000E+00 0.000E+00 0.000E+00 0.000E+00 0.000E+00 0.000E+00
 5.5  -1 4.241E-04 4.241E-04 0.000E+00 0.000E+00 0.000E+00 0.000E+00 0.000E+00 0.000E+00
 6.5  -1 1.821E-04 1.821E-04 0.000E+00 0.000E+00 0.000E+00 0.000E+00 0.000E+00 0.000E+00
 7.5  -1 1.697E-05 1.697E-05 0.000E+00 0.000E+00 0.000E+00 0.000E+00 0.000E+00 0.000E+00
 8.5  -1 5.529E-06 5.529E-06 0.000E+00 0.000E+00 0.000E+00 0.000E+00 0.000E+00 0.000E+00
 9.5  -1 6.827E-08 6.827E-08 0.000E+00 0.000E+00 0.000E+00 0.000E+00 0.000E+00 0.000E+00
10.5  -1 1.835E-08 1.835E-08 0.000E+00 0.000E+00 0.000E+00 0.000E+00 0.000E+00 0.000E+00
 0.5   1 4.205E-04 4.205E-04 0.000E+00 0.000E+00 0.000E+00 0.000E+00 0.000E+00 0.000E+00
 1.5   1 1.233E-03 1.233E-03 0.000E+00 0.000E+00 0.000E+00 0.000E+00 0.000E+00 0.000E+00
 2.5   1 2.122E-03 2.122E-03 0.000E+00 0.000E+00 0.000E+00 0.000E+00 0.000E+00 0.000E+00
 3.5   1 1.912E-03 1.912E-03 0.000E+00 0.000E+00 0.000E+00 0.000E+00 0.000E+00 0.000E+00
 4.5   1 1.417E-03 1.417E-03 0.000E+00 0.000E+00 0.000E+00 0.000E+00 0.000E+00 0.000E+00
 5.5   1 7.314E-04 7.314E-04 0.000E+00 0.000E+00 0.000E+00 0.000E+00 0.000E+00 0.000E+00
 6.5   1 1.605E-04 1.605E-04 0.000E+00 0.000E+00 0.000E+00 0.000E+00 0.000E+00 0.000E+00
 7.5   1 5.846E-05 5.846E-05 0.000E+00 0.000E+00 0.000E+00 0.000E+00 0.000E+00 0.000E+00
 8.5   1 2.021E-06 2.021E-06 0.000E+00 0.000E+00 0.000E+00 0.000E+00 0.000E+00 0.000E+00
 9.5   1 6.031E-07 6.031E-07 0.000E+00 0.000E+00 0.000E+00 0.000E+00 0.000E+00 0.000E+00
  53   3.338 1.366E-02 -1 5.578E-03 3.074E-04 9.215E-04 1.282E-03 1.458E-03 9.696E-04 4.309E-04 1.853E-04 1.796E-05 5.825E-06
  53   3.338 1.366E-02  1 8.084E-03 4.218E-04 1.233E-03 2.116E-03 1.916E-03 1.427E-03 7.396E-04 1.666E-04 6.053E-05 2.191E-06
 0.5  -1 3.074E-04 3.074E-04 0.000E+00 0.000E+00 0.000E+00 0.000E+00 0.000E+00 0.000E+00
 1.5  -1 9.215E-04 9.215E-04 0.000E+00 0.000E+00 0.000E+00 0.000E+00 0.000E+00 0.000E+00
 2.5  -1 1.282E-03 1.282E-03 0.000E+00 0.000E+00 0.000E+00 0.000E+00 0.000E+00 0.000E+00
 3.5  -1 1.458E-03 1.458E-03 0.000E+00 0.000E+00 0.000E+00 0.000E+00 0.000E+00 0.000E+00
 4.5  -1 9.696E-04 9.696E-04 0.000E+00 0.000E+00 0.000E+00 0.000E+00 0.000E+00 0.000E+00
 5.5  -1 4.309E-04 4.309E-04 0.000E+00 0.000E+00 0.000E+00 0.000E+00 0.000E+00 0.000E+00
 6.5  -1 1.853E-04 1.853E-04 0.000E+00 0.000E+00 0.000E+00 0.000E+00 0.000E+00 0.000E+00
 7.5  -1 1.796E-05 1.796E-05 0.000E+00 0.000E+00 0.000E+00 0.000E+00 0.000E+00 0.000E+00
 8.5  -1 5.825E-06 5.825E-06 0.000E+00 0.000E+00 0.000E+00 0.000E+00 0.000E+00 0.000E+00
 9.5  -1 7.533E-08 7.533E-08 0.000E+00 0.000E+00 0.000E+00 0.000E+00 0.000E+00 0.000E+00
10.5  -1 2.010E-08 2.010E-08 0.000E+00 0.000E+00 0.000E+00 0.000E+00 0.000E+00 0.000E+00
 0.5   1 4.218E-04 4.218E-04 0.000E+00 0.000E+00 0.000E+00 0.000E+00 0.000E+00 0.000E+00
 1.5   1 1.233E-03 1.233E-03 0.000E+00 0.000E+00 0.000E+00 0.000E+00 0.000E+00 0.000E+00
 2.5   1 2.116E-03 2.116E-03 0.000E+00 0.000E+00 0.000E+00 0.000E+00 0.000E+00 0.000E+00
 3.5   1 1.916E-03 1.916E-03 0.000E+00 0.000E+00 0.000E+00 0.000E+00 0.000E+00 0.000E+00
 4.5   1 1.427E-03 1.427E-03 0.000E+00 0.000E+00 0.000E+00 0.000E+00 0.000E+00 0.000E+00
 5.5   1 7.396E-04 7.396E-04 0.000E+00 0.000E+00 0.000E+00 0.000E+00 0.000E+00 0.000E+00
 6.5   1 1.666E-04 1.666E-04 0.000E+00 0.000E+00 0.000E+00 0.000E+00 0.000E+00 0.000E+00
 7.5   1 6.053E-05 6.053E-05 0.000E+00 0.000E+00 0.000E+00 0.000E+00 0.000E+00 0.000E+00
 8.5   1 2.191E-06 2.191E-06 0.000E+00 0.000E+00 0.000E+00 0.000E+00 0.000E+00 0.000E+00
 9.5   1 6.501E-07 6.501E-07 0.000E+00 0.000E+00 0.000E+00 0.000E+00 0.000E+00 0.000E+00
  52   3.298 1.363E-02 -1 5.562E-03 3.057E-04 9.144E-04 1.275E-03 1.450E-03 9.697E-04 4.358E-04 1.876E-04 1.891E-05 6.100E-06
  52   3.298 1.363E-02  1 8.072E-03 4.212E-04 1.228E-03 2.102E-03 1.911E-03 1.430E-03 7.439E-04 1.720E-04 6.228E-05 2.370E-06
 0.5  -1 3.057E-04 3.057E-04 0.000E+00 0.000E+00 0.000E+00 0.000E+00 0.000E+00 0.000E+00
 1.5  -1 9.144E-04 9.144E-04 0.000E+00 0.000E+00 0.000E+00 0.000E+00 0.000E+00 0.000E+00
 2.5  -1 1.275E-03 1.275E-03 0.000E+00 0.000E+00 0.000E+00 0.000E+00 0.000E+00 0.000E+00
 3.5  -1 1.450E-03 1.450E-03 0.000E+00 0.000E+00 0.000E+00 0.000E+00 0.000E+00 0.000E+00
 4.5  -1 9.697E-04 9.697E-04 0.000E+00 0.000E+00 0.000E+00 0.000E+00 0.000E+00 0.000E+00
 5.5  -1 4.358E-04 4.358E-04 0.000E+00 0.000E+00 0.000E+00 0.000E+00 0.000E+00 0.000E+00
 6.5  -1 1.876E-04 1.876E-04 0.000E+00 0.000E+00 0.000E+00 0.000E+00 0.000E+00 0.000E+00
 7.5  -1 1.891E-05 1.891E-05 0.000E+00 0.000E+00 0.000E+00 0.000E+00 0.000E+00 0.000E+00
 8.5  -1 6.100E-06 6.100E-06 0.000E+00 0.000E+00 0.000E+00 0.000E+00 0.000E+00 0.000E+00
 9.5  -1 8.296E-08 8.296E-08 0.000E+00 0.000E+00 0.000E+00 0.000E+00 0.000E+00 0.000E+00
10.5  -1 2.198E-08 2.198E-08 0.000E+00 0.000E+00 0.000E+00 0.000E+00 0.000E+00 0.000E+00
 0.5   1 4.212E-04 4.212E-04 0.000E+00 0.000E+00 0.000E+00 0.000E+00 0.000E+00 0.000E+00
 1.5   1 1.228E-03 1.228E-03 0.000E+00 0.000E+00 0.000E+00 0.000E+00 0.000E+00 0.000E+00
 2.5   1 2.102E-03 2.102E-03 0.000E+00 0.000E+00 0.000E+00 0.000E+00 0.000E+00 0.000E+00
 3.5   1 1.911E-03 1.911E-03 0.000E+00 0.000E+00 0.000E+00 0.000E+00 0.000E+00 0.000E+00
 4.5   1 1.430E-03 1.430E-03 0.000E+00 0.000E+00 0.000E+00 0.000E+00 0.000E+00 0.000E+00
 5.5   1 7.439E-04 7.439E-04 0.000E+00 0.000E+00 0.000E+00 0.000E+00 0.000E+00 0.000E+00
 6.5   1 1.720E-04 1.720E-04 0.000E+00 0.000E+00 0.000E+00 0.000E+00 0.000E+00 0.000E+00
 7.5   1 6.228E-05 6.228E-05 0.000E+00 0.000E+00 0.000E+00 0.000E+00 0.000E+00 0.000E+00
 8.5   1 2.370E-06 2.370E-06 0.000E+00 0.000E+00 0.000E+00 0.000E+00 0.000E+00 0.000E+00
 9.5   1 6.989E-07 6.989E-07 0.000E+00 0.000E+00 0.000E+00 0.000E+00 0.000E+00 0.000E+00
  51   3.259 1.364E-02 -1 5.558E-03 3.044E-04 9.088E-04 1.270E-03 1.444E-03 9.718E-04 4.415E-04 1.904E-04 1.992E-05 6.396E-06
  51   3.259 1.364E-02  1 8.080E-03 4.213E-04 1.225E-03 2.092E-03 1.910E-03 1.436E-03 7.501E-04 1.779E-04 6.421E-05 2.558E-06
 0.5  -1 3.044E-04 3.044E-04 0.000E+00 0.000E+00 0.000E+00 0.000E+00 0.000E+00 0.000E+00
 1.5  -1 9.088E-04 9.088E-04 0.000E+00 0.000E+00 0.000E+00 0.000E+00 0.000E+00 0.000E+00
 2.5  -1 1.270E-03 1.270E-03 0.000E+00 0.000E+00 0.000E+00 0.000E+00 0.000E+00 0.000E+00
 3.5  -1 1.444E-03 1.444E-03 0.000E+00 0.000E+00 0.000E+00 0.000E+00 0.000E+00 0.000E+00
 4.5  -1 9.718E-04 9.718E-04 0.000E+00 0.000E+00 0.000E+00 0.000E+00 0.000E+00 0.000E+00
 5.5  -1 4.415E-04 4.415E-04 0.000E+00 0.000E+00 0.000E+00 0.000E+00 0.000E+00 0.000E+00
 6.5  -1 1.904E-04 1.904E-04 0.000E+00 0.000E+00 0.000E+00 0.000E+00 0.000E+00 0.000E+00
 7.5  -1 1.992E-05 1.992E-05 0.000E+00 0.000E+00 0.000E+00 0.000E+00 0.000E+00 0.000E+00
 8.5  -1 6.396E-06 6.396E-06 0.000E+00 0.000E+00 0.000E+00 0.000E+00 0.000E+00 0.000E+00
 9.5  -1 9.115E-08 9.115E-08 0.000E+00 0.000E+00 0.000E+00 0.000E+00 0.000E+00 0.000E+00
10.5  -1 2.397E-08 2.397E-08 0.000E+00 0.000E+00 0.000E+00 0.000E+00 0.000E+00 0.000E+00
 0.5   1 4.213E-04 4.213E-04 0.000E+00 0.000E+00 0.000E+00 0.000E+00 0.000E+00 0.000E+00
 1.5   1 1.225E-03 1.225E-03 0.000E+00 0.000E+00 0.000E+00 0.000E+00 0.000E+00 0.000E+00
 2.5   1 2.092E-03 2.092E-03 0.000E+00 0.000E+00 0.000E+00 0.000E+00 0.000E+00 0.000E+00
 3.5   1 1.910E-03 1.910E-03 0.000E+00 0.000E+00 0.000E+00 0.000E+00 0.000E+00 0.000E+00
 4.5   1 1.436E-03 1.436E-03 0.000E+00 0.000E+00 0.000E+00 0.000E+00 0.000E+00 0.000E+00
 5.5   1 7.501E-04 7.501E-04 0.000E+00 0.000E+00 0.000E+00 0.000E+00 0.000E+00 0.000E+00
 6.5   1 1.779E-04 1.779E-04 0.000E+00 0.000E+00 0.000E+00 0.000E+00 0.000E+00 0.000E+00
 7.5   1 6.421E-05 6.421E-05 0.000E+00 0.000E+00 0.000E+00 0.000E+00 0.000E+00 0.000E+00
 8.5   1 2.558E-06 2.558E-06 0.000E+00 0.000E+00 0.000E+00 0.000E+00 0.000E+00 0.000E+00
 9.5   1 7.495E-07 7.495E-07 0.000E+00 0.000E+00 0.000E+00 0.000E+00 0.000E+00 0.000E+00
  50   3.220 1.362E-02 -1 5.547E-03 3.029E-04 9.024E-04 1.264E-03 1.438E-03 9.730E-04 4.468E-04 1.929E-04 2.095E-05 6.690E-06
  50   3.220 1.362E-02  1 8.076E-03 4.208E-04 1.221E-03 2.080E-03 1.907E-03 1.440E-03 7.550E-04 1.834E-04 6.600E-05 2.756E-06
 0.5  -1 3.029E-04 3.029E-04 0.000E+00 0.000E+00 0.000E+00 0.000E+00 0.000E+00 0.000E+00
 1.5  -1 9.024E-04 9.024E-04 0.000E+00 0.000E+00 0.000E+00 0.000E+00 0.000E+00 0.000E+00
 2.5  -1 1.264E-03 1.264E-03 0.000E+00 0.000E+00 0.000E+00 0.000E+00 0.000E+00 0.000E+00
 3.5  -1 1.438E-03 1.438E-03 0.000E+00 0.000E+00 0.000E+00 0.000E+00 0.000E+00 0.000E+00
 4.5  -1 9.730E-04 9.730E-04 0.000E+00 0.000E+00 0.000E+00 0.000E+00 0.000E+00 0.000E+00
 5.5  -1 4.468E-04 4.468E-04 0.000E+00 0.000E+00 0.000E+00 0.000E+00 0.000E+00 0.000E+00
 6.5  -1 1.929E-04 1.929E-04 0.000E+00 0.000E+00 0.000E+00 0.000E+00 0.000E+00 0.000E+00
 7.5  -1 2.095E-05 2.095E-05 0.000E+00 0.000E+00 0.000E+00 0.000E+00 0.000E+00 0.000E+00
 8.5  -1 6.690E-06 6.690E-06 0.000E+00 0.000E+00 0.000E+00 0.000E+00 0.000E+00 0.000E+00
 9.5  -1 9.997E-08 9.997E-08 0.000E+00 0.000E+00 0.000E+00 0.000E+00 0.000E+00 0.000E+00
10.5  -1 2.609E-08 2.609E-08 0.000E+00 0.000E+00 0.000E+00 0.000E+00 0.000E+00 0.000E+00
 0.5   1 4.208E-04 4.208E-04 0.000E+00 0.000E+00 0.000E+00 0.000E+00 0.000E+00 0.000E+00
 1.5   1 1.221E-03 1.221E-03 0.000E+00 0.000E+00 0.000E+00 0.000E+00 0.000E+00 0.000E+00
 2.5   1 2.080E-03 2.080E-03 0.000E+00 0.000E+00 0.000E+00 0.000E+00 0.000E+00 0.000E+00
 3.5   1 1.907E-03 1.907E-03 0.000E+00 0.000E+00 0.000E+00 0.000E+00 0.000E+00 0.000E+00
 4.5   1 1.440E-03 1.440E-03 0.000E+00 0.000E+00 0.000E+00 0.000E+00 0.000E+00 0.000E+00
 5.5   1 7.550E-04 7.550E-04 0.000E+00 0.000E+00 0.000E+00 0.000E+00 0.000E+00 0.000E+00
 6.5   1 1.834E-04 1.834E-04 0.000E+00 0.000E+00 0.000E+00 0.000E+00 0.000E+00 0.000E+00
 7.5   1 6.600E-05 6.600E-05 0.000E+00 0.000E+00 0.000E+00 0.000E+00 0.000E+00 0.000E+00
 8.5   1 2.756E-06 2.756E-06 0.000E+00 0.000E+00 0.000E+00 0.000E+00 0.000E+00 0.000E+00
 9.5   1 8.021E-07 8.021E-07 0.000E+00 0.000E+00 0.000E+00 0.000E+00 0.000E+00 0.000E+00
  49   3.180 1.359E-02 -1 5.531E-03 3.009E-04 8.950E-04 1.256E-03 1.430E-03 9.732E-04 4.515E-04 1.952E-04 2.197E-05 6.978E-06
  49   3.180 1.359E-02  1 8.063E-03 4.198E-04 1.215E-03 2.065E-03 1.902E-03 1.442E-03 7.589E-04 1.888E-04 6.771E-05 2.962E-06
 0.5  -1 3.009E-04 3.009E-04 0.000E+00 0.000E+00 0.000E+00 0.000E+00 0.000E+00 0.000E+00
 1.5  -1 8.950E-04 8.950E-04 0.000E+00 0.000E+00 0.000E+00 0.000E+00 0.000E+00 0.000E+00
 2.5  -1 1.256E-03 1.256E-03 0.000E+00 0.000E+00 0.000E+00 0.000E+00 0.000E+00 0.000E+00
 3.5  -1 1.430E-03 1.430E-03 0.000E+00 0.000E+00 0.000E+00 0.000E+00 0.000E+00 0.000E+00
 4.5  -1 9.732E-04 9.732E-04 0.000E+00 0.000E+00 0.000E+00 0.000E+00 0.000E+00 0.000E+00
 5.5  -1 4.515E-04 4.515E-04 0.000E+00 0.000E+00 0.000E+00 0.000E+00 0.000E+00 0.000E+00
 6.5  -1 1.952E-04 1.952E-04 0.000E+00 0.000E+00 0.000E+00 0.000E+00 0.000E+00 0.000E+00
 7.5  -1 2.197E-05 2.197E-05 0.000E+00 0.000E+00 0.000E+00 0.000E+00 0.000E+00 0.000E+00
 8.5  -1 6.978E-06 6.978E-06 0.000E+00 0.000E+00 0.000E+00 0.000E+00 0.000E+00 0.000E+00
 9.5  -1 1.094E-07 1.094E-07 0.000E+00 0.000E+00 0.000E+00 0.000E+00 0.000E+00 0.000E+00
10.5  -1 2.834E-08 2.834E-08 0.000E+00 0.000E+00 0.000E+00 0.000E+00 0.000E+00 0.000E+00
 0.5   1 4.198E-04 4.198E-04 0.000E+00 0.000E+00 0.000E+00 0.000E+00 0.000E+00 0.000E+00
 1.5   1 1.215E-03 1.215E-03 0.000E+00 0.000E+00 0.000E+00 0.000E+00 0.000E+00 0.000E+00
 2.5   1 2.065E-03 2.065E-03 0.000E+00 0.000E+00 0.000E+00 0.000E+00 0.000E+00 0.000E+00
 3.5   1 1.902E-03 1.902E-03 0.000E+00 0.000E+00 0.000E+00 0.000E+00 0.000E+00 0.000E+00
 4.5   1 1.442E-03 1.442E-03 0.000E+00 0.000E+00 0.000E+00 0.000E+00 0.000E+00 0.000E+00
 5.5   1 7.589E-04 7.589E-04 0.000E+00 0.000E+00 0.000E+00 0.000E+00 0.000E+00 0.000E+00
 6.5   1 1.888E-04 1.888E-04 0.000E+00 0.000E+00 0.000E+00 0.000E+00 0.000E+00 0.000E+00
 7.5   1 6.771E-05 6.771E-05 0.000E+00 0.000E+00 0.000E+00 0.000E+00 0.000E+00 0.000E+00
 8.5   1 2.962E-06 2.962E-06 0.000E+00 0.000E+00 0.000E+00 0.000E+00 0.000E+00 0.000E+00
 9.5   1 8.563E-07 8.563E-07 0.000E+00 0.000E+00 0.000E+00 0.000E+00 0.000E+00 0.000E+00
  48   3.141 1.359E-02 -1 5.526E-03 2.994E-04 8.892E-04 1.252E-03 1.425E-03 9.755E-04 4.571E-04 1.980E-04 2.307E-05 7.290E-06
  48   3.141 1.359E-02  1 8.067E-03 4.193E-04 1.212E-03 2.055E-03 1.900E-03 1.447E-03 7.645E-04 1.946E-04 6.957E-05 3.178E-06
 0.5  -1 2.994E-04 2.994E-04 0.000E+00 0.000E+00 0.000E+00 0.000E+00 0.000E+00 0.000E+00
 1.5  -1 8.892E-04 8.892E-04 0.000E+00 0.000E+00 0.000E+00 0.000E+00 0.000E+00 0.000E+00
 2.5  -1 1.252E-03 1.252E-03 0.000E+00 0.000E+00 0.000E+00 0.000E+00 0.000E+00 0.000E+00
 3.5  -1 1.425E-03 1.425E-03 0.000E+00 0.000E+00 0.000E+00 0.000E+00 0.000E+00 0.000E+00
 4.5  -1 9.755E-04 9.755E-04 0.000E+00 0.000E+00 0.000E+00 0.000E+00 0.000E+00 0.000E+00
 5.5  -1 4.571E-04 4.571E-04 0.000E+00 0.000E+00 0.000E+00 0.000E+00 0.000E+00 0.000E+00
 6.5  -1 1.980E-04 1.980E-04 0.000E+00 0.000E+00 0.000E+00 0.000E+00 0.000E+00 0.000E+00
 7.5  -1 2.307E-05 2.307E-05 0.000E+00 0.000E+00 0.000E+00 0.000E+00 0.000E+00 0.000E+00
 8.5  -1 7.290E-06 7.290E-06 0.000E+00 0.000E+00 0.000E+00 0.000E+00 0.000E+00 0.000E+00
 9.5  -1 1.196E-07 1.196E-07 0.000E+00 0.000E+00 0.000E+00 0.000E+00 0.000E+00 0.000E+00
10.5  -1 3.072E-08 3.072E-08 0.000E+00 0.000E+00 0.000E+00 0.000E+00 0.000E+00 0.000E+00
 0.5   1 4.193E-04 4.193E-04 0.000E+00 0.000E+00 0.000E+00 0.000E+00 0.000E+00 0.000E+00
 1.5   1 1.212E-03 1.212E-03 0.000E+00 0.000E+00 0.000E+00 0.000E+00 0.000E+00 0.000E+00
 2.5   1 2.055E-03 2.055E-03 0.000E+00 0.000E+00 0.000E+00 0.000E+00 0.000E+00 0.000E+00
 3.5   1 1.900E-03 1.900E-03 0.000E+00 0.000E+00 0.000E+00 0.000E+00 0.000E+00 0.000E+00
 4.5   1 1.447E-03 1.447E-03 0.000E+00 0.000E+00 0.000E+00 0.000E+00 0.000E+00 0.000E+00
 5.5   1 7.645E-04 7.645E-04 0.000E+00 0.000E+00 0.000E+00 0.000E+00 0.000E+00 0.000E+00
 6.5   1 1.946E-04 1.946E-04 0.000E+00 0.000E+00 0.000E+00 0.000E+00 0.000E+00 0.000E+00
 7.5   1 6.957E-05 6.957E-05 0.000E+00 0.000E+00 0.000E+00 0.000E+00 0.000E+00 0.000E+00
 8.5   1 3.178E-06 3.178E-06 0.000E+00 0.000E+00 0.000E+00 0.000E+00 0.000E+00 0.000E+00
 9.5   1 9.124E-07 9.124E-07 0.000E+00 0.000E+00 0.000E+00 0.000E+00 0.000E+00 0.000E+00
  47   3.102 1.355E-02 -1 5.504E-03 2.971E-04 8.809E-04 1.243E-03 1.415E-03 9.749E-04 4.612E-04 2.001E-04 2.412E-05 7.576E-06
  47   3.102 1.355E-02  1 8.043E-03 4.175E-04 1.205E-03 2.039E-03 1.893E-03 1.447E-03 7.672E-04 1.997E-04 7.112E-05 3.403E-06
 0.5  -1 2.971E-04 2.971E-04 0.000E+00 0.000E+00 0.000E+00 0.000E+00 0.000E+00 0.000E+00
 1.5  -1 8.809E-04 8.809E-04 0.000E+00 0.000E+00 0.000E+00 0.000E+00 0.000E+00 0.000E+00
 2.5  -1 1.243E-03 1.243E-03 0.000E+00 0.000E+00 0.000E+00 0.000E+00 0.000E+00 0.000E+00
 3.5  -1 1.415E-03 1.415E-03 0.000E+00 0.000E+00 0.000E+00 0.000E+00 0.000E+00 0.000E+00
 4.5  -1 9.749E-04 9.749E-04 0.000E+00 0.000E+00 0.000E+00 0.000E+00 0.000E+00 0.000E+00
 5.5  -1 4.612E-04 4.612E-04 0.000E+00 0.000E+00 0.000E+00 0.000E+00 0.000E+00 0.000E+00
 6.5  -1 2.001E-04 2.001E-04 0.000E+00 0.000E+00 0.000E+00 0.000E+00 0.000E+00 0.000E+00
 7.5  -1 2.412E-05 2.412E-05 0.000E+00 0.000E+00 0.000E+00 0.000E+00 0.000E+00 0.000E+00
 8.5  -1 7.576E-06 7.576E-06 0.000E+00 0.000E+00 0.000E+00 0.000E+00 0.000E+00 0.000E+00
 9.5  -1 1.305E-07 1.305E-07 0.000E+00 0.000E+00 0.000E+00 0.000E+00 0.000E+00 0.000E+00
10.5  -1 3.327E-08 3.327E-08 0.000E+00 0.000E+00 0.000E+00 0.000E+00 0.000E+00 0.000E+00
 0.5   1 4.175E-04 4.175E-04 0.000E+00 0.000E+00 0.000E+00 0.000E+00 0.000E+00 0.000E+00
 1.5   1 1.205E-03 1.205E-03 0.000E+00 0.000E+00 0.000E+00 0.000E+00 0.000E+00 0.000E+00
 2.5   1 2.039E-03 2.039E-03 0.000E+00 0.000E+00 0.000E+00 0.000E+00 0.000E+00 0.000E+00
 3.5   1 1.893E-03 1.893E-03 0.000E+00 0.000E+00 0.000E+00 0.000E+00 0.000E+00 0.000E+00
 4.5   1 1.447E-03 1.447E-03 0.000E+00 0.000E+00 0.000E+00 0.000E+00 0.000E+00 0.000E+00
 5.5   1 7.672E-04 7.672E-04 0.000E+00 0.000E+00 0.000E+00 0.000E+00 0.000E+00 0.000E+00
 6.5   1 1.997E-04 1.997E-04 0.000E+00 0.000E+00 0.000E+00 0.000E+00 0.000E+00 0.000E+00
 7.5   1 7.112E-05 7.112E-05 0.000E+00 0.000E+00 0.000E+00 0.000E+00 0.000E+00 0.000E+00
 8.5   1 3.403E-06 3.403E-06 0.000E+00 0.000E+00 0.000E+00 0.000E+00 0.000E+00 0.000E+00
 9.5   1 9.700E-07 9.700E-07 0.000E+00 0.000E+00 0.000E+00 0.000E+00 0.000E+00 0.000E+00
  46   3.063 1.355E-02 -1 5.502E-03 2.956E-04 8.754E-04 1.239E-03 1.411E-03 9.778E-04 4.670E-04 2.030E-04 2.528E-05 7.901E-06
  46   3.063 1.355E-02  1 8.052E-03 4.170E-04 1.202E-03 2.031E-03 1.893E-03 1.453E-03 7.731E-04 2.058E-04 7.302E-05 3.639E-06
 0.5  -1 2.956E-04 2.956E-04 0.000E+00 0.000E+00 0.000E+00 0.000E+00 0.000E+00 0.000E+00
 1.5  -1 8.754E-04 8.754E-04 0.000E+00 0.000E+00 0.000E+00 0.000E+00 0.000E+00 0.000E+00
 2.5  -1 1.239E-03 1.239E-03 0.000E+00 0.000E+00 0.000E+00 0.000E+00 0.000E+00 0.000E+00
 3.5  -1 1.411E-03 1.411E-03 0.000E+00 0.000E+00 0.000E+00 0.000E+00 0.000E+00 0.000E+00
 4.5  -1 9.778E-04 9.778E-04 0.000E+00 0.000E+00 0.000E+00 0.000E+00 0.000E+00 0.000E+00
 5.5  -1 4.670E-04 4.670E-04 0.000E+00 0.000E+00 0.000E+00 0.000E+00 0.000E+00 0.000E+00
 6.5  -1 2.030E-04 2.030E-04 0.000E+00 0.000E+00 0.000E+00 0.000E+00 0.000E+00 0.000E+00
 7.5  -1 2.528E-05 2.528E-05 0.000E+00 0.000E+00 0.000E+00 0.000E+00 0.000E+00 0.000E+00
 8.5  -1 7.901E-06 7.901E-06 0.000E+00 0.000E+00 0.000E+00 0.000E+00 0.000E+00 0.000E+00
 9.5  -1 1.422E-07 1.422E-07 0.000E+00 0.000E+00 0.000E+00 0.000E+00 0.000E+00 0.000E+00
10.5  -1 3.597E-08 3.597E-08 0.000E+00 0.000E+00 0.000E+00 0.000E+00 0.000E+00 0.000E+00
 0.5   1 4.170E-04 4.170E-04 0.000E+00 0.000E+00 0.000E+00 0.000E+00 0.000E+00 0.000E+00
 1.5   1 1.202E-03 1.202E-03 0.000E+00 0.000E+00 0.000E+00 0.000E+00 0.000E+00 0.000E+00
 2.5   1 2.031E-03 2.031E-03 0.000E+00 0.000E+00 0.000E+00 0.000E+00 0.000E+00 0.000E+00
 3.5   1 1.893E-03 1.893E-03 0.000E+00 0.000E+00 0.000E+00 0.000E+00 0.000E+00 0.000E+00
 4.5   1 1.453E-03 1.453E-03 0.000E+00 0.000E+00 0.000E+00 0.000E+00 0.000E+00 0.000E+00
 5.5   1 7.731E-04 7.731E-04 0.000E+00 0.000E+00 0.000E+00 0.000E+00 0.000E+00 0.000E+00
 6.5   1 2.058E-04 2.058E-04 0.000E+00 0.000E+00 0.000E+00 0.000E+00 0.000E+00 0.000E+00
 7.5   1 7.302E-05 7.302E-05 0.000E+00 0.000E+00 0.000E+00 0.000E+00 0.000E+00 0.000E+00
 8.5   1 3.639E-06 3.639E-06 0.000E+00 0.000E+00 0.000E+00 0.000E+00 0.000E+00 0.000E+00
 9.5   1 1.029E-06 1.029E-06 0.000E+00 0.000E+00 0.000E+00 0.000E+00 0.000E+00 0.000E+00
  45   3.023 1.351E-02 -1 5.484E-03 2.933E-04 8.676E-04 1.232E-03 1.402E-03 9.779E-04 4.713E-04 2.052E-04 2.639E-05 8.199E-06
  45   3.023 1.351E-02  1 8.031E-03 4.152E-04 1.195E-03 2.015E-03 1.886E-03 1.453E-03 7.758E-04 2.108E-04 7.454E-05 3.884E-06
 0.5  -1 2.933E-04 2.933E-04 0.000E+00 0.000E+00 0.000E+00 0.000E+00 0.000E+00 0.000E+00
 1.5  -1 8.676E-04 8.676E-04 0.000E+00 0.000E+00 0.000E+00 0.000E+00 0.000E+00 0.000E+00
 2.5  -1 1.232E-03 1.232E-03 0.000E+00 0.000E+00 0.000E+00 0.000E+00 0.000E+00 0.000E+00
 3.5  -1 1.402E-03 1.402E-03 0.000E+00 0.000E+00 0.000E+00 0.000E+00 0.000E+00 0.000E+00
 4.5  -1 9.779E-04 9.779E-04 0.000E+00 0.000E+00 0.000E+00 0.000E+00 0.000E+00 0.000E+00
 5.5  -1 4.713E-04 4.713E-04 0.000E+00 0.000E+00 0.000E+00 0.000E+00 0.000E+00 0.000E+00
 6.5  -1 2.052E-04 2.052E-04 0.000E+00 0.000E+00 0.000E+00 0.000E+00 0.000E+00 0.000E+00
 7.5  -1 2.639E-05 2.639E-05 0.000E+00 0.000E+00 0.000E+00 0.000E+00 0.000E+00 0.000E+00
 8.5  -1 8.199E-06 8.199E-06 0.000E+00 0.000E+00 0.000E+00 0.000E+00 0.000E+00 0.000E+00
 9.5  -1 1.548E-07 1.548E-07 0.000E+00 0.000E+00 0.000E+00 0.000E+00 0.000E+00 0.000E+00
10.5  -1 3.884E-08 3.884E-08 0.000E+00 0.000E+00 0.000E+00 0.000E+00 0.000E+00 0.000E+00
 0.5   1 4.152E-04 4.152E-04 0.000E+00 0.000E+00 0.000E+00 0.000E+00 0.000E+00 0.000E+00
 1.5   1 1.195E-03 1.195E-03 0.000E+00 0.000E+00 0.000E+00 0.000E+00 0.000E+00 0.000E+00
 2.5   1 2.015E-03 2.015E-03 0.000E+00 0.000E+00 0.000E+00 0.000E+00 0.000E+00 0.000E+00
 3.5   1 1.886E-03 1.886E-03 0.000E+00 0.000E+00 0.000E+00 0.000E+00 0.000E+00 0.000E+00
 4.5   1 1.453E-03 1.453E-03 0.000E+00 0.000E+00 0.000E+00 0.000E+00 0.000E+00 0.000E+00
 5.5   1 7.758E-04 7.758E-04 0.000E+00 0.000E+00 0.000E+00 0.000E+00 0.000E+00 0.000E+00
 6.5   1 2.108E-04 2.108E-04 0.000E+00 0.000E+00 0.000E+00 0.000E+00 0.000E+00 0.000E+00
 7.5   1 7.454E-05 7.454E-05 0.000E+00 0.000E+00 0.000E+00 0.000E+00 0.000E+00 0.000E+00
 8.5   1 3.884E-06 3.884E-06 0.000E+00 0.000E+00 0.000E+00 0.000E+00 0.000E+00 0.000E+00
 9.5   1 1.091E-06 1.091E-06 0.000E+00 0.000E+00 0.000E+00 0.000E+00 0.000E+00 0.000E+00
  44   2.984 1.351E-02 -1 5.477E-03 2.916E-04 8.615E-04 1.227E-03 1.396E-03 9.801E-04 4.766E-04 2.079E-04 2.758E-05 8.523E-06
  44   2.984 1.351E-02  1 8.030E-03 4.141E-04 1.191E-03 2.005E-03 1.884E-03 1.457E-03 7.807E-04 2.166E-04 7.631E-05 4.140E-06
 0.5  -1 2.916E-04 2.916E-04 0.000E+00 0.000E+00 0.000E+00 0.000E+00 0.000E+00 0.000E+00
 1.5  -1 8.615E-04 8.615E-04 0.000E+00 0.000E+00 0.000E+00 0.000E+00 0.000E+00 0.000E+00
 2.5  -1 1.227E-03 1.227E-03 0.000E+00 0.000E+00 0.000E+00 0.000E+00 0.000E+00 0.000E+00
 3.5  -1 1.396E-03 1.396E-03 0.000E+00 0.000E+00 0.000E+00 0.000E+00 0.000E+00 0.000E+00
 4.5  -1 9.801E-04 9.801E-04 0.000E+00 0.000E+00 0.000E+00 0.000E+00 0.000E+00 0.000E+00
 5.5  -1 4.766E-04 4.766E-04 0.000E+00 0.000E+00 0.000E+00 0.000E+00 0.000E+00 0.000E+00
 6.5  -1 2.079E-04 2.079E-04 0.000E+00 0.000E+00 0.000E+00 0.000E+00 0.000E+00 0.000E+00
 7.5  -1 2.758E-05 2.758E-05 0.000E+00 0.000E+00 0.000E+00 0.000E+00 0.000E+00 0.000E+00
 8.5  -1 8.523E-06 8.523E-06 0.000E+00 0.000E+00 0.000E+00 0.000E+00 0.000E+00 0.000E+00
 9.5  -1 1.684E-07 1.684E-07 0.000E+00 0.000E+00 0.000E+00 0.000E+00 0.000E+00 0.000E+00
10.5  -1 4.189E-08 4.189E-08 0.000E+00 0.000E+00 0.000E+00 0.000E+00 0.000E+00 0.000E+00
 0.5   1 4.141E-04 4.141E-04 0.000E+00 0.000E+00 0.000E+00 0.000E+00 0.000E+00 0.000E+00
 1.5   1 1.191E-03 1.191E-03 0.000E+00 0.000E+00 0.000E+00 0.000E+00 0.000E+00 0.000E+00
 2.5   1 2.005E-03 2.005E-03 0.000E+00 0.000E+00 0.000E+00 0.000E+00 0.000E+00 0.000E+00
 3.5   1 1.884E-03 1.884E-03 0.000E+00 0.000E+00 0.000E+00 0.000E+00 0.000E+00 0.000E+00
 4.5   1 1.457E-03 1.457E-03 0.000E+00 0.000E+00 0.000E+00 0.000E+00 0.000E+00 0.000E+00
 5.5   1 7.807E-04 7.807E-04 0.000E+00 0.000E+00 0.000E+00 0.000E+00 0.000E+00 0.000E+00
 6.5   1 2.166E-04 2.166E-04 0.000E+00 0.000E+00 0.000E+00 0.000E+00 0.000E+00 0.000E+00
 7.5   1 7.631E-05 7.631E-05 0.000E+00 0.000E+00 0.000E+00 0.000E+00 0.000E+00 0.000E+00
 8.5   1 4.140E-06 4.140E-06 0.000E+00 0.000E+00 0.000E+00 0.000E+00 0.000E+00 0.000E+00
 9.5   1 1.153E-06 1.153E-06 0.000E+00 0.000E+00 0.000E+00 0.000E+00 0.000E+00 0.000E+00
  43   2.945 1.349E-02 -1 5.468E-03 2.896E-04 8.549E-04 1.221E-03 1.390E-03 9.818E-04 4.816E-04 2.105E-04 2.879E-05 8.843E-06
  43   2.945 1.349E-02  1 8.021E-03 4.126E-04 1.186E-03 1.993E-03 1.880E-03 1.459E-03 7.845E-04 2.221E-04 7.793E-05 4.407E-06
 0.5  -1 2.896E-04 2.896E-04 0.000E+00 0.000E+00 0.000E+00 0.000E+00 0.000E+00 0.000E+00
 1.5  -1 8.549E-04 8.549E-04 0.000E+00 0.000E+00 0.000E+00 0.000E+00 0.000E+00 0.000E+00
 2.5  -1 1.221E-03 1.221E-03 0.000E+00 0.000E+00 0.000E+00 0.000E+00 0.000E+00 0.000E+00
 3.5  -1 1.390E-03 1.390E-03 0.000E+00 0.000E+00 0.000E+00 0.000E+00 0.000E+00 0.000E+00
 4.5  -1 9.818E-04 9.818E-04 0.000E+00 0.000E+00 0.000E+00 0.000E+00 0.000E+00 0.000E+00
 5.5  -1 4.816E-04 4.816E-04 0.000E+00 0.000E+00 0.000E+00 0.000E+00 0.000E+00 0.000E+00
 6.5  -1 2.105E-04 2.105E-04 0.000E+00 0.000E+00 0.000E+00 0.000E+00 0.000E+00 0.000E+00
 7.5  -1 2.879E-05 2.879E-05 0.000E+00 0.000E+00 0.000E+00 0.000E+00 0.000E+00 0.000E+00
 8.5  -1 8.843E-06 8.843E-06 0.000E+00 0.000E+00 0.000E+00 0.000E+00 0.000E+00 0.000E+00
 9.5  -1 1.829E-07 1.829E-07 0.000E+00 0.000E+00 0.000E+00 0.000E+00 0.000E+00 0.000E+00
10.5  -1 4.514E-08 4.514E-08 0.000E+00 0.000E+00 0.000E+00 0.000E+00 0.000E+00 0.000E+00
 0.5   1 4.126E-04 4.126E-04 0.000E+00 0.000E+00 0.000E+00 0.000E+00 0.000E+00 0.000E+00
 1.5   1 1.186E-03 1.186E-03 0.000E+00 0.000E+00 0.000E+00 0.000E+00 0.000E+00 0.000E+00
 2.5   1 1.993E-03 1.993E-03 0.000E+00 0.000E+00 0.000E+00 0.000E+00 0.000E+00 0.000E+00
 3.5   1 1.880E-03 1.880E-03 0.000E+00 0.000E+00 0.000E+00 0.000E+00 0.000E+00 0.000E+00
 4.5   1 1.459E-03 1.459E-03 0.000E+00 0.000E+00 0.000E+00 0.000E+00 0.000E+00 0.000E+00
 5.5   1 7.845E-04 7.845E-04 0.000E+00 0.000E+00 0.000E+00 0.000E+00 0.000E+00 0.000E+00
 6.5   1 2.221E-04 2.221E-04 0.000E+00 0.000E+00 0.000E+00 0.000E+00 0.000E+00 0.000E+00
 7.5   1 7.793E-05 7.793E-05 0.000E+00 0.000E+00 0.000E+00 0.000E+00 0.000E+00 0.000E+00
 8.5   1 4.407E-06 4.407E-06 0.000E+00 0.000E+00 0.000E+00 0.000E+00 0.000E+00 0.000E+00
 9.5   1 1.218E-06 1.218E-06 0.000E+00 0.000E+00 0.000E+00 0.000E+00 0.000E+00 0.000E+00
  42   2.905 1.346E-02 -1 5.456E-03 2.875E-04 8.479E-04 1.216E-03 1.383E-03 9.832E-04 4.863E-04 2.131E-04 2.999E-05 9.160E-06
  42   2.905 1.346E-02  1 8.008E-03 4.109E-04 1.180E-03 1.981E-03 1.875E-03 1.460E-03 7.878E-04 2.274E-04 7.949E-05 4.684E-06
 0.5  -1 2.875E-04 2.875E-04 0.000E+00 0.000E+00 0.000E+00 0.000E+00 0.000E+00 0.000E+00
 1.5  -1 8.479E-04 8.479E-04 0.000E+00 0.000E+00 0.000E+00 0.000E+00 0.000E+00 0.000E+00
 2.5  -1 1.216E-03 1.216E-03 0.000E+00 0.000E+00 0.000E+00 0.000E+00 0.000E+00 0.000E+00
 3.5  -1 1.383E-03 1.383E-03 0.000E+00 0.000E+00 0.000E+00 0.000E+00 0.000E+00 0.000E+00
 4.5  -1 9.832E-04 9.832E-04 0.000E+00 0.000E+00 0.000E+00 0.000E+00 0.000E+00 0.000E+00
 5.5  -1 4.863E-04 4.863E-04 0.000E+00 0.000E+00 0.000E+00 0.000E+00 0.000E+00 0.000E+00
 6.5  -1 2.131E-04 2.131E-04 0.000E+00 0.000E+00 0.000E+00 0.000E+00 0.000E+00 0.000E+00
 7.5  -1 2.999E-05 2.999E-05 0.000E+00 0.000E+00 0.000E+00 0.000E+00 0.000E+00 0.000E+00
 8.5  -1 9.160E-06 9.160E-06 0.000E+00 0.000E+00 0.000E+00 0.000E+00 0.000E+00 0.000E+00
 9.5  -1 1.985E-07 1.985E-07 0.000E+00 0.000E+00 0.000E+00 0.000E+00 0.000E+00 0.000E+00
10.5  -1 4.861E-08 4.861E-08 0.000E+00 0.000E+00 0.000E+00 0.000E+00 0.000E+00 0.000E+00
 0.5   1 4.109E-04 4.109E-04 0.000E+00 0.000E+00 0.000E+00 0.000E+00 0.000E+00 0.000E+00
 1.5   1 1.180E-03 1.180E-03 0.000E+00 0.000E+00 0.000E+00 0.000E+00 0.000E+00 0.000E+00
 2.5   1 1.981E-03 1.981E-03 0.000E+00 0.000E+00 0.000E+00 0.000E+00 0.000E+00 0.000E+00
 3.5   1 1.875E-03 1.875E-03 0.000E+00 0.000E+00 0.000E+00 0.000E+00 0.000E+00 0.000E+00
 4.5   1 1.460E-03 1.460E-03 0.000E+00 0.000E+00 0.000E+00 0.000E+00 0.000E+00 0.000E+00
 5.5   1 7.878E-04 7.878E-04 0.000E+00 0.000E+00 0.000E+00 0.000E+00 0.000E+00 0.000E+00
 6.5   1 2.274E-04 2.274E-04 0.000E+00 0.000E+00 0.000E+00 0.000E+00 0.000E+00 0.000E+00
 7.5   1 7.949E-05 7.949E-05 0.000E+00 0.000E+00 0.000E+00 0.000E+00 0.000E+00 0.000E+00
 8.5   1 4.684E-06 4.684E-06 0.000E+00 0.000E+00 0.000E+00 0.000E+00 0.000E+00 0.000E+00
 9.5   1 1.283E-06 1.283E-06 0.000E+00 0.000E+00 0.000E+00 0.000E+00 0.000E+00 0.000E+00
  41   2.866 1.347E-02 -1 5.455E-03 2.859E-04 8.425E-04 1.212E-03 1.378E-03 9.865E-04 4.919E-04 2.161E-04 3.129E-05 9.505E-06
  41   2.866 1.347E-02  1 8.011E-03 4.098E-04 1.177E-03 1.972E-03 1.874E-03 1.464E-03 7.927E-04 2.333E-04 8.123E-05 4.974E-06
 0.5  -1 2.859E-04 2.859E-04 0.000E+00 0.000E+00 0.000E+00 0.000E+00 0.000E+00 0.000E+00
 1.5  -1 8.425E-04 8.425E-04 0.000E+00 0.000E+00 0.000E+00 0.000E+00 0.000E+00 0.000E+00
 2.5  -1 1.212E-03 1.212E-03 0.000E+00 0.000E+00 0.000E+00 0.000E+00 0.000E+00 0.000E+00
 3.5  -1 1.378E-03 1.378E-03 0.000E+00 0.000E+00 0.000E+00 0.000E+00 0.000E+00 0.000E+00
 4.5  -1 9.865E-04 9.865E-04 0.000E+00 0.000E+00 0.000E+00 0.000E+00 0.000E+00 0.000E+00
 5.5  -1 4.919E-04 4.919E-04 0.000E+00 0.000E+00 0.000E+00 0.000E+00 0.000E+00 0.000E+00
 6.5  -1 2.161E-04 2.161E-04 0.000E+00 0.000E+00 0.000E+00 0.000E+00 0.000E+00 0.000E+00
 7.5  -1 3.129E-05 3.129E-05 0.000E+00 0.000E+00 0.000E+00 0.000E+00 0.000E+00 0.000E+00
 8.5  -1 9.505E-06 9.505E-06 0.000E+00 0.000E+00 0.000E+00 0.000E+00 0.000E+00 0.000E+00
 9.5  -1 2.152E-07 2.152E-07 0.000E+00 0.000E+00 0.000E+00 0.000E+00 0.000E+00 0.000E+00
10.5  -1 5.231E-08 5.231E-08 0.000E+00 0.000E+00 0.000E+00 0.000E+00 0.000E+00 0.000E+00
 0.5   1 4.098E-04 4.098E-04 0.000E+00 0.000E+00 0.000E+00 0.000E+00 0.000E+00 0.000E+00
 1.5   1 1.177E-03 1.177E-03 0.000E+00 0.000E+00 0.000E+00 0.000E+00 0.000E+00 0.000E+00
 2.5   1 1.972E-03 1.972E-03 0.000E+00 0.000E+00 0.000E+00 0.000E+00 0.000E+00 0.000E+00
 3.5   1 1.874E-03 1.874E-03 0.000E+00 0.000E+00 0.000E+00 0.000E+00 0.000E+00 0.000E+00
 4.5   1 1.464E-03 1.464E-03 0.000E+00 0.000E+00 0.000E+00 0.000E+00 0.000E+00 0.000E+00
 5.5   1 7.927E-04 7.927E-04 0.000E+00 0.000E+00 0.000E+00 0.000E+00 0.000E+00 0.000E+00
 6.5   1 2.333E-04 2.333E-04 0.000E+00 0.000E+00 0.000E+00 0.000E+00 0.000E+00 0.000E+00
 7.5   1 8.123E-05 8.123E-05 0.000E+00 0.000E+00 0.000E+00 0.000E+00 0.000E+00 0.000E+00
 8.5   1 4.974E-06 4.974E-06 0.000E+00 0.000E+00 0.000E+00 0.000E+00 0.000E+00 0.000E+00
 9.5   1 1.351E-06 1.351E-06 0.000E+00 0.000E+00 0.000E+00 0.000E+00 0.000E+00 0.000E+00
  40   2.827 1.344E-02 -1 5.442E-03 2.837E-04 8.356E-04 1.206E-03 1.371E-03 9.878E-04 4.965E-04 2.186E-04 3.253E-05 9.823E-06
  40   2.827 1.344E-02  1 7.994E-03 4.079E-04 1.170E-03 1.959E-03 1.869E-03 1.464E-03 7.955E-04 2.384E-04 8.268E-05 5.274E-06
 0.5  -1 2.837E-04 2.837E-04 0.000E+00 0.000E+00 0.000E+00 0.000E+00 0.000E+00 0.000E+00
 1.5  -1 8.356E-04 8.356E-04 0.000E+00 0.000E+00 0.000E+00 0.000E+00 0.000E+00 0.000E+00
 2.5  -1 1.206E-03 1.206E-03 0.000E+00 0.000E+00 0.000E+00 0.000E+00 0.000E+00 0.000E+00
 3.5  -1 1.371E-03 1.371E-03 0.000E+00 0.000E+00 0.000E+00 0.000E+00 0.000E+00 0.000E+00
 4.5  -1 9.878E-04 9.878E-04 0.000E+00 0.000E+00 0.000E+00 0.000E+00 0.000E+00 0.000E+00
 5.5  -1 4.965E-04 4.965E-04 0.000E+00 0.000E+00 0.000E+00 0.000E+00 0.000E+00 0.000E+00
 6.5  -1 2.186E-04 2.186E-04 0.000E+00 0.000E+00 0.000E+00 0.000E+00 0.000E+00 0.000E+00
 7.5  -1 3.253E-05 3.253E-05 0.000E+00 0.000E+00 0.000E+00 0.000E+00 0.000E+00 0.000E+00
 8.5  -1 9.823E-06 9.823E-06 0.000E+00 0.000E+00 0.000E+00 0.000E+00 0.000E+00 0.000E+00
 9.5  -1 2.332E-07 2.332E-07 0.000E+00 0.000E+00 0.000E+00 0.000E+00 0.000E+00 0.000E+00
10.5  -1 5.628E-08 5.628E-08 0.000E+00 0.000E+00 0.000E+00 0.000E+00 0.000E+00 0.000E+00
 0.5   1 4.079E-04 4.079E-04 0.000E+00 0.000E+00 0.000E+00 0.000E+00 0.000E+00 0.000E+00
 1.5   1 1.170E-03 1.170E-03 0.000E+00 0.000E+00 0.000E+00 0.000E+00 0.000E+00 0.000E+00
 2.5   1 1.959E-03 1.959E-03 0.000E+00 0.000E+00 0.000E+00 0.000E+00 0.000E+00 0.000E+00
 3.5   1 1.869E-03 1.869E-03 0.000E+00 0.000E+00 0.000E+00 0.000E+00 0.000E+00 0.000E+00
 4.5   1 1.464E-03 1.464E-03 0.000E+00 0.000E+00 0.000E+00 0.000E+00 0.000E+00 0.000E+00
 5.5   1 7.955E-04 7.955E-04 0.000E+00 0.000E+00 0.000E+00 0.000E+00 0.000E+00 0.000E+00
 6.5   1 2.384E-04 2.384E-04 0.000E+00 0.000E+00 0.000E+00 0.000E+00 0.000E+00 0.000E+00
 7.5   1 8.268E-05 8.268E-05 0.000E+00 0.000E+00 0.000E+00 0.000E+00 0.000E+00 0.000E+00
 8.5   1 5.274E-06 5.274E-06 0.000E+00 0.000E+00 0.000E+00 0.000E+00 0.000E+00 0.000E+00
 9.5   1 1.419E-06 1.419E-06 0.000E+00 0.000E+00 0.000E+00 0.000E+00 0.000E+00 0.000E+00
10.5   1 1.299E-08 1.299E-08 0.000E+00 0.000E+00 0.000E+00 0.000E+00 0.000E+00 0.000E+00
  39   2.788 1.345E-02 -1 5.447E-03 2.824E-04 8.311E-04 1.204E-03 1.368E-03 9.922E-04 5.027E-04 2.219E-04 3.393E-05 1.019E-05
  39   2.788 1.345E-02  1 8.007E-03 4.071E-04 1.168E-03 1.954E-03 1.870E-03 1.470E-03 8.014E-04 2.447E-04 8.453E-05 5.589E-06
 0.5  -1 2.824E-04 2.824E-04 0.000E+00 0.000E+00 0.000E+00 0.000E+00 0.000E+00 0.000E+00
 1.5  -1 8.311E-04 8.311E-04 0.000E+00 0.000E+00 0.000E+00 0.000E+00 0.000E+00 0.000E+00
 2.5  -1 1.204E-03 1.204E-03 0.000E+00 0.000E+00 0.000E+00 0.000E+00 0.000E+00 0.000E+00
 3.5  -1 1.368E-03 1.368E-03 0.000E+00 0.000E+00 0.000E+00 0.000E+00 0.000E+00 0.000E+00
 4.5  -1 9.922E-04 9.922E-04 0.000E+00 0.000E+00 0.000E+00 0.000E+00 0.000E+00 0.000E+00
 5.5  -1 5.027E-04 5.027E-04 0.000E+00 0.000E+00 0.000E+00 0.000E+00 0.000E+00 0.000E+00
 6.5  -1 2.219E-04 2.219E-04 0.000E+00 0.000E+00 0.000E+00 0.000E+00 0.000E+00 0.000E+00
 7.5  -1 3.393E-05 3.393E-05 0.000E+00 0.000E+00 0.000E+00 0.000E+00 0.000E+00 0.000E+00
 8.5  -1 1.019E-05 1.019E-05 0.000E+00 0.000E+00 0.000E+00 0.000E+00 0.000E+00 0.000E+00
 9.5  -1 2.527E-07 2.527E-07 0.000E+00 0.000E+00 0.000E+00 0.000E+00 0.000E+00 0.000E+00
10.5  -1 6.052E-08 6.052E-08 0.000E+00 0.000E+00 0.000E+00 0.000E+00 0.000E+00 0.000E+00
 0.5   1 4.071E-04 4.071E-04 0.000E+00 0.000E+00 0.000E+00 0.000E+00 0.000E+00 0.000E+00
 1.5   1 1.168E-03 1.168E-03 0.000E+00 0.000E+00 0.000E+00 0.000E+00 0.000E+00 0.000E+00
 2.5   1 1.954E-03 1.954E-03 0.000E+00 0.000E+00 0.000E+00 0.000E+00 0.000E+00 0.000E+00
 3.5   1 1.870E-03 1.870E-03 0.000E+00 0.000E+00 0.000E+00 0.000E+00 0.000E+00 0.000E+00
 4.5   1 1.470E-03 1.470E-03 0.000E+00 0.000E+00 0.000E+00 0.000E+00 0.000E+00 0.000E+00
 5.5   1 8.014E-04 8.014E-04 0.000E+00 0.000E+00 0.000E+00 0.000E+00 0.000E+00 0.000E+00
 6.5   1 2.447E-04 2.447E-04 0.000E+00 0.000E+00 0.000E+00 0.000E+00 0.000E+00 0.000E+00
 7.5   1 8.453E-05 8.453E-05 0.000E+00 0.000E+00 0.000E+00 0.000E+00 0.000E+00 0.000E+00
 8.5   1 5.589E-06 5.589E-06 0.000E+00 0.000E+00 0.000E+00 0.000E+00 0.000E+00 0.000E+00
 9.5   1 1.490E-06 1.490E-06 0.000E+00 0.000E+00 0.000E+00 0.000E+00 0.000E+00 0.000E+00
10.5   1 1.441E-08 1.441E-08 0.000E+00 0.000E+00 0.000E+00 0.000E+00 0.000E+00 0.000E+00
  38   2.748 1.344E-02 -1 5.441E-03 2.805E-04 8.251E-04 1.200E-03 1.362E-03 9.946E-04 5.077E-04 2.248E-04 3.526E-05 1.052E-05
  38   2.748 1.344E-02  1 7.996E-03 4.054E-04 1.163E-03 1.942E-03 1.866E-03 1.472E-03 8.047E-04 2.500E-04 8.600E-05 5.916E-06
 0.5  -1 2.805E-04 2.805E-04 0.000E+00 0.000E+00 0.000E+00 0.000E+00 0.000E+00 0.000E+00
 1.5  -1 8.251E-04 8.251E-04 0.000E+00 0.000E+00 0.000E+00 0.000E+00 0.000E+00 0.000E+00
 2.5  -1 1.200E-03 1.200E-03 0.000E+00 0.000E+00 0.000E+00 0.000E+00 0.000E+00 0.000E+00
 3.5  -1 1.362E-03 1.362E-03 0.000E+00 0.000E+00 0.000E+00 0.000E+00 0.000E+00 0.000E+00
 4.5  -1 9.946E-04 9.946E-04 0.000E+00 0.000E+00 0.000E+00 0.000E+00 0.000E+00 0.000E+00
 5.5  -1 5.077E-04 5.077E-04 0.000E+00 0.000E+00 0.000E+00 0.000E+00 0.000E+00 0.000E+00
 6.5  -1 2.248E-04 2.248E-04 0.000E+00 0.000E+00 0.000E+00 0.000E+00 0.000E+00 0.000E+00
 7.5  -1 3.526E-05 3.526E-05 0.000E+00 0.000E+00 0.000E+00 0.000E+00 0.000E+00 0.000E+00
 8.5  -1 1.052E-05 1.052E-05 0.000E+00 0.000E+00 0.000E+00 0.000E+00 0.000E+00 0.000E+00
 9.5  -1 2.736E-07 2.736E-07 0.000E+00 0.000E+00 0.000E+00 0.000E+00 0.000E+00 0.000E+00
10.5  -1 6.507E-08 6.507E-08 0.000E+00 0.000E+00 0.000E+00 0.000E+00 0.000E+00 0.000E+00
 0.5   1 4.054E-04 4.054E-04 0.000E+00 0.000E+00 0.000E+00 0.000E+00 0.000E+00 0.000E+00
 1.5   1 1.163E-03 1.163E-03 0.000E+00 0.000E+00 0.000E+00 0.000E+00 0.000E+00 0.000E+00
 2.5   1 1.942E-03 1.942E-03 0.000E+00 0.000E+00 0.000E+00 0.000E+00 0.000E+00 0.000E+00
 3.5   1 1.866E-03 1.866E-03 0.000E+00 0.000E+00 0.000E+00 0.000E+00 0.000E+00 0.000E+00
 4.5   1 1.472E-03 1.472E-03 0.000E+00 0.000E+00 0.000E+00 0.000E+00 0.000E+00 0.000E+00
 5.5   1 8.047E-04 8.047E-04 0.000E+00 0.000E+00 0.000E+00 0.000E+00 0.000E+00 0.000E+00
 6.5   1 2.500E-04 2.500E-04 0.000E+00 0.000E+00 0.000E+00 0.000E+00 0.000E+00 0.000E+00
 7.5   1 8.600E-05 8.600E-05 0.000E+00 0.000E+00 0.000E+00 0.000E+00 0.000E+00 0.000E+00
 8.5   1 5.916E-06 5.916E-06 0.000E+00 0.000E+00 0.000E+00 0.000E+00 0.000E+00 0.000E+00
 9.5   1 1.562E-06 1.562E-06 0.000E+00 0.000E+00 0.000E+00 0.000E+00 0.000E+00 0.000E+00
10.5   1 1.597E-08 1.597E-08 0.000E+00 0.000E+00 0.000E+00 0.000E+00 0.000E+00 0.000E+00
  37   2.709 1.345E-02 -1 5.447E-03 2.791E-04 8.209E-04 1.198E-03 1.359E-03 9.993E-04 5.139E-04 2.282E-04 3.671E-05 1.090E-05
  37   2.709 1.345E-02  1 8.008E-03 4.045E-04 1.161E-03 1.937E-03 1.866E-03 1.477E-03 8.103E-04 2.563E-04 8.780E-05 6.258E-06
 0.5  -1 2.791E-04 2.791E-04 0.000E+00 0.000E+00 0.000E+00 0.000E+00 0.000E+00 0.000E+00
 1.5  -1 8.209E-04 8.209E-04 0.000E+00 0.000E+00 0.000E+00 0.000E+00 0.000E+00 0.000E+00
 2.5  -1 1.198E-03 1.198E-03 0.000E+00 0.000E+00 0.000E+00 0.000E+00 0.000E+00 0.000E+00
 3.5  -1 1.359E-03 1.359E-03 0.000E+00 0.000E+00 0.000E+00 0.000E+00 0.000E+00 0.000E+00
 4.5  -1 9.993E-04 9.993E-04 0.000E+00 0.000E+00 0.000E+00 0.000E+00 0.000E+00 0.000E+00
 5.5  -1 5.139E-04 5.139E-04 0.000E+00 0.000E+00 0.000E+00 0.000E+00 0.000E+00 0.000E+00
 6.5  -1 2.282E-04 2.282E-04 0.000E+00 0.000E+00 0.000E+00 0.000E+00 0.000E+00 0.000E+00
 7.5  -1 3.671E-05 3.671E-05 0.000E+00 0.000E+00 0.000E+00 0.000E+00 0.000E+00 0.000E+00
 8.5  -1 1.090E-05 1.090E-05 0.000E+00 0.000E+00 0.000E+00 0.000E+00 0.000E+00 0.000E+00
 9.5  -1 2.963E-07 2.963E-07 0.000E+00 0.000E+00 0.000E+00 0.000E+00 0.000E+00 0.000E+00
10.5  -1 6.998E-08 6.998E-08 0.000E+00 0.000E+00 0.000E+00 0.000E+00 0.000E+00 0.000E+00
 0.5   1 4.045E-04 4.045E-04 0.000E+00 0.000E+00 0.000E+00 0.000E+00 0.000E+00 0.000E+00
 1.5   1 1.161E-03 1.161E-03 0.000E+00 0.000E+00 0.000E+00 0.000E+00 0.000E+00 0.000E+00
 2.5   1 1.937E-03 1.937E-03 0.000E+00 0.000E+00 0.000E+00 0.000E+00 0.000E+00 0.000E+00
 3.5   1 1.866E-03 1.866E-03 0.000E+00 0.000E+00 0.000E+00 0.000E+00 0.000E+00 0.000E+00
 4.5   1 1.477E-03 1.477E-03 0.000E+00 0.000E+00 0.000E+00 0.000E+00 0.000E+00 0.000E+00
 5.5   1 8.103E-04 8.103E-04 0.000E+00 0.000E+00 0.000E+00 0.000E+00 0.000E+00 0.000E+00
 6.5   1 2.563E-04 2.563E-04 0.000E+00 0.000E+00 0.000E+00 0.000E+00 0.000E+00 0.000E+00
 7.5   1 8.780E-05 8.780E-05 0.000E+00 0.000E+00 0.000E+00 0.000E+00 0.000E+00 0.000E+00
 8.5   1 6.258E-06 6.258E-06 0.000E+00 0.000E+00 0.000E+00 0.000E+00 0.000E+00 0.000E+00
 9.5   1 1.635E-06 1.635E-06 0.000E+00 0.000E+00 0.000E+00 0.000E+00 0.000E+00 0.000E+00
10.5   1 1.771E-08 1.771E-08 0.000E+00 0.000E+00 0.000E+00 0.000E+00 0.000E+00 0.000E+00
  36   2.670 1.346E-02 -1 5.451E-03 2.777E-04 8.165E-04 1.196E-03 1.356E-03 1.004E-03 5.198E-04 2.316E-04 3.818E-05 1.127E-05
  36   2.670 1.346E-02  1 8.013E-03 4.035E-04 1.158E-03 1.930E-03 1.866E-03 1.481E-03 8.152E-04 2.623E-04 8.946E-05 6.616E-06
 0.5  -1 2.777E-04 2.777E-04 0.000E+00 0.000E+00 0.000E+00 0.000E+00 0.000E+00 0.000E+00
 1.5  -1 8.165E-04 8.165E-04 0.000E+00 0.000E+00 0.000E+00 0.000E+00 0.000E+00 0.000E+00
 2.5  -1 1.196E-03 1.196E-03 0.000E+00 0.000E+00 0.000E+00 0.000E+00 0.000E+00 0.000E+00
 3.5  -1 1.356E-03 1.356E-03 0.000E+00 0.000E+00 0.000E+00 0.000E+00 0.000E+00 0.000E+00
 4.5  -1 1.004E-03 1.004E-03 0.000E+00 0.000E+00 0.000E+00 0.000E+00 0.000E+00 0.000E+00
 5.5  -1 5.198E-04 5.198E-04 0.000E+00 0.000E+00 0.000E+00 0.000E+00 0.000E+00 0.000E+00
 6.5  -1 2.316E-04 2.316E-04 0.000E+00 0.000E+00 0.000E+00 0.000E+00 0.000E+00 0.000E+00
 7.5  -1 3.818E-05 3.818E-05 0.000E+00 0.000E+00 0.000E+00 0.000E+00 0.000E+00 0.000E+00
 8.5  -1 1.127E-05 1.127E-05 0.000E+00 0.000E+00 0.000E+00 0.000E+00 0.000E+00 0.000E+00
 9.5  -1 3.207E-07 3.207E-07 0.000E+00 0.000E+00 0.000E+00 0.000E+00 0.000E+00 0.000E+00
10.5  -1 7.527E-08 7.527E-08 0.000E+00 0.000E+00 0.000E+00 0.000E+00 0.000E+00 0.000E+00
 0.5   1 4.035E-04 4.035E-04 0.000E+00 0.000E+00 0.000E+00 0.000E+00 0.000E+00 0.000E+00
 1.5   1 1.158E-03 1.158E-03 0.000E+00 0.000E+00 0.000E+00 0.000E+00 0.000E+00 0.000E+00
 2.5   1 1.930E-03 1.930E-03 0.000E+00 0.000E+00 0.000E+00 0.000E+00 0.000E+00 0.000E+00
 3.5   1 1.866E-03 1.866E-03 0.000E+00 0.000E+00 0.000E+00 0.000E+00 0.000E+00 0.000E+00
 4.5   1 1.481E-03 1.481E-03 0.000E+00 0.000E+00 0.000E+00 0.000E+00 0.000E+00 0.000E+00
 5.5   1 8.152E-04 8.152E-04 0.000E+00 0.000E+00 0.000E+00 0.000E+00 0.000E+00 0.000E+00
 6.5   1 2.623E-04 2.623E-04 0.000E+00 0.000E+00 0.000E+00 0.000E+00 0.000E+00 0.000E+00
 7.5   1 8.946E-05 8.946E-05 0.000E+00 0.000E+00 0.000E+00 0.000E+00 0.000E+00 0.000E+00
 8.5   1 6.616E-06 6.616E-06 0.000E+00 0.000E+00 0.000E+00 0.000E+00 0.000E+00 0.000E+00
 9.5   1 1.711E-06 1.711E-06 0.000E+00 0.000E+00 0.000E+00 0.000E+00 0.000E+00 0.000E+00
10.5   1 1.962E-08 1.962E-08 0.000E+00 0.000E+00 0.000E+00 0.000E+00 0.000E+00 0.000E+00
  35   2.631 1.347E-02 -1 5.456E-03 2.763E-04 8.121E-04 1.194E-03 1.352E-03 1.008E-03 5.258E-04 2.351E-04 3.968E-05 1.165E-05
  35   2.631 1.347E-02  1 8.019E-03 4.024E-04 1.155E-03 1.923E-03 1.865E-03 1.485E-03 8.201E-04 2.683E-04 9.114E-05 6.991E-06
 0.5  -1 2.763E-04 2.763E-04 0.000E+00 0.000E+00 0.000E+00 0.000E+00 0.000E+00 0.000E+00
 1.5  -1 8.121E-04 8.121E-04 0.000E+00 0.000E+00 0.000E+00 0.000E+00 0.000E+00 0.000E+00
 2.5  -1 1.194E-03 1.194E-03 0.000E+00 0.000E+00 0.000E+00 0.000E+00 0.000E+00 0.000E+00
 3.5  -1 1.352E-03 1.352E-03 0.000E+00 0.000E+00 0.000E+00 0.000E+00 0.000E+00 0.000E+00
 4.5  -1 1.008E-03 1.008E-03 0.000E+00 0.000E+00 0.000E+00 0.000E+00 0.000E+00 0.000E+00
 5.5  -1 5.258E-04 5.258E-04 0.000E+00 0.000E+00 0.000E+00 0.000E+00 0.000E+00 0.000E+00
 6.5  -1 2.351E-04 2.351E-04 0.000E+00 0.000E+00 0.000E+00 0.000E+00 0.000E+00 0.000E+00
 7.5  -1 3.968E-05 3.968E-05 0.000E+00 0.000E+00 0.000E+00 0.000E+00 0.000E+00 0.000E+00
 8.5  -1 1.165E-05 1.165E-05 0.000E+00 0.000E+00 0.000E+00 0.000E+00 0.000E+00 0.000E+00
 9.5  -1 3.473E-07 3.473E-07 0.000E+00 0.000E+00 0.000E+00 0.000E+00 0.000E+00 0.000E+00
10.5  -1 8.099E-08 8.099E-08 0.000E+00 0.000E+00 0.000E+00 0.000E+00 0.000E+00 0.000E+00
 0.5   1 4.024E-04 4.024E-04 0.000E+00 0.000E+00 0.000E+00 0.000E+00 0.000E+00 0.000E+00
 1.5   1 1.155E-03 1.155E-03 0.000E+00 0.000E+00 0.000E+00 0.000E+00 0.000E+00 0.000E+00
 2.5   1 1.923E-03 1.923E-03 0.000E+00 0.000E+00 0.000E+00 0.000E+00 0.000E+00 0.000E+00
 3.5   1 1.865E-03 1.865E-03 0.000E+00 0.000E+00 0.000E+00 0.000E+00 0.000E+00 0.000E+00
 4.5   1 1.485E-03 1.485E-03 0.000E+00 0.000E+00 0.000E+00 0.000E+00 0.000E+00 0.000E+00
 5.5   1 8.201E-04 8.201E-04 0.000E+00 0.000E+00 0.000E+00 0.000E+00 0.000E+00 0.000E+00
 6.5   1 2.683E-04 2.683E-04 0.000E+00 0.000E+00 0.000E+00 0.000E+00 0.000E+00 0.000E+00
 7.5   1 9.114E-05 9.114E-05 0.000E+00 0.000E+00 0.000E+00 0.000E+00 0.000E+00 0.000E+00
 8.5   1 6.991E-06 6.991E-06 0.000E+00 0.000E+00 0.000E+00 0.000E+00 0.000E+00 0.000E+00
 9.5   1 1.788E-06 1.788E-06 0.000E+00 0.000E+00 0.000E+00 0.000E+00 0.000E+00 0.000E+00
10.5   1 2.175E-08 2.175E-08 0.000E+00 0.000E+00 0.000E+00 0.000E+00 0.000E+00 0.000E+00
  34   2.591 1.351E-02 -1 5.471E-03 2.754E-04 8.093E-04 1.195E-03 1.351E-03 1.014E-03 5.328E-04 2.391E-04 4.130E-05 1.207E-05
  34   2.591 1.351E-02  1 8.039E-03 4.019E-04 1.154E-03 1.920E-03 1.868E-03 1.492E-03 8.266E-04 2.750E-04 9.302E-05 7.384E-06
 0.5  -1 2.754E-04 2.754E-04 0.000E+00 0.000E+00 0.000E+00 0.000E+00 0.000E+00 0.000E+00
 1.5  -1 8.093E-04 8.093E-04 0.000E+00 0.000E+00 0.000E+00 0.000E+00 0.000E+00 0.000E+00
 2.5  -1 1.195E-03 1.195E-03 0.000E+00 0.000E+00 0.000E+00 0.000E+00 0.000E+00 0.000E+00
 3.5  -1 1.351E-03 1.351E-03 0.000E+00 0.000E+00 0.000E+00 0.000E+00 0.000E+00 0.000E+00
 4.5  -1 1.014E-03 1.014E-03 0.000E+00 0.000E+00 0.000E+00 0.000E+00 0.000E+00 0.000E+00
 5.5  -1 5.328E-04 5.328E-04 0.000E+00 0.000E+00 0.000E+00 0.000E+00 0.000E+00 0.000E+00
 6.5  -1 2.391E-04 2.391E-04 0.000E+00 0.000E+00 0.000E+00 0.000E+00 0.000E+00 0.000E+00
 7.5  -1 4.130E-05 4.130E-05 0.000E+00 0.000E+00 0.000E+00 0.000E+00 0.000E+00 0.000E+00
 8.5  -1 1.207E-05 1.207E-05 0.000E+00 0.000E+00 0.000E+00 0.000E+00 0.000E+00 0.000E+00
 9.5  -1 3.761E-07 3.761E-07 0.000E+00 0.000E+00 0.000E+00 0.000E+00 0.000E+00 0.000E+00
10.5  -1 8.722E-08 8.722E-08 0.000E+00 0.000E+00 0.000E+00 0.000E+00 0.000E+00 0.000E+00
 0.5   1 4.019E-04 4.019E-04 0.000E+00 0.000E+00 0.000E+00 0.000E+00 0.000E+00 0.000E+00
 1.5   1 1.154E-03 1.154E-03 0.000E+00 0.000E+00 0.000E+00 0.000E+00 0.000E+00 0.000E+00
 2.5   1 1.920E-03 1.920E-03 0.000E+00 0.000E+00 0.000E+00 0.000E+00 0.000E+00 0.000E+00
 3.5   1 1.868E-03 1.868E-03 0.000E+00 0.000E+00 0.000E+00 0.000E+00 0.000E+00 0.000E+00
 4.5   1 1.492E-03 1.492E-03 0.000E+00 0.000E+00 0.000E+00 0.000E+00 0.000E+00 0.000E+00
 5.5   1 8.266E-04 8.266E-04 0.000E+00 0.000E+00 0.000E+00 0.000E+00 0.000E+00 0.000E+00
 6.5   1 2.750E-04 2.750E-04 0.000E+00 0.000E+00 0.000E+00 0.000E+00 0.000E+00 0.000E+00
 7.5   1 9.302E-05 9.302E-05 0.000E+00 0.000E+00 0.000E+00 0.000E+00 0.000E+00 0.000E+00
 8.5   1 7.384E-06 7.384E-06 0.000E+00 0.000E+00 0.000E+00 0.000E+00 0.000E+00 0.000E+00
 9.5   1 1.868E-06 1.868E-06 0.000E+00 0.000E+00 0.000E+00 0.000E+00 0.000E+00 0.000E+00
10.5   1 2.412E-08 2.412E-08 0.000E+00 0.000E+00 0.000E+00 0.000E+00 0.000E+00 0.000E+00
  33   2.552 1.352E-02 -1 5.478E-03 2.742E-04 8.055E-04 1.194E-03 1.348E-03 1.019E-03 5.390E-04 2.429E-04 4.289E-05 1.247E-05
  33   2.552 1.352E-02  1 8.047E-03 4.010E-04 1.152E-03 1.914E-03 1.867E-03 1.496E-03 8.316E-04 2.811E-04 9.468E-05 7.798E-06
 0.5  -1 2.742E-04 2.742E-04 0.000E+00 0.000E+00 0.000E+00 0.000E+00 0.000E+00 0.000E+00
 1.5  -1 8.055E-04 8.055E-04 0.000E+00 0.000E+00 0.000E+00 0.000E+00 0.000E+00 0.000E+00
 2.5  -1 1.194E-03 1.194E-03 0.000E+00 0.000E+00 0.000E+00 0.000E+00 0.000E+00 0.000E+00
 3.5  -1 1.348E-03 1.348E-03 0.000E+00 0.000E+00 0.000E+00 0.000E+00 0.000E+00 0.000E+00
 4.5  -1 1.019E-03 1.019E-03 0.000E+00 0.000E+00 0.000E+00 0.000E+00 0.000E+00 0.000E+00
 5.5  -1 5.390E-04 5.390E-04 0.000E+00 0.000E+00 0.000E+00 0.000E+00 0.000E+00 0.000E+00
 6.5  -1 2.429E-04 2.429E-04 0.000E+00 0.000E+00 0.000E+00 0.000E+00 0.000E+00 0.000E+00
 7.5  -1 4.289E-05 4.289E-05 0.000E+00 0.000E+00 0.000E+00 0.000E+00 0.000E+00 0.000E+00
 8.5  -1 1.247E-05 1.247E-05 0.000E+00 0.000E+00 0.000E+00 0.000E+00 0.000E+00 0.000E+00
 9.5  -1 4.075E-07 4.075E-07 0.000E+00 0.000E+00 0.000E+00 0.000E+00 0.000E+00 0.000E+00
10.5  -1 9.401E-08 9.401E-08 0.000E+00 0.000E+00 0.000E+00 0.000E+00 0.000E+00 0.000E+00
 0.5   1 4.010E-04 4.010E-04 0.000E+00 0.000E+00 0.000E+00 0.000E+00 0.000E+00 0.000E+00
 1.5   1 1.152E-03 1.152E-03 0.000E+00 0.000E+00 0.000E+00 0.000E+00 0.000E+00 0.000E+00
 2.5   1 1.914E-03 1.914E-03 0.000E+00 0.000E+00 0.000E+00 0.000E+00 0.000E+00 0.000E+00
 3.5   1 1.867E-03 1.867E-03 0.000E+00 0.000E+00 0.000E+00 0.000E+00 0.000E+00 0.000E+00
 4.5   1 1.496E-03 1.496E-03 0.000E+00 0.000E+00 0.000E+00 0.000E+00 0.000E+00 0.000E+00
 5.5   1 8.316E-04 8.316E-04 0.000E+00 0.000E+00 0.000E+00 0.000E+00 0.000E+00 0.000E+00
 6.5   1 2.811E-04 2.811E-04 0.000E+00 0.000E+00 0.000E+00 0.000E+00 0.000E+00 0.000E+00
 7.5   1 9.468E-05 9.468E-05 0.000E+00 0.000E+00 0.000E+00 0.000E+00 0.000E+00 0.000E+00
 8.5   1 7.798E-06 7.798E-06 0.000E+00 0.000E+00 0.000E+00 0.000E+00 0.000E+00 0.000E+00
 9.5   1 1.949E-06 1.949E-06 0.000E+00 0.000E+00 0.000E+00 0.000E+00 0.000E+00 0.000E+00
10.5   1 2.676E-08 2.676E-08 0.000E+00 0.000E+00 0.000E+00 0.000E+00 0.000E+00 0.000E+00
  32   2.513 1.358E-02 -1 5.501E-03 2.736E-04 8.039E-04 1.196E-03 1.349E-03 1.027E-03 5.468E-04 2.475E-04 4.467E-05 1.292E-05
  32   2.513 1.358E-02  1 8.082E-03 4.012E-04 1.153E-03 1.914E-03 1.872E-03 1.506E-03 8.399E-04 2.887E-04 9.682E-05 8.235E-06
 0.5  -1 2.736E-04 2.736E-04 0.000E+00 0.000E+00 0.000E+00 0.000E+00 0.000E+00 0.000E+00
 1.5  -1 8.039E-04 8.039E-04 0.000E+00 0.000E+00 0.000E+00 0.000E+00 0.000E+00 0.000E+00
 2.5  -1 1.196E-03 1.196E-03 0.000E+00 0.000E+00 0.000E+00 0.000E+00 0.000E+00 0.000E+00
 3.5  -1 1.349E-03 1.349E-03 0.000E+00 0.000E+00 0.000E+00 0.000E+00 0.000E+00 0.000E+00
 4.5  -1 1.027E-03 1.027E-03 0.000E+00 0.000E+00 0.000E+00 0.000E+00 0.000E+00 0.000E+00
 5.5  -1 5.468E-04 5.468E-04 0.000E+00 0.000E+00 0.000E+00 0.000E+00 0.000E+00 0.000E+00
 6.5  -1 2.475E-04 2.475E-04 0.000E+00 0.000E+00 0.000E+00 0.000E+00 0.000E+00 0.000E+00
 7.5  -1 4.467E-05 4.467E-05 0.000E+00 0.000E+00 0.000E+00 0.000E+00 0.000E+00 0.000E+00
 8.5  -1 1.292E-05 1.292E-05 0.000E+00 0.000E+00 0.000E+00 0.000E+00 0.000E+00 0.000E+00
 9.5  -1 4.419E-07 4.419E-07 0.000E+00 0.000E+00 0.000E+00 0.000E+00 0.000E+00 0.000E+00
10.5  -1 1.015E-07 1.015E-07 0.000E+00 0.000E+00 0.000E+00 0.000E+00 0.000E+00 0.000E+00
 0.5   1 4.012E-04 4.012E-04 0.000E+00 0.000E+00 0.000E+00 0.000E+00 0.000E+00 0.000E+00
 1.5   1 1.153E-03 1.153E-03 0.000E+00 0.000E+00 0.000E+00 0.000E+00 0.000E+00 0.000E+00
 2.5   1 1.914E-03 1.914E-03 0.000E+00 0.000E+00 0.000E+00 0.000E+00 0.000E+00 0.000E+00
 3.5   1 1.872E-03 1.872E-03 0.000E+00 0.000E+00 0.000E+00 0.000E+00 0.000E+00 0.000E+00
 4.5   1 1.506E-03 1.506E-03 0.000E+00 0.000E+00 0.000E+00 0.000E+00 0.000E+00 0.000E+00
 5.5   1 8.399E-04 8.399E-04 0.000E+00 0.000E+00 0.000E+00 0.000E+00 0.000E+00 0.000E+00
 6.5   1 2.887E-04 2.887E-04 0.000E+00 0.000E+00 0.000E+00 0.000E+00 0.000E+00 0.000E+00
 7.5   1 9.682E-05 9.682E-05 0.000E+00 0.000E+00 0.000E+00 0.000E+00 0.000E+00 0.000E+00
 8.5   1 8.235E-06 8.235E-06 0.000E+00 0.000E+00 0.000E+00 0.000E+00 0.000E+00 0.000E+00
 9.5   1 2.034E-06 2.034E-06 0.000E+00 0.000E+00 0.000E+00 0.000E+00 0.000E+00 0.000E+00
10.5   1 2.971E-08 2.971E-08 0.000E+00 0.000E+00 0.000E+00 0.000E+00 0.000E+00 0.000E+00
  31   2.473 1.361E-02 -1 5.516E-03 2.728E-04 8.013E-04 1.196E-03 1.347E-03 1.033E-03 5.537E-04 2.517E-04 4.642E-05 1.337E-05
  31   2.473 1.361E-02  1 8.098E-03 4.007E-04 1.152E-03 1.910E-03 1.873E-03 1.511E-03 8.459E-04 2.953E-04 9.863E-05 8.698E-06
 0.5  -1 2.728E-04 2.728E-04 0.000E+00 0.000E+00 0.000E+00 0.000E+00 0.000E+00 0.000E+00
 1.5  -1 8.013E-04 8.013E-04 0.000E+00 0.000E+00 0.000E+00 0.000E+00 0.000E+00 0.000E+00
 2.5  -1 1.196E-03 1.196E-03 0.000E+00 0.000E+00 0.000E+00 0.000E+00 0.000E+00 0.000E+00
 3.5  -1 1.347E-03 1.347E-03 0.000E+00 0.000E+00 0.000E+00 0.000E+00 0.000E+00 0.000E+00
 4.5  -1 1.033E-03 1.033E-03 0.000E+00 0.000E+00 0.000E+00 0.000E+00 0.000E+00 0.000E+00
 5.5  -1 5.537E-04 5.537E-04 0.000E+00 0.000E+00 0.000E+00 0.000E+00 0.000E+00 0.000E+00
 6.5  -1 2.517E-04 2.517E-04 0.000E+00 0.000E+00 0.000E+00 0.000E+00 0.000E+00 0.000E+00
 7.5  -1 4.642E-05 4.642E-05 0.000E+00 0.000E+00 0.000E+00 0.000E+00 0.000E+00 0.000E+00
 8.5  -1 1.337E-05 1.337E-05 0.000E+00 0.000E+00 0.000E+00 0.000E+00 0.000E+00 0.000E+00
 9.5  -1 4.796E-07 4.796E-07 0.000E+00 0.000E+00 0.000E+00 0.000E+00 0.000E+00 0.000E+00
10.5  -1 1.097E-07 1.097E-07 0.000E+00 0.000E+00 0.000E+00 0.000E+00 0.000E+00 0.000E+00
 0.5   1 4.007E-04 4.007E-04 0.000E+00 0.000E+00 0.000E+00 0.000E+00 0.000E+00 0.000E+00
 1.5   1 1.152E-03 1.152E-03 0.000E+00 0.000E+00 0.000E+00 0.000E+00 0.000E+00 0.000E+00
 2.5   1 1.910E-03 1.910E-03 0.000E+00 0.000E+00 0.000E+00 0.000E+00 0.000E+00 0.000E+00
 3.5   1 1.873E-03 1.873E-03 0.000E+00 0.000E+00 0.000E+00 0.000E+00 0.000E+00 0.000E+00
 4.5   1 1.511E-03 1.511E-03 0.000E+00 0.000E+00 0.000E+00 0.000E+00 0.000E+00 0.000E+00
 5.5   1 8.459E-04 8.459E-04 0.000E+00 0.000E+00 0.000E+00 0.000E+00 0.000E+00 0.000E+00
 6.5   1 2.953E-04 2.953E-04 0.000E+00 0.000E+00 0.000E+00 0.000E+00 0.000E+00 0.000E+00
 7.5   1 9.863E-05 9.863E-05 0.000E+00 0.000E+00 0.000E+00 0.000E+00 0.000E+00 0.000E+00
 8.5   1 8.698E-06 8.698E-06 0.000E+00 0.000E+00 0.000E+00 0.000E+00 0.000E+00 0.000E+00
 9.5   1 2.122E-06 2.122E-06 0.000E+00 0.000E+00 0.000E+00 0.000E+00 0.000E+00 0.000E+00
10.5   1 3.303E-08 3.303E-08 0.000E+00 0.000E+00 0.000E+00 0.000E+00 0.000E+00 0.000E+00
  30   2.434 1.368E-02 -1 5.544E-03 2.725E-04 8.004E-04 1.199E-03 1.348E-03 1.041E-03 5.620E-04 2.568E-04 4.835E-05 1.387E-05
  30   2.434 1.368E-02  1 8.137E-03 4.011E-04 1.154E-03 1.911E-03 1.879E-03 1.522E-03 8.547E-04 3.032E-04 1.009E-04 9.191E-06
 0.5  -1 2.725E-04 2.725E-04 0.000E+00 0.000E+00 0.000E+00 0.000E+00 0.000E+00 0.000E+00
 1.5  -1 8.004E-04 8.004E-04 0.000E+00 0.000E+00 0.000E+00 0.000E+00 0.000E+00 0.000E+00
 2.5  -1 1.199E-03 1.199E-03 0.000E+00 0.000E+00 0.000E+00 0.000E+00 0.000E+00 0.000E+00
 3.5  -1 1.348E-03 1.348E-03 0.000E+00 0.000E+00 0.000E+00 0.000E+00 0.000E+00 0.000E+00
 4.5  -1 1.041E-03 1.041E-03 0.000E+00 0.000E+00 0.000E+00 0.000E+00 0.000E+00 0.000E+00
 5.5  -1 5.620E-04 5.620E-04 0.000E+00 0.000E+00 0.000E+00 0.000E+00 0.000E+00 0.000E+00
 6.5  -1 2.568E-04 2.568E-04 0.000E+00 0.000E+00 0.000E+00 0.000E+00 0.000E+00 0.000E+00
 7.5  -1 4.835E-05 4.835E-05 0.000E+00 0.000E+00 0.000E+00 0.000E+00 0.000E+00 0.000E+00
 8.5  -1 1.387E-05 1.387E-05 0.000E+00 0.000E+00 0.000E+00 0.000E+00 0.000E+00 0.000E+00
 9.5  -1 5.212E-07 5.212E-07 0.000E+00 0.000E+00 0.000E+00 0.000E+00 0.000E+00 0.000E+00
10.5  -1 1.188E-07 1.188E-07 0.000E+00 0.000E+00 0.000E+00 0.000E+00 0.000E+00 0.000E+00
 0.5   1 4.011E-04 4.011E-04 0.000E+00 0.000E+00 0.000E+00 0.000E+00 0.000E+00 0.000E+00
 1.5   1 1.154E-03 1.154E-03 0.000E+00 0.000E+00 0.000E+00 0.000E+00 0.000E+00 0.000E+00
 2.5   1 1.911E-03 1.911E-03 0.000E+00 0.000E+00 0.000E+00 0.000E+00 0.000E+00 0.000E+00
 3.5   1 1.879E-03 1.879E-03 0.000E+00 0.000E+00 0.000E+00 0.000E+00 0.000E+00 0.000E+00
 4.5   1 1.522E-03 1.522E-03 0.000E+00 0.000E+00 0.000E+00 0.000E+00 0.000E+00 0.000E+00
 5.5   1 8.547E-04 8.547E-04 0.000E+00 0.000E+00 0.000E+00 0.000E+00 0.000E+00 0.000E+00
 6.5   1 3.032E-04 3.032E-04 0.000E+00 0.000E+00 0.000E+00 0.000E+00 0.000E+00 0.000E+00
 7.5   1 1.009E-04 1.009E-04 0.000E+00 0.000E+00 0.000E+00 0.000E+00 0.000E+00 0.000E+00
 8.5   1 9.191E-06 9.191E-06 0.000E+00 0.000E+00 0.000E+00 0.000E+00 0.000E+00 0.000E+00
 9.5   1 2.213E-06 2.213E-06 0.000E+00 0.000E+00 0.000E+00 0.000E+00 0.000E+00 0.000E+00
10.5   1 3.678E-08 3.678E-08 0.000E+00 0.000E+00 0.000E+00 0.000E+00 0.000E+00 0.000E+00
  29   2.395 1.374E-02 -1 5.571E-03 2.723E-04 7.996E-04 1.202E-03 1.349E-03 1.050E-03 5.702E-04 2.619E-04 5.033E-05 1.438E-05
  29   2.395 1.374E-02  1 8.172E-03 4.015E-04 1.155E-03 1.912E-03 1.883E-03 1.531E-03 8.630E-04 3.110E-04 1.031E-04 9.717E-06
 0.5  -1 2.723E-04 2.723E-04 0.000E+00 0.000E+00 0.000E+00 0.000E+00 0.000E+00 0.000E+00
 1.5  -1 7.996E-04 7.996E-04 0.000E+00 0.000E+00 0.000E+00 0.000E+00 0.000E+00 0.000E+00
 2.5  -1 1.202E-03 1.202E-03 0.000E+00 0.000E+00 0.000E+00 0.000E+00 0.000E+00 0.000E+00
 3.5  -1 1.349E-03 1.349E-03 0.000E+00 0.000E+00 0.000E+00 0.000E+00 0.000E+00 0.000E+00
 4.5  -1 1.050E-03 1.050E-03 0.000E+00 0.000E+00 0.000E+00 0.000E+00 0.000E+00 0.000E+00
 5.5  -1 5.702E-04 5.702E-04 0.000E+00 0.000E+00 0.000E+00 0.000E+00 0.000E+00 0.000E+00
 6.5  -1 2.619E-04 2.619E-04 0.000E+00 0.000E+00 0.000E+00 0.000E+00 0.000E+00 0.000E+00
 7.5  -1 5.033E-05 5.033E-05 0.000E+00 0.000E+00 0.000E+00 0.000E+00 0.000E+00 0.000E+00
 8.5  -1 1.438E-05 1.438E-05 0.000E+00 0.000E+00 0.000E+00 0.000E+00 0.000E+00 0.000E+00
 9.5  -1 5.671E-07 5.671E-07 0.000E+00 0.000E+00 0.000E+00 0.000E+00 0.000E+00 0.000E+00
10.5  -1 1.289E-07 1.289E-07 0.000E+00 0.000E+00 0.000E+00 0.000E+00 0.000E+00 0.000E+00
 0.5   1 4.015E-04 4.015E-04 0.000E+00 0.000E+00 0.000E+00 0.000E+00 0.000E+00 0.000E+00
 1.5   1 1.155E-03 1.155E-03 0.000E+00 0.000E+00 0.000E+00 0.000E+00 0.000E+00 0.000E+00
 2.5   1 1.912E-03 1.912E-03 0.000E+00 0.000E+00 0.000E+00 0.000E+00 0.000E+00 0.000E+00
 3.5   1 1.883E-03 1.883E-03 0.000E+00 0.000E+00 0.000E+00 0.000E+00 0.000E+00 0.000E+00
 4.5   1 1.531E-03 1.531E-03 0.000E+00 0.000E+00 0.000E+00 0.000E+00 0.000E+00 0.000E+00
 5.5   1 8.630E-04 8.630E-04 0.000E+00 0.000E+00 0.000E+00 0.000E+00 0.000E+00 0.000E+00
 6.5   1 3.110E-04 3.110E-04 0.000E+00 0.000E+00 0.000E+00 0.000E+00 0.000E+00 0.000E+00
 7.5   1 1.031E-04 1.031E-04 0.000E+00 0.000E+00 0.000E+00 0.000E+00 0.000E+00 0.000E+00
 8.5   1 9.717E-06 9.717E-06 0.000E+00 0.000E+00 0.000E+00 0.000E+00 0.000E+00 0.000E+00
 9.5   1 2.308E-06 2.308E-06 0.000E+00 0.000E+00 0.000E+00 0.000E+00 0.000E+00 0.000E+00
10.5   1 4.103E-08 4.103E-08 0.000E+00 0.000E+00 0.000E+00 0.000E+00 0.000E+00 0.000E+00
  28   2.356 1.381E-02 -1 5.600E-03 2.721E-04 7.991E-04 1.206E-03 1.350E-03 1.058E-03 5.787E-04 2.673E-04 5.240E-05 1.492E-05
  28   2.356 1.381E-02  1 8.210E-03 4.021E-04 1.157E-03 1.913E-03 1.888E-03 1.541E-03 8.718E-04 3.191E-04 1.054E-04 1.028E-05
 0.5  -1 2.721E-04 2.721E-04 0.000E+00 0.000E+00 0.000E+00 0.000E+00 0.000E+00 0.000E+00
 1.5  -1 7.991E-04 7.991E-04 0.000E+00 0.000E+00 0.000E+00 0.000E+00 0.000E+00 0.000E+00
 2.5  -1 1.206E-03 1.206E-03 0.000E+00 0.000E+00 0.000E+00 0.000E+00 0.000E+00 0.000E+00
 3.5  -1 1.350E-03 1.350E-03 0.000E+00 0.000E+00 0.000E+00 0.000E+00 0.000E+00 0.000E+00
 4.5  -1 1.058E-03 1.058E-03 0.000E+00 0.000E+00 0.000E+00 0.000E+00 0.000E+00 0.000E+00
 5.5  -1 5.787E-04 5.787E-04 0.000E+00 0.000E+00 0.000E+00 0.000E+00 0.000E+00 0.000E+00
 6.5  -1 2.673E-04 2.673E-04 0.000E+00 0.000E+00 0.000E+00 0.000E+00 0.000E+00 0.000E+00
 7.5  -1 5.240E-05 5.240E-05 0.000E+00 0.000E+00 0.000E+00 0.000E+00 0.000E+00 0.000E+00
 8.5  -1 1.492E-05 1.492E-05 0.000E+00 0.000E+00 0.000E+00 0.000E+00 0.000E+00 0.000E+00
 9.5  -1 6.181E-07 6.181E-07 0.000E+00 0.000E+00 0.000E+00 0.000E+00 0.000E+00 0.000E+00
10.5  -1 1.403E-07 1.403E-07 0.000E+00 0.000E+00 0.000E+00 0.000E+00 0.000E+00 0.000E+00
 0.5   1 4.021E-04 4.021E-04 0.000E+00 0.000E+00 0.000E+00 0.000E+00 0.000E+00 0.000E+00
 1.5   1 1.157E-03 1.157E-03 0.000E+00 0.000E+00 0.000E+00 0.000E+00 0.000E+00 0.000E+00
 2.5   1 1.913E-03 1.913E-03 0.000E+00 0.000E+00 0.000E+00 0.000E+00 0.000E+00 0.000E+00
 3.5   1 1.888E-03 1.888E-03 0.000E+00 0.000E+00 0.000E+00 0.000E+00 0.000E+00 0.000E+00
 4.5   1 1.541E-03 1.541E-03 0.000E+00 0.000E+00 0.000E+00 0.000E+00 0.000E+00 0.000E+00
 5.5   1 8.718E-04 8.718E-04 0.000E+00 0.000E+00 0.000E+00 0.000E+00 0.000E+00 0.000E+00
 6.5   1 3.191E-04 3.191E-04 0.000E+00 0.000E+00 0.000E+00 0.000E+00 0.000E+00 0.000E+00
 7.5   1 1.054E-04 1.054E-04 0.000E+00 0.000E+00 0.000E+00 0.000E+00 0.000E+00 0.000E+00
 8.5   1 1.028E-05 1.028E-05 0.000E+00 0.000E+00 0.000E+00 0.000E+00 0.000E+00 0.000E+00
 9.5   1 2.408E-06 2.408E-06 0.000E+00 0.000E+00 0.000E+00 0.000E+00 0.000E+00 0.000E+00
10.5   1 4.587E-08 4.587E-08 0.000E+00 0.000E+00 0.000E+00 0.000E+00 0.000E+00 0.000E+00
  27   2.316 1.390E-02 -1 5.638E-03 2.724E-04 7.999E-04 1.211E-03 1.353E-03 1.069E-03 5.883E-04 2.734E-04 5.467E-05 1.553E-05
  27   2.316 1.390E-02  1 8.263E-03 4.032E-04 1.161E-03 1.918E-03 1.896E-03 1.553E-03 8.826E-04 3.282E-04 1.080E-04 1.089E-05
 0.5  -1 2.724E-04 2.724E-04 0.000E+00 0.000E+00 0.000E+00 0.000E+00 0.000E+00 0.000E+00
 1.5  -1 7.999E-04 7.999E-04 0.000E+00 0.000E+00 0.000E+00 0.000E+00 0.000E+00 0.000E+00
 2.5  -1 1.211E-03 1.211E-03 0.000E+00 0.000E+00 0.000E+00 0.000E+00 0.000E+00 0.000E+00
 3.5  -1 1.353E-03 1.353E-03 0.000E+00 0.000E+00 0.000E+00 0.000E+00 0.000E+00 0.000E+00
 4.5  -1 1.069E-03 1.069E-03 0.000E+00 0.000E+00 0.000E+00 0.000E+00 0.000E+00 0.000E+00
 5.5  -1 5.883E-04 5.883E-04 0.000E+00 0.000E+00 0.000E+00 0.000E+00 0.000E+00 0.000E+00
 6.5  -1 2.734E-04 2.734E-04 0.000E+00 0.000E+00 0.000E+00 0.000E+00 0.000E+00 0.000E+00
 7.5  -1 5.467E-05 5.467E-05 0.000E+00 0.000E+00 0.000E+00 0.000E+00 0.000E+00 0.000E+00
 8.5  -1 1.553E-05 1.553E-05 0.000E+00 0.000E+00 0.000E+00 0.000E+00 0.000E+00 0.000E+00
 9.5  -1 6.750E-07 6.750E-07 0.000E+00 0.000E+00 0.000E+00 0.000E+00 0.000E+00 0.000E+00
10.5  -1 1.532E-07 1.532E-07 0.000E+00 0.000E+00 0.000E+00 0.000E+00 0.000E+00 0.000E+00
 0.5   1 4.032E-04 4.032E-04 0.000E+00 0.000E+00 0.000E+00 0.000E+00 0.000E+00 0.000E+00
 1.5   1 1.161E-03 1.161E-03 0.000E+00 0.000E+00 0.000E+00 0.000E+00 0.000E+00 0.000E+00
 2.5   1 1.918E-03 1.918E-03 0.000E+00 0.000E+00 0.000E+00 0.000E+00 0.000E+00 0.000E+00
 3.5   1 1.896E-03 1.896E-03 0.000E+00 0.000E+00 0.000E+00 0.000E+00 0.000E+00 0.000E+00
 4.5   1 1.553E-03 1.553E-03 0.000E+00 0.000E+00 0.000E+00 0.000E+00 0.000E+00 0.000E+00
 5.5   1 8.826E-04 8.826E-04 0.000E+00 0.000E+00 0.000E+00 0.000E+00 0.000E+00 0.000E+00
 6.5   1 3.282E-04 3.282E-04 0.000E+00 0.000E+00 0.000E+00 0.000E+00 0.000E+00 0.000E+00
 7.5   1 1.080E-04 1.080E-04 0.000E+00 0.000E+00 0.000E+00 0.000E+00 0.000E+00 0.000E+00
 8.5   1 1.089E-05 1.089E-05 0.000E+00 0.000E+00 0.000E+00 0.000E+00 0.000E+00 0.000E+00
 9.5   1 2.515E-06 2.515E-06 0.000E+00 0.000E+00 0.000E+00 0.000E+00 0.000E+00 0.000E+00
10.5   1 5.144E-08 5.144E-08 0.000E+00 0.000E+00 0.000E+00 0.000E+00 0.000E+00 0.000E+00
  26   2.277 1.398E-02 -1 5.673E-03 2.726E-04 8.003E-04 1.216E-03 1.355E-03 1.078E-03 5.974E-04 2.795E-04 5.697E-05 1.614E-05
  26   2.277 1.398E-02  1 8.308E-03 4.042E-04 1.164E-03 1.920E-03 1.901E-03 1.564E-03 8.924E-04 3.371E-04 1.105E-04 1.155E-05
 0.5  -1 2.726E-04 2.726E-04 0.000E+00 0.000E+00 0.000E+00 0.000E+00 0.000E+00 0.000E+00
 1.5  -1 8.003E-04 8.003E-04 0.000E+00 0.000E+00 0.000E+00 0.000E+00 0.000E+00 0.000E+00
 2.5  -1 1.216E-03 1.216E-03 0.000E+00 0.000E+00 0.000E+00 0.000E+00 0.000E+00 0.000E+00
 3.5  -1 1.355E-03 1.355E-03 0.000E+00 0.000E+00 0.000E+00 0.000E+00 0.000E+00 0.000E+00
 4.5  -1 1.078E-03 1.078E-03 0.000E+00 0.000E+00 0.000E+00 0.000E+00 0.000E+00 0.000E+00
 5.5  -1 5.974E-04 5.974E-04 0.000E+00 0.000E+00 0.000E+00 0.000E+00 0.000E+00 0.000E+00
 6.5  -1 2.795E-04 2.795E-04 0.000E+00 0.000E+00 0.000E+00 0.000E+00 0.000E+00 0.000E+00
 7.5  -1 5.697E-05 5.697E-05 0.000E+00 0.000E+00 0.000E+00 0.000E+00 0.000E+00 0.000E+00
 8.5  -1 1.614E-05 1.614E-05 0.000E+00 0.000E+00 0.000E+00 0.000E+00 0.000E+00 0.000E+00
 9.5  -1 7.389E-07 7.389E-07 0.000E+00 0.000E+00 0.000E+00 0.000E+00 0.000E+00 0.000E+00
10.5  -1 1.678E-07 1.678E-07 0.000E+00 0.000E+00 0.000E+00 0.000E+00 0.000E+00 0.000E+00
 0.5   1 4.042E-04 4.042E-04 0.000E+00 0.000E+00 0.000E+00 0.000E+00 0.000E+00 0.000E+00
 1.5   1 1.164E-03 1.164E-03 0.000E+00 0.000E+00 0.000E+00 0.000E+00 0.000E+00 0.000E+00
 2.5   1 1.920E-03 1.920E-03 0.000E+00 0.000E+00 0.000E+00 0.000E+00 0.000E+00 0.000E+00
 3.5   1 1.901E-03 1.901E-03 0.000E+00 0.000E+00 0.000E+00 0.000E+00 0.000E+00 0.000E+00
 4.5   1 1.564E-03 1.564E-03 0.000E+00 0.000E+00 0.000E+00 0.000E+00 0.000E+00 0.000E+00
 5.5   1 8.924E-04 8.924E-04 0.000E+00 0.000E+00 0.000E+00 0.000E+00 0.000E+00 0.000E+00
 6.5   1 3.371E-04 3.371E-04 0.000E+00 0.000E+00 0.000E+00 0.000E+00 0.000E+00 0.000E+00
 7.5   1 1.105E-04 1.105E-04 0.000E+00 0.000E+00 0.000E+00 0.000E+00 0.000E+00 0.000E+00
 8.5   1 1.155E-05 1.155E-05 0.000E+00 0.000E+00 0.000E+00 0.000E+00 0.000E+00 0.000E+00
 9.5   1 2.628E-06 2.628E-06 0.000E+00 0.000E+00 0.000E+00 0.000E+00 0.000E+00 0.000E+00
10.5   1 5.788E-08 5.788E-08 0.000E+00 0.000E+00 0.000E+00 0.000E+00 0.000E+00 0.000E+00
  25   2.238 1.410E-02 -1 5.721E-03 2.735E-04 8.025E-04 1.223E-03 1.360E-03 1.091E-03 6.083E-04 2.866E-04 5.956E-05 1.686E-05
  25   2.238 1.410E-02  1 8.379E-03 4.062E-04 1.170E-03 1.928E-03 1.912E-03 1.580E-03 9.057E-04 3.478E-04 1.137E-04 1.228E-05
 0.5  -1 2.735E-04 2.735E-04 0.000E+00 0.000E+00 0.000E+00 0.000E+00 0.000E+00 0.000E+00
 1.5  -1 8.025E-04 8.025E-04 0.000E+00 0.000E+00 0.000E+00 0.000E+00 0.000E+00 0.000E+00
 2.5  -1 1.223E-03 1.223E-03 0.000E+00 0.000E+00 0.000E+00 0.000E+00 0.000E+00 0.000E+00
 3.5  -1 1.360E-03 1.360E-03 0.000E+00 0.000E+00 0.000E+00 0.000E+00 0.000E+00 0.000E+00
 4.5  -1 1.091E-03 1.091E-03 0.000E+00 0.000E+00 0.000E+00 0.000E+00 0.000E+00 0.000E+00
 5.5  -1 6.083E-04 6.083E-04 0.000E+00 0.000E+00 0.000E+00 0.000E+00 0.000E+00 0.000E+00
 6.5  -1 2.866E-04 2.866E-04 0.000E+00 0.000E+00 0.000E+00 0.000E+00 0.000E+00 0.000E+00
 7.5  -1 5.956E-05 5.956E-05 0.000E+00 0.000E+00 0.000E+00 0.000E+00 0.000E+00 0.000E+00
 8.5  -1 1.686E-05 1.686E-05 0.000E+00 0.000E+00 0.000E+00 0.000E+00 0.000E+00 0.000E+00
 9.5  -1 8.113E-07 8.113E-07 0.000E+00 0.000E+00 0.000E+00 0.000E+00 0.000E+00 0.000E+00
10.5  -1 1.846E-07 1.846E-07 0.000E+00 0.000E+00 0.000E+00 0.000E+00 0.000E+00 0.000E+00
 0.5   1 4.062E-04 4.062E-04 0.000E+00 0.000E+00 0.000E+00 0.000E+00 0.000E+00 0.000E+00
 1.5   1 1.170E-03 1.170E-03 0.000E+00 0.000E+00 0.000E+00 0.000E+00 0.000E+00 0.000E+00
 2.5   1 1.928E-03 1.928E-03 0.000E+00 0.000E+00 0.000E+00 0.000E+00 0.000E+00 0.000E+00
 3.5   1 1.912E-03 1.912E-03 0.000E+00 0.000E+00 0.000E+00 0.000E+00 0.000E+00 0.000E+00
 4.5   1 1.580E-03 1.580E-03 0.000E+00 0.000E+00 0.000E+00 0.000E+00 0.000E+00 0.000E+00
 5.5   1 9.057E-04 9.057E-04 0.000E+00 0.000E+00 0.000E+00 0.000E+00 0.000E+00 0.000E+00
 6.5   1 3.478E-04 3.478E-04 0.000E+00 0.000E+00 0.000E+00 0.000E+00 0.000E+00 0.000E+00
 7.5   1 1.137E-04 1.137E-04 0.000E+00 0.000E+00 0.000E+00 0.000E+00 0.000E+00 0.000E+00
 8.5   1 1.228E-05 1.228E-05 0.000E+00 0.000E+00 0.000E+00 0.000E+00 0.000E+00 0.000E+00
 9.5   1 2.750E-06 2.750E-06 0.000E+00 0.000E+00 0.000E+00 0.000E+00 0.000E+00 0.000E+00
10.5   1 6.540E-08 6.540E-08 0.000E+00 0.000E+00 0.000E+00 0.000E+00 0.000E+00 0.000E+00
  24   2.198 1.420E-02 -1 5.765E-03 2.741E-04 8.042E-04 1.229E-03 1.363E-03 1.102E-03 6.186E-04 2.937E-04 6.221E-05 1.759E-05
  24   2.198 1.420E-02  1 8.435E-03 4.078E-04 1.174E-03 1.933E-03 1.919E-03 1.593E-03 9.174E-04 3.579E-04 1.167E-04 1.308E-05
 0.5  -1 2.741E-04 2.741E-04 0.000E+00 0.000E+00 0.000E+00 0.000E+00 0.000E+00 0.000E+00
 1.5  -1 8.042E-04 8.042E-04 0.000E+00 0.000E+00 0.000E+00 0.000E+00 0.000E+00 0.000E+00
 2.5  -1 1.229E-03 1.229E-03 0.000E+00 0.000E+00 0.000E+00 0.000E+00 0.000E+00 0.000E+00
 3.5  -1 1.363E-03 1.363E-03 0.000E+00 0.000E+00 0.000E+00 0.000E+00 0.000E+00 0.000E+00
 4.5  -1 1.102E-03 1.102E-03 0.000E+00 0.000E+00 0.000E+00 0.000E+00 0.000E+00 0.000E+00
 5.5  -1 6.186E-04 6.186E-04 0.000E+00 0.000E+00 0.000E+00 0.000E+00 0.000E+00 0.000E+00
 6.5  -1 2.937E-04 2.937E-04 0.000E+00 0.000E+00 0.000E+00 0.000E+00 0.000E+00 0.000E+00
 7.5  -1 6.221E-05 6.221E-05 0.000E+00 0.000E+00 0.000E+00 0.000E+00 0.000E+00 0.000E+00
 8.5  -1 1.759E-05 1.759E-05 0.000E+00 0.000E+00 0.000E+00 0.000E+00 0.000E+00 0.000E+00
 9.5  -1 8.935E-07 8.935E-07 0.000E+00 0.000E+00 0.000E+00 0.000E+00 0.000E+00 0.000E+00
10.5  -1 2.040E-07 2.040E-07 0.000E+00 0.000E+00 0.000E+00 0.000E+00 0.000E+00 0.000E+00
 0.5   1 4.078E-04 4.078E-04 0.000E+00 0.000E+00 0.000E+00 0.000E+00 0.000E+00 0.000E+00
 1.5   1 1.174E-03 1.174E-03 0.000E+00 0.000E+00 0.000E+00 0.000E+00 0.000E+00 0.000E+00
 2.5   1 1.933E-03 1.933E-03 0.000E+00 0.000E+00 0.000E+00 0.000E+00 0.000E+00 0.000E+00
 3.5   1 1.919E-03 1.919E-03 0.000E+00 0.000E+00 0.000E+00 0.000E+00 0.000E+00 0.000E+00
 4.5   1 1.593E-03 1.593E-03 0.000E+00 0.000E+00 0.000E+00 0.000E+00 0.000E+00 0.000E+00
 5.5   1 9.174E-04 9.174E-04 0.000E+00 0.000E+00 0.000E+00 0.000E+00 0.000E+00 0.000E+00
 6.5   1 3.579E-04 3.579E-04 0.000E+00 0.000E+00 0.000E+00 0.000E+00 0.000E+00 0.000E+00
 7.5   1 1.167E-04 1.167E-04 0.000E+00 0.000E+00 0.000E+00 0.000E+00 0.000E+00 0.000E+00
 8.5   1 1.308E-05 1.308E-05 0.000E+00 0.000E+00 0.000E+00 0.000E+00 0.000E+00 0.000E+00
 9.5   1 2.883E-06 2.883E-06 0.000E+00 0.000E+00 0.000E+00 0.000E+00 0.000E+00 0.000E+00
10.5   1 7.425E-08 7.425E-08 0.000E+00 0.000E+00 0.000E+00 0.000E+00 0.000E+00 0.000E+00
  23   2.159 1.434E-02 -1 5.820E-03 2.753E-04 8.075E-04 1.237E-03 1.368E-03 1.115E-03 6.306E-04 3.018E-04 6.517E-05 1.845E-05
  23   2.159 1.434E-02  1 8.516E-03 4.104E-04 1.181E-03 1.943E-03 1.930E-03 1.611E-03 9.325E-04 3.699E-04 1.204E-04 1.397E-05
 0.5  -1 2.753E-04 2.753E-04 0.000E+00 0.000E+00 0.000E+00 0.000E+00 0.000E+00 0.000E+00
 1.5  -1 8.075E-04 8.075E-04 0.000E+00 0.000E+00 0.000E+00 0.000E+00 0.000E+00 0.000E+00
 2.5  -1 1.237E-03 1.237E-03 0.000E+00 0.000E+00 0.000E+00 0.000E+00 0.000E+00 0.000E+00
 3.5  -1 1.368E-03 1.368E-03 0.000E+00 0.000E+00 0.000E+00 0.000E+00 0.000E+00 0.000E+00
 4.5  -1 1.115E-03 1.115E-03 0.000E+00 0.000E+00 0.000E+00 0.000E+00 0.000E+00 0.000E+00
 5.5  -1 6.306E-04 6.306E-04 0.000E+00 0.000E+00 0.000E+00 0.000E+00 0.000E+00 0.000E+00
 6.5  -1 3.018E-04 3.018E-04 0.000E+00 0.000E+00 0.000E+00 0.000E+00 0.000E+00 0.000E+00
 7.5  -1 6.517E-05 6.517E-05 0.000E+00 0.000E+00 0.000E+00 0.000E+00 0.000E+00 0.000E+00
 8.5  -1 1.845E-05 1.845E-05 0.000E+00 0.000E+00 0.000E+00 0.000E+00 0.000E+00 0.000E+00
 9.5  -1 9.880E-07 9.880E-07 0.000E+00 0.000E+00 0.000E+00 0.000E+00 0.000E+00 0.000E+00
10.5  -1 2.268E-07 2.268E-07 0.000E+00 0.000E+00 0.000E+00 0.000E+00 0.000E+00 0.000E+00
 0.5   1 4.104E-04 4.104E-04 0.000E+00 0.000E+00 0.000E+00 0.000E+00 0.000E+00 0.000E+00
 1.5   1 1.181E-03 1.181E-03 0.000E+00 0.000E+00 0.000E+00 0.000E+00 0.000E+00 0.000E+00
 2.5   1 1.943E-03 1.943E-03 0.000E+00 0.000E+00 0.000E+00 0.000E+00 0.000E+00 0.000E+00
 3.5   1 1.930E-03 1.930E-03 0.000E+00 0.000E+00 0.000E+00 0.000E+00 0.000E+00 0.000E+00
 4.5   1 1.611E-03 1.611E-03 0.000E+00 0.000E+00 0.000E+00 0.000E+00 0.000E+00 0.000E+00
 5.5   1 9.325E-04 9.325E-04 0.000E+00 0.000E+00 0.000E+00 0.000E+00 0.000E+00 0.000E+00
 6.5   1 3.699E-04 3.699E-04 0.000E+00 0.000E+00 0.000E+00 0.000E+00 0.000E+00 0.000E+00
 7.5   1 1.204E-04 1.204E-04 0.000E+00 0.000E+00 0.000E+00 0.000E+00 0.000E+00 0.000E+00
 8.5   1 1.397E-05 1.397E-05 0.000E+00 0.000E+00 0.000E+00 0.000E+00 0.000E+00 0.000E+00
 9.5   1 3.029E-06 3.029E-06 0.000E+00 0.000E+00 0.000E+00 0.000E+00 0.000E+00 0.000E+00
10.5   1 8.479E-08 8.479E-08 0.000E+00 0.000E+00 0.000E+00 0.000E+00 0.000E+00 0.000E+00
  22   2.120 1.447E-02 -1 5.877E-03 2.766E-04 8.109E-04 1.246E-03 1.373E-03 1.129E-03 6.427E-04 3.103E-04 6.832E-05 1.937E-05
  22   2.120 1.447E-02  1 8.595E-03 4.130E-04 1.189E-03 1.953E-03 1.941E-03 1.628E-03 9.476E-04 3.823E-04 1.242E-04 1.497E-05
 0.5  -1 2.766E-04 2.766E-04 0.000E+00 0.000E+00 0.000E+00 0.000E+00 0.000E+00 0.000E+00
 1.5  -1 8.109E-04 8.109E-04 0.000E+00 0.000E+00 0.000E+00 0.000E+00 0.000E+00 0.000E+00
 2.5  -1 1.246E-03 1.246E-03 0.000E+00 0.000E+00 0.000E+00 0.000E+00 0.000E+00 0.000E+00
 3.5  -1 1.373E-03 1.373E-03 0.000E+00 0.000E+00 0.000E+00 0.000E+00 0.000E+00 0.000E+00
 4.5  -1 1.129E-03 1.129E-03 0.000E+00 0.000E+00 0.000E+00 0.000E+00 0.000E+00 0.000E+00
 5.5  -1 6.427E-04 6.427E-04 0.000E+00 0.000E+00 0.000E+00 0.000E+00 0.000E+00 0.000E+00
 6.5  -1 3.103E-04 3.103E-04 0.000E+00 0.000E+00 0.000E+00 0.000E+00 0.000E+00 0.000E+00
 7.5  -1 6.832E-05 6.832E-05 0.000E+00 0.000E+00 0.000E+00 0.000E+00 0.000E+00 0.000E+00
 8.5  -1 1.937E-05 1.937E-05 0.000E+00 0.000E+00 0.000E+00 0.000E+00 0.000E+00 0.000E+00
 9.5  -1 1.098E-06 1.098E-06 0.000E+00 0.000E+00 0.000E+00 0.000E+00 0.000E+00 0.000E+00
10.5  -1 2.537E-07 2.537E-07 0.000E+00 0.000E+00 0.000E+00 0.000E+00 0.000E+00 0.000E+00
 0.5   1 4.130E-04 4.130E-04 0.000E+00 0.000E+00 0.000E+00 0.000E+00 0.000E+00 0.000E+00
 1.5   1 1.189E-03 1.189E-03 0.000E+00 0.000E+00 0.000E+00 0.000E+00 0.000E+00 0.000E+00
 2.5   1 1.953E-03 1.953E-03 0.000E+00 0.000E+00 0.000E+00 0.000E+00 0.000E+00 0.000E+00
 3.5   1 1.941E-03 1.941E-03 0.000E+00 0.000E+00 0.000E+00 0.000E+00 0.000E+00 0.000E+00
 4.5   1 1.628E-03 1.628E-03 0.000E+00 0.000E+00 0.000E+00 0.000E+00 0.000E+00 0.000E+00
 5.5   1 9.476E-04 9.476E-04 0.000E+00 0.000E+00 0.000E+00 0.000E+00 0.000E+00 0.000E+00
 6.5   1 3.823E-04 3.823E-04 0.000E+00 0.000E+00 0.000E+00 0.000E+00 0.000E+00 0.000E+00
 7.5   1 1.242E-04 1.242E-04 0.000E+00 0.000E+00 0.000E+00 0.000E+00 0.000E+00 0.000E+00
 8.5   1 1.497E-05 1.497E-05 0.000E+00 0.000E+00 0.000E+00 0.000E+00 0.000E+00 0.000E+00
 9.5   1 3.191E-06 3.191E-06 0.000E+00 0.000E+00 0.000E+00 0.000E+00 0.000E+00 0.000E+00
10.5   1 9.751E-08 9.751E-08 0.000E+00 0.000E+00 0.000E+00 0.000E+00 0.000E+00 0.000E+00
  21   2.081 1.462E-02 -1 5.938E-03 2.782E-04 8.148E-04 1.255E-03 1.379E-03 1.143E-03 6.555E-04 3.195E-04 7.174E-05 2.041E-05
  21   2.081 1.462E-02  1 8.681E-03 4.160E-04 1.197E-03 1.963E-03 1.951E-03 1.646E-03 9.642E-04 3.958E-04 1.285E-04 1.611E-05
 0.5  -1 2.782E-04 2.782E-04 0.000E+00 0.000E+00 0.000E+00 0.000E+00 0.000E+00 0.000E+00
 1.5  -1 8.148E-04 8.148E-04 0.000E+00 0.000E+00 0.000E+00 0.000E+00 0.000E+00 0.000E+00
 2.5  -1 1.255E-03 1.255E-03 0.000E+00 0.000E+00 0.000E+00 0.000E+00 0.000E+00 0.000E+00
 3.5  -1 1.379E-03 1.379E-03 0.000E+00 0.000E+00 0.000E+00 0.000E+00 0.000E+00 0.000E+00
 4.5  -1 1.143E-03 1.143E-03 0.000E+00 0.000E+00 0.000E+00 0.000E+00 0.000E+00 0.000E+00
 5.5  -1 6.555E-04 6.555E-04 0.000E+00 0.000E+00 0.000E+00 0.000E+00 0.000E+00 0.000E+00
 6.5  -1 3.195E-04 3.195E-04 0.000E+00 0.000E+00 0.000E+00 0.000E+00 0.000E+00 0.000E+00
 7.5  -1 7.174E-05 7.174E-05 0.000E+00 0.000E+00 0.000E+00 0.000E+00 0.000E+00 0.000E+00
 8.5  -1 2.041E-05 2.041E-05 0.000E+00 0.000E+00 0.000E+00 0.000E+00 0.000E+00 0.000E+00
 9.5  -1 1.226E-06 1.226E-06 0.000E+00 0.000E+00 0.000E+00 0.000E+00 0.000E+00 0.000E+00
10.5  -1 2.860E-07 2.860E-07 0.000E+00 0.000E+00 0.000E+00 0.000E+00 0.000E+00 0.000E+00
 0.5   1 4.160E-04 4.160E-04 0.000E+00 0.000E+00 0.000E+00 0.000E+00 0.000E+00 0.000E+00
 1.5   1 1.197E-03 1.197E-03 0.000E+00 0.000E+00 0.000E+00 0.000E+00 0.000E+00 0.000E+00
 2.5   1 1.963E-03 1.963E-03 0.000E+00 0.000E+00 0.000E+00 0.000E+00 0.000E+00 0.000E+00
 3.5   1 1.951E-03 1.951E-03 0.000E+00 0.000E+00 0.000E+00 0.000E+00 0.000E+00 0.000E+00
 4.5   1 1.646E-03 1.646E-03 0.000E+00 0.000E+00 0.000E+00 0.000E+00 0.000E+00 0.000E+00
 5.5   1 9.642E-04 9.642E-04 0.000E+00 0.000E+00 0.000E+00 0.000E+00 0.000E+00 0.000E+00
 6.5   1 3.958E-04 3.958E-04 0.000E+00 0.000E+00 0.000E+00 0.000E+00 0.000E+00 0.000E+00
 7.5   1 1.285E-04 1.285E-04 0.000E+00 0.000E+00 0.000E+00 0.000E+00 0.000E+00 0.000E+00
 8.5   1 1.611E-05 1.611E-05 0.000E+00 0.000E+00 0.000E+00 0.000E+00 0.000E+00 0.000E+00
 9.5   1 3.375E-06 3.375E-06 0.000E+00 0.000E+00 0.000E+00 0.000E+00 0.000E+00 0.000E+00
10.5   1 1.131E-07 1.131E-07 0.000E+00 0.000E+00 0.000E+00 0.000E+00 0.000E+00 0.000E+00
11.5   1 1.323E-08 1.323E-08 0.000E+00 0.000E+00 0.000E+00 0.000E+00 0.000E+00 0.000E+00
  20   2.041 1.479E-02 -1 6.008E-03 2.801E-04 8.199E-04 1.266E-03 1.386E-03 1.159E-03 6.697E-04 3.298E-04 7.556E-05 2.161E-05
  20   2.041 1.479E-02  1 8.784E-03 4.196E-04 1.206E-03 1.976E-03 1.965E-03 1.668E-03 9.832E-04 4.109E-04 1.335E-04 1.741E-05
 0.5  -1 2.801E-04 2.801E-04 0.000E+00 0.000E+00 0.000E+00 0.000E+00 0.000E+00 0.000E+00
 1.5  -1 8.199E-04 8.199E-04 0.000E+00 0.000E+00 0.000E+00 0.000E+00 0.000E+00 0.000E+00
 2.5  -1 1.266E-03 1.266E-03 0.000E+00 0.000E+00 0.000E+00 0.000E+00 0.000E+00 0.000E+00
 3.5  -1 1.386E-03 1.386E-03 0.000E+00 0.000E+00 0.000E+00 0.000E+00 0.000E+00 0.000E+00
 4.5  -1 1.159E-03 1.159E-03 0.000E+00 0.000E+00 0.000E+00 0.000E+00 0.000E+00 0.000E+00
 5.5  -1 6.697E-04 6.697E-04 0.000E+00 0.000E+00 0.000E+00 0.000E+00 0.000E+00 0.000E+00
 6.5  -1 3.298E-04 3.298E-04 0.000E+00 0.000E+00 0.000E+00 0.000E+00 0.000E+00 0.000E+00
 7.5  -1 7.556E-05 7.556E-05 0.000E+00 0.000E+00 0.000E+00 0.000E+00 0.000E+00 0.000E+00
 8.5  -1 2.161E-05 2.161E-05 0.000E+00 0.000E+00 0.000E+00 0.000E+00 0.000E+00 0.000E+00
 9.5  -1 1.379E-06 1.379E-06 0.000E+00 0.000E+00 0.000E+00 0.000E+00 0.000E+00 0.000E+00
10.5  -1 3.254E-07 3.254E-07 0.000E+00 0.000E+00 0.000E+00 0.000E+00 0.000E+00 0.000E+00
 0.5   1 4.196E-04 4.196E-04 0.000E+00 0.000E+00 0.000E+00 0.000E+00 0.000E+00 0.000E+00
 1.5   1 1.206E-03 1.206E-03 0.000E+00 0.000E+00 0.000E+00 0.000E+00 0.000E+00 0.000E+00
 2.5   1 1.976E-03 1.976E-03 0.000E+00 0.000E+00 0.000E+00 0.000E+00 0.000E+00 0.000E+00
 3.5   1 1.965E-03 1.965E-03 0.000E+00 0.000E+00 0.000E+00 0.000E+00 0.000E+00 0.000E+00
 4.5   1 1.668E-03 1.668E-03 0.000E+00 0.000E+00 0.000E+00 0.000E+00 0.000E+00 0.000E+00
 5.5   1 9.832E-04 9.832E-04 0.000E+00 0.000E+00 0.000E+00 0.000E+00 0.000E+00 0.000E+00
 6.5   1 4.109E-04 4.109E-04 0.000E+00 0.000E+00 0.000E+00 0.000E+00 0.000E+00 0.000E+00
 7.5   1 1.335E-04 1.335E-04 0.000E+00 0.000E+00 0.000E+00 0.000E+00 0.000E+00 0.000E+00
 8.5   1 1.741E-05 1.741E-05 0.000E+00 0.000E+00 0.000E+00 0.000E+00 0.000E+00 0.000E+00
 9.5   1 3.587E-06 3.587E-06 0.000E+00 0.000E+00 0.000E+00 0.000E+00 0.000E+00 0.000E+00
10.5   1 1.325E-07 1.325E-07 0.000E+00 0.000E+00 0.000E+00 0.000E+00 0.000E+00 0.000E+00
11.5   1 1.518E-08 1.518E-08 0.000E+00 0.000E+00 0.000E+00 0.000E+00 0.000E+00 0.000E+00
  19   2.002 1.496E-02 -1 6.078E-03 2.821E-04 8.249E-04 1.276E-03 1.392E-03 1.174E-03 6.839E-04 3.406E-04 7.967E-05 2.294E-05
  19   2.002 1.496E-02  1 8.882E-03 4.232E-04 1.216E-03 1.988E-03 1.976E-03 1.689E-03 1.002E-03 4.268E-04 1.388E-04 1.894E-05
 0.5  -1 2.821E-04 2.821E-04 0.000E+00 0.000E+00 0.000E+00 0.000E+00 0.000E+00 0.000E+00
 1.5  -1 8.249E-04 8.249E-04 0.000E+00 0.000E+00 0.000E+00 0.000E+00 0.000E+00 0.000E+00
 2.5  -1 1.276E-03 1.276E-03 0.000E+00 0.000E+00 0.000E+00 0.000E+00 0.000E+00 0.000E+00
 3.5  -1 1.392E-03 1.392E-03 0.000E+00 0.000E+00 0.000E+00 0.000E+00 0.000E+00 0.000E+00
 4.5  -1 1.174E-03 1.174E-03 0.000E+00 0.000E+00 0.000E+00 0.000E+00 0.000E+00 0.000E+00
 5.5  -1 6.839E-04 6.839E-04 0.000E+00 0.000E+00 0.000E+00 0.000E+00 0.000E+00 0.000E+00
 6.5  -1 3.406E-04 3.406E-04 0.000E+00 0.000E+00 0.000E+00 0.000E+00 0.000E+00 0.000E+00
 7.5  -1 7.967E-05 7.967E-05 0.000E+00 0.000E+00 0.000E+00 0.000E+00 0.000E+00 0.000E+00
 8.5  -1 2.294E-05 2.294E-05 0.000E+00 0.000E+00 0.000E+00 0.000E+00 0.000E+00 0.000E+00
 9.5  -1 1.563E-06 1.563E-06 0.000E+00 0.000E+00 0.000E+00 0.000E+00 0.000E+00 0.000E+00
10.5  -1 3.743E-07 3.743E-07 0.000E+00 0.000E+00 0.000E+00 0.000E+00 0.000E+00 0.000E+00
 0.5   1 4.232E-04 4.232E-04 0.000E+00 0.000E+00 0.000E+00 0.000E+00 0.000E+00 0.000E+00
 1.5   1 1.216E-03 1.216E-03 0.000E+00 0.000E+00 0.000E+00 0.000E+00 0.000E+00 0.000E+00
 2.5   1 1.988E-03 1.988E-03 0.000E+00 0.000E+00 0.000E+00 0.000E+00 0.000E+00 0.000E+00
 3.5   1 1.976E-03 1.976E-03 0.000E+00 0.000E+00 0.000E+00 0.000E+00 0.000E+00 0.000E+00
 4.5   1 1.689E-03 1.689E-03 0.000E+00 0.000E+00 0.000E+00 0.000E+00 0.000E+00 0.000E+00
 5.5   1 1.002E-03 1.002E-03 0.000E+00 0.000E+00 0.000E+00 0.000E+00 0.000E+00 0.000E+00
 6.5   1 4.268E-04 4.268E-04 0.000E+00 0.000E+00 0.000E+00 0.000E+00 0.000E+00 0.000E+00
 7.5   1 1.388E-04 1.388E-04 0.000E+00 0.000E+00 0.000E+00 0.000E+00 0.000E+00 0.000E+00
 8.5   1 1.894E-05 1.894E-05 0.000E+00 0.000E+00 0.000E+00 0.000E+00 0.000E+00 0.000E+00
 9.5   1 3.834E-06 3.834E-06 0.000E+00 0.000E+00 0.000E+00 0.000E+00 0.000E+00 0.000E+00
10.5   1 1.572E-07 1.572E-07 0.000E+00 0.000E+00 0.000E+00 0.000E+00 0.000E+00 0.000E+00
11.5   1 1.768E-08 1.768E-08 0.000E+00 0.000E+00 0.000E+00 0.000E+00 0.000E+00 0.000E+00
  18   1.963 1.517E-02 -1 6.162E-03 2.847E-04 8.316E-04 1.288E-03 1.401E-03 1.193E-03 7.003E-04 3.531E-04 8.438E-05 2.455E-05
  18   1.963 1.517E-02  1 9.010E-03 4.279E-04 1.228E-03 2.005E-03 1.992E-03 1.715E-03 1.026E-03 4.457E-04 1.454E-04 2.075E-05
 0.5  -1 2.847E-04 2.847E-04 0.000E+00 0.000E+00 0.000E+00 0.000E+00 0.000E+00 0.000E+00
 1.5  -1 8.316E-04 8.316E-04 0.000E+00 0.000E+00 0.000E+00 0.000E+00 0.000E+00 0.000E+00
 2.5  -1 1.288E-03 1.288E-03 0.000E+00 0.000E+00 0.000E+00 0.000E+00 0.000E+00 0.000E+00
 3.5  -1 1.401E-03 1.401E-03 0.000E+00 0.000E+00 0.000E+00 0.000E+00 0.000E+00 0.000E+00
 4.5  -1 1.193E-03 1.193E-03 0.000E+00 0.000E+00 0.000E+00 0.000E+00 0.000E+00 0.000E+00
 5.5  -1 7.003E-04 7.003E-04 0.000E+00 0.000E+00 0.000E+00 0.000E+00 0.000E+00 0.000E+00
 6.5  -1 3.531E-04 3.531E-04 0.000E+00 0.000E+00 0.000E+00 0.000E+00 0.000E+00 0.000E+00
 7.5  -1 8.438E-05 8.438E-05 0.000E+00 0.000E+00 0.000E+00 0.000E+00 0.000E+00 0.000E+00
 8.5  -1 2.455E-05 2.455E-05 0.000E+00 0.000E+00 0.000E+00 0.000E+00 0.000E+00 0.000E+00
 9.5  -1 1.790E-06 1.790E-06 0.000E+00 0.000E+00 0.000E+00 0.000E+00 0.000E+00 0.000E+00
10.5  -1 4.367E-07 4.367E-07 0.000E+00 0.000E+00 0.000E+00 0.000E+00 0.000E+00 0.000E+00
 0.5   1 4.279E-04 4.279E-04 0.000E+00 0.000E+00 0.000E+00 0.000E+00 0.000E+00 0.000E+00
 1.5   1 1.228E-03 1.228E-03 0.000E+00 0.000E+00 0.000E+00 0.000E+00 0.000E+00 0.000E+00
 2.5   1 2.005E-03 2.005E-03 0.000E+00 0.000E+00 0.000E+00 0.000E+00 0.000E+00 0.000E+00
 3.5   1 1.992E-03 1.992E-03 0.000E+00 0.000E+00 0.000E+00 0.000E+00 0.000E+00 0.000E+00
 4.5   1 1.715E-03 1.715E-03 0.000E+00 0.000E+00 0.000E+00 0.000E+00 0.000E+00 0.000E+00
 5.5   1 1.026E-03 1.026E-03 0.000E+00 0.000E+00 0.000E+00 0.000E+00 0.000E+00 0.000E+00
 6.5   1 4.457E-04 4.457E-04 0.000E+00 0.000E+00 0.000E+00 0.000E+00 0.000E+00 0.000E+00
 7.5   1 1.454E-04 1.454E-04 0.000E+00 0.000E+00 0.000E+00 0.000E+00 0.000E+00 0.000E+00
 8.5   1 2.075E-05 2.075E-05 0.000E+00 0.000E+00 0.000E+00 0.000E+00 0.000E+00 0.000E+00
 9.5   1 4.131E-06 4.131E-06 0.000E+00 0.000E+00 0.000E+00 0.000E+00 0.000E+00 0.000E+00
10.5   1 1.896E-07 1.896E-07 0.000E+00 0.000E+00 0.000E+00 0.000E+00 0.000E+00 0.000E+00
11.5   1 2.101E-08 2.101E-08 0.000E+00 0.000E+00 0.000E+00 0.000E+00 0.000E+00 0.000E+00
  17   1.923 1.537E-02 -1 6.245E-03 2.872E-04 8.380E-04 1.300E-03 1.408E-03 1.210E-03 7.168E-04 3.664E-04 8.954E-05 2.641E-05
  17   1.923 1.537E-02  1 9.130E-03 4.324E-04 1.239E-03 2.020E-03 2.005E-03 1.739E-03 1.049E-03 4.653E-04 1.525E-04 2.294E-05
 0.5  -1 2.872E-04 2.872E-04 0.000E+00 0.000E+00 0.000E+00 0.000E+00 0.000E+00 0.000E+00
 1.5  -1 8.380E-04 8.380E-04 0.000E+00 0.000E+00 0.000E+00 0.000E+00 0.000E+00 0.000E+00
 2.5  -1 1.300E-03 1.300E-03 0.000E+00 0.000E+00 0.000E+00 0.000E+00 0.000E+00 0.000E+00
 3.5  -1 1.408E-03 1.408E-03 0.000E+00 0.000E+00 0.000E+00 0.000E+00 0.000E+00 0.000E+00
 4.5  -1 1.210E-03 1.210E-03 0.000E+00 0.000E+00 0.000E+00 0.000E+00 0.000E+00 0.000E+00
 5.5  -1 7.168E-04 7.168E-04 0.000E+00 0.000E+00 0.000E+00 0.000E+00 0.000E+00 0.000E+00
 6.5  -1 3.664E-04 3.664E-04 0.000E+00 0.000E+00 0.000E+00 0.000E+00 0.000E+00 0.000E+00
 7.5  -1 8.954E-05 8.954E-05 0.000E+00 0.000E+00 0.000E+00 0.000E+00 0.000E+00 0.000E+00
 8.5  -1 2.641E-05 2.641E-05 0.000E+00 0.000E+00 0.000E+00 0.000E+00 0.000E+00 0.000E+00
 9.5  -1 2.077E-06 2.077E-06 0.000E+00 0.000E+00 0.000E+00 0.000E+00 0.000E+00 0.000E+00
10.5  -1 5.184E-07 5.184E-07 0.000E+00 0.000E+00 0.000E+00 0.000E+00 0.000E+00 0.000E+00
 0.5   1 4.324E-04 4.324E-04 0.000E+00 0.000E+00 0.000E+00 0.000E+00 0.000E+00 0.000E+00
 1.5   1 1.239E-03 1.239E-03 0.000E+00 0.000E+00 0.000E+00 0.000E+00 0.000E+00 0.000E+00
 2.5   1 2.020E-03 2.020E-03 0.000E+00 0.000E+00 0.000E+00 0.000E+00 0.000E+00 0.000E+00
 3.5   1 2.005E-03 2.005E-03 0.000E+00 0.000E+00 0.000E+00 0.000E+00 0.000E+00 0.000E+00
 4.5   1 1.739E-03 1.739E-03 0.000E+00 0.000E+00 0.000E+00 0.000E+00 0.000E+00 0.000E+00
 5.5   1 1.049E-03 1.049E-03 0.000E+00 0.000E+00 0.000E+00 0.000E+00 0.000E+00 0.000E+00
 6.5   1 4.653E-04 4.653E-04 0.000E+00 0.000E+00 0.000E+00 0.000E+00 0.000E+00 0.000E+00
 7.5   1 1.525E-04 1.525E-04 0.000E+00 0.000E+00 0.000E+00 0.000E+00 0.000E+00 0.000E+00
 8.5   1 2.294E-05 2.294E-05 0.000E+00 0.000E+00 0.000E+00 0.000E+00 0.000E+00 0.000E+00
 9.5   1 4.496E-06 4.496E-06 0.000E+00 0.000E+00 0.000E+00 0.000E+00 0.000E+00 0.000E+00
10.5   1 2.333E-07 2.333E-07 0.000E+00 0.000E+00 0.000E+00 0.000E+00 0.000E+00 0.000E+00
11.5   1 2.561E-08 2.561E-08 0.000E+00 0.000E+00 0.000E+00 0.000E+00 0.000E+00 0.000E+00
  16   1.884 1.562E-02 -1 6.342E-03 2.903E-04 8.459E-04 1.314E-03 1.417E-03 1.231E-03 7.355E-04 3.817E-04 9.556E-05 2.870E-05
  16   1.884 1.562E-02  1 9.279E-03 4.379E-04 1.254E-03 2.039E-03 2.022E-03 1.768E-03 1.077E-03 4.889E-04 1.614E-04 2.567E-05
 0.5  -1 2.903E-04 2.903E-04 0.000E+00 0.000E+00 0.000E+00 0.000E+00 0.000E+00 0.000E+00
 1.5  -1 8.459E-04 8.459E-04 0.000E+00 0.000E+00 0.000E+00 0.000E+00 0.000E+00 0.000E+00
 2.5  -1 1.314E-03 1.314E-03 0.000E+00 0.000E+00 0.000E+00 0.000E+00 0.000E+00 0.000E+00
 3.5  -1 1.417E-03 1.417E-03 0.000E+00 0.000E+00 0.000E+00 0.000E+00 0.000E+00 0.000E+00
 4.5  -1 1.231E-03 1.231E-03 0.000E+00 0.000E+00 0.000E+00 0.000E+00 0.000E+00 0.000E+00
 5.5  -1 7.355E-04 7.355E-04 0.000E+00 0.000E+00 0.000E+00 0.000E+00 0.000E+00 0.000E+00
 6.5  -1 3.817E-04 3.817E-04 0.000E+00 0.000E+00 0.000E+00 0.000E+00 0.000E+00 0.000E+00
 7.5  -1 9.556E-05 9.556E-05 0.000E+00 0.000E+00 0.000E+00 0.000E+00 0.000E+00 0.000E+00
 8.5  -1 2.870E-05 2.870E-05 0.000E+00 0.000E+00 0.000E+00 0.000E+00 0.000E+00 0.000E+00
 9.5  -1 2.452E-06 2.452E-06 0.000E+00 0.000E+00 0.000E+00 0.000E+00 0.000E+00 0.000E+00
10.5  -1 6.301E-07 6.301E-07 0.000E+00 0.000E+00 0.000E+00 0.000E+00 0.000E+00 0.000E+00
 0.5   1 4.379E-04 4.379E-04 0.000E+00 0.000E+00 0.000E+00 0.000E+00 0.000E+00 0.000E+00
 1.5   1 1.254E-03 1.254E-03 0.000E+00 0.000E+00 0.000E+00 0.000E+00 0.000E+00 0.000E+00
 2.5   1 2.039E-03 2.039E-03 0.000E+00 0.000E+00 0.000E+00 0.000E+00 0.000E+00 0.000E+00
 3.5   1 2.022E-03 2.022E-03 0.000E+00 0.000E+00 0.000E+00 0.000E+00 0.000E+00 0.000E+00
 4.5   1 1.768E-03 1.768E-03 0.000E+00 0.000E+00 0.000E+00 0.000E+00 0.000E+00 0.000E+00
 5.5   1 1.077E-03 1.077E-03 0.000E+00 0.000E+00 0.000E+00 0.000E+00 0.000E+00 0.000E+00
 6.5   1 4.889E-04 4.889E-04 0.000E+00 0.000E+00 0.000E+00 0.000E+00 0.000E+00 0.000E+00
 7.5   1 1.614E-04 1.614E-04 0.000E+00 0.000E+00 0.000E+00 0.000E+00 0.000E+00 0.000E+00
 8.5   1 2.567E-05 2.567E-05 0.000E+00 0.000E+00 0.000E+00 0.000E+00 0.000E+00 0.000E+00
 9.5   1 4.964E-06 4.964E-06 0.000E+00 0.000E+00 0.000E+00 0.000E+00 0.000E+00 0.000E+00
10.5   1 2.950E-07 2.950E-07 0.000E+00 0.000E+00 0.000E+00 0.000E+00 0.000E+00 0.000E+00
11.5   1 3.232E-08 3.232E-08 0.000E+00 0.000E+00 0.000E+00 0.000E+00 0.000E+00 0.000E+00
  15   1.845 1.588E-02 -1 6.445E-03 2.936E-04 8.542E-04 1.328E-03 1.426E-03 1.252E-03 7.552E-04 3.986E-04 1.024E-04 3.155E-05
  15   1.845 1.588E-02  1 9.434E-03 4.437E-04 1.268E-03 2.058E-03 2.037E-03 1.798E-03 1.106E-03 5.150E-04 1.717E-04 2.917E-05
 0.5  -1 2.936E-04 2.936E-04 0.000E+00 0.000E+00 0.000E+00 0.000E+00 0.000E+00 0.000E+00
 1.5  -1 8.542E-04 8.542E-04 0.000E+00 0.000E+00 0.000E+00 0.000E+00 0.000E+00 0.000E+00
 2.5  -1 1.328E-03 1.328E-03 0.000E+00 0.000E+00 0.000E+00 0.000E+00 0.000E+00 0.000E+00
 3.5  -1 1.426E-03 1.426E-03 0.000E+00 0.000E+00 0.000E+00 0.000E+00 0.000E+00 0.000E+00
 4.5  -1 1.252E-03 1.252E-03 0.000E+00 0.000E+00 0.000E+00 0.000E+00 0.000E+00 0.000E+00
 5.5  -1 7.552E-04 7.552E-04 0.000E+00 0.000E+00 0.000E+00 0.000E+00 0.000E+00 0.000E+00
 6.5  -1 3.986E-04 3.986E-04 0.000E+00 0.000E+00 0.000E+00 0.000E+00 0.000E+00 0.000E+00
 7.5  -1 1.024E-04 1.024E-04 0.000E+00 0.000E+00 0.000E+00 0.000E+00 0.000E+00 0.000E+00
 8.5  -1 3.155E-05 3.155E-05 0.000E+00 0.000E+00 0.000E+00 0.000E+00 0.000E+00 0.000E+00
 9.5  -1 2.966E-06 2.966E-06 0.000E+00 0.000E+00 0.000E+00 0.000E+00 0.000E+00 0.000E+00
10.5  -1 7.906E-07 7.906E-07 0.000E+00 0.000E+00 0.000E+00 0.000E+00 0.000E+00 0.000E+00
11.5  -1 1.792E-08 1.792E-08 0.000E+00 0.000E+00 0.000E+00 0.000E+00 0.000E+00 0.000E+00
 0.5   1 4.437E-04 4.437E-04 0.000E+00 0.000E+00 0.000E+00 0.000E+00 0.000E+00 0.000E+00
 1.5   1 1.268E-03 1.268E-03 0.000E+00 0.000E+00 0.000E+00 0.000E+00 0.000E+00 0.000E+00
 2.5   1 2.058E-03 2.058E-03 0.000E+00 0.000E+00 0.000E+00 0.000E+00 0.000E+00 0.000E+00
 3.5   1 2.037E-03 2.037E-03 0.000E+00 0.000E+00 0.000E+00 0.000E+00 0.000E+00 0.000E+00
 4.5   1 1.798E-03 1.798E-03 0.000E+00 0.000E+00 0.000E+00 0.000E+00 0.000E+00 0.000E+00
 5.5   1 1.106E-03 1.106E-03 0.000E+00 0.000E+00 0.000E+00 0.000E+00 0.000E+00 0.000E+00
 6.5   1 5.150E-04 5.150E-04 0.000E+00 0.000E+00 0.000E+00 0.000E+00 0.000E+00 0.000E+00
 7.5   1 1.717E-04 1.717E-04 0.000E+00 0.000E+00 0.000E+00 0.000E+00 0.000E+00 0.000E+00
 8.5   1 2.917E-05 2.917E-05 0.000E+00 0.000E+00 0.000E+00 0.000E+00 0.000E+00 0.000E+00
 9.5   1 5.587E-06 5.587E-06 0.000E+00 0.000E+00 0.000E+00 0.000E+00 0.000E+00 0.000E+00
10.5   1 3.873E-07 3.873E-07 0.000E+00 0.000E+00 0.000E+00 0.000E+00 0.000E+00 0.000E+00
11.5   1 4.278E-08 4.278E-08 0.000E+00 0.000E+00 0.000E+00 0.000E+00 0.000E+00 0.000E+00
  14   1.806 1.616E-02 -1 6.557E-03 2.972E-04 8.632E-04 1.343E-03 1.435E-03 1.274E-03 7.765E-04 4.180E-04 1.106E-04 3.527E-05
  14   1.806 1.616E-02  1 9.607E-03 4.500E-04 1.283E-03 2.079E-03 2.054E-03 1.831E-03 1.139E-03 5.455E-04 1.846E-04 3.385E-05
 0.5  -1 2.972E-04 2.972E-04 0.000E+00 0.000E+00 0.000E+00 0.000E+00 0.000E+00 0.000E+00
 1.5  -1 8.632E-04 8.632E-04 0.000E+00 0.000E+00 0.000E+00 0.000E+00 0.000E+00 0.000E+00
 2.5  -1 1.343E-03 1.343E-03 0.000E+00 0.000E+00 0.000E+00 0.000E+00 0.000E+00 0.000E+00
 3.5  -1 1.435E-03 1.435E-03 0.000E+00 0.000E+00 0.000E+00 0.000E+00 0.000E+00 0.000E+00
 4.5  -1 1.274E-03 1.274E-03 0.000E+00 0.000E+00 0.000E+00 0.000E+00 0.000E+00 0.000E+00
 5.5  -1 7.765E-04 7.765E-04 0.000E+00 0.000E+00 0.000E+00 0.000E+00 0.000E+00 0.000E+00
 6.5  -1 4.180E-04 4.180E-04 0.000E+00 0.000E+00 0.000E+00 0.000E+00 0.000E+00 0.000E+00
 7.5  -1 1.106E-04 1.106E-04 0.000E+00 0.000E+00 0.000E+00 0.000E+00 0.000E+00 0.000E+00
 8.5  -1 3.527E-05 3.527E-05 0.000E+00 0.000E+00 0.000E+00 0.000E+00 0.000E+00 0.000E+00
 9.5  -1 3.719E-06 3.719E-06 0.000E+00 0.000E+00 0.000E+00 0.000E+00 0.000E+00 0.000E+00
10.5  -1 1.040E-06 1.040E-06 0.000E+00 0.000E+00 0.000E+00 0.000E+00 0.000E+00 0.000E+00
11.5  -1 2.836E-08 2.836E-08 0.000E+00 0.000E+00 0.000E+00 0.000E+00 0.000E+00 0.000E+00
 0.5   1 4.500E-04 4.500E-04 0.000E+00 0.000E+00 0.000E+00 0.000E+00 0.000E+00 0.000E+00
 1.5   1 1.283E-03 1.283E-03 0.000E+00 0.000E+00 0.000E+00 0.000E+00 0.000E+00 0.000E+00
 2.5   1 2.079E-03 2.079E-03 0.000E+00 0.000E+00 0.000E+00 0.000E+00 0.000E+00 0.000E+00
 3.5   1 2.054E-03 2.054E-03 0.000E+00 0.000E+00 0.000E+00 0.000E+00 0.000E+00 0.000E+00
 4.5   1 1.831E-03 1.831E-03 0.000E+00 0.000E+00 0.000E+00 0.000E+00 0.000E+00 0.000E+00
 5.5   1 1.139E-03 1.139E-03 0.000E+00 0.000E+00 0.000E+00 0.000E+00 0.000E+00 0.000E+00
 6.5   1 5.455E-04 5.455E-04 0.000E+00 0.000E+00 0.000E+00 0.000E+00 0.000E+00 0.000E+00
 7.5   1 1.846E-04 1.846E-04 0.000E+00 0.000E+00 0.000E+00 0.000E+00 0.000E+00 0.000E+00
 8.5   1 3.385E-05 3.385E-05 0.000E+00 0.000E+00 0.000E+00 0.000E+00 0.000E+00 0.000E+00
 9.5   1 6.477E-06 6.477E-06 0.000E+00 0.000E+00 0.000E+00 0.000E+00 0.000E+00 0.000E+00
10.5   1 5.374E-07 5.374E-07 0.000E+00 0.000E+00 0.000E+00 0.000E+00 0.000E+00 0.000E+00
11.5   1 6.076E-08 6.076E-08 0.000E+00 0.000E+00 0.000E+00 0.000E+00 0.000E+00 0.000E+00
  13   1.766 1.650E-02 -1 6.686E-03 3.013E-04 8.733E-04 1.359E-03 1.446E-03 1.298E-03 8.001E-04 4.408E-04 1.205E-04 4.050E-05
  13   1.766 1.650E-02  1 9.809E-03 4.571E-04 1.301E-03 2.102E-03 2.072E-03 1.867E-03 1.177E-03 5.823E-04 2.013E-04 4.048E-05
 0.5  -1 3.013E-04 3.013E-04 0.000E+00 0.000E+00 0.000E+00 0.000E+00 0.000E+00 0.000E+00
 1.5  -1 8.733E-04 8.733E-04 0.000E+00 0.000E+00 0.000E+00 0.000E+00 0.000E+00 0.000E+00
 2.5  -1 1.359E-03 1.359E-03 0.000E+00 0.000E+00 0.000E+00 0.000E+00 0.000E+00 0.000E+00
 3.5  -1 1.446E-03 1.446E-03 0.000E+00 0.000E+00 0.000E+00 0.000E+00 0.000E+00 0.000E+00
 4.5  -1 1.298E-03 1.298E-03 0.000E+00 0.000E+00 0.000E+00 0.000E+00 0.000E+00 0.000E+00
 5.5  -1 8.001E-04 8.001E-04 0.000E+00 0.000E+00 0.000E+00 0.000E+00 0.000E+00 0.000E+00
 6.5  -1 4.408E-04 4.408E-04 0.000E+00 0.000E+00 0.000E+00 0.000E+00 0.000E+00 0.000E+00
 7.5  -1 1.205E-04 1.205E-04 0.000E+00 0.000E+00 0.000E+00 0.000E+00 0.000E+00 0.000E+00
 8.5  -1 4.050E-05 4.050E-05 0.000E+00 0.000E+00 0.000E+00 0.000E+00 0.000E+00 0.000E+00
 9.5  -1 4.953E-06 4.953E-06 0.000E+00 0.000E+00 0.000E+00 0.000E+00 0.000E+00 0.000E+00
10.5  -1 1.479E-06 1.479E-06 0.000E+00 0.000E+00 0.000E+00 0.000E+00 0.000E+00 0.000E+00
11.5  -1 5.044E-08 5.044E-08 0.000E+00 0.000E+00 0.000E+00 0.000E+00 0.000E+00 0.000E+00
 0.5   1 4.571E-04 4.571E-04 0.000E+00 0.000E+00 0.000E+00 0.000E+00 0.000E+00 0.000E+00
 1.5   1 1.301E-03 1.301E-03 0.000E+00 0.000E+00 0.000E+00 0.000E+00 0.000E+00 0.000E+00
 2.5   1 2.102E-03 2.102E-03 0.000E+00 0.000E+00 0.000E+00 0.000E+00 0.000E+00 0.000E+00
 3.5   1 2.072E-03 2.072E-03 0.000E+00 0.000E+00 0.000E+00 0.000E+00 0.000E+00 0.000E+00
 4.5   1 1.867E-03 1.867E-03 0.000E+00 0.000E+00 0.000E+00 0.000E+00 0.000E+00 0.000E+00
 5.5   1 1.177E-03 1.177E-03 0.000E+00 0.000E+00 0.000E+00 0.000E+00 0.000E+00 0.000E+00
 6.5   1 5.823E-04 5.823E-04 0.000E+00 0.000E+00 0.000E+00 0.000E+00 0.000E+00 0.000E+00
 7.5   1 2.013E-04 2.013E-04 0.000E+00 0.000E+00 0.000E+00 0.000E+00 0.000E+00 0.000E+00
 8.5   1 4.048E-05 4.048E-05 0.000E+00 0.000E+00 0.000E+00 0.000E+00 0.000E+00 0.000E+00
 9.5   1 7.883E-06 7.883E-06 0.000E+00 0.000E+00 0.000E+00 0.000E+00 0.000E+00 0.000E+00
10.5   1 8.170E-07 8.170E-07 0.000E+00 0.000E+00 0.000E+00 0.000E+00 0.000E+00 0.000E+00
11.5   1 9.703E-08 9.703E-08 0.000E+00 0.000E+00 0.000E+00 0.000E+00 0.000E+00 0.000E+00
  12   1.727 1.686E-02 -1 6.828E-03 3.055E-04 8.836E-04 1.375E-03 1.455E-03 1.324E-03 8.252E-04 4.677E-04 1.330E-04 4.891E-05
  12   1.727 1.686E-02  1 1.003E-02 4.645E-04 1.318E-03 2.124E-03 2.089E-03 1.905E-03 1.217E-03 6.265E-04 2.235E-04 5.083E-05
 0.5  -1 3.055E-04 3.055E-04 0.000E+00 0.000E+00 0.000E+00 0.000E+00 0.000E+00 0.000E+00
 1.5  -1 8.836E-04 8.836E-04 0.000E+00 0.000E+00 0.000E+00 0.000E+00 0.000E+00 0.000E+00
 2.5  -1 1.375E-03 1.375E-03 0.000E+00 0.000E+00 0.000E+00 0.000E+00 0.000E+00 0.000E+00
 3.5  -1 1.455E-03 1.455E-03 0.000E+00 0.000E+00 0.000E+00 0.000E+00 0.000E+00 0.000E+00
 4.5  -1 1.324E-03 1.324E-03 0.000E+00 0.000E+00 0.000E+00 0.000E+00 0.000E+00 0.000E+00
 5.5  -1 8.252E-04 8.252E-04 0.000E+00 0.000E+00 0.000E+00 0.000E+00 0.000E+00 0.000E+00
 6.5  -1 4.677E-04 4.677E-04 0.000E+00 0.000E+00 0.000E+00 0.000E+00 0.000E+00 0.000E+00
 7.5  -1 1.330E-04 1.330E-04 0.000E+00 0.000E+00 0.000E+00 0.000E+00 0.000E+00 0.000E+00
 8.5  -1 4.891E-05 4.891E-05 0.000E+00 0.000E+00 0.000E+00 0.000E+00 0.000E+00 0.000E+00
 9.5  -1 7.472E-06 7.472E-06 0.000E+00 0.000E+00 0.000E+00 0.000E+00 0.000E+00 0.000E+00
10.5  -1 2.456E-06 2.456E-06 0.000E+00 0.000E+00 0.000E+00 0.000E+00 0.000E+00 0.000E+00
11.5  -1 1.132E-07 1.132E-07 0.000E+00 0.000E+00 0.000E+00 0.000E+00 0.000E+00 0.000E+00
 0.5   1 4.645E-04 4.645E-04 0.000E+00 0.000E+00 0.000E+00 0.000E+00 0.000E+00 0.000E+00
 1.5   1 1.318E-03 1.318E-03 0.000E+00 0.000E+00 0.000E+00 0.000E+00 0.000E+00 0.000E+00
 2.5   1 2.124E-03 2.124E-03 0.000E+00 0.000E+00 0.000E+00 0.000E+00 0.000E+00 0.000E+00
 3.5   1 2.089E-03 2.089E-03 0.000E+00 0.000E+00 0.000E+00 0.000E+00 0.000E+00 0.000E+00
 4.5   1 1.905E-03 1.905E-03 0.000E+00 0.000E+00 0.000E+00 0.000E+00 0.000E+00 0.000E+00
 5.5   1 1.217E-03 1.217E-03 0.000E+00 0.000E+00 0.000E+00 0.000E+00 0.000E+00 0.000E+00
 6.5   1 6.265E-04 6.265E-04 0.000E+00 0.000E+00 0.000E+00 0.000E+00 0.000E+00 0.000E+00
 7.5   1 2.235E-04 2.235E-04 0.000E+00 0.000E+00 0.000E+00 0.000E+00 0.000E+00 0.000E+00
 8.5   1 5.083E-05 5.083E-05 0.000E+00 0.000E+00 0.000E+00 0.000E+00 0.000E+00 0.000E+00
 9.5   1 1.058E-05 1.058E-05 0.000E+00 0.000E+00 0.000E+00 0.000E+00 0.000E+00 0.000E+00
10.5   1 1.485E-06 1.485E-06 0.000E+00 0.000E+00 0.000E+00 0.000E+00 0.000E+00 0.000E+00
11.5   1 1.951E-07 1.951E-07 0.000E+00 0.000E+00 0.000E+00 0.000E+00 0.000E+00 0.000E+00
  11   1.688 1.734E-02 -1 7.020E-03 3.104E-04 8.956E-04 1.394E-03 1.467E-03 1.352E-03 8.539E-04 5.019E-04 1.499E-04 7.066E-05
  11   1.688 1.734E-02  1 1.032E-02 4.730E-04 1.339E-03 2.152E-03 2.110E-03 1.948E-03 1.264E-03 6.846E-04 2.567E-04 7.166E-05
 0.5  -1 3.104E-04 3.104E-04 0.000E+00 0.000E+00 0.000E+00 0.000E+00 0.000E+00 0.000E+00
 1.5  -1 8.956E-04 8.956E-04 0.000E+00 0.000E+00 0.000E+00 0.000E+00 0.000E+00 0.000E+00
 2.5  -1 1.394E-03 1.394E-03 0.000E+00 0.000E+00 0.000E+00 0.000E+00 0.000E+00 0.000E+00
 3.5  -1 1.467E-03 1.467E-03 0.000E+00 0.000E+00 0.000E+00 0.000E+00 0.000E+00 0.000E+00
 4.5  -1 1.352E-03 1.352E-03 0.000E+00 0.000E+00 0.000E+00 0.000E+00 0.000E+00 0.000E+00
 5.5  -1 8.539E-04 8.539E-04 0.000E+00 0.000E+00 0.000E+00 0.000E+00 0.000E+00 0.000E+00
 6.5  -1 5.019E-04 5.019E-04 0.000E+00 0.000E+00 0.000E+00 0.000E+00 0.000E+00 0.000E+00
 7.5  -1 1.499E-04 1.499E-04 0.000E+00 0.000E+00 0.000E+00 0.000E+00 0.000E+00 0.000E+00
 8.5  -1 7.066E-05 7.066E-05 0.000E+00 0.000E+00 0.000E+00 0.000E+00 0.000E+00 0.000E+00
 9.5  -1 1.715E-05 1.715E-05 0.000E+00 0.000E+00 0.000E+00 0.000E+00 0.000E+00 0.000E+00
10.5  -1 6.691E-06 0.000E+00 0.000E+00 0.000E+00 0.000E+00 0.000E+00 0.000E+00 0.000E+00
11.5  -1 5.140E-07 0.000E+00 0.000E+00 0.000E+00 0.000E+00 0.000E+00 0.000E+00 0.000E+00
12.5  -1 3.801E-08 0.000E+00 0.000E+00 0.000E+00 0.000E+00 0.000E+00 0.000E+00 0.000E+00
 0.5   1 4.730E-04 4.730E-04 0.000E+00 0.000E+00 0.000E+00 0.000E+00 0.000E+00 0.000E+00
 1.5   1 1.339E-03 1.339E-03 0.000E+00 0.000E+00 0.000E+00 0.000E+00 0.000E+00 0.000E+00
 2.5   1 2.152E-03 2.152E-03 0.000E+00 0.000E+00 0.000E+00 0.000E+00 0.000E+00 0.000E+00
 3.5   1 2.110E-03 2.110E-03 0.000E+00 0.000E+00 0.000E+00 0.000E+00 0.000E+00 0.000E+00
 4.5   1 1.948E-03 1.948E-03 0.000E+00 0.000E+00 0.000E+00 0.000E+00 0.000E+00 0.000E+00
 5.5   1 1.264E-03 1.264E-03 0.000E+00 0.000E+00 0.000E+00 0.000E+00 0.000E+00 0.000E+00
 6.5   1 6.846E-04 6.846E-04 0.000E+00 0.000E+00 0.000E+00 0.000E+00 0.000E+00 0.000E+00
 7.5   1 2.567E-04 2.567E-04 0.000E+00 0.000E+00 0.000E+00 0.000E+00 0.000E+00 0.000E+00
 8.5   1 7.166E-05 7.166E-05 0.000E+00 0.000E+00 0.000E+00 0.000E+00 0.000E+00 0.000E+00
 9.5   1 1.940E-05 1.940E-05 0.000E+00 0.000E+00 0.000E+00 0.000E+00 0.000E+00 0.000E+00
10.5   1 4.506E-06 0.000E+00 0.000E+00 0.000E+00 0.000E+00 0.000E+00 0.000E+00 0.000E+00
11.5   1 7.697E-07 0.000E+00 0.000E+00 0.000E+00 0.000E+00 0.000E+00 0.000E+00 0.000E+00
12.5   1 1.955E-08 0.000E+00 0.000E+00 0.000E+00 0.000E+00 0.000E+00 0.000E+00 0.000E+00
  10   1.668 1.162E-02 -1 1.162E-02 0.000E+00 1.162E-02 0.000E+00 0.000E+00 0.000E+00 0.000E+00 0.000E+00 0.000E+00 0.000E+00
  10   1.668 1.162E-02  1 0.000E+00 0.000E+00 0.000E+00 0.000E+00 0.000E+00 0.000E+00 0.000E+00 0.000E+00 0.000E+00 0.000E+00
   9   1.621 1.000E-02 -1 1.000E-02 0.000E+00 0.000E+00 0.000E+00 0.000E+00 0.000E+00 0.000E+00 0.000E+00 1.000E-02 0.000E+00
   9   1.621 1.000E-02  1 0.000E+00 0.000E+00 0.000E+00 0.000E+00 0.000E+00 0.000E+00 0.000E+00 0.000E+00 0.000E+00 0.000E+00
   8   1.534 2.012E-02 -1 2.012E-02 0.000E+00 0.000E+00 2.012E-02 0.000E+00 0.000E+00 0.000E+00 0.000E+00 0.000E+00 0.000E+00
   8   1.534 2.012E-02  1 0.000E+00 0.000E+00 0.000E+00 0.000E+00 0.000E+00 0.000E+00 0.000E+00 0.000E+00 0.000E+00 0.000E+00
   7   1.512 1.641E-02 -1 1.641E-02 0.000E+00 1.641E-02 0.000E+00 0.000E+00 0.000E+00 0.000E+00 0.000E+00 0.000E+00 0.000E+00
   7   1.512 1.641E-02  1 0.000E+00 0.000E+00 0.000E+00 0.000E+00 0.000E+00 0.000E+00 0.000E+00 0.000E+00 0.000E+00 0.000E+00
   6   1.461 1.842E-02 -1 1.842E-02 0.000E+00 1.842E-02 0.000E+00 0.000E+00 0.000E+00 0.000E+00 0.000E+00 0.000E+00 0.000E+00
   6   1.461 1.842E-02  1 0.000E+00 0.000E+00 0.000E+00 0.000E+00 0.000E+00 0.000E+00 0.000E+00 0.000E+00 0.000E+00 0.000E+00
   5   1.303 3.393E-02 -1 3.393E-02 0.000E+00 0.000E+00 3.393E-02 0.000E+00 0.000E+00 0.000E+00 0.000E+00 0.000E+00 0.000E+00
   5   1.303 3.393E-02  1 0.000E+00 0.000E+00 0.000E+00 0.000E+00 0.000E+00 0.000E+00 0.000E+00 0.000E+00 0.000E+00 0.000E+00
   4   1.220 7.650E-02 -1 6.650E-02 0.000E+00 0.000E+00 0.000E+00 0.000E+00 0.000E+00 7.650E-02 0.000E+00 0.000E+00 0.000E+00
   4   1.220 7.650E-02  1 0.000E+00 0.000E+00 0.000E+00 0.000E+00 0.000E+00 0.000E+00 0.000E+00 0.000E+00 0.000E+00 0.000E+00
   3   1.218 5.972E-02 -1 5.972E-02 0.000E+00 0.000E+00 0.000E+00 0.000E+00 5.972E-02 0.000E+00 0.000E+00 0.000E+00 0.000E+00
   3   1.218 5.972E-02  1 0.000E+00 0.000E+00 0.000E+00 0.000E+00 0.000E+00 0.000E+00 0.000E+00 0.000E+00 0.000E+00 0.000E+00
   2   0.986 4.107E-02 -1 3.577E-02 4.107E-02 0.000E+00 0.000E+00 0.000E+00 0.000E+00 0.000E+00 0.000E+00 0.000E+00 0.000E+00
   2   0.986 4.107E-02  1 0.000E+00 0.000E+00 0.000E+00 0.000E+00 0.000E+00 0.000E+00 0.000E+00 0.000E+00 0.000E+00 0.000E+00
   1   0.601 2.009E-01 -1 1.314E-01 0.000E+00 2.009E-01 0.000E+00 0.000E+00 0.000E+00 0.000E+00 0.000E+00 0.000E+00 0.000E+00
   1   0.601 2.009E-01  1 0.000E+00 0.000E+00 0.000E+00 0.000E+00 0.000E+00 0.000E+00 0.000E+00 0.000E+00 0.000E+00 0.000E+00

 Emitted flux per excitation energy bin of Z= 54 N= 83 (137Xe):

 bin    Ex      gamma       neutron     proton      deuteron    triton      helium-3    alpha       Total     In - out

   0   0.000 0.00000E+00 0.00000E+00 0.00000E+00 0.00000E+00 0.00000E+00 0.00000E+00 0.00000E+00 0.00000E+00 0.00000E+00
   1   0.601 2.00901E-01 0.00000E+00 0.00000E+00 0.00000E+00 0.00000E+00 0.00000E+00 0.00000E+00 2.00901E-01 0.00000E+00
   2   0.986 4.10708E-02 0.00000E+00 0.00000E+00 0.00000E+00 0.00000E+00 0.00000E+00 0.00000E+00 4.10708E-02 0.00000E+00
   3   1.218 5.97242E-02 0.00000E+00 0.00000E+00 0.00000E+00 0.00000E+00 0.00000E+00 0.00000E+00 5.97242E-02 0.00000E+00
   4   1.220 7.65028E-02 0.00000E+00 0.00000E+00 0.00000E+00 0.00000E+00 0.00000E+00 0.00000E+00 7.65028E-02 0.00000E+00
   5   1.303 3.39274E-02 0.00000E+00 0.00000E+00 0.00000E+00 0.00000E+00 0.00000E+00 0.00000E+00 3.39274E-02 0.00000E+00
   6   1.461 1.84173E-02 0.00000E+00 0.00000E+00 0.00000E+00 0.00000E+00 0.00000E+00 0.00000E+00 1.84173E-02 0.00000E+00
   7   1.512 1.64126E-02 0.00000E+00 0.00000E+00 0.00000E+00 0.00000E+00 0.00000E+00 0.00000E+00 1.64126E-02 0.00000E+00
   8   1.534 2.01221E-02 0.00000E+00 0.00000E+00 0.00000E+00 0.00000E+00 0.00000E+00 0.00000E+00 2.01221E-02 0.00000E+00
   9   1.621 1.00023E-02 0.00000E+00 0.00000E+00 0.00000E+00 0.00000E+00 0.00000E+00 0.00000E+00 1.00023E-02 0.00000E+00
  10   1.668 1.16211E-02 0.00000E+00 0.00000E+00 0.00000E+00 0.00000E+00 0.00000E+00 0.00000E+00 1.16211E-02 0.00000E+00
  11   1.688 1.73447E-02 0.00000E+00 0.00000E+00 0.00000E+00 0.00000E+00 0.00000E+00 0.00000E+00 1.73447E-02 0.00000E+00
  12   1.727 1.68593E-02 0.00000E+00 0.00000E+00 0.00000E+00 0.00000E+00 0.00000E+00 0.00000E+00 1.68593E-02 9.31323E-09
  13   1.766 1.64956E-02 0.00000E+00 0.00000E+00 0.00000E+00 0.00000E+00 0.00000E+00 0.00000E+00 1.64956E-02 3.72529E-09
  14   1.806 1.61648E-02 0.00000E+00 0.00000E+00 0.00000E+00 0.00000E+00 0.00000E+00 0.00000E+00 1.61648E-02 0.00000E+00
  15   1.845 1.58786E-02 0.00000E+00 0.00000E+00 0.00000E+00 0.00000E+00 0.00000E+00 0.00000E+00 1.58786E-02 1.86265E-09
  16   1.884 1.56215E-02 0.00000E+00 0.00000E+00 0.00000E+00 0.00000E+00 0.00000E+00 0.00000E+00 1.56215E-02 1.11759E-08
  17   1.923 1.53742E-02 0.00000E+00 0.00000E+00 0.00000E+00 0.00000E+00 0.00000E+00 0.00000E+00 1.53742E-02 8.38190E-09
  18   1.963 1.51721E-02 0.00000E+00 0.00000E+00 0.00000E+00 0.00000E+00 0.00000E+00 0.00000E+00 1.51721E-02 4.65661E-09
  19   2.002 1.49602E-02 0.00000E+00 0.00000E+00 0.00000E+00 0.00000E+00 0.00000E+00 0.00000E+00 1.49602E-02 5.58794E-09
  20   2.041 1.47921E-02 0.00000E+00 0.00000E+00 0.00000E+00 0.00000E+00 0.00000E+00 0.00000E+00 1.47921E-02 3.72529E-09
  21   2.081 1.46193E-02 0.00000E+00 0.00000E+00 0.00000E+00 0.00000E+00 0.00000E+00 0.00000E+00 1.46193E-02 3.72529E-09
  22   2.120 1.44720E-02 0.00000E+00 0.00000E+00 0.00000E+00 0.00000E+00 0.00000E+00 0.00000E+00 1.44720E-02 1.30385E-08
  23   2.159 1.43367E-02 0.00000E+00 0.00000E+00 0.00000E+00 0.00000E+00 0.00000E+00 0.00000E+00 1.43367E-02 1.30385E-08
  24   2.198 1.41997E-02 0.00000E+00 0.00000E+00 0.00000E+00 0.00000E+00 0.00000E+00 0.00000E+00 1.41997E-02 9.31323E-09
  25   2.238 1.41000E-02 0.00000E+00 0.00000E+00 0.00000E+00 0.00000E+00 0.00000E+00 0.00000E+00 1.41000E-02 9.31323E-09
  26   2.277 1.39802E-02 0.00000E+00 0.00000E+00 0.00000E+00 0.00000E+00 0.00000E+00 0.00000E+00 1.39802E-02 7.45058E-09
  27   2.316 1.39019E-02 0.00000E+00 0.00000E+00 0.00000E+00 0.00000E+00 0.00000E+00 0.00000E+00 1.39019E-02 8.38190E-09
  28   2.356 1.38101E-02 0.00000E+00 0.00000E+00 0.00000E+00 0.00000E+00 0.00000E+00 0.00000E+00 1.38101E-02 8.38190E-09
  29   2.395 1.37424E-02 0.00000E+00 0.00000E+00 0.00000E+00 0.00000E+00 0.00000E+00 0.00000E+00 1.37424E-02 6.51926E-09
  30   2.434 1.36807E-02 0.00000E+00 0.00000E+00 0.00000E+00 0.00000E+00 0.00000E+00 0.00000E+00 1.36807E-02 7.45058E-09
  31   2.473 1.36142E-02 0.00000E+00 0.00000E+00 0.00000E+00 0.00000E+00 0.00000E+00 0.00000E+00 1.36142E-02 7.45058E-09
  32   2.513 1.35829E-02 0.00000E+00 0.00000E+00 0.00000E+00 0.00000E+00 0.00000E+00 0.00000E+00 1.35829E-02 4.65661E-09
  33   2.552 1.35248E-02 0.00000E+00 0.00000E+00 0.00000E+00 0.00000E+00 0.00000E+00 0.00000E+00 1.35248E-02 4.65661E-09
  34   2.591 1.35102E-02 0.00000E+00 0.00000E+00 0.00000E+00 0.00000E+00 0.00000E+00 0.00000E+00 1.35102E-02 3.72529E-09
  35   2.631 1.34748E-02 0.00000E+00 0.00000E+00 0.00000E+00 0.00000E+00 0.00000E+00 0.00000E+00 1.34748E-02 3.72529E-09
  36   2.670 1.34643E-02 0.00000E+00 0.00000E+00 0.00000E+00 0.00000E+00 0.00000E+00 0.00000E+00 1.34643E-02 2.79397E-09
  37   2.709 1.34549E-02 0.00000E+00 0.00000E+00 0.00000E+00 0.00000E+00 0.00000E+00 0.00000E+00 1.34549E-02 2.79397E-09
  38   2.748 1.34373E-02 0.00000E+00 0.00000E+00 0.00000E+00 0.00000E+00 0.00000E+00 0.00000E+00 1.34373E-02 2.79397E-09
  39   2.788 1.34543E-02 0.00000E+00 0.00000E+00 0.00000E+00 0.00000E+00 0.00000E+00 0.00000E+00 1.34543E-02 3.72529E-09
  40   2.827 1.34361E-02 0.00000E+00 0.00000E+00 0.00000E+00 0.00000E+00 0.00000E+00 0.00000E+00 1.34361E-02 2.79397E-09
  41   2.866 1.34653E-02 0.00000E+00 0.00000E+00 0.00000E+00 0.00000E+00 0.00000E+00 0.00000E+00 1.34653E-02 1.39698E-08
  42   2.905 1.34634E-02 0.00000E+00 0.00000E+00 0.00000E+00 0.00000E+00 0.00000E+00 0.00000E+00 1.34634E-02 1.30385E-08
  43   2.945 1.34884E-02 0.00000E+00 0.00000E+00 0.00000E+00 0.00000E+00 0.00000E+00 0.00000E+00 1.34884E-02 1.21072E-08
  44   2.984 1.35073E-02 0.00000E+00 0.00000E+00 0.00000E+00 0.00000E+00 0.00000E+00 0.00000E+00 1.35073E-02 1.02445E-08
  45   3.023 1.35142E-02 0.00000E+00 0.00000E+00 0.00000E+00 0.00000E+00 0.00000E+00 0.00000E+00 1.35142E-02 8.38190E-09
  46   3.063 1.35539E-02 0.00000E+00 0.00000E+00 0.00000E+00 0.00000E+00 0.00000E+00 0.00000E+00 1.35539E-02 1.02445E-08
  47   3.102 1.35473E-02 0.00000E+00 0.00000E+00 0.00000E+00 0.00000E+00 0.00000E+00 0.00000E+00 1.35473E-02 8.38190E-09
  48   3.141 1.35928E-02 0.00000E+00 0.00000E+00 0.00000E+00 0.00000E+00 0.00000E+00 0.00000E+00 1.35928E-02 7.45058E-09
  49   3.180 1.35937E-02 0.00000E+00 0.00000E+00 0.00000E+00 0.00000E+00 0.00000E+00 0.00000E+00 1.35937E-02 6.51926E-09
  50   3.220 1.36234E-02 0.00000E+00 0.00000E+00 0.00000E+00 0.00000E+00 0.00000E+00 0.00000E+00 1.36234E-02 5.58794E-09
  51   3.259 1.36375E-02 0.00000E+00 0.00000E+00 0.00000E+00 0.00000E+00 0.00000E+00 0.00000E+00 1.36375E-02 4.65661E-09
  52   3.298 1.36346E-02 0.00000E+00 0.00000E+00 0.00000E+00 0.00000E+00 0.00000E+00 0.00000E+00 1.36346E-02 4.65661E-09
  53   3.338 1.36620E-02 0.00000E+00 0.00000E+00 0.00000E+00 0.00000E+00 0.00000E+00 0.00000E+00 1.36620E-02 4.65661E-09
  54   3.377 1.36290E-02 0.00000E+00 0.00000E+00 0.00000E+00 0.00000E+00 0.00000E+00 0.00000E+00 1.36290E-02 3.72529E-09
  55   3.416 1.36538E-02 0.00000E+00 0.00000E+00 0.00000E+00 0.00000E+00 0.00000E+00 0.00000E+00 1.36538E-02 1.86265E-09
  56   3.455 1.36170E-02 0.00000E+00 0.00000E+00 0.00000E+00 0.00000E+00 0.00000E+00 0.00000E+00 1.36170E-02 9.31323E-10
  57   3.495 1.36119E-02 0.00000E+00 0.00000E+00 0.00000E+00 0.00000E+00 0.00000E+00 0.00000E+00 1.36119E-02 2.79397E-09
  58   3.534 1.35795E-02 0.00000E+00 0.00000E+00 0.00000E+00 0.00000E+00 0.00000E+00 0.00000E+00 1.35795E-02 2.79397E-09
  59   3.573 1.35246E-02 0.00000E+00 0.00000E+00 0.00000E+00 0.00000E+00 0.00000E+00 0.00000E+00 1.35246E-02 1.30385E-08
  60   3.613 1.34971E-02 0.00000E+00 0.00000E+00 0.00000E+00 0.00000E+00 0.00000E+00 0.00000E+00 1.34971E-02 1.30385E-08
  61   3.652 1.33935E-02 0.00000E+00 0.00000E+00 0.00000E+00 0.00000E+00 0.00000E+00 0.00000E+00 1.33935E-02 1.02445E-08
  62   3.691 1.33558E-02 0.00000E+00 0.00000E+00 0.00000E+00 0.00000E+00 0.00000E+00 0.00000E+00 1.33558E-02 1.11759E-08
  63   3.730 1.32368E-02 0.00000E+00 0.00000E+00 0.00000E+00 0.00000E+00 0.00000E+00 0.00000E+00 1.32368E-02 8.38190E-09
  64   3.770 1.31557E-02 0.00000E+00 0.00000E+00 0.00000E+00 0.00000E+00 0.00000E+00 0.00000E+00 1.31557E-02 7.45058E-09
  65   3.809 1.30344E-02 0.00000E+00 0.00000E+00 0.00000E+00 0.00000E+00 0.00000E+00 0.00000E+00 1.30344E-02 8.38190E-09
  66   3.848 1.28873E-02 0.00000E+00 0.00000E+00 0.00000E+00 0.00000E+00 0.00000E+00 0.00000E+00 1.28873E-02 5.58794E-09
  67   3.887 1.27661E-02 0.00000E+00 0.00000E+00 0.00000E+00 0.00000E+00 0.00000E+00 0.00000E+00 1.27661E-02 5.58794E-09
  68   3.927 1.25542E-02 0.00000E+00 0.00000E+00 0.00000E+00 0.00000E+00 0.00000E+00 0.00000E+00 1.25542E-02 3.72529E-09
  69   3.966 1.24199E-02 0.00000E+00 0.00000E+00 0.00000E+00 0.00000E+00 0.00000E+00 0.00000E+00 1.24199E-02 1.39698E-08
  70   4.005 1.21862E-02 0.00000E+00 0.00000E+00 0.00000E+00 0.00000E+00 0.00000E+00 0.00000E+00 1.21862E-02 1.39698E-08
  71   4.045 8.52970E-03 3.47037E-03 0.00000E+00 0.00000E+00 0.00000E+00 0.00000E+00 0.00000E+00 1.20001E-02 1.11759E-08
  72   4.084 6.66195E-03 5.10265E-03 0.00000E+00 0.00000E+00 0.00000E+00 0.00000E+00 0.00000E+00 1.17646E-02 9.31323E-09
  73   4.123 5.49759E-03 6.00721E-03 0.00000E+00 0.00000E+00 0.00000E+00 0.00000E+00 0.00000E+00 1.15048E-02 7.45058E-09
  74   4.162 4.75537E-03 6.51685E-03 0.00000E+00 0.00000E+00 0.00000E+00 0.00000E+00 0.00000E+00 1.12722E-02 7.45058E-09
  75   4.202 4.37628E-03 6.56471E-03 0.00000E+00 0.00000E+00 0.00000E+00 0.00000E+00 0.00000E+00 1.09410E-02 4.65661E-09
  76   4.241 3.81587E-03 6.88370E-03 0.00000E+00 0.00000E+00 0.00000E+00 0.00000E+00 0.00000E+00 1.06996E-02 3.72529E-09
  77   4.280 3.34952E-03 6.98680E-03 0.00000E+00 0.00000E+00 0.00000E+00 0.00000E+00 0.00000E+00 1.03363E-02 3.72529E-09
  78   4.320 2.96963E-03 7.06232E-03 0.00000E+00 0.00000E+00 0.00000E+00 0.00000E+00 0.00000E+00 1.00319E-02 2.79397E-09
  79   4.359 2.54180E-03 7.13109E-03 0.00000E+00 0.00000E+00 0.00000E+00 0.00000E+00 0.00000E+00 9.67290E-03 1.86265E-09
  80   4.398 2.18561E-03 7.11102E-03 0.00000E+00 0.00000E+00 0.00000E+00 0.00000E+00 0.00000E+00 9.29663E-03 1.86265E-09
  81   4.437 1.90252E-03 7.04854E-03 0.00000E+00 0.00000E+00 0.00000E+00 0.00000E+00 0.00000E+00 8.95106E-03 1.86265E-09
  82   4.477 1.63590E-03 6.87208E-03 0.00000E+00 0.00000E+00 0.00000E+00 0.00000E+00 0.00000E+00 8.50798E-03 9.31323E-10
  83   4.516 1.44968E-03 6.72148E-03 0.00000E+00 0.00000E+00 0.00000E+00 0.00000E+00 0.00000E+00 8.17115E-03 9.31323E-10
  84   4.555 1.24262E-03 6.48082E-03 0.00000E+00 0.00000E+00 0.00000E+00 0.00000E+00 0.00000E+00 7.72343E-03 9.31323E-09
  85   4.595 1.09914E-03 6.25174E-03 0.00000E+00 0.00000E+00 0.00000E+00 0.00000E+00 0.00000E+00 7.35088E-03 7.45058E-09
  86   4.634 9.69933E-04 5.96007E-03 0.00000E+00 0.00000E+00 0.00000E+00 0.00000E+00 0.00000E+00 6.93000E-03 6.05360E-09
  87   4.673 8.52525E-04 5.65368E-03 0.00000E+00 0.00000E+00 0.00000E+00 0.00000E+00 0.00000E+00 6.50620E-03 4.65661E-09
  88   4.712 7.54879E-04 5.36429E-03 0.00000E+00 0.00000E+00 0.00000E+00 0.00000E+00 0.00000E+00 6.11917E-03 1.21072E-08
  89   4.752 6.55146E-04 4.99394E-03 0.00000E+00 0.00000E+00 0.00000E+00 0.00000E+00 0.00000E+00 5.64909E-03 8.84756E-09
  90   4.791 5.78261E-04 4.71456E-03 0.00000E+00 0.00000E+00 0.00000E+00 0.00000E+00 0.00000E+00 5.29282E-03 6.05360E-09
  91   4.830 4.97686E-04 4.34155E-03 0.00000E+00 0.00000E+00 0.00000E+00 0.00000E+00 0.00000E+00 4.83923E-03 4.65661E-09
  92   4.869 4.31923E-04 4.03718E-03 0.00000E+00 0.00000E+00 0.00000E+00 0.00000E+00 0.00000E+00 4.46910E-03 2.32831E-09
  93   4.909 3.68596E-04 3.69322E-03 0.00000E+00 0.00000E+00 0.00000E+00 0.00000E+00 0.00000E+00 4.06182E-03 1.86265E-09
  94   4.948 3.10472E-04 3.35562E-03 0.00000E+00 0.00000E+00 0.00000E+00 0.00000E+00 0.00000E+00 3.66610E-03 1.16415E-09
  95   4.987 2.62166E-04 3.04805E-03 0.00000E+00 0.00000E+00 0.00000E+00 0.00000E+00 0.00000E+00 3.31022E-03 1.21072E-08
  96   5.027 2.13358E-04 2.67980E-03 0.00000E+00 0.00000E+00 0.00000E+00 0.00000E+00 0.00000E+00 2.89316E-03 7.45058E-09
  97   5.066 1.77644E-04 2.40952E-03 0.00000E+00 0.00000E+00 0.00000E+00 0.00000E+00 0.00000E+00 2.58716E-03 4.88944E-09
  98   5.105 1.40156E-04 2.06667E-03 0.00000E+00 0.00000E+00 0.00000E+00 0.00000E+00 0.00000E+00 2.20683E-03 9.77889E-09
  99   5.144 1.12289E-04 1.79925E-03 0.00000E+00 0.00000E+00 0.00000E+00 0.00000E+00 0.00000E+00 1.91153E-03 5.82077E-09
 100   5.184 8.61220E-05 1.50964E-03 0.00000E+00 0.00000E+00 0.00000E+00 0.00000E+00 0.00000E+00 1.59576E-03 3.02680E-09
 101   5.223 6.43920E-05 1.24166E-03 0.00000E+00 0.00000E+00 0.00000E+00 0.00000E+00 0.00000E+00 1.30606E-03 1.62981E-09
 102   5.262 4.77522E-05 1.01383E-03 0.00000E+00 0.00000E+00 0.00000E+00 0.00000E+00 0.00000E+00 1.06158E-03 6.98492E-10
 103   5.302 3.16361E-05 7.54661E-04 0.00000E+00 0.00000E+00 0.00000E+00 0.00000E+00 0.00000E+00 7.86297E-04 6.57747E-09
 104   5.341 2.22687E-05 5.90983E-04 0.00000E+00 0.00000E+00 0.00000E+00 0.00000E+00 0.00000E+00 6.13251E-04 1.05938E-08
 105   5.380 1.29103E-05 3.92240E-04 0.00000E+00 0.00000E+00 0.00000E+00 0.00000E+00 0.00000E+00 4.05151E-04 3.81260E-09
 106   5.419 7.48865E-06 2.66100E-04 0.00000E+00 0.00000E+00 0.00000E+00 0.00000E+00 0.00000E+00 2.73588E-04 1.45519E-09
 107   5.459 3.50146E-06 1.51903E-04 0.00000E+00 0.00000E+00 0.00000E+00 0.00000E+00 0.00000E+00 1.55404E-04 1.06666E-08
 108   5.498 1.16074E-06 6.53193E-05 0.00000E+00 0.00000E+00 0.00000E+00 0.00000E+00 0.00000E+00 6.64800E-05 8.21456E-09
 109   5.537 4.42704E-07 3.24533E-05 0.00000E+00 0.00000E+00 0.00000E+00 0.00000E+00 0.00000E+00 3.28960E-05 2.34650E-09
 110   5.577 5.63601E-08 6.27673E-06 0.00000E+00 0.00000E+00 0.00000E+00 0.00000E+00 0.00000E+00 6.33309E-06 8.60382E-09

 Emission cross sections to residual nuclei from Z= 54 N= 83 (137Xe):

 gamma    channel to Z= 54 N= 83 (137Xe): 8.93450E-01
 neutron  channel to Z= 54 N= 82 (136Xe): 1.56354E-01
 proton   channel to Z= 53 N= 83 (136I ): 0.00000E+00
 deuteron channel to Z= 53 N= 82 (135I ): 0.00000E+00
 triton   channel to Z= 53 N= 81 (134I ): 0.00000E+00
 helium-3 channel to Z= 52 N= 82 (134Te): 0.00000E+00
 alpha    channel to Z= 52 N= 81 (133Te): 0.00000E+00

 Final production cross section of Z= 54 N= 83 (137Xe):

 Total       : 8.36837E-01
 Ground state: 8.36837E-01

 Population of Z= 54 N= 82 (136Xe) before decay: 1.56354E-01
 Maximum excitation energy:   1.571 Discrete levels: 10

 Population of Z= 54 N= 82 (136Xe), Parity=-1 before decay: 0.00000E+00

 bin    Ex     Pop     Pop P=-1    J= 0.0    J= 1.0    J= 2.0    J= 3.0    J= 4.0    J= 5.0    J= 6.0    J= 7.0    J= 8.0

   0   0.000 1.561E-01 0.000E+00 0.000E+00 0.000E+00 0.000E+00 0.000E+00 0.000E+00 0.000E+00 0.000E+00 0.000E+00 0.000E+00
   1   1.313 2.436E-04 0.000E+00 0.000E+00 0.000E+00 0.000E+00 0.000E+00 0.000E+00 0.000E+00 0.000E+00 0.000E+00 0.000E+00

 Population of Z= 54 N= 82 (136Xe), Parity= 1 before decay: 1.56354E-01

 bin    Ex     Pop     Pop P= 1    J= 0.0    J= 1.0    J= 2.0    J= 3.0    J= 4.0    J= 5.0    J= 6.0    J= 7.0    J= 8.0

   0   0.000 1.561E-01 1.561E-01 1.561E-01 0.000E+00 0.000E+00 0.000E+00 0.000E+00 0.000E+00 0.000E+00 0.000E+00 0.000E+00
   1   1.313 2.436E-04 2.436E-04 0.000E+00 0.000E+00 2.436E-04 0.000E+00 0.000E+00 0.000E+00 0.000E+00 0.000E+00 0.000E+00

 Isospin factors to reduce emission for multiple emission for Z= 54 N= 82 (136Xe)

 gamma     1.00000
 neutron   1.00000
 proton    1.00000
 deuteron  1.00000
 triton    1.00000
 helium-3  1.00000
 alpha     1.00000

 Population of each bin of Z= 54 N= 82 (136Xe) before its decay

 bin    Ex      Pop     P Pop per P  J= 0.0    J= 1.0    J= 2.0    J= 3.0    J= 4.0    J= 5.0    J= 6.0    J= 7.0    J= 8.0  

   1   1.313 2.436E-04 -1 0.000E+00 0.000E+00 0.000E+00 0.000E+00 0.000E+00 0.000E+00 0.000E+00 0.000E+00 0.000E+00 0.000E+00
   1   1.313 2.436E-04  1 2.436E-04 0.000E+00 0.000E+00 2.436E-04 0.000E+00 0.000E+00 0.000E+00 0.000E+00 0.000E+00 0.000E+00

 Emitted flux per excitation energy bin of Z= 54 N= 82 (136Xe):

 bin    Ex      gamma       neutron     proton      deuteron    triton      helium-3    alpha       Total     In - out

   0   0.000 0.00000E+00 0.00000E+00 0.00000E+00 0.00000E+00 0.00000E+00 0.00000E+00 0.00000E+00 0.00000E+00 0.00000E+00
   1   1.313 2.43576E-04 0.00000E+00 0.00000E+00 0.00000E+00 0.00000E+00 0.00000E+00 0.00000E+00 2.43576E-04 0.00000E+00

 Emission cross sections to residual nuclei from Z= 54 N= 82 (136Xe):

 gamma    channel to Z= 54 N= 82 (136Xe): 0.00000E+00
 neutron  channel to Z= 54 N= 81 (135Xe): 0.00000E+00
 proton   channel to Z= 53 N= 82 (135I ): 0.00000E+00
 deuteron channel to Z= 53 N= 81 (134I ): 0.00000E+00
 triton   channel to Z= 53 N= 80 (133I ): 0.00000E+00
 helium-3 channel to Z= 52 N= 81 (133Te): 0.00000E+00
 alpha    channel to Z= 52 N= 80 (132Te): 0.00000E+00

 Final production cross section of Z= 54 N= 82 (136Xe):

 Total       : 1.56354E-01
 Ground state: 1.56354E-01

 ########### REACTION SUMMARY FOR E=  15.00000 ###########

 1. Initial population cross section = 1.00000E+00


 3. Total particle production cross sections

 gamma   = 9.04297E-01    Multiplicity= 9.04297E-01
 neutron = 2.14951E+00    Multiplicity= 2.14951E+00
 proton  = 1.85749E-08    Multiplicity= 1.85749E-08
 deuteron= 4.49486E-13    Multiplicity= 4.49486E-13
 triton  = 6.06741E-10    Multiplicity= 6.06741E-10
 helium-3= 0.00000E+00    Multiplicity= 0.00000E+00
 alpha   = 8.38728E-06    Multiplicity= 8.38728E-06

 4. Residual production cross sections

   a. Per isotope

   Z   A  nuclide    total     level   isomeric    isomeric    lifetime
                 cross section       cross section  ratio

   54 139 (139Xe) 3.78619E-07    0    3.78619E-07  1.00000
   54 138 (138Xe) 6.77377E-03    0    6.77377E-03  1.00000
   54 137 (137Xe) 8.36837E-01    0    8.36837E-01  1.00000
   54 136 (136Xe) 1.56354E-01    0    1.56354E-01  1.00000

   b. Per mass

   A  cross section

  139 3.78619E-07
  138 6.77377E-03
  137 8.36837E-01
  136 1.56354E-01

 Total residual production cross section:     0.9999648
 Initial population cross section       :     1.0000000

 Execution time:  0 hours  0 minutes  1.73 seconds 

 The TALYS team congratulates you with this successful calculation.
