
    TALYS-1.96 (Version: December 30, 2021)

 Copyright (C) 2021  A.J. Koning, S. Hilaire and S. Goriely

 Dimensions - Cross sections: mb, Energies: MeV, Angles: degrees

 ########## USER INPUT ##########

 USER INPUT FILE

 #
 # n-si028-cc
 #
 # general
 #
 projectile n
 element si
 mass 28
 energy energies
 #
 # parameters
 #
 spherical y
 #
 # output
 #
 channels y
 filechannels y

 USER INPUT FILE + DEFAULTS

 Keyword           Value   Variable     Explanation

 #
 # Four main keywords
 #
 projectile          n     ptype0       type of incident particle
 element            Si     Starget      symbol of target nucleus
 mass               28     mass         mass number of target nucleus
 energy energies           energyfile   file with incident energies
 #
 # Basic physical and numerical parameters
 #
 ejectiles g n p d t h a   outtype      outgoing particles
 maxz               11     maxZ         maximal number of protons away from the initial compound nucleus
 maxn               12     maxN         maximal number of neutrons away from the initial compound nucleus
 bins               40     nbins        number of continuum excitation energy bins
 equidistant         y     flagequi     flag to use equidistant excitation bins instead of logarithmic bins
 equispec            n     flagequispec flag to use equidistant bins for emission spectra
 popmev              n     flagpopmev   flag to use initial population per MeV instead of histograms
 segment             1     segment      number of segments to divide emission energy grid
 maxlevelstar       30     nlevmax      maximum number of included discrete levels for target
 maxlevelsres       10     nlevmaxres   maximum number of included discrete levels for residual nucleus
 maxlevelsbin g     10     nlevbin      maximum number of included discrete levels for gamma    channel
 maxlevelsbin n     30     nlevbin      maximum number of included discrete levels for neutron  channel
 maxlevelsbin p     10     nlevbin      maximum number of included discrete levels for proton   channel
 maxlevelsbin d      5     nlevbin      maximum number of included discrete levels for deuteron channel
 maxlevelsbin t      5     nlevbin      maximum number of included discrete levels for triton   channel
 maxlevelsbin h      5     nlevbin      maximum number of included discrete levels for helium-3 channel
 maxlevelsbin a     10     nlevbin      maximum number of included discrete levels for alpha    channel
 ltarget             0     ltarget      excited level of target
 isomer           1.00E+00 isomer       definition of isomer in seconds
 transpower          5     transpower   power for transmission coefficient limit
 transeps         1.00E-08 transeps     limit for transmission coefficient
 xseps            1.00E-07 xseps        limit for cross sections
 popeps           1.00E-03 popeps       limit for population cross section per nucleus
 Rfiseps          1.00E-03 Rfiseps      ratio for limit for fission cross section per nucleus
 elow             1.00E-06 elow         minimal incident energy for nuclear model calculations
 angles             90     nangle       number of angles
 anglescont         18     nanglecont   number of angles for continuum
 anglesrec           1     nanglerec    number of recoil angles
 maxenrec           20     maxenrec     number of recoil energies
 channels            y     flagchannels flag for exclusive channels calculation
 maxchannel          4     maxchannel   maximal number of outgoing particles in individual channel description
 micro               n     flagmicro    flag for completely microscopic Talys calculation
 best                n     flagbest     flag to use best set of adjusted parameters
 bestbranch          y     flagbestbr   flag to use flag to use only best set of branching ratios
 bestend             n     flagbestend  flag to put best set of parameters at end of input file
 relativistic        y     flagrel      flag for relativistic kinematics
 recoil              n     flagrecoil   flag for calculation of recoils
 labddx              n     flaglabddx   flag for calculation of DDX in LAB system
 recoilaverage       n     flagrecoilav flag for average velocity in recoil calculation
 channelenergy       n     flagEchannel flag for channel energy for emission spectrum
 reaction            y     flagreaction flag for calculation of nuclear reactions
 ngfit               n     flagngfit    flag for using fitted (n,g) nuclear model parameters
 nnfit               n     flagnnfit    flag for using fitted (n,n), (n,2n) and (n,p) nuclear model parameters
 nafit               n     flagnafit    flag for using fitted (n,a) nuclear model parameters
 astro               n     flagastro    flag for calculation of astrophysics reaction rate
 astrogs             n     flagastrogs  flag for calculation of astrophysics reaction rate with target in ground state only
 astroex             n     flagastroex  flag for calculation of astrophysics reaction rate to long-lived excited states
 nonthermlev        -1     nonthermlev  excited level non-thermalized in the calculation of astrophysics rate
 massmodel           2     massmodel    model for theoretical nuclear mass
 expmass             y     flagexpmass  flag for using experimental nuclear mass if available
 disctable           1     disctable    table with discrete levels
 production          n     flagprod     flag for isotope production
 outfy               n     flagoutfy    flag for output detailed fission yield calculation
 gefran          50000     gefran       number of random events for GEF calculation
 Estop            1000.000 Estop        incident energy above which TALYS stops
 rpevap              n     flagrpevap   flag for evaporation of residual products at high incident energies
 maxZrp             12     maxZrp       maximal number of protons away from the initial compound nucleus before residual evaporation
 maxNrp             32     maxNrp       maximal number of neutrons away from the initial compound nucleus before residual evaporation
 #
 # Optical model
 #
 localomp            y     flaglocalomp flag for local (y) or global (n) optical model
 dispersion          n     flagdisp     flag for dispersive optical model
 jlmomp              n     flagjlm      flag for using semi-microscopic JLM OMP
 riplomp             n     flagriplomp  flag for RIPL OMP
 riplrisk            n     flagriplrisk flag for going outside RIPL mass validity range
 optmodall           n     flagompall   flag for new optical model calculation for all residual nuclei
 incadjust           y     flagincadj   flag for OMP adjustment on incident channel also
 omponly             n     flagomponly  flag to execute ONLY an optical model calculation
 autorot             n     flagautorot  flag for automatic rotational coupled channels calculations for A > 150
 spherical           y     flagspher    flag to force spherical optical model
 soukho              y     flagsoukho   flag for Soukhovitskii OMP for actinides
 coulomb             y     flagcoulomb  flag for Coulomb excitation calculation with ECIS
 statepot            n     flagstate    flag for optical model potential for each excited state
 maxband             0     maxband      highest vibrational band added to rotational model
 maxrot              2     maxrot       number of included excited rotational levels
 sysreaction               sysreaction  particles with reaction cross section from systematics
 rotational                rotational   particles with possible rotational optical model
 core               -1     core         even-even core for weakcoupling (-1 or 1)
 ecissave            n     flagecissave flag for saving ECIS input and output files
 eciscalc            y     flageciscalc flag for new ECIS calculation for outgoing particles and energy grid
 inccalc             y     flaginccalc  flag for new ECIS calculation for incident channel
 endfecis            y     flagendfecis flag for new ECIS calculation for ENDF-6 files
 radialmodel         2     radialmodel  model for radial matter densities (JLM OMP only)
 jlmmode             0     jlmmode      option for JLM imaginary potential normalization
 alphaomp            6     alphaomp     alpha OMP (1=normal, 2= McFadden-Satchler, 3-5= folding potential, 6,8= Avrigeanu, 7=Nolte)
 deuteronomp         1     deuteronomp  deuteron OMP (1=normal, 2=Daehnick, 3=Bojowald, 4=Han-Shi-Shen, 5=An-Cai)
 #
 # Compound nucleus
 #
 widthfluc          17.180 ewfc         off-set incident energy for width fluctuation calculation
 widthmode           1     wmode        designator for width fluctuation model
 compound            y     flagcomp     flag for compound nucleus model
 fullhf              n     flagfullhf   flag for full spin dependence of transmission coefficients
 eciscompound        n     flageciscomp flag for compound nucleus calculation by ECIS
 cpang               n     flagcpang    flag for compound angular distribution calculation for incident charged particles
 urr                 n     flagurr      flag for URR calculation
 urrnjoy             n     flagurrnjoy  flag for normalization of URR parameters with NJOY method
 lurr                2     lurr         maximal orbital angular momentum for URR
 #
 # Gamma emission
 #
 gammax              2     gammax       number of l-values for gamma multipolarity
 strength            9     strength     model for E1 gamma-ray strength function
 strengthM1          3     strengthM1   model for M1 gamma-ray strength function
 electronconv        y     flagelectron flag for application of electron conversion coefficient
 racap               n     flagracap    flag for radiative capture model
 ldmodelracap        1     ldmodelracap level density model for direct radiative capture
 upbend              y     flagupbend   flag for low-energy upbend of photon strength function
 psfglobal           n    flagpsfglobal flag for global photon strength functions only
 #
 # Pre-equilibrium
 #
 preequilibrium      9.929 epreeq       on-set incident energy for preequilibrium calculation
 preeqmode           2     preeqmode    designator for pre-equilibrium model
 multipreeq         20.000 emulpre      on-set incident energy for multiple preequilibrium
 mpreeqmode          2     mpreeqmode   designator for multiple pre-equilibrium model
 breakupmodel        1     breakupmodel model for break-up reaction: 1. Kalbach 2. Avrigeanu
 phmodel             1     phmodel      particle-hole state density model
 pairmodel           2     pairmodel    designator for pre-equilibrium pairing model
 preeqspin           1     pespinmodel  model for pre-equilibrium spin distribution
 giantresonance      y     flaggiant    flag for collective contribution from giant resonances
 preeqsurface        y     flagsurface  flag for surface effects in exciton model
 preeqcomplex        y     flagpecomp   flag for Kalbach complex particle emission model
 twocomponent        y     flag2comp    flag for two-component pre-equilibrium model
 ecisdwba            y     flagecisdwba flag for new ECIS calculation for DWBA for MSD
 onestep             n     flagonestep  flag for continuum one-step direct only
 #
 # Level densities
 #
 ldmodel             1     ldmodelall   level density model
 ldmodelCN           1     ldmodelCN    level density model for compound nucleus
 shellmodel          1     shellmodel   model for shell correction energies
 kvibmodel           2     kvibmodel    model for vibrational enhancement
 spincutmodel        1     spincutmodel model for spin cutoff factor for ground state
 asys                n     flagasys     flag for all level density parameters a from systematics
 parity              n     flagparity   flag for non-equal parity distribution
 colenhance          n     flagcolall   flag for collective enhancement of level density for all nuclides
 ctmglobal           n     flagctmglob  flag for global CTM model (no discrete level info)
 gshell              n     flaggshell   flag for energy dependence of single particle level density parameter g
 colldamp            n     flagcolldamp flag for damping of collective effects in effective level density
 #
 # Fission
 #
 fission             n     flagfission  flag for fission
 fismodel            3     fismodel     fission model
 fismodelalt         3     fismodelalt  alternative fission model for default barriers
 hbstate             y     flaghbstate  flag for head band states in fission
 class2              y     flagclass2   flag for class2 states in fission
 fispartdamp         n  flagfispartdamp flag for fission partial damping
 massdis             n     flagmassdis  flag for calculation of fission fragment mass yields
 ffevaporation       y     flagffevap   flag for calculation of particle evaporation from fission fragment mass yields
 fisfeed             n     flagfisfeed  flag for output of fission per excitation bin
 fymodel             2     fymodel      fission yield model, 1: Brosa 2: GEF
 ffmodel             1     ffmodel      fission fragment model, 1: GEF 2: HF3D (Okumura) 3: SPY
 pfnsmodel           1     pfnsmodel    PFNS model, 1: Iwamoto 2: from FF decay
 ffspin              n     flagffspin   flag to use spin distribution in initial FF population
 #
 # Output
 #
 outmain             y     flagmain     flag for main output
 outbasic            n     flagbasic    flag for output of basic information and results
 outpopulation       n     flagpop      flag for output of population
 outcheck            n     flagcheck    flag for output of numerical checks
 outlevels           n     flaglevels   flag for output of discrete level information
 outdensity          n     flagdensity  flag for output of level densities
 outomp              n     flagoutomp   flag for output of optical model parameters
 outkd               n     flagoutkd    flag for output of KD03 OMP parameters
 outdirect           n     flagdirect   flag for output of direct reaction results
 outinverse          n     flaginverse  flag for output of transmission coefficients and inverse reaction cross sections
 outdecay            n     flagdecay    flag for output of decay of each population bin
 outtransenergy      y     flagtransen  flag for output of transmission coefficients per energy
 outecis             n     flagoutecis  flag for output of ECIS results
 outgamma            n     flaggamma    flag for output of gamma-ray information
 outpreequilibrium   n     flagpeout    flag for output of pre-equilibrium results 
 outfission          n     flagfisout   flag for output of fission information
 outdiscrete         n     flagdisc     flag for output of discrete state cross sections
 outspectra          n     flagspec     flag for output of double-differential cross sections
 outbinspectra       n     flagbinspec  flag for output of emission spectrum per excitation bin
 resonance           n     flagres      flag for output of low energy resonance cross sections
 group               n     flaggroup    flag for output of low energy groupwise cross sections
 addiscrete          y     flagadd      flag for addition of discrete states to spectra
 addelastic          y     flagaddel    flag for addition of elastic peak to spectra
 outangle            n     flagang      flag for output of angular distributions
 outlegendre         n     flaglegendre flag for output of Legendre coefficients
 ddxmode             0     ddxmode      mode for double-differential cross sections
 outdwba             n     flagoutdwba  flag for output of DWBA cross sections for MSD
 outgamdis           n     flaggamdis   flag for output of discrete gamma-ray intensities
 outexcitation       y     flagexc      flag for output of excitation functions
 components          n     flagcompo    flag for output of cross section components
 endf                n     flagendf     flag for information for ENDF-6 file
 endfdetail          y     flagendfdet  flag for detailed ENDF-6 information per channel
 sacs                n     flagsacs     flag for statistical analysis of cross sections
 partable            n     flagpartable flag for output of model parameters on separate file
 block               n     flagblock    flag to block spectra, angle and gamma files

 ########## BASIC REACTION PARAMETERS ##########

 Projectile           : neutron     Mass in a.m.u.      :   1.008665
 Target               :  28Si       Mass in a.m.u.      :  27.976927

 Included channels:
                     gamma   
                     neutron 
                     proton  
                     deuteron
                     triton  
                     helium-3
                     alpha   

    50 incident energies (LAB):

      0.100
      0.200
      0.400
      0.600
      0.800
      1.000
      1.200
      1.400
      1.600
      1.800
      2.000
      2.200
      2.400
      2.600
      2.800
      3.000
      3.200
      3.400
      3.600
      3.800
      4.000
      4.200
      4.400
      4.600
      4.800
      5.000
      5.200
      5.400
      5.600
      5.800
      6.000
      6.200
      6.400
      6.600
      6.800
      7.000
      7.200
      7.400
      7.600
      7.800
      8.000
      8.500
      9.000
      9.500
     10.000
     12.000
     14.000
     16.000
     18.000
     20.000

 Q-values for binary reactions:

 Q(n,g):  8.47361
 Q(n,n):  0.00000
 Q(n,p): -3.85972
 Q(n,d): -9.36033
 Q(n,t):-16.16113
 Q(n,h):-12.13813
 Q(n,a): -2.65360

 ########## RESULTS FOR E=   0.10000 ##########

 Energy dependent input flags

 Width fluctuations (flagwidth)            : y
 Unresolved resonance parameters (flagurr) : n
 Preequilibrium (flagpreeq)                : n
 Multiple preequilibrium (flagmulpre)      : n
 Number of continuum excitation energy bins: 40

 ########### REACTION SUMMARY FOR E=   0.10000 ###########

 Center-of-mass energy:    0.097

 1. Total (binary) cross sections

 Total           = 4.78996E+03
   Shape elastic   = 2.11766E+03
   Reaction        = 2.67230E+03
     Compound elastic= 2.67072E+03
     Non-elastic     = 1.58325E+00
       Direct          = 0.00000E+00
       Pre-equilibrium = 0.00000E+00
       Compound non-el = 1.58325E+00
     Total elastic   = 4.78838E+03

 2. Binary non-elastic cross sections (non-exclusive)

 gamma   = 9.32103E-01
 neutron = 0.00000E+00
 proton  = 0.00000E+00
 deuteron= 0.00000E+00
 triton  = 0.00000E+00
 helium-3= 0.00000E+00
 alpha   = 0.00000E+00

 3. Total particle production cross sections

 gamma   = 1.00465E+00    Multiplicity= 6.34547E-01
 neutron = 1.62215E-06    Multiplicity= 1.02457E-06
 proton  = 0.00000E+00    Multiplicity= 0.00000E+00
 deuteron= 0.00000E+00    Multiplicity= 0.00000E+00
 triton  = 0.00000E+00    Multiplicity= 0.00000E+00
 helium-3= 0.00000E+00    Multiplicity= 0.00000E+00
 alpha   = 0.00000E+00    Multiplicity= 0.00000E+00

 4. Residual production cross sections

   a. Per isotope

   Z   A  nuclide    total     level   isomeric    isomeric    lifetime
                 cross section       cross section  ratio

   14  29 ( 29Si) 9.32101E-01    0    9.32101E-01  1.00000

   b. Per mass

   A  cross section

   29 9.32101E-01

 Total residual production cross section:     0.9321006
 Non-elastic cross section              :     1.5832520

 6. Exclusive cross sections

 6a. Total exclusive cross sections 

     Emitted particles     cross section reaction         level    isomeric    isomeric    lifetime relative yield
    n   p   d   t   h   a                                        cross section   ratio
    0   0   0   0   0   0    9.32101E-01  (n,g)                                                     1.00000E+00

 Absorption cross section                 :     0.93210

 Sum over exclusive channel cross sections:     0.93210
 (n,gn) + (n,gp) +...(n,ga) cross sections:     0.00000
 Total                                    :     0.93210
 Non-elastic cross section                :     1.58325

 ########## RESULTS FOR E=   0.20000 ##########

 Energy dependent input flags

 Width fluctuations (flagwidth)            : y
 Unresolved resonance parameters (flagurr) : n
 Preequilibrium (flagpreeq)                : n
 Multiple preequilibrium (flagmulpre)      : n
 Number of continuum excitation energy bins: 40

 ########### REACTION SUMMARY FOR E=   0.20000 ###########

 Center-of-mass energy:    0.193

 1. Total (binary) cross sections

 Total           = 4.91148E+03
   Shape elastic   = 2.09568E+03
   Reaction        = 2.81579E+03
     Compound elastic= 2.81457E+03
     Non-elastic     = 1.21704E+00
       Direct          = 0.00000E+00
       Pre-equilibrium = 0.00000E+00
       Compound non-el = 1.21704E+00
     Total elastic   = 4.91025E+03

 2. Binary non-elastic cross sections (non-exclusive)

 gamma   = 6.12252E-01
 neutron = 0.00000E+00
 proton  = 0.00000E+00
 deuteron= 0.00000E+00
 triton  = 0.00000E+00
 helium-3= 0.00000E+00
 alpha   = 0.00000E+00

 3. Total particle production cross sections

 gamma   = 6.67100E-01    Multiplicity= 5.48132E-01
 neutron = 7.12134E-06    Multiplicity= 5.85136E-06
 proton  = 0.00000E+00    Multiplicity= 0.00000E+00
 deuteron= 0.00000E+00    Multiplicity= 0.00000E+00
 triton  = 0.00000E+00    Multiplicity= 0.00000E+00
 helium-3= 0.00000E+00    Multiplicity= 0.00000E+00
 alpha   = 0.00000E+00    Multiplicity= 0.00000E+00

 4. Residual production cross sections

   a. Per isotope

   Z   A  nuclide    total     level   isomeric    isomeric    lifetime
                 cross section       cross section  ratio

   14  29 ( 29Si) 6.12244E-01    0    6.12244E-01  1.00000

   b. Per mass

   A  cross section

   29 6.12244E-01

 Total residual production cross section:     0.6122437
 Non-elastic cross section              :     1.2170410

 6. Exclusive cross sections

 6a. Total exclusive cross sections 

     Emitted particles     cross section reaction         level    isomeric    isomeric    lifetime relative yield
    n   p   d   t   h   a                                        cross section   ratio
    0   0   0   0   0   0    6.12244E-01  (n,g)                                                     1.00000E+00

 Absorption cross section                 :     0.61224

 Sum over exclusive channel cross sections:     0.61224
 (n,gn) + (n,gp) +...(n,ga) cross sections:     0.00001
 Total                                    :     0.61225
 Non-elastic cross section                :     1.21704

 ########## RESULTS FOR E=   0.40000 ##########

 Energy dependent input flags

 Width fluctuations (flagwidth)            : y
 Unresolved resonance parameters (flagurr) : n
 Preequilibrium (flagpreeq)                : n
 Multiple preequilibrium (flagmulpre)      : n
 Number of continuum excitation energy bins: 40

 ########### REACTION SUMMARY FOR E=   0.40000 ###########

 Center-of-mass energy:    0.386

 1. Total (binary) cross sections

 Total           = 4.92045E+03
   Shape elastic   = 2.15445E+03
   Reaction        = 2.76600E+03
     Compound elastic= 2.76512E+03
     Non-elastic     = 8.80127E-01
       Direct          = 0.00000E+00
       Pre-equilibrium = 0.00000E+00
       Compound non-el = 8.80127E-01
     Total elastic   = 4.91957E+03

 2. Binary non-elastic cross sections (non-exclusive)

 gamma   = 4.28432E-01
 neutron = 0.00000E+00
 proton  = 0.00000E+00
 deuteron= 0.00000E+00
 triton  = 0.00000E+00
 helium-3= 0.00000E+00
 alpha   = 0.00000E+00

 3. Total particle production cross sections

 gamma   = 4.73546E-01    Multiplicity= 5.38043E-01
 neutron = 3.50576E-05    Multiplicity= 3.98324E-05
 proton  = 0.00000E+00    Multiplicity= 0.00000E+00
 deuteron= 0.00000E+00    Multiplicity= 0.00000E+00
 triton  = 0.00000E+00    Multiplicity= 0.00000E+00
 helium-3= 0.00000E+00    Multiplicity= 0.00000E+00
 alpha   = 0.00000E+00    Multiplicity= 0.00000E+00

 4. Residual production cross sections

   a. Per isotope

   Z   A  nuclide    total     level   isomeric    isomeric    lifetime
                 cross section       cross section  ratio

   14  29 ( 29Si) 4.28397E-01    0    4.28397E-01  1.00000

   b. Per mass

   A  cross section

   29 4.28397E-01

 Total residual production cross section:     0.4283967
 Non-elastic cross section              :     0.8801270

 6. Exclusive cross sections

 6a. Total exclusive cross sections 

     Emitted particles     cross section reaction         level    isomeric    isomeric    lifetime relative yield
    n   p   d   t   h   a                                        cross section   ratio
    0   0   0   0   0   0    4.28397E-01  (n,g)                                                     1.00000E+00

 Absorption cross section                 :     0.42840

 Sum over exclusive channel cross sections:     0.42840
 (n,gn) + (n,gp) +...(n,ga) cross sections:     0.00004
 Total                                    :     0.42843
 Non-elastic cross section                :     0.88013

 ########## RESULTS FOR E=   0.60000 ##########

 Energy dependent input flags

 Width fluctuations (flagwidth)            : y
 Unresolved resonance parameters (flagurr) : n
 Preequilibrium (flagpreeq)                : n
 Multiple preequilibrium (flagmulpre)      : n
 Number of continuum excitation energy bins: 40

 ########### REACTION SUMMARY FOR E=   0.60000 ###########

 Center-of-mass energy:    0.579

 1. Total (binary) cross sections

 Total           = 4.75252E+03
   Shape elastic   = 2.22459E+03
   Reaction        = 2.52794E+03
     Compound elastic= 2.52724E+03
     Non-elastic     = 7.00684E-01
       Direct          = 0.00000E+00
       Pre-equilibrium = 0.00000E+00
       Compound non-el = 7.00684E-01
     Total elastic   = 4.75183E+03

 2. Binary non-elastic cross sections (non-exclusive)

 gamma   = 3.60991E-01
 neutron = 0.00000E+00
 proton  = 0.00000E+00
 deuteron= 0.00000E+00
 triton  = 0.00000E+00
 helium-3= 0.00000E+00
 alpha   = 0.00000E+00

 3. Total particle production cross sections

 gamma   = 4.04341E-01    Multiplicity= 5.77066E-01
 neutron = 1.41806E-04    Multiplicity= 2.02382E-04
 proton  = 0.00000E+00    Multiplicity= 0.00000E+00
 deuteron= 0.00000E+00    Multiplicity= 0.00000E+00
 triton  = 0.00000E+00    Multiplicity= 0.00000E+00
 helium-3= 0.00000E+00    Multiplicity= 0.00000E+00
 alpha   = 0.00000E+00    Multiplicity= 0.00000E+00

 4. Residual production cross sections

   a. Per isotope

   Z   A  nuclide    total     level   isomeric    isomeric    lifetime
                 cross section       cross section  ratio

   14  29 ( 29Si) 3.60849E-01    0    3.60849E-01  1.00000

   b. Per mass

   A  cross section

   29 3.60849E-01

 Total residual production cross section:     0.3608486
 Non-elastic cross section              :     0.7006836

 6. Exclusive cross sections

 6a. Total exclusive cross sections 

     Emitted particles     cross section reaction         level    isomeric    isomeric    lifetime relative yield
    n   p   d   t   h   a                                        cross section   ratio
    0   0   0   0   0   0    3.60849E-01  (n,g)                                                     1.00000E+00

 Absorption cross section                 :     0.36085

 Sum over exclusive channel cross sections:     0.36085
 (n,gn) + (n,gp) +...(n,ga) cross sections:     0.00014
 Total                                    :     0.36099
 Non-elastic cross section                :     0.70068

 ########## RESULTS FOR E=   0.80000 ##########

 Energy dependent input flags

 Width fluctuations (flagwidth)            : y
 Unresolved resonance parameters (flagurr) : n
 Preequilibrium (flagpreeq)                : n
 Multiple preequilibrium (flagmulpre)      : n
 Number of continuum excitation energy bins: 40

 ########### REACTION SUMMARY FOR E=   0.80000 ###########

 Center-of-mass energy:    0.772

 1. Total (binary) cross sections

 Total           = 4.53690E+03
   Shape elastic   = 2.26339E+03
   Reaction        = 2.27351E+03
     Compound elastic= 2.27291E+03
     Non-elastic     = 6.03271E-01
       Direct          = 0.00000E+00
       Pre-equilibrium = 0.00000E+00
       Compound non-el = 6.03271E-01
     Total elastic   = 4.53630E+03

 2. Binary non-elastic cross sections (non-exclusive)

 gamma   = 3.30354E-01
 neutron = 0.00000E+00
 proton  = 0.00000E+00
 deuteron= 0.00000E+00
 triton  = 0.00000E+00
 helium-3= 0.00000E+00
 alpha   = 0.00000E+00

 3. Total particle production cross sections

 gamma   = 3.74570E-01    Multiplicity= 6.20898E-01
 neutron = 3.66229E-04    Multiplicity= 6.07072E-04
 proton  = 0.00000E+00    Multiplicity= 0.00000E+00
 deuteron= 0.00000E+00    Multiplicity= 0.00000E+00
 triton  = 0.00000E+00    Multiplicity= 0.00000E+00
 helium-3= 0.00000E+00    Multiplicity= 0.00000E+00
 alpha   = 0.00000E+00    Multiplicity= 0.00000E+00

 4. Residual production cross sections

   a. Per isotope

   Z   A  nuclide    total     level   isomeric    isomeric    lifetime
                 cross section       cross section  ratio

   14  29 ( 29Si) 3.29987E-01    0    3.29987E-01  1.00000

   b. Per mass

   A  cross section

   29 3.29987E-01

 Total residual production cross section:     0.3299871
 Non-elastic cross section              :     0.6032715

 6. Exclusive cross sections

 6a. Total exclusive cross sections 

     Emitted particles     cross section reaction         level    isomeric    isomeric    lifetime relative yield
    n   p   d   t   h   a                                        cross section   ratio
    0   0   0   0   0   0    3.29987E-01  (n,g)                                                     1.00000E+00

 Absorption cross section                 :     0.32999

 Sum over exclusive channel cross sections:     0.32999
 (n,gn) + (n,gp) +...(n,ga) cross sections:     0.00037
 Total                                    :     0.33035
 Non-elastic cross section                :     0.60327

 ########## RESULTS FOR E=   1.00000 ##########

 Energy dependent input flags

 Width fluctuations (flagwidth)            : y
 Unresolved resonance parameters (flagurr) : n
 Preequilibrium (flagpreeq)                : n
 Multiple preequilibrium (flagmulpre)      : n
 Number of continuum excitation energy bins: 40

 ########### REACTION SUMMARY FOR E=   1.00000 ###########

 Center-of-mass energy:    0.965

 1. Total (binary) cross sections

 Total           = 4.32126E+03
   Shape elastic   = 2.26871E+03
   Reaction        = 2.05255E+03
     Compound elastic= 2.05200E+03
     Non-elastic     = 5.51758E-01
       Direct          = 0.00000E+00
       Pre-equilibrium = 0.00000E+00
       Compound non-el = 5.51758E-01
     Total elastic   = 4.32071E+03

 2. Binary non-elastic cross sections (non-exclusive)

 gamma   = 3.18185E-01
 neutron = 0.00000E+00
 proton  = 0.00000E+00
 deuteron= 0.00000E+00
 triton  = 0.00000E+00
 helium-3= 0.00000E+00
 alpha   = 0.00000E+00

 3. Total particle production cross sections

 gamma   = 3.65328E-01    Multiplicity= 6.62116E-01
 neutron = 6.91209E-04    Multiplicity= 1.25274E-03
 proton  = 0.00000E+00    Multiplicity= 0.00000E+00
 deuteron= 0.00000E+00    Multiplicity= 0.00000E+00
 triton  = 0.00000E+00    Multiplicity= 0.00000E+00
 helium-3= 0.00000E+00    Multiplicity= 0.00000E+00
 alpha   = 0.00000E+00    Multiplicity= 0.00000E+00

 4. Residual production cross sections

   a. Per isotope

   Z   A  nuclide    total     level   isomeric    isomeric    lifetime
                 cross section       cross section  ratio

   14  29 ( 29Si) 3.17493E-01    0    3.17493E-01  1.00000

   b. Per mass

   A  cross section

   29 3.17493E-01

 Total residual production cross section:     0.3174932
 Non-elastic cross section              :     0.5517578

 6. Exclusive cross sections

 6a. Total exclusive cross sections 

     Emitted particles     cross section reaction         level    isomeric    isomeric    lifetime relative yield
    n   p   d   t   h   a                                        cross section   ratio
    0   0   0   0   0   0    3.17493E-01  (n,g)                                                     1.00000E+00

 Absorption cross section                 :     0.31749

 Sum over exclusive channel cross sections:     0.31749
 (n,gn) + (n,gp) +...(n,ga) cross sections:     0.00069
 Total                                    :     0.31818
 Non-elastic cross section                :     0.55176

 ########## RESULTS FOR E=   1.20000 ##########

 Energy dependent input flags

 Width fluctuations (flagwidth)            : y
 Unresolved resonance parameters (flagurr) : n
 Preequilibrium (flagpreeq)                : n
 Multiple preequilibrium (flagmulpre)      : n
 Number of continuum excitation energy bins: 40

 ########### REACTION SUMMARY FOR E=   1.20000 ###########

 Center-of-mass energy:    1.158

 1. Total (binary) cross sections

 Total           = 4.12075E+03
   Shape elastic   = 2.24765E+03
   Reaction        = 1.87309E+03
     Compound elastic= 1.87257E+03
     Non-elastic     = 5.24658E-01
       Direct          = 0.00000E+00
       Pre-equilibrium = 0.00000E+00
       Compound non-el = 5.24658E-01
     Total elastic   = 4.12022E+03

 2. Binary non-elastic cross sections (non-exclusive)

 gamma   = 3.14897E-01
 neutron = 0.00000E+00
 proton  = 0.00000E+00
 deuteron= 0.00000E+00
 triton  = 0.00000E+00
 helium-3= 0.00000E+00
 alpha   = 0.00000E+00

 3. Total particle production cross sections

 gamma   = 3.65547E-01    Multiplicity= 6.96734E-01
 neutron = 1.17588E-03    Multiplicity= 2.24122E-03
 proton  = 0.00000E+00    Multiplicity= 0.00000E+00
 deuteron= 0.00000E+00    Multiplicity= 0.00000E+00
 triton  = 0.00000E+00    Multiplicity= 0.00000E+00
 helium-3= 0.00000E+00    Multiplicity= 0.00000E+00
 alpha   = 0.00000E+00    Multiplicity= 0.00000E+00

 4. Residual production cross sections

   a. Per isotope

   Z   A  nuclide    total     level   isomeric    isomeric    lifetime
                 cross section       cross section  ratio

   14  29 ( 29Si) 3.13721E-01    0    3.13721E-01  1.00000
   14  28 ( 28Si) 1.17588E-03    0    1.17588E-03  1.00000

   b. Per mass

   A  cross section

   29 3.13721E-01
   28 1.17588E-03

 Total residual production cross section:     0.3148969
 Non-elastic cross section              :     0.5246582

 6. Exclusive cross sections

 6a. Total exclusive cross sections 

     Emitted particles     cross section reaction         level    isomeric    isomeric    lifetime relative yield
    n   p   d   t   h   a                                        cross section   ratio
    0   0   0   0   0   0    3.13721E-01  (n,g)                                                     1.00000E+00

 Absorption cross section                 :     0.31372

 Sum over exclusive channel cross sections:     0.31372
 (n,gn) + (n,gp) +...(n,ga) cross sections:     0.00118
 Total                                    :     0.31490
 Non-elastic cross section                :     0.52466

 ########## RESULTS FOR E=   1.40000 ##########

 Energy dependent input flags

 Width fluctuations (flagwidth)            : y
 Unresolved resonance parameters (flagurr) : n
 Preequilibrium (flagpreeq)                : n
 Multiple preequilibrium (flagmulpre)      : n
 Number of continuum excitation energy bins: 40

 ########### REACTION SUMMARY FOR E=   1.40000 ###########

 Center-of-mass energy:    1.351

 1. Total (binary) cross sections

 Total           = 3.93888E+03
   Shape elastic   = 2.20772E+03
   Reaction        = 1.73115E+03
     Compound elastic= 1.73064E+03
     Non-elastic     = 5.13672E-01
       Direct          = 0.00000E+00
       Pre-equilibrium = 0.00000E+00
       Compound non-el = 5.13672E-01
     Total elastic   = 3.93836E+03

 2. Binary non-elastic cross sections (non-exclusive)

 gamma   = 3.18423E-01
 neutron = 0.00000E+00
 proton  = 0.00000E+00
 deuteron= 0.00000E+00
 triton  = 0.00000E+00
 helium-3= 0.00000E+00
 alpha   = 0.00000E+00

 3. Total particle production cross sections

 gamma   = 3.73337E-01    Multiplicity= 7.26800E-01
 neutron = 1.95681E-03    Multiplicity= 3.80945E-03
 proton  = 0.00000E+00    Multiplicity= 0.00000E+00
 deuteron= 0.00000E+00    Multiplicity= 0.00000E+00
 triton  = 0.00000E+00    Multiplicity= 0.00000E+00
 helium-3= 0.00000E+00    Multiplicity= 0.00000E+00
 alpha   = 0.00000E+00    Multiplicity= 0.00000E+00

 4. Residual production cross sections

   a. Per isotope

   Z   A  nuclide    total     level   isomeric    isomeric    lifetime
                 cross section       cross section  ratio

   14  29 ( 29Si) 3.16466E-01    0    3.16466E-01  1.00000
   14  28 ( 28Si) 1.95681E-03    0    1.95681E-03  1.00000

   b. Per mass

   A  cross section

   29 3.16466E-01
   28 1.95681E-03

 Total residual production cross section:     0.3184231
 Non-elastic cross section              :     0.5136719

 6. Exclusive cross sections

 6a. Total exclusive cross sections 

     Emitted particles     cross section reaction         level    isomeric    isomeric    lifetime relative yield
    n   p   d   t   h   a                                        cross section   ratio
    0   0   0   0   0   0    3.16466E-01  (n,g)                                                     1.00000E+00

 Absorption cross section                 :     0.31647

 Sum over exclusive channel cross sections:     0.31647
 (n,gn) + (n,gp) +...(n,ga) cross sections:     0.00196
 Total                                    :     0.31842
 Non-elastic cross section                :     0.51367

 ########## RESULTS FOR E=   1.60000 ##########

 Energy dependent input flags

 Width fluctuations (flagwidth)            : y
 Unresolved resonance parameters (flagurr) : n
 Preequilibrium (flagpreeq)                : n
 Multiple preequilibrium (flagmulpre)      : n
 Number of continuum excitation energy bins: 40

 ########### REACTION SUMMARY FOR E=   1.60000 ###########

 Center-of-mass energy:    1.544

 1. Total (binary) cross sections

 Total           = 3.77517E+03
   Shape elastic   = 2.15499E+03
   Reaction        = 1.62017E+03
     Compound elastic= 1.61966E+03
     Non-elastic     = 5.13672E-01
       Direct          = 0.00000E+00
       Pre-equilibrium = 0.00000E+00
       Compound non-el = 5.13672E-01
     Total elastic   = 3.77465E+03

 2. Binary non-elastic cross sections (non-exclusive)

 gamma   = 3.26997E-01
 neutron = 0.00000E+00
 proton  = 0.00000E+00
 deuteron= 0.00000E+00
 triton  = 0.00000E+00
 helium-3= 0.00000E+00
 alpha   = 0.00000E+00

 3. Total particle production cross sections

 gamma   = 3.87029E-01    Multiplicity= 7.53456E-01
 neutron = 2.95773E-03    Multiplicity= 5.75802E-03
 proton  = 0.00000E+00    Multiplicity= 0.00000E+00
 deuteron= 0.00000E+00    Multiplicity= 0.00000E+00
 triton  = 0.00000E+00    Multiplicity= 0.00000E+00
 helium-3= 0.00000E+00    Multiplicity= 0.00000E+00
 alpha   = 0.00000E+00    Multiplicity= 0.00000E+00

 4. Residual production cross sections

   a. Per isotope

   Z   A  nuclide    total     level   isomeric    isomeric    lifetime
                 cross section       cross section  ratio

   14  29 ( 29Si) 3.24038E-01    0    3.24038E-01  1.00000
   14  28 ( 28Si) 2.95774E-03    0    2.95774E-03  1.00000

   b. Per mass

   A  cross section

   29 3.24038E-01
   28 2.95773E-03

 Total residual production cross section:     0.3269961
 Non-elastic cross section              :     0.5136719

 6. Exclusive cross sections

 6a. Total exclusive cross sections 

     Emitted particles     cross section reaction         level    isomeric    isomeric    lifetime relative yield
    n   p   d   t   h   a                                        cross section   ratio
    0   0   0   0   0   0    3.24038E-01  (n,g)                                                     1.00000E+00

 Absorption cross section                 :     0.32404

 Sum over exclusive channel cross sections:     0.32404
 (n,gn) + (n,gp) +...(n,ga) cross sections:     0.00296
 Total                                    :     0.32700
 Non-elastic cross section                :     0.51367

 ########## RESULTS FOR E=   1.80000 ##########

 Energy dependent input flags

 Width fluctuations (flagwidth)            : y
 Unresolved resonance parameters (flagurr) : n
 Preequilibrium (flagpreeq)                : n
 Multiple preequilibrium (flagmulpre)      : n
 Number of continuum excitation energy bins: 40

 ########### REACTION SUMMARY FOR E=   1.80000 ###########

 Center-of-mass energy:    1.737

 1. Total (binary) cross sections

 Total           = 3.62790E+03
   Shape elastic   = 2.09402E+03
   Reaction        = 1.53388E+03
     Compound elastic= 1.53336E+03
     Non-elastic     = 5.21484E-01
       Direct          = 0.00000E+00
       Pre-equilibrium = 0.00000E+00
       Compound non-el = 5.21484E-01
     Total elastic   = 3.62738E+03

 2. Binary non-elastic cross sections (non-exclusive)

 gamma   = 3.39796E-01
 neutron = 0.00000E+00
 proton  = 0.00000E+00
 deuteron= 0.00000E+00
 triton  = 0.00000E+00
 helium-3= 0.00000E+00
 alpha   = 0.00000E+00

 3. Total particle production cross sections

 gamma   = 4.05803E-01    Multiplicity= 7.78168E-01
 neutron = 4.24605E-03    Multiplicity= 8.14224E-03
 proton  = 0.00000E+00    Multiplicity= 0.00000E+00
 deuteron= 0.00000E+00    Multiplicity= 0.00000E+00
 triton  = 0.00000E+00    Multiplicity= 0.00000E+00
 helium-3= 0.00000E+00    Multiplicity= 0.00000E+00
 alpha   = 0.00000E+00    Multiplicity= 0.00000E+00

 4. Residual production cross sections

   a. Per isotope

   Z   A  nuclide    total     level   isomeric    isomeric    lifetime
                 cross section       cross section  ratio

   14  29 ( 29Si) 3.35550E-01    0    3.35550E-01  1.00000
   14  28 ( 28Si) 4.24605E-03    0    4.24605E-03  1.00000

   b. Per mass

   A  cross section

   29 3.35550E-01
   28 4.24605E-03

 Total residual production cross section:     0.3397957
 Non-elastic cross section              :     0.5214844

 6. Exclusive cross sections

 6a. Total exclusive cross sections 

     Emitted particles     cross section reaction         level    isomeric    isomeric    lifetime relative yield
    n   p   d   t   h   a                                        cross section   ratio
    0   0   0   0   0   0    3.35550E-01  (n,g)                                                     1.00000E+00

 Absorption cross section                 :     0.33555

 Sum over exclusive channel cross sections:     0.33555
 (n,gn) + (n,gp) +...(n,ga) cross sections:     0.00425
 Total                                    :     0.33980
 Non-elastic cross section                :     0.52148

 ########## RESULTS FOR E=   2.00000 ##########

 Energy dependent input flags

 Width fluctuations (flagwidth)            : y
 Unresolved resonance parameters (flagurr) : n
 Preequilibrium (flagpreeq)                : n
 Multiple preequilibrium (flagmulpre)      : n
 Number of continuum excitation energy bins: 40

 ########### REACTION SUMMARY FOR E=   2.00000 ###########

 Center-of-mass energy:    1.930

 1. Total (binary) cross sections

 Total           = 3.49509E+03
   Shape elastic   = 2.02800E+03
   Reaction        = 1.46710E+03
     Compound elastic= 1.19347E+03
     Non-elastic     = 2.73631E+02
       Direct          = 1.07479E+01
       Pre-equilibrium = 0.00000E+00
       Compound non-el = 2.62883E+02
     Total elastic   = 3.22147E+03

 2. Binary non-elastic cross sections (non-exclusive)

 gamma   = 1.79995E-01
 neutron = 2.73407E+02
 proton  = 0.00000E+00
 deuteron= 0.00000E+00
 triton  = 0.00000E+00
 helium-3= 0.00000E+00
 alpha   = 0.00000E+00

 3. Total particle production cross sections

 gamma   = 2.16868E-01    Multiplicity= 7.92558E-04
 neutron = 2.73410E+02    Multiplicity= 9.99194E-01
 proton  = 0.00000E+00    Multiplicity= 0.00000E+00
 deuteron= 0.00000E+00    Multiplicity= 0.00000E+00
 triton  = 0.00000E+00    Multiplicity= 0.00000E+00
 helium-3= 0.00000E+00    Multiplicity= 0.00000E+00
 alpha   = 0.00000E+00    Multiplicity= 0.00000E+00

 4. Residual production cross sections

   a. Per isotope

   Z   A  nuclide    total     level   isomeric    isomeric    lifetime
                 cross section       cross section  ratio

   14  29 ( 29Si) 1.77110E-01    0    1.77110E-01  1.00000
   14  28 ( 28Si) 2.73410E+02    0    2.73410E+02  1.00000

   b. Per mass

   A  cross section

   29 1.77110E-01
   28 2.73410E+02

 Total residual production cross section:   273.5872803
 Non-elastic cross section              :   273.6306152

 6. Exclusive cross sections

 6a. Total exclusive cross sections 

     Emitted particles     cross section reaction         level    isomeric    isomeric    lifetime relative yield
    n   p   d   t   h   a                                        cross section   ratio
    0   0   0   0   0   0    1.77110E-01  (n,g)                                                     6.47368E-04
    1   0   0   0   0   0    2.73407E+02  (n,n')                                                    9.99353E-01

 Absorption cross section                 :     0.17711

 Sum over exclusive channel cross sections:   273.58441
 (n,gn) + (n,gp) +...(n,ga) cross sections:     0.00288
 Total                                    :   273.58731
 Non-elastic cross section                :   273.63062

 ########## RESULTS FOR E=   2.20000 ##########

 Energy dependent input flags

 Width fluctuations (flagwidth)            : y
 Unresolved resonance parameters (flagurr) : n
 Preequilibrium (flagpreeq)                : n
 Multiple preequilibrium (flagmulpre)      : n
 Number of continuum excitation energy bins: 40

 ########### REACTION SUMMARY FOR E=   2.20000 ###########

 Center-of-mass energy:    2.123

 1. Total (binary) cross sections

 Total           = 3.37489E+03
   Shape elastic   = 1.95933E+03
   Reaction        = 1.41556E+03
     Compound elastic= 9.89641E+02
     Non-elastic     = 4.25919E+02
       Direct          = 2.44600E+01
       Pre-equilibrium = 0.00000E+00
       Compound non-el = 4.01459E+02
     Total elastic   = 2.94897E+03

 2. Binary non-elastic cross sections (non-exclusive)

 gamma   = 1.43119E-01
 neutron = 4.25746E+02
 proton  = 0.00000E+00
 deuteron= 0.00000E+00
 triton  = 0.00000E+00
 helium-3= 0.00000E+00
 alpha   = 0.00000E+00

 3. Total particle production cross sections

 gamma   = 1.72750E-01    Multiplicity= 4.05593E-04
 neutron = 4.25749E+02    Multiplicity= 9.99601E-01
 proton  = 0.00000E+00    Multiplicity= 0.00000E+00
 deuteron= 0.00000E+00    Multiplicity= 0.00000E+00
 triton  = 0.00000E+00    Multiplicity= 0.00000E+00
 helium-3= 0.00000E+00    Multiplicity= 0.00000E+00
 alpha   = 0.00000E+00    Multiplicity= 0.00000E+00

 4. Residual production cross sections

   a. Per isotope

   Z   A  nuclide    total     level   isomeric    isomeric    lifetime
                 cross section       cross section  ratio

   14  29 ( 29Si) 1.40266E-01    0    1.40266E-01  1.00000
   14  28 ( 28Si) 4.25749E+02    0    4.25749E+02  1.00000

   b. Per mass

   A  cross section

   29 1.40266E-01
   28 4.25749E+02

 Total residual production cross section:   425.8895874
 Non-elastic cross section              :   425.9191284

 6. Exclusive cross sections

 6a. Total exclusive cross sections 

     Emitted particles     cross section reaction         level    isomeric    isomeric    lifetime relative yield
    n   p   d   t   h   a                                        cross section   ratio
    0   0   0   0   0   0    1.40266E-01  (n,g)                                                     3.29350E-04
    1   0   0   0   0   0    4.25746E+02  (n,n')                                                    9.99671E-01

 Absorption cross section                 :     0.14027

 Sum over exclusive channel cross sections:   425.88672
 (n,gn) + (n,gp) +...(n,ga) cross sections:     0.00285
 Total                                    :   425.88956
 Non-elastic cross section                :   425.91913

 ########## RESULTS FOR E=   2.40000 ##########

 Energy dependent input flags

 Width fluctuations (flagwidth)            : y
 Unresolved resonance parameters (flagurr) : n
 Preequilibrium (flagpreeq)                : n
 Multiple preequilibrium (flagmulpre)      : n
 Number of continuum excitation energy bins: 40

 ########### REACTION SUMMARY FOR E=   2.40000 ###########

 Center-of-mass energy:    2.316

 1. Total (binary) cross sections

 Total           = 3.26564E+03
   Shape elastic   = 1.88972E+03
   Reaction        = 1.37592E+03
     Compound elastic= 8.77491E+02
     Non-elastic     = 4.98429E+02
       Direct          = 3.31769E+01
       Pre-equilibrium = 0.00000E+00
       Compound non-el = 4.65252E+02
     Total elastic   = 2.76721E+03

 2. Binary non-elastic cross sections (non-exclusive)

 gamma   = 1.30637E-01
 neutron = 4.98279E+02
 proton  = 0.00000E+00
 deuteron= 0.00000E+00
 triton  = 0.00000E+00
 helium-3= 0.00000E+00
 alpha   = 0.00000E+00

 3. Total particle production cross sections

 gamma   = 1.58025E-01    Multiplicity= 3.17046E-04
 neutron = 4.98282E+02    Multiplicity= 9.99705E-01
 proton  = 0.00000E+00    Multiplicity= 0.00000E+00
 deuteron= 0.00000E+00    Multiplicity= 0.00000E+00
 triton  = 0.00000E+00    Multiplicity= 0.00000E+00
 helium-3= 0.00000E+00    Multiplicity= 0.00000E+00
 alpha   = 0.00000E+00    Multiplicity= 0.00000E+00

 4. Residual production cross sections

   a. Per isotope

   Z   A  nuclide    total     level   isomeric    isomeric    lifetime
                 cross section       cross section  ratio

   14  29 ( 29Si) 1.27288E-01    0    1.27288E-01  1.00000
   14  28 ( 28Si) 4.98282E+02    0    4.98282E+02  1.00000

   b. Per mass

   A  cross section

   29 1.27288E-01
   28 4.98282E+02

 Total residual production cross section:   498.4092102
 Non-elastic cross section              :   498.4291382

 6. Exclusive cross sections

 6a. Total exclusive cross sections 

     Emitted particles     cross section reaction         level    isomeric    isomeric    lifetime relative yield
    n   p   d   t   h   a                                        cross section   ratio
    0   0   0   0   0   0    1.27288E-01  (n,g)                                                     2.55390E-04
    1   0   0   0   0   0    4.98279E+02  (n,n')                                                    9.99745E-01

 Absorption cross section                 :     0.12729

 Sum over exclusive channel cross sections:   498.40588
 (n,gn) + (n,gp) +...(n,ga) cross sections:     0.00335
 Total                                    :   498.40924
 Non-elastic cross section                :   498.42914

 ########## RESULTS FOR E=   2.60000 ##########

 Energy dependent input flags

 Width fluctuations (flagwidth)            : y
 Unresolved resonance parameters (flagurr) : n
 Preequilibrium (flagpreeq)                : n
 Multiple preequilibrium (flagmulpre)      : n
 Number of continuum excitation energy bins: 40

 ########### REACTION SUMMARY FOR E=   2.60000 ###########

 Center-of-mass energy:    2.509

 1. Total (binary) cross sections

 Total           = 3.16592E+03
   Shape elastic   = 1.82039E+03
   Reaction        = 1.34553E+03
     Compound elastic= 8.07665E+02
     Non-elastic     = 5.37865E+02
       Direct          = 3.79692E+01
       Pre-equilibrium = 0.00000E+00
       Compound non-el = 4.99895E+02
     Total elastic   = 2.62806E+03

 2. Binary non-elastic cross sections (non-exclusive)

 gamma   = 1.27340E-01
 neutron = 5.37723E+02
 proton  = 0.00000E+00
 deuteron= 0.00000E+00
 triton  = 0.00000E+00
 helium-3= 0.00000E+00
 alpha   = 0.00000E+00

 3. Total particle production cross sections

 gamma   = 1.54617E-01    Multiplicity= 2.87464E-04
 neutron = 5.37727E+02    Multiplicity= 9.99743E-01
 proton  = 0.00000E+00    Multiplicity= 0.00000E+00
 deuteron= 0.00000E+00    Multiplicity= 0.00000E+00
 triton  = 0.00000E+00    Multiplicity= 0.00000E+00
 helium-3= 0.00000E+00    Multiplicity= 0.00000E+00
 alpha   = 0.00000E+00    Multiplicity= 0.00000E+00

 4. Residual production cross sections

   a. Per isotope

   Z   A  nuclide    total     level   isomeric    isomeric    lifetime
                 cross section       cross section  ratio

   14  29 ( 29Si) 1.23245E-01    0    1.23245E-01  1.00000
   14  28 ( 28Si) 5.37727E+02    0    5.37727E+02  1.00000

   b. Per mass

   A  cross section

   29 1.23245E-01
   28 5.37727E+02

 Total residual production cross section:   537.8499146
 Non-elastic cross section              :   537.8646240

 6. Exclusive cross sections

 6a. Total exclusive cross sections 

     Emitted particles     cross section reaction         level    isomeric    isomeric    lifetime relative yield
    n   p   d   t   h   a                                        cross section   ratio
    0   0   0   0   0   0    1.23245E-01  (n,g)                                                     2.29146E-04
    1   0   0   0   0   0    5.37723E+02  (n,n')                                                    9.99771E-01

 Absorption cross section                 :     0.12325

 Sum over exclusive channel cross sections:   537.84583
 (n,gn) + (n,gp) +...(n,ga) cross sections:     0.00409
 Total                                    :   537.84991
 Non-elastic cross section                :   537.86462

 ########## RESULTS FOR E=   2.80000 ##########

 Energy dependent input flags

 Width fluctuations (flagwidth)            : y
 Unresolved resonance parameters (flagurr) : n
 Preequilibrium (flagpreeq)                : n
 Multiple preequilibrium (flagmulpre)      : n
 Number of continuum excitation energy bins: 40

 ########### REACTION SUMMARY FOR E=   2.80000 ###########

 Center-of-mass energy:    2.702

 1. Total (binary) cross sections

 Total           = 3.07450E+03
   Shape elastic   = 1.75220E+03
   Reaction        = 1.32230E+03
     Compound elastic= 7.59763E+02
     Non-elastic     = 5.62537E+02
       Direct          = 4.04279E+01
       Pre-equilibrium = 0.00000E+00
       Compound non-el = 5.22109E+02
     Total elastic   = 2.51196E+03

 2. Binary non-elastic cross sections (non-exclusive)

 gamma   = 1.28498E-01
 neutron = 5.62397E+02
 proton  = 0.00000E+00
 deuteron= 0.00000E+00
 triton  = 0.00000E+00
 helium-3= 0.00000E+00
 alpha   = 0.00000E+00

 3. Total particle production cross sections

 gamma   = 1.56719E-01    Multiplicity= 2.78592E-04
 neutron = 5.62402E+02    Multiplicity= 9.99760E-01
 proton  = 0.00000E+00    Multiplicity= 0.00000E+00
 deuteron= 0.00000E+00    Multiplicity= 0.00000E+00
 triton  = 0.00000E+00    Multiplicity= 0.00000E+00
 helium-3= 0.00000E+00    Multiplicity= 0.00000E+00
 alpha   = 0.00000E+00    Multiplicity= 0.00000E+00

 4. Residual production cross sections

   a. Per isotope

   Z   A  nuclide    total     level   isomeric    isomeric    lifetime
                 cross section       cross section  ratio

   14  29 ( 29Si) 1.23436E-01    0    1.23436E-01  1.00000
   14  28 ( 28Si) 5.62402E+02    0    5.62402E+02  1.00000

   b. Per mass

   A  cross section

   29 1.23436E-01
   28 5.62402E+02

 Total residual production cross section:   562.5256348
 Non-elastic cross section              :   562.5373535

 6. Exclusive cross sections

 6a. Total exclusive cross sections 

     Emitted particles     cross section reaction         level    isomeric    isomeric    lifetime relative yield
    n   p   d   t   h   a                                        cross section   ratio
    0   0   0   0   0   0    1.23436E-01  (n,g)                                                     2.19433E-04
    1   0   0   0   0   0    5.62397E+02  (n,n')                                                    9.99781E-01

 Absorption cross section                 :     0.12344

 Sum over exclusive channel cross sections:   562.52057
 (n,gn) + (n,gp) +...(n,ga) cross sections:     0.00506
 Total                                    :   562.52563
 Non-elastic cross section                :   562.53735

 ########## RESULTS FOR E=   3.00000 ##########

 Energy dependent input flags

 Width fluctuations (flagwidth)            : y
 Unresolved resonance parameters (flagurr) : n
 Preequilibrium (flagpreeq)                : n
 Multiple preequilibrium (flagmulpre)      : n
 Number of continuum excitation energy bins: 40

 ########### REACTION SUMMARY FOR E=   3.00000 ###########

 Center-of-mass energy:    2.895

 1. Total (binary) cross sections

 Total           = 2.99035E+03
   Shape elastic   = 1.68577E+03
   Reaction        = 1.30458E+03
     Compound elastic= 7.24448E+02
     Non-elastic     = 5.80132E+02
       Direct          = 4.16291E+01
       Pre-equilibrium = 0.00000E+00
       Compound non-el = 5.38502E+02
     Total elastic   = 2.41022E+03

 2. Binary non-elastic cross sections (non-exclusive)

 gamma   = 1.32430E-01
 neutron = 5.79989E+02
 proton  = 0.00000E+00
 deuteron= 0.00000E+00
 triton  = 0.00000E+00
 helium-3= 0.00000E+00
 alpha   = 0.00000E+00

 3. Total particle production cross sections

 gamma   = 1.62471E-01    Multiplicity= 2.80058E-04
 neutron = 5.79995E+02    Multiplicity= 9.99764E-01
 proton  = 0.00000E+00    Multiplicity= 0.00000E+00
 deuteron= 0.00000E+00    Multiplicity= 0.00000E+00
 triton  = 0.00000E+00    Multiplicity= 0.00000E+00
 helium-3= 0.00000E+00    Multiplicity= 0.00000E+00
 alpha   = 0.00000E+00    Multiplicity= 0.00000E+00

 4. Residual production cross sections

   a. Per isotope

   Z   A  nuclide    total     level   isomeric    isomeric    lifetime
                 cross section       cross section  ratio

   14  29 ( 29Si) 1.26312E-01    0    1.26312E-01  1.00000
   14  28 ( 28Si) 5.79995E+02    0    5.79995E+02  1.00000

   b. Per mass

   A  cross section

   29 1.26312E-01
   28 5.79995E+02

 Total residual production cross section:   580.1211548
 Non-elastic cross section              :   580.1315918

 6. Exclusive cross sections

 6a. Total exclusive cross sections 

     Emitted particles     cross section reaction         level    isomeric    isomeric    lifetime relative yield
    n   p   d   t   h   a                                        cross section   ratio
    0   0   0   0   0   0    1.26312E-01  (n,g)                                                     2.17736E-04
    1   0   0   0   0   0    5.79989E+02  (n,n')                                                    9.99782E-01

 Absorption cross section                 :     0.12631

 Sum over exclusive channel cross sections:   580.11499
 (n,gn) + (n,gp) +...(n,ga) cross sections:     0.00612
 Total                                    :   580.12109
 Non-elastic cross section                :   580.13159

 ########## RESULTS FOR E=   3.20000 ##########

 Energy dependent input flags

 Width fluctuations (flagwidth)            : y
 Unresolved resonance parameters (flagurr) : n
 Preequilibrium (flagpreeq)                : n
 Multiple preequilibrium (flagmulpre)      : n
 Number of continuum excitation energy bins: 40

 ########### REACTION SUMMARY FOR E=   3.20000 ###########

 Center-of-mass energy:    3.088

 1. Total (binary) cross sections

 Total           = 2.91259E+03
   Shape elastic   = 1.62153E+03
   Reaction        = 1.29106E+03
     Compound elastic= 6.96989E+02
     Non-elastic     = 5.94071E+02
       Direct          = 4.21970E+01
       Pre-equilibrium = 0.00000E+00
       Compound non-el = 5.51874E+02
     Total elastic   = 2.31852E+03

 2. Binary non-elastic cross sections (non-exclusive)

 gamma   = 1.38543E-01
 neutron = 5.93923E+02
 proton  = 0.00000E+00
 deuteron= 0.00000E+00
 triton  = 0.00000E+00
 helium-3= 0.00000E+00
 alpha   = 0.00000E+00

 3. Total particle production cross sections

 gamma   = 1.70546E-01    Multiplicity= 2.87080E-04
 neutron = 5.93931E+02    Multiplicity= 9.99764E-01
 proton  = 0.00000E+00    Multiplicity= 0.00000E+00
 deuteron= 0.00000E+00    Multiplicity= 0.00000E+00
 triton  = 0.00000E+00    Multiplicity= 0.00000E+00
 helium-3= 0.00000E+00    Multiplicity= 0.00000E+00
 alpha   = 0.00000E+00    Multiplicity= 0.00000E+00

 4. Residual production cross sections

   a. Per isotope

   Z   A  nuclide    total     level   isomeric    isomeric    lifetime
                 cross section       cross section  ratio

   14  29 ( 29Si) 1.30696E-01    0    1.30696E-01  1.00000
   14  28 ( 28Si) 5.93931E+02    0    5.93931E+02  1.00000

   b. Per mass

   A  cross section

   29 1.30696E-01
   28 5.93931E+02

 Total residual production cross section:   594.0616455
 Non-elastic cross section              :   594.0714111

 6. Exclusive cross sections

 6a. Total exclusive cross sections 

     Emitted particles     cross section reaction         level    isomeric    isomeric    lifetime relative yield
    n   p   d   t   h   a                                        cross section   ratio
    0   0   0   0   0   0    1.30696E-01  (n,g)                                                     2.20006E-04
    1   0   0   0   0   0    5.93923E+02  (n,n')                                                    9.99780E-01

 Absorption cross section                 :     0.13070

 Sum over exclusive channel cross sections:   594.05377
 (n,gn) + (n,gp) +...(n,ga) cross sections:     0.00785
 Total                                    :   594.06165
 Non-elastic cross section                :   594.07141

 ########## RESULTS FOR E=   3.40000 ##########

 Energy dependent input flags

 Width fluctuations (flagwidth)            : y
 Unresolved resonance parameters (flagurr) : n
 Preequilibrium (flagpreeq)                : n
 Multiple preequilibrium (flagmulpre)      : n
 Number of continuum excitation energy bins: 40

 ########### REACTION SUMMARY FOR E=   3.40000 ###########

 Center-of-mass energy:    3.281

 1. Total (binary) cross sections

 Total           = 2.84047E+03
   Shape elastic   = 1.55978E+03
   Reaction        = 1.28069E+03
     Compound elastic= 6.74729E+02
     Non-elastic     = 6.05961E+02
       Direct          = 4.24751E+01
       Pre-equilibrium = 0.00000E+00
       Compound non-el = 5.63485E+02
     Total elastic   = 2.23451E+03

 2. Binary non-elastic cross sections (non-exclusive)

 gamma   = 1.46400E-01
 neutron = 6.05804E+02
 proton  = 0.00000E+00
 deuteron= 0.00000E+00
 triton  = 0.00000E+00
 helium-3= 0.00000E+00
 alpha   = 0.00000E+00

 3. Total particle production cross sections

 gamma   = 1.81073E-01    Multiplicity= 2.98820E-04
 neutron = 6.05814E+02    Multiplicity= 9.99758E-01
 proton  = 0.00000E+00    Multiplicity= 0.00000E+00
 deuteron= 0.00000E+00    Multiplicity= 0.00000E+00
 triton  = 0.00000E+00    Multiplicity= 0.00000E+00
 helium-3= 0.00000E+00    Multiplicity= 0.00000E+00
 alpha   = 0.00000E+00    Multiplicity= 0.00000E+00

 4. Residual production cross sections

   a. Per isotope

   Z   A  nuclide    total     level   isomeric    isomeric    lifetime
                 cross section       cross section  ratio

   14  29 ( 29Si) 1.36480E-01    0    1.36480E-01  1.00000
   14  28 ( 28Si) 6.05814E+02    0    6.05814E+02  1.00000

   b. Per mass

   A  cross section

   29 1.36480E-01
   28 6.05814E+02

 Total residual production cross section:   605.9506226
 Non-elastic cross section              :   605.9605103

 6. Exclusive cross sections

 6a. Total exclusive cross sections 

     Emitted particles     cross section reaction         level    isomeric    isomeric    lifetime relative yield
    n   p   d   t   h   a                                        cross section   ratio
    0   0   0   0   0   0    1.36480E-01  (n,g)                                                     2.25237E-04
    1   0   0   0   0   0    6.05804E+02  (n,n')                                                    9.99775E-01

 Absorption cross section                 :     0.13648

 Sum over exclusive channel cross sections:   605.94067
 (n,gn) + (n,gp) +...(n,ga) cross sections:     0.00992
 Total                                    :   605.95062
 Non-elastic cross section                :   605.96051

 ########## RESULTS FOR E=   3.60000 ##########

 Energy dependent input flags

 Width fluctuations (flagwidth)            : y
 Unresolved resonance parameters (flagurr) : n
 Preequilibrium (flagpreeq)                : n
 Multiple preequilibrium (flagmulpre)      : n
 Number of continuum excitation energy bins: 40

 ########### REACTION SUMMARY FOR E=   3.60000 ###########

 Center-of-mass energy:    3.475

 1. Total (binary) cross sections

 Total           = 2.77335E+03
   Shape elastic   = 1.50070E+03
   Reaction        = 1.27265E+03
     Compound elastic= 6.56075E+02
     Non-elastic     = 6.16575E+02
       Direct          = 4.26442E+01
       Pre-equilibrium = 0.00000E+00
       Compound non-el = 5.73931E+02
     Total elastic   = 2.15677E+03

 2. Binary non-elastic cross sections (non-exclusive)

 gamma   = 1.55572E-01
 neutron = 6.16409E+02
 proton  = 0.00000E+00
 deuteron= 0.00000E+00
 triton  = 0.00000E+00
 helium-3= 0.00000E+00
 alpha   = 0.00000E+00

 3. Total particle production cross sections

 gamma   = 1.93277E-01    Multiplicity= 3.13468E-04
 neutron = 6.16422E+02    Multiplicity= 9.99751E-01
 proton  = 0.00000E+00    Multiplicity= 0.00000E+00
 deuteron= 0.00000E+00    Multiplicity= 0.00000E+00
 triton  = 0.00000E+00    Multiplicity= 0.00000E+00
 helium-3= 0.00000E+00    Multiplicity= 0.00000E+00
 alpha   = 0.00000E+00    Multiplicity= 0.00000E+00

 4. Residual production cross sections

   a. Per isotope

   Z   A  nuclide    total     level   isomeric    isomeric    lifetime
                 cross section       cross section  ratio

   14  29 ( 29Si) 1.43312E-01    0    1.43312E-01  1.00000
   14  28 ( 28Si) 6.16422E+02    0    6.16422E+02  1.00000

   b. Per mass

   A  cross section

   29 1.43312E-01
   28 6.16422E+02

 Total residual production cross section:   616.5648804
 Non-elastic cross section              :   616.5750732

 6. Exclusive cross sections

 6a. Total exclusive cross sections 

     Emitted particles     cross section reaction         level    isomeric    isomeric    lifetime relative yield
    n   p   d   t   h   a                                        cross section   ratio
    0   0   0   0   0   0    1.43312E-01  (n,g)                                                     2.32441E-04
    1   0   0   0   0   0    6.16409E+02  (n,n')                                                    9.99768E-01

 Absorption cross section                 :     0.14331

 Sum over exclusive channel cross sections:   616.55261
 (n,gn) + (n,gp) +...(n,ga) cross sections:     0.01226
 Total                                    :   616.56488
 Non-elastic cross section                :   616.57507

 ########## RESULTS FOR E=   3.80000 ##########

 Energy dependent input flags

 Width fluctuations (flagwidth)            : y
 Unresolved resonance parameters (flagurr) : n
 Preequilibrium (flagpreeq)                : n
 Multiple preequilibrium (flagmulpre)      : n
 Number of continuum excitation energy bins: 40

 ########### REACTION SUMMARY FOR E=   3.80000 ###########

 Center-of-mass energy:    3.668

 1. Total (binary) cross sections

 Total           = 2.71067E+03
   Shape elastic   = 1.44442E+03
   Reaction        = 1.26625E+03
     Compound elastic= 6.39963E+02
     Non-elastic     = 6.26287E+02
       Direct          = 4.27952E+01
       Pre-equilibrium = 0.00000E+00
       Compound non-el = 5.83492E+02
     Total elastic   = 2.08438E+03

 2. Binary non-elastic cross sections (non-exclusive)

 gamma   = 1.66402E-01
 neutron = 6.26110E+02
 proton  = 0.00000E+00
 deuteron= 0.00000E+00
 triton  = 0.00000E+00
 helium-3= 0.00000E+00
 alpha   = 0.00000E+00

 3. Total particle production cross sections

 gamma   = 2.07184E-01    Multiplicity= 3.30813E-04
 neutron = 6.26125E+02    Multiplicity= 9.99742E-01
 proton  = 0.00000E+00    Multiplicity= 0.00000E+00
 deuteron= 0.00000E+00    Multiplicity= 0.00000E+00
 triton  = 0.00000E+00    Multiplicity= 0.00000E+00
 helium-3= 0.00000E+00    Multiplicity= 0.00000E+00
 alpha   = 0.00000E+00    Multiplicity= 0.00000E+00

 4. Residual production cross sections

   a. Per isotope

   Z   A  nuclide    total     level   isomeric    isomeric    lifetime
                 cross section       cross section  ratio

   14  29 ( 29Si) 1.50940E-01    0    1.50940E-01  1.00000
   14  28 ( 28Si) 6.26125E+02    0    6.26125E+02  1.00000

   b. Per mass

   A  cross section

   29 1.50940E-01
   28 6.26125E+02

 Total residual production cross section:   626.2761841
 Non-elastic cross section              :   626.2869263

 6. Exclusive cross sections

 6a. Total exclusive cross sections 

     Emitted particles     cross section reaction         level    isomeric    isomeric    lifetime relative yield
    n   p   d   t   h   a                                        cross section   ratio
    0   0   0   0   0   0    1.50940E-01  (n,g)                                                     2.41018E-04
    1   0   0   0   0   0    6.26110E+02  (n,n')                                                    9.99759E-01

 Absorption cross section                 :     0.15094

 Sum over exclusive channel cross sections:   626.26074
 (n,gn) + (n,gp) +...(n,ga) cross sections:     0.01546
 Total                                    :   626.27618
 Non-elastic cross section                :   626.28693

 ########## RESULTS FOR E=   4.00000 ##########

 Energy dependent input flags

 Width fluctuations (flagwidth)            : y
 Unresolved resonance parameters (flagurr) : n
 Preequilibrium (flagpreeq)                : n
 Multiple preequilibrium (flagmulpre)      : n
 Number of continuum excitation energy bins: 40

 ########### REACTION SUMMARY FOR E=   4.00000 ###########

 Center-of-mass energy:    3.861

 1. Total (binary) cross sections

 Total           = 2.65197E+03
   Shape elastic   = 1.39102E+03
   Reaction        = 1.26095E+03
     Compound elastic= 6.25682E+02
     Non-elastic     = 6.35268E+02
       Direct          = 4.29665E+01
       Pre-equilibrium = 0.00000E+00
       Compound non-el = 5.92301E+02
     Total elastic   = 2.01670E+03

 2. Binary non-elastic cross sections (non-exclusive)

 gamma   = 1.78499E-01
 neutron = 6.35078E+02
 proton  = 0.00000E+00
 deuteron= 0.00000E+00
 triton  = 0.00000E+00
 helium-3= 0.00000E+00
 alpha   = 1.13181E-05

 3. Total particle production cross sections

 gamma   = 2.23232E-01    Multiplicity= 3.51399E-04
 neutron = 6.35097E+02    Multiplicity= 9.99731E-01
 proton  = 0.00000E+00    Multiplicity= 0.00000E+00
 deuteron= 0.00000E+00    Multiplicity= 0.00000E+00
 triton  = 0.00000E+00    Multiplicity= 0.00000E+00
 helium-3= 0.00000E+00    Multiplicity= 0.00000E+00
 alpha   = 1.13181E-05    Multiplicity= 1.78162E-08

 4. Residual production cross sections

   a. Per isotope

   Z   A  nuclide    total     level   isomeric    isomeric    lifetime
                 cross section       cross section  ratio

   14  29 ( 29Si) 1.59728E-01    0    1.59728E-01  1.00000
   14  28 ( 28Si) 6.35097E+02    0    6.35097E+02  1.00000

   b. Per mass

   A  cross section

   29 1.59728E-01
   28 6.35097E+02

 Total residual production cross section:   635.2564087
 Non-elastic cross section              :   635.2677612

 6. Exclusive cross sections

 6a. Total exclusive cross sections 

     Emitted particles     cross section reaction         level    isomeric    isomeric    lifetime relative yield
    n   p   d   t   h   a                                        cross section   ratio
    0   0   0   0   0   0    1.59728E-01  (n,g)                                                     2.51447E-04
    1   0   0   0   0   0    6.35078E+02  (n,n')                                                    9.99749E-01
    0   0   0   0   0   1    1.13181E-05  (n,a)                                                     1.78170E-08

 Absorption cross section                 :     0.15974

 Sum over exclusive channel cross sections:   635.23767
 (n,gn) + (n,gp) +...(n,ga) cross sections:     0.01877
 Total                                    :   635.25647
 Non-elastic cross section                :   635.26776

 ########## RESULTS FOR E=   4.20000 ##########

 Energy dependent input flags

 Width fluctuations (flagwidth)            : y
 Unresolved resonance parameters (flagurr) : n
 Preequilibrium (flagpreeq)                : n
 Multiple preequilibrium (flagmulpre)      : n
 Number of continuum excitation energy bins: 40

 ########### REACTION SUMMARY FOR E=   4.20000 ###########

 Center-of-mass energy:    4.054

 1. Total (binary) cross sections

 Total           = 2.59676E+03
   Shape elastic   = 1.34041E+03
   Reaction        = 1.25635E+03
     Compound elastic= 6.12755E+02
     Non-elastic     = 6.43595E+02
       Direct          = 4.31747E+01
       Pre-equilibrium = 0.00000E+00
       Compound non-el = 6.00421E+02
     Total elastic   = 1.95316E+03

 2. Binary non-elastic cross sections (non-exclusive)

 gamma   = 1.92125E-01
 neutron = 6.43391E+02
 proton  = 0.00000E+00
 deuteron= 0.00000E+00
 triton  = 0.00000E+00
 helium-3= 0.00000E+00
 alpha   = 2.45611E-04

 3. Total particle production cross sections

 gamma   = 2.40800E-01    Multiplicity= 3.74149E-04
 neutron = 6.43415E+02    Multiplicity= 9.99719E-01
 proton  = 0.00000E+00    Multiplicity= 0.00000E+00
 deuteron= 0.00000E+00    Multiplicity= 0.00000E+00
 triton  = 0.00000E+00    Multiplicity= 0.00000E+00
 helium-3= 0.00000E+00    Multiplicity= 0.00000E+00
 alpha   = 2.45611E-04    Multiplicity= 3.81623E-07

 4. Residual production cross sections

   a. Per isotope

   Z   A  nuclide    total     level   isomeric    isomeric    lifetime
                 cross section       cross section  ratio

   14  29 ( 29Si) 1.68924E-01    0    1.68924E-01  1.00000
   14  28 ( 28Si) 6.43415E+02    0    6.43415E+02  1.00000

   b. Per mass

   A  cross section

   29 1.68924E-01
   28 6.43415E+02

 Total residual production cross section:   643.5834961
 Non-elastic cross section              :   643.5953369

 6. Exclusive cross sections

 6a. Total exclusive cross sections 

     Emitted particles     cross section reaction         level    isomeric    isomeric    lifetime relative yield
    n   p   d   t   h   a                                        cross section   ratio
    0   0   0   0   0   0    1.68924E-01  (n,g)                                                     2.62484E-04
    1   0   0   0   0   0    6.43391E+02  (n,n')                                                    9.99737E-01
    0   0   0   0   0   1    2.45611E-04  (n,a)                                                     3.81643E-07

 Absorption cross section                 :     0.16917

 Sum over exclusive channel cross sections:   643.56055
 (n,gn) + (n,gp) +...(n,ga) cross sections:     0.02320
 Total                                    :   643.58374
 Non-elastic cross section                :   643.59534

 ########## RESULTS FOR E=   4.40000 ##########

 Energy dependent input flags

 Width fluctuations (flagwidth)            : y
 Unresolved resonance parameters (flagurr) : n
 Preequilibrium (flagpreeq)                : n
 Multiple preequilibrium (flagmulpre)      : n
 Number of continuum excitation energy bins: 40

 ########### REACTION SUMMARY FOR E=   4.40000 ###########

 Center-of-mass energy:    4.247

 1. Total (binary) cross sections

 Total           = 2.54468E+03
   Shape elastic   = 1.29260E+03
   Reaction        = 1.25208E+03
     Compound elastic= 6.00797E+02
     Non-elastic     = 6.51283E+02
       Direct          = 4.34167E+01
       Pre-equilibrium = 0.00000E+00
       Compound non-el = 6.07866E+02
     Total elastic   = 1.89340E+03

 2. Binary non-elastic cross sections (non-exclusive)

 gamma   = 2.07485E-01
 neutron = 6.51058E+02
 proton  = 2.20823E-03
 deuteron= 0.00000E+00
 triton  = 0.00000E+00
 helium-3= 0.00000E+00
 alpha   = 2.62312E-03

 3. Total particle production cross sections

 gamma   = 2.61207E-01    Multiplicity= 4.01066E-04
 neutron = 6.51086E+02    Multiplicity= 9.99698E-01
 proton  = 2.20823E-03    Multiplicity= 3.39059E-06
 deuteron= 0.00000E+00    Multiplicity= 0.00000E+00
 triton  = 0.00000E+00    Multiplicity= 0.00000E+00
 helium-3= 0.00000E+00    Multiplicity= 0.00000E+00
 alpha   = 2.62312E-03    Multiplicity= 4.02763E-06

 4. Residual production cross sections

   a. Per isotope

   Z   A  nuclide    total     level   isomeric    isomeric    lifetime
                 cross section       cross section  ratio

   14  29 ( 29Si) 1.79704E-01    0    1.79704E-01  1.00000
   14  28 ( 28Si) 6.51086E+02    0    6.51086E+02  1.00000
   13  28 ( 28Al) 2.20823E-03    0    2.20823E-03  1.00000
   12  25 ( 25Mg) 2.62312E-03    0    2.62312E-03  1.00000

   b. Per mass

   A  cross section

   29 1.79704E-01
   28 6.51088E+02
   25 2.62312E-03

 Total residual production cross section:   651.2705688
 Non-elastic cross section              :   651.2827148

 6. Exclusive cross sections

 6a. Total exclusive cross sections 

     Emitted particles     cross section reaction         level    isomeric    isomeric    lifetime relative yield
    n   p   d   t   h   a                                        cross section   ratio
    0   0   0   0   0   0    1.79704E-01  (n,g)                                                     2.75940E-04
    1   0   0   0   0   0    6.51058E+02  (n,n')                                                    9.99717E-01
    0   1   0   0   0   0    2.20823E-03  (n,p)                                                     3.39079E-06
    0   0   0   0   0   1    2.62312E-03  (n,a)                                                     4.02787E-06

 Absorption cross section                 :     0.18454

 Sum over exclusive channel cross sections:   651.24280
 (n,gn) + (n,gp) +...(n,ga) cross sections:     0.02778
 Total                                    :   651.27057
 Non-elastic cross section                :   651.28271

 ########## RESULTS FOR E=   4.60000 ##########

 Energy dependent input flags

 Width fluctuations (flagwidth)            : y
 Unresolved resonance parameters (flagurr) : n
 Preequilibrium (flagpreeq)                : n
 Multiple preequilibrium (flagmulpre)      : n
 Number of continuum excitation energy bins: 40

 ########### REACTION SUMMARY FOR E=   4.60000 ###########

 Center-of-mass energy:    4.440

 1. Total (binary) cross sections

 Total           = 2.49541E+03
   Shape elastic   = 1.24753E+03
   Reaction        = 1.24788E+03
     Compound elastic= 5.89506E+02
     Non-elastic     = 6.58374E+02
       Direct          = 4.36848E+01
       Pre-equilibrium = 0.00000E+00
       Compound non-el = 6.14689E+02
     Total elastic   = 1.83704E+03

 2. Binary non-elastic cross sections (non-exclusive)

 gamma   = 2.24704E-01
 neutron = 6.58032E+02
 proton  = 8.77938E-02
 deuteron= 0.00000E+00
 triton  = 0.00000E+00
 helium-3= 0.00000E+00
 alpha   = 1.72923E-02

 3. Total particle production cross sections

 gamma   = 2.83677E-01    Multiplicity= 4.30875E-04
 neutron = 6.58066E+02    Multiplicity= 9.99532E-01
 proton  = 8.77938E-02    Multiplicity= 1.33349E-04
 deuteron= 0.00000E+00    Multiplicity= 0.00000E+00
 triton  = 0.00000E+00    Multiplicity= 0.00000E+00
 helium-3= 0.00000E+00    Multiplicity= 0.00000E+00
 alpha   = 1.72923E-02    Multiplicity= 2.62652E-05

 4. Residual production cross sections

   a. Per isotope

   Z   A  nuclide    total     level   isomeric    isomeric    lifetime
                 cross section       cross section  ratio

   14  29 ( 29Si) 1.91120E-01    0    1.91120E-01  1.00000
   14  28 ( 28Si) 6.58066E+02    0    6.58066E+02  1.00000
   13  28 ( 28Al) 8.77938E-02    0    8.77938E-02  1.00000
   12  25 ( 25Mg) 1.72923E-02    0    1.72923E-02  1.00000

   b. Per mass

   A  cross section

   29 1.91120E-01
   28 6.58153E+02
   25 1.72923E-02

 Total residual production cross section:   658.3618774
 Non-elastic cross section              :   658.3740234

 6. Exclusive cross sections

 6a. Total exclusive cross sections 

     Emitted particles     cross section reaction         level    isomeric    isomeric    lifetime relative yield
    n   p   d   t   h   a                                        cross section   ratio
    0   0   0   0   0   0    1.91120E-01  (n,g)                                                     2.90311E-04
    1   0   0   0   0   0    6.58032E+02  (n,n')                                                    9.99550E-01
    0   1   0   0   0   0    8.77938E-02  (n,p)                                                     1.33359E-04
    0   0   0   0   0   1    1.72923E-02  (n,a)                                                     2.62670E-05

 Absorption cross section                 :     0.29621

 Sum over exclusive channel cross sections:   658.32825
 (n,gn) + (n,gp) +...(n,ga) cross sections:     0.03358
 Total                                    :   658.36182
 Non-elastic cross section                :   658.37402

 ########## RESULTS FOR E=   4.80000 ##########

 Energy dependent input flags

 Width fluctuations (flagwidth)            : y
 Unresolved resonance parameters (flagurr) : n
 Preequilibrium (flagpreeq)                : n
 Multiple preequilibrium (flagmulpre)      : n
 Number of continuum excitation energy bins: 40

 ########### REACTION SUMMARY FOR E=   4.80000 ###########

 Center-of-mass energy:    4.633

 1. Total (binary) cross sections

 Total           = 2.44866E+03
   Shape elastic   = 1.20512E+03
   Reaction        = 1.24355E+03
     Compound elastic= 5.75897E+02
     Non-elastic     = 6.67653E+02
       Direct          = 4.39681E+01
       Pre-equilibrium = 0.00000E+00
       Compound non-el = 6.23685E+02
     Total elastic   = 1.78102E+03

 2. Binary non-elastic cross sections (non-exclusive)

 gamma   = 2.36661E-01
 neutron = 6.66542E+02
 proton  = 7.91215E-01
 deuteron= 0.00000E+00
 triton  = 0.00000E+00
 helium-3= 0.00000E+00
 alpha   = 7.89733E-02

 3. Total particle production cross sections

 gamma   = 2.98625E-01    Multiplicity= 4.47276E-04
 neutron = 6.66581E+02    Multiplicity= 9.98394E-01
 proton  = 7.91215E-01    Multiplicity= 1.18507E-03
 deuteron= 0.00000E+00    Multiplicity= 0.00000E+00
 triton  = 0.00000E+00    Multiplicity= 0.00000E+00
 helium-3= 0.00000E+00    Multiplicity= 0.00000E+00
 alpha   = 7.89733E-02    Multiplicity= 1.18285E-04

 4. Residual production cross sections

   a. Per isotope

   Z   A  nuclide    total     level   isomeric    isomeric    lifetime
                 cross section       cross section  ratio

   14  29 ( 29Si) 1.97986E-01    0    1.97986E-01  1.00000
   14  28 ( 28Si) 6.66581E+02    0    6.66581E+02  1.00000
   13  28 ( 28Al) 7.91215E-01    0    7.91215E-01  1.00000
   12  25 ( 25Mg) 7.89733E-02    0    7.89733E-02  1.00000

   b. Per mass

   A  cross section

   29 1.97986E-01
   28 6.67372E+02
   25 7.89733E-02

 Total residual production cross section:   667.6488647
 Non-elastic cross section              :   667.6526489

 6. Exclusive cross sections

 6a. Total exclusive cross sections 

     Emitted particles     cross section reaction         level    isomeric    isomeric    lifetime relative yield
    n   p   d   t   h   a                                        cross section   ratio
    0   0   0   0   0   0    1.97986E-01  (n,g)                                                     2.96559E-04
    1   0   0   0   0   0    6.66542E+02  (n,n')                                                    9.98400E-01
    0   1   0   0   0   0    7.91215E-01  (n,p)                                                     1.18515E-03
    0   0   0   0   0   1    7.89733E-02  (n,a)                                                     1.18293E-04

 Absorption cross section                 :     1.06817

 Sum over exclusive channel cross sections:   667.61017
 (n,gn) + (n,gp) +...(n,ga) cross sections:     0.03867
 Total                                    :   667.64886
 Non-elastic cross section                :   667.65265

 ########## RESULTS FOR E=   5.00000 ##########

 Energy dependent input flags

 Width fluctuations (flagwidth)            : y
 Unresolved resonance parameters (flagurr) : n
 Preequilibrium (flagpreeq)                : n
 Multiple preequilibrium (flagmulpre)      : n
 Number of continuum excitation energy bins: 40

 ########### REACTION SUMMARY FOR E=   5.00000 ###########

 Center-of-mass energy:    4.826

 1. Total (binary) cross sections

 Total           = 2.40418E+03
   Shape elastic   = 1.16525E+03
   Reaction        = 1.23893E+03
     Compound elastic= 5.41535E+02
     Non-elastic     = 6.97395E+02
       Direct          = 4.43519E+01
       Pre-equilibrium = 0.00000E+00
       Compound non-el = 6.53043E+02
     Total elastic   = 1.70678E+03

 2. Binary non-elastic cross sections (non-exclusive)

 gamma   = 2.36349E-01
 neutron = 6.93662E+02
 proton  = 3.22120E+00
 deuteron= 0.00000E+00
 triton  = 0.00000E+00
 helium-3= 0.00000E+00
 alpha   = 2.72825E-01

 3. Total particle production cross sections

 gamma   = 2.97132E-01    Multiplicity= 4.26060E-04
 neutron = 6.93705E+02    Multiplicity= 9.94708E-01
 proton  = 3.22120E+00    Multiplicity= 4.61891E-03
 deuteron= 0.00000E+00    Multiplicity= 0.00000E+00
 triton  = 0.00000E+00    Multiplicity= 0.00000E+00
 helium-3= 0.00000E+00    Multiplicity= 0.00000E+00
 alpha   = 2.72825E-01    Multiplicity= 3.91206E-04

 4. Residual production cross sections

   a. Per isotope

   Z   A  nuclide    total     level   isomeric    isomeric    lifetime
                 cross section       cross section  ratio

   14  29 ( 29Si) 1.93909E-01    0    1.93909E-01  1.00000
   14  28 ( 28Si) 6.93705E+02    0    6.93705E+02  1.00000
   13  28 ( 28Al) 3.22120E+00    0    3.22120E+00  1.00000
   12  25 ( 25Mg) 2.72825E-01    0    2.72825E-01  1.00000

   b. Per mass

   A  cross section

   29 1.93909E-01
   28 6.96926E+02
   25 2.72825E-01

 Total residual production cross section:   697.3928833
 Non-elastic cross section              :   697.3953857

 6. Exclusive cross sections

 6a. Total exclusive cross sections 

     Emitted particles     cross section reaction         level    isomeric    isomeric    lifetime relative yield
    n   p   d   t   h   a                                        cross section   ratio
    0   0   0   0   0   0    1.93909E-01  (n,g)                                                     2.78065E-04
    1   0   0   0   0   0    6.93663E+02  (n,n')                                                    9.94712E-01
    0   1   0   0   0   0    3.22120E+00  (n,p)                                                     4.61920E-03
    0   0   0   0   0   1    2.72825E-01  (n,a)                                                     3.91231E-04

 Absorption cross section                 :     3.68794

 Sum over exclusive channel cross sections:   697.35046
 (n,gn) + (n,gp) +...(n,ga) cross sections:     0.04244
 Total                                    :   697.39288
 Non-elastic cross section                :   697.39539

 ########## RESULTS FOR E=   5.20000 ##########

 Energy dependent input flags

 Width fluctuations (flagwidth)            : y
 Unresolved resonance parameters (flagurr) : n
 Preequilibrium (flagpreeq)                : n
 Multiple preequilibrium (flagmulpre)      : n
 Number of continuum excitation energy bins: 40

 ########### REACTION SUMMARY FOR E=   5.20000 ###########

 Center-of-mass energy:    5.019

 1. Total (binary) cross sections

 Total           = 2.36175E+03
   Shape elastic   = 1.12781E+03
   Reaction        = 1.23394E+03
     Compound elastic= 5.10583E+02
     Non-elastic     = 7.23357E+02
       Direct          = 4.47429E+01
       Pre-equilibrium = 0.00000E+00
       Compound non-el = 6.78614E+02
     Total elastic   = 1.63839E+03

 2. Binary non-elastic cross sections (non-exclusive)

 gamma   = 2.43271E-01
 neutron = 7.13256E+02
 proton  = 9.07038E+00
 deuteron= 0.00000E+00
 triton  = 0.00000E+00
 helium-3= 0.00000E+00
 alpha   = 7.85890E-01

 3. Total particle production cross sections

 gamma   = 3.06232E-01    Multiplicity= 4.23349E-04
 neutron = 7.13303E+02    Multiplicity= 9.86101E-01
 proton  = 9.07038E+00    Multiplicity= 1.25393E-02
 deuteron= 0.00000E+00    Multiplicity= 0.00000E+00
 triton  = 0.00000E+00    Multiplicity= 0.00000E+00
 helium-3= 0.00000E+00    Multiplicity= 0.00000E+00
 alpha   = 7.85890E-01    Multiplicity= 1.08645E-03

 4. Residual production cross sections

   a. Per isotope

   Z   A  nuclide    total     level   isomeric    isomeric    lifetime
                 cross section       cross section  ratio

   14  29 ( 29Si) 1.95828E-01    0    1.95828E-01  1.00000
   14  28 ( 28Si) 7.13303E+02    0    7.13303E+02  1.00000
   13  28 ( 28Al) 9.07038E+00    0    9.07038E+00  1.00000
   12  25 ( 25Mg) 7.85890E-01    0    7.85890E-01  1.00000

   b. Per mass

   A  cross section

   29 1.95828E-01
   28 7.22373E+02
   25 7.85890E-01

 Total residual production cross section:   723.3551025
 Non-elastic cross section              :   723.3569336

 6. Exclusive cross sections

 6a. Total exclusive cross sections 

     Emitted particles     cross section reaction         level    isomeric    isomeric    lifetime relative yield
    n   p   d   t   h   a                                        cross section   ratio
    0   0   0   0   0   0    1.95828E-01  (n,g)                                                     2.70739E-04
    1   0   0   0   0   0    7.13256E+02  (n,n')                                                    9.86103E-01
    0   1   0   0   0   0    9.07038E+00  (n,p)                                                     1.25401E-02
    0   0   0   0   0   1    7.85890E-01  (n,a)                                                     1.08652E-03

 Absorption cross section                 :    10.05210

 Sum over exclusive channel cross sections:   723.30762
 (n,gn) + (n,gp) +...(n,ga) cross sections:     0.04744
 Total                                    :   723.35504
 Non-elastic cross section                :   723.35693

 ########## RESULTS FOR E=   5.40000 ##########

 Energy dependent input flags

 Width fluctuations (flagwidth)            : y
 Unresolved resonance parameters (flagurr) : n
 Preequilibrium (flagpreeq)                : n
 Multiple preequilibrium (flagmulpre)      : n
 Number of continuum excitation energy bins: 40

 ########### REACTION SUMMARY FOR E=   5.40000 ###########

 Center-of-mass energy:    5.212

 1. Total (binary) cross sections

 Total           = 2.32122E+03
   Shape elastic   = 1.09269E+03
   Reaction        = 1.22853E+03
     Compound elastic= 4.74479E+02
     Non-elastic     = 7.54051E+02
       Direct          = 4.51013E+01
       Pre-equilibrium = 0.00000E+00
       Compound non-el = 7.08949E+02
     Total elastic   = 1.56717E+03

 2. Binary non-elastic cross sections (non-exclusive)

 gamma   = 2.46660E-01
 neutron = 7.32201E+02
 proton  = 1.96721E+01
 deuteron= 0.00000E+00
 triton  = 0.00000E+00
 helium-3= 0.00000E+00
 alpha   = 1.92887E+00

 3. Total particle production cross sections

 gamma   = 3.12617E-01    Multiplicity= 4.14584E-04
 neutron = 7.32253E+02    Multiplicity= 9.71093E-01
 proton  = 1.96721E+01    Multiplicity= 2.60885E-02
 deuteron= 0.00000E+00    Multiplicity= 0.00000E+00
 triton  = 0.00000E+00    Multiplicity= 0.00000E+00
 helium-3= 0.00000E+00    Multiplicity= 0.00000E+00
 alpha   = 1.92887E+00    Multiplicity= 2.55800E-03

 4. Residual production cross sections

   a. Per isotope

   Z   A  nuclide    total     level   isomeric    isomeric    lifetime
                 cross section       cross section  ratio

   14  29 ( 29Si) 1.94643E-01    0    1.94643E-01  1.00000
   14  28 ( 28Si) 7.32254E+02    0    7.32254E+02  1.00000
   13  28 ( 28Al) 1.96721E+01    0    1.96721E+01  1.00000
   12  25 ( 25Mg) 1.92887E+00    0    1.92887E+00  1.00000

   b. Per mass

   A  cross section

   29 1.94643E-01
   28 7.51926E+02
   25 1.92887E+00

 Total residual production cross section:   754.0491333
 Non-elastic cross section              :   754.0507812

 6. Exclusive cross sections

 6a. Total exclusive cross sections 

     Emitted particles     cross section reaction         level    isomeric    isomeric    lifetime relative yield
    n   p   d   t   h   a                                        cross section   ratio
    0   0   0   0   0   0    1.94643E-01  (n,g)                                                     2.58149E-04
    1   0   0   0   0   0    7.32202E+02  (n,n')                                                    9.71093E-01
    0   1   0   0   0   0    1.96721E+01  (n,p)                                                     2.60904E-02
    0   0   0   0   0   1    1.92887E+00  (n,a)                                                     2.55819E-03

 Absorption cross section                 :    21.79557

 Sum over exclusive channel cross sections:   753.99713
 (n,gn) + (n,gp) +...(n,ga) cross sections:     0.05201
 Total                                    :   754.04913
 Non-elastic cross section                :   754.05078

 ########## RESULTS FOR E=   5.60000 ##########

 Energy dependent input flags

 Width fluctuations (flagwidth)            : y
 Unresolved resonance parameters (flagurr) : n
 Preequilibrium (flagpreeq)                : n
 Multiple preequilibrium (flagmulpre)      : n
 Number of continuum excitation energy bins: 40

 ########### REACTION SUMMARY FOR E=   5.60000 ###########

 Center-of-mass energy:    5.405

 1. Total (binary) cross sections

 Total           = 2.28244E+03
   Shape elastic   = 1.05975E+03
   Reaction        = 1.22268E+03
     Compound elastic= 4.44548E+02
     Non-elastic     = 7.78132E+02
       Direct          = 4.54196E+01
       Pre-equilibrium = 0.00000E+00
       Compound non-el = 7.32712E+02
     Total elastic   = 1.50430E+03

 2. Binary non-elastic cross sections (non-exclusive)

 gamma   = 2.53725E-01
 neutron = 7.37641E+02
 proton  = 3.60412E+01
 deuteron= 0.00000E+00
 triton  = 0.00000E+00
 helium-3= 0.00000E+00
 alpha   = 4.19540E+00

 3. Total particle production cross sections

 gamma   = 3.22489E-01    Multiplicity= 4.14440E-04
 neutron = 7.37699E+02    Multiplicity= 9.48039E-01
 proton  = 3.60412E+01    Multiplicity= 4.63176E-02
 deuteron= 0.00000E+00    Multiplicity= 0.00000E+00
 triton  = 0.00000E+00    Multiplicity= 0.00000E+00
 helium-3= 0.00000E+00    Multiplicity= 0.00000E+00
 alpha   = 4.19540E+00    Multiplicity= 5.39163E-03

 4. Residual production cross sections

   a. Per isotope

   Z   A  nuclide    total     level   isomeric    isomeric    lifetime
                 cross section       cross section  ratio

   14  29 ( 29Si) 1.95155E-01    0    1.95155E-01  1.00000
   14  28 ( 28Si) 7.37699E+02    0    7.37699E+02  1.00000
   13  28 ( 28Al) 3.60412E+01    0    3.60412E+01  1.00000
   12  25 ( 25Mg) 4.19540E+00    0    4.19540E+00  1.00000

   b. Per mass

   A  cross section

   29 1.95155E-01
   28 7.73740E+02
   25 4.19540E+00

 Total residual production cross section:   778.1307983
 Non-elastic cross section              :   778.1318359

 6. Exclusive cross sections

 6a. Total exclusive cross sections 

     Emitted particles     cross section reaction         level    isomeric    isomeric    lifetime relative yield
    n   p   d   t   h   a                                        cross section   ratio
    0   0   0   0   0   0    1.95155E-01  (n,g)                                                     2.50819E-04
    1   0   0   0   0   0    7.37641E+02  (n,n')                                                    9.48036E-01
    0   1   0   0   0   0    3.60412E+01  (n,p)                                                     4.63211E-02
    0   0   0   0   0   1    4.19540E+00  (n,a)                                                     5.39204E-03

 Absorption cross section                 :    40.43172

 Sum over exclusive channel cross sections:   778.07220
 (n,gn) + (n,gp) +...(n,ga) cross sections:     0.05857
 Total                                    :   778.13080
 Non-elastic cross section                :   778.13184

 ########## RESULTS FOR E=   5.80000 ##########

 Energy dependent input flags

 Width fluctuations (flagwidth)            : y
 Unresolved resonance parameters (flagurr) : n
 Preequilibrium (flagpreeq)                : n
 Multiple preequilibrium (flagmulpre)      : n
 Number of continuum excitation energy bins: 40

 ########### REACTION SUMMARY FOR E=   5.80000 ###########

 Center-of-mass energy:    5.598

 1. Total (binary) cross sections

 Total           = 2.24531E+03
   Shape elastic   = 1.02888E+03
   Reaction        = 1.21643E+03
     Compound elastic= 4.17816E+02
     Non-elastic     = 7.98614E+02
       Direct          = 4.56960E+01
       Pre-equilibrium = 0.00000E+00
       Compound non-el = 7.52918E+02
     Total elastic   = 1.44670E+03

 2. Binary non-elastic cross sections (non-exclusive)

 gamma   = 2.63087E-01
 neutron = 7.31950E+02
 proton  = 5.81923E+01
 deuteron= 0.00000E+00
 triton  = 0.00000E+00
 helium-3= 0.00000E+00
 alpha   = 8.20857E+00

 3. Total particle production cross sections

 gamma   = 3.35463E-01    Multiplicity= 4.20056E-04
 neutron = 7.32015E+02    Multiplicity= 9.16606E-01
 proton  = 5.81923E+01    Multiplicity= 7.28666E-02
 deuteron= 0.00000E+00    Multiplicity= 0.00000E+00
 triton  = 0.00000E+00    Multiplicity= 0.00000E+00
 helium-3= 0.00000E+00    Multiplicity= 0.00000E+00
 alpha   = 8.20857E+00    Multiplicity= 1.02785E-02

 4. Residual production cross sections

   a. Per isotope

   Z   A  nuclide    total     level   isomeric    isomeric    lifetime
                 cross section       cross section  ratio

   14  29 ( 29Si) 1.97677E-01    0    1.97677E-01  1.00000
   14  28 ( 28Si) 7.32015E+02    0    7.32015E+02  1.00000
   13  28 ( 28Al) 5.81923E+01    0    5.81923E+01  1.00000
   12  25 ( 25Mg) 8.20857E+00    0    8.20857E+00  1.00000

   b. Per mass

   A  cross section

   29 1.97677E-01
   28 7.90207E+02
   25 8.20857E+00

 Total residual production cross section:   798.6135864
 Non-elastic cross section              :   798.6144409

 6. Exclusive cross sections

 6a. Total exclusive cross sections 

     Emitted particles     cross section reaction         level    isomeric    isomeric    lifetime relative yield
    n   p   d   t   h   a                                        cross section   ratio
    0   0   0   0   0   0    1.97677E-01  (n,g)                                                     2.47545E-04
    1   0   0   0   0   0    7.31950E+02  (n,n')                                                    9.16600E-01
    0   1   0   0   0   0    5.81923E+01  (n,p)                                                     7.28726E-02
    0   0   0   0   0   1    8.20857E+00  (n,a)                                                     1.02794E-02

 Absorption cross section                 :    66.59855

 Sum over exclusive channel cross sections:   798.54816
 (n,gn) + (n,gp) +...(n,ga) cross sections:     0.06541
 Total                                    :   798.61359
 Non-elastic cross section                :   798.61444

 ########## RESULTS FOR E=   6.00000 ##########

 Energy dependent input flags

 Width fluctuations (flagwidth)            : y
 Unresolved resonance parameters (flagurr) : n
 Preequilibrium (flagpreeq)                : n
 Multiple preequilibrium (flagmulpre)      : n
 Number of continuum excitation energy bins: 40

 ########### REACTION SUMMARY FOR E=   6.00000 ###########

 Center-of-mass energy:    5.791

 1. Total (binary) cross sections

 Total           = 2.20977E+03
   Shape elastic   = 9.99960E+02
   Reaction        = 1.20981E+03
     Compound elastic= 3.92027E+02
     Non-elastic     = 8.17783E+02
       Direct          = 4.59296E+01
       Pre-equilibrium = 0.00000E+00
       Compound non-el = 7.71853E+02
     Total elastic   = 1.39199E+03

 2. Binary non-elastic cross sections (non-exclusive)

 gamma   = 2.73169E-01
 neutron = 7.17837E+02
 proton  = 8.50447E+01
 deuteron= 0.00000E+00
 triton  = 0.00000E+00
 helium-3= 0.00000E+00
 alpha   = 1.46274E+01

 3. Total particle production cross sections

 gamma   = 3.50001E-01    Multiplicity= 4.27988E-04
 neutron = 7.17909E+02    Multiplicity= 8.77872E-01
 proton  = 8.50448E+01    Multiplicity= 1.03994E-01
 deuteron= 0.00000E+00    Multiplicity= 0.00000E+00
 triton  = 0.00000E+00    Multiplicity= 0.00000E+00
 helium-3= 0.00000E+00    Multiplicity= 0.00000E+00
 alpha   = 1.46274E+01    Multiplicity= 1.78867E-02

 4. Residual production cross sections

   a. Per isotope

   Z   A  nuclide    total     level   isomeric    isomeric    lifetime
                 cross section       cross section  ratio

   14  29 ( 29Si) 2.01178E-01    0    2.01178E-01  1.00000
   14  28 ( 28Si) 7.17909E+02    0    7.17909E+02  1.00000
   13  28 ( 28Al) 8.50448E+01    0    8.50448E+01  1.00000
   12  25 ( 25Mg) 1.46274E+01    0    1.46274E+01  1.00000

   b. Per mass

   A  cross section

   29 2.01178E-01
   28 8.02954E+02
   25 1.46274E+01

 Total residual production cross section:   817.7823486
 Non-elastic cross section              :   817.7829590

 6. Exclusive cross sections

 6a. Total exclusive cross sections 

     Emitted particles     cross section reaction         level    isomeric    isomeric    lifetime relative yield
    n   p   d   t   h   a                                        cross section   ratio
    0   0   0   0   0   0    2.01178E-01  (n,g)                                                     2.46025E-04
    1   0   0   0   0   0    7.17837E+02  (n,n')                                                    8.77862E-01
    0   1   0   0   0   0    8.50448E+01  (n,p)                                                     1.04004E-01
    0   0   0   0   0   1    1.46274E+01  (n,a)                                                     1.78883E-02

 Absorption cross section                 :    99.87336

 Sum over exclusive channel cross sections:   817.71039
 (n,gn) + (n,gp) +...(n,ga) cross sections:     0.07199
 Total                                    :   817.78235
 Non-elastic cross section                :   817.78296

 ########## RESULTS FOR E=   6.20000 ##########

 Energy dependent input flags

 Width fluctuations (flagwidth)            : y
 Unresolved resonance parameters (flagurr) : n
 Preequilibrium (flagpreeq)                : n
 Multiple preequilibrium (flagmulpre)      : n
 Number of continuum excitation energy bins: 40

 ########### REACTION SUMMARY FOR E=   6.20000 ###########

 Center-of-mass energy:    5.984

 1. Total (binary) cross sections

 Total           = 2.17577E+03
   Shape elastic   = 9.72869E+02
   Reaction        = 1.20290E+03
     Compound elastic= 3.66377E+02
     Non-elastic     = 8.36523E+02
       Direct          = 4.61189E+01
       Pre-equilibrium = 0.00000E+00
       Compound non-el = 7.90404E+02
     Total elastic   = 1.33925E+03

 2. Binary non-elastic cross sections (non-exclusive)

 gamma   = 2.83108E-01
 neutron = 6.97540E+02
 proton  = 1.14705E+02
 deuteron= 0.00000E+00
 triton  = 0.00000E+00
 helium-3= 0.00000E+00
 alpha   = 2.39946E+01

 3. Total particle production cross sections

 gamma   = 3.62798E-01    Multiplicity= 4.33698E-04
 neutron = 6.97620E+02    Multiplicity= 8.33952E-01
 proton  = 1.14705E+02    Multiplicity= 1.37121E-01
 deuteron= 0.00000E+00    Multiplicity= 0.00000E+00
 triton  = 0.00000E+00    Multiplicity= 0.00000E+00
 helium-3= 0.00000E+00    Multiplicity= 0.00000E+00
 alpha   = 2.39946E+01    Multiplicity= 2.86837E-02

 4. Residual production cross sections

   a. Per isotope

   Z   A  nuclide    total     level   isomeric    isomeric    lifetime
                 cross section       cross section  ratio

   14  29 ( 29Si) 2.02786E-01    0    2.02786E-01  1.00000
   14  28 ( 28Si) 6.97620E+02    0    6.97620E+02  1.00000
   13  28 ( 28Al) 1.14705E+02    0    1.14705E+02  1.00000
   12  25 ( 25Mg) 2.39946E+01    0    2.39946E+01  1.00000

   b. Per mass

   A  cross section

   29 2.02786E-01
   28 8.12325E+02
   25 2.39946E+01

 Total residual production cross section:   836.5224609
 Non-elastic cross section              :   836.5230713

 6. Exclusive cross sections

 6a. Total exclusive cross sections 

     Emitted particles     cross section reaction         level    isomeric    isomeric    lifetime relative yield
    n   p   d   t   h   a                                        cross section   ratio
    0   0   0   0   0   0    2.02786E-01  (n,g)                                                     2.42439E-04
    1   0   0   0   0   0    6.97540E+02  (n,n')                                                    8.33937E-01
    0   1   0   0   0   0    1.14705E+02  (n,p)                                                     1.37134E-01
    0   0   0   0   0   1    2.39946E+01  (n,a)                                                     2.86865E-02

 Absorption cross section                 :   138.90230

 Sum over exclusive channel cross sections:   836.44214
 (n,gn) + (n,gp) +...(n,ga) cross sections:     0.08032
 Total                                    :   836.52246
 Non-elastic cross section                :   836.52307

 ########## RESULTS FOR E=   6.40000 ##########

 Energy dependent input flags

 Width fluctuations (flagwidth)            : y
 Unresolved resonance parameters (flagurr) : n
 Preequilibrium (flagpreeq)                : n
 Multiple preequilibrium (flagmulpre)      : n
 Number of continuum excitation energy bins: 40

 ########### REACTION SUMMARY FOR E=   6.40000 ###########

 Center-of-mass energy:    6.177

 1. Total (binary) cross sections

 Total           = 2.14328E+03
   Shape elastic   = 9.47504E+02
   Reaction        = 1.19578E+03
     Compound elastic= 3.40733E+02
     Non-elastic     = 8.55047E+02
       Direct          = 4.62624E+01
       Pre-equilibrium = 0.00000E+00
       Compound non-el = 8.08785E+02
     Total elastic   = 1.28824E+03

 2. Binary non-elastic cross sections (non-exclusive)

 gamma   = 2.92516E-01
 neutron = 6.72896E+02
 proton  = 1.45286E+02
 deuteron= 0.00000E+00
 triton  = 0.00000E+00
 helium-3= 0.00000E+00
 alpha   = 3.65726E+01

 3. Total particle production cross sections

 gamma   = 3.75338E-01    Multiplicity= 4.38967E-04
 neutron = 6.72984E+02    Multiplicity= 7.87073E-01
 proton  = 1.45286E+02    Multiplicity= 1.69915E-01
 deuteron= 0.00000E+00    Multiplicity= 0.00000E+00
 triton  = 0.00000E+00    Multiplicity= 0.00000E+00
 helium-3= 0.00000E+00    Multiplicity= 0.00000E+00
 alpha   = 3.65726E+01    Multiplicity= 4.27726E-02

 4. Residual production cross sections

   a. Per isotope

   Z   A  nuclide    total     level   isomeric    isomeric    lifetime
                 cross section       cross section  ratio

   14  29 ( 29Si) 2.04227E-01    0    2.04227E-01  1.00000
   14  28 ( 28Si) 6.72984E+02    0    6.72984E+02  1.00000
   13  28 ( 28Al) 1.45286E+02    0    1.45286E+02  1.00000
   12  25 ( 25Mg) 3.65726E+01    0    3.65726E+01  1.00000

   b. Per mass

   A  cross section

   29 2.04227E-01
   28 8.18270E+02
   25 3.65726E+01

 Total residual production cross section:   855.0469971
 Non-elastic cross section              :   855.0474854

 6. Exclusive cross sections

 6a. Total exclusive cross sections 

     Emitted particles     cross section reaction         level    isomeric    isomeric    lifetime relative yield
    n   p   d   t   h   a                                        cross section   ratio
    0   0   0   0   0   0    2.04227E-01  (n,g)                                                     2.38873E-04
    1   0   0   0   0   0    6.72896E+02  (n,n')                                                    7.87051E-01
    0   1   0   0   0   0    1.45286E+02  (n,p)                                                     1.69933E-01
    0   0   0   0   0   1    3.65726E+01  (n,a)                                                     4.27770E-02

 Absorption cross section                 :   182.06245

 Sum over exclusive channel cross sections:   854.95868
 (n,gn) + (n,gp) +...(n,ga) cross sections:     0.08829
 Total                                    :   855.04700
 Non-elastic cross section                :   855.04749

 ########## RESULTS FOR E=   6.60000 ##########

 Energy dependent input flags

 Width fluctuations (flagwidth)            : y
 Unresolved resonance parameters (flagurr) : n
 Preequilibrium (flagpreeq)                : n
 Multiple preequilibrium (flagmulpre)      : n
 Number of continuum excitation energy bins: 40

 ########### REACTION SUMMARY FOR E=   6.60000 ###########

 Center-of-mass energy:    6.370

 1. Total (binary) cross sections

 Total           = 2.11229E+03
   Shape elastic   = 9.23767E+02
   Reaction        = 1.18852E+03
     Compound elastic= 3.10110E+02
     Non-elastic     = 8.78410E+02
       Direct          = 4.63593E+01
       Pre-equilibrium = 0.00000E+00
       Compound non-el = 8.32051E+02
     Total elastic   = 1.23388E+03

 2. Binary non-elastic cross sections (non-exclusive)

 gamma   = 2.95290E-01
 neutron = 6.55613E+02
 proton  = 1.71444E+02
 deuteron= 0.00000E+00
 triton  = 0.00000E+00
 helium-3= 0.00000E+00
 alpha   = 5.10581E+01

 3. Total particle production cross sections

 gamma   = 3.79810E-01    Multiplicity= 4.32383E-04
 neutron = 6.55707E+02    Multiplicity= 7.46470E-01
 proton  = 1.71444E+02    Multiplicity= 1.95175E-01
 deuteron= 0.00000E+00    Multiplicity= 0.00000E+00
 triton  = 0.00000E+00    Multiplicity= 0.00000E+00
 helium-3= 0.00000E+00    Multiplicity= 0.00000E+00
 alpha   = 5.10581E+01    Multiplicity= 5.81255E-02

 4. Residual production cross sections

   a. Per isotope

   Z   A  nuclide    total     level   isomeric    isomeric    lifetime
                 cross section       cross section  ratio

   14  29 ( 29Si) 2.01493E-01    0    2.01493E-01  1.00000
   14  28 ( 28Si) 6.55707E+02    0    6.55707E+02  1.00000
   13  28 ( 28Al) 1.71444E+02    0    1.71444E+02  1.00000
   12  25 ( 25Mg) 5.10581E+01    0    5.10581E+01  1.00000

   b. Per mass

   A  cross section

   29 2.01493E-01
   28 8.27150E+02
   25 5.10581E+01

 Total residual production cross section:   878.4098511
 Non-elastic cross section              :   878.4101562

 6. Exclusive cross sections

 6a. Total exclusive cross sections 

     Emitted particles     cross section reaction         level    isomeric    isomeric    lifetime relative yield
    n   p   d   t   h   a                                        cross section   ratio
    0   0   0   0   0   0    2.01493E-01  (n,g)                                                     2.29408E-04
    1   0   0   0   0   0    6.55613E+02  (n,n')                                                    7.46443E-01
    0   1   0   0   0   0    1.71444E+02  (n,p)                                                     1.95196E-01
    0   0   0   0   0   1    5.10581E+01  (n,a)                                                     5.81318E-02

 Absorption cross section                 :   222.70316

 Sum over exclusive channel cross sections:   878.31604
 (n,gn) + (n,gp) +...(n,ga) cross sections:     0.09380
 Total                                    :   878.40985
 Non-elastic cross section                :   878.41016

 ########## RESULTS FOR E=   6.80000 ##########

 Energy dependent input flags

 Width fluctuations (flagwidth)            : y
 Unresolved resonance parameters (flagurr) : n
 Preequilibrium (flagpreeq)                : n
 Multiple preequilibrium (flagmulpre)      : n
 Number of continuum excitation energy bins: 40

 ########### REACTION SUMMARY FOR E=   6.80000 ###########

 Center-of-mass energy:    6.563

 1. Total (binary) cross sections

 Total           = 2.08279E+03
   Shape elastic   = 9.01569E+02
   Reaction        = 1.18122E+03
     Compound elastic= 2.78504E+02
     Non-elastic     = 9.02716E+02
       Direct          = 4.64093E+01
       Pre-equilibrium = 0.00000E+00
       Compound non-el = 8.56307E+02
     Total elastic   = 1.18007E+03

 2. Binary non-elastic cross sections (non-exclusive)

 gamma   = 2.94237E-01
 neutron = 6.43985E+02
 proton  = 1.91306E+02
 deuteron= 0.00000E+00
 triton  = 0.00000E+00
 helium-3= 0.00000E+00
 alpha   = 6.71304E+01

 3. Total particle production cross sections

 gamma   = 3.79947E-01    Multiplicity= 4.20893E-04
 neutron = 6.44083E+02    Multiplicity= 7.13495E-01
 proton  = 1.91306E+02    Multiplicity= 2.11923E-01
 deuteron= 0.00000E+00    Multiplicity= 0.00000E+00
 triton  = 0.00000E+00    Multiplicity= 0.00000E+00
 helium-3= 0.00000E+00    Multiplicity= 0.00000E+00
 alpha   = 6.71304E+01    Multiplicity= 7.43650E-02

 4. Residual production cross sections

   a. Per isotope

   Z   A  nuclide    total     level   isomeric    isomeric    lifetime
                 cross section       cross section  ratio

   14  29 ( 29Si) 1.96045E-01    0    1.96045E-01  1.00000
   14  28 ( 28Si) 6.44083E+02    0    6.44083E+02  1.00000
   13  28 ( 28Al) 1.91306E+02    0    1.91306E+02  1.00000
   12  25 ( 25Mg) 6.71304E+01    0    6.71304E+01  1.00000

   b. Per mass

   A  cross section

   29 1.96045E-01
   28 8.35389E+02
   25 6.71304E+01

 Total residual production cross section:   902.7158203
 Non-elastic cross section              :   902.7159424

 6. Exclusive cross sections

 6a. Total exclusive cross sections 

     Emitted particles     cross section reaction         level    isomeric    isomeric    lifetime relative yield
    n   p   d   t   h   a                                        cross section   ratio
    0   0   0   0   0   0    1.96045E-01  (n,g)                                                     2.17196E-04
    1   0   0   0   0   0    6.43985E+02  (n,n')                                                    7.13464E-01
    0   1   0   0   0   0    1.91306E+02  (n,p)                                                     2.11946E-01
    0   0   0   0   0   1    6.71304E+01  (n,a)                                                     7.43730E-02

 Absorption cross section                 :   258.63226

 Sum over exclusive channel cross sections:   902.61761
 (n,gn) + (n,gp) +...(n,ga) cross sections:     0.09819
 Total                                    :   902.71582
 Non-elastic cross section                :   902.71594

 ########## RESULTS FOR E=   7.00000 ##########

 Energy dependent input flags

 Width fluctuations (flagwidth)            : y
 Unresolved resonance parameters (flagurr) : n
 Preequilibrium (flagpreeq)                : n
 Multiple preequilibrium (flagmulpre)      : n
 Number of continuum excitation energy bins: 40

 ########### REACTION SUMMARY FOR E=   7.00000 ###########

 Center-of-mass energy:    6.756

 1. Total (binary) cross sections

 Total           = 2.05479E+03
   Shape elastic   = 8.80829E+02
   Reaction        = 1.17396E+03
     Compound elastic= 2.50336E+02
     Non-elastic     = 9.23624E+02
       Direct          = 4.64130E+01
       Pre-equilibrium = 0.00000E+00
       Compound non-el = 8.77211E+02
     Total elastic   = 1.13117E+03

 2. Binary non-elastic cross sections (non-exclusive)

 gamma   = 2.94960E-01
 neutron = 6.27427E+02
 proton  = 2.11260E+02
 deuteron= 0.00000E+00
 triton  = 0.00000E+00
 helium-3= 0.00000E+00
 alpha   = 8.46414E+01

 3. Total particle production cross sections

 gamma   = 3.79657E-01    Multiplicity= 4.11052E-04
 neutron = 6.27532E+02    Multiplicity= 6.79424E-01
 proton  = 2.11260E+02    Multiplicity= 2.28730E-01
 deuteron= 0.00000E+00    Multiplicity= 0.00000E+00
 triton  = 0.00000E+00    Multiplicity= 0.00000E+00
 helium-3= 0.00000E+00    Multiplicity= 0.00000E+00
 alpha   = 8.46414E+01    Multiplicity= 9.16406E-02

 4. Residual production cross sections

   a. Per isotope

   Z   A  nuclide    total     level   isomeric    isomeric    lifetime
                 cross section       cross section  ratio

   14  29 ( 29Si) 1.89472E-01    0    1.89472E-01  1.00000
   14  28 ( 28Si) 6.27532E+02    0    6.27532E+02  1.00000
   13  28 ( 28Al) 2.11260E+02    0    2.11260E+02  1.00000
   12  25 ( 25Mg) 8.46414E+01    0    8.46414E+01  1.00000

   b. Per mass

   A  cross section

   29 1.89472E-01
   28 8.38793E+02
   25 8.46414E+01

 Total residual production cross section:   923.6235962
 Non-elastic cross section              :   923.6237183

 6. Exclusive cross sections

 6a. Total exclusive cross sections 

     Emitted particles     cross section reaction         level    isomeric    isomeric    lifetime relative yield
    n   p   d   t   h   a                                        cross section   ratio
    0   0   0   0   0   0    1.89472E-01  (n,g)                                                     2.05163E-04
    1   0   0   0   0   0    6.27427E+02  (n,n')                                                    6.79388E-01
    0   1   0   0   0   0    2.11260E+02  (n,p)                                                     2.28756E-01
    0   0   0   0   0   1    8.46414E+01  (n,a)                                                     9.16510E-02

 Absorption cross section                 :   296.09094

 Sum over exclusive channel cross sections:   923.51807
 (n,gn) + (n,gp) +...(n,ga) cross sections:     0.10549
 Total                                    :   923.62354
 Non-elastic cross section                :   923.62372

 ########## RESULTS FOR E=   7.20000 ##########

 Energy dependent input flags

 Width fluctuations (flagwidth)            : y
 Unresolved resonance parameters (flagurr) : n
 Preequilibrium (flagpreeq)                : n
 Multiple preequilibrium (flagmulpre)      : n
 Number of continuum excitation energy bins: 40

 ########### REACTION SUMMARY FOR E=   7.20000 ###########

 Center-of-mass energy:    6.949

 1. Total (binary) cross sections

 Total           = 2.02830E+03
   Shape elastic   = 8.61475E+02
   Reaction        = 1.16682E+03
     Compound elastic= 2.21277E+02
     Non-elastic     = 9.45543E+02
       Direct          = 4.63721E+01
       Pre-equilibrium = 0.00000E+00
       Compound non-el = 8.99171E+02
     Total elastic   = 1.08275E+03

 2. Binary non-elastic cross sections (non-exclusive)

 gamma   = 2.89766E-01
 neutron = 6.17649E+02
 proton  = 2.26863E+02
 deuteron= 0.00000E+00
 triton  = 0.00000E+00
 helium-3= 0.00000E+00
 alpha   = 1.00742E+02

 3. Total particle production cross sections

 gamma   = 3.78661E-01    Multiplicity= 4.00469E-04
 neutron = 6.17757E+02    Multiplicity= 6.53336E-01
 proton  = 2.26863E+02    Multiplicity= 2.39929E-01
 deuteron= 0.00000E+00    Multiplicity= 0.00000E+00
 triton  = 0.00000E+00    Multiplicity= 0.00000E+00
 helium-3= 0.00000E+00    Multiplicity= 0.00000E+00
 alpha   = 1.00742E+02    Multiplicity= 1.06544E-01

 4. Residual production cross sections

   a. Per isotope

   Z   A  nuclide    total     level   isomeric    isomeric    lifetime
                 cross section       cross section  ratio

   14  29 ( 29Si) 1.80608E-01    0    1.80608E-01  1.00000
   14  28 ( 28Si) 6.17757E+02    0    6.17757E+02  1.00000
   13  28 ( 28Al) 2.26863E+02    0    2.26863E+02  1.00000
   12  25 ( 25Mg) 1.00742E+02    0    1.00742E+02  1.00000

   b. Per mass

   A  cross section

   29 1.80608E-01
   28 8.44621E+02
   25 1.00742E+02

 Total residual production cross section:   945.5434570
 Non-elastic cross section              :   945.5428467

 6. Exclusive cross sections

 6a. Total exclusive cross sections 

     Emitted particles     cross section reaction         level    isomeric    isomeric    lifetime relative yield
    n   p   d   t   h   a                                        cross section   ratio
    0   0   0   0   0   0    1.80608E-01  (n,g)                                                     1.91032E-04
    1   0   0   0   0   0    6.17649E+02  (n,n')                                                    6.53296E-01
    0   1   0   0   0   0    2.26863E+02  (n,p)                                                     2.39956E-01
    0   0   0   0   0   1    1.00742E+02  (n,a)                                                     1.06557E-01

 Absorption cross section                 :   327.78564

 Sum over exclusive channel cross sections:   945.43420
 (n,gn) + (n,gp) +...(n,ga) cross sections:     0.10916
 Total                                    :   945.54333
 Non-elastic cross section                :   945.54285

 ########## RESULTS FOR E=   7.40000 ##########

 Energy dependent input flags

 Width fluctuations (flagwidth)            : y
 Unresolved resonance parameters (flagurr) : n
 Preequilibrium (flagpreeq)                : n
 Multiple preequilibrium (flagmulpre)      : n
 Number of continuum excitation energy bins: 40

 ########### REACTION SUMMARY FOR E=   7.40000 ###########

 Center-of-mass energy:    7.142

 1. Total (binary) cross sections

 Total           = 2.00331E+03
   Shape elastic   = 8.43439E+02
   Reaction        = 1.15987E+03
     Compound elastic= 1.91407E+02
     Non-elastic     = 9.68463E+02
       Direct          = 4.84740E+01
       Pre-equilibrium = 0.00000E+00
       Compound non-el = 9.19989E+02
     Total elastic   = 1.03485E+03

 2. Binary non-elastic cross sections (non-exclusive)

 gamma   = 2.78888E-01
 neutron = 6.17761E+02
 proton  = 2.36952E+02
 deuteron= 0.00000E+00
 triton  = 0.00000E+00
 helium-3= 0.00000E+00
 alpha   = 1.13472E+02

 3. Total particle production cross sections

 gamma   = 4.20491E-01    Multiplicity= 4.34184E-04
 neutron = 6.17870E+02    Multiplicity= 6.37990E-01
 proton  = 2.36953E+02    Multiplicity= 2.44669E-01
 deuteron= 0.00000E+00    Multiplicity= 0.00000E+00
 triton  = 0.00000E+00    Multiplicity= 0.00000E+00
 helium-3= 0.00000E+00    Multiplicity= 0.00000E+00
 alpha   = 1.13472E+02    Multiplicity= 1.17167E-01

 4. Residual production cross sections

   a. Per isotope

   Z   A  nuclide    total     level   isomeric    isomeric    lifetime
                 cross section       cross section  ratio

   14  29 ( 29Si) 1.69856E-01    0    1.69856E-01  1.00000
   14  28 ( 28Si) 6.17870E+02    0    6.17870E+02  1.00000
   13  28 ( 28Al) 2.36953E+02    0    2.36953E+02  1.00000
   12  25 ( 25Mg) 1.13472E+02    0    1.13472E+02  1.00000

   b. Per mass

   A  cross section

   29 1.69856E-01
   28 8.54822E+02
   25 1.13472E+02

 Total residual production cross section:   968.4639282
 Non-elastic cross section              :   968.4627686

 6. Exclusive cross sections

 6a. Total exclusive cross sections 

     Emitted particles     cross section reaction         level    isomeric    isomeric    lifetime relative yield
    n   p   d   t   h   a                                        cross section   ratio
    0   0   0   0   0   0    1.69856E-01  (n,g)                                                     1.75407E-04
    1   0   0   0   0   0    6.17761E+02  (n,n')                                                    6.37949E-01
    0   1   0   0   0   0    2.36952E+02  (n,p)                                                     2.44696E-01
    0   0   0   0   0   1    1.13472E+02  (n,a)                                                     1.17180E-01

 Absorption cross section                 :   350.59387

 Sum over exclusive channel cross sections:   968.35492
 (n,gn) + (n,gp) +...(n,ga) cross sections:     0.10903
 Total                                    :   968.46393
 Non-elastic cross section                :   968.46277

 ########## RESULTS FOR E=   7.60000 ##########

 Energy dependent input flags

 Width fluctuations (flagwidth)            : y
 Unresolved resonance parameters (flagurr) : n
 Preequilibrium (flagpreeq)                : n
 Multiple preequilibrium (flagmulpre)      : n
 Number of continuum excitation energy bins: 40

 ########### REACTION SUMMARY FOR E=   7.60000 ###########

 Center-of-mass energy:    7.335

 1. Total (binary) cross sections

 Total           = 1.97983E+03
   Shape elastic   = 8.26666E+02
   Reaction        = 1.15316E+03
     Compound elastic= 1.68858E+02
     Non-elastic     = 9.84302E+02
       Direct          = 4.97554E+01
       Pre-equilibrium = 0.00000E+00
       Compound non-el = 9.34547E+02
     Total elastic   = 9.95524E+02

 2. Binary non-elastic cross sections (non-exclusive)

 gamma   = 2.75623E-01
 neutron = 6.07338E+02
 proton  = 2.50185E+02
 deuteron= 0.00000E+00
 triton  = 0.00000E+00
 helium-3= 0.00000E+00
 alpha   = 1.26505E+02

 3. Total particle production cross sections

 gamma   = 6.71386E-01    Multiplicity= 6.82093E-04
 neutron = 6.07449E+02    Multiplicity= 6.17137E-01
 proton  = 2.50186E+02    Multiplicity= 2.54176E-01
 deuteron= 0.00000E+00    Multiplicity= 0.00000E+00
 triton  = 0.00000E+00    Multiplicity= 0.00000E+00
 helium-3= 0.00000E+00    Multiplicity= 0.00000E+00
 alpha   = 1.26505E+02    Multiplicity= 1.28522E-01

 4. Residual production cross sections

   a. Per isotope

   Z   A  nuclide    total     level   isomeric    isomeric    lifetime
                 cross section       cross section  ratio

   14  29 ( 29Si) 1.63779E-01    0    1.63779E-01  1.00000
   14  28 ( 28Si) 6.07449E+02    0    6.07449E+02  1.00000
   13  28 ( 28Al) 2.50186E+02    0    2.50186E+02  1.00000
   12  25 ( 25Mg) 1.26505E+02    0    1.26505E+02  1.00000

   b. Per mass

   A  cross section

   29 1.63779E-01
   28 8.57635E+02
   25 1.26505E+02

 Total residual production cross section:   984.3035278
 Non-elastic cross section              :   984.3019409

 6. Exclusive cross sections

 6a. Total exclusive cross sections 

     Emitted particles     cross section reaction         level    isomeric    isomeric    lifetime relative yield
    n   p   d   t   h   a                                        cross section   ratio
    0   0   0   0   0   0    1.63779E-01  (n,g)                                                     1.66409E-04
    1   0   0   0   0   0    6.07338E+02  (n,n')                                                    6.17094E-01
    0   1   0   0   0   0    2.50185E+02  (n,p)                                                     2.54204E-01
    0   0   0   0   0   1    1.26505E+02  (n,a)                                                     1.28536E-01

 Absorption cross section                 :   376.85336

 Sum over exclusive channel cross sections:   984.19165
 (n,gn) + (n,gp) +...(n,ga) cross sections:     0.11184
 Total                                    :   984.30347
 Non-elastic cross section                :   984.30194

 ########## RESULTS FOR E=   7.80000 ##########

 Energy dependent input flags

 Width fluctuations (flagwidth)            : y
 Unresolved resonance parameters (flagurr) : n
 Preequilibrium (flagpreeq)                : n
 Multiple preequilibrium (flagmulpre)      : n
 Number of continuum excitation energy bins: 40

 ########### REACTION SUMMARY FOR E=   7.80000 ###########

 Center-of-mass energy:    7.528

 1. Total (binary) cross sections

 Total           = 1.95786E+03
   Shape elastic   = 8.11100E+02
   Reaction        = 1.14676E+03
     Compound elastic= 1.46953E+02
     Non-elastic     = 9.99807E+02
       Direct          = 5.06951E+01
       Pre-equilibrium = 0.00000E+00
       Compound non-el = 9.49112E+02
     Total elastic   = 9.58053E+02

 2. Binary non-elastic cross sections (non-exclusive)

 gamma   = 2.68939E-01
 neutron = 6.05032E+02
 proton  = 2.57822E+02
 deuteron= 0.00000E+00
 triton  = 0.00000E+00
 helium-3= 0.00000E+00
 alpha   = 1.36685E+02

 3. Total particle production cross sections

 gamma   = 1.39644E+00    Multiplicity= 1.39671E-03
 neutron = 6.05147E+02    Multiplicity= 6.05264E-01
 proton  = 2.57823E+02    Multiplicity= 2.57873E-01
 deuteron= 0.00000E+00    Multiplicity= 0.00000E+00
 triton  = 0.00000E+00    Multiplicity= 0.00000E+00
 helium-3= 0.00000E+00    Multiplicity= 0.00000E+00
 alpha   = 1.36685E+02    Multiplicity= 1.36711E-01

 4. Residual production cross sections

   a. Per isotope

   Z   A  nuclide    total     level   isomeric    isomeric    lifetime
                 cross section       cross section  ratio

   14  29 ( 29Si) 1.53492E-01    0    1.53492E-01  1.00000
   14  28 ( 28Si) 6.05147E+02    0    6.05147E+02  1.00000
   13  28 ( 28Al) 2.57823E+02    0    2.57823E+02  1.00000
   12  25 ( 25Mg) 1.36685E+02    0    1.36685E+02  1.00000

   b. Per mass

   A  cross section

   29 1.53492E-01
   28 8.62970E+02
   25 1.36685E+02

 Total residual production cross section:   999.8084106
 Non-elastic cross section              :   999.8066406

 6. Exclusive cross sections

 6a. Total exclusive cross sections 

     Emitted particles     cross section reaction         level    isomeric    isomeric    lifetime relative yield
    n   p   d   t   h   a                                        cross section   ratio
    0   0   0   0   0   0    1.53492E-01  (n,g)                                                     1.53539E-04
    1   0   0   0   0   0    6.05032E+02  (n,n')                                                    6.05218E-01
    0   1   0   0   0   0    2.57822E+02  (n,p)                                                     2.57902E-01
    0   0   0   0   0   1    1.36685E+02  (n,a)                                                     1.36727E-01

 Absorption cross section                 :   394.66080

 Sum over exclusive channel cross sections:   999.69299
 (n,gn) + (n,gp) +...(n,ga) cross sections:     0.11545
 Total                                    :   999.80841
 Non-elastic cross section                :   999.80664

 ########## RESULTS FOR E=   8.00000 ##########

 Energy dependent input flags

 Width fluctuations (flagwidth)            : y
 Unresolved resonance parameters (flagurr) : n
 Preequilibrium (flagpreeq)                : n
 Multiple preequilibrium (flagmulpre)      : n
 Number of continuum excitation energy bins: 40

 ########### REACTION SUMMARY FOR E=   8.00000 ###########

 Center-of-mass energy:    7.721

 1. Total (binary) cross sections

 Total           = 1.93738E+03
   Shape elastic   = 7.96697E+02
   Reaction        = 1.14068E+03
     Compound elastic= 1.28978E+02
     Non-elastic     = 1.01170E+03
       Direct          = 5.13323E+01
       Pre-equilibrium = 0.00000E+00
       Compound non-el = 9.60370E+02
     Total elastic   = 9.25675E+02

 2. Binary non-elastic cross sections (non-exclusive)

 gamma   = 2.64858E-01
 neutron = 6.00928E+02
 proton  = 2.63604E+02
 deuteron= 0.00000E+00
 triton  = 0.00000E+00
 helium-3= 0.00000E+00
 alpha   = 1.46907E+02

 3. Total particle production cross sections

 gamma   = 3.03228E+00    Multiplicity= 2.99721E-03
 neutron = 6.01046E+02    Multiplicity= 5.94094E-01
 proton  = 2.63605E+02    Multiplicity= 2.60556E-01
 deuteron= 0.00000E+00    Multiplicity= 0.00000E+00
 triton  = 0.00000E+00    Multiplicity= 0.00000E+00
 helium-3= 0.00000E+00    Multiplicity= 0.00000E+00
 alpha   = 1.46907E+02    Multiplicity= 1.45208E-01

 4. Residual production cross sections

   a. Per isotope

   Z   A  nuclide    total     level   isomeric    isomeric    lifetime
                 cross section       cross section  ratio

   14  29 ( 29Si) 1.45571E-01    0    1.45571E-01  1.00000
   14  28 ( 28Si) 6.01046E+02    0    6.01046E+02  1.00000
   13  28 ( 28Al) 2.63605E+02    0    2.63605E+02  1.00000
   12  25 ( 25Mg) 1.46907E+02    0    1.46907E+02  1.00000

   b. Per mass

   A  cross section

   29 1.45571E-01
   28 8.64651E+02
   25 1.46907E+02

 Total residual production cross section:  1011.7039795
 Non-elastic cross section              :  1011.7022095

 6. Exclusive cross sections

 6a. Total exclusive cross sections 

     Emitted particles     cross section reaction         level    isomeric    isomeric    lifetime relative yield
    n   p   d   t   h   a                                        cross section   ratio
    0   0   0   0   0   0    1.45571E-01  (n,g)                                                     1.43904E-04
    1   0   0   0   0   0    6.00928E+02  (n,n')                                                    5.94046E-01
    0   1   0   0   0   0    2.63604E+02  (n,p)                                                     2.60585E-01
    0   0   0   0   0   1    1.46907E+02  (n,a)                                                     1.45225E-01

 Absorption cross section                 :   410.65677

 Sum over exclusive channel cross sections:  1011.58472
 (n,gn) + (n,gp) +...(n,ga) cross sections:     0.11929
 Total                                    :  1011.70398
 Non-elastic cross section                :  1011.70221

 ########## RESULTS FOR E=   8.50000 ##########

 Energy dependent input flags

 Width fluctuations (flagwidth)            : y
 Unresolved resonance parameters (flagurr) : n
 Preequilibrium (flagpreeq)                : n
 Multiple preequilibrium (flagmulpre)      : n
 Number of continuum excitation energy bins: 40

 ########### REACTION SUMMARY FOR E=   8.50000 ###########

 Center-of-mass energy:    8.203

 1. Total (binary) cross sections

 Total           = 1.89264E+03
   Shape elastic   = 7.65529E+02
   Reaction        = 1.12712E+03
     Compound elastic= 9.61033E+01
     Non-elastic     = 1.03102E+03
       Direct          = 5.20479E+01
       Pre-equilibrium = 0.00000E+00
       Compound non-el = 9.78969E+02
     Total elastic   = 8.61632E+02

 2. Binary non-elastic cross sections (non-exclusive)

 gamma   = 2.64948E-01
 neutron = 5.80512E+02
 proton  = 2.81589E+02
 deuteron= 0.00000E+00
 triton  = 0.00000E+00
 helium-3= 0.00000E+00
 alpha   = 1.68653E+02

 3. Total particle production cross sections

 gamma   = 1.43520E+01    Multiplicity= 1.39203E-02
 neutron = 5.80640E+02    Multiplicity= 5.63172E-01
 proton  = 2.81591E+02    Multiplicity= 2.73120E-01
 deuteron= 0.00000E+00    Multiplicity= 0.00000E+00
 triton  = 0.00000E+00    Multiplicity= 0.00000E+00
 helium-3= 0.00000E+00    Multiplicity= 0.00000E+00
 alpha   = 1.68653E+02    Multiplicity= 1.63580E-01

 4. Residual production cross sections

   a. Per isotope

   Z   A  nuclide    total     level   isomeric    isomeric    lifetime
                 cross section       cross section  ratio

   14  29 ( 29Si) 1.34151E-01    0    1.34151E-01  1.00000
   14  28 ( 28Si) 5.80640E+02    0    5.80640E+02  1.00000
   13  28 ( 28Al) 2.81591E+02    0    2.81591E+02  1.00000
   12  25 ( 25Mg) 1.68653E+02    0    1.68653E+02  1.00000

   b. Per mass

   A  cross section

   29 1.34151E-01
   28 8.62231E+02
   25 1.68653E+02

 Total residual production cross section:  1031.0186768
 Non-elastic cross section              :  1031.0167236

 6. Exclusive cross sections

 6a. Total exclusive cross sections 

     Emitted particles     cross section reaction         level    isomeric    isomeric    lifetime relative yield
    n   p   d   t   h   a                                        cross section   ratio
    0   0   0   0   0   0    1.34151E-01  (n,g)                                                     1.30132E-04
    1   0   0   0   0   0    5.80512E+02  (n,n')                                                    5.63118E-01
    0   1   0   0   0   0    2.81589E+02  (n,p)                                                     2.73152E-01
    0   0   0   0   0   1    1.68653E+02  (n,a)                                                     1.63600E-01

 Absorption cross section                 :   450.37610

 Sum over exclusive channel cross sections:  1030.88794
 (n,gn) + (n,gp) +...(n,ga) cross sections:     0.13080
 Total                                    :  1031.01868
 Non-elastic cross section                :  1031.01672

 ########## RESULTS FOR E=   9.00000 ##########

 Energy dependent input flags

 Width fluctuations (flagwidth)            : y
 Unresolved resonance parameters (flagurr) : n
 Preequilibrium (flagpreeq)                : n
 Multiple preequilibrium (flagmulpre)      : n
 Number of continuum excitation energy bins: 40

 ########### REACTION SUMMARY FOR E=   9.00000 ###########

 Center-of-mass energy:    8.685

 1. Total (binary) cross sections

 Total           = 1.85668E+03
   Shape elastic   = 7.40751E+02
   Reaction        = 1.11593E+03
     Compound elastic= 7.19503E+01
     Non-elastic     = 1.04398E+03
       Direct          = 5.21439E+01
       Pre-equilibrium = 0.00000E+00
       Compound non-el = 9.91836E+02
     Total elastic   = 8.12701E+02

 2. Binary non-elastic cross sections (non-exclusive)

 gamma   = 2.67431E-01
 neutron = 5.64078E+02
 proton  = 2.97848E+02
 deuteron= 0.00000E+00
 triton  = 0.00000E+00
 helium-3= 0.00000E+00
 alpha   = 1.81789E+02

 3. Total particle production cross sections

 gamma   = 3.93146E+01    Multiplicity= 3.76584E-02
 neutron = 5.64219E+02    Multiplicity= 5.40451E-01
 proton  = 2.97851E+02    Multiplicity= 2.85304E-01
 deuteron= 0.00000E+00    Multiplicity= 0.00000E+00
 triton  = 0.00000E+00    Multiplicity= 0.00000E+00
 helium-3= 0.00000E+00    Multiplicity= 0.00000E+00
 alpha   = 1.81790E+02    Multiplicity= 1.74132E-01

 4. Residual production cross sections

   a. Per isotope

   Z   A  nuclide    total     level   isomeric    isomeric    lifetime
                 cross section       cross section  ratio

   14  29 ( 29Si) 1.21988E-01    0    1.21988E-01  1.00000
   14  28 ( 28Si) 5.64219E+02    0    5.64219E+02  1.00000
   13  28 ( 28Al) 2.97851E+02    0    2.97851E+02  1.00000
   12  25 ( 25Mg) 1.81790E+02    0    1.81790E+02  1.00000

   b. Per mass

   A  cross section

   29 1.21988E-01
   28 8.62070E+02
   25 1.81790E+02

 Total residual production cross section:  1043.9827881
 Non-elastic cross section              :  1043.9797363

 6. Exclusive cross sections

 6a. Total exclusive cross sections 

     Emitted particles     cross section reaction         level    isomeric    isomeric    lifetime relative yield
    n   p   d   t   h   a                                        cross section   ratio
    0   0   0   0   0   0    1.21988E-01  (n,g)                                                     1.16865E-04
    1   0   0   0   0   0    5.64078E+02  (n,n')                                                    5.40389E-01
    0   1   0   0   0   0    2.97847E+02  (n,p)                                                     2.85339E-01
    0   0   0   0   0   1    1.81789E+02  (n,a)                                                     1.74155E-01

 Absorption cross section                 :   479.75894

 Sum over exclusive channel cross sections:  1043.83740
 (n,gn) + (n,gp) +...(n,ga) cross sections:     0.14544
 Total                                    :  1043.98279
 Non-elastic cross section                :  1043.97974

 ########## RESULTS FOR E=   9.50000 ##########

 Energy dependent input flags

 Width fluctuations (flagwidth)            : y
 Unresolved resonance parameters (flagurr) : n
 Preequilibrium (flagpreeq)                : n
 Multiple preequilibrium (flagmulpre)      : n
 Number of continuum excitation energy bins: 40

 ########### REACTION SUMMARY FOR E=   9.50000 ###########

 Center-of-mass energy:    9.168

 1. Total (binary) cross sections

 Total           = 1.82879E+03
   Shape elastic   = 7.21887E+02
   Reaction        = 1.10690E+03
     Compound elastic= 5.42680E+01
     Non-elastic     = 1.05263E+03
       Direct          = 5.20381E+01
       Pre-equilibrium = 0.00000E+00
       Compound non-el = 1.00059E+03
     Total elastic   = 7.76155E+02

 2. Binary non-elastic cross sections (non-exclusive)

 gamma   = 2.73410E-01
 neutron = 5.51406E+02
 proton  = 3.12876E+02
 deuteron= 0.00000E+00
 triton  = 0.00000E+00
 helium-3= 0.00000E+00
 alpha   = 1.88080E+02

 3. Total particle production cross sections

 gamma   = 7.52754E+01    Multiplicity= 7.15116E-02
 neutron = 5.51558E+02    Multiplicity= 5.23979E-01
 proton  = 3.12881E+02    Multiplicity= 2.97237E-01
 deuteron= 0.00000E+00    Multiplicity= 0.00000E+00
 triton  = 0.00000E+00    Multiplicity= 0.00000E+00
 helium-3= 0.00000E+00    Multiplicity= 0.00000E+00
 alpha   = 1.88081E+02    Multiplicity= 1.78677E-01

 4. Residual production cross sections

   a. Per isotope

   Z   A  nuclide    total     level   isomeric    isomeric    lifetime
                 cross section       cross section  ratio

   14  29 ( 29Si) 1.15215E-01    0    1.15215E-01  1.00000
   14  28 ( 28Si) 5.51558E+02    0    5.51558E+02  1.00000
   13  28 ( 28Al) 3.12881E+02    0    3.12881E+02  1.00000
   12  25 ( 25Mg) 1.88081E+02    0    1.88081E+02  1.00000

   b. Per mass

   A  cross section

   29 1.15215E-01
   28 8.64439E+02
   25 1.88081E+02

 Total residual production cross section:  1052.6352539
 Non-elastic cross section              :  1052.6320801

 6. Exclusive cross sections

 6a. Total exclusive cross sections 

     Emitted particles     cross section reaction         level    isomeric    isomeric    lifetime relative yield
    n   p   d   t   h   a                                        cross section   ratio
    0   0   0   0   0   0    1.15215E-01  (n,g)                                                     1.09470E-04
    1   0   0   0   0   0    5.51406E+02  (n,n')                                                    5.23913E-01
    0   1   0   0   0   0    3.12876E+02  (n,p)                                                     2.97276E-01
    0   0   0   0   0   1    1.88080E+02  (n,a)                                                     1.78702E-01

 Absorption cross section                 :   501.07077

 Sum over exclusive channel cross sections:  1052.47705
 (n,gn) + (n,gp) +...(n,ga) cross sections:     0.15820
 Total                                    :  1052.63525
 Non-elastic cross section                :  1052.63208

 ########## RESULTS FOR E=  10.00000 ##########

 Energy dependent input flags

 Width fluctuations (flagwidth)            : y
 Unresolved resonance parameters (flagurr) : n
 Preequilibrium (flagpreeq)                : y
 Multiple preequilibrium (flagmulpre)      : n
 Number of continuum excitation energy bins: 40

 ########### REACTION SUMMARY FOR E=  10.00000 ###########

 Center-of-mass energy:    9.650

 1. Total (binary) cross sections

 Total           = 1.80807E+03
   Shape elastic   = 7.08451E+02
   Reaction        = 1.09962E+03
     Compound elastic= 4.17543E+01
     Non-elastic     = 1.05787E+03
       Direct          = 5.34649E+01
       Pre-equilibrium = 3.26602E+00
       Giant resonance = 0.00000E+00
       Compound non-el = 1.00113E+03
     Total elastic   = 7.50205E+02

 2. Binary non-elastic cross sections (non-exclusive)

 gamma   = 4.98187E-01
 neutron = 5.38153E+02
 proton  = 3.27883E+02
 deuteron= 6.58818E-13
 triton  = 0.00000E+00
 helium-3= 0.00000E+00
 alpha   = 1.91335E+02

 3. Total particle production cross sections

 gamma   = 1.20295E+02    Multiplicity= 1.13715E-01
 neutron = 5.38329E+02    Multiplicity= 5.08882E-01
 proton  = 3.27891E+02    Multiplicity= 3.09956E-01
 deuteron= 6.58818E-13    Multiplicity= 6.22781E-16
 triton  = 0.00000E+00    Multiplicity= 0.00000E+00
 helium-3= 0.00000E+00    Multiplicity= 0.00000E+00
 alpha   = 1.91337E+02    Multiplicity= 1.80871E-01

 4. Residual production cross sections

   a. Per isotope

   Z   A  nuclide    total     level   isomeric    isomeric    lifetime
                 cross section       cross section  ratio

   14  29 ( 29Si) 3.12410E-01    0    3.12410E-01  1.00000
   14  28 ( 28Si) 5.38329E+02    0    5.38329E+02  1.00000
   13  28 ( 28Al) 3.27891E+02    0    3.27891E+02  1.00000
   12  25 ( 25Mg) 1.91338E+02    0    1.91338E+02  1.00000

   b. Per mass

   A  cross section

   29 3.12410E-01
   28 8.66220E+02
   25 1.91338E+02

 Total residual production cross section:  1057.8706055
 Non-elastic cross section              :  1057.8657227

 6. Exclusive cross sections

 6a. Total exclusive cross sections 

     Emitted particles     cross section reaction         level    isomeric    isomeric    lifetime relative yield
    n   p   d   t   h   a                                        cross section   ratio
    0   0   0   0   0   0    3.12409E-01  (n,g)                                                     2.95371E-04
    1   0   0   0   0   0    5.38153E+02  (n,n')                                                    5.08803E-01
    0   1   0   0   0   0    3.27883E+02  (n,p)                                                     3.10001E-01
    0   0   0   0   0   1    1.91336E+02  (n,a)                                                     1.80901E-01

 Absorption cross section                 :   519.53137

 Sum over exclusive channel cross sections:  1057.68408
 (n,gn) + (n,gp) +...(n,ga) cross sections:     0.18656
 Total                                    :  1057.87061
 Non-elastic cross section                :  1057.86572

 ########## RESULTS FOR E=  12.00000 ##########

 Energy dependent input flags

 Width fluctuations (flagwidth)            : y
 Unresolved resonance parameters (flagurr) : n
 Preequilibrium (flagpreeq)                : y
 Multiple preequilibrium (flagmulpre)      : n
 Number of continuum excitation energy bins: 40

 ########### REACTION SUMMARY FOR E=  12.00000 ###########

 Center-of-mass energy:   11.580

 1. Total (binary) cross sections

 Total           = 1.77545E+03
   Shape elastic   = 6.98797E+02
   Reaction        = 1.07665E+03
     Compound elastic= 1.55323E+01
     Non-elastic     = 1.06112E+03
       Direct          = 5.61302E+01
       Pre-equilibrium = 4.18652E+01
       Giant resonance = 1.19294E+01
       Compound non-el = 9.51193E+02
     Total elastic   = 7.14329E+02

 2. Binary non-elastic cross sections (non-exclusive)

 gamma   = 7.30107E-01
 neutron = 5.16756E+02
 proton  = 3.56650E+02
 deuteron= 4.65743E+00
 triton  = 0.00000E+00
 helium-3= 0.00000E+00
 alpha   = 1.82329E+02

 3. Total particle production cross sections

 gamma   = 4.60061E+02    Multiplicity= 4.33562E-01
 neutron = 5.17003E+02    Multiplicity= 4.87225E-01
 proton  = 3.56674E+02    Multiplicity= 3.36130E-01
 deuteron= 4.65743E+00    Multiplicity= 4.38917E-03
 triton  = 0.00000E+00    Multiplicity= 0.00000E+00
 helium-3= 0.00000E+00    Multiplicity= 0.00000E+00
 alpha   = 1.82425E+02    Multiplicity= 1.71918E-01

 4. Residual production cross sections

   a. Per isotope

   Z   A  nuclide    total     level   isomeric    isomeric    lifetime
                 cross section       cross section  ratio

   14  29 ( 29Si) 4.51451E-01    0    4.51451E-01  1.00000
   14  28 ( 28Si) 5.16915E+02    0    5.16915E+02  1.00000
   13  28 ( 28Al) 3.56674E+02    0    3.56674E+02  1.00000
   13  27 ( 27Al) 4.65743E+00    0    4.65743E+00  1.00000
   12  25 ( 25Mg) 1.82399E+02    0    1.82399E+02  1.00000
   12  24 ( 24Mg) 8.74915E-02    0    8.74915E-02  1.00000

   b. Per mass

   A  cross section

   29 4.51451E-01
   28 8.73589E+02
   27 4.65743E+00
   25 1.82399E+02
   24 8.74915E-02

 Total residual production cross section:  1061.1843262
 Non-elastic cross section              :  1061.1176758

 6. Exclusive cross sections

 6a. Total exclusive cross sections 

     Emitted particles     cross section reaction         level    isomeric    isomeric    lifetime relative yield
    n   p   d   t   h   a                                        cross section   ratio
    0   0   0   0   0   0    4.51451E-01  (n,g)                                                     4.25534E-04
    1   0   0   0   0   0    5.16668E+02  (n,n')                                                    4.87007E-01
    0   1   0   0   0   0    3.56650E+02  (n,p)                                                     3.36175E-01
    0   0   1   0   0   0    4.65743E+00  (n,d)                                                     4.39005E-03
    0   0   0   0   0   1    1.82390E+02  (n,a)                                                     1.71920E-01
    1   0   0   0   0   1    8.74915E-02  (n,na)                                                    8.24688E-05

 Absorption cross section                 :   544.14856

 Sum over exclusive channel cross sections:  1060.90430
 (n,gn) + (n,gp) +...(n,ga) cross sections:     0.28008
 Total                                    :  1061.18433
 Non-elastic cross section                :  1061.11768

 ########## RESULTS FOR E=  14.00000 ##########

 Energy dependent input flags

 Width fluctuations (flagwidth)            : y
 Unresolved resonance parameters (flagurr) : n
 Preequilibrium (flagpreeq)                : y
 Multiple preequilibrium (flagmulpre)      : n
 Number of continuum excitation energy bins: 40

 ########### REACTION SUMMARY FOR E=  14.00000 ###########

 Center-of-mass energy:   13.509

 1. Total (binary) cross sections

 Total           = 1.78078E+03
   Shape elastic   = 7.34720E+02
   Reaction        = 1.04606E+03
     Compound elastic= 5.73618E+00
     Non-elastic     = 1.04032E+03
       Direct          = 6.21702E+01
       Pre-equilibrium = 1.08635E+02
       Giant resonance = 1.51341E+01
       Compound non-el = 8.54385E+02
     Total elastic   = 7.40456E+02

 2. Binary non-elastic cross sections (non-exclusive)

 gamma   = 1.00279E+00
 neutron = 4.88981E+02
 proton  = 3.62635E+02
 deuteron= 1.71608E+01
 triton  = 0.00000E+00
 helium-3= 1.14741E-06
 alpha   = 1.70549E+02

 3. Total particle production cross sections

 gamma   = 6.42602E+02    Multiplicity= 6.17694E-01
 neutron = 5.03755E+02    Multiplicity= 4.84229E-01
 proton  = 4.48262E+02    Multiplicity= 4.30887E-01
 deuteron= 1.71609E+01    Multiplicity= 1.64957E-02
 triton  = 0.00000E+00    Multiplicity= 0.00000E+00
 helium-3= 1.14741E-06    Multiplicity= 1.10293E-09
 alpha   = 1.87783E+02    Multiplicity= 1.80504E-01

 4. Residual production cross sections

   a. Per isotope

   Z   A  nuclide    total     level   isomeric    isomeric    lifetime
                 cross section       cross section  ratio

   14  29 ( 29Si) 6.17666E-01    0    6.17666E-01  1.00000
   14  28 ( 28Si) 3.86508E+02    0    3.86508E+02  1.00000
   13  28 ( 28Al) 3.50036E+02    0    3.50036E+02  1.00000
   13  27 ( 27Al) 1.15387E+02    0    1.15387E+02  1.00000
   12  25 ( 25Mg) 1.69037E+02    0    1.69037E+02  1.00000
   12  24 ( 24Mg) 1.90214E+01    0    1.90214E+01  1.00000

   b. Per mass

   A  cross section

   29 6.17666E-01
   28 7.36544E+02
   27 1.15387E+02
   25 1.69037E+02
   24 1.90214E+01

 Total residual production cross section:  1040.6070557
 Non-elastic cross section              :  1040.3238525

 6. Exclusive cross sections

 6a. Total exclusive cross sections 

     Emitted particles     cross section reaction         level    isomeric    isomeric    lifetime relative yield
    n   p   d   t   h   a                                        cross section   ratio
    0   0   0   0   0   0    6.17666E-01  (n,g)                                                     5.93784E-04
    1   0   0   0   0   0    3.86190E+02  (n,n')                                                    3.71258E-01
    0   1   0   0   0   0    3.49985E+02  (n,p)                                                     3.36453E-01
    0   0   1   0   0   0    1.71608E+01  (n,d)                                                     1.64973E-02
    0   0   0   0   1   0    1.14741E-06  (n,h)                                                     1.10304E-09
    0   0   0   0   0   1    1.69018E+02  (n,a)                                                     1.62483E-01
    1   1   0   0   0   0    9.82260E+01  (n,np)                                                    9.44281E-02
    1   0   0   0   0   1    1.90214E+01  (n,na)                                                    1.82860E-02

 Absorption cross section                 :   536.78162

 Sum over exclusive channel cross sections:  1040.21936
 (n,gn) + (n,gp) +...(n,ga) cross sections:     0.38772
 Total                                    :  1040.60706
 Non-elastic cross section                :  1040.32385

 ########## RESULTS FOR E=  16.00000 ##########

 Energy dependent input flags

 Width fluctuations (flagwidth)            : y
 Unresolved resonance parameters (flagurr) : n
 Preequilibrium (flagpreeq)                : y
 Multiple preequilibrium (flagmulpre)      : n
 Number of continuum excitation energy bins: 40

 ########### REACTION SUMMARY FOR E=  16.00000 ###########

 Center-of-mass energy:   15.439

 1. Total (binary) cross sections

 Total           = 1.79627E+03
   Shape elastic   = 7.89927E+02
   Reaction        = 1.00634E+03
     Compound elastic= 1.98347E+00
     Non-elastic     = 1.00436E+03
       Direct          = 6.43197E+01
       Pre-equilibrium = 1.82488E+02
       Giant resonance = 1.69721E+01
       Compound non-el = 7.40577E+02
     Total elastic   = 7.91910E+02

 2. Binary non-elastic cross sections (non-exclusive)

 gamma   = 1.19380E+00
 neutron = 4.65083E+02
 proton  = 3.52756E+02
 deuteron= 2.53713E+01
 triton  = 0.00000E+00
 helium-3= 1.85579E-02
 alpha   = 1.59939E+02

 3. Total particle production cross sections

 gamma   = 4.88068E+02    Multiplicity= 4.85951E-01
 neutron = 6.26175E+02    Multiplicity= 6.23459E-01
 proton  = 5.40687E+02    Multiplicity= 5.38342E-01
 deuteron= 2.53720E+01    Multiplicity= 2.52619E-02
 triton  = 0.00000E+00    Multiplicity= 0.00000E+00
 helium-3= 1.85579E-02    Multiplicity= 1.84774E-05
 alpha   = 1.96731E+02    Multiplicity= 1.95878E-01

 4. Residual production cross sections

   a. Per isotope

   Z   A  nuclide    total     level   isomeric    isomeric    lifetime
                 cross section       cross section  ratio

   14  29 ( 29Si) 7.03539E-01    0    7.03539E-01  1.00000
   14  28 ( 28Si) 2.40855E+02    0    2.40855E+02  1.00000
   13  28 ( 28Al) 2.24903E+02    0    2.24903E+02  1.00000
   13  27 ( 27Al) 3.41168E+02    0    3.41168E+02  1.00000
   12  26 ( 26Mg) 1.85579E-02    0    1.85579E-02  1.00000
   12  25 ( 25Mg) 1.27733E+02    0    1.27733E+02  1.00000
   12  24 ( 24Mg) 6.95379E+01    0    6.95379E+01  1.00000

   b. Per mass

   A  cross section

   29 7.03539E-01
   28 4.65758E+02
   27 3.41168E+02
   26 1.85579E-02
   25 1.27733E+02
   24 6.95379E+01

 Total residual production cross section:  1004.9188843
 Non-elastic cross section              :  1004.3565674

 6. Exclusive cross sections

 6a. Total exclusive cross sections 

     Emitted particles     cross section reaction         level    isomeric    isomeric    lifetime relative yield
    n   p   d   t   h   a                                        cross section   ratio
    0   0   0   0   0   0    7.03539E-01  (n,g)                                                     7.00440E-04
    1   0   0   0   0   0    2.40481E+02  (n,n')                                                    2.39421E-01
    0   1   0   0   0   0    2.24817E+02  (n,p)                                                     2.23827E-01
    0   0   1   0   0   0    2.53847E+01  (n,d)                                                     2.52729E-02
    0   0   0   0   1   0    1.85579E-02  (n,h)                                                     1.84761E-05
    0   0   0   0   0   1    1.27700E+02  (n,a)                                                     1.27138E-01
    1   1   0   0   0   0    3.15781E+02  (n,np)                                                    3.14390E-01
    0   2   0   0   0   0    4.36686E-04  (n,2p)                                                    4.34762E-07
    1   0   0   0   0   1    6.95375E+01  (n,na)                                                    6.92312E-02

 Absorption cross section                 :   378.62494

 Sum over exclusive channel cross sections:  1004.42413
 (n,gn) + (n,gp) +...(n,ga) cross sections:     0.49495
 Total                                    :  1004.91907
 Non-elastic cross section                :  1004.35657

 ########## RESULTS FOR E=  18.00000 ##########

 Energy dependent input flags

 Width fluctuations (flagwidth)            : n
 Unresolved resonance parameters (flagurr) : n
 Preequilibrium (flagpreeq)                : y
 Multiple preequilibrium (flagmulpre)      : n
 Number of continuum excitation energy bins: 40

 ########### REACTION SUMMARY FOR E=  18.00000 ###########

 Center-of-mass energy:   17.368

 1. Total (binary) cross sections

 Total           = 1.81691E+03
   Shape elastic   = 8.50777E+02
   Reaction        = 9.66136E+02
     Compound elastic= 3.09254E-01
     Non-elastic     = 9.65827E+02
       Direct          = 6.38393E+01
       Pre-equilibrium = 2.57809E+02
       Giant resonance = 1.76189E+01
       Compound non-el = 6.26559E+02
     Total elastic   = 8.51086E+02

 2. Binary non-elastic cross sections (non-exclusive)

 gamma   = 1.27527E+00
 neutron = 4.47324E+02
 proton  = 3.34702E+02
 deuteron= 3.09825E+01
 triton  = 3.21173E-03
 helium-3= 1.45673E-01
 alpha   = 1.51394E+02

 3. Total particle production cross sections

 gamma   = 3.19425E+02    Multiplicity= 3.30727E-01
 neutron = 7.39259E+02    Multiplicity= 7.65415E-01
 proton  = 5.63022E+02    Multiplicity= 5.82943E-01
 deuteron= 3.09843E+01    Multiplicity= 3.20806E-02
 triton  = 3.21173E-03    Multiplicity= 3.32537E-06
 helium-3= 1.45674E-01    Multiplicity= 1.50828E-04
 alpha   = 2.10163E+02    Multiplicity= 2.17599E-01

 4. Residual production cross sections

   a. Per isotope

   Z   A  nuclide    total     level   isomeric    isomeric    lifetime
                 cross section       cross section  ratio

   14  29 ( 29Si) 6.82298E-01    0    6.82298E-01  1.00000
   14  28 ( 28Si) 1.61111E+02    0    1.61111E+02  1.00000
   13  28 ( 28Al) 1.20698E+02    0    1.20698E+02  1.00000
   14  27 ( 27Si) 3.25012E-02    0    3.25012E-02  1.00000
   13  27 ( 27Al) 4.72754E+02    0    4.72754E+02  1.00000
   12  27 ( 27Mg) 3.09169E-01    0    3.09169E-01  1.00000
   13  26 ( 26Al) 3.21173E-03    0    3.15192E-03  0.98138
                                 1    5.98095E-05  0.01862   6.34500E+00 sec. 
   12  26 ( 26Mg) 1.45674E-01    0    1.45674E-01  1.00000
   12  25 ( 25Mg) 7.45885E+01    0    7.45885E+01  1.00000
   12  24 ( 24Mg) 1.36377E+02    0    1.36377E+02  1.00000

   b. Per mass

   A  cross section

   29 6.82298E-01
   28 2.81809E+02
   27 4.73095E+02
   26 1.48886E-01
   25 7.45885E+01
   24 1.36377E+02

 Total residual production cross section:   966.7009888
 Non-elastic cross section              :   965.8267212

 6. Exclusive cross sections

 6a. Total exclusive cross sections 

     Emitted particles     cross section reaction         level    isomeric    isomeric    lifetime relative yield
    n   p   d   t   h   a                                        cross section   ratio
    0   0   0   0   0   0    6.82298E-01  (n,g)                                                     7.06239E-04
    1   0   0   0   0   0    1.60688E+02  (n,n')                                                    1.66327E-01
    0   1   0   0   0   0    1.20580E+02  (n,p)                                                     1.24811E-01
    0   0   1   0   0   0    3.10316E+01  (n,d)                                                     3.21204E-02
    0   0   0   1   0   0    3.21173E-03  (n,t)                                                     3.32442E-06
                                                             0     3.15192E-03  0.98138
                                                             1     5.98095E-05  0.01862   6.34500E+00 sec. 
    0   0   0   0   1   0    1.45673E-01  (n,h)                                                     1.50785E-04
    0   0   0   0   0   1    7.45428E+01  (n,a)                                                     7.71584E-02
    2   0   0   0   0   0    3.25012E-02  (n,2n)                                                    3.36417E-05
    1   1   0   0   0   0    4.41710E+02  (n,np)                                                    4.57209E-01
    0   2   0   0   0   0    3.09169E-01  (n,2p)                                                    3.20017E-04
    1   0   0   0   0   1    1.36375E+02  (n,na)                                                    1.41161E-01
    0   1   0   0   0   1    1.02807E-06  (n,pa)                                                    1.06414E-09
    0   0   0   0   0   2    3.60976E-05  (n,2a)                                                    3.73642E-08

 Absorption cross section                 :   227.29428

 Sum over exclusive channel cross sections:   966.10052
 (n,gn) + (n,gp) +...(n,ga) cross sections:     0.60048
 Total                                    :   966.70099
 Non-elastic cross section                :   965.82672

 ########## RESULTS FOR E=  20.00000 ##########

 Energy dependent input flags

 Width fluctuations (flagwidth)            : n
 Unresolved resonance parameters (flagurr) : n
 Preequilibrium (flagpreeq)                : y
 Multiple preequilibrium (flagmulpre)      : y
 Number of continuum excitation energy bins: 40

 ########### REACTION SUMMARY FOR E=  20.00000 ###########

 Center-of-mass energy:   19.297

 1. Total (binary) cross sections

 Total           = 1.84194E+03
   Shape elastic   = 9.11668E+02
   Reaction        = 9.30271E+02
     Compound elastic= 1.01307E-01
     Non-elastic     = 9.30170E+02
       Direct          = 6.13791E+01
       Pre-equilibrium = 3.26599E+02
       Giant resonance = 1.77474E+01
       Compound non-el = 5.24444E+02
     Total elastic   = 9.11769E+02

 2. Binary non-elastic cross sections (non-exclusive)

 gamma   = 1.31021E+00
 neutron = 4.35514E+02
 proton  = 3.13295E+02
 deuteron= 3.57772E+01
 triton  = 3.60244E-01
 helium-3= 3.44448E-01
 alpha   = 1.43568E+02

 3. Total particle production cross sections

 gamma   = 2.75714E+02    Multiplicity= 2.96413E-01
 neutron = 7.89405E+02    Multiplicity= 8.48668E-01
 proton  = 5.58262E+02    Multiplicity= 6.00172E-01
 deuteron= 3.57805E+01    Multiplicity= 3.84666E-02
 triton  = 3.60244E-01    Multiplicity= 3.87289E-04
 helium-3= 3.44454E-01    Multiplicity= 3.70313E-04
 alpha   = 2.11473E+02    Multiplicity= 2.27349E-01

 4. Residual production cross sections

   a. Per isotope

   Z   A  nuclide    total     level   isomeric    isomeric    lifetime
                 cross section       cross section  ratio

   14  29 ( 29Si) 6.06891E-01    0    6.06891E-01  1.00000
   14  28 ( 28Si) 1.20838E+02    0    1.20838E+02  1.00000
   13  28 ( 28Al) 6.55810E+01    0    6.55810E+01  1.00000
   14  27 ( 27Si) 6.01446E+00    0    6.01446E+00  1.00000
   13  27 ( 27Al) 5.21716E+02    0    5.21716E+02  1.00000
   12  27 ( 27Mg) 3.42700E+00    0    3.42700E+00  1.00000
   13  26 ( 26Al) 3.60236E-01    0    3.17401E-01  0.88109
                                 1    4.28341E-02  0.11891   6.34500E+00 sec. 
   12  26 ( 26Mg) 3.45572E-01    0    3.45572E-01  1.00000
   12  25 ( 25Mg) 4.16484E+01    0    4.16484E+01  1.00000
   12  24 ( 24Mg) 1.70737E+02    0    1.70737E+02  1.00000
   11  24 ( 24Na) 2.37059E-02    0    2.37059E-02  1.00000
   10  21 ( 21Ne) 4.72894E-02    0    4.72894E-02  1.00000

   b. Per mass

   A  cross section

   29 6.06891E-01
   28 1.86419E+02
   27 5.31157E+02
   26 7.05808E-01
   25 4.16484E+01
   24 1.70760E+02
   21 4.72894E-02

 Total residual production cross section:   931.3449707
 Non-elastic cross section              :   930.1696777

 6. Exclusive cross sections

 6a. Total exclusive cross sections 

     Emitted particles     cross section reaction         level    isomeric    isomeric    lifetime relative yield
    n   p   d   t   h   a                                        cross section   ratio
    0   0   0   0   0   0    6.06891E-01  (n,g)                                                     6.52128E-04
    1   0   0   0   0   0    1.20355E+02  (n,n')                                                    1.29326E-01
    0   1   0   0   0   0    6.54430E+01  (n,p)                                                     7.03211E-02
    0   0   1   0   0   0    3.58351E+01  (n,d)                                                     3.85062E-02
    0   0   0   1   0   0    3.60235E-01  (n,t)                                                     3.87087E-04
                                                             0     3.17401E-01  0.88109
                                                             1     4.28341E-02  0.11891   6.34500E+00 sec. 
    0   0   0   0   1   0    3.44442E-01  (n,h)                                                     3.70116E-04
    0   0   0   0   0   1    4.15942E+01  (n,a)                                                     4.46947E-02
    2   0   0   0   0   0    6.01445E+00  (n,2n)                                                    6.46277E-03
    1   1   0   0   0   0    4.85848E+02  (n,np)                                                    5.22063E-01
    0   2   0   0   0   0    3.42700E+00  (n,2p)                                                    3.68244E-03
    0   1   1   0   0   0    1.12537E-03  (n,pd)                                                    1.20925E-06
    1   0   0   0   0   1    1.70731E+02  (n,na)                                                    1.83457E-01
    0   1   0   0   0   1    2.37059E-02  (n,pa)                                                    2.54729E-05
    0   0   0   0   0   2    4.72894E-02  (n,2a)                                                    5.08143E-05

 Absorption cross section                 :   147.68304

 Sum over exclusive channel cross sections:   930.63092
 (n,gn) + (n,gp) +...(n,ga) cross sections:     0.71381
 Total                                    :   931.34473
 Non-elastic cross section                :   930.16968

 ########## EXCITATION FUNCTIONS ###########

 1. Total (binary) cross sections

   Energy    Non-elastic  Elastic     Total    Comp. el.  Shape el.  Reaction   Comp non-el  Direct   Pre-equil.

  1.00000E-01 1.58325E+00 4.78838E+03 4.78996E+03 2.67072E+03 2.11766E+03 2.67230E+03 1.58325E+00 0.00000E+00 0.0
  2.00000E-01 1.21704E+00 4.91025E+03 4.91148E+03 2.81457E+03 2.09568E+03 2.81579E+03 1.21704E+00 0.00000E+00 0.0
  4.00000E-01 8.80127E-01 4.91957E+03 4.92045E+03 2.76512E+03 2.15445E+03 2.76600E+03 8.80127E-01 0.00000E+00 0.0
  6.00000E-01 7.00684E-01 4.75183E+03 4.75252E+03 2.52724E+03 2.22459E+03 2.52794E+03 7.00684E-01 0.00000E+00 0.0
  8.00000E-01 6.03271E-01 4.53630E+03 4.53690E+03 2.27291E+03 2.26339E+03 2.27351E+03 6.03271E-01 0.00000E+00 0.0
  1.00000E+00 5.51758E-01 4.32071E+03 4.32126E+03 2.05200E+03 2.26871E+03 2.05255E+03 5.51758E-01 0.00000E+00 0.0
  1.20000E+00 5.24658E-01 4.12022E+03 4.12075E+03 1.87257E+03 2.24765E+03 1.87309E+03 5.24658E-01 0.00000E+00 0.0
  1.40000E+00 5.13672E-01 3.93836E+03 3.93888E+03 1.73064E+03 2.20772E+03 1.73115E+03 5.13672E-01 0.00000E+00 0.0
  1.60000E+00 5.13672E-01 3.77465E+03 3.77517E+03 1.61966E+03 2.15499E+03 1.62017E+03 5.13672E-01 0.00000E+00 0.0
  1.80000E+00 5.21484E-01 3.62738E+03 3.62790E+03 1.53336E+03 2.09402E+03 1.53388E+03 5.21484E-01 0.00000E+00 0.0
  2.00000E+00 2.73631E+02 3.22147E+03 3.49509E+03 1.19347E+03 2.02800E+03 1.46710E+03 2.62883E+02 1.07479E+01 0.0
  2.20000E+00 4.25919E+02 2.94897E+03 3.37489E+03 9.89641E+02 1.95933E+03 1.41556E+03 4.01459E+02 2.44600E+01 0.0
  2.40000E+00 4.98429E+02 2.76721E+03 3.26564E+03 8.77491E+02 1.88972E+03 1.37592E+03 4.65252E+02 3.31769E+01 0.0
  2.60000E+00 5.37865E+02 2.62806E+03 3.16592E+03 8.07665E+02 1.82039E+03 1.34553E+03 4.99895E+02 3.79692E+01 0.0
  2.80000E+00 5.62537E+02 2.51196E+03 3.07450E+03 7.59763E+02 1.75220E+03 1.32230E+03 5.22109E+02 4.04279E+01 0.0
  3.00000E+00 5.80132E+02 2.41022E+03 2.99035E+03 7.24448E+02 1.68577E+03 1.30458E+03 5.38502E+02 4.16291E+01 0.0
  3.20000E+00 5.94071E+02 2.31852E+03 2.91259E+03 6.96989E+02 1.62153E+03 1.29106E+03 5.51874E+02 4.21970E+01 0.0
  3.40000E+00 6.05961E+02 2.23451E+03 2.84047E+03 6.74729E+02 1.55978E+03 1.28069E+03 5.63485E+02 4.24751E+01 0.0
  3.60000E+00 6.16575E+02 2.15677E+03 2.77335E+03 6.56075E+02 1.50070E+03 1.27265E+03 5.73931E+02 4.26442E+01 0.0
  3.80000E+00 6.26287E+02 2.08438E+03 2.71067E+03 6.39963E+02 1.44442E+03 1.26625E+03 5.83492E+02 4.27952E+01 0.0
  4.00000E+00 6.35268E+02 2.01670E+03 2.65197E+03 6.25682E+02 1.39102E+03 1.26095E+03 5.92301E+02 4.29665E+01 0.0
  4.20000E+00 6.43595E+02 1.95316E+03 2.59676E+03 6.12755E+02 1.34041E+03 1.25635E+03 6.00421E+02 4.31747E+01 0.0
  4.40000E+00 6.51283E+02 1.89340E+03 2.54468E+03 6.00797E+02 1.29260E+03 1.25208E+03 6.07866E+02 4.34167E+01 0.0
  4.60000E+00 6.58374E+02 1.83704E+03 2.49541E+03 5.89506E+02 1.24753E+03 1.24788E+03 6.14689E+02 4.36848E+01 0.0
  4.80000E+00 6.67653E+02 1.78102E+03 2.44866E+03 5.75897E+02 1.20512E+03 1.24355E+03 6.23685E+02 4.39681E+01 0.0
  5.00000E+00 6.97395E+02 1.70678E+03 2.40418E+03 5.41535E+02 1.16525E+03 1.23893E+03 6.53043E+02 4.43519E+01 0.0
  5.20000E+00 7.23357E+02 1.63839E+03 2.36175E+03 5.10583E+02 1.12781E+03 1.23394E+03 6.78614E+02 4.47429E+01 0.0
  5.40000E+00 7.54051E+02 1.56717E+03 2.32122E+03 4.74479E+02 1.09269E+03 1.22853E+03 7.08949E+02 4.51013E+01 0.0
  5.60000E+00 7.78132E+02 1.50430E+03 2.28244E+03 4.44548E+02 1.05975E+03 1.22268E+03 7.32712E+02 4.54196E+01 0.0
  5.80000E+00 7.98614E+02 1.44670E+03 2.24531E+03 4.17816E+02 1.02888E+03 1.21643E+03 7.52918E+02 4.56960E+01 0.0
  6.00000E+00 8.17783E+02 1.39199E+03 2.20977E+03 3.92027E+02 9.99960E+02 1.20981E+03 7.71853E+02 4.59296E+01 0.0
  6.20000E+00 8.36523E+02 1.33925E+03 2.17577E+03 3.66377E+02 9.72869E+02 1.20290E+03 7.90404E+02 4.61189E+01 0.0
  6.40000E+00 8.55047E+02 1.28824E+03 2.14328E+03 3.40733E+02 9.47504E+02 1.19578E+03 8.08785E+02 4.62624E+01 0.0
  6.60000E+00 8.78410E+02 1.23388E+03 2.11229E+03 3.10110E+02 9.23767E+02 1.18852E+03 8.32051E+02 4.63593E+01 0.0
  6.80000E+00 9.02716E+02 1.18007E+03 2.08279E+03 2.78504E+02 9.01569E+02 1.18122E+03 8.56307E+02 4.64093E+01 0.0
  7.00000E+00 9.23624E+02 1.13117E+03 2.05479E+03 2.50336E+02 8.80829E+02 1.17396E+03 8.77211E+02 4.64130E+01 0.0
  7.20000E+00 9.45543E+02 1.08275E+03 2.02830E+03 2.21277E+02 8.61475E+02 1.16682E+03 8.99171E+02 4.63721E+01 0.0
  7.40000E+00 9.68463E+02 1.03485E+03 2.00331E+03 1.91407E+02 8.43439E+02 1.15987E+03 9.19989E+02 4.84740E+01 0.0
  7.60000E+00 9.84302E+02 9.95524E+02 1.97983E+03 1.68858E+02 8.26666E+02 1.15316E+03 9.34547E+02 4.97554E+01 0.0
  7.80000E+00 9.99807E+02 9.58053E+02 1.95786E+03 1.46953E+02 8.11100E+02 1.14676E+03 9.49112E+02 5.06951E+01 0.0
  8.00000E+00 1.01170E+03 9.25675E+02 1.93738E+03 1.28978E+02 7.96697E+02 1.14068E+03 9.60370E+02 5.13323E+01 0.0
  8.50000E+00 1.03102E+03 8.61632E+02 1.89264E+03 9.61033E+01 7.65529E+02 1.12712E+03 9.78969E+02 5.20479E+01 0.0
  9.00000E+00 1.04398E+03 8.12701E+02 1.85668E+03 7.19503E+01 7.40751E+02 1.11593E+03 9.91836E+02 5.21439E+01 0.0
  9.50000E+00 1.05263E+03 7.76155E+02 1.82879E+03 5.42680E+01 7.21887E+02 1.10690E+03 1.00059E+03 5.20381E+01 0.0
  1.00000E+01 1.05787E+03 7.50205E+02 1.80807E+03 4.17543E+01 7.08451E+02 1.09962E+03 1.00113E+03 5.34649E+01 3.2
  1.20000E+01 1.06112E+03 7.14329E+02 1.77545E+03 1.55323E+01 6.98797E+02 1.07665E+03 9.51193E+02 5.61302E+01 4.1
  1.40000E+01 1.04032E+03 7.40456E+02 1.78078E+03 5.73618E+00 7.34720E+02 1.04606E+03 8.54385E+02 6.21702E+01 1.0
  1.60000E+01 1.00436E+03 7.91910E+02 1.79627E+03 1.98347E+00 7.89927E+02 1.00634E+03 7.40577E+02 6.43197E+01 1.8
  1.80000E+01 9.65827E+02 8.51086E+02 1.81691E+03 3.09254E-01 8.50777E+02 9.66136E+02 6.26559E+02 6.38393E+01 2.5
  2.00000E+01 9.30170E+02 9.11769E+02 1.84194E+03 1.01307E-01 9.11668E+02 9.30271E+02 5.24444E+02 6.13791E+01 3.2

 2. Binary non-elastic cross sections (non-exclusive)

   Energy     gamma      neutron    proton     deuteron   triton     helium-3   alpha   

  1.00000E-01 9.32103E-01 0.00000E+00 0.00000E+00 0.00000E+00 0.00000E+00 0.00000E+00 0.00000E+00                
  2.00000E-01 6.12252E-01 0.00000E+00 0.00000E+00 0.00000E+00 0.00000E+00 0.00000E+00 0.00000E+00                
  4.00000E-01 4.28432E-01 0.00000E+00 0.00000E+00 0.00000E+00 0.00000E+00 0.00000E+00 0.00000E+00                
  6.00000E-01 3.60991E-01 0.00000E+00 0.00000E+00 0.00000E+00 0.00000E+00 0.00000E+00 0.00000E+00                
  8.00000E-01 3.30354E-01 0.00000E+00 0.00000E+00 0.00000E+00 0.00000E+00 0.00000E+00 0.00000E+00                
  1.00000E+00 3.18185E-01 0.00000E+00 0.00000E+00 0.00000E+00 0.00000E+00 0.00000E+00 0.00000E+00                
  1.20000E+00 3.14897E-01 0.00000E+00 0.00000E+00 0.00000E+00 0.00000E+00 0.00000E+00 0.00000E+00                
  1.40000E+00 3.18423E-01 0.00000E+00 0.00000E+00 0.00000E+00 0.00000E+00 0.00000E+00 0.00000E+00                
  1.60000E+00 3.26997E-01 0.00000E+00 0.00000E+00 0.00000E+00 0.00000E+00 0.00000E+00 0.00000E+00                
  1.80000E+00 3.39796E-01 0.00000E+00 0.00000E+00 0.00000E+00 0.00000E+00 0.00000E+00 0.00000E+00                
  2.00000E+00 1.79995E-01 2.73407E+02 0.00000E+00 0.00000E+00 0.00000E+00 0.00000E+00 0.00000E+00                
  2.20000E+00 1.43119E-01 4.25746E+02 0.00000E+00 0.00000E+00 0.00000E+00 0.00000E+00 0.00000E+00                
  2.40000E+00 1.30637E-01 4.98279E+02 0.00000E+00 0.00000E+00 0.00000E+00 0.00000E+00 0.00000E+00                
  2.60000E+00 1.27340E-01 5.37723E+02 0.00000E+00 0.00000E+00 0.00000E+00 0.00000E+00 0.00000E+00                
  2.80000E+00 1.28498E-01 5.62397E+02 0.00000E+00 0.00000E+00 0.00000E+00 0.00000E+00 0.00000E+00                
  3.00000E+00 1.32430E-01 5.79989E+02 0.00000E+00 0.00000E+00 0.00000E+00 0.00000E+00 0.00000E+00                
  3.20000E+00 1.38543E-01 5.93923E+02 0.00000E+00 0.00000E+00 0.00000E+00 0.00000E+00 0.00000E+00                
  3.40000E+00 1.46400E-01 6.05804E+02 0.00000E+00 0.00000E+00 0.00000E+00 0.00000E+00 0.00000E+00                
  3.60000E+00 1.55572E-01 6.16409E+02 0.00000E+00 0.00000E+00 0.00000E+00 0.00000E+00 0.00000E+00                
  3.80000E+00 1.66402E-01 6.26110E+02 0.00000E+00 0.00000E+00 0.00000E+00 0.00000E+00 0.00000E+00                
  4.00000E+00 1.78499E-01 6.35078E+02 0.00000E+00 0.00000E+00 0.00000E+00 0.00000E+00 1.13181E-05                
  4.20000E+00 1.92125E-01 6.43391E+02 0.00000E+00 0.00000E+00 0.00000E+00 0.00000E+00 2.45611E-04                
  4.40000E+00 2.07485E-01 6.51058E+02 2.20823E-03 0.00000E+00 0.00000E+00 0.00000E+00 2.62312E-03                
  4.60000E+00 2.24704E-01 6.58032E+02 8.77938E-02 0.00000E+00 0.00000E+00 0.00000E+00 1.72923E-02                
  4.80000E+00 2.36661E-01 6.66542E+02 7.91215E-01 0.00000E+00 0.00000E+00 0.00000E+00 7.89733E-02                
  5.00000E+00 2.36349E-01 6.93662E+02 3.22120E+00 0.00000E+00 0.00000E+00 0.00000E+00 2.72825E-01                
  5.20000E+00 2.43271E-01 7.13256E+02 9.07038E+00 0.00000E+00 0.00000E+00 0.00000E+00 7.85890E-01                
  5.40000E+00 2.46660E-01 7.32201E+02 1.96721E+01 0.00000E+00 0.00000E+00 0.00000E+00 1.92887E+00                
  5.60000E+00 2.53725E-01 7.37641E+02 3.60412E+01 0.00000E+00 0.00000E+00 0.00000E+00 4.19540E+00                
  5.80000E+00 2.63087E-01 7.31950E+02 5.81923E+01 0.00000E+00 0.00000E+00 0.00000E+00 8.20857E+00                
  6.00000E+00 2.73169E-01 7.17837E+02 8.50447E+01 0.00000E+00 0.00000E+00 0.00000E+00 1.46274E+01                
  6.20000E+00 2.83108E-01 6.97540E+02 1.14705E+02 0.00000E+00 0.00000E+00 0.00000E+00 2.39946E+01                
  6.40000E+00 2.92516E-01 6.72896E+02 1.45286E+02 0.00000E+00 0.00000E+00 0.00000E+00 3.65726E+01                
  6.60000E+00 2.95290E-01 6.55613E+02 1.71444E+02 0.00000E+00 0.00000E+00 0.00000E+00 5.10581E+01                
  6.80000E+00 2.94237E-01 6.43985E+02 1.91306E+02 0.00000E+00 0.00000E+00 0.00000E+00 6.71304E+01                
  7.00000E+00 2.94960E-01 6.27427E+02 2.11260E+02 0.00000E+00 0.00000E+00 0.00000E+00 8.46414E+01                
  7.20000E+00 2.89766E-01 6.17649E+02 2.26863E+02 0.00000E+00 0.00000E+00 0.00000E+00 1.00742E+02                
  7.40000E+00 2.78888E-01 6.17761E+02 2.36952E+02 0.00000E+00 0.00000E+00 0.00000E+00 1.13472E+02                
  7.60000E+00 2.75623E-01 6.07338E+02 2.50185E+02 0.00000E+00 0.00000E+00 0.00000E+00 1.26505E+02                
  7.80000E+00 2.68939E-01 6.05032E+02 2.57822E+02 0.00000E+00 0.00000E+00 0.00000E+00 1.36685E+02                
  8.00000E+00 2.64858E-01 6.00928E+02 2.63604E+02 0.00000E+00 0.00000E+00 0.00000E+00 1.46907E+02                
  8.50000E+00 2.64948E-01 5.80512E+02 2.81589E+02 0.00000E+00 0.00000E+00 0.00000E+00 1.68653E+02                
  9.00000E+00 2.67431E-01 5.64078E+02 2.97848E+02 0.00000E+00 0.00000E+00 0.00000E+00 1.81789E+02                
  9.50000E+00 2.73410E-01 5.51406E+02 3.12876E+02 0.00000E+00 0.00000E+00 0.00000E+00 1.88080E+02                
  1.00000E+01 4.98187E-01 5.38153E+02 3.27883E+02 6.58818E-13 0.00000E+00 0.00000E+00 1.91335E+02                
  1.20000E+01 7.30107E-01 5.16756E+02 3.56650E+02 4.65743E+00 0.00000E+00 0.00000E+00 1.82329E+02                
  1.40000E+01 1.00279E+00 4.88981E+02 3.62635E+02 1.71608E+01 0.00000E+00 1.14741E-06 1.70549E+02                
  1.60000E+01 1.19380E+00 4.65083E+02 3.52756E+02 2.53713E+01 0.00000E+00 1.85579E-02 1.59939E+02                
  1.80000E+01 1.27527E+00 4.47324E+02 3.34702E+02 3.09825E+01 3.21173E-03 1.45673E-01 1.51394E+02                
  2.00000E+01 1.31021E+00 4.35514E+02 3.13295E+02 3.57772E+01 3.60244E-01 3.44448E-01 1.43568E+02                

 3. Total particle production cross sections

 gamma    production

 Energy   Cross section Multiplicity

  1.00000E-01 1.00465E+00 6.34547E-01                                            
  2.00000E-01 6.67100E-01 5.48132E-01                                            
  4.00000E-01 4.73546E-01 5.38043E-01                                            
  6.00000E-01 4.04341E-01 5.77066E-01                                            
  8.00000E-01 3.74570E-01 6.20898E-01                                            
  1.00000E+00 3.65328E-01 6.62116E-01                                            
  1.20000E+00 3.65547E-01 6.96734E-01                                            
  1.40000E+00 3.73337E-01 7.26800E-01                                            
  1.60000E+00 3.87029E-01 7.53456E-01                                            
  1.80000E+00 4.05803E-01 7.78168E-01                                            
  2.00000E+00 2.16868E-01 7.92558E-04                                            
  2.20000E+00 1.72750E-01 4.05593E-04                                            
  2.40000E+00 1.58025E-01 3.17046E-04                                            
  2.60000E+00 1.54617E-01 2.87464E-04                                            
  2.80000E+00 1.56719E-01 2.78592E-04                                            
  3.00000E+00 1.62471E-01 2.80058E-04                                            
  3.20000E+00 1.70546E-01 2.87080E-04                                            
  3.40000E+00 1.81073E-01 2.98820E-04                                            
  3.60000E+00 1.93277E-01 3.13468E-04                                            
  3.80000E+00 2.07184E-01 3.30813E-04                                            
  4.00000E+00 2.23232E-01 3.51399E-04                                            
  4.20000E+00 2.40800E-01 3.74149E-04                                            
  4.40000E+00 2.61207E-01 4.01066E-04                                            
  4.60000E+00 2.83677E-01 4.30875E-04                                            
  4.80000E+00 2.98625E-01 4.47276E-04                                            
  5.00000E+00 2.97132E-01 4.26060E-04                                            
  5.20000E+00 3.06232E-01 4.23349E-04                                            
  5.40000E+00 3.12617E-01 4.14584E-04                                            
  5.60000E+00 3.22489E-01 4.14440E-04                                            
  5.80000E+00 3.35463E-01 4.20056E-04                                            
  6.00000E+00 3.50001E-01 4.27988E-04                                            
  6.20000E+00 3.62798E-01 4.33698E-04                                            
  6.40000E+00 3.75338E-01 4.38967E-04                                            
  6.60000E+00 3.79810E-01 4.32383E-04                                            
  6.80000E+00 3.79947E-01 4.20893E-04                                            
  7.00000E+00 3.79657E-01 4.11052E-04                                            
  7.20000E+00 3.78661E-01 4.00469E-04                                            
  7.40000E+00 4.20491E-01 4.34184E-04                                            
  7.60000E+00 6.71386E-01 6.82093E-04                                            
  7.80000E+00 1.39644E+00 1.39671E-03                                            
  8.00000E+00 3.03228E+00 2.99721E-03                                            
  8.50000E+00 1.43520E+01 1.39203E-02                                            
  9.00000E+00 3.93146E+01 3.76584E-02                                            
  9.50000E+00 7.52754E+01 7.15116E-02                                            
  1.00000E+01 1.20295E+02 1.13715E-01                                            
  1.20000E+01 4.60061E+02 4.33562E-01                                            
  1.40000E+01 6.42602E+02 6.17694E-01                                            
  1.60000E+01 4.88068E+02 4.85951E-01                                            
  1.80000E+01 3.19425E+02 3.30727E-01                                            
  2.00000E+01 2.75714E+02 2.96413E-01                                            

 neutron  production

 Energy   Cross section Multiplicity

  1.00000E-01 1.62215E-06 1.02457E-06                                            
  2.00000E-01 7.12134E-06 5.85136E-06                                            
  4.00000E-01 3.50576E-05 3.98324E-05                                            
  6.00000E-01 1.41806E-04 2.02382E-04                                            
  8.00000E-01 3.66229E-04 6.07072E-04                                            
  1.00000E+00 6.91209E-04 1.25274E-03                                            
  1.20000E+00 1.17588E-03 2.24122E-03                                            
  1.40000E+00 1.95681E-03 3.80945E-03                                            
  1.60000E+00 2.95773E-03 5.75802E-03                                            
  1.80000E+00 4.24605E-03 8.14224E-03                                            
  2.00000E+00 2.73410E+02 9.99194E-01                                            
  2.20000E+00 4.25749E+02 9.99601E-01                                            
  2.40000E+00 4.98282E+02 9.99705E-01                                            
  2.60000E+00 5.37727E+02 9.99743E-01                                            
  2.80000E+00 5.62402E+02 9.99760E-01                                            
  3.00000E+00 5.79995E+02 9.99764E-01                                            
  3.20000E+00 5.93931E+02 9.99764E-01                                            
  3.40000E+00 6.05814E+02 9.99758E-01                                            
  3.60000E+00 6.16422E+02 9.99751E-01                                            
  3.80000E+00 6.26125E+02 9.99742E-01                                            
  4.00000E+00 6.35097E+02 9.99731E-01                                            
  4.20000E+00 6.43415E+02 9.99719E-01                                            
  4.40000E+00 6.51086E+02 9.99698E-01                                            
  4.60000E+00 6.58066E+02 9.99532E-01                                            
  4.80000E+00 6.66581E+02 9.98394E-01                                            
  5.00000E+00 6.93705E+02 9.94708E-01                                            
  5.20000E+00 7.13303E+02 9.86101E-01                                            
  5.40000E+00 7.32253E+02 9.71093E-01                                            
  5.60000E+00 7.37699E+02 9.48039E-01                                            
  5.80000E+00 7.32015E+02 9.16606E-01                                            
  6.00000E+00 7.17909E+02 8.77872E-01                                            
  6.20000E+00 6.97620E+02 8.33952E-01                                            
  6.40000E+00 6.72984E+02 7.87073E-01                                            
  6.60000E+00 6.55707E+02 7.46470E-01                                            
  6.80000E+00 6.44083E+02 7.13495E-01                                            
  7.00000E+00 6.27532E+02 6.79424E-01                                            
  7.20000E+00 6.17757E+02 6.53336E-01                                            
  7.40000E+00 6.17870E+02 6.37990E-01                                            
  7.60000E+00 6.07449E+02 6.17137E-01                                            
  7.80000E+00 6.05147E+02 6.05264E-01                                            
  8.00000E+00 6.01046E+02 5.94094E-01                                            
  8.50000E+00 5.80640E+02 5.63172E-01                                            
  9.00000E+00 5.64219E+02 5.40451E-01                                            
  9.50000E+00 5.51558E+02 5.23979E-01                                            
  1.00000E+01 5.38329E+02 5.08882E-01                                            
  1.20000E+01 5.17003E+02 4.87225E-01                                            
  1.40000E+01 5.03755E+02 4.84229E-01                                            
  1.60000E+01 6.26175E+02 6.23459E-01                                            
  1.80000E+01 7.39259E+02 7.65415E-01                                            
  2.00000E+01 7.89405E+02 8.48668E-01                                            

 proton   production

 Energy   Cross section Multiplicity

  1.00000E-01 0.00000E+00 0.00000E+00                                            
  2.00000E-01 0.00000E+00 0.00000E+00                                            
  4.00000E-01 0.00000E+00 0.00000E+00                                            
  6.00000E-01 0.00000E+00 0.00000E+00                                            
  8.00000E-01 0.00000E+00 0.00000E+00                                            
  1.00000E+00 0.00000E+00 0.00000E+00                                            
  1.20000E+00 0.00000E+00 0.00000E+00                                            
  1.40000E+00 0.00000E+00 0.00000E+00                                            
  1.60000E+00 0.00000E+00 0.00000E+00                                            
  1.80000E+00 0.00000E+00 0.00000E+00                                            
  2.00000E+00 0.00000E+00 0.00000E+00                                            
  2.20000E+00 0.00000E+00 0.00000E+00                                            
  2.40000E+00 0.00000E+00 0.00000E+00                                            
  2.60000E+00 0.00000E+00 0.00000E+00                                            
  2.80000E+00 0.00000E+00 0.00000E+00                                            
  3.00000E+00 0.00000E+00 0.00000E+00                                            
  3.20000E+00 0.00000E+00 0.00000E+00                                            
  3.40000E+00 0.00000E+00 0.00000E+00                                            
  3.60000E+00 0.00000E+00 0.00000E+00                                            
  3.80000E+00 0.00000E+00 0.00000E+00                                            
  4.00000E+00 0.00000E+00 0.00000E+00                                            
  4.20000E+00 0.00000E+00 0.00000E+00                                            
  4.40000E+00 2.20823E-03 3.39059E-06                                            
  4.60000E+00 8.77938E-02 1.33349E-04                                            
  4.80000E+00 7.91215E-01 1.18507E-03                                            
  5.00000E+00 3.22120E+00 4.61891E-03                                            
  5.20000E+00 9.07038E+00 1.25393E-02                                            
  5.40000E+00 1.96721E+01 2.60885E-02                                            
  5.60000E+00 3.60412E+01 4.63176E-02                                            
  5.80000E+00 5.81923E+01 7.28666E-02                                            
  6.00000E+00 8.50448E+01 1.03994E-01                                            
  6.20000E+00 1.14705E+02 1.37121E-01                                            
  6.40000E+00 1.45286E+02 1.69915E-01                                            
  6.60000E+00 1.71444E+02 1.95175E-01                                            
  6.80000E+00 1.91306E+02 2.11923E-01                                            
  7.00000E+00 2.11260E+02 2.28730E-01                                            
  7.20000E+00 2.26863E+02 2.39929E-01                                            
  7.40000E+00 2.36953E+02 2.44669E-01                                            
  7.60000E+00 2.50186E+02 2.54176E-01                                            
  7.80000E+00 2.57823E+02 2.57873E-01                                            
  8.00000E+00 2.63605E+02 2.60556E-01                                            
  8.50000E+00 2.81591E+02 2.73120E-01                                            
  9.00000E+00 2.97851E+02 2.85304E-01                                            
  9.50000E+00 3.12881E+02 2.97237E-01                                            
  1.00000E+01 3.27891E+02 3.09956E-01                                            
  1.20000E+01 3.56674E+02 3.36130E-01                                            
  1.40000E+01 4.48262E+02 4.30887E-01                                            
  1.60000E+01 5.40687E+02 5.38342E-01                                            
  1.80000E+01 5.63022E+02 5.82943E-01                                            
  2.00000E+01 5.58262E+02 6.00172E-01                                            

 deuteron production

 Energy   Cross section Multiplicity

  1.00000E-01 0.00000E+00 0.00000E+00                                            
  2.00000E-01 0.00000E+00 0.00000E+00                                            
  4.00000E-01 0.00000E+00 0.00000E+00                                            
  6.00000E-01 0.00000E+00 0.00000E+00                                            
  8.00000E-01 0.00000E+00 0.00000E+00                                            
  1.00000E+00 0.00000E+00 0.00000E+00                                            
  1.20000E+00 0.00000E+00 0.00000E+00                                            
  1.40000E+00 0.00000E+00 0.00000E+00                                            
  1.60000E+00 0.00000E+00 0.00000E+00                                            
  1.80000E+00 0.00000E+00 0.00000E+00                                            
  2.00000E+00 0.00000E+00 0.00000E+00                                            
  2.20000E+00 0.00000E+00 0.00000E+00                                            
  2.40000E+00 0.00000E+00 0.00000E+00                                            
  2.60000E+00 0.00000E+00 0.00000E+00                                            
  2.80000E+00 0.00000E+00 0.00000E+00                                            
  3.00000E+00 0.00000E+00 0.00000E+00                                            
  3.20000E+00 0.00000E+00 0.00000E+00                                            
  3.40000E+00 0.00000E+00 0.00000E+00                                            
  3.60000E+00 0.00000E+00 0.00000E+00                                            
  3.80000E+00 0.00000E+00 0.00000E+00                                            
  4.00000E+00 0.00000E+00 0.00000E+00                                            
  4.20000E+00 0.00000E+00 0.00000E+00                                            
  4.40000E+00 0.00000E+00 0.00000E+00                                            
  4.60000E+00 0.00000E+00 0.00000E+00                                            
  4.80000E+00 0.00000E+00 0.00000E+00                                            
  5.00000E+00 0.00000E+00 0.00000E+00                                            
  5.20000E+00 0.00000E+00 0.00000E+00                                            
  5.40000E+00 0.00000E+00 0.00000E+00                                            
  5.60000E+00 0.00000E+00 0.00000E+00                                            
  5.80000E+00 0.00000E+00 0.00000E+00                                            
  6.00000E+00 0.00000E+00 0.00000E+00                                            
  6.20000E+00 0.00000E+00 0.00000E+00                                            
  6.40000E+00 0.00000E+00 0.00000E+00                                            
  6.60000E+00 0.00000E+00 0.00000E+00                                            
  6.80000E+00 0.00000E+00 0.00000E+00                                            
  7.00000E+00 0.00000E+00 0.00000E+00                                            
  7.20000E+00 0.00000E+00 0.00000E+00                                            
  7.40000E+00 0.00000E+00 0.00000E+00                                            
  7.60000E+00 0.00000E+00 0.00000E+00                                            
  7.80000E+00 0.00000E+00 0.00000E+00                                            
  8.00000E+00 0.00000E+00 0.00000E+00                                            
  8.50000E+00 0.00000E+00 0.00000E+00                                            
  9.00000E+00 0.00000E+00 0.00000E+00                                            
  9.50000E+00 0.00000E+00 0.00000E+00                                            
  1.00000E+01 6.58818E-13 6.22781E-16                                            
  1.20000E+01 4.65743E+00 4.38917E-03                                            
  1.40000E+01 1.71609E+01 1.64957E-02                                            
  1.60000E+01 2.53720E+01 2.52619E-02                                            
  1.80000E+01 3.09843E+01 3.20806E-02                                            
  2.00000E+01 3.57805E+01 3.84666E-02                                            

 triton   production

 Energy   Cross section Multiplicity

  1.00000E-01 0.00000E+00 0.00000E+00                                            
  2.00000E-01 0.00000E+00 0.00000E+00                                            
  4.00000E-01 0.00000E+00 0.00000E+00                                            
  6.00000E-01 0.00000E+00 0.00000E+00                                            
  8.00000E-01 0.00000E+00 0.00000E+00                                            
  1.00000E+00 0.00000E+00 0.00000E+00                                            
  1.20000E+00 0.00000E+00 0.00000E+00                                            
  1.40000E+00 0.00000E+00 0.00000E+00                                            
  1.60000E+00 0.00000E+00 0.00000E+00                                            
  1.80000E+00 0.00000E+00 0.00000E+00                                            
  2.00000E+00 0.00000E+00 0.00000E+00                                            
  2.20000E+00 0.00000E+00 0.00000E+00                                            
  2.40000E+00 0.00000E+00 0.00000E+00                                            
  2.60000E+00 0.00000E+00 0.00000E+00                                            
  2.80000E+00 0.00000E+00 0.00000E+00                                            
  3.00000E+00 0.00000E+00 0.00000E+00                                            
  3.20000E+00 0.00000E+00 0.00000E+00                                            
  3.40000E+00 0.00000E+00 0.00000E+00                                            
  3.60000E+00 0.00000E+00 0.00000E+00                                            
  3.80000E+00 0.00000E+00 0.00000E+00                                            
  4.00000E+00 0.00000E+00 0.00000E+00                                            
  4.20000E+00 0.00000E+00 0.00000E+00                                            
  4.40000E+00 0.00000E+00 0.00000E+00                                            
  4.60000E+00 0.00000E+00 0.00000E+00                                            
  4.80000E+00 0.00000E+00 0.00000E+00                                            
  5.00000E+00 0.00000E+00 0.00000E+00                                            
  5.20000E+00 0.00000E+00 0.00000E+00                                            
  5.40000E+00 0.00000E+00 0.00000E+00                                            
  5.60000E+00 0.00000E+00 0.00000E+00                                            
  5.80000E+00 0.00000E+00 0.00000E+00                                            
  6.00000E+00 0.00000E+00 0.00000E+00                                            
  6.20000E+00 0.00000E+00 0.00000E+00                                            
  6.40000E+00 0.00000E+00 0.00000E+00                                            
  6.60000E+00 0.00000E+00 0.00000E+00                                            
  6.80000E+00 0.00000E+00 0.00000E+00                                            
  7.00000E+00 0.00000E+00 0.00000E+00                                            
  7.20000E+00 0.00000E+00 0.00000E+00                                            
  7.40000E+00 0.00000E+00 0.00000E+00                                            
  7.60000E+00 0.00000E+00 0.00000E+00                                            
  7.80000E+00 0.00000E+00 0.00000E+00                                            
  8.00000E+00 0.00000E+00 0.00000E+00                                            
  8.50000E+00 0.00000E+00 0.00000E+00                                            
  9.00000E+00 0.00000E+00 0.00000E+00                                            
  9.50000E+00 0.00000E+00 0.00000E+00                                            
  1.00000E+01 0.00000E+00 0.00000E+00                                            
  1.20000E+01 0.00000E+00 0.00000E+00                                            
  1.40000E+01 0.00000E+00 0.00000E+00                                            
  1.60000E+01 0.00000E+00 0.00000E+00                                            
  1.80000E+01 3.21173E-03 3.32537E-06                                            
  2.00000E+01 3.60244E-01 3.87289E-04                                            

 helium-3 production

 Energy   Cross section Multiplicity

  1.00000E-01 0.00000E+00 0.00000E+00                                            
  2.00000E-01 0.00000E+00 0.00000E+00                                            
  4.00000E-01 0.00000E+00 0.00000E+00                                            
  6.00000E-01 0.00000E+00 0.00000E+00                                            
  8.00000E-01 0.00000E+00 0.00000E+00                                            
  1.00000E+00 0.00000E+00 0.00000E+00                                            
  1.20000E+00 0.00000E+00 0.00000E+00                                            
  1.40000E+00 0.00000E+00 0.00000E+00                                            
  1.60000E+00 0.00000E+00 0.00000E+00                                            
  1.80000E+00 0.00000E+00 0.00000E+00                                            
  2.00000E+00 0.00000E+00 0.00000E+00                                            
  2.20000E+00 0.00000E+00 0.00000E+00                                            
  2.40000E+00 0.00000E+00 0.00000E+00                                            
  2.60000E+00 0.00000E+00 0.00000E+00                                            
  2.80000E+00 0.00000E+00 0.00000E+00                                            
  3.00000E+00 0.00000E+00 0.00000E+00                                            
  3.20000E+00 0.00000E+00 0.00000E+00                                            
  3.40000E+00 0.00000E+00 0.00000E+00                                            
  3.60000E+00 0.00000E+00 0.00000E+00                                            
  3.80000E+00 0.00000E+00 0.00000E+00                                            
  4.00000E+00 0.00000E+00 0.00000E+00                                            
  4.20000E+00 0.00000E+00 0.00000E+00                                            
  4.40000E+00 0.00000E+00 0.00000E+00                                            
  4.60000E+00 0.00000E+00 0.00000E+00                                            
  4.80000E+00 0.00000E+00 0.00000E+00                                            
  5.00000E+00 0.00000E+00 0.00000E+00                                            
  5.20000E+00 0.00000E+00 0.00000E+00                                            
  5.40000E+00 0.00000E+00 0.00000E+00                                            
  5.60000E+00 0.00000E+00 0.00000E+00                                            
  5.80000E+00 0.00000E+00 0.00000E+00                                            
  6.00000E+00 0.00000E+00 0.00000E+00                                            
  6.20000E+00 0.00000E+00 0.00000E+00                                            
  6.40000E+00 0.00000E+00 0.00000E+00                                            
  6.60000E+00 0.00000E+00 0.00000E+00                                            
  6.80000E+00 0.00000E+00 0.00000E+00                                            
  7.00000E+00 0.00000E+00 0.00000E+00                                            
  7.20000E+00 0.00000E+00 0.00000E+00                                            
  7.40000E+00 0.00000E+00 0.00000E+00                                            
  7.60000E+00 0.00000E+00 0.00000E+00                                            
  7.80000E+00 0.00000E+00 0.00000E+00                                            
  8.00000E+00 0.00000E+00 0.00000E+00                                            
  8.50000E+00 0.00000E+00 0.00000E+00                                            
  9.00000E+00 0.00000E+00 0.00000E+00                                            
  9.50000E+00 0.00000E+00 0.00000E+00                                            
  1.00000E+01 0.00000E+00 0.00000E+00                                            
  1.20000E+01 0.00000E+00 0.00000E+00                                            
  1.40000E+01 1.14741E-06 1.10293E-09                                            
  1.60000E+01 1.85579E-02 1.84774E-05                                            
  1.80000E+01 1.45674E-01 1.50828E-04                                            
  2.00000E+01 3.44454E-01 3.70313E-04                                            

 alpha    production

 Energy   Cross section Multiplicity

  1.00000E-01 0.00000E+00 0.00000E+00                                            
  2.00000E-01 0.00000E+00 0.00000E+00                                            
  4.00000E-01 0.00000E+00 0.00000E+00                                            
  6.00000E-01 0.00000E+00 0.00000E+00                                            
  8.00000E-01 0.00000E+00 0.00000E+00                                            
  1.00000E+00 0.00000E+00 0.00000E+00                                            
  1.20000E+00 0.00000E+00 0.00000E+00                                            
  1.40000E+00 0.00000E+00 0.00000E+00                                            
  1.60000E+00 0.00000E+00 0.00000E+00                                            
  1.80000E+00 0.00000E+00 0.00000E+00                                            
  2.00000E+00 0.00000E+00 0.00000E+00                                            
  2.20000E+00 0.00000E+00 0.00000E+00                                            
  2.40000E+00 0.00000E+00 0.00000E+00                                            
  2.60000E+00 0.00000E+00 0.00000E+00                                            
  2.80000E+00 0.00000E+00 0.00000E+00                                            
  3.00000E+00 0.00000E+00 0.00000E+00                                            
  3.20000E+00 0.00000E+00 0.00000E+00                                            
  3.40000E+00 0.00000E+00 0.00000E+00                                            
  3.60000E+00 0.00000E+00 0.00000E+00                                            
  3.80000E+00 0.00000E+00 0.00000E+00                                            
  4.00000E+00 1.13181E-05 1.78162E-08                                            
  4.20000E+00 2.45611E-04 3.81623E-07                                            
  4.40000E+00 2.62312E-03 4.02763E-06                                            
  4.60000E+00 1.72923E-02 2.62652E-05                                            
  4.80000E+00 7.89733E-02 1.18285E-04                                            
  5.00000E+00 2.72825E-01 3.91206E-04                                            
  5.20000E+00 7.85890E-01 1.08645E-03                                            
  5.40000E+00 1.92887E+00 2.55800E-03                                            
  5.60000E+00 4.19540E+00 5.39163E-03                                            
  5.80000E+00 8.20857E+00 1.02785E-02                                            
  6.00000E+00 1.46274E+01 1.78867E-02                                            
  6.20000E+00 2.39946E+01 2.86837E-02                                            
  6.40000E+00 3.65726E+01 4.27726E-02                                            
  6.60000E+00 5.10581E+01 5.81255E-02                                            
  6.80000E+00 6.71304E+01 7.43650E-02                                            
  7.00000E+00 8.46414E+01 9.16406E-02                                            
  7.20000E+00 1.00742E+02 1.06544E-01                                            
  7.40000E+00 1.13472E+02 1.17167E-01                                            
  7.60000E+00 1.26505E+02 1.28522E-01                                            
  7.80000E+00 1.36685E+02 1.36711E-01                                            
  8.00000E+00 1.46907E+02 1.45208E-01                                            
  8.50000E+00 1.68653E+02 1.63580E-01                                            
  9.00000E+00 1.81790E+02 1.74132E-01                                            
  9.50000E+00 1.88081E+02 1.78677E-01                                            
  1.00000E+01 1.91337E+02 1.80871E-01                                            
  1.20000E+01 1.82425E+02 1.71918E-01                                            
  1.40000E+01 1.87783E+02 1.80504E-01                                            
  1.60000E+01 1.96731E+02 1.95878E-01                                            
  1.80000E+01 2.10163E+02 2.17599E-01                                            
  2.00000E+01 2.11473E+02 2.27349E-01                                            

 4. Residual production cross sections

 Production of Z= 14 A= 29 ( 29Si) - Total

 Q-value    =   8.473607
 E-threshold=   0.000000

 Energy   Cross section

  1.00000E-01 9.32101E-01                                                        
  2.00000E-01 6.12244E-01                                                        
  4.00000E-01 4.28397E-01                                                        
  6.00000E-01 3.60849E-01                                                        
  8.00000E-01 3.29987E-01                                                        
  1.00000E+00 3.17493E-01                                                        
  1.20000E+00 3.13721E-01                                                        
  1.40000E+00 3.16466E-01                                                        
  1.60000E+00 3.24038E-01                                                        
  1.80000E+00 3.35550E-01                                                        
  2.00000E+00 1.77110E-01                                                        
  2.20000E+00 1.40266E-01                                                        
  2.40000E+00 1.27288E-01                                                        
  2.60000E+00 1.23245E-01                                                        
  2.80000E+00 1.23436E-01                                                        
  3.00000E+00 1.26312E-01                                                        
  3.20000E+00 1.30696E-01                                                        
  3.40000E+00 1.36480E-01                                                        
  3.60000E+00 1.43312E-01                                                        
  3.80000E+00 1.50940E-01                                                        
  4.00000E+00 1.59728E-01                                                        
  4.20000E+00 1.68924E-01                                                        
  4.40000E+00 1.79704E-01                                                        
  4.60000E+00 1.91120E-01                                                        
  4.80000E+00 1.97986E-01                                                        
  5.00000E+00 1.93909E-01                                                        
  5.20000E+00 1.95828E-01                                                        
  5.40000E+00 1.94643E-01                                                        
  5.60000E+00 1.95155E-01                                                        
  5.80000E+00 1.97677E-01                                                        
  6.00000E+00 2.01178E-01                                                        
  6.20000E+00 2.02786E-01                                                        
  6.40000E+00 2.04227E-01                                                        
  6.60000E+00 2.01493E-01                                                        
  6.80000E+00 1.96045E-01                                                        
  7.00000E+00 1.89472E-01                                                        
  7.20000E+00 1.80608E-01                                                        
  7.40000E+00 1.69856E-01                                                        
  7.60000E+00 1.63779E-01                                                        
  7.80000E+00 1.53492E-01                                                        
  8.00000E+00 1.45571E-01                                                        
  8.50000E+00 1.34151E-01                                                        
  9.00000E+00 1.21988E-01                                                        
  9.50000E+00 1.15215E-01                                                        
  1.00000E+01 3.12410E-01                                                        
  1.20000E+01 4.51451E-01                                                        
  1.40000E+01 6.17666E-01                                                        
  1.60000E+01 7.03539E-01                                                        
  1.80000E+01 6.82298E-01                                                        
  2.00000E+01 6.06891E-01                                                        

 Production of Z= 14 A= 28 ( 28Si) - Total

 Q-value    =   0.000001
 E-threshold=   0.000000

 Energy   Cross section

  1.00000E-01 0.00000E+00                                                        
  2.00000E-01 0.00000E+00                                                        
  4.00000E-01 0.00000E+00                                                        
  6.00000E-01 0.00000E+00                                                        
  8.00000E-01 0.00000E+00                                                        
  1.00000E+00 0.00000E+00                                                        
  1.20000E+00 1.17588E-03                                                        
  1.40000E+00 1.95681E-03                                                        
  1.60000E+00 2.95774E-03                                                        
  1.80000E+00 4.24605E-03                                                        
  2.00000E+00 2.73410E+02                                                        
  2.20000E+00 4.25749E+02                                                        
  2.40000E+00 4.98282E+02                                                        
  2.60000E+00 5.37727E+02                                                        
  2.80000E+00 5.62402E+02                                                        
  3.00000E+00 5.79995E+02                                                        
  3.20000E+00 5.93931E+02                                                        
  3.40000E+00 6.05814E+02                                                        
  3.60000E+00 6.16422E+02                                                        
  3.80000E+00 6.26125E+02                                                        
  4.00000E+00 6.35097E+02                                                        
  4.20000E+00 6.43415E+02                                                        
  4.40000E+00 6.51086E+02                                                        
  4.60000E+00 6.58066E+02                                                        
  4.80000E+00 6.66581E+02                                                        
  5.00000E+00 6.93705E+02                                                        
  5.20000E+00 7.13303E+02                                                        
  5.40000E+00 7.32254E+02                                                        
  5.60000E+00 7.37699E+02                                                        
  5.80000E+00 7.32015E+02                                                        
  6.00000E+00 7.17909E+02                                                        
  6.20000E+00 6.97620E+02                                                        
  6.40000E+00 6.72984E+02                                                        
  6.60000E+00 6.55707E+02                                                        
  6.80000E+00 6.44083E+02                                                        
  7.00000E+00 6.27532E+02                                                        
  7.20000E+00 6.17757E+02                                                        
  7.40000E+00 6.17870E+02                                                        
  7.60000E+00 6.07449E+02                                                        
  7.80000E+00 6.05147E+02                                                        
  8.00000E+00 6.01046E+02                                                        
  8.50000E+00 5.80640E+02                                                        
  9.00000E+00 5.64219E+02                                                        
  9.50000E+00 5.51558E+02                                                        
  1.00000E+01 5.38329E+02                                                        
  1.20000E+01 5.16915E+02                                                        
  1.40000E+01 3.86508E+02                                                        
  1.60000E+01 2.40855E+02                                                        
  1.80000E+01 1.61111E+02                                                        
  2.00000E+01 1.20838E+02                                                        

 Production of Z= 13 A= 28 ( 28Al) - Total

 Q-value    =  -3.859725
 E-threshold=   3.998881

 Energy   Cross section

  1.00000E-01 0.00000E+00                                                        
  2.00000E-01 0.00000E+00                                                        
  4.00000E-01 0.00000E+00                                                        
  6.00000E-01 0.00000E+00                                                        
  8.00000E-01 0.00000E+00                                                        
  1.00000E+00 0.00000E+00                                                        
  1.20000E+00 0.00000E+00                                                        
  1.40000E+00 0.00000E+00                                                        
  1.60000E+00 0.00000E+00                                                        
  1.80000E+00 0.00000E+00                                                        
  2.00000E+00 0.00000E+00                                                        
  2.20000E+00 0.00000E+00                                                        
  2.40000E+00 0.00000E+00                                                        
  2.60000E+00 0.00000E+00                                                        
  2.80000E+00 0.00000E+00                                                        
  3.00000E+00 0.00000E+00                                                        
  3.20000E+00 0.00000E+00                                                        
  3.40000E+00 0.00000E+00                                                        
  3.60000E+00 0.00000E+00                                                        
  3.80000E+00 0.00000E+00                                                        
  4.00000E+00 0.00000E+00                                                        
  4.20000E+00 0.00000E+00                                                        
  4.40000E+00 2.20823E-03                                                        
  4.60000E+00 8.77938E-02                                                        
  4.80000E+00 7.91215E-01                                                        
  5.00000E+00 3.22120E+00                                                        
  5.20000E+00 9.07038E+00                                                        
  5.40000E+00 1.96721E+01                                                        
  5.60000E+00 3.60412E+01                                                        
  5.80000E+00 5.81923E+01                                                        
  6.00000E+00 8.50448E+01                                                        
  6.20000E+00 1.14705E+02                                                        
  6.40000E+00 1.45286E+02                                                        
  6.60000E+00 1.71444E+02                                                        
  6.80000E+00 1.91306E+02                                                        
  7.00000E+00 2.11260E+02                                                        
  7.20000E+00 2.26863E+02                                                        
  7.40000E+00 2.36953E+02                                                        
  7.60000E+00 2.50186E+02                                                        
  7.80000E+00 2.57823E+02                                                        
  8.00000E+00 2.63605E+02                                                        
  8.50000E+00 2.81591E+02                                                        
  9.00000E+00 2.97851E+02                                                        
  9.50000E+00 3.12881E+02                                                        
  1.00000E+01 3.27891E+02                                                        
  1.20000E+01 3.56674E+02                                                        
  1.40000E+01 3.50036E+02                                                        
  1.60000E+01 2.24903E+02                                                        
  1.80000E+01 1.20698E+02                                                        
  2.00000E+01 6.55810E+01                                                        

 Production of Z= 14 A= 27 ( 27Si) - Total

 Q-value    = -17.179615
 E-threshold=  17.798999

 Energy   Cross section

  1.00000E-01 0.00000E+00                                                        
  2.00000E-01 0.00000E+00                                                        
  4.00000E-01 0.00000E+00                                                        
  6.00000E-01 0.00000E+00                                                        
  8.00000E-01 0.00000E+00                                                        
  1.00000E+00 0.00000E+00                                                        
  1.20000E+00 0.00000E+00                                                        
  1.40000E+00 0.00000E+00                                                        
  1.60000E+00 0.00000E+00                                                        
  1.80000E+00 0.00000E+00                                                        
  2.00000E+00 0.00000E+00                                                        
  2.20000E+00 0.00000E+00                                                        
  2.40000E+00 0.00000E+00                                                        
  2.60000E+00 0.00000E+00                                                        
  2.80000E+00 0.00000E+00                                                        
  3.00000E+00 0.00000E+00                                                        
  3.20000E+00 0.00000E+00                                                        
  3.40000E+00 0.00000E+00                                                        
  3.60000E+00 0.00000E+00                                                        
  3.80000E+00 0.00000E+00                                                        
  4.00000E+00 0.00000E+00                                                        
  4.20000E+00 0.00000E+00                                                        
  4.40000E+00 0.00000E+00                                                        
  4.60000E+00 0.00000E+00                                                        
  4.80000E+00 0.00000E+00                                                        
  5.00000E+00 0.00000E+00                                                        
  5.20000E+00 0.00000E+00                                                        
  5.40000E+00 0.00000E+00                                                        
  5.60000E+00 0.00000E+00                                                        
  5.80000E+00 0.00000E+00                                                        
  6.00000E+00 0.00000E+00                                                        
  6.20000E+00 0.00000E+00                                                        
  6.40000E+00 0.00000E+00                                                        
  6.60000E+00 0.00000E+00                                                        
  6.80000E+00 0.00000E+00                                                        
  7.00000E+00 0.00000E+00                                                        
  7.20000E+00 0.00000E+00                                                        
  7.40000E+00 0.00000E+00                                                        
  7.60000E+00 0.00000E+00                                                        
  7.80000E+00 0.00000E+00                                                        
  8.00000E+00 0.00000E+00                                                        
  8.50000E+00 0.00000E+00                                                        
  9.00000E+00 0.00000E+00                                                        
  9.50000E+00 0.00000E+00                                                        
  1.00000E+01 0.00000E+00                                                        
  1.20000E+01 0.00000E+00                                                        
  1.40000E+01 0.00000E+00                                                        
  1.60000E+01 0.00000E+00                                                        
  1.80000E+01 3.25012E-02                                                        
  2.00000E+01 6.01446E+00                                                        

 Production of Z= 13 A= 27 ( 27Al) - Total

 Q-value    =  -9.360330
 E-threshold=   9.697802

 Energy   Cross section

  1.00000E-01 0.00000E+00                                                        
  2.00000E-01 0.00000E+00                                                        
  4.00000E-01 0.00000E+00                                                        
  6.00000E-01 0.00000E+00                                                        
  8.00000E-01 0.00000E+00                                                        
  1.00000E+00 0.00000E+00                                                        
  1.20000E+00 0.00000E+00                                                        
  1.40000E+00 0.00000E+00                                                        
  1.60000E+00 0.00000E+00                                                        
  1.80000E+00 0.00000E+00                                                        
  2.00000E+00 0.00000E+00                                                        
  2.20000E+00 0.00000E+00                                                        
  2.40000E+00 0.00000E+00                                                        
  2.60000E+00 0.00000E+00                                                        
  2.80000E+00 0.00000E+00                                                        
  3.00000E+00 0.00000E+00                                                        
  3.20000E+00 0.00000E+00                                                        
  3.40000E+00 0.00000E+00                                                        
  3.60000E+00 0.00000E+00                                                        
  3.80000E+00 0.00000E+00                                                        
  4.00000E+00 0.00000E+00                                                        
  4.20000E+00 0.00000E+00                                                        
  4.40000E+00 0.00000E+00                                                        
  4.60000E+00 0.00000E+00                                                        
  4.80000E+00 0.00000E+00                                                        
  5.00000E+00 0.00000E+00                                                        
  5.20000E+00 0.00000E+00                                                        
  5.40000E+00 0.00000E+00                                                        
  5.60000E+00 0.00000E+00                                                        
  5.80000E+00 0.00000E+00                                                        
  6.00000E+00 0.00000E+00                                                        
  6.20000E+00 0.00000E+00                                                        
  6.40000E+00 0.00000E+00                                                        
  6.60000E+00 0.00000E+00                                                        
  6.80000E+00 0.00000E+00                                                        
  7.00000E+00 0.00000E+00                                                        
  7.20000E+00 0.00000E+00                                                        
  7.40000E+00 0.00000E+00                                                        
  7.60000E+00 0.00000E+00                                                        
  7.80000E+00 0.00000E+00                                                        
  8.00000E+00 0.00000E+00                                                        
  8.50000E+00 0.00000E+00                                                        
  9.00000E+00 0.00000E+00                                                        
  9.50000E+00 0.00000E+00                                                        
  1.00000E+01 0.00000E+00                                                        
  1.20000E+01 4.65743E+00                                                        
  1.40000E+01 1.15387E+02                                                        
  1.60000E+01 3.41168E+02                                                        
  1.80000E+01 4.72754E+02                                                        
  2.00000E+01 5.21716E+02                                                        

 Production of Z= 12 A= 27 ( 27Mg) - Total

 Q-value    = -13.412818
 E-threshold=  13.896396

 Energy   Cross section

  1.00000E-01 0.00000E+00                                                        
  2.00000E-01 0.00000E+00                                                        
  4.00000E-01 0.00000E+00                                                        
  6.00000E-01 0.00000E+00                                                        
  8.00000E-01 0.00000E+00                                                        
  1.00000E+00 0.00000E+00                                                        
  1.20000E+00 0.00000E+00                                                        
  1.40000E+00 0.00000E+00                                                        
  1.60000E+00 0.00000E+00                                                        
  1.80000E+00 0.00000E+00                                                        
  2.00000E+00 0.00000E+00                                                        
  2.20000E+00 0.00000E+00                                                        
  2.40000E+00 0.00000E+00                                                        
  2.60000E+00 0.00000E+00                                                        
  2.80000E+00 0.00000E+00                                                        
  3.00000E+00 0.00000E+00                                                        
  3.20000E+00 0.00000E+00                                                        
  3.40000E+00 0.00000E+00                                                        
  3.60000E+00 0.00000E+00                                                        
  3.80000E+00 0.00000E+00                                                        
  4.00000E+00 0.00000E+00                                                        
  4.20000E+00 0.00000E+00                                                        
  4.40000E+00 0.00000E+00                                                        
  4.60000E+00 0.00000E+00                                                        
  4.80000E+00 0.00000E+00                                                        
  5.00000E+00 0.00000E+00                                                        
  5.20000E+00 0.00000E+00                                                        
  5.40000E+00 0.00000E+00                                                        
  5.60000E+00 0.00000E+00                                                        
  5.80000E+00 0.00000E+00                                                        
  6.00000E+00 0.00000E+00                                                        
  6.20000E+00 0.00000E+00                                                        
  6.40000E+00 0.00000E+00                                                        
  6.60000E+00 0.00000E+00                                                        
  6.80000E+00 0.00000E+00                                                        
  7.00000E+00 0.00000E+00                                                        
  7.20000E+00 0.00000E+00                                                        
  7.40000E+00 0.00000E+00                                                        
  7.60000E+00 0.00000E+00                                                        
  7.80000E+00 0.00000E+00                                                        
  8.00000E+00 0.00000E+00                                                        
  8.50000E+00 0.00000E+00                                                        
  9.00000E+00 0.00000E+00                                                        
  9.50000E+00 0.00000E+00                                                        
  1.00000E+01 0.00000E+00                                                        
  1.20000E+01 0.00000E+00                                                        
  1.40000E+01 0.00000E+00                                                        
  1.60000E+01 0.00000E+00                                                        
  1.80000E+01 3.09169E-01                                                        
  2.00000E+01 3.42700E+00                                                        

 Production of Z= 13 A= 26 ( 26Al) - Total

 Q-value    = -16.161129
 E-threshold=  16.743794

 Energy   Cross section

  1.00000E-01 0.00000E+00                                                        
  2.00000E-01 0.00000E+00                                                        
  4.00000E-01 0.00000E+00                                                        
  6.00000E-01 0.00000E+00                                                        
  8.00000E-01 0.00000E+00                                                        
  1.00000E+00 0.00000E+00                                                        
  1.20000E+00 0.00000E+00                                                        
  1.40000E+00 0.00000E+00                                                        
  1.60000E+00 0.00000E+00                                                        
  1.80000E+00 0.00000E+00                                                        
  2.00000E+00 0.00000E+00                                                        
  2.20000E+00 0.00000E+00                                                        
  2.40000E+00 0.00000E+00                                                        
  2.60000E+00 0.00000E+00                                                        
  2.80000E+00 0.00000E+00                                                        
  3.00000E+00 0.00000E+00                                                        
  3.20000E+00 0.00000E+00                                                        
  3.40000E+00 0.00000E+00                                                        
  3.60000E+00 0.00000E+00                                                        
  3.80000E+00 0.00000E+00                                                        
  4.00000E+00 0.00000E+00                                                        
  4.20000E+00 0.00000E+00                                                        
  4.40000E+00 0.00000E+00                                                        
  4.60000E+00 0.00000E+00                                                        
  4.80000E+00 0.00000E+00                                                        
  5.00000E+00 0.00000E+00                                                        
  5.20000E+00 0.00000E+00                                                        
  5.40000E+00 0.00000E+00                                                        
  5.60000E+00 0.00000E+00                                                        
  5.80000E+00 0.00000E+00                                                        
  6.00000E+00 0.00000E+00                                                        
  6.20000E+00 0.00000E+00                                                        
  6.40000E+00 0.00000E+00                                                        
  6.60000E+00 0.00000E+00                                                        
  6.80000E+00 0.00000E+00                                                        
  7.00000E+00 0.00000E+00                                                        
  7.20000E+00 0.00000E+00                                                        
  7.40000E+00 0.00000E+00                                                        
  7.60000E+00 0.00000E+00                                                        
  7.80000E+00 0.00000E+00                                                        
  8.00000E+00 0.00000E+00                                                        
  8.50000E+00 0.00000E+00                                                        
  9.00000E+00 0.00000E+00                                                        
  9.50000E+00 0.00000E+00                                                        
  1.00000E+01 0.00000E+00                                                        
  1.20000E+01 0.00000E+00                                                        
  1.40000E+01 0.00000E+00                                                        
  1.60000E+01 0.00000E+00                                                        
  1.80000E+01 3.21173E-03                                                        
  2.00000E+01 3.60236E-01                                                        

 Production of Z= 13 A= 26 ( 26Al) - Level  0  (lifetime: 2.26300E+13 sec.)

 Q-value    = -16.161129
 E-threshold=  16.743794

 Energy   Cross section Branching ratio

  1.00000E-01 0.00000E+00 0.00000E+00                                            
  2.00000E-01 0.00000E+00 0.00000E+00                                            
  4.00000E-01 0.00000E+00 0.00000E+00                                            
  6.00000E-01 0.00000E+00 0.00000E+00                                            
  8.00000E-01 0.00000E+00 0.00000E+00                                            
  1.00000E+00 0.00000E+00 0.00000E+00                                            
  1.20000E+00 0.00000E+00 0.00000E+00                                            
  1.40000E+00 0.00000E+00 0.00000E+00                                            
  1.60000E+00 0.00000E+00 0.00000E+00                                            
  1.80000E+00 0.00000E+00 0.00000E+00                                            
  2.00000E+00 0.00000E+00 0.00000E+00                                            
  2.20000E+00 0.00000E+00 0.00000E+00                                            
  2.40000E+00 0.00000E+00 0.00000E+00                                            
  2.60000E+00 0.00000E+00 0.00000E+00                                            
  2.80000E+00 0.00000E+00 0.00000E+00                                            
  3.00000E+00 0.00000E+00 0.00000E+00                                            
  3.20000E+00 0.00000E+00 0.00000E+00                                            
  3.40000E+00 0.00000E+00 0.00000E+00                                            
  3.60000E+00 0.00000E+00 0.00000E+00                                            
  3.80000E+00 0.00000E+00 0.00000E+00                                            
  4.00000E+00 0.00000E+00 0.00000E+00                                            
  4.20000E+00 0.00000E+00 0.00000E+00                                            
  4.40000E+00 0.00000E+00 0.00000E+00                                            
  4.60000E+00 0.00000E+00 0.00000E+00                                            
  4.80000E+00 0.00000E+00 0.00000E+00                                            
  5.00000E+00 0.00000E+00 0.00000E+00                                            
  5.20000E+00 0.00000E+00 0.00000E+00                                            
  5.40000E+00 0.00000E+00 0.00000E+00                                            
  5.60000E+00 0.00000E+00 0.00000E+00                                            
  5.80000E+00 0.00000E+00 0.00000E+00                                            
  6.00000E+00 0.00000E+00 0.00000E+00                                            
  6.20000E+00 0.00000E+00 0.00000E+00                                            
  6.40000E+00 0.00000E+00 0.00000E+00                                            
  6.60000E+00 0.00000E+00 0.00000E+00                                            
  6.80000E+00 0.00000E+00 0.00000E+00                                            
  7.00000E+00 0.00000E+00 0.00000E+00                                            
  7.20000E+00 0.00000E+00 0.00000E+00                                            
  7.40000E+00 0.00000E+00 0.00000E+00                                            
  7.60000E+00 0.00000E+00 0.00000E+00                                            
  7.80000E+00 0.00000E+00 0.00000E+00                                            
  8.00000E+00 0.00000E+00 0.00000E+00                                            
  8.50000E+00 0.00000E+00 0.00000E+00                                            
  9.00000E+00 0.00000E+00 0.00000E+00                                            
  9.50000E+00 0.00000E+00 0.00000E+00                                            
  1.00000E+01 0.00000E+00 0.00000E+00                                            
  1.20000E+01 0.00000E+00 0.00000E+00                                            
  1.40000E+01 0.00000E+00 0.00000E+00                                            
  1.60000E+01 0.00000E+00 0.00000E+00                                            
  1.80000E+01 3.15192E-03 9.81378E-01                                            
  2.00000E+01 3.17401E-01 8.81094E-01                                            

 Production of Z= 13 A= 26 ( 26Al) - Level  1  (lifetime: 6.34500E+00 sec.)

 Q-value    = -16.389434
 E-threshold=  16.980330

 Energy   Cross section Branching ratio

  1.00000E-01 0.00000E+00 0.00000E+00                                            
  2.00000E-01 0.00000E+00 0.00000E+00                                            
  4.00000E-01 0.00000E+00 0.00000E+00                                            
  6.00000E-01 0.00000E+00 0.00000E+00                                            
  8.00000E-01 0.00000E+00 0.00000E+00                                            
  1.00000E+00 0.00000E+00 0.00000E+00                                            
  1.20000E+00 0.00000E+00 0.00000E+00                                            
  1.40000E+00 0.00000E+00 0.00000E+00                                            
  1.60000E+00 0.00000E+00 0.00000E+00                                            
  1.80000E+00 0.00000E+00 0.00000E+00                                            
  2.00000E+00 0.00000E+00 0.00000E+00                                            
  2.20000E+00 0.00000E+00 0.00000E+00                                            
  2.40000E+00 0.00000E+00 0.00000E+00                                            
  2.60000E+00 0.00000E+00 0.00000E+00                                            
  2.80000E+00 0.00000E+00 0.00000E+00                                            
  3.00000E+00 0.00000E+00 0.00000E+00                                            
  3.20000E+00 0.00000E+00 0.00000E+00                                            
  3.40000E+00 0.00000E+00 0.00000E+00                                            
  3.60000E+00 0.00000E+00 0.00000E+00                                            
  3.80000E+00 0.00000E+00 0.00000E+00                                            
  4.00000E+00 0.00000E+00 0.00000E+00                                            
  4.20000E+00 0.00000E+00 0.00000E+00                                            
  4.40000E+00 0.00000E+00 0.00000E+00                                            
  4.60000E+00 0.00000E+00 0.00000E+00                                            
  4.80000E+00 0.00000E+00 0.00000E+00                                            
  5.00000E+00 0.00000E+00 0.00000E+00                                            
  5.20000E+00 0.00000E+00 0.00000E+00                                            
  5.40000E+00 0.00000E+00 0.00000E+00                                            
  5.60000E+00 0.00000E+00 0.00000E+00                                            
  5.80000E+00 0.00000E+00 0.00000E+00                                            
  6.00000E+00 0.00000E+00 0.00000E+00                                            
  6.20000E+00 0.00000E+00 0.00000E+00                                            
  6.40000E+00 0.00000E+00 0.00000E+00                                            
  6.60000E+00 0.00000E+00 0.00000E+00                                            
  6.80000E+00 0.00000E+00 0.00000E+00                                            
  7.00000E+00 0.00000E+00 0.00000E+00                                            
  7.20000E+00 0.00000E+00 0.00000E+00                                            
  7.40000E+00 0.00000E+00 0.00000E+00                                            
  7.60000E+00 0.00000E+00 0.00000E+00                                            
  7.80000E+00 0.00000E+00 0.00000E+00                                            
  8.00000E+00 0.00000E+00 0.00000E+00                                            
  8.50000E+00 0.00000E+00 0.00000E+00                                            
  9.00000E+00 0.00000E+00 0.00000E+00                                            
  9.50000E+00 0.00000E+00 0.00000E+00                                            
  1.00000E+01 0.00000E+00 0.00000E+00                                            
  1.20000E+01 0.00000E+00 0.00000E+00                                            
  1.40000E+01 0.00000E+00 0.00000E+00                                            
  1.60000E+01 0.00000E+00 0.00000E+00                                            
  1.80000E+01 5.98095E-05 1.86222E-02                                            
  2.00000E+01 4.28341E-02 1.18906E-01                                            

 Production of Z= 12 A= 26 ( 26Mg) - Total

 Q-value    = -12.138133
 E-threshold=  12.575755

 Energy   Cross section

  1.00000E-01 0.00000E+00                                                        
  2.00000E-01 0.00000E+00                                                        
  4.00000E-01 0.00000E+00                                                        
  6.00000E-01 0.00000E+00                                                        
  8.00000E-01 0.00000E+00                                                        
  1.00000E+00 0.00000E+00                                                        
  1.20000E+00 0.00000E+00                                                        
  1.40000E+00 0.00000E+00                                                        
  1.60000E+00 0.00000E+00                                                        
  1.80000E+00 0.00000E+00                                                        
  2.00000E+00 0.00000E+00                                                        
  2.20000E+00 0.00000E+00                                                        
  2.40000E+00 0.00000E+00                                                        
  2.60000E+00 0.00000E+00                                                        
  2.80000E+00 0.00000E+00                                                        
  3.00000E+00 0.00000E+00                                                        
  3.20000E+00 0.00000E+00                                                        
  3.40000E+00 0.00000E+00                                                        
  3.60000E+00 0.00000E+00                                                        
  3.80000E+00 0.00000E+00                                                        
  4.00000E+00 0.00000E+00                                                        
  4.20000E+00 0.00000E+00                                                        
  4.40000E+00 0.00000E+00                                                        
  4.60000E+00 0.00000E+00                                                        
  4.80000E+00 0.00000E+00                                                        
  5.00000E+00 0.00000E+00                                                        
  5.20000E+00 0.00000E+00                                                        
  5.40000E+00 0.00000E+00                                                        
  5.60000E+00 0.00000E+00                                                        
  5.80000E+00 0.00000E+00                                                        
  6.00000E+00 0.00000E+00                                                        
  6.20000E+00 0.00000E+00                                                        
  6.40000E+00 0.00000E+00                                                        
  6.60000E+00 0.00000E+00                                                        
  6.80000E+00 0.00000E+00                                                        
  7.00000E+00 0.00000E+00                                                        
  7.20000E+00 0.00000E+00                                                        
  7.40000E+00 0.00000E+00                                                        
  7.60000E+00 0.00000E+00                                                        
  7.80000E+00 0.00000E+00                                                        
  8.00000E+00 0.00000E+00                                                        
  8.50000E+00 0.00000E+00                                                        
  9.00000E+00 0.00000E+00                                                        
  9.50000E+00 0.00000E+00                                                        
  1.00000E+01 0.00000E+00                                                        
  1.20000E+01 0.00000E+00                                                        
  1.40000E+01 0.00000E+00                                                        
  1.60000E+01 1.85579E-02                                                        
  1.80000E+01 1.45674E-01                                                        
  2.00000E+01 3.45572E-01                                                        

 Production of Z= 12 A= 25 ( 25Mg) - Total

 Q-value    =  -2.653605
 E-threshold=   2.749276

 Energy   Cross section

  1.00000E-01 0.00000E+00                                                        
  2.00000E-01 0.00000E+00                                                        
  4.00000E-01 0.00000E+00                                                        
  6.00000E-01 0.00000E+00                                                        
  8.00000E-01 0.00000E+00                                                        
  1.00000E+00 0.00000E+00                                                        
  1.20000E+00 0.00000E+00                                                        
  1.40000E+00 0.00000E+00                                                        
  1.60000E+00 0.00000E+00                                                        
  1.80000E+00 0.00000E+00                                                        
  2.00000E+00 0.00000E+00                                                        
  2.20000E+00 0.00000E+00                                                        
  2.40000E+00 0.00000E+00                                                        
  2.60000E+00 0.00000E+00                                                        
  2.80000E+00 0.00000E+00                                                        
  3.00000E+00 0.00000E+00                                                        
  3.20000E+00 0.00000E+00                                                        
  3.40000E+00 0.00000E+00                                                        
  3.60000E+00 0.00000E+00                                                        
  3.80000E+00 0.00000E+00                                                        
  4.00000E+00 0.00000E+00                                                        
  4.20000E+00 0.00000E+00                                                        
  4.40000E+00 2.62312E-03                                                        
  4.60000E+00 1.72923E-02                                                        
  4.80000E+00 7.89733E-02                                                        
  5.00000E+00 2.72825E-01                                                        
  5.20000E+00 7.85890E-01                                                        
  5.40000E+00 1.92887E+00                                                        
  5.60000E+00 4.19540E+00                                                        
  5.80000E+00 8.20857E+00                                                        
  6.00000E+00 1.46274E+01                                                        
  6.20000E+00 2.39946E+01                                                        
  6.40000E+00 3.65726E+01                                                        
  6.60000E+00 5.10581E+01                                                        
  6.80000E+00 6.71304E+01                                                        
  7.00000E+00 8.46414E+01                                                        
  7.20000E+00 1.00742E+02                                                        
  7.40000E+00 1.13472E+02                                                        
  7.60000E+00 1.26505E+02                                                        
  7.80000E+00 1.36685E+02                                                        
  8.00000E+00 1.46907E+02                                                        
  8.50000E+00 1.68653E+02                                                        
  9.00000E+00 1.81790E+02                                                        
  9.50000E+00 1.88081E+02                                                        
  1.00000E+01 1.91338E+02                                                        
  1.20000E+01 1.82399E+02                                                        
  1.40000E+01 1.69037E+02                                                        
  1.60000E+01 1.27733E+02                                                        
  1.80000E+01 7.45885E+01                                                        
  2.00000E+01 4.16484E+01                                                        

 Production of Z= 12 A= 24 ( 24Mg) - Total

 Q-value    =  -9.984130
 E-threshold=  10.344092

 Energy   Cross section

  1.00000E-01 0.00000E+00                                                        
  2.00000E-01 0.00000E+00                                                        
  4.00000E-01 0.00000E+00                                                        
  6.00000E-01 0.00000E+00                                                        
  8.00000E-01 0.00000E+00                                                        
  1.00000E+00 0.00000E+00                                                        
  1.20000E+00 0.00000E+00                                                        
  1.40000E+00 0.00000E+00                                                        
  1.60000E+00 0.00000E+00                                                        
  1.80000E+00 0.00000E+00                                                        
  2.00000E+00 0.00000E+00                                                        
  2.20000E+00 0.00000E+00                                                        
  2.40000E+00 0.00000E+00                                                        
  2.60000E+00 0.00000E+00                                                        
  2.80000E+00 0.00000E+00                                                        
  3.00000E+00 0.00000E+00                                                        
  3.20000E+00 0.00000E+00                                                        
  3.40000E+00 0.00000E+00                                                        
  3.60000E+00 0.00000E+00                                                        
  3.80000E+00 0.00000E+00                                                        
  4.00000E+00 0.00000E+00                                                        
  4.20000E+00 0.00000E+00                                                        
  4.40000E+00 0.00000E+00                                                        
  4.60000E+00 0.00000E+00                                                        
  4.80000E+00 0.00000E+00                                                        
  5.00000E+00 0.00000E+00                                                        
  5.20000E+00 0.00000E+00                                                        
  5.40000E+00 0.00000E+00                                                        
  5.60000E+00 0.00000E+00                                                        
  5.80000E+00 0.00000E+00                                                        
  6.00000E+00 0.00000E+00                                                        
  6.20000E+00 0.00000E+00                                                        
  6.40000E+00 0.00000E+00                                                        
  6.60000E+00 0.00000E+00                                                        
  6.80000E+00 0.00000E+00                                                        
  7.00000E+00 0.00000E+00                                                        
  7.20000E+00 0.00000E+00                                                        
  7.40000E+00 0.00000E+00                                                        
  7.60000E+00 0.00000E+00                                                        
  7.80000E+00 0.00000E+00                                                        
  8.00000E+00 0.00000E+00                                                        
  8.50000E+00 0.00000E+00                                                        
  9.00000E+00 0.00000E+00                                                        
  9.50000E+00 0.00000E+00                                                        
  1.00000E+01 0.00000E+00                                                        
  1.20000E+01 8.74915E-02                                                        
  1.40000E+01 1.90214E+01                                                        
  1.60000E+01 6.95379E+01                                                        
  1.80000E+01 1.36377E+02                                                        
  2.00000E+01 1.70737E+02                                                        

 Production of Z= 11 A= 24 ( 24Na) - Total

 Q-value    = -14.717454
 E-threshold=  15.248069

 Energy   Cross section

  1.00000E-01 0.00000E+00                                                        
  2.00000E-01 0.00000E+00                                                        
  4.00000E-01 0.00000E+00                                                        
  6.00000E-01 0.00000E+00                                                        
  8.00000E-01 0.00000E+00                                                        
  1.00000E+00 0.00000E+00                                                        
  1.20000E+00 0.00000E+00                                                        
  1.40000E+00 0.00000E+00                                                        
  1.60000E+00 0.00000E+00                                                        
  1.80000E+00 0.00000E+00                                                        
  2.00000E+00 0.00000E+00                                                        
  2.20000E+00 0.00000E+00                                                        
  2.40000E+00 0.00000E+00                                                        
  2.60000E+00 0.00000E+00                                                        
  2.80000E+00 0.00000E+00                                                        
  3.00000E+00 0.00000E+00                                                        
  3.20000E+00 0.00000E+00                                                        
  3.40000E+00 0.00000E+00                                                        
  3.60000E+00 0.00000E+00                                                        
  3.80000E+00 0.00000E+00                                                        
  4.00000E+00 0.00000E+00                                                        
  4.20000E+00 0.00000E+00                                                        
  4.40000E+00 0.00000E+00                                                        
  4.60000E+00 0.00000E+00                                                        
  4.80000E+00 0.00000E+00                                                        
  5.00000E+00 0.00000E+00                                                        
  5.20000E+00 0.00000E+00                                                        
  5.40000E+00 0.00000E+00                                                        
  5.60000E+00 0.00000E+00                                                        
  5.80000E+00 0.00000E+00                                                        
  6.00000E+00 0.00000E+00                                                        
  6.20000E+00 0.00000E+00                                                        
  6.40000E+00 0.00000E+00                                                        
  6.60000E+00 0.00000E+00                                                        
  6.80000E+00 0.00000E+00                                                        
  7.00000E+00 0.00000E+00                                                        
  7.20000E+00 0.00000E+00                                                        
  7.40000E+00 0.00000E+00                                                        
  7.60000E+00 0.00000E+00                                                        
  7.80000E+00 0.00000E+00                                                        
  8.00000E+00 0.00000E+00                                                        
  8.50000E+00 0.00000E+00                                                        
  9.00000E+00 0.00000E+00                                                        
  9.50000E+00 0.00000E+00                                                        
  1.00000E+01 0.00000E+00                                                        
  1.20000E+01 0.00000E+00                                                        
  1.40000E+01 0.00000E+00                                                        
  1.60000E+01 0.00000E+00                                                        
  1.80000E+01 0.00000E+00                                                        
  2.00000E+01 2.37059E-02                                                        

 Production of Z= 10 A= 21 ( 21Ne) - Total

 Q-value    = -12.539523
 E-threshold=  12.991616

 Energy   Cross section

  1.00000E-01 0.00000E+00                                                        
  2.00000E-01 0.00000E+00                                                        
  4.00000E-01 0.00000E+00                                                        
  6.00000E-01 0.00000E+00                                                        
  8.00000E-01 0.00000E+00                                                        
  1.00000E+00 0.00000E+00                                                        
  1.20000E+00 0.00000E+00                                                        
  1.40000E+00 0.00000E+00                                                        
  1.60000E+00 0.00000E+00                                                        
  1.80000E+00 0.00000E+00                                                        
  2.00000E+00 0.00000E+00                                                        
  2.20000E+00 0.00000E+00                                                        
  2.40000E+00 0.00000E+00                                                        
  2.60000E+00 0.00000E+00                                                        
  2.80000E+00 0.00000E+00                                                        
  3.00000E+00 0.00000E+00                                                        
  3.20000E+00 0.00000E+00                                                        
  3.40000E+00 0.00000E+00                                                        
  3.60000E+00 0.00000E+00                                                        
  3.80000E+00 0.00000E+00                                                        
  4.00000E+00 0.00000E+00                                                        
  4.20000E+00 0.00000E+00                                                        
  4.40000E+00 0.00000E+00                                                        
  4.60000E+00 0.00000E+00                                                        
  4.80000E+00 0.00000E+00                                                        
  5.00000E+00 0.00000E+00                                                        
  5.20000E+00 0.00000E+00                                                        
  5.40000E+00 0.00000E+00                                                        
  5.60000E+00 0.00000E+00                                                        
  5.80000E+00 0.00000E+00                                                        
  6.00000E+00 0.00000E+00                                                        
  6.20000E+00 0.00000E+00                                                        
  6.40000E+00 0.00000E+00                                                        
  6.60000E+00 0.00000E+00                                                        
  6.80000E+00 0.00000E+00                                                        
  7.00000E+00 0.00000E+00                                                        
  7.20000E+00 0.00000E+00                                                        
  7.40000E+00 0.00000E+00                                                        
  7.60000E+00 0.00000E+00                                                        
  7.80000E+00 0.00000E+00                                                        
  8.00000E+00 0.00000E+00                                                        
  8.50000E+00 0.00000E+00                                                        
  9.00000E+00 0.00000E+00                                                        
  9.50000E+00 0.00000E+00                                                        
  1.00000E+01 0.00000E+00                                                        
  1.20000E+01 0.00000E+00                                                        
  1.40000E+01 0.00000E+00                                                        
  1.60000E+01 0.00000E+00                                                        
  1.80000E+01 0.00000E+00                                                        
  2.00000E+01 4.72894E-02                                                        

 6. Exclusive cross sections

     Emitted particles     reaction
   n   p   d   t   h   a
   0   0   0   0   0   0       (n,g)            

 Q-value    =   8.473607
 E-threshold=   0.000000

 Energy   Cross section Gamma c.s. c.s./res.prod.cs

  1.00000E-01 9.32101E-01 1.64427E+00 1.00000E+00                                                    
  2.00000E-01 6.12244E-01 1.14490E+00 1.00000E+00                                                    
  4.00000E-01 4.28397E-01 8.45842E-01 1.00000E+00                                                    
  6.00000E-01 3.60849E-01 7.35410E-01 1.00000E+00                                                    
  8.00000E-01 3.29987E-01 6.88461E-01 1.00000E+00                                                    
  1.00000E+00 3.17493E-01 6.77213E-01 1.00000E+00                                                    
  1.20000E+00 3.13721E-01 6.81263E-01 1.00000E+00                                                    
  1.40000E+00 3.16466E-01 6.98613E-01 1.00000E+00                                                    
  1.60000E+00 3.24038E-01 7.26530E-01 1.00000E+00                                                    
  1.80000E+00 3.35550E-01 7.63480E-01 1.00000E+00                                                    
  2.00000E+00 1.77110E-01 3.92972E-01 1.00000E+00                                                    
  2.20000E+00 1.40266E-01 3.06751E-01 1.00000E+00                                                    
  2.40000E+00 1.27288E-01 2.78210E-01 1.00000E+00                                                    
  2.60000E+00 1.23245E-01 2.71179E-01 1.00000E+00                                                    
  2.80000E+00 1.23436E-01 2.74277E-01 1.00000E+00                                                    
  3.00000E+00 1.26312E-01 2.83815E-01 1.00000E+00                                                    
  3.20000E+00 1.30696E-01 2.96784E-01 1.00000E+00                                                    
  3.40000E+00 1.36480E-01 3.13701E-01 1.00000E+00                                                    
  3.60000E+00 1.43312E-01 3.32929E-01 1.00000E+00                                                    
  3.80000E+00 1.50940E-01 3.54005E-01 1.00000E+00                                                    
  4.00000E+00 1.59728E-01 3.78244E-01 1.00000E+00                                                    
  4.20000E+00 1.68924E-01 4.03776E-01 1.00000E+00                                                    
  4.40000E+00 1.79704E-01 4.33380E-01 1.00000E+00                                                    
  4.60000E+00 1.91120E-01 4.64984E-01 1.00000E+00                                                    
  4.80000E+00 1.97986E-01 4.80060E-01 1.00000E+00                                                    
  5.00000E+00 1.93909E-01 4.63051E-01 1.00000E+00                                                    
  5.20000E+00 1.95828E-01 4.66961E-01 1.00000E+00                                                    
  5.40000E+00 1.94643E-01 4.69342E-01 1.00000E+00                                                    
  5.60000E+00 1.95155E-01 4.75162E-01 1.00000E+00                                                    
  5.80000E+00 1.97677E-01 4.84739E-01 1.00000E+00                                                    
  6.00000E+00 2.01178E-01 4.96758E-01 1.00000E+00                                                    
  6.20000E+00 2.02786E-01 5.03844E-01 1.00000E+00                                                    
  6.40000E+00 2.04227E-01 5.10032E-01 1.00000E+00                                                    
  6.60000E+00 2.01493E-01 5.05294E-01 1.00000E+00                                                    
  6.80000E+00 1.96045E-01 4.94411E-01 1.00000E+00                                                    
  7.00000E+00 1.89472E-01 4.80961E-01 1.00000E+00                                                    
  7.20000E+00 1.80608E-01 4.60851E-01 1.00000E+00                                                    
  7.40000E+00 1.69856E-01 4.34021E-01 1.00000E+00                                                    
  7.60000E+00 1.63779E-01 4.20321E-01 1.00000E+00                                                    
  7.80000E+00 1.53492E-01 3.96930E-01 1.00000E+00                                                    
  8.00000E+00 1.45571E-01 3.80233E-01 1.00000E+00                                                    
  8.50000E+00 1.34151E-01 3.57702E-01 1.00000E+00                                                    
  9.00000E+00 1.21988E-01 3.29650E-01 1.00000E+00                                                    
  9.50000E+00 1.15215E-01 3.13327E-01 1.00000E+00                                                    
  1.00000E+01 3.12409E-01 7.38392E-01 1.00000E+00                                                    
  1.20000E+01 4.51451E-01 1.05048E+00 1.00000E+00                                                    
  1.40000E+01 6.17666E-01 1.50489E+00 1.00000E+00                                                    
  1.60000E+01 7.03539E-01 1.85408E+00 1.00000E+00                                                    
  1.80000E+01 6.82298E-01 1.93992E+00 1.00000E+00                                                    
  2.00000E+01 6.06891E-01 1.82456E+00 1.00000E+00                                                    

     Emitted particles     reaction
   n   p   d   t   h   a
   1   0   0   0   0   0       (n,n')           

 Q-value    =   0.000000
 E-threshold=   1.843170

 Energy   Cross section Gamma c.s. c.s./res.prod.cs

  1.00000E-01 0.00000E+00 0.00000E+00 0.00000E+00                                                    
  2.00000E-01 0.00000E+00 0.00000E+00 0.00000E+00                                                    
  4.00000E-01 0.00000E+00 0.00000E+00 0.00000E+00                                                    
  6.00000E-01 0.00000E+00 0.00000E+00 0.00000E+00                                                    
  8.00000E-01 0.00000E+00 0.00000E+00 0.00000E+00                                                    
  1.00000E+00 0.00000E+00 0.00000E+00 0.00000E+00                                                    
  1.20000E+00 0.00000E+00 0.00000E+00 0.00000E+00                                                    
  1.40000E+00 0.00000E+00 0.00000E+00 0.00000E+00                                                    
  1.60000E+00 0.00000E+00 0.00000E+00 0.00000E+00                                                    
  1.80000E+00 0.00000E+00 0.00000E+00 0.00000E+00                                                    
  2.00000E+00 2.73407E+02 2.73407E+02 9.99989E-01                                                    
  2.20000E+00 4.25746E+02 4.25746E+02 9.99993E-01                                                    
  2.40000E+00 4.98279E+02 4.98279E+02 9.99993E-01                                                    
  2.60000E+00 5.37723E+02 5.37723E+02 9.99992E-01                                                    
  2.80000E+00 5.62397E+02 5.62397E+02 9.99991E-01                                                    
  3.00000E+00 5.79989E+02 5.79989E+02 9.99989E-01                                                    
  3.20000E+00 5.93923E+02 5.93923E+02 9.99987E-01                                                    
  3.40000E+00 6.05804E+02 6.05804E+02 9.99984E-01                                                    
  3.60000E+00 6.16409E+02 6.16409E+02 9.99980E-01                                                    
  3.80000E+00 6.26110E+02 6.26110E+02 9.99975E-01                                                    
  4.00000E+00 6.35078E+02 6.35078E+02 9.99970E-01                                                    
  4.20000E+00 6.43391E+02 6.43391E+02 9.99964E-01                                                    
  4.40000E+00 6.51058E+02 6.51058E+02 9.99957E-01                                                    
  4.60000E+00 6.58032E+02 6.58032E+02 9.99949E-01                                                    
  4.80000E+00 6.66542E+02 6.72920E+02 9.99942E-01                                                    
  5.00000E+00 6.93663E+02 7.55205E+02 9.99939E-01                                                    
  5.20000E+00 7.13256E+02 8.15884E+02 9.99933E-01                                                    
  5.40000E+00 7.32202E+02 8.79900E+02 9.99929E-01                                                    
  5.60000E+00 7.37641E+02 9.12480E+02 9.99921E-01                                                    
  5.80000E+00 7.31950E+02 9.21421E+02 9.99911E-01                                                    
  6.00000E+00 7.17837E+02 9.14397E+02 9.99900E-01                                                    
  6.20000E+00 6.97540E+02 8.96573E+02 9.99885E-01                                                    
  6.40000E+00 6.72896E+02 8.71481E+02 9.99869E-01                                                    
  6.60000E+00 6.55613E+02 8.72129E+02 9.99857E-01                                                    
  6.80000E+00 6.43985E+02 8.89074E+02 9.99848E-01                                                    
  7.00000E+00 6.27427E+02 8.89600E+02 9.99832E-01                                                    
  7.20000E+00 6.17649E+02 8.96170E+02 9.99824E-01                                                    
  7.40000E+00 6.17761E+02 9.11717E+02 9.99824E-01                                                    
  7.60000E+00 6.07338E+02 9.06268E+02 9.99817E-01                                                    
  7.80000E+00 6.05032E+02 9.06514E+02 9.99811E-01                                                    
  8.00000E+00 6.00928E+02 8.99504E+02 9.99804E-01                                                    
  8.50000E+00 5.80512E+02 8.87025E+02 9.99779E-01                                                    
  9.00000E+00 5.64078E+02 8.95768E+02 9.99750E-01                                                    
  9.50000E+00 5.51406E+02 9.08628E+02 9.99726E-01                                                    
  1.00000E+01 5.38153E+02 9.18599E+02 9.99673E-01                                                    
  1.20000E+01 5.16668E+02 9.95597E+02 9.99522E-01                                                    
  1.40000E+01 3.86190E+02 7.89984E+02 9.99179E-01                                                    
  1.60000E+01 2.40481E+02 4.90731E+02 9.98447E-01                                                    
  1.80000E+01 1.60688E+02 3.21215E+02 9.97378E-01                                                    
  2.00000E+01 1.20355E+02 2.33843E+02 9.96001E-01                                                    

     Emitted particles     reaction
   n   p   d   t   h   a
   0   1   0   0   0   0       (n,p)            

 Q-value    =  -3.859725
 E-threshold=   3.998881

 Energy   Cross section Gamma c.s. c.s./res.prod.cs

  1.00000E-01 0.00000E+00 0.00000E+00 0.00000E+00                                                    
  2.00000E-01 0.00000E+00 0.00000E+00 0.00000E+00                                                    
  4.00000E-01 0.00000E+00 0.00000E+00 0.00000E+00                                                    
  6.00000E-01 0.00000E+00 0.00000E+00 0.00000E+00                                                    
  8.00000E-01 0.00000E+00 0.00000E+00 0.00000E+00                                                    
  1.00000E+00 0.00000E+00 0.00000E+00 0.00000E+00                                                    
  1.20000E+00 0.00000E+00 0.00000E+00 0.00000E+00                                                    
  1.40000E+00 0.00000E+00 0.00000E+00 0.00000E+00                                                    
  1.60000E+00 0.00000E+00 0.00000E+00 0.00000E+00                                                    
  1.80000E+00 0.00000E+00 0.00000E+00 0.00000E+00                                                    
  2.00000E+00 0.00000E+00 0.00000E+00 0.00000E+00                                                    
  2.20000E+00 0.00000E+00 0.00000E+00 0.00000E+00                                                    
  2.40000E+00 0.00000E+00 0.00000E+00 0.00000E+00                                                    
  2.60000E+00 0.00000E+00 0.00000E+00 0.00000E+00                                                    
  2.80000E+00 0.00000E+00 0.00000E+00 0.00000E+00                                                    
  3.00000E+00 0.00000E+00 0.00000E+00 0.00000E+00                                                    
  3.20000E+00 0.00000E+00 0.00000E+00 0.00000E+00                                                    
  3.40000E+00 0.00000E+00 0.00000E+00 0.00000E+00                                                    
  3.60000E+00 0.00000E+00 0.00000E+00 0.00000E+00                                                    
  3.80000E+00 0.00000E+00 0.00000E+00 0.00000E+00                                                    
  4.00000E+00 0.00000E+00 0.00000E+00 0.00000E+00                                                    
  4.20000E+00 0.00000E+00 0.00000E+00 0.00000E+00                                                    
  4.40000E+00 2.20823E-03 8.68081E-04 1.00000E+00                                                    
  4.60000E+00 8.77938E-02 3.71948E-02 1.00000E+00                                                    
  4.80000E+00 7.91215E-01 3.61659E-01 1.00000E+00                                                    
  5.00000E+00 3.22120E+00 1.58179E+00 1.00000E+00                                                    
  5.20000E+00 9.07038E+00 4.61367E+00 1.00000E+00                                                    
  5.40000E+00 1.96721E+01 1.01295E+01 1.00000E+00                                                    
  5.60000E+00 3.60412E+01 1.87003E+01 1.00000E+00                                                    
  5.80000E+00 5.81923E+01 3.05373E+01 1.00000E+00                                                    
  6.00000E+00 8.50448E+01 4.56043E+01 1.00000E+00                                                    
  6.20000E+00 1.14705E+02 6.37822E+01 1.00000E+00                                                    
  6.40000E+00 1.45286E+02 8.52374E+01 1.00000E+00                                                    
  6.60000E+00 1.71444E+02 1.08284E+02 9.99999E-01                                                    
  6.80000E+00 1.91306E+02 1.32140E+02 9.99999E-01                                                    
  7.00000E+00 2.11260E+02 1.60003E+02 9.99999E-01                                                    
  7.20000E+00 2.26863E+02 1.88187E+02 9.99998E-01                                                    
  7.40000E+00 2.36952E+02 2.15055E+02 9.99998E-01                                                    
  7.60000E+00 2.50185E+02 2.46134E+02 9.99997E-01                                                    
  7.80000E+00 2.57822E+02 2.71852E+02 9.99996E-01                                                    
  8.00000E+00 2.63604E+02 2.95028E+02 9.99996E-01                                                    
  8.50000E+00 2.81589E+02 3.56400E+02 9.99992E-01                                                    
  9.00000E+00 2.97847E+02 4.12768E+02 9.99988E-01                                                    
  9.50000E+00 3.12876E+02 4.64435E+02 9.99983E-01                                                    
  1.00000E+01 3.27883E+02 5.16007E+02 9.99976E-01                                                    
  1.20000E+01 3.56650E+02 6.69426E+02 9.99932E-01                                                    
  1.40000E+01 3.49985E+02 7.41438E+02 9.99854E-01                                                    
  1.60000E+01 2.24817E+02 4.95697E+02 9.99618E-01                                                    
  1.80000E+01 1.20580E+02 2.69612E+02 9.99018E-01                                                    
  2.00000E+01 6.54430E+01 1.47203E+02 9.97895E-01                                                    

     Emitted particles     reaction
   n   p   d   t   h   a
   0   0   1   0   0   0       (n,d)            

 Q-value    =  -9.360330
 E-threshold=   9.697802

 Energy   Cross section Gamma c.s. c.s./res.prod.cs

  1.00000E-01 0.00000E+00 0.00000E+00 0.00000E+00                                                    
  2.00000E-01 0.00000E+00 0.00000E+00 0.00000E+00                                                    
  4.00000E-01 0.00000E+00 0.00000E+00 0.00000E+00                                                    
  6.00000E-01 0.00000E+00 0.00000E+00 0.00000E+00                                                    
  8.00000E-01 0.00000E+00 0.00000E+00 0.00000E+00                                                    
  1.00000E+00 0.00000E+00 0.00000E+00 0.00000E+00                                                    
  1.20000E+00 0.00000E+00 0.00000E+00 0.00000E+00                                                    
  1.40000E+00 0.00000E+00 0.00000E+00 0.00000E+00                                                    
  1.60000E+00 0.00000E+00 0.00000E+00 0.00000E+00                                                    
  1.80000E+00 0.00000E+00 0.00000E+00 0.00000E+00                                                    
  2.00000E+00 0.00000E+00 0.00000E+00 0.00000E+00                                                    
  2.20000E+00 0.00000E+00 0.00000E+00 0.00000E+00                                                    
  2.40000E+00 0.00000E+00 0.00000E+00 0.00000E+00                                                    
  2.60000E+00 0.00000E+00 0.00000E+00 0.00000E+00                                                    
  2.80000E+00 0.00000E+00 0.00000E+00 0.00000E+00                                                    
  3.00000E+00 0.00000E+00 0.00000E+00 0.00000E+00                                                    
  3.20000E+00 0.00000E+00 0.00000E+00 0.00000E+00                                                    
  3.40000E+00 0.00000E+00 0.00000E+00 0.00000E+00                                                    
  3.60000E+00 0.00000E+00 0.00000E+00 0.00000E+00                                                    
  3.80000E+00 0.00000E+00 0.00000E+00 0.00000E+00                                                    
  4.00000E+00 0.00000E+00 0.00000E+00 0.00000E+00                                                    
  4.20000E+00 0.00000E+00 0.00000E+00 0.00000E+00                                                    
  4.40000E+00 0.00000E+00 0.00000E+00 0.00000E+00                                                    
  4.60000E+00 0.00000E+00 0.00000E+00 0.00000E+00                                                    
  4.80000E+00 0.00000E+00 0.00000E+00 0.00000E+00                                                    
  5.00000E+00 0.00000E+00 0.00000E+00 0.00000E+00                                                    
  5.20000E+00 0.00000E+00 0.00000E+00 0.00000E+00                                                    
  5.40000E+00 0.00000E+00 0.00000E+00 0.00000E+00                                                    
  5.60000E+00 0.00000E+00 0.00000E+00 0.00000E+00                                                    
  5.80000E+00 0.00000E+00 0.00000E+00 0.00000E+00                                                    
  6.00000E+00 0.00000E+00 0.00000E+00 0.00000E+00                                                    
  6.20000E+00 0.00000E+00 0.00000E+00 0.00000E+00                                                    
  6.40000E+00 0.00000E+00 0.00000E+00 0.00000E+00                                                    
  6.60000E+00 0.00000E+00 0.00000E+00 0.00000E+00                                                    
  6.80000E+00 0.00000E+00 0.00000E+00 0.00000E+00                                                    
  7.00000E+00 0.00000E+00 0.00000E+00 0.00000E+00                                                    
  7.20000E+00 0.00000E+00 0.00000E+00 0.00000E+00                                                    
  7.40000E+00 0.00000E+00 0.00000E+00 0.00000E+00                                                    
  7.60000E+00 0.00000E+00 0.00000E+00 0.00000E+00                                                    
  7.80000E+00 0.00000E+00 0.00000E+00 0.00000E+00                                                    
  8.00000E+00 0.00000E+00 0.00000E+00 0.00000E+00                                                    
  8.50000E+00 0.00000E+00 0.00000E+00 0.00000E+00                                                    
  9.00000E+00 0.00000E+00 0.00000E+00 0.00000E+00                                                    
  9.50000E+00 0.00000E+00 0.00000E+00 0.00000E+00                                                    
  1.00000E+01 0.00000E+00 0.00000E+00 0.00000E+00                                                    
  1.20000E+01 4.65743E+00 3.01332E-01 1.00000E+00                                                    
  1.40000E+01 1.71608E+01 8.98205E+00 1.48724E-01                                                    
  1.60000E+01 2.53847E+01 2.31712E+01 7.44053E-02                                                    
  1.80000E+01 3.10316E+01 3.70367E+01 6.56400E-02                                                    
  2.00000E+01 3.58351E+01 4.95781E+01 6.86870E-02                                                    

     Emitted particles     reaction
   n   p   d   t   h   a
   0   0   0   1   0   0       (n,t)            

 Q-value    = -16.161130
 E-threshold=  16.743795

 Energy   Cross section Gamma c.s. c.s./res.prod.cs

  1.00000E-01 0.00000E+00 0.00000E+00 0.00000E+00                                                    
  2.00000E-01 0.00000E+00 0.00000E+00 0.00000E+00                                                    
  4.00000E-01 0.00000E+00 0.00000E+00 0.00000E+00                                                    
  6.00000E-01 0.00000E+00 0.00000E+00 0.00000E+00                                                    
  8.00000E-01 0.00000E+00 0.00000E+00 0.00000E+00                                                    
  1.00000E+00 0.00000E+00 0.00000E+00 0.00000E+00                                                    
  1.20000E+00 0.00000E+00 0.00000E+00 0.00000E+00                                                    
  1.40000E+00 0.00000E+00 0.00000E+00 0.00000E+00                                                    
  1.60000E+00 0.00000E+00 0.00000E+00 0.00000E+00                                                    
  1.80000E+00 0.00000E+00 0.00000E+00 0.00000E+00                                                    
  2.00000E+00 0.00000E+00 0.00000E+00 0.00000E+00                                                    
  2.20000E+00 0.00000E+00 0.00000E+00 0.00000E+00                                                    
  2.40000E+00 0.00000E+00 0.00000E+00 0.00000E+00                                                    
  2.60000E+00 0.00000E+00 0.00000E+00 0.00000E+00                                                    
  2.80000E+00 0.00000E+00 0.00000E+00 0.00000E+00                                                    
  3.00000E+00 0.00000E+00 0.00000E+00 0.00000E+00                                                    
  3.20000E+00 0.00000E+00 0.00000E+00 0.00000E+00                                                    
  3.40000E+00 0.00000E+00 0.00000E+00 0.00000E+00                                                    
  3.60000E+00 0.00000E+00 0.00000E+00 0.00000E+00                                                    
  3.80000E+00 0.00000E+00 0.00000E+00 0.00000E+00                                                    
  4.00000E+00 0.00000E+00 0.00000E+00 0.00000E+00                                                    
  4.20000E+00 0.00000E+00 0.00000E+00 0.00000E+00                                                    
  4.40000E+00 0.00000E+00 0.00000E+00 0.00000E+00                                                    
  4.60000E+00 0.00000E+00 0.00000E+00 0.00000E+00                                                    
  4.80000E+00 0.00000E+00 0.00000E+00 0.00000E+00                                                    
  5.00000E+00 0.00000E+00 0.00000E+00 0.00000E+00                                                    
  5.20000E+00 0.00000E+00 0.00000E+00 0.00000E+00                                                    
  5.40000E+00 0.00000E+00 0.00000E+00 0.00000E+00                                                    
  5.60000E+00 0.00000E+00 0.00000E+00 0.00000E+00                                                    
  5.80000E+00 0.00000E+00 0.00000E+00 0.00000E+00                                                    
  6.00000E+00 0.00000E+00 0.00000E+00 0.00000E+00                                                    
  6.20000E+00 0.00000E+00 0.00000E+00 0.00000E+00                                                    
  6.40000E+00 0.00000E+00 0.00000E+00 0.00000E+00                                                    
  6.60000E+00 0.00000E+00 0.00000E+00 0.00000E+00                                                    
  6.80000E+00 0.00000E+00 0.00000E+00 0.00000E+00                                                    
  7.00000E+00 0.00000E+00 0.00000E+00 0.00000E+00                                                    
  7.20000E+00 0.00000E+00 0.00000E+00 0.00000E+00                                                    
  7.40000E+00 0.00000E+00 0.00000E+00 0.00000E+00                                                    
  7.60000E+00 0.00000E+00 0.00000E+00 0.00000E+00                                                    
  7.80000E+00 0.00000E+00 0.00000E+00 0.00000E+00                                                    
  8.00000E+00 0.00000E+00 0.00000E+00 0.00000E+00                                                    
  8.50000E+00 0.00000E+00 0.00000E+00 0.00000E+00                                                    
  9.00000E+00 0.00000E+00 0.00000E+00 0.00000E+00                                                    
  9.50000E+00 0.00000E+00 0.00000E+00 0.00000E+00                                                    
  1.00000E+01 0.00000E+00 0.00000E+00 0.00000E+00                                                    
  1.20000E+01 0.00000E+00 0.00000E+00 0.00000E+00                                                    
  1.40000E+01 0.00000E+00 0.00000E+00 0.00000E+00                                                    
  1.60000E+01 0.00000E+00 0.00000E+00 0.00000E+00                                                    
  1.80000E+01 3.21173E-03 3.38199E-05 1.00000E+00                                                    
  2.00000E+01 3.60235E-01 1.39899E-01 9.99999E-01                                                    

     Emitted particles     reaction
   n   p   d   t   h   a
   0   0   0   0   1   0       (n,h)            

 Q-value    = -12.138133
 E-threshold=  12.575755

 Energy   Cross section Gamma c.s. c.s./res.prod.cs

  1.00000E-01 0.00000E+00 0.00000E+00 0.00000E+00                                                    
  2.00000E-01 0.00000E+00 0.00000E+00 0.00000E+00                                                    
  4.00000E-01 0.00000E+00 0.00000E+00 0.00000E+00                                                    
  6.00000E-01 0.00000E+00 0.00000E+00 0.00000E+00                                                    
  8.00000E-01 0.00000E+00 0.00000E+00 0.00000E+00                                                    
  1.00000E+00 0.00000E+00 0.00000E+00 0.00000E+00                                                    
  1.20000E+00 0.00000E+00 0.00000E+00 0.00000E+00                                                    
  1.40000E+00 0.00000E+00 0.00000E+00 0.00000E+00                                                    
  1.60000E+00 0.00000E+00 0.00000E+00 0.00000E+00                                                    
  1.80000E+00 0.00000E+00 0.00000E+00 0.00000E+00                                                    
  2.00000E+00 0.00000E+00 0.00000E+00 0.00000E+00                                                    
  2.20000E+00 0.00000E+00 0.00000E+00 0.00000E+00                                                    
  2.40000E+00 0.00000E+00 0.00000E+00 0.00000E+00                                                    
  2.60000E+00 0.00000E+00 0.00000E+00 0.00000E+00                                                    
  2.80000E+00 0.00000E+00 0.00000E+00 0.00000E+00                                                    
  3.00000E+00 0.00000E+00 0.00000E+00 0.00000E+00                                                    
  3.20000E+00 0.00000E+00 0.00000E+00 0.00000E+00                                                    
  3.40000E+00 0.00000E+00 0.00000E+00 0.00000E+00                                                    
  3.60000E+00 0.00000E+00 0.00000E+00 0.00000E+00                                                    
  3.80000E+00 0.00000E+00 0.00000E+00 0.00000E+00                                                    
  4.00000E+00 0.00000E+00 0.00000E+00 0.00000E+00                                                    
  4.20000E+00 0.00000E+00 0.00000E+00 0.00000E+00                                                    
  4.40000E+00 0.00000E+00 0.00000E+00 0.00000E+00                                                    
  4.60000E+00 0.00000E+00 0.00000E+00 0.00000E+00                                                    
  4.80000E+00 0.00000E+00 0.00000E+00 0.00000E+00                                                    
  5.00000E+00 0.00000E+00 0.00000E+00 0.00000E+00                                                    
  5.20000E+00 0.00000E+00 0.00000E+00 0.00000E+00                                                    
  5.40000E+00 0.00000E+00 0.00000E+00 0.00000E+00                                                    
  5.60000E+00 0.00000E+00 0.00000E+00 0.00000E+00                                                    
  5.80000E+00 0.00000E+00 0.00000E+00 0.00000E+00                                                    
  6.00000E+00 0.00000E+00 0.00000E+00 0.00000E+00                                                    
  6.20000E+00 0.00000E+00 0.00000E+00 0.00000E+00                                                    
  6.40000E+00 0.00000E+00 0.00000E+00 0.00000E+00                                                    
  6.60000E+00 0.00000E+00 0.00000E+00 0.00000E+00                                                    
  6.80000E+00 0.00000E+00 0.00000E+00 0.00000E+00                                                    
  7.00000E+00 0.00000E+00 0.00000E+00 0.00000E+00                                                    
  7.20000E+00 0.00000E+00 0.00000E+00 0.00000E+00                                                    
  7.40000E+00 0.00000E+00 0.00000E+00 0.00000E+00                                                    
  7.60000E+00 0.00000E+00 0.00000E+00 0.00000E+00                                                    
  7.80000E+00 0.00000E+00 0.00000E+00 0.00000E+00                                                    
  8.00000E+00 0.00000E+00 0.00000E+00 0.00000E+00                                                    
  8.50000E+00 0.00000E+00 0.00000E+00 0.00000E+00                                                    
  9.00000E+00 0.00000E+00 0.00000E+00 0.00000E+00                                                    
  9.50000E+00 0.00000E+00 0.00000E+00 0.00000E+00                                                    
  1.00000E+01 0.00000E+00 0.00000E+00 0.00000E+00                                                    
  1.20000E+01 0.00000E+00 0.00000E+00 0.00000E+00                                                    
  1.40000E+01 1.14741E-06 0.00000E+00 0.00000E+00                                                    
  1.60000E+01 1.85579E-02 4.46216E-05 1.00000E+00                                                    
  1.80000E+01 1.45673E-01 4.01204E-02 9.99996E-01                                                    
  2.00000E+01 3.44442E-01 3.06738E-01 9.96729E-01                                                    

     Emitted particles     reaction
   n   p   d   t   h   a
   0   0   0   0   0   1       (n,a)            

 Q-value    =  -2.653605
 E-threshold=   2.749276

 Energy   Cross section Gamma c.s. c.s./res.prod.cs

  1.00000E-01 0.00000E+00 0.00000E+00 0.00000E+00                                                    
  2.00000E-01 0.00000E+00 0.00000E+00 0.00000E+00                                                    
  4.00000E-01 0.00000E+00 0.00000E+00 0.00000E+00                                                    
  6.00000E-01 0.00000E+00 0.00000E+00 0.00000E+00                                                    
  8.00000E-01 0.00000E+00 0.00000E+00 0.00000E+00                                                    
  1.00000E+00 0.00000E+00 0.00000E+00 0.00000E+00                                                    
  1.20000E+00 0.00000E+00 0.00000E+00 0.00000E+00                                                    
  1.40000E+00 0.00000E+00 0.00000E+00 0.00000E+00                                                    
  1.60000E+00 0.00000E+00 0.00000E+00 0.00000E+00                                                    
  1.80000E+00 0.00000E+00 0.00000E+00 0.00000E+00                                                    
  2.00000E+00 0.00000E+00 0.00000E+00 0.00000E+00                                                    
  2.20000E+00 0.00000E+00 0.00000E+00 0.00000E+00                                                    
  2.40000E+00 0.00000E+00 0.00000E+00 0.00000E+00                                                    
  2.60000E+00 0.00000E+00 0.00000E+00 0.00000E+00                                                    
  2.80000E+00 0.00000E+00 0.00000E+00 0.00000E+00                                                    
  3.00000E+00 0.00000E+00 0.00000E+00 0.00000E+00                                                    
  3.20000E+00 0.00000E+00 0.00000E+00 0.00000E+00                                                    
  3.40000E+00 0.00000E+00 0.00000E+00 0.00000E+00                                                    
  3.60000E+00 0.00000E+00 0.00000E+00 0.00000E+00                                                    
  3.80000E+00 0.00000E+00 0.00000E+00 0.00000E+00                                                    
  4.00000E+00 1.13181E-05 0.00000E+00 0.00000E+00                                                    
  4.20000E+00 2.45611E-04 0.00000E+00 0.00000E+00                                                    
  4.40000E+00 2.62312E-03 0.00000E+00 1.00000E+00                                                    
  4.60000E+00 1.72923E-02 4.35768E-06 1.00000E+00                                                    
  4.80000E+00 7.89733E-02 9.79166E-05 1.00000E+00                                                    
  5.00000E+00 2.72825E-01 1.03544E-03 1.00000E+00                                                    
  5.20000E+00 7.85890E-01 6.61696E-03 1.00000E+00                                                    
  5.40000E+00 1.92887E+00 2.98674E-02 1.00000E+00                                                    
  5.60000E+00 4.19540E+00 1.10738E-01 1.00000E+00                                                    
  5.80000E+00 8.20857E+00 3.37690E-01 1.00000E+00                                                    
  6.00000E+00 1.46274E+01 8.86291E-01 1.00000E+00                                                    
  6.20000E+00 2.39946E+01 2.04373E+00 1.00000E+00                                                    
  6.40000E+00 3.65726E+01 4.21171E+00 1.00000E+00                                                    
  6.60000E+00 5.10581E+01 7.77786E+00 1.00000E+00                                                    
  6.80000E+00 6.71304E+01 1.31100E+01 1.00000E+00                                                    
  7.00000E+00 8.46414E+01 2.04084E+01 1.00000E+00                                                    
  7.20000E+00 1.00742E+02 2.93569E+01 1.00000E+00                                                    
  7.40000E+00 1.13472E+02 3.91394E+01 9.99999E-01                                                    
  7.60000E+00 1.26505E+02 5.06545E+01 9.99999E-01                                                    
  7.80000E+00 1.36685E+02 6.19275E+01 9.99999E-01                                                    
  8.00000E+00 1.46907E+02 7.42779E+01 9.99998E-01                                                    
  8.50000E+00 1.68653E+02 1.08403E+02 9.99997E-01                                                    
  9.00000E+00 1.81789E+02 1.43320E+02 9.99995E-01                                                    
  9.50000E+00 1.88080E+02 1.76652E+02 9.99992E-01                                                    
  1.00000E+01 1.91336E+02 2.08072E+02 9.99988E-01                                                    
  1.20000E+01 1.82390E+02 2.79055E+02 9.99952E-01                                                    
  1.40000E+01 1.69018E+02 3.04587E+02 9.99888E-01                                                    
  1.60000E+01 1.27700E+02 2.51174E+02 9.99747E-01                                                    
  1.80000E+01 7.45428E+01 1.53157E+02 9.99388E-01                                                    
  2.00000E+01 4.15942E+01 8.77290E+01 9.98700E-01                                                    

     Emitted particles     reaction
   n   p   d   t   h   a
   2   0   0   0   0   0       (n,2n)           

 Q-value    = -17.179615
 E-threshold=  17.798999

 Energy   Cross section Gamma c.s. c.s./res.prod.cs

  1.00000E-01 0.00000E+00 0.00000E+00 0.00000E+00                                                    
  2.00000E-01 0.00000E+00 0.00000E+00 0.00000E+00                                                    
  4.00000E-01 0.00000E+00 0.00000E+00 0.00000E+00                                                    
  6.00000E-01 0.00000E+00 0.00000E+00 0.00000E+00                                                    
  8.00000E-01 0.00000E+00 0.00000E+00 0.00000E+00                                                    
  1.00000E+00 0.00000E+00 0.00000E+00 0.00000E+00                                                    
  1.20000E+00 0.00000E+00 0.00000E+00 0.00000E+00                                                    
  1.40000E+00 0.00000E+00 0.00000E+00 0.00000E+00                                                    
  1.60000E+00 0.00000E+00 0.00000E+00 0.00000E+00                                                    
  1.80000E+00 0.00000E+00 0.00000E+00 0.00000E+00                                                    
  2.00000E+00 0.00000E+00 0.00000E+00 0.00000E+00                                                    
  2.20000E+00 0.00000E+00 0.00000E+00 0.00000E+00                                                    
  2.40000E+00 0.00000E+00 0.00000E+00 0.00000E+00                                                    
  2.60000E+00 0.00000E+00 0.00000E+00 0.00000E+00                                                    
  2.80000E+00 0.00000E+00 0.00000E+00 0.00000E+00                                                    
  3.00000E+00 0.00000E+00 0.00000E+00 0.00000E+00                                                    
  3.20000E+00 0.00000E+00 0.00000E+00 0.00000E+00                                                    
  3.40000E+00 0.00000E+00 0.00000E+00 0.00000E+00                                                    
  3.60000E+00 0.00000E+00 0.00000E+00 0.00000E+00                                                    
  3.80000E+00 0.00000E+00 0.00000E+00 0.00000E+00                                                    
  4.00000E+00 0.00000E+00 0.00000E+00 0.00000E+00                                                    
  4.20000E+00 0.00000E+00 0.00000E+00 0.00000E+00                                                    
  4.40000E+00 0.00000E+00 0.00000E+00 0.00000E+00                                                    
  4.60000E+00 0.00000E+00 0.00000E+00 0.00000E+00                                                    
  4.80000E+00 0.00000E+00 0.00000E+00 0.00000E+00                                                    
  5.00000E+00 0.00000E+00 0.00000E+00 0.00000E+00                                                    
  5.20000E+00 0.00000E+00 0.00000E+00 0.00000E+00                                                    
  5.40000E+00 0.00000E+00 0.00000E+00 0.00000E+00                                                    
  5.60000E+00 0.00000E+00 0.00000E+00 0.00000E+00                                                    
  5.80000E+00 0.00000E+00 0.00000E+00 0.00000E+00                                                    
  6.00000E+00 0.00000E+00 0.00000E+00 0.00000E+00                                                    
  6.20000E+00 0.00000E+00 0.00000E+00 0.00000E+00                                                    
  6.40000E+00 0.00000E+00 0.00000E+00 0.00000E+00                                                    
  6.60000E+00 0.00000E+00 0.00000E+00 0.00000E+00                                                    
  6.80000E+00 0.00000E+00 0.00000E+00 0.00000E+00                                                    
  7.00000E+00 0.00000E+00 0.00000E+00 0.00000E+00                                                    
  7.20000E+00 0.00000E+00 0.00000E+00 0.00000E+00                                                    
  7.40000E+00 0.00000E+00 0.00000E+00 0.00000E+00                                                    
  7.60000E+00 0.00000E+00 0.00000E+00 0.00000E+00                                                    
  7.80000E+00 0.00000E+00 0.00000E+00 0.00000E+00                                                    
  8.00000E+00 0.00000E+00 0.00000E+00 0.00000E+00                                                    
  8.50000E+00 0.00000E+00 0.00000E+00 0.00000E+00                                                    
  9.00000E+00 0.00000E+00 0.00000E+00 0.00000E+00                                                    
  9.50000E+00 0.00000E+00 0.00000E+00 0.00000E+00                                                    
  1.00000E+01 0.00000E+00 0.00000E+00 0.00000E+00                                                    
  1.20000E+01 0.00000E+00 0.00000E+00 0.00000E+00                                                    
  1.40000E+01 0.00000E+00 0.00000E+00 0.00000E+00                                                    
  1.60000E+01 0.00000E+00 0.00000E+00 0.00000E+00                                                    
  1.80000E+01 3.25012E-02 1.79590E-14 1.00000E+00                                                    
  2.00000E+01 6.01445E+00 1.36693E+00 9.99999E-01                                                    

     Emitted particles     reaction
   n   p   d   t   h   a
   1   1   0   0   0   0       (n,np)           

 Q-value    = -11.584902
 E-threshold=  12.002578

 Energy   Cross section Gamma c.s. c.s./res.prod.cs

  1.00000E-01 0.00000E+00 0.00000E+00 0.00000E+00                                                    
  2.00000E-01 0.00000E+00 0.00000E+00 0.00000E+00                                                    
  4.00000E-01 0.00000E+00 0.00000E+00 0.00000E+00                                                    
  6.00000E-01 0.00000E+00 0.00000E+00 0.00000E+00                                                    
  8.00000E-01 0.00000E+00 0.00000E+00 0.00000E+00                                                    
  1.00000E+00 0.00000E+00 0.00000E+00 0.00000E+00                                                    
  1.20000E+00 0.00000E+00 0.00000E+00 0.00000E+00                                                    
  1.40000E+00 0.00000E+00 0.00000E+00 0.00000E+00                                                    
  1.60000E+00 0.00000E+00 0.00000E+00 0.00000E+00                                                    
  1.80000E+00 0.00000E+00 0.00000E+00 0.00000E+00                                                    
  2.00000E+00 0.00000E+00 0.00000E+00 0.00000E+00                                                    
  2.20000E+00 0.00000E+00 0.00000E+00 0.00000E+00                                                    
  2.40000E+00 0.00000E+00 0.00000E+00 0.00000E+00                                                    
  2.60000E+00 0.00000E+00 0.00000E+00 0.00000E+00                                                    
  2.80000E+00 0.00000E+00 0.00000E+00 0.00000E+00                                                    
  3.00000E+00 0.00000E+00 0.00000E+00 0.00000E+00                                                    
  3.20000E+00 0.00000E+00 0.00000E+00 0.00000E+00                                                    
  3.40000E+00 0.00000E+00 0.00000E+00 0.00000E+00                                                    
  3.60000E+00 0.00000E+00 0.00000E+00 0.00000E+00                                                    
  3.80000E+00 0.00000E+00 0.00000E+00 0.00000E+00                                                    
  4.00000E+00 0.00000E+00 0.00000E+00 0.00000E+00                                                    
  4.20000E+00 0.00000E+00 0.00000E+00 0.00000E+00                                                    
  4.40000E+00 0.00000E+00 0.00000E+00 0.00000E+00                                                    
  4.60000E+00 0.00000E+00 0.00000E+00 0.00000E+00                                                    
  4.80000E+00 0.00000E+00 0.00000E+00 0.00000E+00                                                    
  5.00000E+00 0.00000E+00 0.00000E+00 0.00000E+00                                                    
  5.20000E+00 0.00000E+00 0.00000E+00 0.00000E+00                                                    
  5.40000E+00 0.00000E+00 0.00000E+00 0.00000E+00                                                    
  5.60000E+00 0.00000E+00 0.00000E+00 0.00000E+00                                                    
  5.80000E+00 0.00000E+00 0.00000E+00 0.00000E+00                                                    
  6.00000E+00 0.00000E+00 0.00000E+00 0.00000E+00                                                    
  6.20000E+00 0.00000E+00 0.00000E+00 0.00000E+00                                                    
  6.40000E+00 0.00000E+00 0.00000E+00 0.00000E+00                                                    
  6.60000E+00 0.00000E+00 0.00000E+00 0.00000E+00                                                    
  6.80000E+00 0.00000E+00 0.00000E+00 0.00000E+00                                                    
  7.00000E+00 0.00000E+00 0.00000E+00 0.00000E+00                                                    
  7.20000E+00 0.00000E+00 0.00000E+00 0.00000E+00                                                    
  7.40000E+00 0.00000E+00 0.00000E+00 0.00000E+00                                                    
  7.60000E+00 0.00000E+00 0.00000E+00 0.00000E+00                                                    
  7.80000E+00 0.00000E+00 0.00000E+00 0.00000E+00                                                    
  8.00000E+00 0.00000E+00 0.00000E+00 0.00000E+00                                                    
  8.50000E+00 0.00000E+00 0.00000E+00 0.00000E+00                                                    
  9.00000E+00 0.00000E+00 0.00000E+00 0.00000E+00                                                    
  9.50000E+00 0.00000E+00 0.00000E+00 0.00000E+00                                                    
  1.00000E+01 0.00000E+00 0.00000E+00 0.00000E+00                                                    
  1.20000E+01 0.00000E+00 0.00000E+00 0.00000E+00                                                    
  1.40000E+01 9.82260E+01 7.99117E-01 8.51275E-01                                                    
  1.60000E+01 3.15781E+02 4.17174E+01 9.25588E-01                                                    
  1.80000E+01 4.41710E+02 1.59085E+02 9.34335E-01                                                    
  2.00000E+01 4.85848E+02 3.03759E+02 9.31250E-01                                                    

     Emitted particles     reaction
   n   p   d   t   h   a
   0   2   0   0   0   0       (n,2p)           

 Q-value    = -13.412819
 E-threshold=  13.896397

 Energy   Cross section Gamma c.s. c.s./res.prod.cs

  1.00000E-01 0.00000E+00 0.00000E+00 0.00000E+00                                                    
  2.00000E-01 0.00000E+00 0.00000E+00 0.00000E+00                                                    
  4.00000E-01 0.00000E+00 0.00000E+00 0.00000E+00                                                    
  6.00000E-01 0.00000E+00 0.00000E+00 0.00000E+00                                                    
  8.00000E-01 0.00000E+00 0.00000E+00 0.00000E+00                                                    
  1.00000E+00 0.00000E+00 0.00000E+00 0.00000E+00                                                    
  1.20000E+00 0.00000E+00 0.00000E+00 0.00000E+00                                                    
  1.40000E+00 0.00000E+00 0.00000E+00 0.00000E+00                                                    
  1.60000E+00 0.00000E+00 0.00000E+00 0.00000E+00                                                    
  1.80000E+00 0.00000E+00 0.00000E+00 0.00000E+00                                                    
  2.00000E+00 0.00000E+00 0.00000E+00 0.00000E+00                                                    
  2.20000E+00 0.00000E+00 0.00000E+00 0.00000E+00                                                    
  2.40000E+00 0.00000E+00 0.00000E+00 0.00000E+00                                                    
  2.60000E+00 0.00000E+00 0.00000E+00 0.00000E+00                                                    
  2.80000E+00 0.00000E+00 0.00000E+00 0.00000E+00                                                    
  3.00000E+00 0.00000E+00 0.00000E+00 0.00000E+00                                                    
  3.20000E+00 0.00000E+00 0.00000E+00 0.00000E+00                                                    
  3.40000E+00 0.00000E+00 0.00000E+00 0.00000E+00                                                    
  3.60000E+00 0.00000E+00 0.00000E+00 0.00000E+00                                                    
  3.80000E+00 0.00000E+00 0.00000E+00 0.00000E+00                                                    
  4.00000E+00 0.00000E+00 0.00000E+00 0.00000E+00                                                    
  4.20000E+00 0.00000E+00 0.00000E+00 0.00000E+00                                                    
  4.40000E+00 0.00000E+00 0.00000E+00 0.00000E+00                                                    
  4.60000E+00 0.00000E+00 0.00000E+00 0.00000E+00                                                    
  4.80000E+00 0.00000E+00 0.00000E+00 0.00000E+00                                                    
  5.00000E+00 0.00000E+00 0.00000E+00 0.00000E+00                                                    
  5.20000E+00 0.00000E+00 0.00000E+00 0.00000E+00                                                    
  5.40000E+00 0.00000E+00 0.00000E+00 0.00000E+00                                                    
  5.60000E+00 0.00000E+00 0.00000E+00 0.00000E+00                                                    
  5.80000E+00 0.00000E+00 0.00000E+00 0.00000E+00                                                    
  6.00000E+00 0.00000E+00 0.00000E+00 0.00000E+00                                                    
  6.20000E+00 0.00000E+00 0.00000E+00 0.00000E+00                                                    
  6.40000E+00 0.00000E+00 0.00000E+00 0.00000E+00                                                    
  6.60000E+00 0.00000E+00 0.00000E+00 0.00000E+00                                                    
  6.80000E+00 0.00000E+00 0.00000E+00 0.00000E+00                                                    
  7.00000E+00 0.00000E+00 0.00000E+00 0.00000E+00                                                    
  7.20000E+00 0.00000E+00 0.00000E+00 0.00000E+00                                                    
  7.40000E+00 0.00000E+00 0.00000E+00 0.00000E+00                                                    
  7.60000E+00 0.00000E+00 0.00000E+00 0.00000E+00                                                    
  7.80000E+00 0.00000E+00 0.00000E+00 0.00000E+00                                                    
  8.00000E+00 0.00000E+00 0.00000E+00 0.00000E+00                                                    
  8.50000E+00 0.00000E+00 0.00000E+00 0.00000E+00                                                    
  9.00000E+00 0.00000E+00 0.00000E+00 0.00000E+00                                                    
  9.50000E+00 0.00000E+00 0.00000E+00 0.00000E+00                                                    
  1.00000E+01 0.00000E+00 0.00000E+00 0.00000E+00                                                    
  1.20000E+01 0.00000E+00 0.00000E+00 0.00000E+00                                                    
  1.40000E+01 0.00000E+00 0.00000E+00 0.00000E+00                                                    
  1.60000E+01 4.36686E-04 8.27924E-13 0.00000E+00                                                    
  1.80000E+01 3.09169E-01 2.83750E-02 1.00000E+00                                                    
  2.00000E+01 3.42700E+00 1.79635E+00 9.99998E-01                                                    

     Emitted particles     reaction
   n   p   d   t   h   a
   0   1   1   0   0   0       (n,pd)           

 Q-value    = -17.631618
 E-threshold=  18.267299

 Energy   Cross section Gamma c.s. c.s./res.prod.cs

  1.00000E-01 0.00000E+00 0.00000E+00 0.00000E+00                                                    
  2.00000E-01 0.00000E+00 0.00000E+00 0.00000E+00                                                    
  4.00000E-01 0.00000E+00 0.00000E+00 0.00000E+00                                                    
  6.00000E-01 0.00000E+00 0.00000E+00 0.00000E+00                                                    
  8.00000E-01 0.00000E+00 0.00000E+00 0.00000E+00                                                    
  1.00000E+00 0.00000E+00 0.00000E+00 0.00000E+00                                                    
  1.20000E+00 0.00000E+00 0.00000E+00 0.00000E+00                                                    
  1.40000E+00 0.00000E+00 0.00000E+00 0.00000E+00                                                    
  1.60000E+00 0.00000E+00 0.00000E+00 0.00000E+00                                                    
  1.80000E+00 0.00000E+00 0.00000E+00 0.00000E+00                                                    
  2.00000E+00 0.00000E+00 0.00000E+00 0.00000E+00                                                    
  2.20000E+00 0.00000E+00 0.00000E+00 0.00000E+00                                                    
  2.40000E+00 0.00000E+00 0.00000E+00 0.00000E+00                                                    
  2.60000E+00 0.00000E+00 0.00000E+00 0.00000E+00                                                    
  2.80000E+00 0.00000E+00 0.00000E+00 0.00000E+00                                                    
  3.00000E+00 0.00000E+00 0.00000E+00 0.00000E+00                                                    
  3.20000E+00 0.00000E+00 0.00000E+00 0.00000E+00                                                    
  3.40000E+00 0.00000E+00 0.00000E+00 0.00000E+00                                                    
  3.60000E+00 0.00000E+00 0.00000E+00 0.00000E+00                                                    
  3.80000E+00 0.00000E+00 0.00000E+00 0.00000E+00                                                    
  4.00000E+00 0.00000E+00 0.00000E+00 0.00000E+00                                                    
  4.20000E+00 0.00000E+00 0.00000E+00 0.00000E+00                                                    
  4.40000E+00 0.00000E+00 0.00000E+00 0.00000E+00                                                    
  4.60000E+00 0.00000E+00 0.00000E+00 0.00000E+00                                                    
  4.80000E+00 0.00000E+00 0.00000E+00 0.00000E+00                                                    
  5.00000E+00 0.00000E+00 0.00000E+00 0.00000E+00                                                    
  5.20000E+00 0.00000E+00 0.00000E+00 0.00000E+00                                                    
  5.40000E+00 0.00000E+00 0.00000E+00 0.00000E+00                                                    
  5.60000E+00 0.00000E+00 0.00000E+00 0.00000E+00                                                    
  5.80000E+00 0.00000E+00 0.00000E+00 0.00000E+00                                                    
  6.00000E+00 0.00000E+00 0.00000E+00 0.00000E+00                                                    
  6.20000E+00 0.00000E+00 0.00000E+00 0.00000E+00                                                    
  6.40000E+00 0.00000E+00 0.00000E+00 0.00000E+00                                                    
  6.60000E+00 0.00000E+00 0.00000E+00 0.00000E+00                                                    
  6.80000E+00 0.00000E+00 0.00000E+00 0.00000E+00                                                    
  7.00000E+00 0.00000E+00 0.00000E+00 0.00000E+00                                                    
  7.20000E+00 0.00000E+00 0.00000E+00 0.00000E+00                                                    
  7.40000E+00 0.00000E+00 0.00000E+00 0.00000E+00                                                    
  7.60000E+00 0.00000E+00 0.00000E+00 0.00000E+00                                                    
  7.80000E+00 0.00000E+00 0.00000E+00 0.00000E+00                                                    
  8.00000E+00 0.00000E+00 0.00000E+00 0.00000E+00                                                    
  8.50000E+00 0.00000E+00 0.00000E+00 0.00000E+00                                                    
  9.00000E+00 0.00000E+00 0.00000E+00 0.00000E+00                                                    
  9.50000E+00 0.00000E+00 0.00000E+00 0.00000E+00                                                    
  1.00000E+01 0.00000E+00 0.00000E+00 0.00000E+00                                                    
  1.20000E+01 0.00000E+00 0.00000E+00 0.00000E+00                                                    
  1.40000E+01 0.00000E+00 0.00000E+00 0.00000E+00                                                    
  1.60000E+01 0.00000E+00 0.00000E+00 0.00000E+00                                                    
  1.80000E+01 0.00000E+00 0.00000E+00 0.00000E+00                                                    
  2.00000E+01 1.12537E-03 6.27090E-09 3.25654E-03                                                    

     Emitted particles     reaction
   n   p   d   t   h   a
   1   0   0   0   0   1       (n,na)           

 Q-value    =  -9.984131
 E-threshold=  10.344093

 Energy   Cross section Gamma c.s. c.s./res.prod.cs

  1.00000E-01 0.00000E+00 0.00000E+00 0.00000E+00                                                    
  2.00000E-01 0.00000E+00 0.00000E+00 0.00000E+00                                                    
  4.00000E-01 0.00000E+00 0.00000E+00 0.00000E+00                                                    
  6.00000E-01 0.00000E+00 0.00000E+00 0.00000E+00                                                    
  8.00000E-01 0.00000E+00 0.00000E+00 0.00000E+00                                                    
  1.00000E+00 0.00000E+00 0.00000E+00 0.00000E+00                                                    
  1.20000E+00 0.00000E+00 0.00000E+00 0.00000E+00                                                    
  1.40000E+00 0.00000E+00 0.00000E+00 0.00000E+00                                                    
  1.60000E+00 0.00000E+00 0.00000E+00 0.00000E+00                                                    
  1.80000E+00 0.00000E+00 0.00000E+00 0.00000E+00                                                    
  2.00000E+00 0.00000E+00 0.00000E+00 0.00000E+00                                                    
  2.20000E+00 0.00000E+00 0.00000E+00 0.00000E+00                                                    
  2.40000E+00 0.00000E+00 0.00000E+00 0.00000E+00                                                    
  2.60000E+00 0.00000E+00 0.00000E+00 0.00000E+00                                                    
  2.80000E+00 0.00000E+00 0.00000E+00 0.00000E+00                                                    
  3.00000E+00 0.00000E+00 0.00000E+00 0.00000E+00                                                    
  3.20000E+00 0.00000E+00 0.00000E+00 0.00000E+00                                                    
  3.40000E+00 0.00000E+00 0.00000E+00 0.00000E+00                                                    
  3.60000E+00 0.00000E+00 0.00000E+00 0.00000E+00                                                    
  3.80000E+00 0.00000E+00 0.00000E+00 0.00000E+00                                                    
  4.00000E+00 0.00000E+00 0.00000E+00 0.00000E+00                                                    
  4.20000E+00 0.00000E+00 0.00000E+00 0.00000E+00                                                    
  4.40000E+00 0.00000E+00 0.00000E+00 0.00000E+00                                                    
  4.60000E+00 0.00000E+00 0.00000E+00 0.00000E+00                                                    
  4.80000E+00 0.00000E+00 0.00000E+00 0.00000E+00                                                    
  5.00000E+00 0.00000E+00 0.00000E+00 0.00000E+00                                                    
  5.20000E+00 0.00000E+00 0.00000E+00 0.00000E+00                                                    
  5.40000E+00 0.00000E+00 0.00000E+00 0.00000E+00                                                    
  5.60000E+00 0.00000E+00 0.00000E+00 0.00000E+00                                                    
  5.80000E+00 0.00000E+00 0.00000E+00 0.00000E+00                                                    
  6.00000E+00 0.00000E+00 0.00000E+00 0.00000E+00                                                    
  6.20000E+00 0.00000E+00 0.00000E+00 0.00000E+00                                                    
  6.40000E+00 0.00000E+00 0.00000E+00 0.00000E+00                                                    
  6.60000E+00 0.00000E+00 0.00000E+00 0.00000E+00                                                    
  6.80000E+00 0.00000E+00 0.00000E+00 0.00000E+00                                                    
  7.00000E+00 0.00000E+00 0.00000E+00 0.00000E+00                                                    
  7.20000E+00 0.00000E+00 0.00000E+00 0.00000E+00                                                    
  7.40000E+00 0.00000E+00 0.00000E+00 0.00000E+00                                                    
  7.60000E+00 0.00000E+00 0.00000E+00 0.00000E+00                                                    
  7.80000E+00 0.00000E+00 0.00000E+00 0.00000E+00                                                    
  8.00000E+00 0.00000E+00 0.00000E+00 0.00000E+00                                                    
  8.50000E+00 0.00000E+00 0.00000E+00 0.00000E+00                                                    
  9.00000E+00 0.00000E+00 0.00000E+00 0.00000E+00                                                    
  9.50000E+00 0.00000E+00 0.00000E+00 0.00000E+00                                                    
  1.00000E+01 0.00000E+00 0.00000E+00 0.00000E+00                                                    
  1.20000E+01 8.74915E-02 3.26548E-07 1.00000E+00                                                    
  1.40000E+01 1.90214E+01 3.36463E-02 9.99999E-01                                                    
  1.60000E+01 6.95375E+01 1.10661E+01 9.99995E-01                                                    
  1.80000E+01 1.36375E+02 6.20611E+01 9.99986E-01                                                    
  2.00000E+01 1.70731E+02 1.12433E+02 9.99965E-01                                                    

     Emitted particles     reaction
   n   p   d   t   h   a
   0   1   0   0   0   1       (n,pa)           

 Q-value    = -14.717455
 E-threshold=  15.248070

 Energy   Cross section Gamma c.s. c.s./res.prod.cs

  1.00000E-01 0.00000E+00 0.00000E+00 0.00000E+00                                                    
  2.00000E-01 0.00000E+00 0.00000E+00 0.00000E+00                                                    
  4.00000E-01 0.00000E+00 0.00000E+00 0.00000E+00                                                    
  6.00000E-01 0.00000E+00 0.00000E+00 0.00000E+00                                                    
  8.00000E-01 0.00000E+00 0.00000E+00 0.00000E+00                                                    
  1.00000E+00 0.00000E+00 0.00000E+00 0.00000E+00                                                    
  1.20000E+00 0.00000E+00 0.00000E+00 0.00000E+00                                                    
  1.40000E+00 0.00000E+00 0.00000E+00 0.00000E+00                                                    
  1.60000E+00 0.00000E+00 0.00000E+00 0.00000E+00                                                    
  1.80000E+00 0.00000E+00 0.00000E+00 0.00000E+00                                                    
  2.00000E+00 0.00000E+00 0.00000E+00 0.00000E+00                                                    
  2.20000E+00 0.00000E+00 0.00000E+00 0.00000E+00                                                    
  2.40000E+00 0.00000E+00 0.00000E+00 0.00000E+00                                                    
  2.60000E+00 0.00000E+00 0.00000E+00 0.00000E+00                                                    
  2.80000E+00 0.00000E+00 0.00000E+00 0.00000E+00                                                    
  3.00000E+00 0.00000E+00 0.00000E+00 0.00000E+00                                                    
  3.20000E+00 0.00000E+00 0.00000E+00 0.00000E+00                                                    
  3.40000E+00 0.00000E+00 0.00000E+00 0.00000E+00                                                    
  3.60000E+00 0.00000E+00 0.00000E+00 0.00000E+00                                                    
  3.80000E+00 0.00000E+00 0.00000E+00 0.00000E+00                                                    
  4.00000E+00 0.00000E+00 0.00000E+00 0.00000E+00                                                    
  4.20000E+00 0.00000E+00 0.00000E+00 0.00000E+00                                                    
  4.40000E+00 0.00000E+00 0.00000E+00 0.00000E+00                                                    
  4.60000E+00 0.00000E+00 0.00000E+00 0.00000E+00                                                    
  4.80000E+00 0.00000E+00 0.00000E+00 0.00000E+00                                                    
  5.00000E+00 0.00000E+00 0.00000E+00 0.00000E+00                                                    
  5.20000E+00 0.00000E+00 0.00000E+00 0.00000E+00                                                    
  5.40000E+00 0.00000E+00 0.00000E+00 0.00000E+00                                                    
  5.60000E+00 0.00000E+00 0.00000E+00 0.00000E+00                                                    
  5.80000E+00 0.00000E+00 0.00000E+00 0.00000E+00                                                    
  6.00000E+00 0.00000E+00 0.00000E+00 0.00000E+00                                                    
  6.20000E+00 0.00000E+00 0.00000E+00 0.00000E+00                                                    
  6.40000E+00 0.00000E+00 0.00000E+00 0.00000E+00                                                    
  6.60000E+00 0.00000E+00 0.00000E+00 0.00000E+00                                                    
  6.80000E+00 0.00000E+00 0.00000E+00 0.00000E+00                                                    
  7.00000E+00 0.00000E+00 0.00000E+00 0.00000E+00                                                    
  7.20000E+00 0.00000E+00 0.00000E+00 0.00000E+00                                                    
  7.40000E+00 0.00000E+00 0.00000E+00 0.00000E+00                                                    
  7.60000E+00 0.00000E+00 0.00000E+00 0.00000E+00                                                    
  7.80000E+00 0.00000E+00 0.00000E+00 0.00000E+00                                                    
  8.00000E+00 0.00000E+00 0.00000E+00 0.00000E+00                                                    
  8.50000E+00 0.00000E+00 0.00000E+00 0.00000E+00                                                    
  9.00000E+00 0.00000E+00 0.00000E+00 0.00000E+00                                                    
  9.50000E+00 0.00000E+00 0.00000E+00 0.00000E+00                                                    
  1.00000E+01 0.00000E+00 0.00000E+00 0.00000E+00                                                    
  1.20000E+01 0.00000E+00 0.00000E+00 0.00000E+00                                                    
  1.40000E+01 0.00000E+00 0.00000E+00 0.00000E+00                                                    
  1.60000E+01 0.00000E+00 0.00000E+00 0.00000E+00                                                    
  1.80000E+01 1.02807E-06 4.33981E-16 0.00000E+00                                                    
  2.00000E+01 2.37059E-02 4.57321E-03 1.00000E+00                                                    

     Emitted particles     reaction
   n   p   d   t   h   a
   0   0   0   0   0   2       (n,2a)           

 Q-value    = -12.539522
 E-threshold=  12.991615

 Energy   Cross section Gamma c.s. c.s./res.prod.cs

  1.00000E-01 0.00000E+00 0.00000E+00 0.00000E+00                                                    
  2.00000E-01 0.00000E+00 0.00000E+00 0.00000E+00                                                    
  4.00000E-01 0.00000E+00 0.00000E+00 0.00000E+00                                                    
  6.00000E-01 0.00000E+00 0.00000E+00 0.00000E+00                                                    
  8.00000E-01 0.00000E+00 0.00000E+00 0.00000E+00                                                    
  1.00000E+00 0.00000E+00 0.00000E+00 0.00000E+00                                                    
  1.20000E+00 0.00000E+00 0.00000E+00 0.00000E+00                                                    
  1.40000E+00 0.00000E+00 0.00000E+00 0.00000E+00                                                    
  1.60000E+00 0.00000E+00 0.00000E+00 0.00000E+00                                                    
  1.80000E+00 0.00000E+00 0.00000E+00 0.00000E+00                                                    
  2.00000E+00 0.00000E+00 0.00000E+00 0.00000E+00                                                    
  2.20000E+00 0.00000E+00 0.00000E+00 0.00000E+00                                                    
  2.40000E+00 0.00000E+00 0.00000E+00 0.00000E+00                                                    
  2.60000E+00 0.00000E+00 0.00000E+00 0.00000E+00                                                    
  2.80000E+00 0.00000E+00 0.00000E+00 0.00000E+00                                                    
  3.00000E+00 0.00000E+00 0.00000E+00 0.00000E+00                                                    
  3.20000E+00 0.00000E+00 0.00000E+00 0.00000E+00                                                    
  3.40000E+00 0.00000E+00 0.00000E+00 0.00000E+00                                                    
  3.60000E+00 0.00000E+00 0.00000E+00 0.00000E+00                                                    
  3.80000E+00 0.00000E+00 0.00000E+00 0.00000E+00                                                    
  4.00000E+00 0.00000E+00 0.00000E+00 0.00000E+00                                                    
  4.20000E+00 0.00000E+00 0.00000E+00 0.00000E+00                                                    
  4.40000E+00 0.00000E+00 0.00000E+00 0.00000E+00                                                    
  4.60000E+00 0.00000E+00 0.00000E+00 0.00000E+00                                                    
  4.80000E+00 0.00000E+00 0.00000E+00 0.00000E+00                                                    
  5.00000E+00 0.00000E+00 0.00000E+00 0.00000E+00                                                    
  5.20000E+00 0.00000E+00 0.00000E+00 0.00000E+00                                                    
  5.40000E+00 0.00000E+00 0.00000E+00 0.00000E+00                                                    
  5.60000E+00 0.00000E+00 0.00000E+00 0.00000E+00                                                    
  5.80000E+00 0.00000E+00 0.00000E+00 0.00000E+00                                                    
  6.00000E+00 0.00000E+00 0.00000E+00 0.00000E+00                                                    
  6.20000E+00 0.00000E+00 0.00000E+00 0.00000E+00                                                    
  6.40000E+00 0.00000E+00 0.00000E+00 0.00000E+00                                                    
  6.60000E+00 0.00000E+00 0.00000E+00 0.00000E+00                                                    
  6.80000E+00 0.00000E+00 0.00000E+00 0.00000E+00                                                    
  7.00000E+00 0.00000E+00 0.00000E+00 0.00000E+00                                                    
  7.20000E+00 0.00000E+00 0.00000E+00 0.00000E+00                                                    
  7.40000E+00 0.00000E+00 0.00000E+00 0.00000E+00                                                    
  7.60000E+00 0.00000E+00 0.00000E+00 0.00000E+00                                                    
  7.80000E+00 0.00000E+00 0.00000E+00 0.00000E+00                                                    
  8.00000E+00 0.00000E+00 0.00000E+00 0.00000E+00                                                    
  8.50000E+00 0.00000E+00 0.00000E+00 0.00000E+00                                                    
  9.00000E+00 0.00000E+00 0.00000E+00 0.00000E+00                                                    
  9.50000E+00 0.00000E+00 0.00000E+00 0.00000E+00                                                    
  1.00000E+01 0.00000E+00 0.00000E+00 0.00000E+00                                                    
  1.20000E+01 0.00000E+00 0.00000E+00 0.00000E+00                                                    
  1.40000E+01 0.00000E+00 0.00000E+00 0.00000E+00                                                    
  1.60000E+01 0.00000E+00 0.00000E+00 0.00000E+00                                                    
  1.80000E+01 3.60976E-05 7.69964E-14 0.00000E+00                                                    
  2.00000E+01 4.72894E-02 1.47408E-02 1.00000E+00                                                    

 Execution time:  0 hours  0 minutes  8.46 seconds 

 The TALYS team congratulates you with this successful calculation.
