
    TALYS-1.96 (Version: December 30, 2021)

 Copyright (C) 2021  A.J. Koning, S. Hilaire and S. Goriely

 Dimensions - Cross sections: mb, Energies: MeV, Angles: degrees

 ########## USER INPUT ##########

 USER INPUT FILE

 #
 # n-si028-cc-sym
 #
 # general
 #
 projectile n
 element si
 mass 28
 energy energies
 #
 # output
 #
 channels y
 filechannels y

 USER INPUT FILE + DEFAULTS

 Keyword           Value   Variable     Explanation

 #
 # Four main keywords
 #
 projectile          n     ptype0       type of incident particle
 element            Si     Starget      symbol of target nucleus
 mass               28     mass         mass number of target nucleus
 energy energies           energyfile   file with incident energies
 #
 # Basic physical and numerical parameters
 #
 ejectiles g n p d t h a   outtype      outgoing particles
 maxz               11     maxZ         maximal number of protons away from the initial compound nucleus
 maxn               12     maxN         maximal number of neutrons away from the initial compound nucleus
 bins               40     nbins        number of continuum excitation energy bins
 equidistant         y     flagequi     flag to use equidistant excitation bins instead of logarithmic bins
 equispec            n     flagequispec flag to use equidistant bins for emission spectra
 popmev              n     flagpopmev   flag to use initial population per MeV instead of histograms
 segment             1     segment      number of segments to divide emission energy grid
 maxlevelstar       30     nlevmax      maximum number of included discrete levels for target
 maxlevelsres       10     nlevmaxres   maximum number of included discrete levels for residual nucleus
 maxlevelsbin g     10     nlevbin      maximum number of included discrete levels for gamma    channel
 maxlevelsbin n     30     nlevbin      maximum number of included discrete levels for neutron  channel
 maxlevelsbin p     10     nlevbin      maximum number of included discrete levels for proton   channel
 maxlevelsbin d      5     nlevbin      maximum number of included discrete levels for deuteron channel
 maxlevelsbin t      5     nlevbin      maximum number of included discrete levels for triton   channel
 maxlevelsbin h      5     nlevbin      maximum number of included discrete levels for helium-3 channel
 maxlevelsbin a     10     nlevbin      maximum number of included discrete levels for alpha    channel
 ltarget             0     ltarget      excited level of target
 isomer           1.00E+00 isomer       definition of isomer in seconds
 transpower          5     transpower   power for transmission coefficient limit
 transeps         1.00E-08 transeps     limit for transmission coefficient
 xseps            1.00E-07 xseps        limit for cross sections
 popeps           1.00E-03 popeps       limit for population cross section per nucleus
 Rfiseps          1.00E-03 Rfiseps      ratio for limit for fission cross section per nucleus
 elow             1.00E-06 elow         minimal incident energy for nuclear model calculations
 angles             90     nangle       number of angles
 anglescont         18     nanglecont   number of angles for continuum
 anglesrec           1     nanglerec    number of recoil angles
 maxenrec           20     maxenrec     number of recoil energies
 channels            y     flagchannels flag for exclusive channels calculation
 maxchannel          4     maxchannel   maximal number of outgoing particles in individual channel description
 micro               n     flagmicro    flag for completely microscopic Talys calculation
 best                n     flagbest     flag to use best set of adjusted parameters
 bestbranch          y     flagbestbr   flag to use flag to use only best set of branching ratios
 bestend             n     flagbestend  flag to put best set of parameters at end of input file
 relativistic        y     flagrel      flag for relativistic kinematics
 recoil              n     flagrecoil   flag for calculation of recoils
 labddx              n     flaglabddx   flag for calculation of DDX in LAB system
 recoilaverage       n     flagrecoilav flag for average velocity in recoil calculation
 channelenergy       n     flagEchannel flag for channel energy for emission spectrum
 reaction            y     flagreaction flag for calculation of nuclear reactions
 ngfit               n     flagngfit    flag for using fitted (n,g) nuclear model parameters
 nnfit               n     flagnnfit    flag for using fitted (n,n), (n,2n) and (n,p) nuclear model parameters
 nafit               n     flagnafit    flag for using fitted (n,a) nuclear model parameters
 astro               n     flagastro    flag for calculation of astrophysics reaction rate
 astrogs             n     flagastrogs  flag for calculation of astrophysics reaction rate with target in ground state only
 astroex             n     flagastroex  flag for calculation of astrophysics reaction rate to long-lived excited states
 nonthermlev        -1     nonthermlev  excited level non-thermalized in the calculation of astrophysics rate
 massmodel           2     massmodel    model for theoretical nuclear mass
 expmass             y     flagexpmass  flag for using experimental nuclear mass if available
 disctable           1     disctable    table with discrete levels
 production          n     flagprod     flag for isotope production
 outfy               n     flagoutfy    flag for output detailed fission yield calculation
 gefran          50000     gefran       number of random events for GEF calculation
 Estop            1000.000 Estop        incident energy above which TALYS stops
 rpevap              n     flagrpevap   flag for evaporation of residual products at high incident energies
 maxZrp             12     maxZrp       maximal number of protons away from the initial compound nucleus before residual evaporation
 maxNrp             32     maxNrp       maximal number of neutrons away from the initial compound nucleus before residual evaporation
 #
 # Optical model
 #
 localomp            y     flaglocalomp flag for local (y) or global (n) optical model
 dispersion          n     flagdisp     flag for dispersive optical model
 jlmomp              n     flagjlm      flag for using semi-microscopic JLM OMP
 riplomp             n     flagriplomp  flag for RIPL OMP
 riplrisk            n     flagriplrisk flag for going outside RIPL mass validity range
 optmodall           n     flagompall   flag for new optical model calculation for all residual nuclei
 incadjust           y     flagincadj   flag for OMP adjustment on incident channel also
 omponly             n     flagomponly  flag to execute ONLY an optical model calculation
 autorot             n     flagautorot  flag for automatic rotational coupled channels calculations for A > 150
 spherical           n     flagspher    flag to force spherical optical model
 soukho              y     flagsoukho   flag for Soukhovitskii OMP for actinides
 coulomb             y     flagcoulomb  flag for Coulomb excitation calculation with ECIS
 statepot            n     flagstate    flag for optical model potential for each excited state
 maxband             0     maxband      highest vibrational band added to rotational model
 maxrot              2     maxrot       number of included excited rotational levels
 sysreaction               sysreaction  particles with reaction cross section from systematics
 rotational   n            rotational   particles with possible rotational optical model
 core               -1     core         even-even core for weakcoupling (-1 or 1)
 ecissave            n     flagecissave flag for saving ECIS input and output files
 eciscalc            y     flageciscalc flag for new ECIS calculation for outgoing particles and energy grid
 inccalc             y     flaginccalc  flag for new ECIS calculation for incident channel
 endfecis            y     flagendfecis flag for new ECIS calculation for ENDF-6 files
 radialmodel         2     radialmodel  model for radial matter densities (JLM OMP only)
 jlmmode             0     jlmmode      option for JLM imaginary potential normalization
 alphaomp            6     alphaomp     alpha OMP (1=normal, 2= McFadden-Satchler, 3-5= folding potential, 6,8= Avrigeanu, 7=Nolte)
 deuteronomp         1     deuteronomp  deuteron OMP (1=normal, 2=Daehnick, 3=Bojowald, 4=Han-Shi-Shen, 5=An-Cai)
 #
 # Compound nucleus
 #
 widthfluc          17.180 ewfc         off-set incident energy for width fluctuation calculation
 widthmode           1     wmode        designator for width fluctuation model
 compound            y     flagcomp     flag for compound nucleus model
 fullhf              n     flagfullhf   flag for full spin dependence of transmission coefficients
 eciscompound        n     flageciscomp flag for compound nucleus calculation by ECIS
 cpang               n     flagcpang    flag for compound angular distribution calculation for incident charged particles
 urr                 n     flagurr      flag for URR calculation
 urrnjoy             n     flagurrnjoy  flag for normalization of URR parameters with NJOY method
 lurr                2     lurr         maximal orbital angular momentum for URR
 #
 # Gamma emission
 #
 gammax              2     gammax       number of l-values for gamma multipolarity
 strength            9     strength     model for E1 gamma-ray strength function
 strengthM1          3     strengthM1   model for M1 gamma-ray strength function
 electronconv        y     flagelectron flag for application of electron conversion coefficient
 racap               n     flagracap    flag for radiative capture model
 ldmodelracap        1     ldmodelracap level density model for direct radiative capture
 upbend              y     flagupbend   flag for low-energy upbend of photon strength function
 psfglobal           n    flagpsfglobal flag for global photon strength functions only
 #
 # Pre-equilibrium
 #
 preequilibrium      9.929 epreeq       on-set incident energy for preequilibrium calculation
 preeqmode           2     preeqmode    designator for pre-equilibrium model
 multipreeq         20.000 emulpre      on-set incident energy for multiple preequilibrium
 mpreeqmode          2     mpreeqmode   designator for multiple pre-equilibrium model
 breakupmodel        1     breakupmodel model for break-up reaction: 1. Kalbach 2. Avrigeanu
 phmodel             1     phmodel      particle-hole state density model
 pairmodel           2     pairmodel    designator for pre-equilibrium pairing model
 preeqspin           1     pespinmodel  model for pre-equilibrium spin distribution
 giantresonance      y     flaggiant    flag for collective contribution from giant resonances
 preeqsurface        y     flagsurface  flag for surface effects in exciton model
 preeqcomplex        y     flagpecomp   flag for Kalbach complex particle emission model
 twocomponent        y     flag2comp    flag for two-component pre-equilibrium model
 ecisdwba            y     flagecisdwba flag for new ECIS calculation for DWBA for MSD
 onestep             n     flagonestep  flag for continuum one-step direct only
 #
 # Level densities
 #
 ldmodel             1     ldmodelall   level density model
 ldmodelCN           1     ldmodelCN    level density model for compound nucleus
 shellmodel          1     shellmodel   model for shell correction energies
 kvibmodel           2     kvibmodel    model for vibrational enhancement
 spincutmodel        1     spincutmodel model for spin cutoff factor for ground state
 asys                n     flagasys     flag for all level density parameters a from systematics
 parity              n     flagparity   flag for non-equal parity distribution
 colenhance          n     flagcolall   flag for collective enhancement of level density for all nuclides
 ctmglobal           n     flagctmglob  flag for global CTM model (no discrete level info)
 gshell              n     flaggshell   flag for energy dependence of single particle level density parameter g
 colldamp            n     flagcolldamp flag for damping of collective effects in effective level density
 #
 # Fission
 #
 fission             n     flagfission  flag for fission
 fismodel            3     fismodel     fission model
 fismodelalt         3     fismodelalt  alternative fission model for default barriers
 hbstate             y     flaghbstate  flag for head band states in fission
 class2              y     flagclass2   flag for class2 states in fission
 fispartdamp         n  flagfispartdamp flag for fission partial damping
 massdis             n     flagmassdis  flag for calculation of fission fragment mass yields
 ffevaporation       y     flagffevap   flag for calculation of particle evaporation from fission fragment mass yields
 fisfeed             n     flagfisfeed  flag for output of fission per excitation bin
 fymodel             2     fymodel      fission yield model, 1: Brosa 2: GEF
 ffmodel             1     ffmodel      fission fragment model, 1: GEF 2: HF3D (Okumura) 3: SPY
 pfnsmodel           1     pfnsmodel    PFNS model, 1: Iwamoto 2: from FF decay
 ffspin              n     flagffspin   flag to use spin distribution in initial FF population
 #
 # Output
 #
 outmain             y     flagmain     flag for main output
 outbasic            n     flagbasic    flag for output of basic information and results
 outpopulation       n     flagpop      flag for output of population
 outcheck            n     flagcheck    flag for output of numerical checks
 outlevels           n     flaglevels   flag for output of discrete level information
 outdensity          n     flagdensity  flag for output of level densities
 outomp              n     flagoutomp   flag for output of optical model parameters
 outkd               n     flagoutkd    flag for output of KD03 OMP parameters
 outdirect           n     flagdirect   flag for output of direct reaction results
 outinverse          n     flaginverse  flag for output of transmission coefficients and inverse reaction cross sections
 outdecay            n     flagdecay    flag for output of decay of each population bin
 outtransenergy      y     flagtransen  flag for output of transmission coefficients per energy
 outecis             n     flagoutecis  flag for output of ECIS results
 outgamma            n     flaggamma    flag for output of gamma-ray information
 outpreequilibrium   n     flagpeout    flag for output of pre-equilibrium results 
 outfission          n     flagfisout   flag for output of fission information
 outdiscrete         n     flagdisc     flag for output of discrete state cross sections
 outspectra          n     flagspec     flag for output of double-differential cross sections
 outbinspectra       n     flagbinspec  flag for output of emission spectrum per excitation bin
 resonance           n     flagres      flag for output of low energy resonance cross sections
 group               n     flaggroup    flag for output of low energy groupwise cross sections
 addiscrete          y     flagadd      flag for addition of discrete states to spectra
 addelastic          y     flagaddel    flag for addition of elastic peak to spectra
 outangle            n     flagang      flag for output of angular distributions
 outlegendre         n     flaglegendre flag for output of Legendre coefficients
 ddxmode             0     ddxmode      mode for double-differential cross sections
 outdwba             n     flagoutdwba  flag for output of DWBA cross sections for MSD
 outgamdis           n     flaggamdis   flag for output of discrete gamma-ray intensities
 outexcitation       y     flagexc      flag for output of excitation functions
 components          n     flagcompo    flag for output of cross section components
 endf                n     flagendf     flag for information for ENDF-6 file
 endfdetail          y     flagendfdet  flag for detailed ENDF-6 information per channel
 sacs                n     flagsacs     flag for statistical analysis of cross sections
 partable            n     flagpartable flag for output of model parameters on separate file
 block               n     flagblock    flag to block spectra, angle and gamma files

 ########## BASIC REACTION PARAMETERS ##########

 Projectile           : neutron     Mass in a.m.u.      :   1.008665
 Target               :  28Si       Mass in a.m.u.      :  27.976927

 Included channels:
                     gamma   
                     neutron 
                     proton  
                     deuteron
                     triton  
                     helium-3
                     alpha   

    50 incident energies (LAB):

      0.100
      0.200
      0.400
      0.600
      0.800
      1.000
      1.200
      1.400
      1.600
      1.800
      2.000
      2.200
      2.400
      2.600
      2.800
      3.000
      3.200
      3.400
      3.600
      3.800
      4.000
      4.200
      4.400
      4.600
      4.800
      5.000
      5.200
      5.400
      5.600
      5.800
      6.000
      6.200
      6.400
      6.600
      6.800
      7.000
      7.200
      7.400
      7.600
      7.800
      8.000
      8.500
      9.000
      9.500
     10.000
     12.000
     14.000
     16.000
     18.000
     20.000

 Q-values for binary reactions:

 Q(n,g):  8.47361
 Q(n,n):  0.00000
 Q(n,p): -3.85972
 Q(n,d): -9.36033
 Q(n,t):-16.16113
 Q(n,h):-12.13813
 Q(n,a): -2.65360

 ########## RESULTS FOR E=   0.10000 ##########

 Energy dependent input flags

 Width fluctuations (flagwidth)            : y
 Unresolved resonance parameters (flagurr) : n
 Preequilibrium (flagpreeq)                : n
 Multiple preequilibrium (flagmulpre)      : n
 Number of continuum excitation energy bins: 40

 ########### REACTION SUMMARY FOR E=   0.10000 ###########

 Center-of-mass energy:    0.097

 1. Total (binary) cross sections

 Total           = 5.04118E+03
   Shape elastic   = 2.11905E+03
   Reaction        = 2.92213E+03
     Compound elastic= 2.92049E+03
     Non-elastic     = 1.64355E+00
       Direct          = 0.00000E+00
       Pre-equilibrium = 0.00000E+00
       Compound non-el = 1.64355E+00
     Total elastic   = 5.03954E+03

 2. Binary non-elastic cross sections (non-exclusive)

 gamma   = 9.43481E-01
 neutron = 0.00000E+00
 proton  = 0.00000E+00
 deuteron= 0.00000E+00
 triton  = 0.00000E+00
 helium-3= 0.00000E+00
 alpha   = 0.00000E+00

 3. Total particle production cross sections

 gamma   = 1.01730E+00    Multiplicity= 6.18964E-01
 neutron = 1.63270E-06    Multiplicity= 9.93395E-07
 proton  = 0.00000E+00    Multiplicity= 0.00000E+00
 deuteron= 0.00000E+00    Multiplicity= 0.00000E+00
 triton  = 0.00000E+00    Multiplicity= 0.00000E+00
 helium-3= 0.00000E+00    Multiplicity= 0.00000E+00
 alpha   = 0.00000E+00    Multiplicity= 0.00000E+00

 4. Residual production cross sections

   a. Per isotope

   Z   A  nuclide    total     level   isomeric    isomeric    lifetime
                 cross section       cross section  ratio

   14  29 ( 29Si) 9.43479E-01    0    9.43479E-01  1.00000

   b. Per mass

   A  cross section

   29 9.43479E-01

 Total residual production cross section:     0.9434786
 Non-elastic cross section              :     1.6435547

 6. Exclusive cross sections

 6a. Total exclusive cross sections 

     Emitted particles     cross section reaction         level    isomeric    isomeric    lifetime relative yield
    n   p   d   t   h   a                                        cross section   ratio
    0   0   0   0   0   0    9.43479E-01  (n,g)                                                     1.00000E+00

 Absorption cross section                 :     0.94348

 Sum over exclusive channel cross sections:     0.94348
 (n,gn) + (n,gp) +...(n,ga) cross sections:     0.00000
 Total                                    :     0.94348
 Non-elastic cross section                :     1.64355

 ########## RESULTS FOR E=   0.20000 ##########

 Energy dependent input flags

 Width fluctuations (flagwidth)            : y
 Unresolved resonance parameters (flagurr) : n
 Preequilibrium (flagpreeq)                : n
 Multiple preequilibrium (flagmulpre)      : n
 Number of continuum excitation energy bins: 40

 ########### REACTION SUMMARY FOR E=   0.20000 ###########

 Center-of-mass energy:    0.193

 1. Total (binary) cross sections

 Total           = 4.90561E+03
   Shape elastic   = 2.07277E+03
   Reaction        = 2.83284E+03
     Compound elastic= 2.83160E+03
     Non-elastic     = 1.23804E+00
       Direct          = 0.00000E+00
       Pre-equilibrium = 0.00000E+00
       Compound non-el = 1.23804E+00
     Total elastic   = 4.90437E+03

 2. Binary non-elastic cross sections (non-exclusive)

 gamma   = 6.21201E-01
 neutron = 0.00000E+00
 proton  = 0.00000E+00
 deuteron= 0.00000E+00
 triton  = 0.00000E+00
 helium-3= 0.00000E+00
 alpha   = 0.00000E+00

 3. Total particle production cross sections

 gamma   = 6.77003E-01    Multiplicity= 5.46836E-01
 neutron = 7.22079E-06    Multiplicity= 5.83245E-06
 proton  = 0.00000E+00    Multiplicity= 0.00000E+00
 deuteron= 0.00000E+00    Multiplicity= 0.00000E+00
 triton  = 0.00000E+00    Multiplicity= 0.00000E+00
 helium-3= 0.00000E+00    Multiplicity= 0.00000E+00
 alpha   = 0.00000E+00    Multiplicity= 0.00000E+00

 4. Residual production cross sections

   a. Per isotope

   Z   A  nuclide    total     level   isomeric    isomeric    lifetime
                 cross section       cross section  ratio

   14  29 ( 29Si) 6.21193E-01    0    6.21193E-01  1.00000

   b. Per mass

   A  cross section

   29 6.21193E-01

 Total residual production cross section:     0.6211928
 Non-elastic cross section              :     1.2380371

 6. Exclusive cross sections

 6a. Total exclusive cross sections 

     Emitted particles     cross section reaction         level    isomeric    isomeric    lifetime relative yield
    n   p   d   t   h   a                                        cross section   ratio
    0   0   0   0   0   0    6.21193E-01  (n,g)                                                     1.00000E+00

 Absorption cross section                 :     0.62119

 Sum over exclusive channel cross sections:     0.62119
 (n,gn) + (n,gp) +...(n,ga) cross sections:     0.00001
 Total                                    :     0.62120
 Non-elastic cross section                :     1.23804

 ########## RESULTS FOR E=   0.40000 ##########

 Energy dependent input flags

 Width fluctuations (flagwidth)            : y
 Unresolved resonance parameters (flagurr) : n
 Preequilibrium (flagpreeq)                : n
 Multiple preequilibrium (flagmulpre)      : n
 Number of continuum excitation energy bins: 40

 ########### REACTION SUMMARY FOR E=   0.40000 ###########

 Center-of-mass energy:    0.386

 1. Total (binary) cross sections

 Total           = 4.69129E+03
   Shape elastic   = 2.09284E+03
   Reaction        = 2.59845E+03
     Compound elastic= 2.59756E+03
     Non-elastic     = 8.88428E-01
       Direct          = 0.00000E+00
       Pre-equilibrium = 0.00000E+00
       Compound non-el = 8.88428E-01
     Total elastic   = 4.69040E+03

 2. Binary non-elastic cross sections (non-exclusive)

 gamma   = 4.32487E-01
 neutron = 0.00000E+00
 proton  = 0.00000E+00
 deuteron= 0.00000E+00
 triton  = 0.00000E+00
 helium-3= 0.00000E+00
 alpha   = 0.00000E+00

 3. Total particle production cross sections

 gamma   = 4.78099E-01    Multiplicity= 5.38141E-01
 neutron = 3.58960E-05    Multiplicity= 4.04040E-05
 proton  = 0.00000E+00    Multiplicity= 0.00000E+00
 deuteron= 0.00000E+00    Multiplicity= 0.00000E+00
 triton  = 0.00000E+00    Multiplicity= 0.00000E+00
 helium-3= 0.00000E+00    Multiplicity= 0.00000E+00
 alpha   = 0.00000E+00    Multiplicity= 0.00000E+00

 4. Residual production cross sections

   a. Per isotope

   Z   A  nuclide    total     level   isomeric    isomeric    lifetime
                 cross section       cross section  ratio

   14  29 ( 29Si) 4.32451E-01    0    4.32451E-01  1.00000

   b. Per mass

   A  cross section

   29 4.32451E-01

 Total residual production cross section:     0.4324508
 Non-elastic cross section              :     0.8884277

 6. Exclusive cross sections

 6a. Total exclusive cross sections 

     Emitted particles     cross section reaction         level    isomeric    isomeric    lifetime relative yield
    n   p   d   t   h   a                                        cross section   ratio
    0   0   0   0   0   0    4.32451E-01  (n,g)                                                     1.00000E+00

 Absorption cross section                 :     0.43245

 Sum over exclusive channel cross sections:     0.43245
 (n,gn) + (n,gp) +...(n,ga) cross sections:     0.00004
 Total                                    :     0.43249
 Non-elastic cross section                :     0.88843

 ########## RESULTS FOR E=   0.60000 ##########

 Energy dependent input flags

 Width fluctuations (flagwidth)            : y
 Unresolved resonance parameters (flagurr) : n
 Preequilibrium (flagpreeq)                : n
 Multiple preequilibrium (flagmulpre)      : n
 Number of continuum excitation energy bins: 40

 ########### REACTION SUMMARY FOR E=   0.60000 ###########

 Center-of-mass energy:    0.579

 1. Total (binary) cross sections

 Total           = 4.45323E+03
   Shape elastic   = 2.13236E+03
   Reaction        = 2.32087E+03
     Compound elastic= 2.32016E+03
     Non-elastic     = 7.14111E-01
       Direct          = 0.00000E+00
       Pre-equilibrium = 0.00000E+00
       Compound non-el = 7.14111E-01
     Total elastic   = 4.45252E+03

 2. Binary non-elastic cross sections (non-exclusive)

 gamma   = 3.63178E-01
 neutron = 0.00000E+00
 proton  = 0.00000E+00
 deuteron= 0.00000E+00
 triton  = 0.00000E+00
 helium-3= 0.00000E+00
 alpha   = 0.00000E+00

 3. Total particle production cross sections

 gamma   = 4.06862E-01    Multiplicity= 5.69746E-01
 neutron = 1.44801E-04    Multiplicity= 2.02771E-04
 proton  = 0.00000E+00    Multiplicity= 0.00000E+00
 deuteron= 0.00000E+00    Multiplicity= 0.00000E+00
 triton  = 0.00000E+00    Multiplicity= 0.00000E+00
 helium-3= 0.00000E+00    Multiplicity= 0.00000E+00
 alpha   = 0.00000E+00    Multiplicity= 0.00000E+00

 4. Residual production cross sections

   a. Per isotope

   Z   A  nuclide    total     level   isomeric    isomeric    lifetime
                 cross section       cross section  ratio

   14  29 ( 29Si) 3.63033E-01    0    3.63033E-01  1.00000

   b. Per mass

   A  cross section

   29 3.63033E-01

 Total residual production cross section:     0.3630334
 Non-elastic cross section              :     0.7141113

 6. Exclusive cross sections

 6a. Total exclusive cross sections 

     Emitted particles     cross section reaction         level    isomeric    isomeric    lifetime relative yield
    n   p   d   t   h   a                                        cross section   ratio
    0   0   0   0   0   0    3.63033E-01  (n,g)                                                     1.00000E+00

 Absorption cross section                 :     0.36303

 Sum over exclusive channel cross sections:     0.36303
 (n,gn) + (n,gp) +...(n,ga) cross sections:     0.00014
 Total                                    :     0.36318
 Non-elastic cross section                :     0.71411

 ########## RESULTS FOR E=   0.80000 ##########

 Energy dependent input flags

 Width fluctuations (flagwidth)            : y
 Unresolved resonance parameters (flagurr) : n
 Preequilibrium (flagpreeq)                : n
 Multiple preequilibrium (flagmulpre)      : n
 Number of continuum excitation energy bins: 40

 ########### REACTION SUMMARY FOR E=   0.80000 ###########

 Center-of-mass energy:    0.772

 1. Total (binary) cross sections

 Total           = 4.22847E+03
   Shape elastic   = 2.15031E+03
   Reaction        = 2.07816E+03
     Compound elastic= 2.07754E+03
     Non-elastic     = 6.19385E-01
       Direct          = 0.00000E+00
       Pre-equilibrium = 0.00000E+00
       Compound non-el = 6.19385E-01
     Total elastic   = 4.22785E+03

 2. Binary non-elastic cross sections (non-exclusive)

 gamma   = 3.31748E-01
 neutron = 0.00000E+00
 proton  = 0.00000E+00
 deuteron= 0.00000E+00
 triton  = 0.00000E+00
 helium-3= 0.00000E+00
 alpha   = 0.00000E+00

 3. Total particle production cross sections

 gamma   = 3.76223E-01    Multiplicity= 6.07414E-01
 neutron = 3.66661E-04    Multiplicity= 5.91977E-04
 proton  = 0.00000E+00    Multiplicity= 0.00000E+00
 deuteron= 0.00000E+00    Multiplicity= 0.00000E+00
 triton  = 0.00000E+00    Multiplicity= 0.00000E+00
 helium-3= 0.00000E+00    Multiplicity= 0.00000E+00
 alpha   = 0.00000E+00    Multiplicity= 0.00000E+00

 4. Residual production cross sections

   a. Per isotope

   Z   A  nuclide    total     level   isomeric    isomeric    lifetime
                 cross section       cross section  ratio

   14  29 ( 29Si) 3.31381E-01    0    3.31381E-01  1.00000

   b. Per mass

   A  cross section

   29 3.31381E-01

 Total residual production cross section:     0.3313808
 Non-elastic cross section              :     0.6193848

 6. Exclusive cross sections

 6a. Total exclusive cross sections 

     Emitted particles     cross section reaction         level    isomeric    isomeric    lifetime relative yield
    n   p   d   t   h   a                                        cross section   ratio
    0   0   0   0   0   0    3.31381E-01  (n,g)                                                     1.00000E+00

 Absorption cross section                 :     0.33138

 Sum over exclusive channel cross sections:     0.33138
 (n,gn) + (n,gp) +...(n,ga) cross sections:     0.00037
 Total                                    :     0.33175
 Non-elastic cross section                :     0.61938

 ########## RESULTS FOR E=   1.00000 ##########

 Energy dependent input flags

 Width fluctuations (flagwidth)            : y
 Unresolved resonance parameters (flagurr) : n
 Preequilibrium (flagpreeq)                : n
 Multiple preequilibrium (flagmulpre)      : n
 Number of continuum excitation energy bins: 40

 ########### REACTION SUMMARY FOR E=   1.00000 ###########

 Center-of-mass energy:    0.965

 1. Total (binary) cross sections

 Total           = 4.02761E+03
   Shape elastic   = 2.14297E+03
   Reaction        = 1.88464E+03
     Compound elastic= 1.88407E+03
     Non-elastic     = 5.69092E-01
       Direct          = 0.00000E+00
       Pre-equilibrium = 0.00000E+00
       Compound non-el = 5.69092E-01
     Total elastic   = 4.02704E+03

 2. Binary non-elastic cross sections (non-exclusive)

 gamma   = 3.17219E-01
 neutron = 0.00000E+00
 proton  = 0.00000E+00
 deuteron= 0.00000E+00
 triton  = 0.00000E+00
 helium-3= 0.00000E+00
 alpha   = 0.00000E+00

 3. Total particle production cross sections

 gamma   = 3.63646E-01    Multiplicity= 6.38994E-01
 neutron = 6.98118E-04    Multiplicity= 1.22672E-03
 proton  = 0.00000E+00    Multiplicity= 0.00000E+00
 deuteron= 0.00000E+00    Multiplicity= 0.00000E+00
 triton  = 0.00000E+00    Multiplicity= 0.00000E+00
 helium-3= 0.00000E+00    Multiplicity= 0.00000E+00
 alpha   = 0.00000E+00    Multiplicity= 0.00000E+00

 4. Residual production cross sections

   a. Per isotope

   Z   A  nuclide    total     level   isomeric    isomeric    lifetime
                 cross section       cross section  ratio

   14  29 ( 29Si) 3.16521E-01    0    3.16521E-01  1.00000

   b. Per mass

   A  cross section

   29 3.16521E-01

 Total residual production cross section:     0.3165206
 Non-elastic cross section              :     0.5690918

 6. Exclusive cross sections

 6a. Total exclusive cross sections 

     Emitted particles     cross section reaction         level    isomeric    isomeric    lifetime relative yield
    n   p   d   t   h   a                                        cross section   ratio
    0   0   0   0   0   0    3.16521E-01  (n,g)                                                     1.00000E+00

 Absorption cross section                 :     0.31652

 Sum over exclusive channel cross sections:     0.31652
 (n,gn) + (n,gp) +...(n,ga) cross sections:     0.00070
 Total                                    :     0.31722
 Non-elastic cross section                :     0.56909

 ########## RESULTS FOR E=   1.20000 ##########

 Energy dependent input flags

 Width fluctuations (flagwidth)            : y
 Unresolved resonance parameters (flagurr) : n
 Preequilibrium (flagpreeq)                : n
 Multiple preequilibrium (flagmulpre)      : n
 Number of continuum excitation energy bins: 40

 ########### REACTION SUMMARY FOR E=   1.20000 ###########

 Center-of-mass energy:    1.158

 1. Total (binary) cross sections

 Total           = 3.84964E+03
   Shape elastic   = 2.11456E+03
   Reaction        = 1.73508E+03
     Compound elastic= 1.73454E+03
     Non-elastic     = 5.42725E-01
       Direct          = 0.00000E+00
       Pre-equilibrium = 0.00000E+00
       Compound non-el = 5.42725E-01
     Total elastic   = 3.84910E+03

 2. Binary non-elastic cross sections (non-exclusive)

 gamma   = 3.15748E-01
 neutron = 0.00000E+00
 proton  = 0.00000E+00
 deuteron= 0.00000E+00
 triton  = 0.00000E+00
 helium-3= 0.00000E+00
 alpha   = 0.00000E+00

 3. Total particle production cross sections

 gamma   = 3.66640E-01    Multiplicity= 6.75554E-01
 neutron = 1.18589E-03    Multiplicity= 2.18507E-03
 proton  = 0.00000E+00    Multiplicity= 0.00000E+00
 deuteron= 0.00000E+00    Multiplicity= 0.00000E+00
 triton  = 0.00000E+00    Multiplicity= 0.00000E+00
 helium-3= 0.00000E+00    Multiplicity= 0.00000E+00
 alpha   = 0.00000E+00    Multiplicity= 0.00000E+00

 4. Residual production cross sections

   a. Per isotope

   Z   A  nuclide    total     level   isomeric    isomeric    lifetime
                 cross section       cross section  ratio

   14  29 ( 29Si) 3.14562E-01    0    3.14562E-01  1.00000
   14  28 ( 28Si) 1.18589E-03    0    1.18589E-03  1.00000

   b. Per mass

   A  cross section

   29 3.14562E-01
   28 1.18589E-03

 Total residual production cross section:     0.3157476
 Non-elastic cross section              :     0.5427246

 6. Exclusive cross sections

 6a. Total exclusive cross sections 

     Emitted particles     cross section reaction         level    isomeric    isomeric    lifetime relative yield
    n   p   d   t   h   a                                        cross section   ratio
    0   0   0   0   0   0    3.14562E-01  (n,g)                                                     1.00000E+00

 Absorption cross section                 :     0.31456

 Sum over exclusive channel cross sections:     0.31456
 (n,gn) + (n,gp) +...(n,ga) cross sections:     0.00119
 Total                                    :     0.31575
 Non-elastic cross section                :     0.54272

 ########## RESULTS FOR E=   1.40000 ##########

 Energy dependent input flags

 Width fluctuations (flagwidth)            : y
 Unresolved resonance parameters (flagurr) : n
 Preequilibrium (flagpreeq)                : n
 Multiple preequilibrium (flagmulpre)      : n
 Number of continuum excitation energy bins: 40

 ########### REACTION SUMMARY FOR E=   1.40000 ###########

 Center-of-mass energy:    1.351

 1. Total (binary) cross sections

 Total           = 3.69100E+03
   Shape elastic   = 2.07001E+03
   Reaction        = 1.62099E+03
     Compound elastic= 1.62046E+03
     Non-elastic     = 5.27954E-01
       Direct          = 0.00000E+00
       Pre-equilibrium = 0.00000E+00
       Compound non-el = 5.27954E-01
     Total elastic   = 3.69047E+03

 2. Binary non-elastic cross sections (non-exclusive)

 gamma   = 3.19177E-01
 neutron = 0.00000E+00
 proton  = 0.00000E+00
 deuteron= 0.00000E+00
 triton  = 0.00000E+00
 helium-3= 0.00000E+00
 alpha   = 0.00000E+00

 3. Total particle production cross sections

 gamma   = 3.74344E-01    Multiplicity= 7.09046E-01
 neutron = 1.96163E-03    Multiplicity= 3.71554E-03
 proton  = 0.00000E+00    Multiplicity= 0.00000E+00
 deuteron= 0.00000E+00    Multiplicity= 0.00000E+00
 triton  = 0.00000E+00    Multiplicity= 0.00000E+00
 helium-3= 0.00000E+00    Multiplicity= 0.00000E+00
 alpha   = 0.00000E+00    Multiplicity= 0.00000E+00

 4. Residual production cross sections

   a. Per isotope

   Z   A  nuclide    total     level   isomeric    isomeric    lifetime
                 cross section       cross section  ratio

   14  29 ( 29Si) 3.17215E-01    0    3.17215E-01  1.00000
   14  28 ( 28Si) 1.96163E-03    0    1.96163E-03  1.00000

   b. Per mass

   A  cross section

   29 3.17215E-01
   28 1.96163E-03

 Total residual production cross section:     0.3191770
 Non-elastic cross section              :     0.5279541

 6. Exclusive cross sections

 6a. Total exclusive cross sections 

     Emitted particles     cross section reaction         level    isomeric    isomeric    lifetime relative yield
    n   p   d   t   h   a                                        cross section   ratio
    0   0   0   0   0   0    3.17215E-01  (n,g)                                                     1.00000E+00

 Absorption cross section                 :     0.31722

 Sum over exclusive channel cross sections:     0.31722
 (n,gn) + (n,gp) +...(n,ga) cross sections:     0.00196
 Total                                    :     0.31918
 Non-elastic cross section                :     0.52795

 ########## RESULTS FOR E=   1.60000 ##########

 Energy dependent input flags

 Width fluctuations (flagwidth)            : y
 Unresolved resonance parameters (flagurr) : n
 Preequilibrium (flagpreeq)                : n
 Multiple preequilibrium (flagmulpre)      : n
 Number of continuum excitation energy bins: 40

 ########### REACTION SUMMARY FOR E=   1.60000 ###########

 Center-of-mass energy:    1.544

 1. Total (binary) cross sections

 Total           = 3.54775E+03
   Shape elastic   = 2.01308E+03
   Reaction        = 1.53467E+03
     Compound elastic= 1.53414E+03
     Non-elastic     = 5.29297E-01
       Direct          = 0.00000E+00
       Pre-equilibrium = 0.00000E+00
       Compound non-el = 5.29297E-01
     Total elastic   = 3.54722E+03

 2. Binary non-elastic cross sections (non-exclusive)

 gamma   = 3.27713E-01
 neutron = 0.00000E+00
 proton  = 0.00000E+00
 deuteron= 0.00000E+00
 triton  = 0.00000E+00
 helium-3= 0.00000E+00
 alpha   = 0.00000E+00

 3. Total particle production cross sections

 gamma   = 3.88020E-01    Multiplicity= 7.33086E-01
 neutron = 2.95466E-03    Multiplicity= 5.58223E-03
 proton  = 0.00000E+00    Multiplicity= 0.00000E+00
 deuteron= 0.00000E+00    Multiplicity= 0.00000E+00
 triton  = 0.00000E+00    Multiplicity= 0.00000E+00
 helium-3= 0.00000E+00    Multiplicity= 0.00000E+00
 alpha   = 0.00000E+00    Multiplicity= 0.00000E+00

 4. Residual production cross sections

   a. Per isotope

   Z   A  nuclide    total     level   isomeric    isomeric    lifetime
                 cross section       cross section  ratio

   14  29 ( 29Si) 3.24758E-01    0    3.24758E-01  1.00000
   14  28 ( 28Si) 2.95466E-03    0    2.95466E-03  1.00000

   b. Per mass

   A  cross section

   29 3.24758E-01
   28 2.95466E-03

 Total residual production cross section:     0.3277127
 Non-elastic cross section              :     0.5292969

 6. Exclusive cross sections

 6a. Total exclusive cross sections 

     Emitted particles     cross section reaction         level    isomeric    isomeric    lifetime relative yield
    n   p   d   t   h   a                                        cross section   ratio
    0   0   0   0   0   0    3.24758E-01  (n,g)                                                     1.00000E+00

 Absorption cross section                 :     0.32476

 Sum over exclusive channel cross sections:     0.32476
 (n,gn) + (n,gp) +...(n,ga) cross sections:     0.00295
 Total                                    :     0.32771
 Non-elastic cross section                :     0.52930

 ########## RESULTS FOR E=   1.80000 ##########

 Energy dependent input flags

 Width fluctuations (flagwidth)            : y
 Unresolved resonance parameters (flagurr) : n
 Preequilibrium (flagpreeq)                : n
 Multiple preequilibrium (flagmulpre)      : n
 Number of continuum excitation energy bins: 40

 ########### REACTION SUMMARY FOR E=   1.80000 ###########

 Center-of-mass energy:    1.737

 1. Total (binary) cross sections

 Total           = 3.41535E+03
   Shape elastic   = 1.94534E+03
   Reaction        = 1.47001E+03
     Compound elastic= 1.46948E+03
     Non-elastic     = 5.34912E-01
       Direct          = 0.00000E+00
       Pre-equilibrium = 0.00000E+00
       Compound non-el = 5.34912E-01
     Total elastic   = 3.41481E+03

 2. Binary non-elastic cross sections (non-exclusive)

 gamma   = 3.40508E-01
 neutron = 0.00000E+00
 proton  = 0.00000E+00
 deuteron= 0.00000E+00
 triton  = 0.00000E+00
 helium-3= 0.00000E+00
 alpha   = 0.00000E+00

 3. Total particle production cross sections

 gamma   = 4.06811E-01    Multiplicity= 7.60519E-01
 neutron = 4.23832E-03    Multiplicity= 7.92340E-03
 proton  = 0.00000E+00    Multiplicity= 0.00000E+00
 deuteron= 0.00000E+00    Multiplicity= 0.00000E+00
 triton  = 0.00000E+00    Multiplicity= 0.00000E+00
 helium-3= 0.00000E+00    Multiplicity= 0.00000E+00
 alpha   = 0.00000E+00    Multiplicity= 0.00000E+00

 4. Residual production cross sections

   a. Per isotope

   Z   A  nuclide    total     level   isomeric    isomeric    lifetime
                 cross section       cross section  ratio

   14  29 ( 29Si) 3.36270E-01    0    3.36270E-01  1.00000
   14  28 ( 28Si) 4.23832E-03    0    4.23832E-03  1.00000

   b. Per mass

   A  cross section

   29 3.36270E-01
   28 4.23832E-03

 Total residual production cross section:     0.3405080
 Non-elastic cross section              :     0.5349121

 6. Exclusive cross sections

 6a. Total exclusive cross sections 

     Emitted particles     cross section reaction         level    isomeric    isomeric    lifetime relative yield
    n   p   d   t   h   a                                        cross section   ratio
    0   0   0   0   0   0    3.36270E-01  (n,g)                                                     1.00000E+00

 Absorption cross section                 :     0.33627

 Sum over exclusive channel cross sections:     0.33627
 (n,gn) + (n,gp) +...(n,ga) cross sections:     0.00424
 Total                                    :     0.34051
 Non-elastic cross section                :     0.53491

 ########## RESULTS FOR E=   2.00000 ##########

 Energy dependent input flags

 Width fluctuations (flagwidth)            : y
 Unresolved resonance parameters (flagurr) : n
 Preequilibrium (flagpreeq)                : n
 Multiple preequilibrium (flagmulpre)      : n
 Number of continuum excitation energy bins: 40

 ########### REACTION SUMMARY FOR E=   2.00000 ###########

 Center-of-mass energy:    1.930

 1. Total (binary) cross sections

 Total           = 3.29353E+03
   Shape elastic   = 1.86627E+03
   Reaction        = 1.42726E+03
     Compound elastic= 1.14943E+03
     Non-elastic     = 2.77827E+02
       Direct          = 1.05256E+01
       Pre-equilibrium = 0.00000E+00
       Compound non-el = 2.67301E+02
     Total elastic   = 3.01570E+03

 2. Binary non-elastic cross sections (non-exclusive)

 gamma   = 1.78019E-01
 neutron = 2.77595E+02
 proton  = 0.00000E+00
 deuteron= 0.00000E+00
 triton  = 0.00000E+00
 helium-3= 0.00000E+00
 alpha   = 0.00000E+00

 3. Total particle production cross sections

 gamma   = 2.13684E-01    Multiplicity= 7.69126E-04
 neutron = 2.77598E+02    Multiplicity= 9.99176E-01
 proton  = 0.00000E+00    Multiplicity= 0.00000E+00
 deuteron= 0.00000E+00    Multiplicity= 0.00000E+00
 triton  = 0.00000E+00    Multiplicity= 0.00000E+00
 helium-3= 0.00000E+00    Multiplicity= 0.00000E+00
 alpha   = 0.00000E+00    Multiplicity= 0.00000E+00

 4. Residual production cross sections

   a. Per isotope

   Z   A  nuclide    total     level   isomeric    isomeric    lifetime
                 cross section       cross section  ratio

   14  29 ( 29Si) 1.75181E-01    0    1.75181E-01  1.00000
   14  28 ( 28Si) 2.77598E+02    0    2.77598E+02  1.00000

   b. Per mass

   A  cross section

   29 1.75181E-01
   28 2.77598E+02

 Total residual production cross section:   277.7729797
 Non-elastic cross section              :   277.8266602

 6. Exclusive cross sections

 6a. Total exclusive cross sections 

     Emitted particles     cross section reaction         level    isomeric    isomeric    lifetime relative yield
    n   p   d   t   h   a                                        cross section   ratio
    0   0   0   0   0   0    1.75181E-01  (n,g)                                                     6.30669E-04
    1   0   0   0   0   0    2.77595E+02  (n,n')                                                    9.99369E-01

 Absorption cross section                 :     0.17518

 Sum over exclusive channel cross sections:   277.77014
 (n,gn) + (n,gp) +...(n,ga) cross sections:     0.00284
 Total                                    :   277.77298
 Non-elastic cross section                :   277.82666

 ########## RESULTS FOR E=   2.20000 ##########

 Energy dependent input flags

 Width fluctuations (flagwidth)            : y
 Unresolved resonance parameters (flagurr) : n
 Preequilibrium (flagpreeq)                : n
 Multiple preequilibrium (flagmulpre)      : n
 Number of continuum excitation energy bins: 40

 ########### REACTION SUMMARY FOR E=   2.20000 ###########

 Center-of-mass energy:    2.123

 1. Total (binary) cross sections

 Total           = 3.19466E+03
   Shape elastic   = 1.79518E+03
   Reaction        = 1.39948E+03
     Compound elastic= 9.80132E+02
     Non-elastic     = 4.19348E+02
       Direct          = 2.61737E+01
       Pre-equilibrium = 0.00000E+00
       Compound non-el = 3.93174E+02
     Total elastic   = 2.77531E+03

 2. Binary non-elastic cross sections (non-exclusive)

 gamma   = 1.44924E-01
 neutron = 4.19171E+02
 proton  = 0.00000E+00
 deuteron= 0.00000E+00
 triton  = 0.00000E+00
 helium-3= 0.00000E+00
 alpha   = 0.00000E+00

 3. Total particle production cross sections

 gamma   = 1.74804E-01    Multiplicity= 4.16846E-04
 neutron = 4.19174E+02    Multiplicity= 9.99585E-01
 proton  = 0.00000E+00    Multiplicity= 0.00000E+00
 deuteron= 0.00000E+00    Multiplicity= 0.00000E+00
 triton  = 0.00000E+00    Multiplicity= 0.00000E+00
 helium-3= 0.00000E+00    Multiplicity= 0.00000E+00
 alpha   = 0.00000E+00    Multiplicity= 0.00000E+00

 4. Residual production cross sections

   a. Per isotope

   Z   A  nuclide    total     level   isomeric    isomeric    lifetime
                 cross section       cross section  ratio

   14  29 ( 29Si) 1.42056E-01    0    1.42056E-01  1.00000
   14  28 ( 28Si) 4.19174E+02    0    4.19174E+02  1.00000

   b. Per mass

   A  cross section

   29 1.42056E-01
   28 4.19174E+02

 Total residual production cross section:   419.3158875
 Non-elastic cross section              :   419.3480225

 6. Exclusive cross sections

 6a. Total exclusive cross sections 

     Emitted particles     cross section reaction         level    isomeric    isomeric    lifetime relative yield
    n   p   d   t   h   a                                        cross section   ratio
    0   0   0   0   0   0    1.42056E-01  (n,g)                                                     3.38782E-04
    1   0   0   0   0   0    4.19171E+02  (n,n')                                                    9.99661E-01

 Absorption cross section                 :     0.14206

 Sum over exclusive channel cross sections:   419.31302
 (n,gn) + (n,gp) +...(n,ga) cross sections:     0.00287
 Total                                    :   419.31589
 Non-elastic cross section                :   419.34802

 ########## RESULTS FOR E=   2.40000 ##########

 Energy dependent input flags

 Width fluctuations (flagwidth)            : y
 Unresolved resonance parameters (flagurr) : n
 Preequilibrium (flagpreeq)                : n
 Multiple preequilibrium (flagmulpre)      : n
 Number of continuum excitation energy bins: 40

 ########### REACTION SUMMARY FOR E=   2.40000 ###########

 Center-of-mass energy:    2.316

 1. Total (binary) cross sections

 Total           = 3.11118E+03
   Shape elastic   = 1.73200E+03
   Reaction        = 1.37918E+03
     Compound elastic= 8.86580E+02
     Non-elastic     = 4.92600E+02
       Direct          = 3.80876E+01
       Pre-equilibrium = 0.00000E+00
       Compound non-el = 4.54513E+02
     Total elastic   = 2.61858E+03

 2. Binary non-elastic cross sections (non-exclusive)

 gamma   = 1.34315E-01
 neutron = 4.92440E+02
 proton  = 0.00000E+00
 deuteron= 0.00000E+00
 triton  = 0.00000E+00
 helium-3= 0.00000E+00
 alpha   = 0.00000E+00

 3. Total particle production cross sections

 gamma   = 1.62277E-01    Multiplicity= 3.29429E-04
 neutron = 4.92443E+02    Multiplicity= 9.99681E-01
 proton  = 0.00000E+00    Multiplicity= 0.00000E+00
 deuteron= 0.00000E+00    Multiplicity= 0.00000E+00
 triton  = 0.00000E+00    Multiplicity= 0.00000E+00
 helium-3= 0.00000E+00    Multiplicity= 0.00000E+00
 alpha   = 0.00000E+00    Multiplicity= 0.00000E+00

 4. Residual production cross sections

   a. Per isotope

   Z   A  nuclide    total     level   isomeric    isomeric    lifetime
                 cross section       cross section  ratio

   14  29 ( 29Si) 1.30896E-01    0    1.30896E-01  1.00000
   14  28 ( 28Si) 4.92443E+02    0    4.92443E+02  1.00000

   b. Per mass

   A  cross section

   29 1.30896E-01
   28 4.92443E+02

 Total residual production cross section:   492.5743408
 Non-elastic cross section              :   492.6003418

 6. Exclusive cross sections

 6a. Total exclusive cross sections 

     Emitted particles     cross section reaction         level    isomeric    isomeric    lifetime relative yield
    n   p   d   t   h   a                                        cross section   ratio
    0   0   0   0   0   0    1.30896E-01  (n,g)                                                     2.65739E-04
    1   0   0   0   0   0    4.92440E+02  (n,n')                                                    9.99734E-01

 Absorption cross section                 :     0.13090

 Sum over exclusive channel cross sections:   492.57092
 (n,gn) + (n,gp) +...(n,ga) cross sections:     0.00342
 Total                                    :   492.57434
 Non-elastic cross section                :   492.60034

 ########## RESULTS FOR E=   2.60000 ##########

 Energy dependent input flags

 Width fluctuations (flagwidth)            : y
 Unresolved resonance parameters (flagurr) : n
 Preequilibrium (flagpreeq)                : n
 Multiple preequilibrium (flagmulpre)      : n
 Number of continuum excitation energy bins: 40

 ########### REACTION SUMMARY FOR E=   2.60000 ###########

 Center-of-mass energy:    2.509

 1. Total (binary) cross sections

 Total           = 3.03730E+03
   Shape elastic   = 1.67369E+03
   Reaction        = 1.36361E+03
     Compound elastic= 8.26260E+02
     Non-elastic     = 5.37350E+02
       Direct          = 4.58039E+01
       Pre-equilibrium = 0.00000E+00
       Compound non-el = 4.91546E+02
     Total elastic   = 2.49995E+03

 2. Binary non-elastic cross sections (non-exclusive)

 gamma   = 1.32197E-01
 neutron = 5.37197E+02
 proton  = 0.00000E+00
 deuteron= 0.00000E+00
 triton  = 0.00000E+00
 helium-3= 0.00000E+00
 alpha   = 0.00000E+00

 3. Total particle production cross sections

 gamma   = 1.60276E-01    Multiplicity= 2.98271E-04
 neutron = 5.37201E+02    Multiplicity= 9.99723E-01
 proton  = 0.00000E+00    Multiplicity= 0.00000E+00
 deuteron= 0.00000E+00    Multiplicity= 0.00000E+00
 triton  = 0.00000E+00    Multiplicity= 0.00000E+00
 helium-3= 0.00000E+00    Multiplicity= 0.00000E+00
 alpha   = 0.00000E+00    Multiplicity= 0.00000E+00

 4. Residual production cross sections

   a. Per isotope

   Z   A  nuclide    total     level   isomeric    isomeric    lifetime
                 cross section       cross section  ratio

   14  29 ( 29Si) 1.27968E-01    0    1.27968E-01  1.00000
   14  28 ( 28Si) 5.37201E+02    0    5.37201E+02  1.00000

   b. Per mass

   A  cross section

   29 1.27968E-01
   28 5.37201E+02

 Total residual production cross section:   537.3291016
 Non-elastic cross section              :   537.3499146

 6. Exclusive cross sections

 6a. Total exclusive cross sections 

     Emitted particles     cross section reaction         level    isomeric    isomeric    lifetime relative yield
    n   p   d   t   h   a                                        cross section   ratio
    0   0   0   0   0   0    1.27968E-01  (n,g)                                                     2.38158E-04
    1   0   0   0   0   0    5.37197E+02  (n,n')                                                    9.99762E-01

 Absorption cross section                 :     0.12797

 Sum over exclusive channel cross sections:   537.32489
 (n,gn) + (n,gp) +...(n,ga) cross sections:     0.00423
 Total                                    :   537.32910
 Non-elastic cross section                :   537.34991

 ########## RESULTS FOR E=   2.80000 ##########

 Energy dependent input flags

 Width fluctuations (flagwidth)            : y
 Unresolved resonance parameters (flagurr) : n
 Preequilibrium (flagpreeq)                : n
 Multiple preequilibrium (flagmulpre)      : n
 Number of continuum excitation energy bins: 40

 ########### REACTION SUMMARY FOR E=   2.80000 ###########

 Center-of-mass energy:    2.702

 1. Total (binary) cross sections

 Total           = 2.96989E+03
   Shape elastic   = 1.61823E+03
   Reaction        = 1.35166E+03
     Compound elastic= 7.83330E+02
     Non-elastic     = 5.68331E+02
       Direct          = 5.04111E+01
       Pre-equilibrium = 0.00000E+00
       Compound non-el = 5.17919E+02
     Total elastic   = 2.40156E+03

 2. Binary non-elastic cross sections (non-exclusive)

 gamma   = 1.34155E-01
 neutron = 5.68178E+02
 proton  = 0.00000E+00
 deuteron= 0.00000E+00
 triton  = 0.00000E+00
 helium-3= 0.00000E+00
 alpha   = 0.00000E+00

 3. Total particle production cross sections

 gamma   = 1.63363E-01    Multiplicity= 2.87443E-04
 neutron = 5.68183E+02    Multiplicity= 9.99741E-01
 proton  = 0.00000E+00    Multiplicity= 0.00000E+00
 deuteron= 0.00000E+00    Multiplicity= 0.00000E+00
 triton  = 0.00000E+00    Multiplicity= 0.00000E+00
 helium-3= 0.00000E+00    Multiplicity= 0.00000E+00
 alpha   = 0.00000E+00    Multiplicity= 0.00000E+00

 4. Residual production cross sections

   a. Per isotope

   Z   A  nuclide    total     level   isomeric    isomeric    lifetime
                 cross section       cross section  ratio

   14  29 ( 29Si) 1.28899E-01    0    1.28899E-01  1.00000
   14  28 ( 28Si) 5.68183E+02    0    5.68183E+02  1.00000

   b. Per mass

   A  cross section

   29 1.28899E-01
   28 5.68183E+02

 Total residual production cross section:   568.3122559
 Non-elastic cross section              :   568.3305054

 6. Exclusive cross sections

 6a. Total exclusive cross sections 

     Emitted particles     cross section reaction         level    isomeric    isomeric    lifetime relative yield
    n   p   d   t   h   a                                        cross section   ratio
    0   0   0   0   0   0    1.28899E-01  (n,g)                                                     2.26812E-04
    1   0   0   0   0   0    5.68178E+02  (n,n')                                                    9.99773E-01

 Absorption cross section                 :     0.12890

 Sum over exclusive channel cross sections:   568.30701
 (n,gn) + (n,gp) +...(n,ga) cross sections:     0.00526
 Total                                    :   568.31226
 Non-elastic cross section                :   568.33051

 ########## RESULTS FOR E=   3.00000 ##########

 Energy dependent input flags

 Width fluctuations (flagwidth)            : y
 Unresolved resonance parameters (flagurr) : n
 Preequilibrium (flagpreeq)                : n
 Multiple preequilibrium (flagmulpre)      : n
 Number of continuum excitation energy bins: 40

 ########### REACTION SUMMARY FOR E=   3.00000 ###########

 Center-of-mass energy:    2.895

 1. Total (binary) cross sections

 Total           = 2.90728E+03
   Shape elastic   = 1.56462E+03
   Reaction        = 1.34266E+03
     Compound elastic= 7.50678E+02
     Non-elastic     = 5.91982E+02
       Direct          = 5.30191E+01
       Pre-equilibrium = 0.00000E+00
       Compound non-el = 5.38963E+02
     Total elastic   = 2.31530E+03

 2. Binary non-elastic cross sections (non-exclusive)

 gamma   = 1.38677E-01
 neutron = 5.91823E+02
 proton  = 0.00000E+00
 deuteron= 0.00000E+00
 triton  = 0.00000E+00
 helium-3= 0.00000E+00
 alpha   = 0.00000E+00

 3. Total particle production cross sections

 gamma   = 1.69896E-01    Multiplicity= 2.86996E-04
 neutron = 5.91829E+02    Multiplicity= 9.99742E-01
 proton  = 0.00000E+00    Multiplicity= 0.00000E+00
 deuteron= 0.00000E+00    Multiplicity= 0.00000E+00
 triton  = 0.00000E+00    Multiplicity= 0.00000E+00
 helium-3= 0.00000E+00    Multiplicity= 0.00000E+00
 alpha   = 0.00000E+00    Multiplicity= 0.00000E+00

 4. Residual production cross sections

   a. Per isotope

   Z   A  nuclide    total     level   isomeric    isomeric    lifetime
                 cross section       cross section  ratio

   14  29 ( 29Si) 1.32331E-01    0    1.32331E-01  1.00000
   14  28 ( 28Si) 5.91829E+02    0    5.91829E+02  1.00000

   b. Per mass

   A  cross section

   29 1.32331E-01
   28 5.91829E+02

 Total residual production cross section:   591.9615479
 Non-elastic cross section              :   591.9816895

 6. Exclusive cross sections

 6a. Total exclusive cross sections 

     Emitted particles     cross section reaction         level    isomeric    isomeric    lifetime relative yield
    n   p   d   t   h   a                                        cross section   ratio
    0   0   0   0   0   0    1.32331E-01  (n,g)                                                     2.23548E-04
    1   0   0   0   0   0    5.91823E+02  (n,n')                                                    9.99776E-01

 Absorption cross section                 :     0.13233

 Sum over exclusive channel cross sections:   591.95520
 (n,gn) + (n,gp) +...(n,ga) cross sections:     0.00635
 Total                                    :   591.96155
 Non-elastic cross section                :   591.98169

 ########## RESULTS FOR E=   3.20000 ##########

 Energy dependent input flags

 Width fluctuations (flagwidth)            : y
 Unresolved resonance parameters (flagurr) : n
 Preequilibrium (flagpreeq)                : n
 Multiple preequilibrium (flagmulpre)      : n
 Number of continuum excitation energy bins: 40

 ########### REACTION SUMMARY FOR E=   3.20000 ###########

 Center-of-mass energy:    3.088

 1. Total (binary) cross sections

 Total           = 2.81322E+03
   Shape elastic   = 1.48482E+03
   Reaction        = 1.32839E+03
     Compound elastic= 7.21564E+02
     Non-elastic     = 6.06826E+02
       Direct          = 5.41737E+01
       Pre-equilibrium = 0.00000E+00
       Compound non-el = 5.52653E+02
     Total elastic   = 2.20638E+03

 2. Binary non-elastic cross sections (non-exclusive)

 gamma   = 1.44616E-01
 neutron = 6.06671E+02
 proton  = 0.00000E+00
 deuteron= 0.00000E+00
 triton  = 0.00000E+00
 helium-3= 0.00000E+00
 alpha   = 0.00000E+00

 3. Total particle production cross sections

 gamma   = 1.77763E-01    Multiplicity= 2.92939E-04
 neutron = 6.06679E+02    Multiplicity= 9.99758E-01
 proton  = 0.00000E+00    Multiplicity= 0.00000E+00
 deuteron= 0.00000E+00    Multiplicity= 0.00000E+00
 triton  = 0.00000E+00    Multiplicity= 0.00000E+00
 helium-3= 0.00000E+00    Multiplicity= 0.00000E+00
 alpha   = 0.00000E+00    Multiplicity= 0.00000E+00

 4. Residual production cross sections

   a. Per isotope

   Z   A  nuclide    total     level   isomeric    isomeric    lifetime
                 cross section       cross section  ratio

   14  29 ( 29Si) 1.36466E-01    0    1.36466E-01  1.00000
   14  28 ( 28Si) 6.06679E+02    0    6.06679E+02  1.00000

   b. Per mass

   A  cross section

   29 1.36466E-01
   28 6.06679E+02

 Total residual production cross section:   606.8159180
 Non-elastic cross section              :   606.8262939

 6. Exclusive cross sections

 6a. Total exclusive cross sections 

     Emitted particles     cross section reaction         level    isomeric    isomeric    lifetime relative yield
    n   p   d   t   h   a                                        cross section   ratio
    0   0   0   0   0   0    1.36466E-01  (n,g)                                                     2.24892E-04
    1   0   0   0   0   0    6.06671E+02  (n,n')                                                    9.99775E-01

 Absorption cross section                 :     0.13647

 Sum over exclusive channel cross sections:   606.80774
 (n,gn) + (n,gp) +...(n,ga) cross sections:     0.00815
 Total                                    :   606.81592
 Non-elastic cross section                :   606.82629

 ########## RESULTS FOR E=   3.40000 ##########

 Energy dependent input flags

 Width fluctuations (flagwidth)            : y
 Unresolved resonance parameters (flagurr) : n
 Preequilibrium (flagpreeq)                : n
 Multiple preequilibrium (flagmulpre)      : n
 Number of continuum excitation energy bins: 40

 ########### REACTION SUMMARY FOR E=   3.40000 ###########

 Center-of-mass energy:    3.281

 1. Total (binary) cross sections

 Total           = 2.75795E+03
   Shape elastic   = 1.43466E+03
   Reaction        = 1.32329E+03
     Compound elastic= 6.99753E+02
     Non-elastic     = 6.23537E+02
       Direct          = 5.50564E+01
       Pre-equilibrium = 0.00000E+00
       Compound non-el = 5.68481E+02
     Total elastic   = 2.13441E+03

 2. Binary non-elastic cross sections (non-exclusive)

 gamma   = 1.52780E-01
 neutron = 6.23369E+02
 proton  = 0.00000E+00
 deuteron= 0.00000E+00
 triton  = 0.00000E+00
 helium-3= 0.00000E+00
 alpha   = 0.00000E+00

 3. Total particle production cross sections

 gamma   = 1.88696E-01    Multiplicity= 3.02622E-04
 neutron = 6.23379E+02    Multiplicity= 9.99747E-01
 proton  = 0.00000E+00    Multiplicity= 0.00000E+00
 deuteron= 0.00000E+00    Multiplicity= 0.00000E+00
 triton  = 0.00000E+00    Multiplicity= 0.00000E+00
 helium-3= 0.00000E+00    Multiplicity= 0.00000E+00
 alpha   = 0.00000E+00    Multiplicity= 0.00000E+00

 4. Residual production cross sections

   a. Per isotope

   Z   A  nuclide    total     level   isomeric    isomeric    lifetime
                 cross section       cross section  ratio

   14  29 ( 29Si) 1.42471E-01    0    1.42471E-01  1.00000
   14  28 ( 28Si) 6.23379E+02    0    6.23379E+02  1.00000

   b. Per mass

   A  cross section

   29 1.42471E-01
   28 6.23379E+02

 Total residual production cross section:   623.5216064
 Non-elastic cross section              :   623.5371094

 6. Exclusive cross sections

 6a. Total exclusive cross sections 

     Emitted particles     cross section reaction         level    isomeric    isomeric    lifetime relative yield
    n   p   d   t   h   a                                        cross section   ratio
    0   0   0   0   0   0    1.42471E-01  (n,g)                                                     2.28498E-04
    1   0   0   0   0   0    6.23369E+02  (n,n')                                                    9.99772E-01

 Absorption cross section                 :     0.14247

 Sum over exclusive channel cross sections:   623.51129
 (n,gn) + (n,gp) +...(n,ga) cross sections:     0.01031
 Total                                    :   623.52161
 Non-elastic cross section                :   623.53711

 ########## RESULTS FOR E=   3.60000 ##########

 Energy dependent input flags

 Width fluctuations (flagwidth)            : y
 Unresolved resonance parameters (flagurr) : n
 Preequilibrium (flagpreeq)                : n
 Multiple preequilibrium (flagmulpre)      : n
 Number of continuum excitation energy bins: 40

 ########### REACTION SUMMARY FOR E=   3.60000 ###########

 Center-of-mass energy:    3.475

 1. Total (binary) cross sections

 Total           = 2.70541E+03
   Shape elastic   = 1.38600E+03
   Reaction        = 1.31940E+03
     Compound elastic= 6.80932E+02
     Non-elastic     = 6.38468E+02
       Direct          = 5.55933E+01
       Pre-equilibrium = 0.00000E+00
       Compound non-el = 5.82875E+02
     Total elastic   = 2.06693E+03

 2. Binary non-elastic cross sections (non-exclusive)

 gamma   = 1.62155E-01
 neutron = 6.38295E+02
 proton  = 0.00000E+00
 deuteron= 0.00000E+00
 triton  = 0.00000E+00
 helium-3= 0.00000E+00
 alpha   = 0.00000E+00

 3. Total particle production cross sections

 gamma   = 2.01222E-01    Multiplicity= 3.15164E-04
 neutron = 6.38308E+02    Multiplicity= 9.99749E-01
 proton  = 0.00000E+00    Multiplicity= 0.00000E+00
 deuteron= 0.00000E+00    Multiplicity= 0.00000E+00
 triton  = 0.00000E+00    Multiplicity= 0.00000E+00
 helium-3= 0.00000E+00    Multiplicity= 0.00000E+00
 alpha   = 0.00000E+00    Multiplicity= 0.00000E+00

 4. Residual production cross sections

   a. Per isotope

   Z   A  nuclide    total     level   isomeric    isomeric    lifetime
                 cross section       cross section  ratio

   14  29 ( 29Si) 1.49452E-01    0    1.49452E-01  1.00000
   14  28 ( 28Si) 6.38308E+02    0    6.38308E+02  1.00000

   b. Per mass

   A  cross section

   29 1.49452E-01
   28 6.38308E+02

 Total residual production cross section:   638.4570923
 Non-elastic cross section              :   638.4677734

 6. Exclusive cross sections

 6a. Total exclusive cross sections 

     Emitted particles     cross section reaction         level    isomeric    isomeric    lifetime relative yield
    n   p   d   t   h   a                                        cross section   ratio
    0   0   0   0   0   0    1.49452E-01  (n,g)                                                     2.34088E-04
    1   0   0   0   0   0    6.38295E+02  (n,n')                                                    9.99766E-01

 Absorption cross section                 :     0.14945

 Sum over exclusive channel cross sections:   638.44440
 (n,gn) + (n,gp) +...(n,ga) cross sections:     0.01270
 Total                                    :   638.45709
 Non-elastic cross section                :   638.46777

 ########## RESULTS FOR E=   3.80000 ##########

 Energy dependent input flags

 Width fluctuations (flagwidth)            : y
 Unresolved resonance parameters (flagurr) : n
 Preequilibrium (flagpreeq)                : n
 Multiple preequilibrium (flagmulpre)      : n
 Number of continuum excitation energy bins: 40

 ########### REACTION SUMMARY FOR E=   3.80000 ###########

 Center-of-mass energy:    3.668

 1. Total (binary) cross sections

 Total           = 2.65530E+03
   Shape elastic   = 1.33899E+03
   Reaction        = 1.31631E+03
     Compound elastic= 6.64727E+02
     Non-elastic     = 6.51584E+02
       Direct          = 5.59714E+01
       Pre-equilibrium = 0.00000E+00
       Compound non-el = 5.95612E+02
     Total elastic   = 2.00372E+03

 2. Binary non-elastic cross sections (non-exclusive)

 gamma   = 1.73323E-01
 neutron = 6.51398E+02
 proton  = 0.00000E+00
 deuteron= 0.00000E+00
 triton  = 0.00000E+00
 helium-3= 0.00000E+00
 alpha   = 0.00000E+00

 3. Total particle production cross sections

 gamma   = 2.15527E-01    Multiplicity= 3.30774E-04
 neutron = 6.51414E+02    Multiplicity= 9.99739E-01
 proton  = 0.00000E+00    Multiplicity= 0.00000E+00
 deuteron= 0.00000E+00    Multiplicity= 0.00000E+00
 triton  = 0.00000E+00    Multiplicity= 0.00000E+00
 helium-3= 0.00000E+00    Multiplicity= 0.00000E+00
 alpha   = 0.00000E+00    Multiplicity= 0.00000E+00

 4. Residual production cross sections

   a. Per isotope

   Z   A  nuclide    total     level   isomeric    isomeric    lifetime
                 cross section       cross section  ratio

   14  29 ( 29Si) 1.57264E-01    0    1.57264E-01  1.00000
   14  28 ( 28Si) 6.51414E+02    0    6.51414E+02  1.00000

   b. Per mass

   A  cross section

   29 1.57264E-01
   28 6.51414E+02

 Total residual production cross section:   651.5709229
 Non-elastic cross section              :   651.5835571

 6. Exclusive cross sections

 6a. Total exclusive cross sections 

     Emitted particles     cross section reaction         level    isomeric    isomeric    lifetime relative yield
    n   p   d   t   h   a                                        cross section   ratio
    0   0   0   0   0   0    1.57264E-01  (n,g)                                                     2.41367E-04
    1   0   0   0   0   0    6.51398E+02  (n,n')                                                    9.99759E-01

 Absorption cross section                 :     0.15726

 Sum over exclusive channel cross sections:   651.55493
 (n,gn) + (n,gp) +...(n,ga) cross sections:     0.01606
 Total                                    :   651.57098
 Non-elastic cross section                :   651.58356

 ########## RESULTS FOR E=   4.00000 ##########

 Energy dependent input flags

 Width fluctuations (flagwidth)            : y
 Unresolved resonance parameters (flagurr) : n
 Preequilibrium (flagpreeq)                : n
 Multiple preequilibrium (flagmulpre)      : n
 Number of continuum excitation energy bins: 40

 ########### REACTION SUMMARY FOR E=   4.00000 ###########

 Center-of-mass energy:    3.861

 1. Total (binary) cross sections

 Total           = 2.60743E+03
   Shape elastic   = 1.29379E+03
   Reaction        = 1.31364E+03
     Compound elastic= 6.50908E+02
     Non-elastic     = 6.62732E+02
       Direct          = 5.62933E+01
       Pre-equilibrium = 0.00000E+00
       Compound non-el = 6.06439E+02
     Total elastic   = 1.94470E+03

 2. Binary non-elastic cross sections (non-exclusive)

 gamma   = 1.86074E-01
 neutron = 6.62529E+02
 proton  = 0.00000E+00
 deuteron= 0.00000E+00
 triton  = 0.00000E+00
 helium-3= 0.00000E+00
 alpha   = 1.16542E-05

 3. Total particle production cross sections

 gamma   = 2.32486E-01    Multiplicity= 3.50799E-04
 neutron = 6.62549E+02    Multiplicity= 9.99723E-01
 proton  = 0.00000E+00    Multiplicity= 0.00000E+00
 deuteron= 0.00000E+00    Multiplicity= 0.00000E+00
 triton  = 0.00000E+00    Multiplicity= 0.00000E+00
 helium-3= 0.00000E+00    Multiplicity= 0.00000E+00
 alpha   = 1.16542E-05    Multiplicity= 1.75851E-08

 4. Residual production cross sections

   a. Per isotope

   Z   A  nuclide    total     level   isomeric    isomeric    lifetime
                 cross section       cross section  ratio

   14  29 ( 29Si) 1.66632E-01    0    1.66632E-01  1.00000
   14  28 ( 28Si) 6.62549E+02    0    6.62549E+02  1.00000

   b. Per mass

   A  cross section

   29 1.66632E-01
   28 6.62549E+02

 Total residual production cross section:   662.7152100
 Non-elastic cross section              :   662.7321777

 6. Exclusive cross sections

 6a. Total exclusive cross sections 

     Emitted particles     cross section reaction         level    isomeric    isomeric    lifetime relative yield
    n   p   d   t   h   a                                        cross section   ratio
    0   0   0   0   0   0    1.66632E-01  (n,g)                                                     2.51446E-04
    1   0   0   0   0   0    6.62529E+02  (n,n')                                                    9.99749E-01
    0   0   0   0   0   1    1.16542E-05  (n,a)                                                     1.75861E-08

 Absorption cross section                 :     0.16664

 Sum over exclusive channel cross sections:   662.69574
 (n,gn) + (n,gp) +...(n,ga) cross sections:     0.01944
 Total                                    :   662.71521
 Non-elastic cross section                :   662.73218

 ########## RESULTS FOR E=   4.20000 ##########

 Energy dependent input flags

 Width fluctuations (flagwidth)            : y
 Unresolved resonance parameters (flagurr) : n
 Preequilibrium (flagpreeq)                : n
 Multiple preequilibrium (flagmulpre)      : n
 Number of continuum excitation energy bins: 40

 ########### REACTION SUMMARY FOR E=   4.20000 ###########

 Center-of-mass energy:    4.054

 1. Total (binary) cross sections

 Total           = 2.56155E+03
   Shape elastic   = 1.25046E+03
   Reaction        = 1.31109E+03
     Compound elastic= 6.38147E+02
     Non-elastic     = 6.72943E+02
       Direct          = 5.66147E+01
       Pre-equilibrium = 0.00000E+00
       Compound non-el = 6.16329E+02
     Total elastic   = 1.88861E+03

 2. Binary non-elastic cross sections (non-exclusive)

 gamma   = 2.00359E-01
 neutron = 6.72732E+02
 proton  = 0.00000E+00
 deuteron= 0.00000E+00
 triton  = 0.00000E+00
 helium-3= 0.00000E+00
 alpha   = 2.52298E-04

 3. Total particle production cross sections

 gamma   = 2.50808E-01    Multiplicity= 3.72703E-04
 neutron = 6.72756E+02    Multiplicity= 9.99722E-01
 proton  = 0.00000E+00    Multiplicity= 0.00000E+00
 deuteron= 0.00000E+00    Multiplicity= 0.00000E+00
 triton  = 0.00000E+00    Multiplicity= 0.00000E+00
 helium-3= 0.00000E+00    Multiplicity= 0.00000E+00
 alpha   = 2.52298E-04    Multiplicity= 3.74917E-07

 4. Residual production cross sections

   a. Per isotope

   Z   A  nuclide    total     level   isomeric    isomeric    lifetime
                 cross section       cross section  ratio

   14  29 ( 29Si) 1.76244E-01    0    1.76244E-01  1.00000
   14  28 ( 28Si) 6.72756E+02    0    6.72756E+02  1.00000

   b. Per mass

   A  cross section

   29 1.76244E-01
   28 6.72756E+02

 Total residual production cross section:   672.9323120
 Non-elastic cross section              :   672.9434204

 6. Exclusive cross sections

 6a. Total exclusive cross sections 

     Emitted particles     cross section reaction         level    isomeric    isomeric    lifetime relative yield
    n   p   d   t   h   a                                        cross section   ratio
    0   0   0   0   0   0    1.76244E-01  (n,g)                                                     2.61914E-04
    1   0   0   0   0   0    6.72732E+02  (n,n')                                                    9.99738E-01
    0   0   0   0   0   1    2.52298E-04  (n,a)                                                     3.74937E-07

 Absorption cross section                 :     0.17650

 Sum over exclusive channel cross sections:   672.90851
 (n,gn) + (n,gp) +...(n,ga) cross sections:     0.02411
 Total                                    :   672.93262
 Non-elastic cross section                :   672.94342

 ########## RESULTS FOR E=   4.40000 ##########

 Energy dependent input flags

 Width fluctuations (flagwidth)            : y
 Unresolved resonance parameters (flagurr) : n
 Preequilibrium (flagpreeq)                : n
 Multiple preequilibrium (flagmulpre)      : n
 Number of continuum excitation energy bins: 40

 ########### REACTION SUMMARY FOR E=   4.40000 ###########

 Center-of-mass energy:    4.247

 1. Total (binary) cross sections

 Total           = 2.51754E+03
   Shape elastic   = 1.20911E+03
   Reaction        = 1.30843E+03
     Compound elastic= 6.25994E+02
     Non-elastic     = 6.82436E+02
       Direct          = 5.69526E+01
       Pre-equilibrium = 0.00000E+00
       Compound non-el = 6.25483E+02
     Total elastic   = 1.83510E+03

 2. Binary non-elastic cross sections (non-exclusive)

 gamma   = 2.16340E-01
 neutron = 6.82203E+02
 proton  = 2.28758E-03
 deuteron= 0.00000E+00
 triton  = 0.00000E+00
 helium-3= 0.00000E+00
 alpha   = 2.69966E-03

 3. Total particle production cross sections

 gamma   = 2.72101E-01    Multiplicity= 3.98720E-04
 neutron = 6.82231E+02    Multiplicity= 9.99700E-01
 proton  = 2.28758E-03    Multiplicity= 3.35208E-06
 deuteron= 0.00000E+00    Multiplicity= 0.00000E+00
 triton  = 0.00000E+00    Multiplicity= 0.00000E+00
 helium-3= 0.00000E+00    Multiplicity= 0.00000E+00
 alpha   = 2.69966E-03    Multiplicity= 3.95591E-06

 4. Residual production cross sections

   a. Per isotope

   Z   A  nuclide    total     level   isomeric    isomeric    lifetime
                 cross section       cross section  ratio

   14  29 ( 29Si) 1.87543E-01    0    1.87543E-01  1.00000
   14  28 ( 28Si) 6.82231E+02    0    6.82231E+02  1.00000
   13  28 ( 28Al) 2.28758E-03    0    2.28758E-03  1.00000
   12  25 ( 25Mg) 2.69966E-03    0    2.69966E-03  1.00000

   b. Per mass

   A  cross section

   29 1.87543E-01
   28 6.82234E+02
   25 2.69966E-03

 Total residual production cross section:   682.4239502
 Non-elastic cross section              :   682.4357910

 6. Exclusive cross sections

 6a. Total exclusive cross sections 

     Emitted particles     cross section reaction         level    isomeric    isomeric    lifetime relative yield
    n   p   d   t   h   a                                        cross section   ratio
    0   0   0   0   0   0    1.87543E-01  (n,g)                                                     2.74830E-04
    1   0   0   0   0   0    6.82203E+02  (n,n')                                                    9.99718E-01
    0   1   0   0   0   0    2.28758E-03  (n,p)                                                     3.35228E-06
    0   0   0   0   0   1    2.69966E-03  (n,a)                                                     3.95615E-06

 Absorption cross section                 :     0.19253

 Sum over exclusive channel cross sections:   682.39514
 (n,gn) + (n,gp) +...(n,ga) cross sections:     0.02880
 Total                                    :   682.42395
 Non-elastic cross section                :   682.43579

 ########## RESULTS FOR E=   4.60000 ##########

 Energy dependent input flags

 Width fluctuations (flagwidth)            : y
 Unresolved resonance parameters (flagurr) : n
 Preequilibrium (flagpreeq)                : n
 Multiple preequilibrium (flagmulpre)      : n
 Number of continuum excitation energy bins: 40

 ########### REACTION SUMMARY FOR E=   4.60000 ###########

 Center-of-mass energy:    4.440

 1. Total (binary) cross sections

 Total           = 2.47529E+03
   Shape elastic   = 1.16980E+03
   Reaction        = 1.30548E+03
     Compound elastic= 6.14226E+02
     Non-elastic     = 6.91254E+02
       Direct          = 5.73014E+01
       Pre-equilibrium = 0.00000E+00
       Compound non-el = 6.33953E+02
     Total elastic   = 1.78403E+03

 2. Binary non-elastic cross sections (non-exclusive)

 gamma   = 2.34160E-01
 neutron = 6.90898E+02
 proton  = 9.10163E-02
 deuteron= 0.00000E+00
 triton  = 0.00000E+00
 helium-3= 0.00000E+00
 alpha   = 1.78033E-02

 3. Total particle production cross sections

 gamma   = 2.95276E-01    Multiplicity= 4.27159E-04
 neutron = 6.90933E+02    Multiplicity= 9.99535E-01
 proton  = 9.10163E-02    Multiplicity= 1.31668E-04
 deuteron= 0.00000E+00    Multiplicity= 0.00000E+00
 triton  = 0.00000E+00    Multiplicity= 0.00000E+00
 helium-3= 0.00000E+00    Multiplicity= 0.00000E+00
 alpha   = 1.78033E-02    Multiplicity= 2.57550E-05

 4. Residual production cross sections

   a. Per isotope

   Z   A  nuclide    total     level   isomeric    isomeric    lifetime
                 cross section       cross section  ratio

   14  29 ( 29Si) 1.99290E-01    0    1.99290E-01  1.00000
   14  28 ( 28Si) 6.90933E+02    0    6.90933E+02  1.00000
   13  28 ( 28Al) 9.10163E-02    0    9.10163E-02  1.00000
   12  25 ( 25Mg) 1.78033E-02    0    1.78033E-02  1.00000

   b. Per mass

   A  cross section

   29 1.99290E-01
   28 6.91024E+02
   25 1.78033E-02

 Total residual production cross section:   691.2410278
 Non-elastic cross section              :   691.2541504

 6. Exclusive cross sections

 6a. Total exclusive cross sections 

     Emitted particles     cross section reaction         level    isomeric    isomeric    lifetime relative yield
    n   p   d   t   h   a                                        cross section   ratio
    0   0   0   0   0   0    1.99290E-01  (n,g)                                                     2.88322E-04
    1   0   0   0   0   0    6.90898E+02  (n,n')                                                    9.99554E-01
    0   1   0   0   0   0    9.10163E-02  (n,p)                                                     1.31678E-04
    0   0   0   0   0   1    1.78033E-02  (n,a)                                                     2.57568E-05

 Absorption cross section                 :     0.30811

 Sum over exclusive channel cross sections:   691.20612
 (n,gn) + (n,gp) +...(n,ga) cross sections:     0.03487
 Total                                    :   691.24097
 Non-elastic cross section                :   691.25415

 ########## RESULTS FOR E=   4.80000 ##########

 Energy dependent input flags

 Width fluctuations (flagwidth)            : y
 Unresolved resonance parameters (flagurr) : n
 Preequilibrium (flagpreeq)                : n
 Multiple preequilibrium (flagmulpre)      : n
 Number of continuum excitation energy bins: 40

 ########### REACTION SUMMARY FOR E=   4.80000 ###########

 Center-of-mass energy:    4.633

 1. Total (binary) cross sections

 Total           = 2.43455E+03
   Shape elastic   = 1.13286E+03
   Reaction        = 1.30169E+03
     Compound elastic= 5.99324E+02
     Non-elastic     = 7.02366E+02
       Direct          = 5.76313E+01
       Pre-equilibrium = 0.00000E+00
       Compound non-el = 6.44735E+02
     Total elastic   = 1.73218E+03

 2. Binary non-elastic cross sections (non-exclusive)

 gamma   = 2.45735E-01
 neutron = 7.01210E+02
 proton  = 8.20149E-01
 deuteron= 0.00000E+00
 triton  = 0.00000E+00
 helium-3= 0.00000E+00
 alpha   = 8.10290E-02

 3. Total particle production cross sections

 gamma   = 3.09592E-01    Multiplicity= 4.40785E-04
 neutron = 7.01250E+02    Multiplicity= 9.98410E-01
 proton  = 8.20149E-01    Multiplicity= 1.16769E-03
 deuteron= 0.00000E+00    Multiplicity= 0.00000E+00
 triton  = 0.00000E+00    Multiplicity= 0.00000E+00
 helium-3= 0.00000E+00    Multiplicity= 0.00000E+00
 alpha   = 8.10290E-02    Multiplicity= 1.15366E-04

 4. Residual production cross sections

   a. Per isotope

   Z   A  nuclide    total     level   isomeric    isomeric    lifetime
                 cross section       cross section  ratio

   14  29 ( 29Si) 2.05790E-01    0    2.05790E-01  1.00000
   14  28 ( 28Si) 7.01249E+02    0    7.01249E+02  1.00000
   13  28 ( 28Al) 8.20149E-01    0    8.20149E-01  1.00000
   12  25 ( 25Mg) 8.10290E-02    0    8.10290E-02  1.00000

   b. Per mass

   A  cross section

   29 2.05790E-01
   28 7.02070E+02
   25 8.10290E-02

 Total residual production cross section:   702.3563843
 Non-elastic cross section              :   702.3661499

 6. Exclusive cross sections

 6a. Total exclusive cross sections 

     Emitted particles     cross section reaction         level    isomeric    isomeric    lifetime relative yield
    n   p   d   t   h   a                                        cross section   ratio
    0   0   0   0   0   0    2.05790E-01  (n,g)                                                     2.93016E-04
    1   0   0   0   0   0    7.01209E+02  (n,n')                                                    9.98424E-01
    0   1   0   0   0   0    8.20149E-01  (n,p)                                                     1.16778E-03
    0   0   0   0   0   1    8.10290E-02  (n,a)                                                     1.15374E-04

 Absorption cross section                 :     1.10697

 Sum over exclusive channel cross sections:   702.31647
 (n,gn) + (n,gp) +...(n,ga) cross sections:     0.03994
 Total                                    :   702.35638
 Non-elastic cross section                :   702.36615

 ########## RESULTS FOR E=   5.00000 ##########

 Energy dependent input flags

 Width fluctuations (flagwidth)            : y
 Unresolved resonance parameters (flagurr) : n
 Preequilibrium (flagpreeq)                : n
 Multiple preequilibrium (flagmulpre)      : n
 Number of continuum excitation energy bins: 40

 ########### REACTION SUMMARY FOR E=   5.00000 ###########

 Center-of-mass energy:    4.826

 1. Total (binary) cross sections

 Total           = 2.39577E+03
   Shape elastic   = 1.09744E+03
   Reaction        = 1.29833E+03
     Compound elastic= 5.65974E+02
     Non-elastic     = 7.32356E+02
       Direct          = 5.80365E+01
       Pre-equilibrium = 0.00000E+00
       Compound non-el = 6.74319E+02
     Total elastic   = 1.66341E+03

 2. Binary non-elastic cross sections (non-exclusive)

 gamma   = 2.45870E-01
 neutron = 7.28466E+02
 proton  = 3.35600E+00
 deuteron= 0.00000E+00
 triton  = 0.00000E+00
 helium-3= 0.00000E+00
 alpha   = 2.80335E-01

 3. Total particle production cross sections

 gamma   = 3.08442E-01    Multiplicity= 4.21164E-04
 neutron = 7.28510E+02    Multiplicity= 9.94749E-01
 proton  = 3.35600E+00    Multiplicity= 4.58247E-03
 deuteron= 0.00000E+00    Multiplicity= 0.00000E+00
 triton  = 0.00000E+00    Multiplicity= 0.00000E+00
 helium-3= 0.00000E+00    Multiplicity= 0.00000E+00
 alpha   = 2.80335E-01    Multiplicity= 3.82786E-04

 4. Residual production cross sections

   a. Per isotope

   Z   A  nuclide    total     level   isomeric    isomeric    lifetime
                 cross section       cross section  ratio

   14  29 ( 29Si) 2.01988E-01    0    2.01988E-01  1.00000
   14  28 ( 28Si) 7.28510E+02    0    7.28510E+02  1.00000
   13  28 ( 28Al) 3.35600E+00    0    3.35600E+00  1.00000
   12  25 ( 25Mg) 2.80335E-01    0    2.80335E-01  1.00000

   b. Per mass

   A  cross section

   29 2.01988E-01
   28 7.31866E+02
   25 2.80335E-01

 Total residual production cross section:   732.3483276
 Non-elastic cross section              :   732.3555298

 6. Exclusive cross sections

 6a. Total exclusive cross sections 

     Emitted particles     cross section reaction         level    isomeric    isomeric    lifetime relative yield
    n   p   d   t   h   a                                        cross section   ratio
    0   0   0   0   0   0    2.01988E-01  (n,g)                                                     2.75825E-04
    1   0   0   0   0   0    7.28466E+02  (n,n')                                                    9.94759E-01
    0   1   0   0   0   0    3.35600E+00  (n,p)                                                     4.58279E-03
    0   0   0   0   0   1    2.80335E-01  (n,a)                                                     3.82813E-04

 Absorption cross section                 :     3.83832

 Sum over exclusive channel cross sections:   732.30444
 (n,gn) + (n,gp) +...(n,ga) cross sections:     0.04388
 Total                                    :   732.34833
 Non-elastic cross section                :   732.35553

 ########## RESULTS FOR E=   5.20000 ##########

 Energy dependent input flags

 Width fluctuations (flagwidth)            : y
 Unresolved resonance parameters (flagurr) : n
 Preequilibrium (flagpreeq)                : n
 Multiple preequilibrium (flagmulpre)      : n
 Number of continuum excitation energy bins: 40

 ########### REACTION SUMMARY FOR E=   5.20000 ###########

 Center-of-mass energy:    5.019

 1. Total (binary) cross sections

 Total           = 2.35857E+03
   Shape elastic   = 1.06442E+03
   Reaction        = 1.29415E+03
     Compound elastic= 5.34018E+02
     Non-elastic     = 7.60132E+02
       Direct          = 5.85847E+01
       Pre-equilibrium = 0.00000E+00
       Compound non-el = 7.01548E+02
     Total elastic   = 1.59844E+03

 2. Binary non-elastic cross sections (non-exclusive)

 gamma   = 2.53315E-01
 neutron = 7.49564E+02
 proton  = 9.50274E+00
 deuteron= 0.00000E+00
 triton  = 0.00000E+00
 helium-3= 0.00000E+00
 alpha   = 8.09855E-01

 3. Total particle production cross sections

 gamma   = 3.18191E-01    Multiplicity= 4.18599E-04
 neutron = 7.49613E+02    Multiplicity= 9.86161E-01
 proton  = 9.50274E+00    Multiplicity= 1.25014E-02
 deuteron= 0.00000E+00    Multiplicity= 0.00000E+00
 triton  = 0.00000E+00    Multiplicity= 0.00000E+00
 helium-3= 0.00000E+00    Multiplicity= 0.00000E+00
 alpha   = 8.09855E-01    Multiplicity= 1.06541E-03

 4. Residual production cross sections

   a. Per isotope

   Z   A  nuclide    total     level   isomeric    isomeric    lifetime
                 cross section       cross section  ratio

   14  29 ( 29Si) 2.04200E-01    0    2.04200E-01  1.00000
   14  28 ( 28Si) 7.49613E+02    0    7.49613E+02  1.00000
   13  28 ( 28Al) 9.50274E+00    0    9.50274E+00  1.00000
   12  25 ( 25Mg) 8.09855E-01    0    8.09855E-01  1.00000

   b. Per mass

   A  cross section

   29 2.04200E-01
   28 7.59116E+02
   25 8.09855E-01

 Total residual production cross section:   760.1297607
 Non-elastic cross section              :   760.1323242

 6. Exclusive cross sections

 6a. Total exclusive cross sections 

     Emitted particles     cross section reaction         level    isomeric    isomeric    lifetime relative yield
    n   p   d   t   h   a                                        cross section   ratio
    0   0   0   0   0   0    2.04200E-01  (n,g)                                                     2.68656E-04
    1   0   0   0   0   0    7.49564E+02  (n,n')                                                    9.86163E-01
    0   1   0   0   0   0    9.50274E+00  (n,p)                                                     1.25023E-02
    0   0   0   0   0   1    8.09855E-01  (n,a)                                                     1.06549E-03

 Absorption cross section                 :    10.51680

 Sum over exclusive channel cross sections:   760.08069
 (n,gn) + (n,gp) +...(n,ga) cross sections:     0.04911
 Total                                    :   760.12982
 Non-elastic cross section                :   760.13232

 ########## RESULTS FOR E=   5.40000 ##########

 Energy dependent input flags

 Width fluctuations (flagwidth)            : y
 Unresolved resonance parameters (flagurr) : n
 Preequilibrium (flagpreeq)                : n
 Multiple preequilibrium (flagmulpre)      : n
 Number of continuum excitation energy bins: 40

 ########### REACTION SUMMARY FOR E=   5.40000 ###########

 Center-of-mass energy:    5.212

 1. Total (binary) cross sections

 Total           = 2.32283E+03
   Shape elastic   = 1.03341E+03
   Reaction        = 1.28942E+03
     Compound elastic= 4.96928E+02
     Non-elastic     = 7.92492E+02
       Direct          = 5.91930E+01
       Pre-equilibrium = 0.00000E+00
       Compound non-el = 7.33299E+02
     Total elastic   = 1.53034E+03

 2. Binary non-elastic cross sections (non-exclusive)

 gamma   = 2.57255E-01
 neutron = 7.69525E+02
 proton  = 2.07066E+01
 deuteron= 0.00000E+00
 triton  = 0.00000E+00
 helium-3= 0.00000E+00
 alpha   = 1.99438E+00

 3. Total particle production cross sections

 gamma   = 3.25504E-01    Multiplicity= 4.10734E-04
 neutron = 7.69579E+02    Multiplicity= 9.71087E-01
 proton  = 2.07066E+01    Multiplicity= 2.61284E-02
 deuteron= 0.00000E+00    Multiplicity= 0.00000E+00
 triton  = 0.00000E+00    Multiplicity= 0.00000E+00
 helium-3= 0.00000E+00    Multiplicity= 0.00000E+00
 alpha   = 1.99438E+00    Multiplicity= 2.51660E-03

 4. Residual production cross sections

   a. Per isotope

   Z   A  nuclide    total     level   isomeric    isomeric    lifetime
                 cross section       cross section  ratio

   14  29 ( 29Si) 2.03466E-01    0    2.03466E-01  1.00000
   14  28 ( 28Si) 7.69579E+02    0    7.69579E+02  1.00000
   13  28 ( 28Al) 2.07066E+01    0    2.07066E+01  1.00000
   12  25 ( 25Mg) 1.99438E+00    0    1.99438E+00  1.00000

   b. Per mass

   A  cross section

   29 2.03466E-01
   28 7.90285E+02
   25 1.99438E+00

 Total residual production cross section:   792.4830322
 Non-elastic cross section              :   792.4921875

 6. Exclusive cross sections

 6a. Total exclusive cross sections 

     Emitted particles     cross section reaction         level    isomeric    isomeric    lifetime relative yield
    n   p   d   t   h   a                                        cross section   ratio
    0   0   0   0   0   0    2.03466E-01  (n,g)                                                     2.56763E-04
    1   0   0   0   0   0    7.69525E+02  (n,n')                                                    9.71096E-01
    0   1   0   0   0   0    2.07066E+01  (n,p)                                                     2.61305E-02
    0   0   0   0   0   1    1.99438E+00  (n,a)                                                     2.51680E-03

 Absorption cross section                 :    22.90442

 Sum over exclusive channel cross sections:   792.42932
 (n,gn) + (n,gp) +...(n,ga) cross sections:     0.05379
 Total                                    :   792.48309
 Non-elastic cross section                :   792.49219

 ########## RESULTS FOR E=   5.60000 ##########

 Energy dependent input flags

 Width fluctuations (flagwidth)            : y
 Unresolved resonance parameters (flagurr) : n
 Preequilibrium (flagpreeq)                : n
 Multiple preequilibrium (flagmulpre)      : n
 Number of continuum excitation energy bins: 40

 ########### REACTION SUMMARY FOR E=   5.60000 ###########

 Center-of-mass energy:    5.405

 1. Total (binary) cross sections

 Total           = 2.28853E+03
   Shape elastic   = 1.00437E+03
   Reaction        = 1.28416E+03
     Compound elastic= 4.66308E+02
     Non-elastic     = 8.17852E+02
       Direct          = 5.98095E+01
       Pre-equilibrium = 0.00000E+00
       Compound non-el = 7.58043E+02
     Total elastic   = 1.47068E+03

 2. Binary non-elastic cross sections (non-exclusive)

 gamma   = 2.65171E-01
 neutron = 7.75200E+02
 proton  = 3.80295E+01
 deuteron= 0.00000E+00
 triton  = 0.00000E+00
 helium-3= 0.00000E+00
 alpha   = 4.34968E+00

 3. Total particle production cross sections

 gamma   = 3.36358E-01    Multiplicity= 4.11269E-04
 neutron = 7.75261E+02    Multiplicity= 9.47923E-01
 proton  = 3.80295E+01    Multiplicity= 4.64992E-02
 deuteron= 0.00000E+00    Multiplicity= 0.00000E+00
 triton  = 0.00000E+00    Multiplicity= 0.00000E+00
 helium-3= 0.00000E+00    Multiplicity= 0.00000E+00
 alpha   = 4.34968E+00    Multiplicity= 5.31842E-03

 4. Residual production cross sections

   a. Per isotope

   Z   A  nuclide    total     level   isomeric    isomeric    lifetime
                 cross section       cross section  ratio

   14  29 ( 29Si) 2.04392E-01    0    2.04392E-01  1.00000
   14  28 ( 28Si) 7.75261E+02    0    7.75261E+02  1.00000
   13  28 ( 28Al) 3.80295E+01    0    3.80295E+01  1.00000
   12  25 ( 25Mg) 4.34968E+00    0    4.34968E+00  1.00000

   b. Per mass

   A  cross section

   29 2.04392E-01
   28 8.13290E+02
   25 4.34968E+00

 Total residual production cross section:   817.8442993
 Non-elastic cross section              :   817.8524170

 6. Exclusive cross sections

 6a. Total exclusive cross sections 

     Emitted particles     cross section reaction         level    isomeric    isomeric    lifetime relative yield
    n   p   d   t   h   a                                        cross section   ratio
    0   0   0   0   0   0    2.04392E-01  (n,g)                                                     2.49934E-04
    1   0   0   0   0   0    7.75200E+02  (n,n')                                                    9.47928E-01
    0   1   0   0   0   0    3.80294E+01  (n,p)                                                     4.65031E-02
    0   0   0   0   0   1    4.34968E+00  (n,a)                                                     5.31887E-03

 Absorption cross section                 :    42.58352

 Sum over exclusive channel cross sections:   817.78351
 (n,gn) + (n,gp) +...(n,ga) cross sections:     0.06078
 Total                                    :   817.84430
 Non-elastic cross section                :   817.85242

 ########## RESULTS FOR E=   5.80000 ##########

 Energy dependent input flags

 Width fluctuations (flagwidth)            : y
 Unresolved resonance parameters (flagurr) : n
 Preequilibrium (flagpreeq)                : n
 Multiple preequilibrium (flagmulpre)      : n
 Number of continuum excitation energy bins: 40

 ########### REACTION SUMMARY FOR E=   5.80000 ###########

 Center-of-mass energy:    5.598

 1. Total (binary) cross sections

 Total           = 2.25563E+03
   Shape elastic   = 9.77204E+02
   Reaction        = 1.27843E+03
     Compound elastic= 4.38269E+02
     Non-elastic     = 8.40161E+02
       Direct          = 6.04007E+01
       Pre-equilibrium = 0.00000E+00
       Compound non-el = 7.79760E+02
     Total elastic   = 1.41547E+03

 2. Binary non-elastic cross sections (non-exclusive)

 gamma   = 2.75069E-01
 neutron = 7.69983E+02
 proton  = 6.13747E+01
 deuteron= 0.00000E+00
 triton  = 0.00000E+00
 helium-3= 0.00000E+00
 alpha   = 8.52399E+00

 3. Total particle production cross sections

 gamma   = 3.50058E-01    Multiplicity= 4.16656E-04
 neutron = 7.70051E+02    Multiplicity= 9.16552E-01
 proton  = 6.13748E+01    Multiplicity= 7.30512E-02
 deuteron= 0.00000E+00    Multiplicity= 0.00000E+00
 triton  = 0.00000E+00    Multiplicity= 0.00000E+00
 helium-3= 0.00000E+00    Multiplicity= 0.00000E+00
 alpha   = 8.52399E+00    Multiplicity= 1.01457E-02

 4. Residual production cross sections

   a. Per isotope

   Z   A  nuclide    total     level   isomeric    isomeric    lifetime
                 cross section       cross section  ratio

   14  29 ( 29Si) 2.07141E-01    0    2.07141E-01  1.00000
   14  28 ( 28Si) 7.70051E+02    0    7.70051E+02  1.00000
   13  28 ( 28Al) 6.13748E+01    0    6.13748E+01  1.00000
   12  25 ( 25Mg) 8.52399E+00    0    8.52399E+00  1.00000

   b. Per mass

   A  cross section

   29 2.07141E-01
   28 8.31426E+02
   25 8.52399E+00

 Total residual production cross section:   840.1569214
 Non-elastic cross section              :   840.1611328

 6. Exclusive cross sections

 6a. Total exclusive cross sections 

     Emitted particles     cross section reaction         level    isomeric    isomeric    lifetime relative yield
    n   p   d   t   h   a                                        cross section   ratio
    0   0   0   0   0   0    2.07141E-01  (n,g)                                                     2.46570E-04
    1   0   0   0   0   0    7.69983E+02  (n,n')                                                    9.16549E-01
    0   1   0   0   0   0    6.13748E+01  (n,p)                                                     7.30575E-02
    0   0   0   0   0   1    8.52399E+00  (n,a)                                                     1.01465E-02

 Absorption cross section                 :    70.10589

 Sum over exclusive channel cross sections:   840.08893
 (n,gn) + (n,gp) +...(n,ga) cross sections:     0.06793
 Total                                    :   840.15686
 Non-elastic cross section                :   840.16113

 ########## RESULTS FOR E=   6.00000 ##########

 Energy dependent input flags

 Width fluctuations (flagwidth)            : y
 Unresolved resonance parameters (flagurr) : n
 Preequilibrium (flagpreeq)                : n
 Multiple preequilibrium (flagmulpre)      : n
 Number of continuum excitation energy bins: 40

 ########### REACTION SUMMARY FOR E=   6.00000 ###########

 Center-of-mass energy:    5.791

 1. Total (binary) cross sections

 Total           = 2.22415E+03
   Shape elastic   = 9.51836E+02
   Reaction        = 1.27231E+03
     Compound elastic= 4.10775E+02
     Non-elastic     = 8.61535E+02
       Direct          = 6.09437E+01
       Pre-equilibrium = 0.00000E+00
       Compound non-el = 8.00592E+02
     Total elastic   = 1.36261E+03

 2. Binary non-elastic cross sections (non-exclusive)

 gamma   = 2.85384E-01
 neutron = 7.56561E+02
 proton  = 8.94848E+01
 deuteron= 0.00000E+00
 triton  = 0.00000E+00
 helium-3= 0.00000E+00
 alpha   = 1.52017E+01

 3. Total particle production cross sections

 gamma   = 3.65189E-01    Multiplicity= 4.23882E-04
 neutron = 7.56635E+02    Multiplicity= 8.78241E-01
 proton  = 8.94848E+01    Multiplicity= 1.03867E-01
 deuteron= 0.00000E+00    Multiplicity= 0.00000E+00
 triton  = 0.00000E+00    Multiplicity= 0.00000E+00
 helium-3= 0.00000E+00    Multiplicity= 0.00000E+00
 alpha   = 1.52017E+01    Multiplicity= 1.76449E-02

 4. Residual production cross sections

   a. Per isotope

   Z   A  nuclide    total     level   isomeric    isomeric    lifetime
                 cross section       cross section  ratio

   14  29 ( 29Si) 2.10794E-01    0    2.10794E-01  1.00000
   14  28 ( 28Si) 7.56635E+02    0    7.56635E+02  1.00000
   13  28 ( 28Al) 8.94848E+01    0    8.94848E+01  1.00000
   12  25 ( 25Mg) 1.52017E+01    0    1.52017E+01  1.00000

   b. Per mass

   A  cross section

   29 2.10794E-01
   28 8.46120E+02
   25 1.52017E+01

 Total residual production cross section:   861.5326538
 Non-elastic cross section              :   861.5353394

 6. Exclusive cross sections

 6a. Total exclusive cross sections 

     Emitted particles     cross section reaction         level    isomeric    isomeric    lifetime relative yield
    n   p   d   t   h   a                                        cross section   ratio
    0   0   0   0   0   0    2.10794E-01  (n,g)                                                     2.44694E-04
    1   0   0   0   0   0    7.56561E+02  (n,n')                                                    8.78233E-01
    0   1   0   0   0   0    8.94848E+01  (n,p)                                                     1.03876E-01
    0   0   0   0   0   1    1.52017E+01  (n,a)                                                     1.76465E-02

 Absorption cross section                 :   104.89734

 Sum over exclusive channel cross sections:   861.45813
 (n,gn) + (n,gp) +...(n,ga) cross sections:     0.07459
 Total                                    :   861.53271
 Non-elastic cross section                :   861.53534

 ########## RESULTS FOR E=   6.20000 ##########

 Energy dependent input flags

 Width fluctuations (flagwidth)            : y
 Unresolved resonance parameters (flagurr) : n
 Preequilibrium (flagpreeq)                : n
 Multiple preequilibrium (flagmulpre)      : n
 Number of continuum excitation energy bins: 40

 ########### REACTION SUMMARY FOR E=   6.20000 ###########

 Center-of-mass energy:    5.984

 1. Total (binary) cross sections

 Total           = 2.19407E+03
   Shape elastic   = 9.28179E+02
   Reaction        = 1.26589E+03
     Compound elastic= 3.83292E+02
     Non-elastic     = 8.82598E+02
       Direct          = 6.14228E+01
       Pre-equilibrium = 0.00000E+00
       Compound non-el = 8.21175E+02
     Total elastic   = 1.31147E+03

 2. Binary non-elastic cross sections (non-exclusive)

 gamma   = 2.95362E-01
 neutron = 7.37049E+02
 proton  = 1.20303E+02
 deuteron= 0.00000E+00
 triton  = 0.00000E+00
 helium-3= 0.00000E+00
 alpha   = 2.49452E+01

 3. Total particle production cross sections

 gamma   = 3.77950E-01    Multiplicity= 4.28224E-04
 neutron = 7.37132E+02    Multiplicity= 8.35184E-01
 proton  = 1.20303E+02    Multiplicity= 1.36305E-01
 deuteron= 0.00000E+00    Multiplicity= 0.00000E+00
 triton  = 0.00000E+00    Multiplicity= 0.00000E+00
 helium-3= 0.00000E+00    Multiplicity= 0.00000E+00
 alpha   = 2.49452E+01    Multiplicity= 2.82634E-02

 4. Residual production cross sections

   a. Per isotope

   Z   A  nuclide    total     level   isomeric    isomeric    lifetime
                 cross section       cross section  ratio

   14  29 ( 29Si) 2.12007E-01    0    2.12007E-01  1.00000
   14  28 ( 28Si) 7.37132E+02    0    7.37132E+02  1.00000
   13  28 ( 28Al) 1.20303E+02    0    1.20303E+02  1.00000
   12  25 ( 25Mg) 2.49452E+01    0    2.49452E+01  1.00000

   b. Per mass

   A  cross section

   29 2.12007E-01
   28 8.57435E+02
   25 2.49452E+01

 Total residual production cross section:   882.5917969
 Non-elastic cross section              :   882.5979004

 6. Exclusive cross sections

 6a. Total exclusive cross sections 

     Emitted particles     cross section reaction         level    isomeric    isomeric    lifetime relative yield
    n   p   d   t   h   a                                        cross section   ratio
    0   0   0   0   0   0    2.12007E-01  (n,g)                                                     2.40232E-04
    1   0   0   0   0   0    7.37049E+02  (n,n')                                                    8.35175E-01
    0   1   0   0   0   0    1.20303E+02  (n,p)                                                     1.36319E-01
    0   0   0   0   0   1    2.49452E+01  (n,a)                                                     2.82663E-02

 Absorption cross section                 :   145.45985

 Sum over exclusive channel cross sections:   882.50848
 (n,gn) + (n,gp) +...(n,ga) cross sections:     0.08336
 Total                                    :   882.59186
 Non-elastic cross section                :   882.59790

 ########## RESULTS FOR E=   6.40000 ##########

 Energy dependent input flags

 Width fluctuations (flagwidth)            : y
 Unresolved resonance parameters (flagurr) : n
 Preequilibrium (flagpreeq)                : n
 Multiple preequilibrium (flagmulpre)      : n
 Number of continuum excitation energy bins: 40

 ########### REACTION SUMMARY FOR E=   6.40000 ###########

 Center-of-mass energy:    6.177

 1. Total (binary) cross sections

 Total           = 2.16540E+03
   Shape elastic   = 9.06147E+02
   Reaction        = 1.25925E+03
     Compound elastic= 3.55875E+02
     Non-elastic     = 9.03375E+02
       Direct          = 6.18277E+01
       Pre-equilibrium = 0.00000E+00
       Compound non-el = 8.41547E+02
     Total elastic   = 1.26202E+03

 2. Binary non-elastic cross sections (non-exclusive)

 gamma   = 3.04723E-01
 neutron = 7.13185E+02
 proton  = 1.51856E+02
 deuteron= 0.00000E+00
 triton  = 0.00000E+00
 helium-3= 0.00000E+00
 alpha   = 3.80264E+01

 3. Total particle production cross sections

 gamma   = 3.90511E-01    Multiplicity= 4.32280E-04
 neutron = 7.13277E+02    Multiplicity= 7.89569E-01
 proton  = 1.51856E+02    Multiplicity= 1.68098E-01
 deuteron= 0.00000E+00    Multiplicity= 0.00000E+00
 triton  = 0.00000E+00    Multiplicity= 0.00000E+00
 helium-3= 0.00000E+00    Multiplicity= 0.00000E+00
 alpha   = 3.80264E+01    Multiplicity= 4.20937E-02

 4. Residual production cross sections

   a. Per isotope

   Z   A  nuclide    total     level   isomeric    isomeric    lifetime
                 cross section       cross section  ratio

   14  29 ( 29Si) 2.13105E-01    0    2.13105E-01  1.00000
   14  28 ( 28Si) 7.13277E+02    0    7.13277E+02  1.00000
   13  28 ( 28Al) 1.51856E+02    0    1.51856E+02  1.00000
   12  25 ( 25Mg) 3.80264E+01    0    3.80264E+01  1.00000

   b. Per mass

   A  cross section

   29 2.13105E-01
   28 8.65132E+02
   25 3.80264E+01

 Total residual production cross section:   903.3717651
 Non-elastic cross section              :   903.3750000

 6. Exclusive cross sections

 6a. Total exclusive cross sections 

     Emitted particles     cross section reaction         level    isomeric    isomeric    lifetime relative yield
    n   p   d   t   h   a                                        cross section   ratio
    0   0   0   0   0   0    2.13105E-01  (n,g)                                                     2.35924E-04
    1   0   0   0   0   0    7.13185E+02  (n,n')                                                    7.89550E-01
    0   1   0   0   0   0    1.51856E+02  (n,p)                                                     1.68116E-01
    0   0   0   0   0   1    3.80264E+01  (n,a)                                                     4.20981E-02

 Absorption cross section                 :   190.09509

 Sum over exclusive channel cross sections:   903.28015
 (n,gn) + (n,gp) +...(n,ga) cross sections:     0.09162
 Total                                    :   903.37177
 Non-elastic cross section                :   903.37500

 ########## RESULTS FOR E=   6.60000 ##########

 Energy dependent input flags

 Width fluctuations (flagwidth)            : y
 Unresolved resonance parameters (flagurr) : n
 Preequilibrium (flagpreeq)                : n
 Multiple preequilibrium (flagmulpre)      : n
 Number of continuum excitation energy bins: 40

 ########### REACTION SUMMARY FOR E=   6.60000 ###########

 Center-of-mass energy:    6.370

 1. Total (binary) cross sections

 Total           = 2.13815E+03
   Shape elastic   = 8.85658E+02
   Reaction        = 1.25249E+03
     Compound elastic= 3.22688E+02
     Non-elastic     = 9.29802E+02
       Direct          = 6.21524E+01
       Pre-equilibrium = 0.00000E+00
       Compound non-el = 8.67649E+02
     Total elastic   = 1.20835E+03

 2. Binary non-elastic cross sections (non-exclusive)

 gamma   = 3.06498E-01
 neutron = 6.98278E+02
 proton  = 1.78331E+02
 deuteron= 0.00000E+00
 triton  = 0.00000E+00
 helium-3= 0.00000E+00
 alpha   = 5.28830E+01

 3. Total particle production cross sections

 gamma   = 3.93958E-01    Multiplicity= 4.23701E-04
 neutron = 6.98375E+02    Multiplicity= 7.51101E-01
 proton  = 1.78331E+02    Multiplicity= 1.91795E-01
 deuteron= 0.00000E+00    Multiplicity= 0.00000E+00
 triton  = 0.00000E+00    Multiplicity= 0.00000E+00
 helium-3= 0.00000E+00    Multiplicity= 0.00000E+00
 alpha   = 5.28830E+01    Multiplicity= 5.68756E-02

 4. Residual production cross sections

   a. Per isotope

   Z   A  nuclide    total     level   isomeric    isomeric    lifetime
                 cross section       cross section  ratio

   14  29 ( 29Si) 2.09659E-01    0    2.09659E-01  1.00000
   14  28 ( 28Si) 6.98375E+02    0    6.98375E+02  1.00000
   13  28 ( 28Al) 1.78331E+02    0    1.78331E+02  1.00000
   12  25 ( 25Mg) 5.28830E+01    0    5.28830E+01  1.00000

   b. Per mass

   A  cross section

   29 2.09659E-01
   28 8.76707E+02
   25 5.28830E+01

 Total residual production cross section:   929.7992554
 Non-elastic cross section              :   929.8019409

 6. Exclusive cross sections

 6a. Total exclusive cross sections 

     Emitted particles     cross section reaction         level    isomeric    isomeric    lifetime relative yield
    n   p   d   t   h   a                                        cross section   ratio
    0   0   0   0   0   0    2.09659E-01  (n,g)                                                     2.25512E-04
    1   0   0   0   0   0    6.98278E+02  (n,n')                                                    7.51077E-01
    0   1   0   0   0   0    1.78331E+02  (n,p)                                                     1.91815E-01
    0   0   0   0   0   1    5.28830E+01  (n,a)                                                     5.68816E-02

 Absorption cross section                 :   231.42397

 Sum over exclusive channel cross sections:   929.70239
 (n,gn) + (n,gp) +...(n,ga) cross sections:     0.09684
 Total                                    :   929.79926
 Non-elastic cross section                :   929.80194

 ########## RESULTS FOR E=   6.80000 ##########

 Energy dependent input flags

 Width fluctuations (flagwidth)            : y
 Unresolved resonance parameters (flagurr) : n
 Preequilibrium (flagpreeq)                : n
 Multiple preequilibrium (flagmulpre)      : n
 Number of continuum excitation energy bins: 40

 ########### REACTION SUMMARY FOR E=   6.80000 ###########

 Center-of-mass energy:    6.563

 1. Total (binary) cross sections

 Total           = 2.11233E+03
   Shape elastic   = 8.66630E+02
   Reaction        = 1.24570E+03
     Compound elastic= 2.90038E+02
     Non-elastic     = 9.55662E+02
       Direct          = 6.23950E+01
       Pre-equilibrium = 0.00000E+00
       Compound non-el = 8.93267E+02
     Total elastic   = 1.15667E+03

 2. Binary non-elastic cross sections (non-exclusive)

 gamma   = 3.05671E-01
 neutron = 6.86571E+02
 proton  = 1.99142E+02
 deuteron= 0.00000E+00
 triton  = 0.00000E+00
 helium-3= 0.00000E+00
 alpha   = 6.96362E+01

 3. Total particle production cross sections

 gamma   = 3.94347E-01    Multiplicity= 4.12643E-04
 neutron = 6.86672E+02    Multiplicity= 7.18531E-01
 proton  = 1.99142E+02    Multiplicity= 2.08381E-01
 deuteron= 0.00000E+00    Multiplicity= 0.00000E+00
 triton  = 0.00000E+00    Multiplicity= 0.00000E+00
 helium-3= 0.00000E+00    Multiplicity= 0.00000E+00
 alpha   = 6.96362E+01    Multiplicity= 7.28670E-02

 4. Residual production cross sections

   a. Per isotope

   Z   A  nuclide    total     level   isomeric    isomeric    lifetime
                 cross section       cross section  ratio

   14  29 ( 29Si) 2.04025E-01    0    2.04025E-01  1.00000
   14  28 ( 28Si) 6.86673E+02    0    6.86673E+02  1.00000
   13  28 ( 28Al) 1.99142E+02    0    1.99142E+02  1.00000
   12  25 ( 25Mg) 6.96362E+01    0    6.96362E+01  1.00000

   b. Per mass

   A  cross section

   29 2.04025E-01
   28 8.85814E+02
   25 6.96362E+01

 Total residual production cross section:   955.6546631
 Non-elastic cross section              :   955.6617432

 6. Exclusive cross sections

 6a. Total exclusive cross sections 

     Emitted particles     cross section reaction         level    isomeric    isomeric    lifetime relative yield
    n   p   d   t   h   a                                        cross section   ratio
    0   0   0   0   0   0    2.04025E-01  (n,g)                                                     2.13515E-04
    1   0   0   0   0   0    6.86571E+02  (n,n')                                                    7.18506E-01
    0   1   0   0   0   0    1.99142E+02  (n,p)                                                     2.08405E-01
    0   0   0   0   0   1    6.96362E+01  (n,a)                                                     7.28753E-02

 Absorption cross section                 :   268.98199

 Sum over exclusive channel cross sections:   955.55304
 (n,gn) + (n,gp) +...(n,ga) cross sections:     0.10165
 Total                                    :   955.65466
 Non-elastic cross section                :   955.66174

 ########## RESULTS FOR E=   7.00000 ##########

 Energy dependent input flags

 Width fluctuations (flagwidth)            : y
 Unresolved resonance parameters (flagurr) : n
 Preequilibrium (flagpreeq)                : n
 Multiple preequilibrium (flagmulpre)      : n
 Number of continuum excitation energy bins: 40

 ########### REACTION SUMMARY FOR E=   7.00000 ###########

 Center-of-mass energy:    6.756

 1. Total (binary) cross sections

 Total           = 2.08794E+03
   Shape elastic   = 8.48989E+02
   Reaction        = 1.23895E+03
     Compound elastic= 2.60788E+02
     Non-elastic     = 9.78162E+02
       Direct          = 6.25564E+01
       Pre-equilibrium = 0.00000E+00
       Compound non-el = 9.15605E+02
     Total elastic   = 1.10978E+03

 2. Binary non-elastic cross sections (non-exclusive)

 gamma   = 3.06687E-01
 neutron = 6.69666E+02
 proton  = 2.20245E+02
 deuteron= 0.00000E+00
 triton  = 0.00000E+00
 helium-3= 0.00000E+00
 alpha   = 8.79385E+01

 3. Total particle production cross sections

 gamma   = 3.94437E-01    Multiplicity= 4.03243E-04
 neutron = 6.69775E+02    Multiplicity= 6.84728E-01
 proton  = 2.20245E+02    Multiplicity= 2.25162E-01
 deuteron= 0.00000E+00    Multiplicity= 0.00000E+00
 triton  = 0.00000E+00    Multiplicity= 0.00000E+00
 helium-3= 0.00000E+00    Multiplicity= 0.00000E+00
 alpha   = 8.79386E+01    Multiplicity= 8.99019E-02

 4. Residual production cross sections

   a. Per isotope

   Z   A  nuclide    total     level   isomeric    isomeric    lifetime
                 cross section       cross section  ratio

   14  29 ( 29Si) 1.97325E-01    0    1.97325E-01  1.00000
   14  28 ( 28Si) 6.69775E+02    0    6.69775E+02  1.00000
   13  28 ( 28Al) 2.20245E+02    0    2.20245E+02  1.00000
   12  25 ( 25Mg) 8.79386E+01    0    8.79386E+01  1.00000

   b. Per mass

   A  cross section

   29 1.97325E-01
   28 8.90020E+02
   25 8.79386E+01

 Total residual production cross section:   978.1554565
 Non-elastic cross section              :   978.1616211

 6. Exclusive cross sections

 6a. Total exclusive cross sections 

     Emitted particles     cross section reaction         level    isomeric    isomeric    lifetime relative yield
    n   p   d   t   h   a                                        cross section   ratio
    0   0   0   0   0   0    1.97325E-01  (n,g)                                                     2.01754E-04
    1   0   0   0   0   0    6.69666E+02  (n,n')                                                    6.84698E-01
    0   1   0   0   0   0    2.20244E+02  (n,p)                                                     2.25188E-01
    0   0   0   0   0   1    8.79385E+01  (n,a)                                                     8.99125E-02

 Absorption cross section                 :   308.38034

 Sum over exclusive channel cross sections:   978.04608
 (n,gn) + (n,gp) +...(n,ga) cross sections:     0.10936
 Total                                    :   978.15546
 Non-elastic cross section                :   978.16162

 ########## RESULTS FOR E=   7.20000 ##########

 Energy dependent input flags

 Width fluctuations (flagwidth)            : y
 Unresolved resonance parameters (flagurr) : n
 Preequilibrium (flagpreeq)                : n
 Multiple preequilibrium (flagmulpre)      : n
 Number of continuum excitation energy bins: 40

 ########### REACTION SUMMARY FOR E=   7.20000 ###########

 Center-of-mass energy:    6.949

 1. Total (binary) cross sections

 Total           = 2.06498E+03
   Shape elastic   = 8.32665E+02
   Reaction        = 1.23231E+03
     Compound elastic= 2.30357E+02
     Non-elastic     = 1.00195E+03
       Direct          = 6.26412E+01
       Pre-equilibrium = 0.00000E+00
       Compound non-el = 9.39312E+02
     Total elastic   = 1.06302E+03

 2. Binary non-elastic cross sections (non-exclusive)

 gamma   = 3.01094E-01
 neutron = 6.60858E+02
 proton  = 2.36115E+02
 deuteron= 0.00000E+00
 triton  = 0.00000E+00
 helium-3= 0.00000E+00
 alpha   = 1.04677E+02

 3. Total particle production cross sections

 gamma   = 3.93272E-01    Multiplicity= 3.92506E-04
 neutron = 6.60971E+02    Multiplicity= 6.59683E-01
 proton  = 2.36115E+02    Multiplicity= 2.35655E-01
 deuteron= 0.00000E+00    Multiplicity= 0.00000E+00
 triton  = 0.00000E+00    Multiplicity= 0.00000E+00
 helium-3= 0.00000E+00    Multiplicity= 0.00000E+00
 alpha   = 1.04677E+02    Multiplicity= 1.04473E-01

 4. Residual production cross sections

   a. Per isotope

   Z   A  nuclide    total     level   isomeric    isomeric    lifetime
                 cross section       cross section  ratio

   14  29 ( 29Si) 1.87975E-01    0    1.87975E-01  1.00000
   14  28 ( 28Si) 6.60971E+02    0    6.60971E+02  1.00000
   13  28 ( 28Al) 2.36115E+02    0    2.36115E+02  1.00000
   12  25 ( 25Mg) 1.04677E+02    0    1.04677E+02  1.00000

   b. Per mass

   A  cross section

   29 1.87975E-01
   28 8.97086E+02
   25 1.04677E+02

 Total residual production cross section:  1001.9509888
 Non-elastic cross section              :  1001.9529419

 6. Exclusive cross sections

 6a. Total exclusive cross sections 

     Emitted particles     cross section reaction         level    isomeric    isomeric    lifetime relative yield
    n   p   d   t   h   a                                        cross section   ratio
    0   0   0   0   0   0    1.87975E-01  (n,g)                                                     1.87630E-04
    1   0   0   0   0   0    6.60858E+02  (n,n')                                                    6.59646E-01
    0   1   0   0   0   0    2.36115E+02  (n,p)                                                     2.35682E-01
    0   0   0   0   0   1    1.04677E+02  (n,a)                                                     1.04485E-01

 Absorption cross section                 :   340.97980

 Sum over exclusive channel cross sections:  1001.83795
 (n,gn) + (n,gp) +...(n,ga) cross sections:     0.11312
 Total                                    :  1001.95105
 Non-elastic cross section                :  1001.95294

 ########## RESULTS FOR E=   7.40000 ##########

 Energy dependent input flags

 Width fluctuations (flagwidth)            : y
 Unresolved resonance parameters (flagurr) : n
 Preequilibrium (flagpreeq)                : n
 Multiple preequilibrium (flagmulpre)      : n
 Number of continuum excitation energy bins: 40

 ########### REACTION SUMMARY FOR E=   7.40000 ###########

 Center-of-mass energy:    7.142

 1. Total (binary) cross sections

 Total           = 2.04344E+03
   Shape elastic   = 8.17594E+02
   Reaction        = 1.22585E+03
     Compound elastic= 2.00126E+02
     Non-elastic     = 1.02572E+03
       Direct          = 6.56342E+01
       Pre-equilibrium = 0.00000E+00
       Compound non-el = 9.60090E+02
     Total elastic   = 1.01772E+03

 2. Binary non-elastic cross sections (non-exclusive)

 gamma   = 2.91411E-01
 neutron = 6.59572E+02
 proton  = 2.47198E+02
 deuteron= 0.00000E+00
 triton  = 0.00000E+00
 helium-3= 0.00000E+00
 alpha   = 1.18658E+02

 3. Total particle production cross sections

 gamma   = 4.39538E-01    Multiplicity= 4.28515E-04
 neutron = 6.59685E+02    Multiplicity= 6.43141E-01
 proton  = 2.47198E+02    Multiplicity= 2.40999E-01
 deuteron= 0.00000E+00    Multiplicity= 0.00000E+00
 triton  = 0.00000E+00    Multiplicity= 0.00000E+00
 helium-3= 0.00000E+00    Multiplicity= 0.00000E+00
 alpha   = 1.18658E+02    Multiplicity= 1.15682E-01

 4. Residual production cross sections

   a. Per isotope

   Z   A  nuclide    total     level   isomeric    isomeric    lifetime
                 cross section       cross section  ratio

   14  29 ( 29Si) 1.77793E-01    0    1.77793E-01  1.00000
   14  28 ( 28Si) 6.59685E+02    0    6.59685E+02  1.00000
   13  28 ( 28Al) 2.47198E+02    0    2.47198E+02  1.00000
   12  25 ( 25Mg) 1.18658E+02    0    1.18658E+02  1.00000

   b. Per mass

   A  cross section

   29 1.77793E-01
   28 9.06883E+02
   25 1.18658E+02

 Total residual production cross section:  1025.7188721
 Non-elastic cross section              :  1025.7242432

 6. Exclusive cross sections

 6a. Total exclusive cross sections 

     Emitted particles     cross section reaction         level    isomeric    isomeric    lifetime relative yield
    n   p   d   t   h   a                                        cross section   ratio
    0   0   0   0   0   0    1.77793E-01  (n,g)                                                     1.73354E-04
    1   0   0   0   0   0    6.59572E+02  (n,n')                                                    6.43105E-01
    0   1   0   0   0   0    2.47198E+02  (n,p)                                                     2.41026E-01
    0   0   0   0   0   1    1.18658E+02  (n,a)                                                     1.15695E-01

 Absorption cross section                 :   366.03302

 Sum over exclusive channel cross sections:  1025.60522
 (n,gn) + (n,gp) +...(n,ga) cross sections:     0.11362
 Total                                    :  1025.71887
 Non-elastic cross section                :  1025.72424

 ########## RESULTS FOR E=   7.60000 ##########

 Energy dependent input flags

 Width fluctuations (flagwidth)            : y
 Unresolved resonance parameters (flagurr) : n
 Preequilibrium (flagpreeq)                : n
 Multiple preequilibrium (flagmulpre)      : n
 Number of continuum excitation energy bins: 40

 ########### REACTION SUMMARY FOR E=   7.60000 ###########

 Center-of-mass energy:    7.335

 1. Total (binary) cross sections

 Total           = 2.02332E+03
   Shape elastic   = 8.03717E+02
   Reaction        = 1.21960E+03
     Compound elastic= 1.77229E+02
     Non-elastic     = 1.04237E+03
       Direct          = 6.75013E+01
       Pre-equilibrium = 0.00000E+00
       Compound non-el = 9.74870E+02
     Total elastic   = 9.80946E+02

 2. Binary non-elastic cross sections (non-exclusive)

 gamma   = 2.89175E-01
 neutron = 6.47648E+02
 proton  = 2.61493E+02
 deuteron= 0.00000E+00
 triton  = 0.00000E+00
 helium-3= 0.00000E+00
 alpha   = 1.32942E+02

 3. Total particle production cross sections

 gamma   = 7.04628E-01    Multiplicity= 6.75986E-04
 neutron = 6.47764E+02    Multiplicity= 6.21434E-01
 proton  = 2.61493E+02    Multiplicity= 2.50864E-01
 deuteron= 0.00000E+00    Multiplicity= 0.00000E+00
 triton  = 0.00000E+00    Multiplicity= 0.00000E+00
 helium-3= 0.00000E+00    Multiplicity= 0.00000E+00
 alpha   = 1.32942E+02    Multiplicity= 1.27538E-01

 4. Residual production cross sections

   a. Per isotope

   Z   A  nuclide    total     level   isomeric    isomeric    lifetime
                 cross section       cross section  ratio

   14  29 ( 29Si) 1.71761E-01    0    1.71761E-01  1.00000
   14  28 ( 28Si) 6.47764E+02    0    6.47764E+02  1.00000
   13  28 ( 28Al) 2.61493E+02    0    2.61493E+02  1.00000
   12  25 ( 25Mg) 1.32942E+02    0    1.32942E+02  1.00000

   b. Per mass

   A  cross section

   29 1.71761E-01
   28 9.09258E+02
   25 1.32942E+02

 Total residual production cross section:  1042.3709717
 Non-elastic cross section              :  1042.3707275

 6. Exclusive cross sections

 6a. Total exclusive cross sections 

     Emitted particles     cross section reaction         level    isomeric    isomeric    lifetime relative yield
    n   p   d   t   h   a                                        cross section   ratio
    0   0   0   0   0   0    1.71761E-01  (n,g)                                                     1.64798E-04
    1   0   0   0   0   0    6.47648E+02  (n,n')                                                    6.21392E-01
    0   1   0   0   0   0    2.61493E+02  (n,p)                                                     2.50891E-01
    0   0   0   0   0   1    1.32942E+02  (n,a)                                                     1.27552E-01

 Absorption cross section                 :   394.60577

 Sum over exclusive channel cross sections:  1042.25354
 (n,gn) + (n,gp) +...(n,ga) cross sections:     0.11741
 Total                                    :  1042.37097
 Non-elastic cross section                :  1042.37073

 ########## RESULTS FOR E=   7.80000 ##########

 Energy dependent input flags

 Width fluctuations (flagwidth)            : y
 Unresolved resonance parameters (flagurr) : n
 Preequilibrium (flagpreeq)                : n
 Multiple preequilibrium (flagmulpre)      : n
 Number of continuum excitation energy bins: 40

 ########### REACTION SUMMARY FOR E=   7.80000 ###########

 Center-of-mass energy:    7.528

 1. Total (binary) cross sections

 Total           = 2.00459E+03
   Shape elastic   = 7.90978E+02
   Reaction        = 1.21361E+03
     Compound elastic= 1.53999E+02
     Non-elastic     = 1.05961E+03
       Direct          = 6.88721E+01
       Pre-equilibrium = 0.00000E+00
       Compound non-el = 9.90739E+02
     Total elastic   = 9.44977E+02

 2. Binary non-elastic cross sections (non-exclusive)

 gamma   = 2.81663E-01
 neutron = 6.46920E+02
 proton  = 2.69083E+02
 deuteron= 0.00000E+00
 triton  = 0.00000E+00
 helium-3= 0.00000E+00
 alpha   = 1.43325E+02

 3. Total particle production cross sections

 gamma   = 1.46238E+00    Multiplicity= 1.38011E-03
 neutron = 6.47040E+02    Multiplicity= 6.10639E-01
 proton  = 2.69084E+02    Multiplicity= 2.53945E-01
 deuteron= 0.00000E+00    Multiplicity= 0.00000E+00
 triton  = 0.00000E+00    Multiplicity= 0.00000E+00
 helium-3= 0.00000E+00    Multiplicity= 0.00000E+00
 alpha   = 1.43326E+02    Multiplicity= 1.35262E-01

 4. Residual production cross sections

   a. Per isotope

   Z   A  nuclide    total     level   isomeric    isomeric    lifetime
                 cross section       cross section  ratio

   14  29 ( 29Si) 1.60753E-01    0    1.60753E-01  1.00000
   14  28 ( 28Si) 6.47040E+02    0    6.47040E+02  1.00000
   13  28 ( 28Al) 2.69084E+02    0    2.69084E+02  1.00000
   12  25 ( 25Mg) 1.43326E+02    0    1.43326E+02  1.00000

   b. Per mass

   A  cross section

   29 1.60753E-01
   28 9.16124E+02
   25 1.43326E+02

 Total residual production cross section:  1059.6098633
 Non-elastic cross section              :  1059.6114502

 6. Exclusive cross sections

 6a. Total exclusive cross sections 

     Emitted particles     cross section reaction         level    isomeric    isomeric    lifetime relative yield
    n   p   d   t   h   a                                        cross section   ratio
    0   0   0   0   0   0    1.60753E-01  (n,g)                                                     1.51727E-04
    1   0   0   0   0   0    6.46920E+02  (n,n')                                                    6.10596E-01
    0   1   0   0   0   0    2.69083E+02  (n,p)                                                     2.53974E-01
    0   0   0   0   0   1    1.43325E+02  (n,a)                                                     1.35278E-01

 Absorption cross section                 :   412.56873

 Sum over exclusive channel cross sections:  1059.48901
 (n,gn) + (n,gp) +...(n,ga) cross sections:     0.12091
 Total                                    :  1059.60986
 Non-elastic cross section                :  1059.61145

 ########## RESULTS FOR E=   8.00000 ##########

 Energy dependent input flags

 Width fluctuations (flagwidth)            : y
 Unresolved resonance parameters (flagurr) : n
 Preequilibrium (flagpreeq)                : n
 Multiple preequilibrium (flagmulpre)      : n
 Number of continuum excitation energy bins: 40

 ########### REACTION SUMMARY FOR E=   8.00000 ###########

 Center-of-mass energy:    7.721

 1. Total (binary) cross sections

 Total           = 1.98722E+03
   Shape elastic   = 7.79329E+02
   Reaction        = 1.20789E+03
     Compound elastic= 1.35633E+02
     Non-elastic     = 1.07226E+03
       Direct          = 6.98116E+01
       Pre-equilibrium = 0.00000E+00
       Compound non-el = 1.00245E+03
     Total elastic   = 9.14962E+02

 2. Binary non-elastic cross sections (non-exclusive)

 gamma   = 2.78061E-01
 neutron = 6.41768E+02
 proton  = 2.75856E+02
 deuteron= 0.00000E+00
 triton  = 0.00000E+00
 helium-3= 0.00000E+00
 alpha   = 1.54355E+02

 3. Total particle production cross sections

 gamma   = 3.18209E+00    Multiplicity= 2.96765E-03
 neutron = 6.41892E+02    Multiplicity= 5.98636E-01
 proton  = 2.75857E+02    Multiplicity= 2.57268E-01
 deuteron= 0.00000E+00    Multiplicity= 0.00000E+00
 triton  = 0.00000E+00    Multiplicity= 0.00000E+00
 helium-3= 0.00000E+00    Multiplicity= 0.00000E+00
 alpha   = 1.54355E+02    Multiplicity= 1.43954E-01

 4. Residual production cross sections

   a. Per isotope

   Z   A  nuclide    total     level   isomeric    isomeric    lifetime
                 cross section       cross section  ratio

   14  29 ( 29Si) 1.52921E-01    0    1.52921E-01  1.00000
   14  28 ( 28Si) 6.41892E+02    0    6.41892E+02  1.00000
   13  28 ( 28Al) 2.75857E+02    0    2.75857E+02  1.00000
   12  25 ( 25Mg) 1.54355E+02    0    1.54355E+02  1.00000

   b. Per mass

   A  cross section

   29 1.52921E-01
   28 9.17749E+02
   25 1.54355E+02

 Total residual production cross section:  1072.2568359
 Non-elastic cross section              :  1072.2572021

 6. Exclusive cross sections

 6a. Total exclusive cross sections 

     Emitted particles     cross section reaction         level    isomeric    isomeric    lifetime relative yield
    n   p   d   t   h   a                                        cross section   ratio
    0   0   0   0   0   0    1.52921E-01  (n,g)                                                     1.42633E-04
    1   0   0   0   0   0    6.41768E+02  (n,n')                                                    5.98590E-01
    0   1   0   0   0   0    2.75856E+02  (n,p)                                                     2.57297E-01
    0   0   0   0   0   1    1.54355E+02  (n,a)                                                     1.43970E-01

 Absorption cross section                 :   430.36386

 Sum over exclusive channel cross sections:  1072.13184
 (n,gn) + (n,gp) +...(n,ga) cross sections:     0.12514
 Total                                    :  1072.25696
 Non-elastic cross section                :  1072.25720

 ########## RESULTS FOR E=   8.50000 ##########

 Energy dependent input flags

 Width fluctuations (flagwidth)            : y
 Unresolved resonance parameters (flagurr) : n
 Preequilibrium (flagpreeq)                : n
 Multiple preequilibrium (flagmulpre)      : n
 Number of continuum excitation energy bins: 40

 ########### REACTION SUMMARY FOR E=   8.50000 ###########

 Center-of-mass energy:    8.203

 1. Total (binary) cross sections

 Total           = 1.94953E+03
   Shape elastic   = 7.54695E+02
   Reaction        = 1.19484E+03
     Compound elastic= 1.01384E+02
     Non-elastic     = 1.09346E+03
       Direct          = 7.09531E+01
       Pre-equilibrium = 0.00000E+00
       Compound non-el = 1.02250E+03
     Total elastic   = 8.56079E+02

 2. Binary non-elastic cross sections (non-exclusive)

 gamma   = 2.78069E-01
 neutron = 6.21024E+02
 proton  = 2.95017E+02
 deuteron= 0.00000E+00
 triton  = 0.00000E+00
 helium-3= 0.00000E+00
 alpha   = 1.77135E+02

 3. Total particle production cross sections

 gamma   = 1.50477E+01    Multiplicity= 1.37616E-02
 neutron = 6.21159E+02    Multiplicity= 5.68069E-01
 proton  = 2.95019E+02    Multiplicity= 2.69804E-01
 deuteron= 0.00000E+00    Multiplicity= 0.00000E+00
 triton  = 0.00000E+00    Multiplicity= 0.00000E+00
 helium-3= 0.00000E+00    Multiplicity= 0.00000E+00
 alpha   = 1.77135E+02    Multiplicity= 1.61996E-01

 4. Residual production cross sections

   a. Per isotope

   Z   A  nuclide    total     level   isomeric    isomeric    lifetime
                 cross section       cross section  ratio

   14  29 ( 29Si) 1.40990E-01    0    1.40990E-01  1.00000
   14  28 ( 28Si) 6.21159E+02    0    6.21159E+02  1.00000
   13  28 ( 28Al) 2.95019E+02    0    2.95019E+02  1.00000
   12  25 ( 25Mg) 1.77135E+02    0    1.77135E+02  1.00000

   b. Per mass

   A  cross section

   29 1.40990E-01
   28 9.16178E+02
   25 1.77135E+02

 Total residual production cross section:  1093.4536133
 Non-elastic cross section              :  1093.4561768

 6. Exclusive cross sections

 6a. Total exclusive cross sections 

     Emitted particles     cross section reaction         level    isomeric    isomeric    lifetime relative yield
    n   p   d   t   h   a                                        cross section   ratio
    0   0   0   0   0   0    1.40990E-01  (n,g)                                                     1.28956E-04
    1   0   0   0   0   0    6.21024E+02  (n,n')                                                    5.68019E-01
    0   1   0   0   0   0    2.95017E+02  (n,p)                                                     2.69836E-01
    0   0   0   0   0   1    1.77135E+02  (n,a)                                                     1.62016E-01

 Absorption cross section                 :   472.29218

 Sum over exclusive channel cross sections:  1093.31653
 (n,gn) + (n,gp) +...(n,ga) cross sections:     0.13708
 Total                                    :  1093.45361
 Non-elastic cross section                :  1093.45618

 ########## RESULTS FOR E=   9.00000 ##########

 Energy dependent input flags

 Width fluctuations (flagwidth)            : y
 Unresolved resonance parameters (flagurr) : n
 Preequilibrium (flagpreeq)                : n
 Multiple preequilibrium (flagmulpre)      : n
 Number of continuum excitation energy bins: 40

 ########### REACTION SUMMARY FOR E=   9.00000 ###########

 Center-of-mass energy:    8.685

 1. Total (binary) cross sections

 Total           = 1.91932E+03
   Shape elastic   = 7.35890E+02
   Reaction        = 1.18343E+03
     Compound elastic= 7.59804E+01
     Non-elastic     = 1.10745E+03
       Direct          = 7.13231E+01
       Pre-equilibrium = 0.00000E+00
       Compound non-el = 1.03613E+03
     Total elastic   = 8.11870E+02

 2. Binary non-elastic cross sections (non-exclusive)

 gamma   = 2.80257E-01
 neutron = 6.04499E+02
 proton  = 3.11800E+02
 deuteron= 0.00000E+00
 triton  = 0.00000E+00
 helium-3= 0.00000E+00
 alpha   = 1.90868E+02

 3. Total particle production cross sections

 gamma   = 4.11534E+01    Multiplicity= 3.71605E-02
 neutron = 6.04647E+02    Multiplicity= 5.45981E-01
 proton  = 3.11804E+02    Multiplicity= 2.81551E-01
 deuteron= 0.00000E+00    Multiplicity= 0.00000E+00
 triton  = 0.00000E+00    Multiplicity= 0.00000E+00
 helium-3= 0.00000E+00    Multiplicity= 0.00000E+00
 alpha   = 1.90869E+02    Multiplicity= 1.72350E-01

 4. Residual production cross sections

   a. Per isotope

   Z   A  nuclide    total     level   isomeric    isomeric    lifetime
                 cross section       cross section  ratio

   14  29 ( 29Si) 1.28189E-01    0    1.28189E-01  1.00000
   14  28 ( 28Si) 6.04647E+02    0    6.04647E+02  1.00000
   13  28 ( 28Al) 3.11804E+02    0    3.11804E+02  1.00000
   12  25 ( 25Mg) 1.90869E+02    0    1.90869E+02  1.00000

   b. Per mass

   A  cross section

   29 1.28189E-01
   28 9.16450E+02
   25 1.90869E+02

 Total residual production cross section:  1107.4471436
 Non-elastic cross section              :  1107.4495850

 6. Exclusive cross sections

 6a. Total exclusive cross sections 

     Emitted particles     cross section reaction         level    isomeric    isomeric    lifetime relative yield
    n   p   d   t   h   a                                        cross section   ratio
    0   0   0   0   0   0    1.28190E-01  (n,g)                                                     1.15768E-04
    1   0   0   0   0   0    6.04499E+02  (n,n')                                                    5.45924E-01
    0   1   0   0   0   0    3.11800E+02  (n,p)                                                     2.81587E-01
    0   0   0   0   0   1    1.90868E+02  (n,a)                                                     1.72373E-01

 Absorption cross section                 :   502.79593

 Sum over exclusive channel cross sections:  1107.29492
 (n,gn) + (n,gp) +...(n,ga) cross sections:     0.15207
 Total                                    :  1107.44702
 Non-elastic cross section                :  1107.44958

 ########## RESULTS FOR E=   9.50000 ##########

 Energy dependent input flags

 Width fluctuations (flagwidth)            : y
 Unresolved resonance parameters (flagurr) : n
 Preequilibrium (flagpreeq)                : n
 Multiple preequilibrium (flagmulpre)      : n
 Number of continuum excitation energy bins: 40

 ########### REACTION SUMMARY FOR E=   9.50000 ###########

 Center-of-mass energy:    9.168

 1. Total (binary) cross sections

 Total           = 1.89558E+03
   Shape elastic   = 7.22329E+02
   Reaction        = 1.17325E+03
     Compound elastic= 5.74366E+01
     Non-elastic     = 1.11581E+03
       Direct          = 7.15301E+01
       Pre-equilibrium = 0.00000E+00
       Compound non-el = 1.04428E+03
     Total elastic   = 7.79766E+02

 2. Binary non-elastic cross sections (non-exclusive)

 gamma   = 2.86733E-01
 neutron = 5.89911E+02
 proton  = 3.27497E+02
 deuteron= 0.00000E+00
 triton  = 0.00000E+00
 helium-3= 0.00000E+00
 alpha   = 1.98118E+02

 3. Total particle production cross sections

 gamma   = 7.89718E+01    Multiplicity= 7.07751E-02
 neutron = 5.90069E+02    Multiplicity= 5.28824E-01
 proton  = 3.27502E+02    Multiplicity= 2.93510E-01
 deuteron= 0.00000E+00    Multiplicity= 0.00000E+00
 triton  = 0.00000E+00    Multiplicity= 0.00000E+00
 helium-3= 0.00000E+00    Multiplicity= 0.00000E+00
 alpha   = 1.98120E+02    Multiplicity= 1.77556E-01

 4. Residual production cross sections

   a. Per isotope

   Z   A  nuclide    total     level   isomeric    isomeric    lifetime
                 cross section       cross section  ratio

   14  29 ( 29Si) 1.20894E-01    0    1.20894E-01  1.00000
   14  28 ( 28Si) 5.90069E+02    0    5.90069E+02  1.00000
   13  28 ( 28Al) 3.27502E+02    0    3.27502E+02  1.00000
   12  25 ( 25Mg) 1.98120E+02    0    1.98120E+02  1.00000

   b. Per mass

   A  cross section

   29 1.20894E-01
   28 9.17572E+02
   25 1.98120E+02

 Total residual production cross section:  1115.8121338
 Non-elastic cross section              :  1115.8133545

 6. Exclusive cross sections

 6a. Total exclusive cross sections 

     Emitted particles     cross section reaction         level    isomeric    isomeric    lifetime relative yield
    n   p   d   t   h   a                                        cross section   ratio
    0   0   0   0   0   0    1.20894E-01  (n,g)                                                     1.08362E-04
    1   0   0   0   0   0    5.89911E+02  (n,n')                                                    5.28762E-01
    0   1   0   0   0   0    3.27496E+02  (n,p)                                                     2.93549E-01
    0   0   0   0   0   1    1.98118E+02  (n,a)                                                     1.77581E-01

 Absorption cross section                 :   525.73535

 Sum over exclusive channel cross sections:  1115.64624
 (n,gn) + (n,gp) +...(n,ga) cross sections:     0.16584
 Total                                    :  1115.81213
 Non-elastic cross section                :  1115.81335

 ########## RESULTS FOR E=  10.00000 ##########

 Energy dependent input flags

 Width fluctuations (flagwidth)            : y
 Unresolved resonance parameters (flagurr) : n
 Preequilibrium (flagpreeq)                : y
 Multiple preequilibrium (flagmulpre)      : n
 Number of continuum excitation energy bins: 40

 ########### REACTION SUMMARY FOR E=  10.00000 ###########

 Center-of-mass energy:    9.650

 1. Total (binary) cross sections

 Total           = 1.87718E+03
   Shape elastic   = 7.13423E+02
   Reaction        = 1.16375E+03
     Compound elastic= 4.40152E+01
     Non-elastic     = 1.11973E+03
       Direct          = 7.34120E+01
       Pre-equilibrium = 3.34419E+00
       Giant resonance = 0.00000E+00
       Compound non-el = 1.04298E+03
     Total elastic   = 7.57438E+02

 2. Binary non-elastic cross sections (non-exclusive)

 gamma   = 5.19912E-01
 neutron = 5.75962E+02
 proton  = 3.42314E+02
 deuteron= 6.73847E-13
 triton  = 0.00000E+00
 helium-3= 0.00000E+00
 alpha   = 2.00941E+02

 3. Total particle production cross sections

 gamma   = 1.25702E+02    Multiplicity= 1.12260E-01
 neutron = 5.76146E+02    Multiplicity= 5.14538E-01
 proton  = 3.42323E+02    Multiplicity= 3.05718E-01
 deuteron= 6.73847E-13    Multiplicity= 6.01791E-16
 triton  = 0.00000E+00    Multiplicity= 0.00000E+00
 helium-3= 0.00000E+00    Multiplicity= 0.00000E+00
 alpha   = 2.00943E+02    Multiplicity= 1.79456E-01

 4. Residual production cross sections

   a. Per isotope

   Z   A  nuclide    total     level   isomeric    isomeric    lifetime
                 cross section       cross section  ratio

   14  29 ( 29Si) 3.25916E-01    0    3.25916E-01  1.00000
   14  28 ( 28Si) 5.76146E+02    0    5.76146E+02  1.00000
   13  28 ( 28Al) 3.42323E+02    0    3.42323E+02  1.00000
   12  25 ( 25Mg) 2.00944E+02    0    2.00944E+02  1.00000

   b. Per mass

   A  cross section

   29 3.25916E-01
   28 9.18469E+02
   25 2.00944E+02

 Total residual production cross section:  1119.7390137
 Non-elastic cross section              :  1119.7348633

 6. Exclusive cross sections

 6a. Total exclusive cross sections 

     Emitted particles     cross section reaction         level    isomeric    isomeric    lifetime relative yield
    n   p   d   t   h   a                                        cross section   ratio
    0   0   0   0   0   0    3.25917E-01  (n,g)                                                     2.91115E-04
    1   0   0   0   0   0    5.75962E+02  (n,n')                                                    5.14461E-01
    0   1   0   0   0   0    3.42314E+02  (n,p)                                                     3.05762E-01
    0   0   0   0   0   1    2.00942E+02  (n,a)                                                     1.79486E-01

 Absorption cross section                 :   543.58209

 Sum over exclusive channel cross sections:  1119.54419
 (n,gn) + (n,gp) +...(n,ga) cross sections:     0.19481
 Total                                    :  1119.73901
 Non-elastic cross section                :  1119.73486

 ########## RESULTS FOR E=  12.00000 ##########

 Energy dependent input flags

 Width fluctuations (flagwidth)            : y
 Unresolved resonance parameters (flagurr) : n
 Preequilibrium (flagpreeq)                : y
 Multiple preequilibrium (flagmulpre)      : n
 Number of continuum excitation energy bins: 40

 ########### REACTION SUMMARY FOR E=  12.00000 ###########

 Center-of-mass energy:   11.580

 1. Total (binary) cross sections

 Total           = 1.83752E+03
   Shape elastic   = 7.13443E+02
   Reaction        = 1.12407E+03
     Compound elastic= 1.57949E+01
     Non-elastic     = 1.10828E+03
       Direct          = 7.83736E+01
       Pre-equilibrium = 4.00724E+01
       Giant resonance = 1.61271E+01
       Compound non-el = 9.73702E+02
     Total elastic   = 7.29238E+02

 2. Binary non-elastic cross sections (non-exclusive)

 gamma   = 7.48021E-01
 neutron = 5.47307E+02
 proton  = 3.66889E+02
 deuteron= 4.78089E+00
 triton  = 0.00000E+00
 helium-3= 0.00000E+00
 alpha   = 1.88553E+02

 3. Total particle production cross sections

 gamma   = 4.67670E+02    Multiplicity= 4.21980E-01
 neutron = 5.47562E+02    Multiplicity= 4.94067E-01
 proton  = 3.66914E+02    Multiplicity= 3.31067E-01
 deuteron= 4.78089E+00    Multiplicity= 4.31382E-03
 triton  = 0.00000E+00    Multiplicity= 0.00000E+00
 helium-3= 0.00000E+00    Multiplicity= 0.00000E+00
 alpha   = 1.88661E+02    Multiplicity= 1.70229E-01

 4. Residual production cross sections

   a. Per isotope

   Z   A  nuclide    total     level   isomeric    isomeric    lifetime
                 cross section       cross section  ratio

   14  29 ( 29Si) 4.61356E-01    0    4.61356E-01  1.00000
   14  28 ( 28Si) 5.47463E+02    0    5.47463E+02  1.00000
   13  28 ( 28Al) 3.66914E+02    0    3.66914E+02  1.00000
   13  27 ( 27Al) 4.78089E+00    0    4.78089E+00  1.00000
   12  25 ( 25Mg) 1.88623E+02    0    1.88623E+02  1.00000
   12  24 ( 24Mg) 9.85127E-02    0    9.85127E-02  1.00000

   b. Per mass

   A  cross section

   29 4.61356E-01
   28 9.14377E+02
   27 4.78089E+00
   25 1.88623E+02
   24 9.85127E-02

 Total residual production cross section:  1108.3408203
 Non-elastic cross section              :  1108.2750244

 6. Exclusive cross sections

 6a. Total exclusive cross sections 

     Emitted particles     cross section reaction         level    isomeric    isomeric    lifetime relative yield
    n   p   d   t   h   a                                        cross section   ratio
    0   0   0   0   0   0    4.61356E-01  (n,g)                                                     4.16366E-04
    1   0   0   0   0   0    5.47209E+02  (n,n')                                                    4.93847E-01
    0   1   0   0   0   0    3.66889E+02  (n,p)                                                     3.31111E-01
    0   0   1   0   0   0    4.78089E+00  (n,d)                                                     4.31468E-03
    0   0   0   0   0   1    1.88615E+02  (n,a)                                                     1.70222E-01
    1   0   0   0   0   1    9.85127E-02  (n,na)                                                    8.89061E-05

 Absorption cross section                 :   560.74530

 Sum over exclusive channel cross sections:  1108.05273
 (n,gn) + (n,gp) +...(n,ga) cross sections:     0.28811
 Total                                    :  1108.34082
 Non-elastic cross section                :  1108.27502

 ########## RESULTS FOR E=  14.00000 ##########

 Energy dependent input flags

 Width fluctuations (flagwidth)            : y
 Unresolved resonance parameters (flagurr) : n
 Preequilibrium (flagpreeq)                : y
 Multiple preequilibrium (flagmulpre)      : n
 Number of continuum excitation energy bins: 40

 ########### REACTION SUMMARY FOR E=  14.00000 ###########

 Center-of-mass energy:   13.509

 1. Total (binary) cross sections

 Total           = 1.82776E+03
   Shape elastic   = 7.50485E+02
   Reaction        = 1.07727E+03
     Compound elastic= 5.59206E+00
     Non-elastic     = 1.07168E+03
       Direct          = 8.55824E+01
       Pre-equilibrium = 1.05735E+02
       Giant resonance = 1.99672E+01
       Compound non-el = 8.60393E+02
     Total elastic   = 7.56077E+02

 2. Binary non-elastic cross sections (non-exclusive)

 gamma   = 1.00996E+00
 neutron = 5.12944E+02
 proton  = 3.67148E+02
 deuteron= 1.72908E+01
 triton  = 0.00000E+00
 helium-3= 1.15874E-06
 alpha   = 1.73288E+02

 3. Total particle production cross sections

 gamma   = 6.50206E+02    Multiplicity= 6.06717E-01
 neutron = 5.27909E+02    Multiplicity= 4.92600E-01
 proton  = 4.48790E+02    Multiplicity= 4.18773E-01
 deuteron= 1.72909E+01    Multiplicity= 1.61345E-02
 triton  = 0.00000E+00    Multiplicity= 0.00000E+00
 helium-3= 1.15874E-06    Multiplicity= 1.08124E-09
 alpha   = 1.89972E+02    Multiplicity= 1.77265E-01

 4. Residual production cross sections

   a. Per isotope

   Z   A  nuclide    total     level   isomeric    isomeric    lifetime
                 cross section       cross section  ratio

   14  29 ( 29Si) 6.20050E-01    0    6.20050E-01  1.00000
   14  28 ( 28Si) 4.15010E+02    0    4.15010E+02  1.00000
   13  28 ( 28Al) 3.54399E+02    0    3.54399E+02  1.00000
   13  27 ( 27Al) 1.11682E+02    0    1.11682E+02  1.00000
   12  25 ( 25Mg) 1.71740E+02    0    1.71740E+02  1.00000
   12  24 ( 24Mg) 1.85074E+01    0    1.85074E+01  1.00000

   b. Per mass

   A  cross section

   29 6.20050E-01
   28 7.69409E+02
   27 1.11682E+02
   25 1.71740E+02
   24 1.85074E+01

 Total residual production cross section:  1071.9587402
 Non-elastic cross section              :  1071.6779785

 6. Exclusive cross sections

 6a. Total exclusive cross sections 

     Emitted particles     cross section reaction         level    isomeric    isomeric    lifetime relative yield
    n   p   d   t   h   a                                        cross section   ratio
    0   0   0   0   0   0    6.20050E-01  (n,g)                                                     5.78639E-04
    1   0   0   0   0   0    4.14689E+02  (n,n')                                                    3.86994E-01
    0   1   0   0   0   0    3.54347E+02  (n,p)                                                     3.30681E-01
    0   0   1   0   0   0    1.72909E+01  (n,d)                                                     1.61361E-02
    0   0   0   0   1   0    1.15874E-06  (n,h)                                                     1.08135E-09
    0   0   0   0   0   1    1.71721E+02  (n,a)                                                     1.60252E-01
    1   1   0   0   0   0    9.43910E+01  (n,np)                                                    8.80869E-02
    1   0   0   0   0   1    1.85074E+01  (n,na)                                                    1.72714E-02

 Absorption cross section                 :   543.97839

 Sum over exclusive channel cross sections:  1071.56628
 (n,gn) + (n,gp) +...(n,ga) cross sections:     0.39251
 Total                                    :  1071.95874
 Non-elastic cross section                :  1071.67798

 ########## RESULTS FOR E=  16.00000 ##########

 Energy dependent input flags

 Width fluctuations (flagwidth)            : y
 Unresolved resonance parameters (flagurr) : n
 Preequilibrium (flagpreeq)                : y
 Multiple preequilibrium (flagmulpre)      : n
 Number of continuum excitation energy bins: 40

 ########### REACTION SUMMARY FOR E=  16.00000 ###########

 Center-of-mass energy:   15.439

 1. Total (binary) cross sections

 Total           = 1.83570E+03
   Shape elastic   = 8.06650E+02
   Reaction        = 1.02905E+03
     Compound elastic= 1.89487E+00
     Non-elastic     = 1.02716E+03
       Direct          = 8.68189E+01
       Pre-equilibrium = 1.79813E+02
       Giant resonance = 2.21852E+01
       Compound non-el = 7.38338E+02
     Total elastic   = 8.08545E+02

 2. Binary non-elastic cross sections (non-exclusive)

 gamma   = 1.19087E+00
 neutron = 4.86377E+02
 proton  = 3.53242E+02
 deuteron= 2.52687E+01
 triton  = 0.00000E+00
 helium-3= 1.85310E-02
 alpha   = 1.61060E+02

 3. Total particle production cross sections

 gamma   = 4.93726E+02    Multiplicity= 4.80673E-01
 neutron = 6.47869E+02    Multiplicity= 6.30741E-01
 proton  = 5.35292E+02    Multiplicity= 5.21141E-01
 deuteron= 2.52693E+01    Multiplicity= 2.46013E-02
 triton  = 0.00000E+00    Multiplicity= 0.00000E+00
 helium-3= 1.85310E-02    Multiplicity= 1.80411E-05
 alpha   = 1.97203E+02    Multiplicity= 1.91990E-01

 4. Residual production cross sections

   a. Per isotope

   Z   A  nuclide    total     level   isomeric    isomeric    lifetime
                 cross section       cross section  ratio

   14  29 ( 29Si) 6.99928E-01    0    6.99928E-01  1.00000
   14  28 ( 28Si) 2.68677E+02    0    2.68677E+02  1.00000
   13  28 ( 28Al) 2.25133E+02    0    2.25133E+02  1.00000
   13  27 ( 27Al) 3.35441E+02    0    3.35441E+02  1.00000
   12  26 ( 26Mg) 1.85310E-02    0    1.85310E-02  1.00000
   12  25 ( 25Mg) 1.28710E+02    0    1.28710E+02  1.00000
   12  24 ( 24Mg) 6.90325E+01    0    6.90325E+01  1.00000

   b. Per mass

   A  cross section

   29 6.99928E-01
   28 4.93810E+02
   27 3.35441E+02
   26 1.85310E-02
   25 1.28710E+02
   24 6.90325E+01

 Total residual production cross section:  1027.7128906
 Non-elastic cross section              :  1027.1551514

 6. Exclusive cross sections

 6a. Total exclusive cross sections 

     Emitted particles     cross section reaction         level    isomeric    isomeric    lifetime relative yield
    n   p   d   t   h   a                                        cross section   ratio
    0   0   0   0   0   0    6.99928E-01  (n,g)                                                     6.81382E-04
    1   0   0   0   0   0    2.68304E+02  (n,n')                                                    2.61195E-01
    0   1   0   0   0   0    2.25046E+02  (n,p)                                                     2.19083E-01
    0   0   1   0   0   0    2.52819E+01  (n,d)                                                     2.46120E-02
    0   0   0   0   1   0    1.85310E-02  (n,h)                                                     1.80400E-05
    0   0   0   0   0   1    1.28678E+02  (n,a)                                                     1.25268E-01
    1   1   0   0   0   0    3.10157E+02  (n,np)                                                    3.01939E-01
    0   2   0   0   0   0    4.26186E-04  (n,2p)                                                    4.14893E-07
    1   0   0   0   0   1    6.90322E+01  (n,na)                                                    6.72031E-02

 Absorption cross section                 :   379.72452

 Sum over exclusive channel cross sections:  1027.21753
 (n,gn) + (n,gp) +...(n,ga) cross sections:     0.49561
 Total                                    :  1027.71313
 Non-elastic cross section                :  1027.15515

 ########## RESULTS FOR E=  18.00000 ##########

 Energy dependent input flags

 Width fluctuations (flagwidth)            : n
 Unresolved resonance parameters (flagurr) : n
 Preequilibrium (flagpreeq)                : y
 Multiple preequilibrium (flagmulpre)      : n
 Number of continuum excitation energy bins: 40

 ########### REACTION SUMMARY FOR E=  18.00000 ###########

 Center-of-mass energy:   17.368

 1. Total (binary) cross sections

 Total           = 1.85503E+03
   Shape elastic   = 8.70302E+02
   Reaction        = 9.84726E+02
     Compound elastic= 2.94378E-01
     Non-elastic     = 9.84432E+02
       Direct          = 8.45437E+01
       Pre-equilibrium = 2.56051E+02
       Giant resonance = 2.26564E+01
       Compound non-el = 6.21181E+02
     Total elastic   = 8.70596E+02

 2. Binary non-elastic cross sections (non-exclusive)

 gamma   = 1.26636E+00
 neutron = 4.67667E+02
 proton  = 3.32880E+02
 deuteron= 3.06728E+01
 triton  = 3.25986E-03
 helium-3= 1.44124E-01
 alpha   = 1.51795E+02

 3. Total particle production cross sections

 gamma   = 3.22478E+02    Multiplicity= 3.27578E-01
 neutron = 7.58684E+02    Multiplicity= 7.70683E-01
 proton  = 5.57522E+02    Multiplicity= 5.66339E-01
 deuteron= 3.06746E+01    Multiplicity= 3.11597E-02
 triton  = 3.25986E-03    Multiplicity= 3.31142E-06
 helium-3= 1.44124E-01    Multiplicity= 1.46404E-04
 alpha   = 2.09661E+02    Multiplicity= 2.12976E-01

 4. Residual production cross sections

   a. Per isotope

   Z   A  nuclide    total     level   isomeric    isomeric    lifetime
                 cross section       cross section  ratio

   14  29 ( 29Si) 6.76781E-01    0    6.76781E-01  1.00000
   14  28 ( 28Si) 1.86026E+02    0    1.86026E+02  1.00000
   13  28 ( 28Al) 1.19925E+02    0    1.19925E+02  1.00000
   14  27 ( 27Si) 4.08198E-02    0    4.08198E-02  1.00000
   13  27 ( 27Al) 4.67709E+02    0    4.67709E+02  1.00000
   12  27 ( 27Mg) 3.12804E-01    0    3.12804E-01  1.00000
   13  26 ( 26Al) 3.25986E-03    0    3.20038E-03  0.98175
                                 1    5.94835E-05  0.01825   6.34500E+00 sec. 
   12  26 ( 26Mg) 1.44124E-01    0    1.44124E-01  1.00000
   12  25 ( 25Mg) 7.48584E+01    0    7.48584E+01  1.00000
   12  24 ( 24Mg) 1.35605E+02    0    1.35605E+02  1.00000

   b. Per mass

   A  cross section

   29 6.76781E-01
   28 3.05951E+02
   27 4.68062E+02
   26 1.47384E-01
   25 7.48584E+01
   24 1.35605E+02

 Total residual production cross section:   985.3016357
 Non-elastic cross section              :   984.4316406

 6. Exclusive cross sections

 6a. Total exclusive cross sections 

     Emitted particles     cross section reaction         level    isomeric    isomeric    lifetime relative yield
    n   p   d   t   h   a                                        cross section   ratio
    0   0   0   0   0   0    6.76780E-01  (n,g)                                                     6.87293E-04
    1   0   0   0   0   0    1.85607E+02  (n,n')                                                    1.88490E-01
    0   1   0   0   0   0    1.19806E+02  (n,p)                                                     1.21667E-01
    0   0   1   0   0   0    3.07214E+01  (n,d)                                                     3.11986E-02
    0   0   0   1   0   0    3.25986E-03  (n,t)                                                     3.31050E-06
                                                             0     3.20038E-03  0.98175
                                                             1     5.94835E-05  0.01825   6.34500E+00 sec. 
    0   0   0   0   1   0    1.44124E-01  (n,h)                                                     1.46363E-04
    0   0   0   0   0   1    7.48130E+01  (n,a)                                                     7.59750E-02
    2   0   0   0   0   0    4.08198E-02  (n,2n)                                                    4.14538E-05
    1   1   0   0   0   0    4.36976E+02  (n,np)                                                    4.43763E-01
    0   2   0   0   0   0    3.12804E-01  (n,2p)                                                    3.17663E-04
    1   0   0   0   0   1    1.35603E+02  (n,na)                                                    1.37710E-01
    0   1   0   0   0   1    1.00024E-06  (n,pa)                                                    1.01578E-09
    0   0   0   0   0   2    3.34570E-05  (n,2a)                                                    3.39767E-08

 Absorption cross section                 :   226.47771

 Sum over exclusive channel cross sections:   984.70453
 (n,gn) + (n,gp) +...(n,ga) cross sections:     0.59702
 Total                                    :   985.30157
 Non-elastic cross section                :   984.43164

 ########## RESULTS FOR E=  20.00000 ##########

 Energy dependent input flags

 Width fluctuations (flagwidth)            : n
 Unresolved resonance parameters (flagurr) : n
 Preequilibrium (flagpreeq)                : y
 Multiple preequilibrium (flagmulpre)      : y
 Number of continuum excitation energy bins: 40

 ########### REACTION SUMMARY FOR E=  20.00000 ###########

 Center-of-mass energy:   19.297

 1. Total (binary) cross sections

 Total           = 1.88064E+03
   Shape elastic   = 9.34626E+02
   Reaction        = 9.46011E+02
     Compound elastic= 9.64536E-02
     Non-elastic     = 9.45915E+02
       Direct          = 8.04565E+01
       Pre-equilibrium = 3.25935E+02
       Giant resonance = 2.23284E+01
       Compound non-el = 5.17195E+02
     Total elastic   = 9.34722E+02

 2. Binary non-elastic cross sections (non-exclusive)

 gamma   = 1.29649E+00
 neutron = 4.55448E+02
 proton  = 3.09775E+02
 deuteron= 3.53100E+01
 triton  = 3.61355E-01
 helium-3= 3.39547E-01
 alpha   = 1.43381E+02

 3. Total particle production cross sections

 gamma   = 2.75235E+02    Multiplicity= 2.90972E-01
 neutron = 8.05887E+02    Multiplicity= 8.51966E-01
 proton  = 5.52902E+02    Multiplicity= 5.84516E-01
 deuteron= 3.53133E+01    Multiplicity= 3.73324E-02
 triton  = 3.61355E-01    Multiplicity= 3.82017E-04
 helium-3= 3.39552E-01    Multiplicity= 3.58967E-04
 alpha   = 2.10931E+02    Multiplicity= 2.22992E-01

 4. Residual production cross sections

   a. Per isotope

   Z   A  nuclide    total     level   isomeric    isomeric    lifetime
                 cross section       cross section  ratio

   14  29 ( 29Si) 6.01017E-01    0    6.01017E-01  1.00000
   14  28 ( 28Si) 1.43539E+02    0    1.43539E+02  1.00000
   13  28 ( 28Al) 6.47130E+01    0    6.47130E+01  1.00000
   14  27 ( 27Si) 5.45177E+00    0    5.45177E+00  1.00000
   13  27 ( 27Al) 5.16712E+02    0    5.16712E+02  1.00000
   12  27 ( 27Mg) 3.44842E+00    0    3.44842E+00  1.00000
   13  26 ( 26Al) 3.61347E-01    0    3.19073E-01  0.88301
                                 1    4.22741E-02  0.11699   6.34500E+00 sec. 
   12  26 ( 26Mg) 3.40649E-01    0    3.40649E-01  1.00000
   12  25 ( 25Mg) 4.16717E+01    0    4.16717E+01  1.00000
   12  24 ( 24Mg) 1.70177E+02    0    1.70177E+02  1.00000
   11  24 ( 24Na) 2.36628E-02    0    2.36628E-02  1.00000
   10  21 ( 21Ne) 4.45825E-02    0    4.45825E-02  1.00000

   b. Per mass

   A  cross section

   29 6.01017E-01
   28 2.08252E+02
   27 5.25612E+02
   26 7.01996E-01
   25 4.16717E+01
   24 1.70201E+02
   21 4.45825E-02

 Total residual production cross section:   947.0839233
 Non-elastic cross section              :   945.9145508

 6. Exclusive cross sections

 6a. Total exclusive cross sections 

     Emitted particles     cross section reaction         level    isomeric    isomeric    lifetime relative yield
    n   p   d   t   h   a                                        cross section   ratio
    0   0   0   0   0   0    6.01017E-01  (n,g)                                                     6.35071E-04
    1   0   0   0   0   0    1.43062E+02  (n,n')                                                    1.51168E-01
    0   1   0   0   0   0    6.45757E+01  (n,p)                                                     6.82345E-02
    0   0   1   0   0   0    3.53677E+01  (n,d)                                                     3.73717E-02
    0   0   0   1   0   0    3.61346E-01  (n,t)                                                     3.81820E-04
                                                             0     3.19072E-01  0.88301
                                                             1     4.22741E-02  0.11699   6.34500E+00 sec. 
    0   0   0   0   1   0    3.39540E-01  (n,h)                                                     3.58779E-04
    0   0   0   0   0   1    4.16180E+01  (n,a)                                                     4.39761E-02
    2   0   0   0   0   0    5.45176E+00  (n,2n)                                                    5.76066E-03
    1   1   0   0   0   0    4.81312E+02  (n,np)                                                    5.08584E-01
    0   2   0   0   0   0    3.44841E+00  (n,2p)                                                    3.64380E-03
    0   1   1   0   0   0    1.10331E-03  (n,pd)                                                    1.16583E-06
    1   0   0   0   0   1    1.70171E+02  (n,na)                                                    1.79813E-01
    0   1   0   0   0   1    2.36628E-02  (n,pa)                                                    2.50035E-05
    0   0   0   0   0   2    4.45825E-02  (n,2a)                                                    4.71086E-05

 Absorption cross section                 :   146.38110

 Sum over exclusive channel cross sections:   946.37805
 (n,gn) + (n,gp) +...(n,ga) cross sections:     0.70586
 Total                                    :   947.08392
 Non-elastic cross section                :   945.91455

 ########## EXCITATION FUNCTIONS ###########

 1. Total (binary) cross sections

   Energy    Non-elastic  Elastic     Total    Comp. el.  Shape el.  Reaction   Comp non-el  Direct   Pre-equil.

  1.00000E-01 1.64355E+00 5.03954E+03 5.04118E+03 2.92049E+03 2.11905E+03 2.92213E+03 1.64355E+00 0.00000E+00 0.0
  2.00000E-01 1.23804E+00 4.90437E+03 4.90561E+03 2.83160E+03 2.07277E+03 2.83284E+03 1.23804E+00 0.00000E+00 0.0
  4.00000E-01 8.88428E-01 4.69040E+03 4.69129E+03 2.59756E+03 2.09284E+03 2.59845E+03 8.88428E-01 0.00000E+00 0.0
  6.00000E-01 7.14111E-01 4.45252E+03 4.45323E+03 2.32016E+03 2.13236E+03 2.32087E+03 7.14111E-01 0.00000E+00 0.0
  8.00000E-01 6.19385E-01 4.22785E+03 4.22847E+03 2.07754E+03 2.15031E+03 2.07816E+03 6.19385E-01 0.00000E+00 0.0
  1.00000E+00 5.69092E-01 4.02704E+03 4.02761E+03 1.88407E+03 2.14297E+03 1.88464E+03 5.69092E-01 0.00000E+00 0.0
  1.20000E+00 5.42725E-01 3.84910E+03 3.84964E+03 1.73454E+03 2.11456E+03 1.73508E+03 5.42725E-01 0.00000E+00 0.0
  1.40000E+00 5.27954E-01 3.69047E+03 3.69100E+03 1.62046E+03 2.07001E+03 1.62099E+03 5.27954E-01 0.00000E+00 0.0
  1.60000E+00 5.29297E-01 3.54722E+03 3.54775E+03 1.53414E+03 2.01308E+03 1.53467E+03 5.29297E-01 0.00000E+00 0.0
  1.80000E+00 5.34912E-01 3.41481E+03 3.41535E+03 1.46948E+03 1.94534E+03 1.47001E+03 5.34912E-01 0.00000E+00 0.0
  2.00000E+00 2.77827E+02 3.01570E+03 3.29353E+03 1.14943E+03 1.86627E+03 1.42726E+03 2.67301E+02 1.05256E+01 0.0
  2.20000E+00 4.19348E+02 2.77531E+03 3.19466E+03 9.80132E+02 1.79518E+03 1.39948E+03 3.93174E+02 2.61737E+01 0.0
  2.40000E+00 4.92600E+02 2.61858E+03 3.11118E+03 8.86580E+02 1.73200E+03 1.37918E+03 4.54513E+02 3.80876E+01 0.0
  2.60000E+00 5.37350E+02 2.49995E+03 3.03730E+03 8.26260E+02 1.67369E+03 1.36361E+03 4.91546E+02 4.58039E+01 0.0
  2.80000E+00 5.68331E+02 2.40156E+03 2.96989E+03 7.83330E+02 1.61823E+03 1.35166E+03 5.17919E+02 5.04111E+01 0.0
  3.00000E+00 5.91982E+02 2.31530E+03 2.90728E+03 7.50678E+02 1.56462E+03 1.34266E+03 5.38963E+02 5.30191E+01 0.0
  3.20000E+00 6.06826E+02 2.20638E+03 2.81322E+03 7.21564E+02 1.48482E+03 1.32839E+03 5.52653E+02 5.41737E+01 0.0
  3.40000E+00 6.23537E+02 2.13441E+03 2.75795E+03 6.99753E+02 1.43466E+03 1.32329E+03 5.68481E+02 5.50564E+01 0.0
  3.60000E+00 6.38468E+02 2.06693E+03 2.70541E+03 6.80932E+02 1.38600E+03 1.31940E+03 5.82875E+02 5.55933E+01 0.0
  3.80000E+00 6.51584E+02 2.00372E+03 2.65530E+03 6.64727E+02 1.33899E+03 1.31631E+03 5.95612E+02 5.59714E+01 0.0
  4.00000E+00 6.62732E+02 1.94470E+03 2.60743E+03 6.50908E+02 1.29379E+03 1.31364E+03 6.06439E+02 5.62933E+01 0.0
  4.20000E+00 6.72943E+02 1.88861E+03 2.56155E+03 6.38147E+02 1.25046E+03 1.31109E+03 6.16329E+02 5.66147E+01 0.0
  4.40000E+00 6.82436E+02 1.83510E+03 2.51754E+03 6.25994E+02 1.20911E+03 1.30843E+03 6.25483E+02 5.69526E+01 0.0
  4.60000E+00 6.91254E+02 1.78403E+03 2.47529E+03 6.14226E+02 1.16980E+03 1.30548E+03 6.33953E+02 5.73014E+01 0.0
  4.80000E+00 7.02366E+02 1.73218E+03 2.43455E+03 5.99324E+02 1.13286E+03 1.30169E+03 6.44735E+02 5.76313E+01 0.0
  5.00000E+00 7.32356E+02 1.66341E+03 2.39577E+03 5.65974E+02 1.09744E+03 1.29833E+03 6.74319E+02 5.80365E+01 0.0
  5.20000E+00 7.60132E+02 1.59844E+03 2.35857E+03 5.34018E+02 1.06442E+03 1.29415E+03 7.01548E+02 5.85847E+01 0.0
  5.40000E+00 7.92492E+02 1.53034E+03 2.32283E+03 4.96928E+02 1.03341E+03 1.28942E+03 7.33299E+02 5.91930E+01 0.0
  5.60000E+00 8.17852E+02 1.47068E+03 2.28853E+03 4.66308E+02 1.00437E+03 1.28416E+03 7.58043E+02 5.98095E+01 0.0
  5.80000E+00 8.40161E+02 1.41547E+03 2.25563E+03 4.38269E+02 9.77204E+02 1.27843E+03 7.79760E+02 6.04007E+01 0.0
  6.00000E+00 8.61535E+02 1.36261E+03 2.22415E+03 4.10775E+02 9.51836E+02 1.27231E+03 8.00592E+02 6.09437E+01 0.0
  6.20000E+00 8.82598E+02 1.31147E+03 2.19407E+03 3.83292E+02 9.28179E+02 1.26589E+03 8.21175E+02 6.14228E+01 0.0
  6.40000E+00 9.03375E+02 1.26202E+03 2.16540E+03 3.55875E+02 9.06147E+02 1.25925E+03 8.41547E+02 6.18277E+01 0.0
  6.60000E+00 9.29802E+02 1.20835E+03 2.13815E+03 3.22688E+02 8.85658E+02 1.25249E+03 8.67649E+02 6.21524E+01 0.0
  6.80000E+00 9.55662E+02 1.15667E+03 2.11233E+03 2.90038E+02 8.66630E+02 1.24570E+03 8.93267E+02 6.23950E+01 0.0
  7.00000E+00 9.78162E+02 1.10978E+03 2.08794E+03 2.60788E+02 8.48989E+02 1.23895E+03 9.15605E+02 6.25564E+01 0.0
  7.20000E+00 1.00195E+03 1.06302E+03 2.06498E+03 2.30357E+02 8.32665E+02 1.23231E+03 9.39312E+02 6.26412E+01 0.0
  7.40000E+00 1.02572E+03 1.01772E+03 2.04344E+03 2.00126E+02 8.17594E+02 1.22585E+03 9.60090E+02 6.56342E+01 0.0
  7.60000E+00 1.04237E+03 9.80946E+02 2.02332E+03 1.77229E+02 8.03717E+02 1.21960E+03 9.74870E+02 6.75013E+01 0.0
  7.80000E+00 1.05961E+03 9.44977E+02 2.00459E+03 1.53999E+02 7.90978E+02 1.21361E+03 9.90739E+02 6.88721E+01 0.0
  8.00000E+00 1.07226E+03 9.14962E+02 1.98722E+03 1.35633E+02 7.79329E+02 1.20789E+03 1.00245E+03 6.98116E+01 0.0
  8.50000E+00 1.09346E+03 8.56079E+02 1.94953E+03 1.01384E+02 7.54695E+02 1.19484E+03 1.02250E+03 7.09531E+01 0.0
  9.00000E+00 1.10745E+03 8.11870E+02 1.91932E+03 7.59804E+01 7.35890E+02 1.18343E+03 1.03613E+03 7.13231E+01 0.0
  9.50000E+00 1.11581E+03 7.79766E+02 1.89558E+03 5.74366E+01 7.22329E+02 1.17325E+03 1.04428E+03 7.15301E+01 0.0
  1.00000E+01 1.11973E+03 7.57438E+02 1.87718E+03 4.40152E+01 7.13423E+02 1.16375E+03 1.04298E+03 7.34120E+01 3.3
  1.20000E+01 1.10828E+03 7.29238E+02 1.83752E+03 1.57949E+01 7.13443E+02 1.12407E+03 9.73702E+02 7.83736E+01 4.0
  1.40000E+01 1.07168E+03 7.56077E+02 1.82776E+03 5.59206E+00 7.50485E+02 1.07727E+03 8.60393E+02 8.55824E+01 1.0
  1.60000E+01 1.02716E+03 8.08545E+02 1.83570E+03 1.89487E+00 8.06650E+02 1.02905E+03 7.38338E+02 8.68189E+01 1.7
  1.80000E+01 9.84432E+02 8.70596E+02 1.85503E+03 2.94378E-01 8.70302E+02 9.84726E+02 6.21181E+02 8.45437E+01 2.5
  2.00000E+01 9.45915E+02 9.34722E+02 1.88064E+03 9.64536E-02 9.34626E+02 9.46011E+02 5.17195E+02 8.04565E+01 3.2

 2. Binary non-elastic cross sections (non-exclusive)

   Energy     gamma      neutron    proton     deuteron   triton     helium-3   alpha   

  1.00000E-01 9.43481E-01 0.00000E+00 0.00000E+00 0.00000E+00 0.00000E+00 0.00000E+00 0.00000E+00                
  2.00000E-01 6.21201E-01 0.00000E+00 0.00000E+00 0.00000E+00 0.00000E+00 0.00000E+00 0.00000E+00                
  4.00000E-01 4.32487E-01 0.00000E+00 0.00000E+00 0.00000E+00 0.00000E+00 0.00000E+00 0.00000E+00                
  6.00000E-01 3.63178E-01 0.00000E+00 0.00000E+00 0.00000E+00 0.00000E+00 0.00000E+00 0.00000E+00                
  8.00000E-01 3.31748E-01 0.00000E+00 0.00000E+00 0.00000E+00 0.00000E+00 0.00000E+00 0.00000E+00                
  1.00000E+00 3.17219E-01 0.00000E+00 0.00000E+00 0.00000E+00 0.00000E+00 0.00000E+00 0.00000E+00                
  1.20000E+00 3.15748E-01 0.00000E+00 0.00000E+00 0.00000E+00 0.00000E+00 0.00000E+00 0.00000E+00                
  1.40000E+00 3.19177E-01 0.00000E+00 0.00000E+00 0.00000E+00 0.00000E+00 0.00000E+00 0.00000E+00                
  1.60000E+00 3.27713E-01 0.00000E+00 0.00000E+00 0.00000E+00 0.00000E+00 0.00000E+00 0.00000E+00                
  1.80000E+00 3.40508E-01 0.00000E+00 0.00000E+00 0.00000E+00 0.00000E+00 0.00000E+00 0.00000E+00                
  2.00000E+00 1.78019E-01 2.77595E+02 0.00000E+00 0.00000E+00 0.00000E+00 0.00000E+00 0.00000E+00                
  2.20000E+00 1.44924E-01 4.19171E+02 0.00000E+00 0.00000E+00 0.00000E+00 0.00000E+00 0.00000E+00                
  2.40000E+00 1.34315E-01 4.92440E+02 0.00000E+00 0.00000E+00 0.00000E+00 0.00000E+00 0.00000E+00                
  2.60000E+00 1.32197E-01 5.37197E+02 0.00000E+00 0.00000E+00 0.00000E+00 0.00000E+00 0.00000E+00                
  2.80000E+00 1.34155E-01 5.68178E+02 0.00000E+00 0.00000E+00 0.00000E+00 0.00000E+00 0.00000E+00                
  3.00000E+00 1.38677E-01 5.91823E+02 0.00000E+00 0.00000E+00 0.00000E+00 0.00000E+00 0.00000E+00                
  3.20000E+00 1.44616E-01 6.06671E+02 0.00000E+00 0.00000E+00 0.00000E+00 0.00000E+00 0.00000E+00                
  3.40000E+00 1.52780E-01 6.23369E+02 0.00000E+00 0.00000E+00 0.00000E+00 0.00000E+00 0.00000E+00                
  3.60000E+00 1.62155E-01 6.38295E+02 0.00000E+00 0.00000E+00 0.00000E+00 0.00000E+00 0.00000E+00                
  3.80000E+00 1.73323E-01 6.51398E+02 0.00000E+00 0.00000E+00 0.00000E+00 0.00000E+00 0.00000E+00                
  4.00000E+00 1.86074E-01 6.62529E+02 0.00000E+00 0.00000E+00 0.00000E+00 0.00000E+00 1.16542E-05                
  4.20000E+00 2.00359E-01 6.72732E+02 0.00000E+00 0.00000E+00 0.00000E+00 0.00000E+00 2.52298E-04                
  4.40000E+00 2.16340E-01 6.82203E+02 2.28758E-03 0.00000E+00 0.00000E+00 0.00000E+00 2.69966E-03                
  4.60000E+00 2.34160E-01 6.90898E+02 9.10163E-02 0.00000E+00 0.00000E+00 0.00000E+00 1.78033E-02                
  4.80000E+00 2.45735E-01 7.01210E+02 8.20149E-01 0.00000E+00 0.00000E+00 0.00000E+00 8.10290E-02                
  5.00000E+00 2.45870E-01 7.28466E+02 3.35600E+00 0.00000E+00 0.00000E+00 0.00000E+00 2.80335E-01                
  5.20000E+00 2.53315E-01 7.49564E+02 9.50274E+00 0.00000E+00 0.00000E+00 0.00000E+00 8.09855E-01                
  5.40000E+00 2.57255E-01 7.69525E+02 2.07066E+01 0.00000E+00 0.00000E+00 0.00000E+00 1.99438E+00                
  5.60000E+00 2.65171E-01 7.75200E+02 3.80295E+01 0.00000E+00 0.00000E+00 0.00000E+00 4.34968E+00                
  5.80000E+00 2.75069E-01 7.69983E+02 6.13747E+01 0.00000E+00 0.00000E+00 0.00000E+00 8.52399E+00                
  6.00000E+00 2.85384E-01 7.56561E+02 8.94848E+01 0.00000E+00 0.00000E+00 0.00000E+00 1.52017E+01                
  6.20000E+00 2.95362E-01 7.37049E+02 1.20303E+02 0.00000E+00 0.00000E+00 0.00000E+00 2.49452E+01                
  6.40000E+00 3.04723E-01 7.13185E+02 1.51856E+02 0.00000E+00 0.00000E+00 0.00000E+00 3.80264E+01                
  6.60000E+00 3.06498E-01 6.98278E+02 1.78331E+02 0.00000E+00 0.00000E+00 0.00000E+00 5.28830E+01                
  6.80000E+00 3.05671E-01 6.86571E+02 1.99142E+02 0.00000E+00 0.00000E+00 0.00000E+00 6.96362E+01                
  7.00000E+00 3.06687E-01 6.69666E+02 2.20245E+02 0.00000E+00 0.00000E+00 0.00000E+00 8.79385E+01                
  7.20000E+00 3.01094E-01 6.60858E+02 2.36115E+02 0.00000E+00 0.00000E+00 0.00000E+00 1.04677E+02                
  7.40000E+00 2.91411E-01 6.59572E+02 2.47198E+02 0.00000E+00 0.00000E+00 0.00000E+00 1.18658E+02                
  7.60000E+00 2.89175E-01 6.47648E+02 2.61493E+02 0.00000E+00 0.00000E+00 0.00000E+00 1.32942E+02                
  7.80000E+00 2.81663E-01 6.46920E+02 2.69083E+02 0.00000E+00 0.00000E+00 0.00000E+00 1.43325E+02                
  8.00000E+00 2.78061E-01 6.41768E+02 2.75856E+02 0.00000E+00 0.00000E+00 0.00000E+00 1.54355E+02                
  8.50000E+00 2.78069E-01 6.21024E+02 2.95017E+02 0.00000E+00 0.00000E+00 0.00000E+00 1.77135E+02                
  9.00000E+00 2.80257E-01 6.04499E+02 3.11800E+02 0.00000E+00 0.00000E+00 0.00000E+00 1.90868E+02                
  9.50000E+00 2.86733E-01 5.89911E+02 3.27497E+02 0.00000E+00 0.00000E+00 0.00000E+00 1.98118E+02                
  1.00000E+01 5.19912E-01 5.75962E+02 3.42314E+02 6.73847E-13 0.00000E+00 0.00000E+00 2.00941E+02                
  1.20000E+01 7.48021E-01 5.47307E+02 3.66889E+02 4.78089E+00 0.00000E+00 0.00000E+00 1.88553E+02                
  1.40000E+01 1.00996E+00 5.12944E+02 3.67148E+02 1.72908E+01 0.00000E+00 1.15874E-06 1.73288E+02                
  1.60000E+01 1.19087E+00 4.86377E+02 3.53242E+02 2.52687E+01 0.00000E+00 1.85310E-02 1.61060E+02                
  1.80000E+01 1.26636E+00 4.67667E+02 3.32880E+02 3.06728E+01 3.25986E-03 1.44124E-01 1.51795E+02                
  2.00000E+01 1.29649E+00 4.55448E+02 3.09775E+02 3.53100E+01 3.61355E-01 3.39547E-01 1.43381E+02                

 3. Total particle production cross sections

 gamma    production

 Energy   Cross section Multiplicity

  1.00000E-01 1.01730E+00 6.18964E-01                                            
  2.00000E-01 6.77003E-01 5.46836E-01                                            
  4.00000E-01 4.78099E-01 5.38141E-01                                            
  6.00000E-01 4.06862E-01 5.69746E-01                                            
  8.00000E-01 3.76223E-01 6.07414E-01                                            
  1.00000E+00 3.63646E-01 6.38994E-01                                            
  1.20000E+00 3.66640E-01 6.75554E-01                                            
  1.40000E+00 3.74344E-01 7.09046E-01                                            
  1.60000E+00 3.88020E-01 7.33086E-01                                            
  1.80000E+00 4.06811E-01 7.60519E-01                                            
  2.00000E+00 2.13684E-01 7.69126E-04                                            
  2.20000E+00 1.74804E-01 4.16846E-04                                            
  2.40000E+00 1.62277E-01 3.29429E-04                                            
  2.60000E+00 1.60276E-01 2.98271E-04                                            
  2.80000E+00 1.63363E-01 2.87443E-04                                            
  3.00000E+00 1.69896E-01 2.86996E-04                                            
  3.20000E+00 1.77763E-01 2.92939E-04                                            
  3.40000E+00 1.88696E-01 3.02622E-04                                            
  3.60000E+00 2.01222E-01 3.15164E-04                                            
  3.80000E+00 2.15527E-01 3.30774E-04                                            
  4.00000E+00 2.32486E-01 3.50799E-04                                            
  4.20000E+00 2.50808E-01 3.72703E-04                                            
  4.40000E+00 2.72101E-01 3.98720E-04                                            
  4.60000E+00 2.95276E-01 4.27159E-04                                            
  4.80000E+00 3.09592E-01 4.40785E-04                                            
  5.00000E+00 3.08442E-01 4.21164E-04                                            
  5.20000E+00 3.18191E-01 4.18599E-04                                            
  5.40000E+00 3.25504E-01 4.10734E-04                                            
  5.60000E+00 3.36358E-01 4.11269E-04                                            
  5.80000E+00 3.50058E-01 4.16656E-04                                            
  6.00000E+00 3.65189E-01 4.23882E-04                                            
  6.20000E+00 3.77950E-01 4.28224E-04                                            
  6.40000E+00 3.90511E-01 4.32280E-04                                            
  6.60000E+00 3.93958E-01 4.23701E-04                                            
  6.80000E+00 3.94347E-01 4.12643E-04                                            
  7.00000E+00 3.94437E-01 4.03243E-04                                            
  7.20000E+00 3.93272E-01 3.92506E-04                                            
  7.40000E+00 4.39538E-01 4.28515E-04                                            
  7.60000E+00 7.04628E-01 6.75986E-04                                            
  7.80000E+00 1.46238E+00 1.38011E-03                                            
  8.00000E+00 3.18209E+00 2.96765E-03                                            
  8.50000E+00 1.50477E+01 1.37616E-02                                            
  9.00000E+00 4.11534E+01 3.71605E-02                                            
  9.50000E+00 7.89718E+01 7.07751E-02                                            
  1.00000E+01 1.25702E+02 1.12260E-01                                            
  1.20000E+01 4.67670E+02 4.21980E-01                                            
  1.40000E+01 6.50206E+02 6.06717E-01                                            
  1.60000E+01 4.93726E+02 4.80673E-01                                            
  1.80000E+01 3.22478E+02 3.27578E-01                                            
  2.00000E+01 2.75235E+02 2.90972E-01                                            

 neutron  production

 Energy   Cross section Multiplicity

  1.00000E-01 1.63270E-06 9.93395E-07                                            
  2.00000E-01 7.22079E-06 5.83245E-06                                            
  4.00000E-01 3.58960E-05 4.04040E-05                                            
  6.00000E-01 1.44801E-04 2.02771E-04                                            
  8.00000E-01 3.66661E-04 5.91977E-04                                            
  1.00000E+00 6.98118E-04 1.22672E-03                                            
  1.20000E+00 1.18589E-03 2.18507E-03                                            
  1.40000E+00 1.96163E-03 3.71554E-03                                            
  1.60000E+00 2.95466E-03 5.58223E-03                                            
  1.80000E+00 4.23832E-03 7.92340E-03                                            
  2.00000E+00 2.77598E+02 9.99176E-01                                            
  2.20000E+00 4.19174E+02 9.99585E-01                                            
  2.40000E+00 4.92443E+02 9.99681E-01                                            
  2.60000E+00 5.37201E+02 9.99723E-01                                            
  2.80000E+00 5.68183E+02 9.99741E-01                                            
  3.00000E+00 5.91829E+02 9.99742E-01                                            
  3.20000E+00 6.06679E+02 9.99758E-01                                            
  3.40000E+00 6.23379E+02 9.99747E-01                                            
  3.60000E+00 6.38308E+02 9.99749E-01                                            
  3.80000E+00 6.51414E+02 9.99739E-01                                            
  4.00000E+00 6.62549E+02 9.99723E-01                                            
  4.20000E+00 6.72756E+02 9.99722E-01                                            
  4.40000E+00 6.82231E+02 9.99700E-01                                            
  4.60000E+00 6.90933E+02 9.99535E-01                                            
  4.80000E+00 7.01250E+02 9.98410E-01                                            
  5.00000E+00 7.28510E+02 9.94749E-01                                            
  5.20000E+00 7.49613E+02 9.86161E-01                                            
  5.40000E+00 7.69579E+02 9.71087E-01                                            
  5.60000E+00 7.75261E+02 9.47923E-01                                            
  5.80000E+00 7.70051E+02 9.16552E-01                                            
  6.00000E+00 7.56635E+02 8.78241E-01                                            
  6.20000E+00 7.37132E+02 8.35184E-01                                            
  6.40000E+00 7.13277E+02 7.89569E-01                                            
  6.60000E+00 6.98375E+02 7.51101E-01                                            
  6.80000E+00 6.86672E+02 7.18531E-01                                            
  7.00000E+00 6.69775E+02 6.84728E-01                                            
  7.20000E+00 6.60971E+02 6.59683E-01                                            
  7.40000E+00 6.59685E+02 6.43141E-01                                            
  7.60000E+00 6.47764E+02 6.21434E-01                                            
  7.80000E+00 6.47040E+02 6.10639E-01                                            
  8.00000E+00 6.41892E+02 5.98636E-01                                            
  8.50000E+00 6.21159E+02 5.68069E-01                                            
  9.00000E+00 6.04647E+02 5.45981E-01                                            
  9.50000E+00 5.90069E+02 5.28824E-01                                            
  1.00000E+01 5.76146E+02 5.14538E-01                                            
  1.20000E+01 5.47562E+02 4.94067E-01                                            
  1.40000E+01 5.27909E+02 4.92600E-01                                            
  1.60000E+01 6.47869E+02 6.30741E-01                                            
  1.80000E+01 7.58684E+02 7.70683E-01                                            
  2.00000E+01 8.05887E+02 8.51966E-01                                            

 proton   production

 Energy   Cross section Multiplicity

  1.00000E-01 0.00000E+00 0.00000E+00                                            
  2.00000E-01 0.00000E+00 0.00000E+00                                            
  4.00000E-01 0.00000E+00 0.00000E+00                                            
  6.00000E-01 0.00000E+00 0.00000E+00                                            
  8.00000E-01 0.00000E+00 0.00000E+00                                            
  1.00000E+00 0.00000E+00 0.00000E+00                                            
  1.20000E+00 0.00000E+00 0.00000E+00                                            
  1.40000E+00 0.00000E+00 0.00000E+00                                            
  1.60000E+00 0.00000E+00 0.00000E+00                                            
  1.80000E+00 0.00000E+00 0.00000E+00                                            
  2.00000E+00 0.00000E+00 0.00000E+00                                            
  2.20000E+00 0.00000E+00 0.00000E+00                                            
  2.40000E+00 0.00000E+00 0.00000E+00                                            
  2.60000E+00 0.00000E+00 0.00000E+00                                            
  2.80000E+00 0.00000E+00 0.00000E+00                                            
  3.00000E+00 0.00000E+00 0.00000E+00                                            
  3.20000E+00 0.00000E+00 0.00000E+00                                            
  3.40000E+00 0.00000E+00 0.00000E+00                                            
  3.60000E+00 0.00000E+00 0.00000E+00                                            
  3.80000E+00 0.00000E+00 0.00000E+00                                            
  4.00000E+00 0.00000E+00 0.00000E+00                                            
  4.20000E+00 0.00000E+00 0.00000E+00                                            
  4.40000E+00 2.28758E-03 3.35208E-06                                            
  4.60000E+00 9.10163E-02 1.31668E-04                                            
  4.80000E+00 8.20149E-01 1.16769E-03                                            
  5.00000E+00 3.35600E+00 4.58247E-03                                            
  5.20000E+00 9.50274E+00 1.25014E-02                                            
  5.40000E+00 2.07066E+01 2.61284E-02                                            
  5.60000E+00 3.80295E+01 4.64992E-02                                            
  5.80000E+00 6.13748E+01 7.30512E-02                                            
  6.00000E+00 8.94848E+01 1.03867E-01                                            
  6.20000E+00 1.20303E+02 1.36305E-01                                            
  6.40000E+00 1.51856E+02 1.68098E-01                                            
  6.60000E+00 1.78331E+02 1.91795E-01                                            
  6.80000E+00 1.99142E+02 2.08381E-01                                            
  7.00000E+00 2.20245E+02 2.25162E-01                                            
  7.20000E+00 2.36115E+02 2.35655E-01                                            
  7.40000E+00 2.47198E+02 2.40999E-01                                            
  7.60000E+00 2.61493E+02 2.50864E-01                                            
  7.80000E+00 2.69084E+02 2.53945E-01                                            
  8.00000E+00 2.75857E+02 2.57268E-01                                            
  8.50000E+00 2.95019E+02 2.69804E-01                                            
  9.00000E+00 3.11804E+02 2.81551E-01                                            
  9.50000E+00 3.27502E+02 2.93510E-01                                            
  1.00000E+01 3.42323E+02 3.05718E-01                                            
  1.20000E+01 3.66914E+02 3.31067E-01                                            
  1.40000E+01 4.48790E+02 4.18773E-01                                            
  1.60000E+01 5.35292E+02 5.21141E-01                                            
  1.80000E+01 5.57522E+02 5.66339E-01                                            
  2.00000E+01 5.52902E+02 5.84516E-01                                            

 deuteron production

 Energy   Cross section Multiplicity

  1.00000E-01 0.00000E+00 0.00000E+00                                            
  2.00000E-01 0.00000E+00 0.00000E+00                                            
  4.00000E-01 0.00000E+00 0.00000E+00                                            
  6.00000E-01 0.00000E+00 0.00000E+00                                            
  8.00000E-01 0.00000E+00 0.00000E+00                                            
  1.00000E+00 0.00000E+00 0.00000E+00                                            
  1.20000E+00 0.00000E+00 0.00000E+00                                            
  1.40000E+00 0.00000E+00 0.00000E+00                                            
  1.60000E+00 0.00000E+00 0.00000E+00                                            
  1.80000E+00 0.00000E+00 0.00000E+00                                            
  2.00000E+00 0.00000E+00 0.00000E+00                                            
  2.20000E+00 0.00000E+00 0.00000E+00                                            
  2.40000E+00 0.00000E+00 0.00000E+00                                            
  2.60000E+00 0.00000E+00 0.00000E+00                                            
  2.80000E+00 0.00000E+00 0.00000E+00                                            
  3.00000E+00 0.00000E+00 0.00000E+00                                            
  3.20000E+00 0.00000E+00 0.00000E+00                                            
  3.40000E+00 0.00000E+00 0.00000E+00                                            
  3.60000E+00 0.00000E+00 0.00000E+00                                            
  3.80000E+00 0.00000E+00 0.00000E+00                                            
  4.00000E+00 0.00000E+00 0.00000E+00                                            
  4.20000E+00 0.00000E+00 0.00000E+00                                            
  4.40000E+00 0.00000E+00 0.00000E+00                                            
  4.60000E+00 0.00000E+00 0.00000E+00                                            
  4.80000E+00 0.00000E+00 0.00000E+00                                            
  5.00000E+00 0.00000E+00 0.00000E+00                                            
  5.20000E+00 0.00000E+00 0.00000E+00                                            
  5.40000E+00 0.00000E+00 0.00000E+00                                            
  5.60000E+00 0.00000E+00 0.00000E+00                                            
  5.80000E+00 0.00000E+00 0.00000E+00                                            
  6.00000E+00 0.00000E+00 0.00000E+00                                            
  6.20000E+00 0.00000E+00 0.00000E+00                                            
  6.40000E+00 0.00000E+00 0.00000E+00                                            
  6.60000E+00 0.00000E+00 0.00000E+00                                            
  6.80000E+00 0.00000E+00 0.00000E+00                                            
  7.00000E+00 0.00000E+00 0.00000E+00                                            
  7.20000E+00 0.00000E+00 0.00000E+00                                            
  7.40000E+00 0.00000E+00 0.00000E+00                                            
  7.60000E+00 0.00000E+00 0.00000E+00                                            
  7.80000E+00 0.00000E+00 0.00000E+00                                            
  8.00000E+00 0.00000E+00 0.00000E+00                                            
  8.50000E+00 0.00000E+00 0.00000E+00                                            
  9.00000E+00 0.00000E+00 0.00000E+00                                            
  9.50000E+00 0.00000E+00 0.00000E+00                                            
  1.00000E+01 6.73847E-13 6.01791E-16                                            
  1.20000E+01 4.78089E+00 4.31382E-03                                            
  1.40000E+01 1.72909E+01 1.61345E-02                                            
  1.60000E+01 2.52693E+01 2.46013E-02                                            
  1.80000E+01 3.06746E+01 3.11597E-02                                            
  2.00000E+01 3.53133E+01 3.73324E-02                                            

 triton   production

 Energy   Cross section Multiplicity

  1.00000E-01 0.00000E+00 0.00000E+00                                            
  2.00000E-01 0.00000E+00 0.00000E+00                                            
  4.00000E-01 0.00000E+00 0.00000E+00                                            
  6.00000E-01 0.00000E+00 0.00000E+00                                            
  8.00000E-01 0.00000E+00 0.00000E+00                                            
  1.00000E+00 0.00000E+00 0.00000E+00                                            
  1.20000E+00 0.00000E+00 0.00000E+00                                            
  1.40000E+00 0.00000E+00 0.00000E+00                                            
  1.60000E+00 0.00000E+00 0.00000E+00                                            
  1.80000E+00 0.00000E+00 0.00000E+00                                            
  2.00000E+00 0.00000E+00 0.00000E+00                                            
  2.20000E+00 0.00000E+00 0.00000E+00                                            
  2.40000E+00 0.00000E+00 0.00000E+00                                            
  2.60000E+00 0.00000E+00 0.00000E+00                                            
  2.80000E+00 0.00000E+00 0.00000E+00                                            
  3.00000E+00 0.00000E+00 0.00000E+00                                            
  3.20000E+00 0.00000E+00 0.00000E+00                                            
  3.40000E+00 0.00000E+00 0.00000E+00                                            
  3.60000E+00 0.00000E+00 0.00000E+00                                            
  3.80000E+00 0.00000E+00 0.00000E+00                                            
  4.00000E+00 0.00000E+00 0.00000E+00                                            
  4.20000E+00 0.00000E+00 0.00000E+00                                            
  4.40000E+00 0.00000E+00 0.00000E+00                                            
  4.60000E+00 0.00000E+00 0.00000E+00                                            
  4.80000E+00 0.00000E+00 0.00000E+00                                            
  5.00000E+00 0.00000E+00 0.00000E+00                                            
  5.20000E+00 0.00000E+00 0.00000E+00                                            
  5.40000E+00 0.00000E+00 0.00000E+00                                            
  5.60000E+00 0.00000E+00 0.00000E+00                                            
  5.80000E+00 0.00000E+00 0.00000E+00                                            
  6.00000E+00 0.00000E+00 0.00000E+00                                            
  6.20000E+00 0.00000E+00 0.00000E+00                                            
  6.40000E+00 0.00000E+00 0.00000E+00                                            
  6.60000E+00 0.00000E+00 0.00000E+00                                            
  6.80000E+00 0.00000E+00 0.00000E+00                                            
  7.00000E+00 0.00000E+00 0.00000E+00                                            
  7.20000E+00 0.00000E+00 0.00000E+00                                            
  7.40000E+00 0.00000E+00 0.00000E+00                                            
  7.60000E+00 0.00000E+00 0.00000E+00                                            
  7.80000E+00 0.00000E+00 0.00000E+00                                            
  8.00000E+00 0.00000E+00 0.00000E+00                                            
  8.50000E+00 0.00000E+00 0.00000E+00                                            
  9.00000E+00 0.00000E+00 0.00000E+00                                            
  9.50000E+00 0.00000E+00 0.00000E+00                                            
  1.00000E+01 0.00000E+00 0.00000E+00                                            
  1.20000E+01 0.00000E+00 0.00000E+00                                            
  1.40000E+01 0.00000E+00 0.00000E+00                                            
  1.60000E+01 0.00000E+00 0.00000E+00                                            
  1.80000E+01 3.25986E-03 3.31142E-06                                            
  2.00000E+01 3.61355E-01 3.82017E-04                                            

 helium-3 production

 Energy   Cross section Multiplicity

  1.00000E-01 0.00000E+00 0.00000E+00                                            
  2.00000E-01 0.00000E+00 0.00000E+00                                            
  4.00000E-01 0.00000E+00 0.00000E+00                                            
  6.00000E-01 0.00000E+00 0.00000E+00                                            
  8.00000E-01 0.00000E+00 0.00000E+00                                            
  1.00000E+00 0.00000E+00 0.00000E+00                                            
  1.20000E+00 0.00000E+00 0.00000E+00                                            
  1.40000E+00 0.00000E+00 0.00000E+00                                            
  1.60000E+00 0.00000E+00 0.00000E+00                                            
  1.80000E+00 0.00000E+00 0.00000E+00                                            
  2.00000E+00 0.00000E+00 0.00000E+00                                            
  2.20000E+00 0.00000E+00 0.00000E+00                                            
  2.40000E+00 0.00000E+00 0.00000E+00                                            
  2.60000E+00 0.00000E+00 0.00000E+00                                            
  2.80000E+00 0.00000E+00 0.00000E+00                                            
  3.00000E+00 0.00000E+00 0.00000E+00                                            
  3.20000E+00 0.00000E+00 0.00000E+00                                            
  3.40000E+00 0.00000E+00 0.00000E+00                                            
  3.60000E+00 0.00000E+00 0.00000E+00                                            
  3.80000E+00 0.00000E+00 0.00000E+00                                            
  4.00000E+00 0.00000E+00 0.00000E+00                                            
  4.20000E+00 0.00000E+00 0.00000E+00                                            
  4.40000E+00 0.00000E+00 0.00000E+00                                            
  4.60000E+00 0.00000E+00 0.00000E+00                                            
  4.80000E+00 0.00000E+00 0.00000E+00                                            
  5.00000E+00 0.00000E+00 0.00000E+00                                            
  5.20000E+00 0.00000E+00 0.00000E+00                                            
  5.40000E+00 0.00000E+00 0.00000E+00                                            
  5.60000E+00 0.00000E+00 0.00000E+00                                            
  5.80000E+00 0.00000E+00 0.00000E+00                                            
  6.00000E+00 0.00000E+00 0.00000E+00                                            
  6.20000E+00 0.00000E+00 0.00000E+00                                            
  6.40000E+00 0.00000E+00 0.00000E+00                                            
  6.60000E+00 0.00000E+00 0.00000E+00                                            
  6.80000E+00 0.00000E+00 0.00000E+00                                            
  7.00000E+00 0.00000E+00 0.00000E+00                                            
  7.20000E+00 0.00000E+00 0.00000E+00                                            
  7.40000E+00 0.00000E+00 0.00000E+00                                            
  7.60000E+00 0.00000E+00 0.00000E+00                                            
  7.80000E+00 0.00000E+00 0.00000E+00                                            
  8.00000E+00 0.00000E+00 0.00000E+00                                            
  8.50000E+00 0.00000E+00 0.00000E+00                                            
  9.00000E+00 0.00000E+00 0.00000E+00                                            
  9.50000E+00 0.00000E+00 0.00000E+00                                            
  1.00000E+01 0.00000E+00 0.00000E+00                                            
  1.20000E+01 0.00000E+00 0.00000E+00                                            
  1.40000E+01 1.15874E-06 1.08124E-09                                            
  1.60000E+01 1.85310E-02 1.80411E-05                                            
  1.80000E+01 1.44124E-01 1.46404E-04                                            
  2.00000E+01 3.39552E-01 3.58967E-04                                            

 alpha    production

 Energy   Cross section Multiplicity

  1.00000E-01 0.00000E+00 0.00000E+00                                            
  2.00000E-01 0.00000E+00 0.00000E+00                                            
  4.00000E-01 0.00000E+00 0.00000E+00                                            
  6.00000E-01 0.00000E+00 0.00000E+00                                            
  8.00000E-01 0.00000E+00 0.00000E+00                                            
  1.00000E+00 0.00000E+00 0.00000E+00                                            
  1.20000E+00 0.00000E+00 0.00000E+00                                            
  1.40000E+00 0.00000E+00 0.00000E+00                                            
  1.60000E+00 0.00000E+00 0.00000E+00                                            
  1.80000E+00 0.00000E+00 0.00000E+00                                            
  2.00000E+00 0.00000E+00 0.00000E+00                                            
  2.20000E+00 0.00000E+00 0.00000E+00                                            
  2.40000E+00 0.00000E+00 0.00000E+00                                            
  2.60000E+00 0.00000E+00 0.00000E+00                                            
  2.80000E+00 0.00000E+00 0.00000E+00                                            
  3.00000E+00 0.00000E+00 0.00000E+00                                            
  3.20000E+00 0.00000E+00 0.00000E+00                                            
  3.40000E+00 0.00000E+00 0.00000E+00                                            
  3.60000E+00 0.00000E+00 0.00000E+00                                            
  3.80000E+00 0.00000E+00 0.00000E+00                                            
  4.00000E+00 1.16542E-05 1.75851E-08                                            
  4.20000E+00 2.52298E-04 3.74917E-07                                            
  4.40000E+00 2.69966E-03 3.95591E-06                                            
  4.60000E+00 1.78033E-02 2.57550E-05                                            
  4.80000E+00 8.10290E-02 1.15366E-04                                            
  5.00000E+00 2.80335E-01 3.82786E-04                                            
  5.20000E+00 8.09855E-01 1.06541E-03                                            
  5.40000E+00 1.99438E+00 2.51660E-03                                            
  5.60000E+00 4.34968E+00 5.31842E-03                                            
  5.80000E+00 8.52399E+00 1.01457E-02                                            
  6.00000E+00 1.52017E+01 1.76449E-02                                            
  6.20000E+00 2.49452E+01 2.82634E-02                                            
  6.40000E+00 3.80264E+01 4.20937E-02                                            
  6.60000E+00 5.28830E+01 5.68756E-02                                            
  6.80000E+00 6.96362E+01 7.28670E-02                                            
  7.00000E+00 8.79386E+01 8.99019E-02                                            
  7.20000E+00 1.04677E+02 1.04473E-01                                            
  7.40000E+00 1.18658E+02 1.15682E-01                                            
  7.60000E+00 1.32942E+02 1.27538E-01                                            
  7.80000E+00 1.43326E+02 1.35262E-01                                            
  8.00000E+00 1.54355E+02 1.43954E-01                                            
  8.50000E+00 1.77135E+02 1.61996E-01                                            
  9.00000E+00 1.90869E+02 1.72350E-01                                            
  9.50000E+00 1.98120E+02 1.77556E-01                                            
  1.00000E+01 2.00943E+02 1.79456E-01                                            
  1.20000E+01 1.88661E+02 1.70229E-01                                            
  1.40000E+01 1.89972E+02 1.77265E-01                                            
  1.60000E+01 1.97203E+02 1.91990E-01                                            
  1.80000E+01 2.09661E+02 2.12976E-01                                            
  2.00000E+01 2.10931E+02 2.22992E-01                                            

 4. Residual production cross sections

 Production of Z= 14 A= 29 ( 29Si) - Total

 Q-value    =   8.473607
 E-threshold=   0.000000

 Energy   Cross section

  1.00000E-01 9.43479E-01                                                        
  2.00000E-01 6.21193E-01                                                        
  4.00000E-01 4.32451E-01                                                        
  6.00000E-01 3.63033E-01                                                        
  8.00000E-01 3.31381E-01                                                        
  1.00000E+00 3.16521E-01                                                        
  1.20000E+00 3.14562E-01                                                        
  1.40000E+00 3.17215E-01                                                        
  1.60000E+00 3.24758E-01                                                        
  1.80000E+00 3.36270E-01                                                        
  2.00000E+00 1.75181E-01                                                        
  2.20000E+00 1.42056E-01                                                        
  2.40000E+00 1.30896E-01                                                        
  2.60000E+00 1.27968E-01                                                        
  2.80000E+00 1.28899E-01                                                        
  3.00000E+00 1.32331E-01                                                        
  3.20000E+00 1.36466E-01                                                        
  3.40000E+00 1.42471E-01                                                        
  3.60000E+00 1.49452E-01                                                        
  3.80000E+00 1.57264E-01                                                        
  4.00000E+00 1.66632E-01                                                        
  4.20000E+00 1.76244E-01                                                        
  4.40000E+00 1.87543E-01                                                        
  4.60000E+00 1.99290E-01                                                        
  4.80000E+00 2.05790E-01                                                        
  5.00000E+00 2.01988E-01                                                        
  5.20000E+00 2.04200E-01                                                        
  5.40000E+00 2.03466E-01                                                        
  5.60000E+00 2.04392E-01                                                        
  5.80000E+00 2.07141E-01                                                        
  6.00000E+00 2.10794E-01                                                        
  6.20000E+00 2.12007E-01                                                        
  6.40000E+00 2.13105E-01                                                        
  6.60000E+00 2.09659E-01                                                        
  6.80000E+00 2.04025E-01                                                        
  7.00000E+00 1.97325E-01                                                        
  7.20000E+00 1.87975E-01                                                        
  7.40000E+00 1.77793E-01                                                        
  7.60000E+00 1.71761E-01                                                        
  7.80000E+00 1.60753E-01                                                        
  8.00000E+00 1.52921E-01                                                        
  8.50000E+00 1.40990E-01                                                        
  9.00000E+00 1.28189E-01                                                        
  9.50000E+00 1.20894E-01                                                        
  1.00000E+01 3.25916E-01                                                        
  1.20000E+01 4.61356E-01                                                        
  1.40000E+01 6.20050E-01                                                        
  1.60000E+01 6.99928E-01                                                        
  1.80000E+01 6.76781E-01                                                        
  2.00000E+01 6.01017E-01                                                        

 Production of Z= 14 A= 28 ( 28Si) - Total

 Q-value    =   0.000001
 E-threshold=   0.000000

 Energy   Cross section

  1.00000E-01 0.00000E+00                                                        
  2.00000E-01 0.00000E+00                                                        
  4.00000E-01 0.00000E+00                                                        
  6.00000E-01 0.00000E+00                                                        
  8.00000E-01 0.00000E+00                                                        
  1.00000E+00 0.00000E+00                                                        
  1.20000E+00 1.18589E-03                                                        
  1.40000E+00 1.96163E-03                                                        
  1.60000E+00 2.95466E-03                                                        
  1.80000E+00 4.23832E-03                                                        
  2.00000E+00 2.77598E+02                                                        
  2.20000E+00 4.19174E+02                                                        
  2.40000E+00 4.92443E+02                                                        
  2.60000E+00 5.37201E+02                                                        
  2.80000E+00 5.68183E+02                                                        
  3.00000E+00 5.91829E+02                                                        
  3.20000E+00 6.06679E+02                                                        
  3.40000E+00 6.23379E+02                                                        
  3.60000E+00 6.38308E+02                                                        
  3.80000E+00 6.51414E+02                                                        
  4.00000E+00 6.62549E+02                                                        
  4.20000E+00 6.72756E+02                                                        
  4.40000E+00 6.82231E+02                                                        
  4.60000E+00 6.90933E+02                                                        
  4.80000E+00 7.01249E+02                                                        
  5.00000E+00 7.28510E+02                                                        
  5.20000E+00 7.49613E+02                                                        
  5.40000E+00 7.69579E+02                                                        
  5.60000E+00 7.75261E+02                                                        
  5.80000E+00 7.70051E+02                                                        
  6.00000E+00 7.56635E+02                                                        
  6.20000E+00 7.37132E+02                                                        
  6.40000E+00 7.13277E+02                                                        
  6.60000E+00 6.98375E+02                                                        
  6.80000E+00 6.86673E+02                                                        
  7.00000E+00 6.69775E+02                                                        
  7.20000E+00 6.60971E+02                                                        
  7.40000E+00 6.59685E+02                                                        
  7.60000E+00 6.47764E+02                                                        
  7.80000E+00 6.47040E+02                                                        
  8.00000E+00 6.41892E+02                                                        
  8.50000E+00 6.21159E+02                                                        
  9.00000E+00 6.04647E+02                                                        
  9.50000E+00 5.90069E+02                                                        
  1.00000E+01 5.76146E+02                                                        
  1.20000E+01 5.47463E+02                                                        
  1.40000E+01 4.15010E+02                                                        
  1.60000E+01 2.68677E+02                                                        
  1.80000E+01 1.86026E+02                                                        
  2.00000E+01 1.43539E+02                                                        

 Production of Z= 13 A= 28 ( 28Al) - Total

 Q-value    =  -3.859725
 E-threshold=   3.998881

 Energy   Cross section

  1.00000E-01 0.00000E+00                                                        
  2.00000E-01 0.00000E+00                                                        
  4.00000E-01 0.00000E+00                                                        
  6.00000E-01 0.00000E+00                                                        
  8.00000E-01 0.00000E+00                                                        
  1.00000E+00 0.00000E+00                                                        
  1.20000E+00 0.00000E+00                                                        
  1.40000E+00 0.00000E+00                                                        
  1.60000E+00 0.00000E+00                                                        
  1.80000E+00 0.00000E+00                                                        
  2.00000E+00 0.00000E+00                                                        
  2.20000E+00 0.00000E+00                                                        
  2.40000E+00 0.00000E+00                                                        
  2.60000E+00 0.00000E+00                                                        
  2.80000E+00 0.00000E+00                                                        
  3.00000E+00 0.00000E+00                                                        
  3.20000E+00 0.00000E+00                                                        
  3.40000E+00 0.00000E+00                                                        
  3.60000E+00 0.00000E+00                                                        
  3.80000E+00 0.00000E+00                                                        
  4.00000E+00 0.00000E+00                                                        
  4.20000E+00 0.00000E+00                                                        
  4.40000E+00 2.28758E-03                                                        
  4.60000E+00 9.10163E-02                                                        
  4.80000E+00 8.20149E-01                                                        
  5.00000E+00 3.35600E+00                                                        
  5.20000E+00 9.50274E+00                                                        
  5.40000E+00 2.07066E+01                                                        
  5.60000E+00 3.80295E+01                                                        
  5.80000E+00 6.13748E+01                                                        
  6.00000E+00 8.94848E+01                                                        
  6.20000E+00 1.20303E+02                                                        
  6.40000E+00 1.51856E+02                                                        
  6.60000E+00 1.78331E+02                                                        
  6.80000E+00 1.99142E+02                                                        
  7.00000E+00 2.20245E+02                                                        
  7.20000E+00 2.36115E+02                                                        
  7.40000E+00 2.47198E+02                                                        
  7.60000E+00 2.61493E+02                                                        
  7.80000E+00 2.69084E+02                                                        
  8.00000E+00 2.75857E+02                                                        
  8.50000E+00 2.95019E+02                                                        
  9.00000E+00 3.11804E+02                                                        
  9.50000E+00 3.27502E+02                                                        
  1.00000E+01 3.42323E+02                                                        
  1.20000E+01 3.66914E+02                                                        
  1.40000E+01 3.54399E+02                                                        
  1.60000E+01 2.25133E+02                                                        
  1.80000E+01 1.19925E+02                                                        
  2.00000E+01 6.47130E+01                                                        

 Production of Z= 14 A= 27 ( 27Si) - Total

 Q-value    = -17.179615
 E-threshold=  17.798999

 Energy   Cross section

  1.00000E-01 0.00000E+00                                                        
  2.00000E-01 0.00000E+00                                                        
  4.00000E-01 0.00000E+00                                                        
  6.00000E-01 0.00000E+00                                                        
  8.00000E-01 0.00000E+00                                                        
  1.00000E+00 0.00000E+00                                                        
  1.20000E+00 0.00000E+00                                                        
  1.40000E+00 0.00000E+00                                                        
  1.60000E+00 0.00000E+00                                                        
  1.80000E+00 0.00000E+00                                                        
  2.00000E+00 0.00000E+00                                                        
  2.20000E+00 0.00000E+00                                                        
  2.40000E+00 0.00000E+00                                                        
  2.60000E+00 0.00000E+00                                                        
  2.80000E+00 0.00000E+00                                                        
  3.00000E+00 0.00000E+00                                                        
  3.20000E+00 0.00000E+00                                                        
  3.40000E+00 0.00000E+00                                                        
  3.60000E+00 0.00000E+00                                                        
  3.80000E+00 0.00000E+00                                                        
  4.00000E+00 0.00000E+00                                                        
  4.20000E+00 0.00000E+00                                                        
  4.40000E+00 0.00000E+00                                                        
  4.60000E+00 0.00000E+00                                                        
  4.80000E+00 0.00000E+00                                                        
  5.00000E+00 0.00000E+00                                                        
  5.20000E+00 0.00000E+00                                                        
  5.40000E+00 0.00000E+00                                                        
  5.60000E+00 0.00000E+00                                                        
  5.80000E+00 0.00000E+00                                                        
  6.00000E+00 0.00000E+00                                                        
  6.20000E+00 0.00000E+00                                                        
  6.40000E+00 0.00000E+00                                                        
  6.60000E+00 0.00000E+00                                                        
  6.80000E+00 0.00000E+00                                                        
  7.00000E+00 0.00000E+00                                                        
  7.20000E+00 0.00000E+00                                                        
  7.40000E+00 0.00000E+00                                                        
  7.60000E+00 0.00000E+00                                                        
  7.80000E+00 0.00000E+00                                                        
  8.00000E+00 0.00000E+00                                                        
  8.50000E+00 0.00000E+00                                                        
  9.00000E+00 0.00000E+00                                                        
  9.50000E+00 0.00000E+00                                                        
  1.00000E+01 0.00000E+00                                                        
  1.20000E+01 0.00000E+00                                                        
  1.40000E+01 0.00000E+00                                                        
  1.60000E+01 0.00000E+00                                                        
  1.80000E+01 4.08198E-02                                                        
  2.00000E+01 5.45177E+00                                                        

 Production of Z= 13 A= 27 ( 27Al) - Total

 Q-value    =  -9.360330
 E-threshold=   9.697802

 Energy   Cross section

  1.00000E-01 0.00000E+00                                                        
  2.00000E-01 0.00000E+00                                                        
  4.00000E-01 0.00000E+00                                                        
  6.00000E-01 0.00000E+00                                                        
  8.00000E-01 0.00000E+00                                                        
  1.00000E+00 0.00000E+00                                                        
  1.20000E+00 0.00000E+00                                                        
  1.40000E+00 0.00000E+00                                                        
  1.60000E+00 0.00000E+00                                                        
  1.80000E+00 0.00000E+00                                                        
  2.00000E+00 0.00000E+00                                                        
  2.20000E+00 0.00000E+00                                                        
  2.40000E+00 0.00000E+00                                                        
  2.60000E+00 0.00000E+00                                                        
  2.80000E+00 0.00000E+00                                                        
  3.00000E+00 0.00000E+00                                                        
  3.20000E+00 0.00000E+00                                                        
  3.40000E+00 0.00000E+00                                                        
  3.60000E+00 0.00000E+00                                                        
  3.80000E+00 0.00000E+00                                                        
  4.00000E+00 0.00000E+00                                                        
  4.20000E+00 0.00000E+00                                                        
  4.40000E+00 0.00000E+00                                                        
  4.60000E+00 0.00000E+00                                                        
  4.80000E+00 0.00000E+00                                                        
  5.00000E+00 0.00000E+00                                                        
  5.20000E+00 0.00000E+00                                                        
  5.40000E+00 0.00000E+00                                                        
  5.60000E+00 0.00000E+00                                                        
  5.80000E+00 0.00000E+00                                                        
  6.00000E+00 0.00000E+00                                                        
  6.20000E+00 0.00000E+00                                                        
  6.40000E+00 0.00000E+00                                                        
  6.60000E+00 0.00000E+00                                                        
  6.80000E+00 0.00000E+00                                                        
  7.00000E+00 0.00000E+00                                                        
  7.20000E+00 0.00000E+00                                                        
  7.40000E+00 0.00000E+00                                                        
  7.60000E+00 0.00000E+00                                                        
  7.80000E+00 0.00000E+00                                                        
  8.00000E+00 0.00000E+00                                                        
  8.50000E+00 0.00000E+00                                                        
  9.00000E+00 0.00000E+00                                                        
  9.50000E+00 0.00000E+00                                                        
  1.00000E+01 0.00000E+00                                                        
  1.20000E+01 4.78089E+00                                                        
  1.40000E+01 1.11682E+02                                                        
  1.60000E+01 3.35441E+02                                                        
  1.80000E+01 4.67709E+02                                                        
  2.00000E+01 5.16712E+02                                                        

 Production of Z= 12 A= 27 ( 27Mg) - Total

 Q-value    = -13.412818
 E-threshold=  13.896396

 Energy   Cross section

  1.00000E-01 0.00000E+00                                                        
  2.00000E-01 0.00000E+00                                                        
  4.00000E-01 0.00000E+00                                                        
  6.00000E-01 0.00000E+00                                                        
  8.00000E-01 0.00000E+00                                                        
  1.00000E+00 0.00000E+00                                                        
  1.20000E+00 0.00000E+00                                                        
  1.40000E+00 0.00000E+00                                                        
  1.60000E+00 0.00000E+00                                                        
  1.80000E+00 0.00000E+00                                                        
  2.00000E+00 0.00000E+00                                                        
  2.20000E+00 0.00000E+00                                                        
  2.40000E+00 0.00000E+00                                                        
  2.60000E+00 0.00000E+00                                                        
  2.80000E+00 0.00000E+00                                                        
  3.00000E+00 0.00000E+00                                                        
  3.20000E+00 0.00000E+00                                                        
  3.40000E+00 0.00000E+00                                                        
  3.60000E+00 0.00000E+00                                                        
  3.80000E+00 0.00000E+00                                                        
  4.00000E+00 0.00000E+00                                                        
  4.20000E+00 0.00000E+00                                                        
  4.40000E+00 0.00000E+00                                                        
  4.60000E+00 0.00000E+00                                                        
  4.80000E+00 0.00000E+00                                                        
  5.00000E+00 0.00000E+00                                                        
  5.20000E+00 0.00000E+00                                                        
  5.40000E+00 0.00000E+00                                                        
  5.60000E+00 0.00000E+00                                                        
  5.80000E+00 0.00000E+00                                                        
  6.00000E+00 0.00000E+00                                                        
  6.20000E+00 0.00000E+00                                                        
  6.40000E+00 0.00000E+00                                                        
  6.60000E+00 0.00000E+00                                                        
  6.80000E+00 0.00000E+00                                                        
  7.00000E+00 0.00000E+00                                                        
  7.20000E+00 0.00000E+00                                                        
  7.40000E+00 0.00000E+00                                                        
  7.60000E+00 0.00000E+00                                                        
  7.80000E+00 0.00000E+00                                                        
  8.00000E+00 0.00000E+00                                                        
  8.50000E+00 0.00000E+00                                                        
  9.00000E+00 0.00000E+00                                                        
  9.50000E+00 0.00000E+00                                                        
  1.00000E+01 0.00000E+00                                                        
  1.20000E+01 0.00000E+00                                                        
  1.40000E+01 0.00000E+00                                                        
  1.60000E+01 0.00000E+00                                                        
  1.80000E+01 3.12804E-01                                                        
  2.00000E+01 3.44842E+00                                                        

 Production of Z= 13 A= 26 ( 26Al) - Total

 Q-value    = -16.161129
 E-threshold=  16.743794

 Energy   Cross section

  1.00000E-01 0.00000E+00                                                        
  2.00000E-01 0.00000E+00                                                        
  4.00000E-01 0.00000E+00                                                        
  6.00000E-01 0.00000E+00                                                        
  8.00000E-01 0.00000E+00                                                        
  1.00000E+00 0.00000E+00                                                        
  1.20000E+00 0.00000E+00                                                        
  1.40000E+00 0.00000E+00                                                        
  1.60000E+00 0.00000E+00                                                        
  1.80000E+00 0.00000E+00                                                        
  2.00000E+00 0.00000E+00                                                        
  2.20000E+00 0.00000E+00                                                        
  2.40000E+00 0.00000E+00                                                        
  2.60000E+00 0.00000E+00                                                        
  2.80000E+00 0.00000E+00                                                        
  3.00000E+00 0.00000E+00                                                        
  3.20000E+00 0.00000E+00                                                        
  3.40000E+00 0.00000E+00                                                        
  3.60000E+00 0.00000E+00                                                        
  3.80000E+00 0.00000E+00                                                        
  4.00000E+00 0.00000E+00                                                        
  4.20000E+00 0.00000E+00                                                        
  4.40000E+00 0.00000E+00                                                        
  4.60000E+00 0.00000E+00                                                        
  4.80000E+00 0.00000E+00                                                        
  5.00000E+00 0.00000E+00                                                        
  5.20000E+00 0.00000E+00                                                        
  5.40000E+00 0.00000E+00                                                        
  5.60000E+00 0.00000E+00                                                        
  5.80000E+00 0.00000E+00                                                        
  6.00000E+00 0.00000E+00                                                        
  6.20000E+00 0.00000E+00                                                        
  6.40000E+00 0.00000E+00                                                        
  6.60000E+00 0.00000E+00                                                        
  6.80000E+00 0.00000E+00                                                        
  7.00000E+00 0.00000E+00                                                        
  7.20000E+00 0.00000E+00                                                        
  7.40000E+00 0.00000E+00                                                        
  7.60000E+00 0.00000E+00                                                        
  7.80000E+00 0.00000E+00                                                        
  8.00000E+00 0.00000E+00                                                        
  8.50000E+00 0.00000E+00                                                        
  9.00000E+00 0.00000E+00                                                        
  9.50000E+00 0.00000E+00                                                        
  1.00000E+01 0.00000E+00                                                        
  1.20000E+01 0.00000E+00                                                        
  1.40000E+01 0.00000E+00                                                        
  1.60000E+01 0.00000E+00                                                        
  1.80000E+01 3.25986E-03                                                        
  2.00000E+01 3.61347E-01                                                        

 Production of Z= 13 A= 26 ( 26Al) - Level  0  (lifetime: 2.26300E+13 sec.)

 Q-value    = -16.161129
 E-threshold=  16.743794

 Energy   Cross section Branching ratio

  1.00000E-01 0.00000E+00 0.00000E+00                                            
  2.00000E-01 0.00000E+00 0.00000E+00                                            
  4.00000E-01 0.00000E+00 0.00000E+00                                            
  6.00000E-01 0.00000E+00 0.00000E+00                                            
  8.00000E-01 0.00000E+00 0.00000E+00                                            
  1.00000E+00 0.00000E+00 0.00000E+00                                            
  1.20000E+00 0.00000E+00 0.00000E+00                                            
  1.40000E+00 0.00000E+00 0.00000E+00                                            
  1.60000E+00 0.00000E+00 0.00000E+00                                            
  1.80000E+00 0.00000E+00 0.00000E+00                                            
  2.00000E+00 0.00000E+00 0.00000E+00                                            
  2.20000E+00 0.00000E+00 0.00000E+00                                            
  2.40000E+00 0.00000E+00 0.00000E+00                                            
  2.60000E+00 0.00000E+00 0.00000E+00                                            
  2.80000E+00 0.00000E+00 0.00000E+00                                            
  3.00000E+00 0.00000E+00 0.00000E+00                                            
  3.20000E+00 0.00000E+00 0.00000E+00                                            
  3.40000E+00 0.00000E+00 0.00000E+00                                            
  3.60000E+00 0.00000E+00 0.00000E+00                                            
  3.80000E+00 0.00000E+00 0.00000E+00                                            
  4.00000E+00 0.00000E+00 0.00000E+00                                            
  4.20000E+00 0.00000E+00 0.00000E+00                                            
  4.40000E+00 0.00000E+00 0.00000E+00                                            
  4.60000E+00 0.00000E+00 0.00000E+00                                            
  4.80000E+00 0.00000E+00 0.00000E+00                                            
  5.00000E+00 0.00000E+00 0.00000E+00                                            
  5.20000E+00 0.00000E+00 0.00000E+00                                            
  5.40000E+00 0.00000E+00 0.00000E+00                                            
  5.60000E+00 0.00000E+00 0.00000E+00                                            
  5.80000E+00 0.00000E+00 0.00000E+00                                            
  6.00000E+00 0.00000E+00 0.00000E+00                                            
  6.20000E+00 0.00000E+00 0.00000E+00                                            
  6.40000E+00 0.00000E+00 0.00000E+00                                            
  6.60000E+00 0.00000E+00 0.00000E+00                                            
  6.80000E+00 0.00000E+00 0.00000E+00                                            
  7.00000E+00 0.00000E+00 0.00000E+00                                            
  7.20000E+00 0.00000E+00 0.00000E+00                                            
  7.40000E+00 0.00000E+00 0.00000E+00                                            
  7.60000E+00 0.00000E+00 0.00000E+00                                            
  7.80000E+00 0.00000E+00 0.00000E+00                                            
  8.00000E+00 0.00000E+00 0.00000E+00                                            
  8.50000E+00 0.00000E+00 0.00000E+00                                            
  9.00000E+00 0.00000E+00 0.00000E+00                                            
  9.50000E+00 0.00000E+00 0.00000E+00                                            
  1.00000E+01 0.00000E+00 0.00000E+00                                            
  1.20000E+01 0.00000E+00 0.00000E+00                                            
  1.40000E+01 0.00000E+00 0.00000E+00                                            
  1.60000E+01 0.00000E+00 0.00000E+00                                            
  1.80000E+01 3.20038E-03 9.81753E-01                                            
  2.00000E+01 3.19073E-01 8.83010E-01                                            

 Production of Z= 13 A= 26 ( 26Al) - Level  1  (lifetime: 6.34500E+00 sec.)

 Q-value    = -16.389434
 E-threshold=  16.980330

 Energy   Cross section Branching ratio

  1.00000E-01 0.00000E+00 0.00000E+00                                            
  2.00000E-01 0.00000E+00 0.00000E+00                                            
  4.00000E-01 0.00000E+00 0.00000E+00                                            
  6.00000E-01 0.00000E+00 0.00000E+00                                            
  8.00000E-01 0.00000E+00 0.00000E+00                                            
  1.00000E+00 0.00000E+00 0.00000E+00                                            
  1.20000E+00 0.00000E+00 0.00000E+00                                            
  1.40000E+00 0.00000E+00 0.00000E+00                                            
  1.60000E+00 0.00000E+00 0.00000E+00                                            
  1.80000E+00 0.00000E+00 0.00000E+00                                            
  2.00000E+00 0.00000E+00 0.00000E+00                                            
  2.20000E+00 0.00000E+00 0.00000E+00                                            
  2.40000E+00 0.00000E+00 0.00000E+00                                            
  2.60000E+00 0.00000E+00 0.00000E+00                                            
  2.80000E+00 0.00000E+00 0.00000E+00                                            
  3.00000E+00 0.00000E+00 0.00000E+00                                            
  3.20000E+00 0.00000E+00 0.00000E+00                                            
  3.40000E+00 0.00000E+00 0.00000E+00                                            
  3.60000E+00 0.00000E+00 0.00000E+00                                            
  3.80000E+00 0.00000E+00 0.00000E+00                                            
  4.00000E+00 0.00000E+00 0.00000E+00                                            
  4.20000E+00 0.00000E+00 0.00000E+00                                            
  4.40000E+00 0.00000E+00 0.00000E+00                                            
  4.60000E+00 0.00000E+00 0.00000E+00                                            
  4.80000E+00 0.00000E+00 0.00000E+00                                            
  5.00000E+00 0.00000E+00 0.00000E+00                                            
  5.20000E+00 0.00000E+00 0.00000E+00                                            
  5.40000E+00 0.00000E+00 0.00000E+00                                            
  5.60000E+00 0.00000E+00 0.00000E+00                                            
  5.80000E+00 0.00000E+00 0.00000E+00                                            
  6.00000E+00 0.00000E+00 0.00000E+00                                            
  6.20000E+00 0.00000E+00 0.00000E+00                                            
  6.40000E+00 0.00000E+00 0.00000E+00                                            
  6.60000E+00 0.00000E+00 0.00000E+00                                            
  6.80000E+00 0.00000E+00 0.00000E+00                                            
  7.00000E+00 0.00000E+00 0.00000E+00                                            
  7.20000E+00 0.00000E+00 0.00000E+00                                            
  7.40000E+00 0.00000E+00 0.00000E+00                                            
  7.60000E+00 0.00000E+00 0.00000E+00                                            
  7.80000E+00 0.00000E+00 0.00000E+00                                            
  8.00000E+00 0.00000E+00 0.00000E+00                                            
  8.50000E+00 0.00000E+00 0.00000E+00                                            
  9.00000E+00 0.00000E+00 0.00000E+00                                            
  9.50000E+00 0.00000E+00 0.00000E+00                                            
  1.00000E+01 0.00000E+00 0.00000E+00                                            
  1.20000E+01 0.00000E+00 0.00000E+00                                            
  1.40000E+01 0.00000E+00 0.00000E+00                                            
  1.60000E+01 0.00000E+00 0.00000E+00                                            
  1.80000E+01 5.94835E-05 1.82472E-02                                            
  2.00000E+01 4.22741E-02 1.16990E-01                                            

 Production of Z= 12 A= 26 ( 26Mg) - Total

 Q-value    = -12.138133
 E-threshold=  12.575755

 Energy   Cross section

  1.00000E-01 0.00000E+00                                                        
  2.00000E-01 0.00000E+00                                                        
  4.00000E-01 0.00000E+00                                                        
  6.00000E-01 0.00000E+00                                                        
  8.00000E-01 0.00000E+00                                                        
  1.00000E+00 0.00000E+00                                                        
  1.20000E+00 0.00000E+00                                                        
  1.40000E+00 0.00000E+00                                                        
  1.60000E+00 0.00000E+00                                                        
  1.80000E+00 0.00000E+00                                                        
  2.00000E+00 0.00000E+00                                                        
  2.20000E+00 0.00000E+00                                                        
  2.40000E+00 0.00000E+00                                                        
  2.60000E+00 0.00000E+00                                                        
  2.80000E+00 0.00000E+00                                                        
  3.00000E+00 0.00000E+00                                                        
  3.20000E+00 0.00000E+00                                                        
  3.40000E+00 0.00000E+00                                                        
  3.60000E+00 0.00000E+00                                                        
  3.80000E+00 0.00000E+00                                                        
  4.00000E+00 0.00000E+00                                                        
  4.20000E+00 0.00000E+00                                                        
  4.40000E+00 0.00000E+00                                                        
  4.60000E+00 0.00000E+00                                                        
  4.80000E+00 0.00000E+00                                                        
  5.00000E+00 0.00000E+00                                                        
  5.20000E+00 0.00000E+00                                                        
  5.40000E+00 0.00000E+00                                                        
  5.60000E+00 0.00000E+00                                                        
  5.80000E+00 0.00000E+00                                                        
  6.00000E+00 0.00000E+00                                                        
  6.20000E+00 0.00000E+00                                                        
  6.40000E+00 0.00000E+00                                                        
  6.60000E+00 0.00000E+00                                                        
  6.80000E+00 0.00000E+00                                                        
  7.00000E+00 0.00000E+00                                                        
  7.20000E+00 0.00000E+00                                                        
  7.40000E+00 0.00000E+00                                                        
  7.60000E+00 0.00000E+00                                                        
  7.80000E+00 0.00000E+00                                                        
  8.00000E+00 0.00000E+00                                                        
  8.50000E+00 0.00000E+00                                                        
  9.00000E+00 0.00000E+00                                                        
  9.50000E+00 0.00000E+00                                                        
  1.00000E+01 0.00000E+00                                                        
  1.20000E+01 0.00000E+00                                                        
  1.40000E+01 0.00000E+00                                                        
  1.60000E+01 1.85310E-02                                                        
  1.80000E+01 1.44124E-01                                                        
  2.00000E+01 3.40649E-01                                                        

 Production of Z= 12 A= 25 ( 25Mg) - Total

 Q-value    =  -2.653605
 E-threshold=   2.749276

 Energy   Cross section

  1.00000E-01 0.00000E+00                                                        
  2.00000E-01 0.00000E+00                                                        
  4.00000E-01 0.00000E+00                                                        
  6.00000E-01 0.00000E+00                                                        
  8.00000E-01 0.00000E+00                                                        
  1.00000E+00 0.00000E+00                                                        
  1.20000E+00 0.00000E+00                                                        
  1.40000E+00 0.00000E+00                                                        
  1.60000E+00 0.00000E+00                                                        
  1.80000E+00 0.00000E+00                                                        
  2.00000E+00 0.00000E+00                                                        
  2.20000E+00 0.00000E+00                                                        
  2.40000E+00 0.00000E+00                                                        
  2.60000E+00 0.00000E+00                                                        
  2.80000E+00 0.00000E+00                                                        
  3.00000E+00 0.00000E+00                                                        
  3.20000E+00 0.00000E+00                                                        
  3.40000E+00 0.00000E+00                                                        
  3.60000E+00 0.00000E+00                                                        
  3.80000E+00 0.00000E+00                                                        
  4.00000E+00 0.00000E+00                                                        
  4.20000E+00 0.00000E+00                                                        
  4.40000E+00 2.69966E-03                                                        
  4.60000E+00 1.78033E-02                                                        
  4.80000E+00 8.10290E-02                                                        
  5.00000E+00 2.80335E-01                                                        
  5.20000E+00 8.09855E-01                                                        
  5.40000E+00 1.99438E+00                                                        
  5.60000E+00 4.34968E+00                                                        
  5.80000E+00 8.52399E+00                                                        
  6.00000E+00 1.52017E+01                                                        
  6.20000E+00 2.49452E+01                                                        
  6.40000E+00 3.80264E+01                                                        
  6.60000E+00 5.28830E+01                                                        
  6.80000E+00 6.96362E+01                                                        
  7.00000E+00 8.79386E+01                                                        
  7.20000E+00 1.04677E+02                                                        
  7.40000E+00 1.18658E+02                                                        
  7.60000E+00 1.32942E+02                                                        
  7.80000E+00 1.43326E+02                                                        
  8.00000E+00 1.54355E+02                                                        
  8.50000E+00 1.77135E+02                                                        
  9.00000E+00 1.90869E+02                                                        
  9.50000E+00 1.98120E+02                                                        
  1.00000E+01 2.00944E+02                                                        
  1.20000E+01 1.88623E+02                                                        
  1.40000E+01 1.71740E+02                                                        
  1.60000E+01 1.28710E+02                                                        
  1.80000E+01 7.48584E+01                                                        
  2.00000E+01 4.16717E+01                                                        

 Production of Z= 12 A= 24 ( 24Mg) - Total

 Q-value    =  -9.984130
 E-threshold=  10.344092

 Energy   Cross section

  1.00000E-01 0.00000E+00                                                        
  2.00000E-01 0.00000E+00                                                        
  4.00000E-01 0.00000E+00                                                        
  6.00000E-01 0.00000E+00                                                        
  8.00000E-01 0.00000E+00                                                        
  1.00000E+00 0.00000E+00                                                        
  1.20000E+00 0.00000E+00                                                        
  1.40000E+00 0.00000E+00                                                        
  1.60000E+00 0.00000E+00                                                        
  1.80000E+00 0.00000E+00                                                        
  2.00000E+00 0.00000E+00                                                        
  2.20000E+00 0.00000E+00                                                        
  2.40000E+00 0.00000E+00                                                        
  2.60000E+00 0.00000E+00                                                        
  2.80000E+00 0.00000E+00                                                        
  3.00000E+00 0.00000E+00                                                        
  3.20000E+00 0.00000E+00                                                        
  3.40000E+00 0.00000E+00                                                        
  3.60000E+00 0.00000E+00                                                        
  3.80000E+00 0.00000E+00                                                        
  4.00000E+00 0.00000E+00                                                        
  4.20000E+00 0.00000E+00                                                        
  4.40000E+00 0.00000E+00                                                        
  4.60000E+00 0.00000E+00                                                        
  4.80000E+00 0.00000E+00                                                        
  5.00000E+00 0.00000E+00                                                        
  5.20000E+00 0.00000E+00                                                        
  5.40000E+00 0.00000E+00                                                        
  5.60000E+00 0.00000E+00                                                        
  5.80000E+00 0.00000E+00                                                        
  6.00000E+00 0.00000E+00                                                        
  6.20000E+00 0.00000E+00                                                        
  6.40000E+00 0.00000E+00                                                        
  6.60000E+00 0.00000E+00                                                        
  6.80000E+00 0.00000E+00                                                        
  7.00000E+00 0.00000E+00                                                        
  7.20000E+00 0.00000E+00                                                        
  7.40000E+00 0.00000E+00                                                        
  7.60000E+00 0.00000E+00                                                        
  7.80000E+00 0.00000E+00                                                        
  8.00000E+00 0.00000E+00                                                        
  8.50000E+00 0.00000E+00                                                        
  9.00000E+00 0.00000E+00                                                        
  9.50000E+00 0.00000E+00                                                        
  1.00000E+01 0.00000E+00                                                        
  1.20000E+01 9.85127E-02                                                        
  1.40000E+01 1.85074E+01                                                        
  1.60000E+01 6.90325E+01                                                        
  1.80000E+01 1.35605E+02                                                        
  2.00000E+01 1.70177E+02                                                        

 Production of Z= 11 A= 24 ( 24Na) - Total

 Q-value    = -14.717454
 E-threshold=  15.248069

 Energy   Cross section

  1.00000E-01 0.00000E+00                                                        
  2.00000E-01 0.00000E+00                                                        
  4.00000E-01 0.00000E+00                                                        
  6.00000E-01 0.00000E+00                                                        
  8.00000E-01 0.00000E+00                                                        
  1.00000E+00 0.00000E+00                                                        
  1.20000E+00 0.00000E+00                                                        
  1.40000E+00 0.00000E+00                                                        
  1.60000E+00 0.00000E+00                                                        
  1.80000E+00 0.00000E+00                                                        
  2.00000E+00 0.00000E+00                                                        
  2.20000E+00 0.00000E+00                                                        
  2.40000E+00 0.00000E+00                                                        
  2.60000E+00 0.00000E+00                                                        
  2.80000E+00 0.00000E+00                                                        
  3.00000E+00 0.00000E+00                                                        
  3.20000E+00 0.00000E+00                                                        
  3.40000E+00 0.00000E+00                                                        
  3.60000E+00 0.00000E+00                                                        
  3.80000E+00 0.00000E+00                                                        
  4.00000E+00 0.00000E+00                                                        
  4.20000E+00 0.00000E+00                                                        
  4.40000E+00 0.00000E+00                                                        
  4.60000E+00 0.00000E+00                                                        
  4.80000E+00 0.00000E+00                                                        
  5.00000E+00 0.00000E+00                                                        
  5.20000E+00 0.00000E+00                                                        
  5.40000E+00 0.00000E+00                                                        
  5.60000E+00 0.00000E+00                                                        
  5.80000E+00 0.00000E+00                                                        
  6.00000E+00 0.00000E+00                                                        
  6.20000E+00 0.00000E+00                                                        
  6.40000E+00 0.00000E+00                                                        
  6.60000E+00 0.00000E+00                                                        
  6.80000E+00 0.00000E+00                                                        
  7.00000E+00 0.00000E+00                                                        
  7.20000E+00 0.00000E+00                                                        
  7.40000E+00 0.00000E+00                                                        
  7.60000E+00 0.00000E+00                                                        
  7.80000E+00 0.00000E+00                                                        
  8.00000E+00 0.00000E+00                                                        
  8.50000E+00 0.00000E+00                                                        
  9.00000E+00 0.00000E+00                                                        
  9.50000E+00 0.00000E+00                                                        
  1.00000E+01 0.00000E+00                                                        
  1.20000E+01 0.00000E+00                                                        
  1.40000E+01 0.00000E+00                                                        
  1.60000E+01 0.00000E+00                                                        
  1.80000E+01 0.00000E+00                                                        
  2.00000E+01 2.36628E-02                                                        

 Production of Z= 10 A= 21 ( 21Ne) - Total

 Q-value    = -12.539523
 E-threshold=  12.991616

 Energy   Cross section

  1.00000E-01 0.00000E+00                                                        
  2.00000E-01 0.00000E+00                                                        
  4.00000E-01 0.00000E+00                                                        
  6.00000E-01 0.00000E+00                                                        
  8.00000E-01 0.00000E+00                                                        
  1.00000E+00 0.00000E+00                                                        
  1.20000E+00 0.00000E+00                                                        
  1.40000E+00 0.00000E+00                                                        
  1.60000E+00 0.00000E+00                                                        
  1.80000E+00 0.00000E+00                                                        
  2.00000E+00 0.00000E+00                                                        
  2.20000E+00 0.00000E+00                                                        
  2.40000E+00 0.00000E+00                                                        
  2.60000E+00 0.00000E+00                                                        
  2.80000E+00 0.00000E+00                                                        
  3.00000E+00 0.00000E+00                                                        
  3.20000E+00 0.00000E+00                                                        
  3.40000E+00 0.00000E+00                                                        
  3.60000E+00 0.00000E+00                                                        
  3.80000E+00 0.00000E+00                                                        
  4.00000E+00 0.00000E+00                                                        
  4.20000E+00 0.00000E+00                                                        
  4.40000E+00 0.00000E+00                                                        
  4.60000E+00 0.00000E+00                                                        
  4.80000E+00 0.00000E+00                                                        
  5.00000E+00 0.00000E+00                                                        
  5.20000E+00 0.00000E+00                                                        
  5.40000E+00 0.00000E+00                                                        
  5.60000E+00 0.00000E+00                                                        
  5.80000E+00 0.00000E+00                                                        
  6.00000E+00 0.00000E+00                                                        
  6.20000E+00 0.00000E+00                                                        
  6.40000E+00 0.00000E+00                                                        
  6.60000E+00 0.00000E+00                                                        
  6.80000E+00 0.00000E+00                                                        
  7.00000E+00 0.00000E+00                                                        
  7.20000E+00 0.00000E+00                                                        
  7.40000E+00 0.00000E+00                                                        
  7.60000E+00 0.00000E+00                                                        
  7.80000E+00 0.00000E+00                                                        
  8.00000E+00 0.00000E+00                                                        
  8.50000E+00 0.00000E+00                                                        
  9.00000E+00 0.00000E+00                                                        
  9.50000E+00 0.00000E+00                                                        
  1.00000E+01 0.00000E+00                                                        
  1.20000E+01 0.00000E+00                                                        
  1.40000E+01 0.00000E+00                                                        
  1.60000E+01 0.00000E+00                                                        
  1.80000E+01 0.00000E+00                                                        
  2.00000E+01 4.45825E-02                                                        

 6. Exclusive cross sections

     Emitted particles     reaction
   n   p   d   t   h   a
   0   0   0   0   0   0       (n,g)            

 Q-value    =   8.473607
 E-threshold=   0.000000

 Energy   Cross section Gamma c.s. c.s./res.prod.cs

  1.00000E-01 9.43479E-01 1.66836E+00 1.00000E+00                                                    
  2.00000E-01 6.21193E-01 1.16525E+00 1.00000E+00                                                    
  4.00000E-01 4.32451E-01 8.55578E-01 1.00000E+00                                                    
  6.00000E-01 3.63033E-01 7.40934E-01 1.00000E+00                                                    
  8.00000E-01 3.31381E-01 6.92131E-01 1.00000E+00                                                    
  1.00000E+00 3.16521E-01 6.73037E-01 1.00000E+00                                                    
  1.20000E+00 3.14562E-01 6.83732E-01 1.00000E+00                                                    
  1.40000E+00 3.17215E-01 7.00894E-01 1.00000E+00                                                    
  1.60000E+00 3.24758E-01 7.28773E-01 1.00000E+00                                                    
  1.80000E+00 3.36270E-01 7.65748E-01 1.00000E+00                                                    
  2.00000E+00 1.75181E-01 3.87475E-01 1.00000E+00                                                    
  2.20000E+00 1.42056E-01 3.10762E-01 1.00000E+00                                                    
  2.40000E+00 1.30896E-01 2.85949E-01 1.00000E+00                                                    
  2.60000E+00 1.27968E-01 2.81311E-01 1.00000E+00                                                    
  2.80000E+00 1.28899E-01 2.86100E-01 1.00000E+00                                                    
  3.00000E+00 1.32331E-01 2.97026E-01 1.00000E+00                                                    
  3.20000E+00 1.36466E-01 3.09284E-01 1.00000E+00                                                    
  3.40000E+00 1.42471E-01 3.26823E-01 1.00000E+00                                                    
  3.60000E+00 1.49452E-01 3.46568E-01 1.00000E+00                                                    
  3.80000E+00 1.57264E-01 3.68169E-01 1.00000E+00                                                    
  4.00000E+00 1.66632E-01 3.93964E-01 1.00000E+00                                                    
  4.20000E+00 1.76244E-01 4.20536E-01 1.00000E+00                                                    
  4.40000E+00 1.87543E-01 4.51581E-01 1.00000E+00                                                    
  4.60000E+00 1.99290E-01 4.84063E-01 1.00000E+00                                                    
  4.80000E+00 2.05790E-01 4.97544E-01 1.00000E+00                                                    
  5.00000E+00 2.01988E-01 4.80541E-01 1.00000E+00                                                    
  5.20000E+00 2.04200E-01 4.85529E-01 1.00000E+00                                                    
  5.40000E+00 2.03466E-01 4.89593E-01 1.00000E+00                                                    
  5.60000E+00 2.04392E-01 4.96402E-01 1.00000E+00                                                    
  5.80000E+00 2.07141E-01 5.06658E-01 1.00000E+00                                                    
  6.00000E+00 2.10794E-01 5.19426E-01 1.00000E+00                                                    
  6.20000E+00 2.12007E-01 5.25671E-01 1.00000E+00                                                    
  6.40000E+00 2.13105E-01 5.31342E-01 1.00000E+00                                                    
  6.60000E+00 2.09659E-01 5.25082E-01 1.00000E+00                                                    
  6.80000E+00 2.04025E-01 5.13933E-01 1.00000E+00                                                    
  7.00000E+00 1.97325E-01 5.00692E-01 1.00000E+00                                                    
  7.20000E+00 1.87975E-01 4.79606E-01 1.00000E+00                                                    
  7.40000E+00 1.77793E-01 4.55012E-01 1.00000E+00                                                    
  7.60000E+00 1.71761E-01 4.41811E-01 1.00000E+00                                                    
  7.80000E+00 1.60753E-01 4.16845E-01 1.00000E+00                                                    
  8.00000E+00 1.52921E-01 4.00626E-01 1.00000E+00                                                    
  8.50000E+00 1.40990E-01 3.77089E-01 1.00000E+00                                                    
  9.00000E+00 1.28190E-01 3.47663E-01 1.00000E+00                                                    
  9.50000E+00 1.20894E-01 3.30196E-01 1.00000E+00                                                    
  1.00000E+01 3.25917E-01 7.71929E-01 1.00000E+00                                                    
  1.20000E+01 4.61356E-01 1.07476E+00 1.00000E+00                                                    
  1.40000E+01 6.20050E-01 1.51141E+00 1.00000E+00                                                    
  1.60000E+01 6.99928E-01 1.84535E+00 1.00000E+00                                                    
  1.80000E+01 6.76780E-01 1.92571E+00 1.00000E+00                                                    
  2.00000E+01 6.01017E-01 1.80863E+00 1.00000E+00                                                    

     Emitted particles     reaction
   n   p   d   t   h   a
   1   0   0   0   0   0       (n,n')           

 Q-value    =   0.000000
 E-threshold=   1.843170

 Energy   Cross section Gamma c.s. c.s./res.prod.cs

  1.00000E-01 0.00000E+00 0.00000E+00 0.00000E+00                                                    
  2.00000E-01 0.00000E+00 0.00000E+00 0.00000E+00                                                    
  4.00000E-01 0.00000E+00 0.00000E+00 0.00000E+00                                                    
  6.00000E-01 0.00000E+00 0.00000E+00 0.00000E+00                                                    
  8.00000E-01 0.00000E+00 0.00000E+00 0.00000E+00                                                    
  1.00000E+00 0.00000E+00 0.00000E+00 0.00000E+00                                                    
  1.20000E+00 0.00000E+00 0.00000E+00 0.00000E+00                                                    
  1.40000E+00 0.00000E+00 0.00000E+00 0.00000E+00                                                    
  1.60000E+00 0.00000E+00 0.00000E+00 0.00000E+00                                                    
  1.80000E+00 0.00000E+00 0.00000E+00 0.00000E+00                                                    
  2.00000E+00 2.77595E+02 2.77595E+02 9.99990E-01                                                    
  2.20000E+00 4.19171E+02 4.19171E+02 9.99993E-01                                                    
  2.40000E+00 4.92440E+02 4.92440E+02 9.99993E-01                                                    
  2.60000E+00 5.37197E+02 5.37197E+02 9.99992E-01                                                    
  2.80000E+00 5.68178E+02 5.68178E+02 9.99991E-01                                                    
  3.00000E+00 5.91823E+02 5.91823E+02 9.99989E-01                                                    
  3.20000E+00 6.06671E+02 6.06671E+02 9.99987E-01                                                    
  3.40000E+00 6.23369E+02 6.23369E+02 9.99983E-01                                                    
  3.60000E+00 6.38295E+02 6.38295E+02 9.99980E-01                                                    
  3.80000E+00 6.51398E+02 6.51398E+02 9.99975E-01                                                    
  4.00000E+00 6.62529E+02 6.62529E+02 9.99971E-01                                                    
  4.20000E+00 6.72732E+02 6.72732E+02 9.99964E-01                                                    
  4.40000E+00 6.82203E+02 6.82203E+02 9.99958E-01                                                    
  4.60000E+00 6.90898E+02 6.90898E+02 9.99950E-01                                                    
  4.80000E+00 7.01209E+02 7.09117E+02 9.99943E-01                                                    
  5.00000E+00 7.28466E+02 7.89773E+02 9.99940E-01                                                    
  5.20000E+00 7.49564E+02 8.50791E+02 9.99934E-01                                                    
  5.40000E+00 7.69525E+02 9.14704E+02 9.99930E-01                                                    
  5.60000E+00 7.75200E+02 9.46490E+02 9.99922E-01                                                    
  5.80000E+00 7.69983E+02 9.56363E+02 9.99912E-01                                                    
  6.00000E+00 7.56561E+02 9.51523E+02 9.99901E-01                                                    
  6.20000E+00 7.37049E+02 9.36524E+02 9.99887E-01                                                    
  6.40000E+00 7.13185E+02 9.14471E+02 9.99872E-01                                                    
  6.60000E+00 6.98278E+02 9.23171E+02 9.99861E-01                                                    
  6.80000E+00 6.86571E+02 9.40647E+02 9.99852E-01                                                    
  7.00000E+00 6.69666E+02 9.41216E+02 9.99837E-01                                                    
  7.20000E+00 6.60858E+02 9.50224E+02 9.99830E-01                                                    
  7.40000E+00 6.59572E+02 9.64293E+02 9.99829E-01                                                    
  7.60000E+00 6.47648E+02 9.57480E+02 9.99820E-01                                                    
  7.80000E+00 6.46920E+02 9.61042E+02 9.99815E-01                                                    
  8.00000E+00 6.41768E+02 9.54234E+02 9.99807E-01                                                    
  8.50000E+00 6.21024E+02 9.44765E+02 9.99784E-01                                                    
  9.00000E+00 6.04499E+02 9.54740E+02 9.99756E-01                                                    
  9.50000E+00 5.89911E+02 9.64889E+02 9.99731E-01                                                    
  1.00000E+01 5.75962E+02 9.75203E+02 9.99681E-01                                                    
  1.20000E+01 5.47209E+02 1.03878E+03 9.99536E-01                                                    
  1.40000E+01 4.14689E+02 8.28644E+02 9.99227E-01                                                    
  1.60000E+01 2.68304E+02 5.29948E+02 9.98609E-01                                                    
  1.80000E+01 1.85607E+02 3.55764E+02 9.97747E-01                                                    
  2.00000E+01 1.43062E+02 2.64959E+02 9.96676E-01                                                    

     Emitted particles     reaction
   n   p   d   t   h   a
   0   1   0   0   0   0       (n,p)            

 Q-value    =  -3.859725
 E-threshold=   3.998881

 Energy   Cross section Gamma c.s. c.s./res.prod.cs

  1.00000E-01 0.00000E+00 0.00000E+00 0.00000E+00                                                    
  2.00000E-01 0.00000E+00 0.00000E+00 0.00000E+00                                                    
  4.00000E-01 0.00000E+00 0.00000E+00 0.00000E+00                                                    
  6.00000E-01 0.00000E+00 0.00000E+00 0.00000E+00                                                    
  8.00000E-01 0.00000E+00 0.00000E+00 0.00000E+00                                                    
  1.00000E+00 0.00000E+00 0.00000E+00 0.00000E+00                                                    
  1.20000E+00 0.00000E+00 0.00000E+00 0.00000E+00                                                    
  1.40000E+00 0.00000E+00 0.00000E+00 0.00000E+00                                                    
  1.60000E+00 0.00000E+00 0.00000E+00 0.00000E+00                                                    
  1.80000E+00 0.00000E+00 0.00000E+00 0.00000E+00                                                    
  2.00000E+00 0.00000E+00 0.00000E+00 0.00000E+00                                                    
  2.20000E+00 0.00000E+00 0.00000E+00 0.00000E+00                                                    
  2.40000E+00 0.00000E+00 0.00000E+00 0.00000E+00                                                    
  2.60000E+00 0.00000E+00 0.00000E+00 0.00000E+00                                                    
  2.80000E+00 0.00000E+00 0.00000E+00 0.00000E+00                                                    
  3.00000E+00 0.00000E+00 0.00000E+00 0.00000E+00                                                    
  3.20000E+00 0.00000E+00 0.00000E+00 0.00000E+00                                                    
  3.40000E+00 0.00000E+00 0.00000E+00 0.00000E+00                                                    
  3.60000E+00 0.00000E+00 0.00000E+00 0.00000E+00                                                    
  3.80000E+00 0.00000E+00 0.00000E+00 0.00000E+00                                                    
  4.00000E+00 0.00000E+00 0.00000E+00 0.00000E+00                                                    
  4.20000E+00 0.00000E+00 0.00000E+00 0.00000E+00                                                    
  4.40000E+00 2.28758E-03 9.01111E-04 1.00000E+00                                                    
  4.60000E+00 9.10163E-02 3.86263E-02 1.00000E+00                                                    
  4.80000E+00 8.20149E-01 3.75778E-01 1.00000E+00                                                    
  5.00000E+00 3.35600E+00 1.65096E+00 1.00000E+00                                                    
  5.20000E+00 9.50274E+00 4.83307E+00 1.00000E+00                                                    
  5.40000E+00 2.07066E+01 1.06474E+01 1.00000E+00                                                    
  5.60000E+00 3.80294E+01 1.97048E+01 1.00000E+00                                                    
  5.80000E+00 6.13748E+01 3.21721E+01 1.00000E+00                                                    
  6.00000E+00 8.94848E+01 4.79457E+01 1.00000E+00                                                    
  6.20000E+00 1.20303E+02 6.68571E+01 1.00000E+00                                                    
  6.40000E+00 1.51856E+02 8.90662E+01 1.00000E+00                                                    
  6.60000E+00 1.78331E+02 1.12669E+02 9.99999E-01                                                    
  6.80000E+00 1.99142E+02 1.37587E+02 9.99999E-01                                                    
  7.00000E+00 2.20244E+02 1.66726E+02 9.99999E-01                                                    
  7.20000E+00 2.36115E+02 1.95828E+02 9.99998E-01                                                    
  7.40000E+00 2.47198E+02 2.24256E+02 9.99998E-01                                                    
  7.60000E+00 2.61493E+02 2.56972E+02 9.99997E-01                                                    
  7.80000E+00 2.69083E+02 2.83253E+02 9.99996E-01                                                    
  8.00000E+00 2.75856E+02 3.08159E+02 9.99995E-01                                                    
  8.50000E+00 2.95017E+02 3.72588E+02 9.99992E-01                                                    
  9.00000E+00 3.11800E+02 4.31033E+02 9.99988E-01                                                    
  9.50000E+00 3.27496E+02 4.84810E+02 9.99983E-01                                                    
  1.00000E+01 3.42314E+02 5.37436E+02 9.99975E-01                                                    
  1.20000E+01 3.66889E+02 6.87759E+02 9.99931E-01                                                    
  1.40000E+01 3.54347E+02 7.50480E+02 9.99853E-01                                                    
  1.60000E+01 2.25046E+02 4.96213E+02 9.99614E-01                                                    
  1.80000E+01 1.19806E+02 2.67882E+02 9.99009E-01                                                    
  2.00000E+01 6.45757E+01 1.45236E+02 9.97877E-01                                                    

     Emitted particles     reaction
   n   p   d   t   h   a
   0   0   1   0   0   0       (n,d)            

 Q-value    =  -9.360330
 E-threshold=   9.697802

 Energy   Cross section Gamma c.s. c.s./res.prod.cs

  1.00000E-01 0.00000E+00 0.00000E+00 0.00000E+00                                                    
  2.00000E-01 0.00000E+00 0.00000E+00 0.00000E+00                                                    
  4.00000E-01 0.00000E+00 0.00000E+00 0.00000E+00                                                    
  6.00000E-01 0.00000E+00 0.00000E+00 0.00000E+00                                                    
  8.00000E-01 0.00000E+00 0.00000E+00 0.00000E+00                                                    
  1.00000E+00 0.00000E+00 0.00000E+00 0.00000E+00                                                    
  1.20000E+00 0.00000E+00 0.00000E+00 0.00000E+00                                                    
  1.40000E+00 0.00000E+00 0.00000E+00 0.00000E+00                                                    
  1.60000E+00 0.00000E+00 0.00000E+00 0.00000E+00                                                    
  1.80000E+00 0.00000E+00 0.00000E+00 0.00000E+00                                                    
  2.00000E+00 0.00000E+00 0.00000E+00 0.00000E+00                                                    
  2.20000E+00 0.00000E+00 0.00000E+00 0.00000E+00                                                    
  2.40000E+00 0.00000E+00 0.00000E+00 0.00000E+00                                                    
  2.60000E+00 0.00000E+00 0.00000E+00 0.00000E+00                                                    
  2.80000E+00 0.00000E+00 0.00000E+00 0.00000E+00                                                    
  3.00000E+00 0.00000E+00 0.00000E+00 0.00000E+00                                                    
  3.20000E+00 0.00000E+00 0.00000E+00 0.00000E+00                                                    
  3.40000E+00 0.00000E+00 0.00000E+00 0.00000E+00                                                    
  3.60000E+00 0.00000E+00 0.00000E+00 0.00000E+00                                                    
  3.80000E+00 0.00000E+00 0.00000E+00 0.00000E+00                                                    
  4.00000E+00 0.00000E+00 0.00000E+00 0.00000E+00                                                    
  4.20000E+00 0.00000E+00 0.00000E+00 0.00000E+00                                                    
  4.40000E+00 0.00000E+00 0.00000E+00 0.00000E+00                                                    
  4.60000E+00 0.00000E+00 0.00000E+00 0.00000E+00                                                    
  4.80000E+00 0.00000E+00 0.00000E+00 0.00000E+00                                                    
  5.00000E+00 0.00000E+00 0.00000E+00 0.00000E+00                                                    
  5.20000E+00 0.00000E+00 0.00000E+00 0.00000E+00                                                    
  5.40000E+00 0.00000E+00 0.00000E+00 0.00000E+00                                                    
  5.60000E+00 0.00000E+00 0.00000E+00 0.00000E+00                                                    
  5.80000E+00 0.00000E+00 0.00000E+00 0.00000E+00                                                    
  6.00000E+00 0.00000E+00 0.00000E+00 0.00000E+00                                                    
  6.20000E+00 0.00000E+00 0.00000E+00 0.00000E+00                                                    
  6.40000E+00 0.00000E+00 0.00000E+00 0.00000E+00                                                    
  6.60000E+00 0.00000E+00 0.00000E+00 0.00000E+00                                                    
  6.80000E+00 0.00000E+00 0.00000E+00 0.00000E+00                                                    
  7.00000E+00 0.00000E+00 0.00000E+00 0.00000E+00                                                    
  7.20000E+00 0.00000E+00 0.00000E+00 0.00000E+00                                                    
  7.40000E+00 0.00000E+00 0.00000E+00 0.00000E+00                                                    
  7.60000E+00 0.00000E+00 0.00000E+00 0.00000E+00                                                    
  7.80000E+00 0.00000E+00 0.00000E+00 0.00000E+00                                                    
  8.00000E+00 0.00000E+00 0.00000E+00 0.00000E+00                                                    
  8.50000E+00 0.00000E+00 0.00000E+00 0.00000E+00                                                    
  9.00000E+00 0.00000E+00 0.00000E+00 0.00000E+00                                                    
  9.50000E+00 0.00000E+00 0.00000E+00 0.00000E+00                                                    
  1.00000E+01 0.00000E+00 0.00000E+00 0.00000E+00                                                    
  1.20000E+01 4.78089E+00 3.05733E-01 1.00000E+00                                                    
  1.40000E+01 1.72909E+01 9.01740E+00 1.54822E-01                                                    
  1.60000E+01 2.52819E+01 2.30810E+01 7.53691E-02                                                    
  1.80000E+01 3.07214E+01 3.67640E+01 6.56849E-02                                                    
  2.00000E+01 3.53677E+01 4.91036E+01 6.84477E-02                                                    

     Emitted particles     reaction
   n   p   d   t   h   a
   0   0   0   1   0   0       (n,t)            

 Q-value    = -16.161130
 E-threshold=  16.743795

 Energy   Cross section Gamma c.s. c.s./res.prod.cs

  1.00000E-01 0.00000E+00 0.00000E+00 0.00000E+00                                                    
  2.00000E-01 0.00000E+00 0.00000E+00 0.00000E+00                                                    
  4.00000E-01 0.00000E+00 0.00000E+00 0.00000E+00                                                    
  6.00000E-01 0.00000E+00 0.00000E+00 0.00000E+00                                                    
  8.00000E-01 0.00000E+00 0.00000E+00 0.00000E+00                                                    
  1.00000E+00 0.00000E+00 0.00000E+00 0.00000E+00                                                    
  1.20000E+00 0.00000E+00 0.00000E+00 0.00000E+00                                                    
  1.40000E+00 0.00000E+00 0.00000E+00 0.00000E+00                                                    
  1.60000E+00 0.00000E+00 0.00000E+00 0.00000E+00                                                    
  1.80000E+00 0.00000E+00 0.00000E+00 0.00000E+00                                                    
  2.00000E+00 0.00000E+00 0.00000E+00 0.00000E+00                                                    
  2.20000E+00 0.00000E+00 0.00000E+00 0.00000E+00                                                    
  2.40000E+00 0.00000E+00 0.00000E+00 0.00000E+00                                                    
  2.60000E+00 0.00000E+00 0.00000E+00 0.00000E+00                                                    
  2.80000E+00 0.00000E+00 0.00000E+00 0.00000E+00                                                    
  3.00000E+00 0.00000E+00 0.00000E+00 0.00000E+00                                                    
  3.20000E+00 0.00000E+00 0.00000E+00 0.00000E+00                                                    
  3.40000E+00 0.00000E+00 0.00000E+00 0.00000E+00                                                    
  3.60000E+00 0.00000E+00 0.00000E+00 0.00000E+00                                                    
  3.80000E+00 0.00000E+00 0.00000E+00 0.00000E+00                                                    
  4.00000E+00 0.00000E+00 0.00000E+00 0.00000E+00                                                    
  4.20000E+00 0.00000E+00 0.00000E+00 0.00000E+00                                                    
  4.40000E+00 0.00000E+00 0.00000E+00 0.00000E+00                                                    
  4.60000E+00 0.00000E+00 0.00000E+00 0.00000E+00                                                    
  4.80000E+00 0.00000E+00 0.00000E+00 0.00000E+00                                                    
  5.00000E+00 0.00000E+00 0.00000E+00 0.00000E+00                                                    
  5.20000E+00 0.00000E+00 0.00000E+00 0.00000E+00                                                    
  5.40000E+00 0.00000E+00 0.00000E+00 0.00000E+00                                                    
  5.60000E+00 0.00000E+00 0.00000E+00 0.00000E+00                                                    
  5.80000E+00 0.00000E+00 0.00000E+00 0.00000E+00                                                    
  6.00000E+00 0.00000E+00 0.00000E+00 0.00000E+00                                                    
  6.20000E+00 0.00000E+00 0.00000E+00 0.00000E+00                                                    
  6.40000E+00 0.00000E+00 0.00000E+00 0.00000E+00                                                    
  6.60000E+00 0.00000E+00 0.00000E+00 0.00000E+00                                                    
  6.80000E+00 0.00000E+00 0.00000E+00 0.00000E+00                                                    
  7.00000E+00 0.00000E+00 0.00000E+00 0.00000E+00                                                    
  7.20000E+00 0.00000E+00 0.00000E+00 0.00000E+00                                                    
  7.40000E+00 0.00000E+00 0.00000E+00 0.00000E+00                                                    
  7.60000E+00 0.00000E+00 0.00000E+00 0.00000E+00                                                    
  7.80000E+00 0.00000E+00 0.00000E+00 0.00000E+00                                                    
  8.00000E+00 0.00000E+00 0.00000E+00 0.00000E+00                                                    
  8.50000E+00 0.00000E+00 0.00000E+00 0.00000E+00                                                    
  9.00000E+00 0.00000E+00 0.00000E+00 0.00000E+00                                                    
  9.50000E+00 0.00000E+00 0.00000E+00 0.00000E+00                                                    
  1.00000E+01 0.00000E+00 0.00000E+00 0.00000E+00                                                    
  1.20000E+01 0.00000E+00 0.00000E+00 0.00000E+00                                                    
  1.40000E+01 0.00000E+00 0.00000E+00 0.00000E+00                                                    
  1.60000E+01 0.00000E+00 0.00000E+00 0.00000E+00                                                    
  1.80000E+01 3.25986E-03 3.36611E-05 1.00000E+00                                                    
  2.00000E+01 3.61346E-01 1.38556E-01 9.99999E-01                                                    

     Emitted particles     reaction
   n   p   d   t   h   a
   0   0   0   0   1   0       (n,h)            

 Q-value    = -12.138133
 E-threshold=  12.575755

 Energy   Cross section Gamma c.s. c.s./res.prod.cs

  1.00000E-01 0.00000E+00 0.00000E+00 0.00000E+00                                                    
  2.00000E-01 0.00000E+00 0.00000E+00 0.00000E+00                                                    
  4.00000E-01 0.00000E+00 0.00000E+00 0.00000E+00                                                    
  6.00000E-01 0.00000E+00 0.00000E+00 0.00000E+00                                                    
  8.00000E-01 0.00000E+00 0.00000E+00 0.00000E+00                                                    
  1.00000E+00 0.00000E+00 0.00000E+00 0.00000E+00                                                    
  1.20000E+00 0.00000E+00 0.00000E+00 0.00000E+00                                                    
  1.40000E+00 0.00000E+00 0.00000E+00 0.00000E+00                                                    
  1.60000E+00 0.00000E+00 0.00000E+00 0.00000E+00                                                    
  1.80000E+00 0.00000E+00 0.00000E+00 0.00000E+00                                                    
  2.00000E+00 0.00000E+00 0.00000E+00 0.00000E+00                                                    
  2.20000E+00 0.00000E+00 0.00000E+00 0.00000E+00                                                    
  2.40000E+00 0.00000E+00 0.00000E+00 0.00000E+00                                                    
  2.60000E+00 0.00000E+00 0.00000E+00 0.00000E+00                                                    
  2.80000E+00 0.00000E+00 0.00000E+00 0.00000E+00                                                    
  3.00000E+00 0.00000E+00 0.00000E+00 0.00000E+00                                                    
  3.20000E+00 0.00000E+00 0.00000E+00 0.00000E+00                                                    
  3.40000E+00 0.00000E+00 0.00000E+00 0.00000E+00                                                    
  3.60000E+00 0.00000E+00 0.00000E+00 0.00000E+00                                                    
  3.80000E+00 0.00000E+00 0.00000E+00 0.00000E+00                                                    
  4.00000E+00 0.00000E+00 0.00000E+00 0.00000E+00                                                    
  4.20000E+00 0.00000E+00 0.00000E+00 0.00000E+00                                                    
  4.40000E+00 0.00000E+00 0.00000E+00 0.00000E+00                                                    
  4.60000E+00 0.00000E+00 0.00000E+00 0.00000E+00                                                    
  4.80000E+00 0.00000E+00 0.00000E+00 0.00000E+00                                                    
  5.00000E+00 0.00000E+00 0.00000E+00 0.00000E+00                                                    
  5.20000E+00 0.00000E+00 0.00000E+00 0.00000E+00                                                    
  5.40000E+00 0.00000E+00 0.00000E+00 0.00000E+00                                                    
  5.60000E+00 0.00000E+00 0.00000E+00 0.00000E+00                                                    
  5.80000E+00 0.00000E+00 0.00000E+00 0.00000E+00                                                    
  6.00000E+00 0.00000E+00 0.00000E+00 0.00000E+00                                                    
  6.20000E+00 0.00000E+00 0.00000E+00 0.00000E+00                                                    
  6.40000E+00 0.00000E+00 0.00000E+00 0.00000E+00                                                    
  6.60000E+00 0.00000E+00 0.00000E+00 0.00000E+00                                                    
  6.80000E+00 0.00000E+00 0.00000E+00 0.00000E+00                                                    
  7.00000E+00 0.00000E+00 0.00000E+00 0.00000E+00                                                    
  7.20000E+00 0.00000E+00 0.00000E+00 0.00000E+00                                                    
  7.40000E+00 0.00000E+00 0.00000E+00 0.00000E+00                                                    
  7.60000E+00 0.00000E+00 0.00000E+00 0.00000E+00                                                    
  7.80000E+00 0.00000E+00 0.00000E+00 0.00000E+00                                                    
  8.00000E+00 0.00000E+00 0.00000E+00 0.00000E+00                                                    
  8.50000E+00 0.00000E+00 0.00000E+00 0.00000E+00                                                    
  9.00000E+00 0.00000E+00 0.00000E+00 0.00000E+00                                                    
  9.50000E+00 0.00000E+00 0.00000E+00 0.00000E+00                                                    
  1.00000E+01 0.00000E+00 0.00000E+00 0.00000E+00                                                    
  1.20000E+01 0.00000E+00 0.00000E+00 0.00000E+00                                                    
  1.40000E+01 1.15874E-06 0.00000E+00 0.00000E+00                                                    
  1.60000E+01 1.85310E-02 4.37610E-05 1.00000E+00                                                    
  1.80000E+01 1.44124E-01 3.96813E-02 9.99996E-01                                                    
  2.00000E+01 3.39540E-01 3.02685E-01 9.96746E-01                                                    

     Emitted particles     reaction
   n   p   d   t   h   a
   0   0   0   0   0   1       (n,a)            

 Q-value    =  -2.653605
 E-threshold=   2.749276

 Energy   Cross section Gamma c.s. c.s./res.prod.cs

  1.00000E-01 0.00000E+00 0.00000E+00 0.00000E+00                                                    
  2.00000E-01 0.00000E+00 0.00000E+00 0.00000E+00                                                    
  4.00000E-01 0.00000E+00 0.00000E+00 0.00000E+00                                                    
  6.00000E-01 0.00000E+00 0.00000E+00 0.00000E+00                                                    
  8.00000E-01 0.00000E+00 0.00000E+00 0.00000E+00                                                    
  1.00000E+00 0.00000E+00 0.00000E+00 0.00000E+00                                                    
  1.20000E+00 0.00000E+00 0.00000E+00 0.00000E+00                                                    
  1.40000E+00 0.00000E+00 0.00000E+00 0.00000E+00                                                    
  1.60000E+00 0.00000E+00 0.00000E+00 0.00000E+00                                                    
  1.80000E+00 0.00000E+00 0.00000E+00 0.00000E+00                                                    
  2.00000E+00 0.00000E+00 0.00000E+00 0.00000E+00                                                    
  2.20000E+00 0.00000E+00 0.00000E+00 0.00000E+00                                                    
  2.40000E+00 0.00000E+00 0.00000E+00 0.00000E+00                                                    
  2.60000E+00 0.00000E+00 0.00000E+00 0.00000E+00                                                    
  2.80000E+00 0.00000E+00 0.00000E+00 0.00000E+00                                                    
  3.00000E+00 0.00000E+00 0.00000E+00 0.00000E+00                                                    
  3.20000E+00 0.00000E+00 0.00000E+00 0.00000E+00                                                    
  3.40000E+00 0.00000E+00 0.00000E+00 0.00000E+00                                                    
  3.60000E+00 0.00000E+00 0.00000E+00 0.00000E+00                                                    
  3.80000E+00 0.00000E+00 0.00000E+00 0.00000E+00                                                    
  4.00000E+00 1.16542E-05 0.00000E+00 0.00000E+00                                                    
  4.20000E+00 2.52298E-04 0.00000E+00 0.00000E+00                                                    
  4.40000E+00 2.69966E-03 0.00000E+00 1.00000E+00                                                    
  4.60000E+00 1.78033E-02 4.55318E-06 1.00000E+00                                                    
  4.80000E+00 8.10290E-02 1.01542E-04 1.00000E+00                                                    
  5.00000E+00 2.80335E-01 1.07352E-03 1.00000E+00                                                    
  5.20000E+00 8.09855E-01 6.80206E-03 1.00000E+00                                                    
  5.40000E+00 1.99438E+00 3.06273E-02 1.00000E+00                                                    
  5.60000E+00 4.34968E+00 1.13816E-01 1.00000E+00                                                    
  5.80000E+00 8.52399E+00 3.47858E-01 1.00000E+00                                                    
  6.00000E+00 1.52017E+01 9.14525E-01 1.00000E+00                                                    
  6.20000E+00 2.49452E+01 2.11140E+00 1.00000E+00                                                    
  6.40000E+00 3.80264E+01 4.35505E+00 1.00000E+00                                                    
  6.60000E+00 5.28830E+01 8.03329E+00 1.00000E+00                                                    
  6.80000E+00 6.96362E+01 1.35579E+01 1.00000E+00                                                    
  7.00000E+00 8.79385E+01 2.10888E+01 1.00000E+00                                                    
  7.20000E+00 1.04677E+02 3.03570E+01 9.99999E-01                                                    
  7.40000E+00 1.18658E+02 4.07090E+01 9.99999E-01                                                    
  7.60000E+00 1.32942E+02 5.29019E+01 9.99999E-01                                                    
  7.80000E+00 1.43325E+02 6.44590E+01 9.99999E-01                                                    
  8.00000E+00 1.54355E+02 7.74781E+01 9.99998E-01                                                    
  8.50000E+00 1.77135E+02 1.13165E+02 9.99997E-01                                                    
  9.00000E+00 1.90868E+02 1.49769E+02 9.99995E-01                                                    
  9.50000E+00 1.98118E+02 1.85490E+02 9.99992E-01                                                    
  1.00000E+01 2.00942E+02 2.18069E+02 9.99988E-01                                                    
  1.20000E+01 1.88615E+02 2.88350E+02 9.99953E-01                                                    
  1.40000E+01 1.71721E+02 3.09328E+02 9.99888E-01                                                    
  1.60000E+01 1.28678E+02 2.53054E+02 9.99749E-01                                                    
  1.80000E+01 7.48130E+01 1.53708E+02 9.99393E-01                                                    
  2.00000E+01 4.16180E+01 8.77813E+01 9.98712E-01                                                    

     Emitted particles     reaction
   n   p   d   t   h   a
   2   0   0   0   0   0       (n,2n)           

 Q-value    = -17.179615
 E-threshold=  17.798999

 Energy   Cross section Gamma c.s. c.s./res.prod.cs

  1.00000E-01 0.00000E+00 0.00000E+00 0.00000E+00                                                    
  2.00000E-01 0.00000E+00 0.00000E+00 0.00000E+00                                                    
  4.00000E-01 0.00000E+00 0.00000E+00 0.00000E+00                                                    
  6.00000E-01 0.00000E+00 0.00000E+00 0.00000E+00                                                    
  8.00000E-01 0.00000E+00 0.00000E+00 0.00000E+00                                                    
  1.00000E+00 0.00000E+00 0.00000E+00 0.00000E+00                                                    
  1.20000E+00 0.00000E+00 0.00000E+00 0.00000E+00                                                    
  1.40000E+00 0.00000E+00 0.00000E+00 0.00000E+00                                                    
  1.60000E+00 0.00000E+00 0.00000E+00 0.00000E+00                                                    
  1.80000E+00 0.00000E+00 0.00000E+00 0.00000E+00                                                    
  2.00000E+00 0.00000E+00 0.00000E+00 0.00000E+00                                                    
  2.20000E+00 0.00000E+00 0.00000E+00 0.00000E+00                                                    
  2.40000E+00 0.00000E+00 0.00000E+00 0.00000E+00                                                    
  2.60000E+00 0.00000E+00 0.00000E+00 0.00000E+00                                                    
  2.80000E+00 0.00000E+00 0.00000E+00 0.00000E+00                                                    
  3.00000E+00 0.00000E+00 0.00000E+00 0.00000E+00                                                    
  3.20000E+00 0.00000E+00 0.00000E+00 0.00000E+00                                                    
  3.40000E+00 0.00000E+00 0.00000E+00 0.00000E+00                                                    
  3.60000E+00 0.00000E+00 0.00000E+00 0.00000E+00                                                    
  3.80000E+00 0.00000E+00 0.00000E+00 0.00000E+00                                                    
  4.00000E+00 0.00000E+00 0.00000E+00 0.00000E+00                                                    
  4.20000E+00 0.00000E+00 0.00000E+00 0.00000E+00                                                    
  4.40000E+00 0.00000E+00 0.00000E+00 0.00000E+00                                                    
  4.60000E+00 0.00000E+00 0.00000E+00 0.00000E+00                                                    
  4.80000E+00 0.00000E+00 0.00000E+00 0.00000E+00                                                    
  5.00000E+00 0.00000E+00 0.00000E+00 0.00000E+00                                                    
  5.20000E+00 0.00000E+00 0.00000E+00 0.00000E+00                                                    
  5.40000E+00 0.00000E+00 0.00000E+00 0.00000E+00                                                    
  5.60000E+00 0.00000E+00 0.00000E+00 0.00000E+00                                                    
  5.80000E+00 0.00000E+00 0.00000E+00 0.00000E+00                                                    
  6.00000E+00 0.00000E+00 0.00000E+00 0.00000E+00                                                    
  6.20000E+00 0.00000E+00 0.00000E+00 0.00000E+00                                                    
  6.40000E+00 0.00000E+00 0.00000E+00 0.00000E+00                                                    
  6.60000E+00 0.00000E+00 0.00000E+00 0.00000E+00                                                    
  6.80000E+00 0.00000E+00 0.00000E+00 0.00000E+00                                                    
  7.00000E+00 0.00000E+00 0.00000E+00 0.00000E+00                                                    
  7.20000E+00 0.00000E+00 0.00000E+00 0.00000E+00                                                    
  7.40000E+00 0.00000E+00 0.00000E+00 0.00000E+00                                                    
  7.60000E+00 0.00000E+00 0.00000E+00 0.00000E+00                                                    
  7.80000E+00 0.00000E+00 0.00000E+00 0.00000E+00                                                    
  8.00000E+00 0.00000E+00 0.00000E+00 0.00000E+00                                                    
  8.50000E+00 0.00000E+00 0.00000E+00 0.00000E+00                                                    
  9.00000E+00 0.00000E+00 0.00000E+00 0.00000E+00                                                    
  9.50000E+00 0.00000E+00 0.00000E+00 0.00000E+00                                                    
  1.00000E+01 0.00000E+00 0.00000E+00 0.00000E+00                                                    
  1.20000E+01 0.00000E+00 0.00000E+00 0.00000E+00                                                    
  1.40000E+01 0.00000E+00 0.00000E+00 0.00000E+00                                                    
  1.60000E+01 0.00000E+00 0.00000E+00 0.00000E+00                                                    
  1.80000E+01 4.08198E-02 2.85643E-14 1.00000E+00                                                    
  2.00000E+01 5.45176E+00 1.24261E+00 9.99999E-01                                                    

     Emitted particles     reaction
   n   p   d   t   h   a
   1   1   0   0   0   0       (n,np)           

 Q-value    = -11.584902
 E-threshold=  12.002578

 Energy   Cross section Gamma c.s. c.s./res.prod.cs

  1.00000E-01 0.00000E+00 0.00000E+00 0.00000E+00                                                    
  2.00000E-01 0.00000E+00 0.00000E+00 0.00000E+00                                                    
  4.00000E-01 0.00000E+00 0.00000E+00 0.00000E+00                                                    
  6.00000E-01 0.00000E+00 0.00000E+00 0.00000E+00                                                    
  8.00000E-01 0.00000E+00 0.00000E+00 0.00000E+00                                                    
  1.00000E+00 0.00000E+00 0.00000E+00 0.00000E+00                                                    
  1.20000E+00 0.00000E+00 0.00000E+00 0.00000E+00                                                    
  1.40000E+00 0.00000E+00 0.00000E+00 0.00000E+00                                                    
  1.60000E+00 0.00000E+00 0.00000E+00 0.00000E+00                                                    
  1.80000E+00 0.00000E+00 0.00000E+00 0.00000E+00                                                    
  2.00000E+00 0.00000E+00 0.00000E+00 0.00000E+00                                                    
  2.20000E+00 0.00000E+00 0.00000E+00 0.00000E+00                                                    
  2.40000E+00 0.00000E+00 0.00000E+00 0.00000E+00                                                    
  2.60000E+00 0.00000E+00 0.00000E+00 0.00000E+00                                                    
  2.80000E+00 0.00000E+00 0.00000E+00 0.00000E+00                                                    
  3.00000E+00 0.00000E+00 0.00000E+00 0.00000E+00                                                    
  3.20000E+00 0.00000E+00 0.00000E+00 0.00000E+00                                                    
  3.40000E+00 0.00000E+00 0.00000E+00 0.00000E+00                                                    
  3.60000E+00 0.00000E+00 0.00000E+00 0.00000E+00                                                    
  3.80000E+00 0.00000E+00 0.00000E+00 0.00000E+00                                                    
  4.00000E+00 0.00000E+00 0.00000E+00 0.00000E+00                                                    
  4.20000E+00 0.00000E+00 0.00000E+00 0.00000E+00                                                    
  4.40000E+00 0.00000E+00 0.00000E+00 0.00000E+00                                                    
  4.60000E+00 0.00000E+00 0.00000E+00 0.00000E+00                                                    
  4.80000E+00 0.00000E+00 0.00000E+00 0.00000E+00                                                    
  5.00000E+00 0.00000E+00 0.00000E+00 0.00000E+00                                                    
  5.20000E+00 0.00000E+00 0.00000E+00 0.00000E+00                                                    
  5.40000E+00 0.00000E+00 0.00000E+00 0.00000E+00                                                    
  5.60000E+00 0.00000E+00 0.00000E+00 0.00000E+00                                                    
  5.80000E+00 0.00000E+00 0.00000E+00 0.00000E+00                                                    
  6.00000E+00 0.00000E+00 0.00000E+00 0.00000E+00                                                    
  6.20000E+00 0.00000E+00 0.00000E+00 0.00000E+00                                                    
  6.40000E+00 0.00000E+00 0.00000E+00 0.00000E+00                                                    
  6.60000E+00 0.00000E+00 0.00000E+00 0.00000E+00                                                    
  6.80000E+00 0.00000E+00 0.00000E+00 0.00000E+00                                                    
  7.00000E+00 0.00000E+00 0.00000E+00 0.00000E+00                                                    
  7.20000E+00 0.00000E+00 0.00000E+00 0.00000E+00                                                    
  7.40000E+00 0.00000E+00 0.00000E+00 0.00000E+00                                                    
  7.60000E+00 0.00000E+00 0.00000E+00 0.00000E+00                                                    
  7.80000E+00 0.00000E+00 0.00000E+00 0.00000E+00                                                    
  8.00000E+00 0.00000E+00 0.00000E+00 0.00000E+00                                                    
  8.50000E+00 0.00000E+00 0.00000E+00 0.00000E+00                                                    
  9.00000E+00 0.00000E+00 0.00000E+00 0.00000E+00                                                    
  9.50000E+00 0.00000E+00 0.00000E+00 0.00000E+00                                                    
  1.00000E+01 0.00000E+00 0.00000E+00 0.00000E+00                                                    
  1.20000E+01 0.00000E+00 0.00000E+00 0.00000E+00                                                    
  1.40000E+01 9.43910E+01 8.09588E-01 8.45177E-01                                                    
  1.60000E+01 3.10157E+02 4.07085E+01 9.24624E-01                                                    
  1.80000E+01 4.36976E+02 1.55233E+02 9.34290E-01                                                    
  2.00000E+01 4.81312E+02 2.96403E+02 9.31491E-01                                                    

     Emitted particles     reaction
   n   p   d   t   h   a
   0   2   0   0   0   0       (n,2p)           

 Q-value    = -13.412819
 E-threshold=  13.896397

 Energy   Cross section Gamma c.s. c.s./res.prod.cs

  1.00000E-01 0.00000E+00 0.00000E+00 0.00000E+00                                                    
  2.00000E-01 0.00000E+00 0.00000E+00 0.00000E+00                                                    
  4.00000E-01 0.00000E+00 0.00000E+00 0.00000E+00                                                    
  6.00000E-01 0.00000E+00 0.00000E+00 0.00000E+00                                                    
  8.00000E-01 0.00000E+00 0.00000E+00 0.00000E+00                                                    
  1.00000E+00 0.00000E+00 0.00000E+00 0.00000E+00                                                    
  1.20000E+00 0.00000E+00 0.00000E+00 0.00000E+00                                                    
  1.40000E+00 0.00000E+00 0.00000E+00 0.00000E+00                                                    
  1.60000E+00 0.00000E+00 0.00000E+00 0.00000E+00                                                    
  1.80000E+00 0.00000E+00 0.00000E+00 0.00000E+00                                                    
  2.00000E+00 0.00000E+00 0.00000E+00 0.00000E+00                                                    
  2.20000E+00 0.00000E+00 0.00000E+00 0.00000E+00                                                    
  2.40000E+00 0.00000E+00 0.00000E+00 0.00000E+00                                                    
  2.60000E+00 0.00000E+00 0.00000E+00 0.00000E+00                                                    
  2.80000E+00 0.00000E+00 0.00000E+00 0.00000E+00                                                    
  3.00000E+00 0.00000E+00 0.00000E+00 0.00000E+00                                                    
  3.20000E+00 0.00000E+00 0.00000E+00 0.00000E+00                                                    
  3.40000E+00 0.00000E+00 0.00000E+00 0.00000E+00                                                    
  3.60000E+00 0.00000E+00 0.00000E+00 0.00000E+00                                                    
  3.80000E+00 0.00000E+00 0.00000E+00 0.00000E+00                                                    
  4.00000E+00 0.00000E+00 0.00000E+00 0.00000E+00                                                    
  4.20000E+00 0.00000E+00 0.00000E+00 0.00000E+00                                                    
  4.40000E+00 0.00000E+00 0.00000E+00 0.00000E+00                                                    
  4.60000E+00 0.00000E+00 0.00000E+00 0.00000E+00                                                    
  4.80000E+00 0.00000E+00 0.00000E+00 0.00000E+00                                                    
  5.00000E+00 0.00000E+00 0.00000E+00 0.00000E+00                                                    
  5.20000E+00 0.00000E+00 0.00000E+00 0.00000E+00                                                    
  5.40000E+00 0.00000E+00 0.00000E+00 0.00000E+00                                                    
  5.60000E+00 0.00000E+00 0.00000E+00 0.00000E+00                                                    
  5.80000E+00 0.00000E+00 0.00000E+00 0.00000E+00                                                    
  6.00000E+00 0.00000E+00 0.00000E+00 0.00000E+00                                                    
  6.20000E+00 0.00000E+00 0.00000E+00 0.00000E+00                                                    
  6.40000E+00 0.00000E+00 0.00000E+00 0.00000E+00                                                    
  6.60000E+00 0.00000E+00 0.00000E+00 0.00000E+00                                                    
  6.80000E+00 0.00000E+00 0.00000E+00 0.00000E+00                                                    
  7.00000E+00 0.00000E+00 0.00000E+00 0.00000E+00                                                    
  7.20000E+00 0.00000E+00 0.00000E+00 0.00000E+00                                                    
  7.40000E+00 0.00000E+00 0.00000E+00 0.00000E+00                                                    
  7.60000E+00 0.00000E+00 0.00000E+00 0.00000E+00                                                    
  7.80000E+00 0.00000E+00 0.00000E+00 0.00000E+00                                                    
  8.00000E+00 0.00000E+00 0.00000E+00 0.00000E+00                                                    
  8.50000E+00 0.00000E+00 0.00000E+00 0.00000E+00                                                    
  9.00000E+00 0.00000E+00 0.00000E+00 0.00000E+00                                                    
  9.50000E+00 0.00000E+00 0.00000E+00 0.00000E+00                                                    
  1.00000E+01 0.00000E+00 0.00000E+00 0.00000E+00                                                    
  1.20000E+01 0.00000E+00 0.00000E+00 0.00000E+00                                                    
  1.40000E+01 0.00000E+00 0.00000E+00 0.00000E+00                                                    
  1.60000E+01 4.26186E-04 7.56334E-13 0.00000E+00                                                    
  1.80000E+01 3.12804E-01 2.85225E-02 1.00000E+00                                                    
  2.00000E+01 3.44841E+00 1.80574E+00 9.99998E-01                                                    

     Emitted particles     reaction
   n   p   d   t   h   a
   0   1   1   0   0   0       (n,pd)           

 Q-value    = -17.631618
 E-threshold=  18.267299

 Energy   Cross section Gamma c.s. c.s./res.prod.cs

  1.00000E-01 0.00000E+00 0.00000E+00 0.00000E+00                                                    
  2.00000E-01 0.00000E+00 0.00000E+00 0.00000E+00                                                    
  4.00000E-01 0.00000E+00 0.00000E+00 0.00000E+00                                                    
  6.00000E-01 0.00000E+00 0.00000E+00 0.00000E+00                                                    
  8.00000E-01 0.00000E+00 0.00000E+00 0.00000E+00                                                    
  1.00000E+00 0.00000E+00 0.00000E+00 0.00000E+00                                                    
  1.20000E+00 0.00000E+00 0.00000E+00 0.00000E+00                                                    
  1.40000E+00 0.00000E+00 0.00000E+00 0.00000E+00                                                    
  1.60000E+00 0.00000E+00 0.00000E+00 0.00000E+00                                                    
  1.80000E+00 0.00000E+00 0.00000E+00 0.00000E+00                                                    
  2.00000E+00 0.00000E+00 0.00000E+00 0.00000E+00                                                    
  2.20000E+00 0.00000E+00 0.00000E+00 0.00000E+00                                                    
  2.40000E+00 0.00000E+00 0.00000E+00 0.00000E+00                                                    
  2.60000E+00 0.00000E+00 0.00000E+00 0.00000E+00                                                    
  2.80000E+00 0.00000E+00 0.00000E+00 0.00000E+00                                                    
  3.00000E+00 0.00000E+00 0.00000E+00 0.00000E+00                                                    
  3.20000E+00 0.00000E+00 0.00000E+00 0.00000E+00                                                    
  3.40000E+00 0.00000E+00 0.00000E+00 0.00000E+00                                                    
  3.60000E+00 0.00000E+00 0.00000E+00 0.00000E+00                                                    
  3.80000E+00 0.00000E+00 0.00000E+00 0.00000E+00                                                    
  4.00000E+00 0.00000E+00 0.00000E+00 0.00000E+00                                                    
  4.20000E+00 0.00000E+00 0.00000E+00 0.00000E+00                                                    
  4.40000E+00 0.00000E+00 0.00000E+00 0.00000E+00                                                    
  4.60000E+00 0.00000E+00 0.00000E+00 0.00000E+00                                                    
  4.80000E+00 0.00000E+00 0.00000E+00 0.00000E+00                                                    
  5.00000E+00 0.00000E+00 0.00000E+00 0.00000E+00                                                    
  5.20000E+00 0.00000E+00 0.00000E+00 0.00000E+00                                                    
  5.40000E+00 0.00000E+00 0.00000E+00 0.00000E+00                                                    
  5.60000E+00 0.00000E+00 0.00000E+00 0.00000E+00                                                    
  5.80000E+00 0.00000E+00 0.00000E+00 0.00000E+00                                                    
  6.00000E+00 0.00000E+00 0.00000E+00 0.00000E+00                                                    
  6.20000E+00 0.00000E+00 0.00000E+00 0.00000E+00                                                    
  6.40000E+00 0.00000E+00 0.00000E+00 0.00000E+00                                                    
  6.60000E+00 0.00000E+00 0.00000E+00 0.00000E+00                                                    
  6.80000E+00 0.00000E+00 0.00000E+00 0.00000E+00                                                    
  7.00000E+00 0.00000E+00 0.00000E+00 0.00000E+00                                                    
  7.20000E+00 0.00000E+00 0.00000E+00 0.00000E+00                                                    
  7.40000E+00 0.00000E+00 0.00000E+00 0.00000E+00                                                    
  7.60000E+00 0.00000E+00 0.00000E+00 0.00000E+00                                                    
  7.80000E+00 0.00000E+00 0.00000E+00 0.00000E+00                                                    
  8.00000E+00 0.00000E+00 0.00000E+00 0.00000E+00                                                    
  8.50000E+00 0.00000E+00 0.00000E+00 0.00000E+00                                                    
  9.00000E+00 0.00000E+00 0.00000E+00 0.00000E+00                                                    
  9.50000E+00 0.00000E+00 0.00000E+00 0.00000E+00                                                    
  1.00000E+01 0.00000E+00 0.00000E+00 0.00000E+00                                                    
  1.20000E+01 0.00000E+00 0.00000E+00 0.00000E+00                                                    
  1.40000E+01 0.00000E+00 0.00000E+00 0.00000E+00                                                    
  1.60000E+01 0.00000E+00 0.00000E+00 0.00000E+00                                                    
  1.80000E+01 0.00000E+00 0.00000E+00 0.00000E+00                                                    
  2.00000E+01 1.10331E-03 6.22040E-09 3.23886E-03                                                    

     Emitted particles     reaction
   n   p   d   t   h   a
   1   0   0   0   0   1       (n,na)           

 Q-value    =  -9.984131
 E-threshold=  10.344093

 Energy   Cross section Gamma c.s. c.s./res.prod.cs

  1.00000E-01 0.00000E+00 0.00000E+00 0.00000E+00                                                    
  2.00000E-01 0.00000E+00 0.00000E+00 0.00000E+00                                                    
  4.00000E-01 0.00000E+00 0.00000E+00 0.00000E+00                                                    
  6.00000E-01 0.00000E+00 0.00000E+00 0.00000E+00                                                    
  8.00000E-01 0.00000E+00 0.00000E+00 0.00000E+00                                                    
  1.00000E+00 0.00000E+00 0.00000E+00 0.00000E+00                                                    
  1.20000E+00 0.00000E+00 0.00000E+00 0.00000E+00                                                    
  1.40000E+00 0.00000E+00 0.00000E+00 0.00000E+00                                                    
  1.60000E+00 0.00000E+00 0.00000E+00 0.00000E+00                                                    
  1.80000E+00 0.00000E+00 0.00000E+00 0.00000E+00                                                    
  2.00000E+00 0.00000E+00 0.00000E+00 0.00000E+00                                                    
  2.20000E+00 0.00000E+00 0.00000E+00 0.00000E+00                                                    
  2.40000E+00 0.00000E+00 0.00000E+00 0.00000E+00                                                    
  2.60000E+00 0.00000E+00 0.00000E+00 0.00000E+00                                                    
  2.80000E+00 0.00000E+00 0.00000E+00 0.00000E+00                                                    
  3.00000E+00 0.00000E+00 0.00000E+00 0.00000E+00                                                    
  3.20000E+00 0.00000E+00 0.00000E+00 0.00000E+00                                                    
  3.40000E+00 0.00000E+00 0.00000E+00 0.00000E+00                                                    
  3.60000E+00 0.00000E+00 0.00000E+00 0.00000E+00                                                    
  3.80000E+00 0.00000E+00 0.00000E+00 0.00000E+00                                                    
  4.00000E+00 0.00000E+00 0.00000E+00 0.00000E+00                                                    
  4.20000E+00 0.00000E+00 0.00000E+00 0.00000E+00                                                    
  4.40000E+00 0.00000E+00 0.00000E+00 0.00000E+00                                                    
  4.60000E+00 0.00000E+00 0.00000E+00 0.00000E+00                                                    
  4.80000E+00 0.00000E+00 0.00000E+00 0.00000E+00                                                    
  5.00000E+00 0.00000E+00 0.00000E+00 0.00000E+00                                                    
  5.20000E+00 0.00000E+00 0.00000E+00 0.00000E+00                                                    
  5.40000E+00 0.00000E+00 0.00000E+00 0.00000E+00                                                    
  5.60000E+00 0.00000E+00 0.00000E+00 0.00000E+00                                                    
  5.80000E+00 0.00000E+00 0.00000E+00 0.00000E+00                                                    
  6.00000E+00 0.00000E+00 0.00000E+00 0.00000E+00                                                    
  6.20000E+00 0.00000E+00 0.00000E+00 0.00000E+00                                                    
  6.40000E+00 0.00000E+00 0.00000E+00 0.00000E+00                                                    
  6.60000E+00 0.00000E+00 0.00000E+00 0.00000E+00                                                    
  6.80000E+00 0.00000E+00 0.00000E+00 0.00000E+00                                                    
  7.00000E+00 0.00000E+00 0.00000E+00 0.00000E+00                                                    
  7.20000E+00 0.00000E+00 0.00000E+00 0.00000E+00                                                    
  7.40000E+00 0.00000E+00 0.00000E+00 0.00000E+00                                                    
  7.60000E+00 0.00000E+00 0.00000E+00 0.00000E+00                                                    
  7.80000E+00 0.00000E+00 0.00000E+00 0.00000E+00                                                    
  8.00000E+00 0.00000E+00 0.00000E+00 0.00000E+00                                                    
  8.50000E+00 0.00000E+00 0.00000E+00 0.00000E+00                                                    
  9.00000E+00 0.00000E+00 0.00000E+00 0.00000E+00                                                    
  9.50000E+00 0.00000E+00 0.00000E+00 0.00000E+00                                                    
  1.00000E+01 0.00000E+00 0.00000E+00 0.00000E+00                                                    
  1.20000E+01 9.85127E-02 3.96193E-07 1.00000E+00                                                    
  1.40000E+01 1.85074E+01 3.50090E-02 9.99999E-01                                                    
  1.60000E+01 6.90322E+01 1.09817E+01 9.99995E-01                                                    
  1.80000E+01 1.35603E+02 6.14227E+01 9.99986E-01                                                    
  2.00000E+01 1.70171E+02 1.11674E+02 9.99965E-01                                                    

     Emitted particles     reaction
   n   p   d   t   h   a
   0   1   0   0   0   1       (n,pa)           

 Q-value    = -14.717455
 E-threshold=  15.248070

 Energy   Cross section Gamma c.s. c.s./res.prod.cs

  1.00000E-01 0.00000E+00 0.00000E+00 0.00000E+00                                                    
  2.00000E-01 0.00000E+00 0.00000E+00 0.00000E+00                                                    
  4.00000E-01 0.00000E+00 0.00000E+00 0.00000E+00                                                    
  6.00000E-01 0.00000E+00 0.00000E+00 0.00000E+00                                                    
  8.00000E-01 0.00000E+00 0.00000E+00 0.00000E+00                                                    
  1.00000E+00 0.00000E+00 0.00000E+00 0.00000E+00                                                    
  1.20000E+00 0.00000E+00 0.00000E+00 0.00000E+00                                                    
  1.40000E+00 0.00000E+00 0.00000E+00 0.00000E+00                                                    
  1.60000E+00 0.00000E+00 0.00000E+00 0.00000E+00                                                    
  1.80000E+00 0.00000E+00 0.00000E+00 0.00000E+00                                                    
  2.00000E+00 0.00000E+00 0.00000E+00 0.00000E+00                                                    
  2.20000E+00 0.00000E+00 0.00000E+00 0.00000E+00                                                    
  2.40000E+00 0.00000E+00 0.00000E+00 0.00000E+00                                                    
  2.60000E+00 0.00000E+00 0.00000E+00 0.00000E+00                                                    
  2.80000E+00 0.00000E+00 0.00000E+00 0.00000E+00                                                    
  3.00000E+00 0.00000E+00 0.00000E+00 0.00000E+00                                                    
  3.20000E+00 0.00000E+00 0.00000E+00 0.00000E+00                                                    
  3.40000E+00 0.00000E+00 0.00000E+00 0.00000E+00                                                    
  3.60000E+00 0.00000E+00 0.00000E+00 0.00000E+00                                                    
  3.80000E+00 0.00000E+00 0.00000E+00 0.00000E+00                                                    
  4.00000E+00 0.00000E+00 0.00000E+00 0.00000E+00                                                    
  4.20000E+00 0.00000E+00 0.00000E+00 0.00000E+00                                                    
  4.40000E+00 0.00000E+00 0.00000E+00 0.00000E+00                                                    
  4.60000E+00 0.00000E+00 0.00000E+00 0.00000E+00                                                    
  4.80000E+00 0.00000E+00 0.00000E+00 0.00000E+00                                                    
  5.00000E+00 0.00000E+00 0.00000E+00 0.00000E+00                                                    
  5.20000E+00 0.00000E+00 0.00000E+00 0.00000E+00                                                    
  5.40000E+00 0.00000E+00 0.00000E+00 0.00000E+00                                                    
  5.60000E+00 0.00000E+00 0.00000E+00 0.00000E+00                                                    
  5.80000E+00 0.00000E+00 0.00000E+00 0.00000E+00                                                    
  6.00000E+00 0.00000E+00 0.00000E+00 0.00000E+00                                                    
  6.20000E+00 0.00000E+00 0.00000E+00 0.00000E+00                                                    
  6.40000E+00 0.00000E+00 0.00000E+00 0.00000E+00                                                    
  6.60000E+00 0.00000E+00 0.00000E+00 0.00000E+00                                                    
  6.80000E+00 0.00000E+00 0.00000E+00 0.00000E+00                                                    
  7.00000E+00 0.00000E+00 0.00000E+00 0.00000E+00                                                    
  7.20000E+00 0.00000E+00 0.00000E+00 0.00000E+00                                                    
  7.40000E+00 0.00000E+00 0.00000E+00 0.00000E+00                                                    
  7.60000E+00 0.00000E+00 0.00000E+00 0.00000E+00                                                    
  7.80000E+00 0.00000E+00 0.00000E+00 0.00000E+00                                                    
  8.00000E+00 0.00000E+00 0.00000E+00 0.00000E+00                                                    
  8.50000E+00 0.00000E+00 0.00000E+00 0.00000E+00                                                    
  9.00000E+00 0.00000E+00 0.00000E+00 0.00000E+00                                                    
  9.50000E+00 0.00000E+00 0.00000E+00 0.00000E+00                                                    
  1.00000E+01 0.00000E+00 0.00000E+00 0.00000E+00                                                    
  1.20000E+01 0.00000E+00 0.00000E+00 0.00000E+00                                                    
  1.40000E+01 0.00000E+00 0.00000E+00 0.00000E+00                                                    
  1.60000E+01 0.00000E+00 0.00000E+00 0.00000E+00                                                    
  1.80000E+01 1.00024E-06 4.16969E-16 0.00000E+00                                                    
  2.00000E+01 2.36628E-02 4.52085E-03 1.00000E+00                                                    

     Emitted particles     reaction
   n   p   d   t   h   a
   0   0   0   0   0   2       (n,2a)           

 Q-value    = -12.539522
 E-threshold=  12.991615

 Energy   Cross section Gamma c.s. c.s./res.prod.cs

  1.00000E-01 0.00000E+00 0.00000E+00 0.00000E+00                                                    
  2.00000E-01 0.00000E+00 0.00000E+00 0.00000E+00                                                    
  4.00000E-01 0.00000E+00 0.00000E+00 0.00000E+00                                                    
  6.00000E-01 0.00000E+00 0.00000E+00 0.00000E+00                                                    
  8.00000E-01 0.00000E+00 0.00000E+00 0.00000E+00                                                    
  1.00000E+00 0.00000E+00 0.00000E+00 0.00000E+00                                                    
  1.20000E+00 0.00000E+00 0.00000E+00 0.00000E+00                                                    
  1.40000E+00 0.00000E+00 0.00000E+00 0.00000E+00                                                    
  1.60000E+00 0.00000E+00 0.00000E+00 0.00000E+00                                                    
  1.80000E+00 0.00000E+00 0.00000E+00 0.00000E+00                                                    
  2.00000E+00 0.00000E+00 0.00000E+00 0.00000E+00                                                    
  2.20000E+00 0.00000E+00 0.00000E+00 0.00000E+00                                                    
  2.40000E+00 0.00000E+00 0.00000E+00 0.00000E+00                                                    
  2.60000E+00 0.00000E+00 0.00000E+00 0.00000E+00                                                    
  2.80000E+00 0.00000E+00 0.00000E+00 0.00000E+00                                                    
  3.00000E+00 0.00000E+00 0.00000E+00 0.00000E+00                                                    
  3.20000E+00 0.00000E+00 0.00000E+00 0.00000E+00                                                    
  3.40000E+00 0.00000E+00 0.00000E+00 0.00000E+00                                                    
  3.60000E+00 0.00000E+00 0.00000E+00 0.00000E+00                                                    
  3.80000E+00 0.00000E+00 0.00000E+00 0.00000E+00                                                    
  4.00000E+00 0.00000E+00 0.00000E+00 0.00000E+00                                                    
  4.20000E+00 0.00000E+00 0.00000E+00 0.00000E+00                                                    
  4.40000E+00 0.00000E+00 0.00000E+00 0.00000E+00                                                    
  4.60000E+00 0.00000E+00 0.00000E+00 0.00000E+00                                                    
  4.80000E+00 0.00000E+00 0.00000E+00 0.00000E+00                                                    
  5.00000E+00 0.00000E+00 0.00000E+00 0.00000E+00                                                    
  5.20000E+00 0.00000E+00 0.00000E+00 0.00000E+00                                                    
  5.40000E+00 0.00000E+00 0.00000E+00 0.00000E+00                                                    
  5.60000E+00 0.00000E+00 0.00000E+00 0.00000E+00                                                    
  5.80000E+00 0.00000E+00 0.00000E+00 0.00000E+00                                                    
  6.00000E+00 0.00000E+00 0.00000E+00 0.00000E+00                                                    
  6.20000E+00 0.00000E+00 0.00000E+00 0.00000E+00                                                    
  6.40000E+00 0.00000E+00 0.00000E+00 0.00000E+00                                                    
  6.60000E+00 0.00000E+00 0.00000E+00 0.00000E+00                                                    
  6.80000E+00 0.00000E+00 0.00000E+00 0.00000E+00                                                    
  7.00000E+00 0.00000E+00 0.00000E+00 0.00000E+00                                                    
  7.20000E+00 0.00000E+00 0.00000E+00 0.00000E+00                                                    
  7.40000E+00 0.00000E+00 0.00000E+00 0.00000E+00                                                    
  7.60000E+00 0.00000E+00 0.00000E+00 0.00000E+00                                                    
  7.80000E+00 0.00000E+00 0.00000E+00 0.00000E+00                                                    
  8.00000E+00 0.00000E+00 0.00000E+00 0.00000E+00                                                    
  8.50000E+00 0.00000E+00 0.00000E+00 0.00000E+00                                                    
  9.00000E+00 0.00000E+00 0.00000E+00 0.00000E+00                                                    
  9.50000E+00 0.00000E+00 0.00000E+00 0.00000E+00                                                    
  1.00000E+01 0.00000E+00 0.00000E+00 0.00000E+00                                                    
  1.20000E+01 0.00000E+00 0.00000E+00 0.00000E+00                                                    
  1.40000E+01 0.00000E+00 0.00000E+00 0.00000E+00                                                    
  1.60000E+01 0.00000E+00 0.00000E+00 0.00000E+00                                                    
  1.80000E+01 3.34570E-05 6.69320E-14 0.00000E+00                                                    
  2.00000E+01 4.45825E-02 1.38808E-02 1.00000E+00                                                    

 Execution time:  0 hours  0 minutes 45.95 seconds 

 The TALYS team congratulates you with this successful calculation.
