
    TALYS-2.0 (Version: December 29, 2023)

 Copyright (C) 2023  A.J. Koning, S. Hilaire and S. Goriely

 Dimensions - Cross sections: mb, Energies: MeV, Angles: degrees

 ########## USER INPUT ##########

 USER INPUT FILE

 #
 # a-ho165-omp5
 #
 # general
 #
 projectile a
 element ho
 mass 165
 energy energies
 #
 # model
 #
 alphaomp 5
 #
 # output
 #
 outomp y

 USER INPUT FILE + DEFAULTS

 Keyword           Value   Variable     Explanation

 #
 # Four main keywords
 #
 projectile          a     ptype0       type of incident particle
 element            Ho     Starget      symbol of target nucleus
 mass              165     mass         mass number of target nucleus
 energy energies           energyfile   file with incident energies
 #
 # Basic physical and numerical parameters
 #
 ejectiles g n p d t h a   outtype      outgoing particles
 maxz               12     maxZ         maximal number of protons from the initial compound nucleus
 maxn               32     maxN         maximal number of neutrons from the initial compound nucleus
 bins               40     nbins        number of continuum excitation energy bins
 equidistant         y     flagequi     flag to use equidistant excitation bins instead of logarithmic bins
 equispec            n     flagequispec flag to use equidistant bins for emission spectra
 popmev              n     flagpopmev   flag to use initial population per MeV instead of histograms
 segment             1     segment      number of segments to divide emission energy grid
 maxlevelstar       30     nlevmax      maximum number of included discrete levels for target
 maxlevelsres       10     nlevmaxres   maximum number of included discrete levels for residual nucleus
 maxlevelsbin g     10     nlevbin      maximum number of included discrete levels for gamma    channel
 maxlevelsbin n     10     nlevbin      maximum number of included discrete levels for neutron  channel
 maxlevelsbin p     10     nlevbin      maximum number of included discrete levels for proton   channel
 maxlevelsbin d      5     nlevbin      maximum number of included discrete levels for deuteron channel
 maxlevelsbin t      5     nlevbin      maximum number of included discrete levels for triton   channel
 maxlevelsbin h      5     nlevbin      maximum number of included discrete levels for helium-3 channel
 maxlevelsbin a     30     nlevbin      maximum number of included discrete levels for alpha    channel
 ltarget             0     ltarget      excited level of target
 isomer           1.00E+00 isomer       definition of isomer in seconds
 transpower          5     transpower   power for transmission coefficient limit
 transeps         1.00E-08 transeps     limit for transmission coefficient
 xseps            1.00E-07 xseps        limit for cross sections
 popeps           1.00E-03 popeps       limit for population cross section per nucleus
 Rfiseps          1.00E-03 Rfiseps      ratio for limit for fission cross section per nucleus
 elow             1.00E-06 elow         minimal incident energy for nuclear model calculations
 angles             90     nangle       number of angles
 anglescont         18     nanglecont   number of angles for continuum
 anglesrec           1     nanglerec    number of recoil angles
 maxenrec           20     maxenrec     number of recoil energies
 channels            n     flagchannels flag for exclusive channels calculation
 maxchannel          4     maxchannel   maximal number of outgoing particles in individual channel description
 micro               n     flagmicro    flag for completely microscopic Talys calculation
 best                n     flagbest     flag to use best set of adjusted parameters
 bestbranch          y     flagbestbr   flag to use flag to use only best set of branching ratios
 bestend             n     flagbestend  flag to put best set of parameters at end of input file
 relativistic        y     flagrel      flag for relativistic kinematics
 recoil              n     flagrecoil   flag for calculation of recoils
 labddx              n     flaglabddx   flag for calculation of DDX in LAB system
 recoilaverage       n     flagrecoilav flag for average velocity in recoil calculation
 channelenergy       n     flagEchannel flag for channel energy for emission spectrum
 reaction            y     flagreaction flag for calculation of nuclear reactions
 fit                 n     flagfit      flag to use automatically fitted parameters
 ngfit               n     flagngfit    flag for using fitted (n,g) nuclear model parameters
 nffit               n     flagnffit    flag for using fitted (n,f) nuclear model parameters
 nnfit               n     flagnnfit    flag for using fitted (n,n), (n,2n) and (n,p) nuclear model parameters
 nafit               n     flagnafit    flag for using fitted (n,a) nuclear model parameters
 pnfit               n     flagpnfit    flag for using fitted (p,n) nuclear model parameters
 dnfit               n     flagdnfit    flag for using fitted (d,n) nuclear model parameters
 gnfit               n     flaggnfit    flag for using fitted (g,n) nuclear model parameters
 anfit               n     flaganfit    flag for using fitted (a,n) nuclear model parameters
 gamgamfit           n    flaggamgamfit flag for using fitted Gamma_gamma nuclear model parameters
 macsfit             n     flagmacsfit  flag for using fitted MACS nuclear model parameters
 astro               n     flagastro    flag for calculation of astrophysics reaction rate
 astrogs             n     flagastrogs  flag for calculation of astrophysics reaction rate with target in ground state only
 astroex             n     flagastroex  flag for calculation of astrophysics reaction rate to long-lived excited states
 nonthermlev        -1     nonthermlev  excited level non-thermalized in the calculation of astrophysics rate
 massmodel           2     massmodel    model for theoretical nuclear mass
 expmass             y     flagexpmass  flag for using experimental nuclear mass if available
 disctable           1     disctable    table with discrete levels
 production          n     flagprod     flag for isotope production
 outfy               n     flagoutfy    flag for output detailed fission yield calculation
 gefran          50000     gefran       number of random events for GEF calculation
 Estop            1000.000 Estop        incident energy above which TALYS stops
 rpevap              n     flagrpevap   flag for evaporation of residual products at high incident energies
 maxZrp             12     maxZrp       maximal number of protons from the initial compound nucleus before residual evaporation
 maxNrp             32     maxNrp       maximal number of neutrons from the initial compound nucleus before residual evaporation
 user      Arjan Koning    user         user for this calculation
 source    TALYS-2.0       source       source for this calculation
 format    YANDF-0.1       oformat      format for output
 #
 # Optical model
 #
 localomp            y     flaglocalomp flag for local (y) or global (n) optical model
 dispersion          n     flagdisp     flag for dispersive optical model
 jlmomp              n     flagjlm      flag for using semi-microscopic JLM OMP
 riplomp             n     flagriplomp  flag for RIPL OMP
 riplrisk            n     flagriplrisk flag for going outside RIPL mass validity range
 optmodall           n     flagompall   flag for new optical model calculation for all residual nuclei
 incadjust           y     flagincadj   flag for OMP adjustment on incident channel also
 omponly             n     flagomponly  flag to execute ONLY an optical model calculation
 autorot             n     flagautorot  flag for automatic rotational coupled channels calculations for A > 150
 spherical           n     flagspher    flag to force spherical optical model
 soukho              y     flagsoukho   flag for Soukhovitskii OMP for actinides
 coulomb             y     flagcoulomb  flag for Coulomb excitation calculation with ECIS
 statepot            n     flagstate    flag for optical model potential for each excited state
 maxband             0     maxband      highest vibrational band added to rotational model
 maxrot              2     maxrot       number of included excited rotational levels
 sysreaction               sysreaction  particles with reaction cross section from systematics
 rotational                rotational   particles with possible rotational optical model
 core               -1     core         even-even core for weakcoupling (-1 or 1)
 ecissave            n     flagecissave flag for saving ECIS input and output files
 eciscalc            y     flageciscalc flag for new ECIS calculation for outgoing particles and energy grid
 inccalc             y     flaginccalc  flag for new ECIS calculation for incident channel
 endfecis            y     flagendfecis flag for new ECIS calculation for ENDF-6 files
 radialmodel         2     radialmodel  model for radial matter densities (JLM OMP only)
 jlmmode             0     jlmmode      option for JLM imaginary potential normalization
 alphaomp            5     alphaomp     alpha OMP (1=normal, 2= McFadden-Satchler, 3-5= folding potential, 6,8= Avrigeanu, 7=Nolte)
 deuteronomp         4     deuteronomp  deuteron OMP (1=normal, 2=Daehnick, 3=Bojowald, 4=Han-Shi-Shen, 5=An-Cai)
 #
 # Compound nucleus
 #
 widthfluc           n     flagwidth    flag for width fluctuation calculation
 widthmode           2     wmode        designator for width fluctuation model
 WFCfactor           1     WFCfactor    enhancement factor for WFC: 1: Original, 2: Ernebjerg and Herman
 compound            y     flagcomp     flag for compound nucleus model
 fullhf              n     flagfullhf   flag for full spin dependence of transmission coefficients
 eciscompound        n     flageciscomp flag for compound nucleus calculation by ECIS
 cpang               n     flagcpang    flag for compound angular distribution calculation for incident charged particles
 urr                 n     flagurr      flag for URR calculation
 urrnjoy             n     flagurrnjoy  flag for normalization of URR parameters with NJOY method
 lurr                2     lurr         maximal orbital angular momentum for URR
 #
 # Gamma emission
 #
 gammax              2     gammax       number of l-values for gamma multipolarity
 strength            9     strength     model for E1 gamma-ray strength function
 strengthM1          3     strengthM1   model for M1 gamma-ray strength function
 electronconv        y     flagelectron flag for application of electron conversion coefficient
 racap               n     flagracap    flag for radiative capture model
 ldmodelracap        3     ldmodelracap level density model for direct radiative capture
 upbend              y     flagupbend   flag for low-energy upbend of photon strength function
 psfglobal           n    flagpsfglobal flag for global photon strength functions only
 gnorm               n     flaggnorm    flag to normalize PSF to average radiative width
 #
 # Pre-equilibrium
 #
 preequilibrium      y     flagpreeq    flag for pre-equilibrium calculation
 preeqmode           2     preeqmode    designator for pre-equilibrium model
 multipreeq         20.000 emulpre      on-set incident energy for multiple preequilibrium
 mpreeqmode          2     mpreeqmode   designator for multiple pre-equilibrium model
 breakupmodel        1     breakupmodel model for break-up reaction: 1. Kalbach 2. Avrigeanu
 phmodel             1     phmodel      particle-hole state density model
 pairmodel           2     pairmodel    designator for pre-equilibrium pairing model
 preeqspin           2     pespinmodel  model for pre-equilibrium spin distribution
 giantresonance      n     flaggiant    flag for collective contribution from giant resonances
 preeqsurface        y     flagsurface  flag for surface effects in exciton model
 preeqcomplex        y     flagpecomp   flag for Kalbach complex particle emission model
 twocomponent        y     flag2comp    flag for two-component pre-equilibrium model
 ecisdwba            y     flagecisdwba flag for new ECIS calculation for DWBA for MSD
 onestep             n     flagonestep  flag for continuum one-step direct only
 #
 # Level densities
 #
 ldmodel             1     ldmodelall   level density model
 ldmodelCN           1     ldmodelCN    level density model for compound nucleus
 shellmodel          1     shellmodel   model for shell correction energies
 kvibmodel           2     kvibmodel    model for vibrational enhancement
 spincutmodel        1     spincutmodel model for spin cutoff factor for ground state
 asys                n     flagasys     flag for all level density parameters a from systematics
 parity              n     flagparity   flag for non-equal parity distribution
 colenhance          n     flagcolall   flag for collective enhancement of level density for all nuclides
 ctmglobal           n     flagctmglob  flag for global CTM model (no discrete level info)
 gshell              n     flaggshell   flag for energy dependence of single particle level density parameter g
 colldamp            n     flagcolldamp flag for damping of collective effects in effective level density
 #
 # Fission
 #
 fission             n     flagfission  flag for fission
 fismodel            3     fismodel     fission model
 fismodelalt         3     fismodelalt  alternative fission model for default barriers
 hbstate             n     flaghbstate  flag for head band states in fission
 class2              n     flagclass2   flag for class2 states in fission
 fispartdamp         n  flagfispartdamp flag for fission partial damping
 massdis             n     flagmassdis  flag for calculation of fission fragment mass yields
 ffevaporation       y     flagffevap   flag for calculation of particle evaporation from fission fragment mass yields
 fisfeed             n     flagfisfeed  flag for output of fission per excitation bin
 fymodel             2     fymodel      fission yield model, 1: Brosa 2: GEF
 ffmodel             1     ffmodel      fission fragment model, 1: GEF 2: HF3D (Okumura) 3: SPY 4: Langevin-4D 0: own files
 pfnsmodel           1     pfnsmodel    PFNS model, 1: Iwamoto 2: from FF decay
 ffspin              n     flagffspin   flag to use spin distribution in initial FF population
 #
 # Output
 #
 outmain             y     flagmain     flag for main output
 outbasic            n     flagbasic    flag for output of basic information and results
 outall              n     flagoutall   flag for output of all data in main output file
 outpopulation       n     flagpop      flag for output of population
 outcheck            n     flagcheck    flag for output of numerical checks
 outlevels           n     flaglevels   flag for output of discrete level information
 outdensity          n     flagdensity  flag for output of level densities
 outomp              y     flagoutomp   flag for output of optical model parameters
 outkd               n     flagoutkd    flag for output of KD03 OMP parameters
 outdirect           n     flagdirect   flag for output of direct reaction results
 outinverse          n     flaginverse  flag for output of transmission coefficients and inverse reaction cross sections
 outdecay            n     flagdecay    flag for output of decay of each population bin
 outtransenergy      y     flagtransen  flag for output of transmission coefficients per energy
 outecis             n     flagoutecis  flag for output of ECIS results
 outgamma            n     flaggamma    flag for output of gamma-ray information
 outpreequilibrium   n     flagpeout    flag for output of pre-equilibrium results 
 outfission          n     flagfisout   flag for output of fission information
 outdiscrete         n     flagdisc     flag for output of discrete state cross sections
 outspectra          n     flagspec     flag for output of double-differential cross sections
 outbinspectra       n     flagbinspec  flag for output of emission spectrum per excitation bin
 resonance           n     flagres      flag for output of low energy resonance cross sections
 group               n     flaggroup    flag for output of low energy groupwise cross sections
 adddiscrete         y     flagadd      flag for addition of discrete states to spectra
 addelastic          y     flagaddel    flag for addition of elastic peak to spectra
 outangle            n     flagang      flag for output of angular distributions
 outlegendre         n     flaglegendre flag for output of Legendre coefficients
 ddxmode             0     ddxmode      mode for double-differential cross sections
 outdwba             n     flagoutdwba  flag for output of DWBA cross sections for MSD
 outgamdis           n     flaggamdis   flag for output of discrete gamma-ray intensities
 outexcitation       y     flagexc      flag for output of excitation functions
 components          n     flagcompo    flag for output of cross section components
 endf                n     flagendf     flag for information for ENDF-6 file
 endfdetail          n     flagendfdet  flag for detailed ENDF-6 information per channel
 sacs                n     flagsacs     flag for statistical analysis of cross sections
 partable            n     flagpartable flag for output of model parameters on separate file
 block               n     flagblock    flag to block spectra, angle and gamma files

 ########## BASIC REACTION PARAMETERS ##########

 Projectile           : alpha       Mass in a.m.u.      :   4.002603
 Target               : Ho165       Mass in a.m.u.      : 164.930329

 Included channels:
                     gamma   
                     neutron 
                     proton  
                     deuteron
                     triton  
                     helium-3
                     alpha   

    19 incident energies (LAB):

     12.000
     13.000
     14.000
     15.000
     16.000
     17.000
     18.000
     19.000
     20.000
     22.000
     24.000
     26.000
     28.000
     30.000
     32.000
     34.000
     36.000
     38.000
     40.000

 Q-values for binary reactions:

 Q(a,g): -1.19845
 Q(a,n): -9.23205
 Q(a,p): -6.77284
 Q(a,d):-12.31957
 Q(a,t):-12.49875
 Q(a,h):-14.33397
 Q(a,a):  0.00000

 ######### OPTICAL MODEL PARAMETERS ##########

 Radial densities

 Radius   Protons     Neutrons

  0.100 5.91391E-02 9.50728E-02
  0.200 5.92095E-02 9.49883E-02
  0.300 5.93255E-02 9.48515E-02
  0.400 5.94852E-02 9.46684E-02
  0.500 5.96858E-02 9.44470E-02
  0.600 5.99241E-02 9.41965E-02
  0.700 6.01960E-02 9.39270E-02
  0.800 6.04966E-02 9.36493E-02
  0.900 6.08207E-02 9.33735E-02
  1.000 6.11627E-02 9.31093E-02
  1.100 6.15165E-02 9.28652E-02
  1.200 6.18760E-02 9.26482E-02
  1.300 6.22350E-02 9.24635E-02
  1.400 6.25877E-02 9.23144E-02
  1.500 6.29283E-02 9.22022E-02
  1.600 6.32518E-02 9.21265E-02
  1.700 6.35538E-02 9.20850E-02
  1.800 6.38305E-02 9.20737E-02
  1.900 6.40790E-02 9.20875E-02
  2.000 6.42973E-02 9.21201E-02
  2.100 6.44843E-02 9.21645E-02
  2.200 6.46397E-02 9.22134E-02
  2.300 6.47641E-02 9.22594E-02
  2.400 6.48588E-02 9.22954E-02
  2.500 6.49257E-02 9.23147E-02
  2.600 6.49673E-02 9.23116E-02
  2.700 6.49866E-02 9.22815E-02
  2.800 6.49866E-02 9.22208E-02
  2.900 6.49707E-02 9.21271E-02
  3.000 6.49418E-02 9.19993E-02
  3.100 6.49026E-02 9.18372E-02
  3.200 6.48551E-02 9.16413E-02
  3.300 6.48004E-02 9.14124E-02
  3.400 6.47385E-02 9.11514E-02
  3.500 6.46678E-02 9.08583E-02
  3.600 6.45851E-02 9.05323E-02
  3.700 6.44855E-02 9.01710E-02
  3.800 6.43620E-02 8.97701E-02
  3.900 6.42056E-02 8.93231E-02
  4.000 6.40056E-02 8.88213E-02
  4.100 6.37496E-02 8.82537E-02
  4.200 6.34239E-02 8.76075E-02
  4.300 6.30139E-02 8.68681E-02
  4.400 6.25047E-02 8.60200E-02
  4.500 6.18818E-02 8.50476E-02
  4.600 6.11313E-02 8.39355E-02
  4.700 6.02412E-02 8.26696E-02
  4.800 5.92015E-02 8.12376E-02
  4.900 5.80048E-02 7.96301E-02
  5.000 5.66469E-02 7.78407E-02
  5.100 5.51271E-02 7.58666E-02
  5.200 5.34482E-02 7.37087E-02
  5.300 5.16165E-02 7.13721E-02
  5.400 4.96419E-02 6.88654E-02
  5.500 4.75374E-02 6.62009E-02
  5.600 4.53189E-02 6.33942E-02
  5.700 4.30045E-02 6.04638E-02
  5.800 4.06144E-02 5.74302E-02
  5.900 3.81699E-02 5.43160E-02
  6.000 3.56928E-02 5.11450E-02
  6.100 3.32055E-02 4.79415E-02
  6.200 3.07297E-02 4.47303E-02
  6.300 2.82862E-02 4.15358E-02
  6.400 2.58948E-02 3.83815E-02
  6.500 2.35733E-02 3.52899E-02
  6.600 2.13378E-02 3.22819E-02
  6.700 1.92021E-02 2.93766E-02
  6.800 1.71780E-02 2.65910E-02
  6.900 1.52745E-02 2.39396E-02
  7.000 1.34984E-02 2.14343E-02
  7.100 1.18542E-02 1.90845E-02
  7.200 1.03441E-02 1.68969E-02
  7.300 8.96790E-03 1.48754E-02
  7.400 7.72379E-03 1.30212E-02
  7.500 6.60805E-03 1.13334E-02
  7.600 5.61546E-03 9.80849E-03
  7.700 4.73961E-03 8.44108E-03
  7.800 3.97307E-03 7.22410E-03
  7.900 3.30772E-03 6.14905E-03
  8.000 2.73496E-03 5.20637E-03
  8.100 2.24602E-03 4.38577E-03
  8.200 1.83209E-03 3.67654E-03
  8.300 1.48457E-03 3.06784E-03
  8.400 1.19524E-03 2.54894E-03
  8.500 9.56320E-04 2.10948E-03
  8.600 7.60638E-04 1.73961E-03
  8.700 6.01646E-04 1.43013E-03
  8.800 4.73469E-04 1.17260E-03
  8.900 3.70912E-04 9.59385E-04
  9.000 2.89443E-04 7.83655E-04
  9.100 2.25165E-04 6.39401E-04
  9.200 1.74768E-04 5.21391E-04
  9.300 1.35478E-04 4.25121E-04
  9.400 1.04996E-04 3.46756E-04
  9.500 8.14457E-05 2.83065E-04
  9.600 6.33061E-05 2.31344E-04
  9.700 4.93625E-05 1.89353E-04
  9.800 3.86532E-05 1.55250E-04
  9.900 3.04246E-05 1.27529E-04
 10.000 2.40909E-05 1.04962E-04
 10.100 1.92011E-05 8.65582E-05
 10.200 1.54099E-05 7.15168E-05
 10.300 1.24544E-05 5.91936E-05
 10.400 1.01357E-05 4.90710E-05
 10.500 8.30342E-06 4.07336E-05
 10.600 6.84419E-06 3.38478E-05
 10.700 5.67257E-06 2.81460E-05
 10.800 4.72406E-06 2.34128E-05
 10.900 3.94989E-06 1.94748E-05
 11.000 3.31305E-06 1.61920E-05
 11.100 2.78534E-06 1.34511E-05
 11.200 2.34517E-06 1.11599E-05
 11.300 1.97590E-06 9.24341E-06
 11.400 1.66465E-06 7.64004E-06
 11.500 1.40135E-06 6.29915E-06
 11.600 1.17805E-06 5.17883E-06
 11.700 9.88394E-07 4.24419E-06
 11.800 8.27268E-07 3.46604E-06
 11.900 6.90469E-07 2.81985E-06
 12.000 5.74504E-07 2.28488E-06
 12.100 4.76429E-07 1.84352E-06
 12.200 3.93731E-07 1.48082E-06
 12.300 3.24242E-07 1.18403E-06
 12.400 2.66077E-07 9.42277E-07
 12.500 2.17592E-07 7.46305E-07
 12.600 1.77346E-07 5.88243E-07
 12.700 1.44082E-07 4.61418E-07
 12.800 1.16704E-07 3.60194E-07
 12.900 9.42614E-08 2.79837E-07
 13.000 7.59354E-08 2.16388E-07
 13.100 6.10238E-08 1.66560E-07
 13.200 4.89300E-08 1.27635E-07
 13.300 3.91503E-08 9.73862E-08
 13.400 3.12624E-08 7.40003E-08
 13.500 2.49153E-08 5.60093E-08
 13.600 1.98183E-08 4.22344E-08
 13.700 1.57328E-08 3.17356E-08
 13.800 1.24636E-08 2.37682E-08
 13.900 9.85187E-09 1.77465E-08
 14.000 7.76881E-09 1.32125E-08
 14.100 6.11022E-09 9.81085E-09
 14.200 4.79207E-09 7.26698E-09
 14.300 3.74664E-09 5.37028E-09
 14.400 2.91944E-09 3.95999E-09
 14.500 2.26663E-09 2.91398E-09
 14.600 1.75296E-09 2.13994E-09
 14.700 1.35011E-09 1.56839E-09
 14.800 1.03530E-09 1.14718E-09
 14.900 7.90260E-10 8.37372E-10
 15.000 6.00336E-10 6.09923E-10
 15.100 4.53798E-10 4.43253E-10
 15.200 3.41276E-10 3.21356E-10
 15.300 2.55306E-10 2.32385E-10
 15.400 1.89968E-10 1.67587E-10
 15.500 1.40577E-10 1.20502E-10
 15.600 1.03449E-10 8.63759E-11
 15.700 7.56991E-11 6.17083E-11
 15.800 5.50778E-11 4.39302E-11
 15.900 3.98443E-11 3.11579E-11
 16.000 2.86579E-11 2.20130E-11
 16.100 2.04927E-11 1.54890E-11
 16.200 1.45688E-11 1.08525E-11
 16.300 1.02971E-11 7.57067E-12
 16.400 7.23555E-12 5.25751E-12
 16.500 5.05468E-12 3.63424E-12
 16.600 3.51062E-12 2.50027E-12
 16.700 2.42409E-12 1.71183E-12
 16.800 1.66416E-12 1.16627E-12
 16.900 1.13586E-12 7.90620E-13
 17.000 7.70825E-13 5.33263E-13
 17.100 5.20105E-13 3.57847E-13
 17.200 3.48933E-13 2.38900E-13
 17.300 2.32766E-13 1.58665E-13
 17.400 1.54396E-13 1.04829E-13
 17.500 1.01836E-13 6.88980E-14
 17.600 6.67928E-14 4.50452E-14
 17.700 4.35642E-14 2.92956E-14
 17.800 2.82563E-14 1.89524E-14
 17.900 1.82263E-14 1.21965E-14
 18.000 1.16921E-14 7.80747E-15
 18.100 7.45944E-15 4.97158E-15
 18.200 4.73320E-15 3.14912E-15
 18.300 2.98709E-15 1.98425E-15
 18.400 1.87499E-15 1.24372E-15
 18.500 1.17063E-15 7.75476E-16
 18.600 7.26976E-16 4.80997E-16
 18.700 4.49069E-16 2.96791E-16
 18.800 2.75936E-16 1.82179E-16
 18.900 1.68662E-16 1.11248E-16
 19.000 1.02554E-16 6.75833E-17
 19.100 6.20329E-17 4.08458E-17
 19.200 3.73283E-17 2.45597E-17
 19.300 2.23465E-17 1.46918E-17
 19.400 1.33090E-17 8.74396E-18
 19.500 7.88605E-18 5.17765E-18
 19.600 4.64899E-18 3.05039E-18
 19.700 2.72679E-18 1.78807E-18
 19.800 1.59129E-18 1.04286E-18
 19.900 9.23970E-19 6.05190E-19
 20.000 5.36496E-19 3.51202E-19

           neutron  on 168Tm

  Energy     V     rv    av    W     rw    aw    Vd   rvd   avd    Wd   rwd   awd   Vso   rvso  avso  Wso   rwso  awso  rc

    0.001  49.10 1.230 0.653  0.09 1.230 0.653  0.00 1.255 0.517  3.02 1.255 0.517  6.25 1.068 0.590 -0.01 1.068 0.590 0.000
    0.002  49.10 1.230 0.653  0.09 1.230 0.653  0.00 1.255 0.517  3.02 1.255 0.517  6.25 1.068 0.590 -0.01 1.068 0.590 0.000
    0.005  49.10 1.230 0.653  0.09 1.230 0.653  0.00 1.255 0.517  3.02 1.255 0.517  6.25 1.068 0.590 -0.01 1.068 0.590 0.000
    0.010  49.10 1.230 0.653  0.09 1.230 0.653  0.00 1.255 0.517  3.03 1.255 0.517  6.25 1.068 0.590 -0.01 1.068 0.590 0.000
    0.020  49.09 1.230 0.653  0.09 1.230 0.653  0.00 1.255 0.517  3.03 1.255 0.517  6.25 1.068 0.590 -0.01 1.068 0.590 0.000
    0.050  49.08 1.230 0.653  0.09 1.230 0.653  0.00 1.255 0.517  3.05 1.255 0.517  6.25 1.068 0.590 -0.01 1.068 0.590 0.000
    0.101  49.06 1.230 0.653  0.09 1.230 0.653  0.00 1.255 0.517  3.08 1.255 0.517  6.25 1.068 0.590 -0.01 1.068 0.590 0.000
    0.201  49.03 1.230 0.653  0.10 1.230 0.653  0.00 1.255 0.517  3.14 1.255 0.517  6.25 1.068 0.590 -0.01 1.068 0.590 0.000
    0.302  48.99 1.230 0.653  0.10 1.230 0.653  0.00 1.255 0.517  3.20 1.255 0.517  6.25 1.068 0.590 -0.01 1.068 0.590 0.000
    0.402  48.96 1.230 0.653  0.10 1.230 0.653  0.00 1.255 0.517  3.26 1.255 0.517  6.24 1.068 0.590 -0.01 1.068 0.590 0.000
    0.503  48.92 1.230 0.653  0.11 1.230 0.653  0.00 1.255 0.517  3.32 1.255 0.517  6.24 1.068 0.590 -0.01 1.068 0.590 0.000
    0.604  48.89 1.230 0.653  0.11 1.230 0.653  0.00 1.255 0.517  3.37 1.255 0.517  6.24 1.068 0.590 -0.01 1.068 0.590 0.000
    0.704  48.86 1.230 0.653  0.11 1.230 0.653  0.00 1.255 0.517  3.43 1.255 0.517  6.24 1.068 0.590 -0.01 1.068 0.590 0.000
    0.805  48.82 1.230 0.653  0.12 1.230 0.653  0.00 1.255 0.517  3.49 1.255 0.517  6.23 1.068 0.590 -0.01 1.068 0.590 0.000
    0.905  48.79 1.230 0.653  0.12 1.230 0.653  0.00 1.255 0.517  3.55 1.255 0.517  6.23 1.068 0.590 -0.01 1.068 0.590 0.000
    1.006  48.75 1.230 0.653  0.12 1.230 0.653  0.00 1.255 0.517  3.60 1.255 0.517  6.23 1.068 0.590 -0.01 1.068 0.590 0.000
    1.107  48.72 1.230 0.653  0.12 1.230 0.653  0.00 1.255 0.517  3.66 1.255 0.517  6.23 1.068 0.590 -0.01 1.068 0.590 0.000
    1.207  48.68 1.230 0.653  0.13 1.230 0.653  0.00 1.255 0.517  3.71 1.255 0.517  6.22 1.068 0.590 -0.01 1.068 0.590 0.000
    1.308  48.65 1.230 0.653  0.13 1.230 0.653  0.00 1.255 0.517  3.77 1.255 0.517  6.22 1.068 0.590 -0.01 1.068 0.590 0.000
    1.408  48.61 1.230 0.653  0.13 1.230 0.653  0.00 1.255 0.517  3.82 1.255 0.517  6.22 1.068 0.590 -0.01 1.068 0.590 0.000
    1.509  48.58 1.230 0.653  0.14 1.230 0.653  0.00 1.255 0.517  3.88 1.255 0.517  6.22 1.068 0.590 -0.01 1.068 0.590 0.000
    1.610  48.54 1.230 0.653  0.14 1.230 0.653  0.00 1.255 0.517  3.93 1.255 0.517  6.21 1.068 0.590 -0.01 1.068 0.590 0.000
    1.710  48.51 1.230 0.653  0.14 1.230 0.653  0.00 1.255 0.517  3.99 1.255 0.517  6.21 1.068 0.590 -0.01 1.068 0.590 0.000
    1.811  48.47 1.230 0.653  0.15 1.230 0.653  0.00 1.255 0.517  4.04 1.255 0.517  6.21 1.068 0.590 -0.01 1.068 0.590 0.000
    1.911  48.44 1.230 0.653  0.15 1.230 0.653  0.00 1.255 0.517  4.09 1.255 0.517  6.21 1.068 0.590 -0.01 1.068 0.590 0.000
    2.012  48.40 1.230 0.653  0.15 1.230 0.653  0.00 1.255 0.517  4.14 1.255 0.517  6.20 1.068 0.590 -0.01 1.068 0.590 0.000
    2.213  48.33 1.230 0.653  0.16 1.230 0.653  0.00 1.255 0.517  4.24 1.255 0.517  6.20 1.068 0.590 -0.01 1.068 0.590 0.000
    2.414  48.26 1.230 0.653  0.17 1.230 0.653  0.00 1.255 0.517  4.34 1.255 0.517  6.19 1.068 0.590 -0.01 1.068 0.590 0.000
    2.616  48.20 1.230 0.653  0.18 1.230 0.653  0.00 1.255 0.517  4.44 1.255 0.517  6.19 1.068 0.590 -0.01 1.068 0.590 0.000
    2.817  48.13 1.230 0.653  0.18 1.230 0.653  0.00 1.255 0.517  4.54 1.255 0.517  6.18 1.068 0.590 -0.01 1.068 0.590 0.000
    3.018  48.06 1.230 0.653  0.19 1.230 0.653  0.00 1.255 0.517  4.63 1.255 0.517  6.18 1.068 0.590 -0.01 1.068 0.590 0.000
    3.219  47.99 1.230 0.653  0.20 1.230 0.653  0.00 1.255 0.517  4.72 1.255 0.517  6.17 1.068 0.590 -0.01 1.068 0.590 0.000
    3.420  47.92 1.230 0.653  0.21 1.230 0.653  0.00 1.255 0.517  4.81 1.255 0.517  6.17 1.068 0.590 -0.01 1.068 0.590 0.000
    3.622  47.85 1.230 0.653  0.21 1.230 0.653  0.00 1.255 0.517  4.89 1.255 0.517  6.16 1.068 0.590 -0.01 1.068 0.590 0.000
    3.823  47.78 1.230 0.653  0.22 1.230 0.653  0.00 1.255 0.517  4.98 1.255 0.517  6.16 1.068 0.590 -0.01 1.068 0.590 0.000
    4.024  47.71 1.230 0.653  0.23 1.230 0.653  0.00 1.255 0.517  5.06 1.255 0.517  6.15 1.068 0.590 -0.01 1.068 0.590 0.000
    4.527  47.54 1.230 0.653  0.25 1.230 0.653  0.00 1.255 0.517  5.25 1.255 0.517  6.14 1.068 0.590 -0.02 1.068 0.590 0.000
    5.030  47.37 1.230 0.653  0.27 1.230 0.653  0.00 1.255 0.517  5.43 1.255 0.517  6.13 1.068 0.590 -0.02 1.068 0.590 0.000
    5.533  47.20 1.230 0.653  0.30 1.230 0.653  0.00 1.255 0.517  5.59 1.255 0.517  6.12 1.068 0.590 -0.02 1.068 0.590 0.000
    6.036  47.03 1.230 0.653  0.32 1.230 0.653  0.00 1.255 0.517  5.75 1.255 0.517  6.10 1.068 0.590 -0.02 1.068 0.590 0.000
    6.539  46.86 1.230 0.653  0.35 1.230 0.653  0.00 1.255 0.517  5.88 1.255 0.517  6.09 1.068 0.590 -0.02 1.068 0.590 0.000
    7.042  46.69 1.230 0.653  0.37 1.230 0.653  0.00 1.255 0.517  6.01 1.255 0.517  6.08 1.068 0.590 -0.02 1.068 0.590 0.000
    7.545  46.52 1.230 0.653  0.40 1.230 0.653  0.00 1.255 0.517  6.13 1.255 0.517  6.07 1.068 0.590 -0.02 1.068 0.590 0.000
    8.048  46.35 1.230 0.653  0.43 1.230 0.653  0.00 1.255 0.517  6.23 1.255 0.517  6.05 1.068 0.590 -0.03 1.068 0.590 0.000
    8.551  46.19 1.230 0.653  0.46 1.230 0.653  0.00 1.255 0.517  6.32 1.255 0.517  6.04 1.068 0.590 -0.03 1.068 0.590 0.000
    9.054  46.02 1.230 0.653  0.49 1.230 0.653  0.00 1.255 0.517  6.41 1.255 0.517  6.03 1.068 0.590 -0.03 1.068 0.590 0.000
    9.557  45.85 1.230 0.653  0.52 1.230 0.653  0.00 1.255 0.517  6.48 1.255 0.517  6.02 1.068 0.590 -0.03 1.068 0.590 0.000
   10.060  45.68 1.230 0.653  0.55 1.230 0.653  0.00 1.255 0.517  6.55 1.255 0.517  6.01 1.068 0.590 -0.03 1.068 0.590 0.000
   10.563  45.52 1.230 0.653  0.58 1.230 0.653  0.00 1.255 0.517  6.61 1.255 0.517  5.99 1.068 0.590 -0.04 1.068 0.590 0.000
   11.066  45.35 1.230 0.653  0.61 1.230 0.653  0.00 1.255 0.517  6.66 1.255 0.517  5.98 1.068 0.590 -0.04 1.068 0.590 0.000
   11.569  45.19 1.230 0.653  0.64 1.230 0.653  0.00 1.255 0.517  6.70 1.255 0.517  5.97 1.068 0.590 -0.04 1.068 0.590 0.000
   12.072  45.02 1.230 0.653  0.68 1.230 0.653  0.00 1.255 0.517  6.74 1.255 0.517  5.96 1.068 0.590 -0.04 1.068 0.590 0.000
   12.575  44.86 1.230 0.653  0.71 1.230 0.653  0.00 1.255 0.517  6.77 1.255 0.517  5.95 1.068 0.590 -0.04 1.068 0.590 0.000
   13.078  44.69 1.230 0.653  0.75 1.230 0.653  0.00 1.255 0.517  6.79 1.255 0.517  5.93 1.068 0.590 -0.05 1.068 0.590 0.000
   13.581  44.53 1.230 0.653  0.78 1.230 0.653  0.00 1.255 0.517  6.81 1.255 0.517  5.92 1.068 0.590 -0.05 1.068 0.590 0.000
   14.084  44.37 1.230 0.653  0.82 1.230 0.653  0.00 1.255 0.517  6.83 1.255 0.517  5.91 1.068 0.590 -0.05 1.068 0.590 0.000
   14.587  44.20 1.230 0.653  0.86 1.230 0.653  0.00 1.255 0.517  6.84 1.255 0.517  5.90 1.068 0.590 -0.05 1.068 0.590 0.000
   15.090  44.04 1.230 0.653  0.90 1.230 0.653  0.00 1.255 0.517  6.84 1.255 0.517  5.89 1.068 0.590 -0.06 1.068 0.590 0.000
   15.593  43.88 1.230 0.653  0.94 1.230 0.653  0.00 1.255 0.517  6.84 1.255 0.517  5.87 1.068 0.590 -0.06 1.068 0.590 0.000
   16.096  43.72 1.230 0.653  0.98 1.230 0.653  0.00 1.255 0.517  6.84 1.255 0.517  5.86 1.068 0.590 -0.06 1.068 0.590 0.000
   16.599  43.56 1.230 0.653  1.02 1.230 0.653  0.00 1.255 0.517  6.83 1.255 0.517  5.85 1.068 0.590 -0.07 1.068 0.590 0.000
   17.102  43.40 1.230 0.653  1.06 1.230 0.653  0.00 1.255 0.517  6.83 1.255 0.517  5.84 1.068 0.590 -0.07 1.068 0.590 0.000
   17.605  43.23 1.230 0.653  1.10 1.230 0.653  0.00 1.255 0.517  6.81 1.255 0.517  5.83 1.068 0.590 -0.07 1.068 0.590 0.000
   18.108  43.07 1.230 0.653  1.14 1.230 0.653  0.00 1.255 0.517  6.80 1.255 0.517  5.82 1.068 0.590 -0.07 1.068 0.590 0.000
   18.611  42.92 1.230 0.653  1.18 1.230 0.653  0.00 1.255 0.517  6.78 1.255 0.517  5.80 1.068 0.590 -0.08 1.068 0.590 0.000
   19.114  42.76 1.230 0.653  1.23 1.230 0.653  0.00 1.255 0.517  6.76 1.255 0.517  5.79 1.068 0.590 -0.08 1.068 0.590 0.000
   19.617  42.60 1.230 0.653  1.27 1.230 0.653  0.00 1.255 0.517  6.74 1.255 0.517  5.78 1.068 0.590 -0.08 1.068 0.590 0.000
   20.120  42.44 1.230 0.653  1.32 1.230 0.653  0.00 1.255 0.517  6.72 1.255 0.517  5.77 1.068 0.590 -0.09 1.068 0.590 0.000
   21.126  42.12 1.230 0.653  1.41 1.230 0.653  0.00 1.255 0.517  6.67 1.255 0.517  5.75 1.068 0.590 -0.09 1.068 0.590 0.000
   22.132  41.81 1.230 0.653  1.50 1.230 0.653  0.00 1.255 0.517  6.61 1.255 0.517  5.72 1.068 0.590 -0.10 1.068 0.590 0.000
   23.138  41.50 1.230 0.653  1.59 1.230 0.653  0.00 1.255 0.517  6.54 1.255 0.517  5.70 1.068 0.590 -0.11 1.068 0.590 0.000
   24.144  41.19 1.230 0.653  1.69 1.230 0.653  0.00 1.255 0.517  6.47 1.255 0.517  5.68 1.068 0.590 -0.11 1.068 0.590 0.000
   25.150  40.88 1.230 0.653  1.79 1.230 0.653  0.00 1.255 0.517  6.40 1.255 0.517  5.65 1.068 0.590 -0.12 1.068 0.590 0.000
   26.156  40.57 1.230 0.653  1.89 1.230 0.653  0.00 1.255 0.517  6.32 1.255 0.517  5.63 1.068 0.590 -0.13 1.068 0.590 0.000
   27.162  40.27 1.230 0.653  1.99 1.230 0.653  0.00 1.255 0.517  6.25 1.255 0.517  5.61 1.068 0.590 -0.13 1.068 0.590 0.000
   28.168  39.96 1.230 0.653  2.09 1.230 0.653  0.00 1.255 0.517  6.17 1.255 0.517  5.59 1.068 0.590 -0.14 1.068 0.590 0.000
   29.174  39.66 1.230 0.653  2.20 1.230 0.653  0.00 1.255 0.517  6.08 1.255 0.517  5.56 1.068 0.590 -0.15 1.068 0.590 0.000
   30.180  39.36 1.230 0.653  2.30 1.230 0.653  0.00 1.255 0.517  6.00 1.255 0.517  5.54 1.068 0.590 -0.16 1.068 0.590 0.000

           proton   on 168Er

  Energy     V     rv    av    W     rw    aw    Vd   rvd   avd    Wd   rwd   awd   Vso   rvso  avso  Wso   rwso  awso  rc

    0.302  64.15 1.230 0.653  0.09 1.230 0.653  0.00 1.255 0.606  3.39 1.255 0.606  6.26 1.068 0.590 -0.00 1.068 0.590 1.223
    0.402  64.10 1.230 0.653  0.09 1.230 0.653  0.00 1.255 0.606  3.47 1.255 0.606  6.26 1.068 0.590 -0.01 1.068 0.590 1.223
    0.503  64.05 1.230 0.653  0.09 1.230 0.653  0.00 1.255 0.606  3.54 1.255 0.606  6.26 1.068 0.590 -0.01 1.068 0.590 1.223
    0.604  64.00 1.230 0.653  0.10 1.230 0.653  0.00 1.255 0.606  3.62 1.255 0.606  6.26 1.068 0.590 -0.01 1.068 0.590 1.223
    0.704  63.95 1.230 0.653  0.10 1.230 0.653  0.00 1.255 0.606  3.69 1.255 0.606  6.25 1.068 0.590 -0.01 1.068 0.590 1.223
    0.805  63.90 1.230 0.653  0.10 1.230 0.653  0.00 1.255 0.606  3.77 1.255 0.606  6.25 1.068 0.590 -0.01 1.068 0.590 1.223
    0.905  63.85 1.230 0.653  0.10 1.230 0.653  0.00 1.255 0.606  3.84 1.255 0.606  6.25 1.068 0.590 -0.01 1.068 0.590 1.223
    1.006  63.81 1.230 0.653  0.11 1.230 0.653  0.00 1.255 0.606  3.91 1.255 0.606  6.25 1.068 0.590 -0.01 1.068 0.590 1.223
    1.107  63.76 1.230 0.653  0.11 1.230 0.653  0.00 1.255 0.606  3.98 1.255 0.606  6.24 1.068 0.590 -0.01 1.068 0.590 1.223
    1.207  63.71 1.230 0.653  0.11 1.230 0.653  0.00 1.255 0.606  4.06 1.255 0.606  6.24 1.068 0.590 -0.01 1.068 0.590 1.223
    1.308  63.66 1.230 0.653  0.12 1.230 0.653  0.00 1.255 0.606  4.13 1.255 0.606  6.24 1.068 0.590 -0.01 1.068 0.590 1.223
    1.408  63.61 1.230 0.653  0.12 1.230 0.653  0.00 1.255 0.606  4.20 1.255 0.606  6.24 1.068 0.590 -0.01 1.068 0.590 1.223
    1.509  63.56 1.230 0.653  0.12 1.230 0.653  0.00 1.255 0.606  4.27 1.255 0.606  6.23 1.068 0.590 -0.01 1.068 0.590 1.223
    1.610  63.51 1.230 0.653  0.13 1.230 0.653  0.00 1.255 0.606  4.34 1.255 0.606  6.23 1.068 0.590 -0.01 1.068 0.590 1.223
    1.710  63.47 1.230 0.653  0.13 1.230 0.653  0.00 1.255 0.606  4.41 1.255 0.606  6.23 1.068 0.590 -0.01 1.068 0.590 1.223
    1.811  63.42 1.230 0.653  0.13 1.230 0.653  0.00 1.255 0.606  4.48 1.255 0.606  6.23 1.068 0.590 -0.01 1.068 0.590 1.223
    1.911  63.37 1.230 0.653  0.14 1.230 0.653  0.00 1.255 0.606  4.55 1.255 0.606  6.22 1.068 0.590 -0.01 1.068 0.590 1.223
    2.012  63.32 1.230 0.653  0.14 1.230 0.653  0.00 1.255 0.606  4.62 1.255 0.606  6.22 1.068 0.590 -0.01 1.068 0.590 1.223
    2.213  63.22 1.230 0.653  0.15 1.230 0.653  0.00 1.255 0.606  4.75 1.255 0.606  6.22 1.068 0.590 -0.01 1.068 0.590 1.223
    2.414  63.13 1.230 0.653  0.15 1.230 0.653  0.00 1.255 0.606  4.88 1.255 0.606  6.21 1.068 0.590 -0.01 1.068 0.590 1.223
    2.616  63.03 1.230 0.653  0.16 1.230 0.653  0.00 1.255 0.606  5.01 1.255 0.606  6.21 1.068 0.590 -0.01 1.068 0.590 1.223
    2.817  62.93 1.230 0.653  0.17 1.230 0.653  0.00 1.255 0.606  5.14 1.255 0.606  6.20 1.068 0.590 -0.01 1.068 0.590 1.223
    3.018  62.84 1.230 0.653  0.18 1.230 0.653  0.00 1.255 0.606  5.27 1.255 0.606  6.20 1.068 0.590 -0.01 1.068 0.590 1.223
    3.219  62.74 1.230 0.653  0.18 1.230 0.653  0.00 1.255 0.606  5.39 1.255 0.606  6.19 1.068 0.590 -0.01 1.068 0.590 1.223
    3.420  62.64 1.230 0.653  0.19 1.230 0.653  0.00 1.255 0.606  5.51 1.255 0.606  6.19 1.068 0.590 -0.01 1.068 0.590 1.223
    3.622  62.55 1.230 0.653  0.20 1.230 0.653  0.00 1.255 0.606  5.62 1.255 0.606  6.18 1.068 0.590 -0.01 1.068 0.590 1.223
    3.823  62.45 1.230 0.653  0.21 1.230 0.653  0.00 1.255 0.606  5.74 1.255 0.606  6.18 1.068 0.590 -0.01 1.068 0.590 1.223
    4.024  62.35 1.230 0.653  0.22 1.230 0.653  0.00 1.255 0.606  5.85 1.255 0.606  6.17 1.068 0.590 -0.01 1.068 0.590 1.223
    4.527  62.11 1.230 0.653  0.24 1.230 0.653  0.00 1.255 0.606  6.11 1.255 0.606  6.16 1.068 0.590 -0.01 1.068 0.590 1.223
    5.030  61.88 1.230 0.653  0.26 1.230 0.653  0.00 1.255 0.606  6.36 1.255 0.606  6.15 1.068 0.590 -0.01 1.068 0.590 1.223
    5.533  61.64 1.230 0.653  0.29 1.230 0.653  0.00 1.255 0.606  6.58 1.255 0.606  6.13 1.068 0.590 -0.02 1.068 0.590 1.223
    6.036  61.40 1.230 0.653  0.31 1.230 0.653  0.00 1.255 0.606  6.80 1.255 0.606  6.12 1.068 0.590 -0.02 1.068 0.590 1.223
    6.539  61.16 1.230 0.653  0.34 1.230 0.653  0.00 1.255 0.606  6.99 1.255 0.606  6.11 1.068 0.590 -0.02 1.068 0.590 1.223
    7.042  60.92 1.230 0.653  0.36 1.230 0.653  0.00 1.255 0.606  7.17 1.255 0.606  6.10 1.068 0.590 -0.02 1.068 0.590 1.223
    7.545  60.69 1.230 0.653  0.39 1.230 0.653  0.00 1.255 0.606  7.33 1.255 0.606  6.08 1.068 0.590 -0.02 1.068 0.590 1.223
    8.048  60.45 1.230 0.653  0.42 1.230 0.653  0.00 1.255 0.606  7.48 1.255 0.606  6.07 1.068 0.590 -0.02 1.068 0.590 1.223
    8.551  60.22 1.230 0.653  0.45 1.230 0.653  0.00 1.255 0.606  7.62 1.255 0.606  6.06 1.068 0.590 -0.03 1.068 0.590 1.223
    9.054  59.98 1.230 0.653  0.48 1.230 0.653  0.00 1.255 0.606  7.74 1.255 0.606  6.05 1.068 0.590 -0.03 1.068 0.590 1.223
    9.557  59.75 1.230 0.653  0.51 1.230 0.653  0.00 1.255 0.606  7.85 1.255 0.606  6.04 1.068 0.590 -0.03 1.068 0.590 1.223
   10.060  59.52 1.230 0.653  0.54 1.230 0.653  0.00 1.255 0.606  7.94 1.255 0.606  6.02 1.068 0.590 -0.03 1.068 0.590 1.223
   10.563  59.28 1.230 0.653  0.58 1.230 0.653  0.00 1.255 0.606  8.03 1.255 0.606  6.01 1.068 0.590 -0.03 1.068 0.590 1.223
   11.066  59.05 1.230 0.653  0.61 1.230 0.653  0.00 1.255 0.606  8.11 1.255 0.606  6.00 1.068 0.590 -0.04 1.068 0.590 1.223
   11.569  58.82 1.230 0.653  0.65 1.230 0.653  0.00 1.255 0.606  8.17 1.255 0.606  5.99 1.068 0.590 -0.04 1.068 0.590 1.223
   12.072  58.59 1.230 0.653  0.68 1.230 0.653  0.00 1.255 0.606  8.23 1.255 0.606  5.98 1.068 0.590 -0.04 1.068 0.590 1.223
   12.575  58.36 1.230 0.653  0.72 1.230 0.653  0.00 1.255 0.606  8.28 1.255 0.606  5.96 1.068 0.590 -0.04 1.068 0.590 1.223
   13.078  58.13 1.230 0.653  0.76 1.230 0.653  0.00 1.255 0.606  8.32 1.255 0.606  5.95 1.068 0.590 -0.04 1.068 0.590 1.223
   13.581  57.90 1.230 0.653  0.79 1.230 0.653  0.00 1.255 0.606  8.35 1.255 0.606  5.94 1.068 0.590 -0.05 1.068 0.590 1.223
   14.084  57.67 1.230 0.653  0.83 1.230 0.653  0.00 1.255 0.606  8.38 1.255 0.606  5.93 1.068 0.590 -0.05 1.068 0.590 1.223
   14.587  57.44 1.230 0.653  0.87 1.230 0.653  0.00 1.255 0.606  8.40 1.255 0.606  5.92 1.068 0.590 -0.05 1.068 0.590 1.223
   15.090  57.21 1.230 0.653  0.91 1.230 0.653  0.00 1.255 0.606  8.42 1.255 0.606  5.90 1.068 0.590 -0.05 1.068 0.590 1.223
   15.593  56.99 1.230 0.653  0.95 1.230 0.653  0.00 1.255 0.606  8.43 1.255 0.606  5.89 1.068 0.590 -0.06 1.068 0.590 1.223
   16.096  56.76 1.230 0.653  1.00 1.230 0.653  0.00 1.255 0.606  8.43 1.255 0.606  5.88 1.068 0.590 -0.06 1.068 0.590 1.223
   16.599  56.53 1.230 0.653  1.04 1.230 0.653  0.00 1.255 0.606  8.43 1.255 0.606  5.87 1.068 0.590 -0.06 1.068 0.590 1.223
   17.102  56.31 1.230 0.653  1.08 1.230 0.653  0.00 1.255 0.606  8.42 1.255 0.606  5.86 1.068 0.590 -0.06 1.068 0.590 1.223
   17.605  56.08 1.230 0.653  1.13 1.230 0.653  0.00 1.255 0.606  8.41 1.255 0.606  5.84 1.068 0.590 -0.07 1.068 0.590 1.223
   18.108  55.86 1.230 0.653  1.17 1.230 0.653  0.00 1.255 0.606  8.40 1.255 0.606  5.83 1.068 0.590 -0.07 1.068 0.590 1.223
   18.611  55.64 1.230 0.653  1.22 1.230 0.653  0.00 1.255 0.606  8.39 1.255 0.606  5.82 1.068 0.590 -0.07 1.068 0.590 1.223
   19.114  55.41 1.230 0.653  1.26 1.230 0.653  0.00 1.255 0.606  8.37 1.255 0.606  5.81 1.068 0.590 -0.08 1.068 0.590 1.223
   19.617  55.19 1.230 0.653  1.31 1.230 0.653  0.00 1.255 0.606  8.34 1.255 0.606  5.80 1.068 0.590 -0.08 1.068 0.590 1.223
   20.120  54.97 1.230 0.653  1.36 1.230 0.653  0.00 1.255 0.606  8.32 1.255 0.606  5.79 1.068 0.590 -0.08 1.068 0.590 1.223
   21.126  54.53 1.230 0.653  1.45 1.230 0.653  0.00 1.255 0.606  8.26 1.255 0.606  5.76 1.068 0.590 -0.09 1.068 0.590 1.223
   22.132  54.09 1.230 0.653  1.55 1.230 0.653  0.00 1.255 0.606  8.19 1.255 0.606  5.74 1.068 0.590 -0.09 1.068 0.590 1.223
   23.138  53.65 1.230 0.653  1.66 1.230 0.653  0.00 1.255 0.606  8.12 1.255 0.606  5.72 1.068 0.590 -0.10 1.068 0.590 1.223
   24.144  53.21 1.230 0.653  1.76 1.230 0.653  0.00 1.255 0.606  8.04 1.255 0.606  5.69 1.068 0.590 -0.11 1.068 0.590 1.223
   25.150  52.78 1.230 0.653  1.86 1.230 0.653  0.00 1.255 0.606  7.95 1.255 0.606  5.67 1.068 0.590 -0.11 1.068 0.590 1.223
   26.156  52.35 1.230 0.653  1.97 1.230 0.653  0.00 1.255 0.606  7.86 1.255 0.606  5.65 1.068 0.590 -0.12 1.068 0.590 1.223
   27.162  51.92 1.230 0.653  2.08 1.230 0.653  0.00 1.255 0.606  7.77 1.255 0.606  5.63 1.068 0.590 -0.13 1.068 0.590 1.223
   28.168  51.49 1.230 0.653  2.19 1.230 0.653  0.00 1.255 0.606  7.67 1.255 0.606  5.60 1.068 0.590 -0.14 1.068 0.590 1.223
   29.174  51.07 1.230 0.653  2.30 1.230 0.653  0.00 1.255 0.606  7.57 1.255 0.606  5.58 1.068 0.590 -0.14 1.068 0.590 1.223
   30.180  50.65 1.230 0.653  2.42 1.230 0.653  0.00 1.255 0.606  7.47 1.255 0.606  5.56 1.068 0.590 -0.15 1.068 0.590 1.223
   31.186  50.23 1.230 0.653  2.53 1.230 0.653  0.00 1.255 0.606  7.36 1.255 0.606  5.54 1.068 0.590 -0.16 1.068 0.590 1.223
   32.192  49.81 1.230 0.653  2.65 1.230 0.653  0.00 1.255 0.606  7.26 1.255 0.606  5.51 1.068 0.590 -0.17 1.068 0.590 1.223
   33.198  49.40 1.230 0.653  2.76 1.230 0.653  0.00 1.255 0.606  7.15 1.255 0.606  5.49 1.068 0.590 -0.18 1.068 0.590 1.223

           deuteron on 167Er

  Energy     V     rv    av    W     rw    aw    Vd   rvd   avd    Wd   rwd   awd   Vso   rvso  avso  Wso   rwso  awso  rc

    0.304 113.06 1.230 0.653  0.18 1.230 0.653  0.00 1.255 0.561  5.91 1.255 0.561  6.25 1.068 0.590 -0.01 1.068 0.590 1.224
    0.405 113.02 1.230 0.653  0.18 1.230 0.653  0.00 1.255 0.561  5.97 1.255 0.561  6.25 1.068 0.590 -0.01 1.068 0.590 1.224
    0.506 112.98 1.230 0.653  0.19 1.230 0.653  0.00 1.255 0.561  6.03 1.255 0.561  6.25 1.068 0.590 -0.01 1.068 0.590 1.224
    0.607 112.93 1.230 0.653  0.19 1.230 0.653  0.00 1.255 0.561  6.10 1.255 0.561  6.24 1.068 0.590 -0.01 1.068 0.590 1.224
    0.708 112.89 1.230 0.653  0.19 1.230 0.653  0.00 1.255 0.561  6.16 1.255 0.561  6.24 1.068 0.590 -0.01 1.068 0.590 1.224
    0.810 112.85 1.230 0.653  0.20 1.230 0.653  0.00 1.255 0.561  6.22 1.255 0.561  6.24 1.068 0.590 -0.01 1.068 0.590 1.224
    0.911 112.81 1.230 0.653  0.20 1.230 0.653  0.00 1.255 0.561  6.28 1.255 0.561  6.24 1.068 0.590 -0.01 1.068 0.590 1.224
    1.012 112.77 1.230 0.653  0.20 1.230 0.653  0.00 1.255 0.561  6.35 1.255 0.561  6.23 1.068 0.590 -0.01 1.068 0.590 1.224
    1.113 112.72 1.230 0.653  0.20 1.230 0.653  0.00 1.255 0.561  6.41 1.255 0.561  6.23 1.068 0.590 -0.01 1.068 0.590 1.224
    1.214 112.68 1.230 0.653  0.21 1.230 0.653  0.00 1.255 0.561  6.47 1.255 0.561  6.23 1.068 0.590 -0.01 1.068 0.590 1.224
    1.316 112.64 1.230 0.653  0.21 1.230 0.653  0.00 1.255 0.561  6.53 1.255 0.561  6.23 1.068 0.590 -0.01 1.068 0.590 1.224
    1.417 112.60 1.230 0.653  0.21 1.230 0.653  0.00 1.255 0.561  6.59 1.255 0.561  6.22 1.068 0.590 -0.01 1.068 0.590 1.224
    1.518 112.56 1.230 0.653  0.22 1.230 0.653  0.00 1.255 0.561  6.65 1.255 0.561  6.22 1.068 0.590 -0.01 1.068 0.590 1.224
    1.619 112.51 1.230 0.653  0.22 1.230 0.653  0.00 1.255 0.561  6.72 1.255 0.561  6.22 1.068 0.590 -0.01 1.068 0.590 1.224
    1.721 112.47 1.230 0.653  0.22 1.230 0.653  0.00 1.255 0.561  6.78 1.255 0.561  6.22 1.068 0.590 -0.01 1.068 0.590 1.224
    1.822 112.43 1.230 0.653  0.22 1.230 0.653  0.00 1.255 0.561  6.84 1.255 0.561  6.21 1.068 0.590 -0.01 1.068 0.590 1.224
    1.923 112.39 1.230 0.653  0.23 1.230 0.653  0.00 1.255 0.561  6.90 1.255 0.561  6.21 1.068 0.590 -0.01 1.068 0.590 1.224
    2.024 112.35 1.230 0.653  0.23 1.230 0.653  0.00 1.255 0.561  6.96 1.255 0.561  6.21 1.068 0.590 -0.01 1.068 0.590 1.224
    2.227 112.26 1.230 0.653  0.24 1.230 0.653  0.00 1.255 0.561  7.08 1.255 0.561  6.20 1.068 0.590 -0.01 1.068 0.590 1.224
    2.429 112.18 1.230 0.653  0.24 1.230 0.653  0.00 1.255 0.561  7.20 1.255 0.561  6.20 1.068 0.590 -0.01 1.068 0.590 1.224
    2.631 112.09 1.230 0.653  0.25 1.230 0.653  0.00 1.255 0.561  7.32 1.255 0.561  6.19 1.068 0.590 -0.01 1.068 0.590 1.224
    2.834 112.01 1.230 0.653  0.26 1.230 0.653  0.00 1.255 0.561  7.43 1.255 0.561  6.19 1.068 0.590 -0.01 1.068 0.590 1.224
    3.036 111.93 1.230 0.653  0.26 1.230 0.653  0.00 1.255 0.561  7.55 1.255 0.561  6.18 1.068 0.590 -0.01 1.068 0.590 1.224
    3.239 111.84 1.230 0.653  0.27 1.230 0.653  0.00 1.255 0.561  7.67 1.255 0.561  6.18 1.068 0.590 -0.01 1.068 0.590 1.224
    3.441 111.76 1.230 0.653  0.28 1.230 0.653  0.00 1.255 0.561  7.78 1.255 0.561  6.17 1.068 0.590 -0.01 1.068 0.590 1.224
    3.643 111.68 1.230 0.653  0.28 1.230 0.653  0.00 1.255 0.561  7.89 1.255 0.561  6.17 1.068 0.590 -0.01 1.068 0.590 1.224
    3.846 111.59 1.230 0.653  0.29 1.230 0.653  0.00 1.255 0.561  8.01 1.255 0.561  6.16 1.068 0.590 -0.01 1.068 0.590 1.224
    4.048 111.51 1.230 0.653  0.30 1.230 0.653  0.00 1.255 0.561  8.12 1.255 0.561  6.16 1.068 0.590 -0.01 1.068 0.590 1.224
    4.554 111.30 1.230 0.653  0.31 1.230 0.653  0.00 1.255 0.561  8.39 1.255 0.561  6.15 1.068 0.590 -0.01 1.068 0.590 1.224
    5.060 111.09 1.230 0.653  0.33 1.230 0.653  0.00 1.255 0.561  8.66 1.255 0.561  6.13 1.068 0.590 -0.02 1.068 0.590 1.224
    5.566 110.88 1.230 0.653  0.35 1.230 0.653  0.00 1.255 0.561  8.92 1.255 0.561  6.12 1.068 0.590 -0.02 1.068 0.590 1.224
    6.072 110.68 1.230 0.653  0.37 1.230 0.653  0.00 1.255 0.561  9.17 1.255 0.561  6.11 1.068 0.590 -0.02 1.068 0.590 1.224
    6.578 110.47 1.230 0.653  0.39 1.230 0.653  0.00 1.255 0.561  9.42 1.255 0.561  6.10 1.068 0.590 -0.02 1.068 0.590 1.224
    7.084 110.26 1.230 0.653  0.41 1.230 0.653  0.00 1.255 0.561  9.66 1.255 0.561  6.08 1.068 0.590 -0.02 1.068 0.590 1.224
    7.590 110.05 1.230 0.653  0.43 1.230 0.653  0.00 1.255 0.561  9.89 1.255 0.561  6.07 1.068 0.590 -0.02 1.068 0.590 1.224
    8.096 109.85 1.230 0.653  0.45 1.230 0.653  0.00 1.255 0.561 10.11 1.255 0.561  6.06 1.068 0.590 -0.03 1.068 0.590 1.224
    8.603 109.64 1.230 0.653  0.47 1.230 0.653  0.00 1.255 0.561 10.33 1.255 0.561  6.05 1.068 0.590 -0.03 1.068 0.590 1.224
    9.109 109.44 1.230 0.653  0.50 1.230 0.653  0.00 1.255 0.561 10.54 1.255 0.561  6.03 1.068 0.590 -0.03 1.068 0.590 1.224
    9.615 109.23 1.230 0.653  0.52 1.230 0.653  0.00 1.255 0.561 10.74 1.255 0.561  6.02 1.068 0.590 -0.03 1.068 0.590 1.224
   10.121 109.02 1.230 0.653  0.54 1.230 0.653  0.00 1.255 0.561 10.93 1.255 0.561  6.01 1.068 0.590 -0.03 1.068 0.590 1.224
   10.627 108.82 1.230 0.653  0.57 1.230 0.653  0.00 1.255 0.561 11.12 1.255 0.561  6.00 1.068 0.590 -0.04 1.068 0.590 1.224
   11.133 108.61 1.230 0.653  0.59 1.230 0.653  0.00 1.255 0.561 11.30 1.255 0.561  5.99 1.068 0.590 -0.04 1.068 0.590 1.224
   11.639 108.41 1.230 0.653  0.61 1.230 0.653  0.00 1.255 0.561 11.47 1.255 0.561  5.97 1.068 0.590 -0.04 1.068 0.590 1.224
   12.145 108.20 1.230 0.653  0.64 1.230 0.653  0.00 1.255 0.561 11.63 1.255 0.561  5.96 1.068 0.590 -0.04 1.068 0.590 1.224
   12.651 108.00 1.230 0.653  0.66 1.230 0.653  0.00 1.255 0.561 11.79 1.255 0.561  5.95 1.068 0.590 -0.04 1.068 0.590 1.224
   13.157 107.79 1.230 0.653  0.69 1.230 0.653  0.00 1.255 0.561 11.94 1.255 0.561  5.94 1.068 0.590 -0.05 1.068 0.590 1.224
   13.663 107.59 1.230 0.653  0.72 1.230 0.653  0.00 1.255 0.561 12.09 1.255 0.561  5.93 1.068 0.590 -0.05 1.068 0.590 1.224
   14.169 107.39 1.230 0.653  0.74 1.230 0.653  0.00 1.255 0.561 12.23 1.255 0.561  5.91 1.068 0.590 -0.05 1.068 0.590 1.224
   14.675 107.18 1.230 0.653  0.77 1.230 0.653  0.00 1.255 0.561 12.36 1.255 0.561  5.90 1.068 0.590 -0.05 1.068 0.590 1.224
   15.181 106.98 1.230 0.653  0.80 1.230 0.653  0.00 1.255 0.561 12.48 1.255 0.561  5.89 1.068 0.590 -0.06 1.068 0.590 1.224
   15.687 106.78 1.230 0.653  0.83 1.230 0.653  0.00 1.255 0.561 12.60 1.255 0.561  5.88 1.068 0.590 -0.06 1.068 0.590 1.224
   16.193 106.57 1.230 0.653  0.86 1.230 0.653  0.00 1.255 0.561 12.72 1.255 0.561  5.87 1.068 0.590 -0.06 1.068 0.590 1.224
   16.699 106.37 1.230 0.653  0.89 1.230 0.653  0.00 1.255 0.561 12.83 1.255 0.561  5.85 1.068 0.590 -0.06 1.068 0.590 1.224
   17.205 106.17 1.230 0.653  0.91 1.230 0.653  0.00 1.255 0.561 12.93 1.255 0.561  5.84 1.068 0.590 -0.07 1.068 0.590 1.224
   17.711 105.97 1.230 0.653  0.94 1.230 0.653  0.00 1.255 0.561 13.03 1.255 0.561  5.83 1.068 0.590 -0.07 1.068 0.590 1.224
   18.217 105.77 1.230 0.653  0.98 1.230 0.653  0.00 1.255 0.561 13.12 1.255 0.561  5.82 1.068 0.590 -0.07 1.068 0.590 1.224
   18.723 105.56 1.230 0.653  1.01 1.230 0.653  0.00 1.255 0.561 13.20 1.255 0.561  5.81 1.068 0.590 -0.08 1.068 0.590 1.224
   19.229 105.36 1.230 0.653  1.04 1.230 0.653  0.00 1.255 0.561 13.29 1.255 0.561  5.80 1.068 0.590 -0.08 1.068 0.590 1.224
   19.735 105.16 1.230 0.653  1.07 1.230 0.653  0.00 1.255 0.561 13.36 1.255 0.561  5.78 1.068 0.590 -0.08 1.068 0.590 1.224
   20.241 104.96 1.230 0.653  1.10 1.230 0.653  0.00 1.255 0.561 13.44 1.255 0.561  5.77 1.068 0.590 -0.08 1.068 0.590 1.224
   21.253 104.56 1.230 0.653  1.17 1.230 0.653  0.00 1.255 0.561 13.57 1.255 0.561  5.75 1.068 0.590 -0.09 1.068 0.590 1.224
   22.265 104.16 1.230 0.653  1.23 1.230 0.653  0.00 1.255 0.561 13.68 1.255 0.561  5.73 1.068 0.590 -0.10 1.068 0.590 1.224
   23.277 103.76 1.230 0.653  1.30 1.230 0.653  0.00 1.255 0.561 13.78 1.255 0.561  5.70 1.068 0.590 -0.10 1.068 0.590 1.224
   24.289 103.37 1.230 0.653  1.37 1.230 0.653  0.00 1.255 0.561 13.87 1.255 0.561  5.68 1.068 0.590 -0.11 1.068 0.590 1.224
   25.302 102.97 1.230 0.653  1.45 1.230 0.653  0.00 1.255 0.561 13.94 1.255 0.561  5.66 1.068 0.590 -0.12 1.068 0.590 1.224
   26.314 102.57 1.230 0.653  1.52 1.230 0.653  0.00 1.255 0.561 14.00 1.255 0.561  5.63 1.068 0.590 -0.13 1.068 0.590 1.224
   27.326 102.18 1.230 0.653  1.60 1.230 0.653  0.00 1.255 0.561 14.05 1.255 0.561  5.61 1.068 0.590 -0.13 1.068 0.590 1.224

           triton   on 166Er

  Energy     V     rv    av    W     rw    aw    Vd   rvd   avd    Wd   rwd   awd   Vso   rvso  avso  Wso   rwso  awso  rc

    0.305 162.18 1.230 0.653  0.28 1.230 0.653  0.00 1.255 0.546  8.50 1.255 0.546  2.08 1.068 0.590 -0.00 1.068 0.590 1.224
    0.407 162.14 1.230 0.653  0.28 1.230 0.653  0.00 1.255 0.546  8.56 1.255 0.546  2.08 1.068 0.590 -0.00 1.068 0.590 1.224
    0.509 162.10 1.230 0.653  0.28 1.230 0.653  0.00 1.255 0.546  8.62 1.255 0.546  2.08 1.068 0.590 -0.00 1.068 0.590 1.224
    0.611 162.06 1.230 0.653  0.28 1.230 0.653  0.00 1.255 0.546  8.68 1.255 0.546  2.08 1.068 0.590 -0.00 1.068 0.590 1.224
    0.713 162.02 1.230 0.653  0.29 1.230 0.653  0.00 1.255 0.546  8.74 1.255 0.546  2.08 1.068 0.590 -0.00 1.068 0.590 1.224
    0.815 161.98 1.230 0.653  0.29 1.230 0.653  0.00 1.255 0.546  8.80 1.255 0.546  2.08 1.068 0.590 -0.00 1.068 0.590 1.224
    0.916 161.94 1.230 0.653  0.29 1.230 0.653  0.00 1.255 0.546  8.86 1.255 0.546  2.08 1.068 0.590 -0.00 1.068 0.590 1.224
    1.018 161.90 1.230 0.653  0.30 1.230 0.653  0.00 1.255 0.546  8.92 1.255 0.546  2.08 1.068 0.590 -0.00 1.068 0.590 1.224
    1.120 161.86 1.230 0.653  0.30 1.230 0.653  0.00 1.255 0.546  8.98 1.255 0.546  2.08 1.068 0.590 -0.00 1.068 0.590 1.224
    1.222 161.82 1.230 0.653  0.30 1.230 0.653  0.00 1.255 0.546  9.03 1.255 0.546  2.07 1.068 0.590 -0.00 1.068 0.590 1.224
    1.324 161.78 1.230 0.653  0.30 1.230 0.653  0.00 1.255 0.546  9.09 1.255 0.546  2.07 1.068 0.590 -0.00 1.068 0.590 1.224
    1.425 161.74 1.230 0.653  0.31 1.230 0.653  0.00 1.255 0.546  9.15 1.255 0.546  2.07 1.068 0.590 -0.00 1.068 0.590 1.224
    1.527 161.70 1.230 0.653  0.31 1.230 0.653  0.00 1.255 0.546  9.21 1.255 0.546  2.07 1.068 0.590 -0.00 1.068 0.590 1.224
    1.629 161.66 1.230 0.653  0.31 1.230 0.653  0.00 1.255 0.546  9.27 1.255 0.546  2.07 1.068 0.590 -0.00 1.068 0.590 1.224
    1.731 161.62 1.230 0.653  0.32 1.230 0.653  0.00 1.255 0.546  9.32 1.255 0.546  2.07 1.068 0.590 -0.00 1.068 0.590 1.224
    1.833 161.58 1.230 0.653  0.32 1.230 0.653  0.00 1.255 0.546  9.38 1.255 0.546  2.07 1.068 0.590 -0.00 1.068 0.590 1.224
    1.935 161.54 1.230 0.653  0.32 1.230 0.653  0.00 1.255 0.546  9.44 1.255 0.546  2.07 1.068 0.590 -0.00 1.068 0.590 1.224
    2.036 161.50 1.230 0.653  0.33 1.230 0.653  0.00 1.255 0.546  9.50 1.255 0.546  2.07 1.068 0.590 -0.00 1.068 0.590 1.224
    2.240 161.42 1.230 0.653  0.33 1.230 0.653  0.00 1.255 0.546  9.61 1.255 0.546  2.07 1.068 0.590 -0.00 1.068 0.590 1.224
    2.444 161.34 1.230 0.653  0.34 1.230 0.653  0.00 1.255 0.546  9.73 1.255 0.546  2.06 1.068 0.590 -0.00 1.068 0.590 1.224
    2.647 161.26 1.230 0.653  0.34 1.230 0.653  0.00 1.255 0.546  9.84 1.255 0.546  2.06 1.068 0.590 -0.00 1.068 0.590 1.224
    2.851 161.18 1.230 0.653  0.35 1.230 0.653  0.00 1.255 0.546  9.95 1.255 0.546  2.06 1.068 0.590 -0.00 1.068 0.590 1.224
    3.055 161.10 1.230 0.653  0.36 1.230 0.653  0.00 1.255 0.546 10.07 1.255 0.546  2.06 1.068 0.590 -0.00 1.068 0.590 1.224
    3.258 161.02 1.230 0.653  0.36 1.230 0.653  0.00 1.255 0.546 10.18 1.255 0.546  2.06 1.068 0.590 -0.00 1.068 0.590 1.224
    3.462 160.94 1.230 0.653  0.37 1.230 0.653  0.00 1.255 0.546 10.29 1.255 0.546  2.06 1.068 0.590 -0.00 1.068 0.590 1.224
    3.665 160.86 1.230 0.653  0.38 1.230 0.653  0.00 1.255 0.546 10.40 1.255 0.546  2.05 1.068 0.590 -0.00 1.068 0.590 1.224
    3.869 160.78 1.230 0.653  0.38 1.230 0.653  0.00 1.255 0.546 10.51 1.255 0.546  2.05 1.068 0.590 -0.00 1.068 0.590 1.224
    4.073 160.70 1.230 0.653  0.39 1.230 0.653  0.00 1.255 0.546 10.62 1.255 0.546  2.05 1.068 0.590 -0.00 1.068 0.590 1.224
    4.582 160.50 1.230 0.653  0.40 1.230 0.653  0.00 1.255 0.546 10.90 1.255 0.546  2.05 1.068 0.590 -0.00 1.068 0.590 1.224
    5.091 160.31 1.230 0.653  0.42 1.230 0.653  0.00 1.255 0.546 11.16 1.255 0.546  2.04 1.068 0.590 -0.01 1.068 0.590 1.224
    5.600 160.11 1.230 0.653  0.44 1.230 0.653  0.00 1.255 0.546 11.43 1.255 0.546  2.04 1.068 0.590 -0.01 1.068 0.590 1.224
    6.109 159.91 1.230 0.653  0.46 1.230 0.653  0.00 1.255 0.546 11.69 1.255 0.546  2.03 1.068 0.590 -0.01 1.068 0.590 1.224
    6.618 159.71 1.230 0.653  0.47 1.230 0.653  0.00 1.255 0.546 11.94 1.255 0.546  2.03 1.068 0.590 -0.01 1.068 0.590 1.224
    7.127 159.51 1.230 0.653  0.49 1.230 0.653  0.00 1.255 0.546 12.20 1.255 0.546  2.03 1.068 0.590 -0.01 1.068 0.590 1.224
    7.636 159.31 1.230 0.653  0.51 1.230 0.653  0.00 1.255 0.546 12.44 1.255 0.546  2.02 1.068 0.590 -0.01 1.068 0.590 1.224
    8.145 159.12 1.230 0.653  0.53 1.230 0.653  0.00 1.255 0.546 12.69 1.255 0.546  2.02 1.068 0.590 -0.01 1.068 0.590 1.224
    8.655 158.92 1.230 0.653  0.55 1.230 0.653  0.00 1.255 0.546 12.92 1.255 0.546  2.01 1.068 0.590 -0.01 1.068 0.590 1.224
    9.164 158.72 1.230 0.653  0.57 1.230 0.653  0.00 1.255 0.546 13.16 1.255 0.546  2.01 1.068 0.590 -0.01 1.068 0.590 1.224
    9.673 158.52 1.230 0.653  0.59 1.230 0.653  0.00 1.255 0.546 13.39 1.255 0.546  2.01 1.068 0.590 -0.01 1.068 0.590 1.224
   10.182 158.33 1.230 0.653  0.61 1.230 0.653  0.00 1.255 0.546 13.61 1.255 0.546  2.00 1.068 0.590 -0.01 1.068 0.590 1.224
   10.691 158.13 1.230 0.653  0.63 1.230 0.653  0.00 1.255 0.546 13.83 1.255 0.546  2.00 1.068 0.590 -0.01 1.068 0.590 1.224
   11.200 157.93 1.230 0.653  0.65 1.230 0.653  0.00 1.255 0.546 14.04 1.255 0.546  1.99 1.068 0.590 -0.01 1.068 0.590 1.224
   11.709 157.74 1.230 0.653  0.67 1.230 0.653  0.00 1.255 0.546 14.25 1.255 0.546  1.99 1.068 0.590 -0.01 1.068 0.590 1.224
   12.218 157.54 1.230 0.653  0.69 1.230 0.653  0.00 1.255 0.546 14.46 1.255 0.546  1.99 1.068 0.590 -0.01 1.068 0.590 1.224
   12.727 157.34 1.230 0.653  0.71 1.230 0.653  0.00 1.255 0.546 14.66 1.255 0.546  1.98 1.068 0.590 -0.01 1.068 0.590 1.224
   13.236 157.15 1.230 0.653  0.74 1.230 0.653  0.00 1.255 0.546 14.85 1.255 0.546  1.98 1.068 0.590 -0.02 1.068 0.590 1.224
   13.745 156.95 1.230 0.653  0.76 1.230 0.653  0.00 1.255 0.546 15.04 1.255 0.546  1.97 1.068 0.590 -0.02 1.068 0.590 1.224
   14.254 156.75 1.230 0.653  0.78 1.230 0.653  0.00 1.255 0.546 15.23 1.255 0.546  1.97 1.068 0.590 -0.02 1.068 0.590 1.224
   14.764 156.56 1.230 0.653  0.80 1.230 0.653  0.00 1.255 0.546 15.41 1.255 0.546  1.97 1.068 0.590 -0.02 1.068 0.590 1.224
   15.273 156.36 1.230 0.653  0.83 1.230 0.653  0.00 1.255 0.546 15.59 1.255 0.546  1.96 1.068 0.590 -0.02 1.068 0.590 1.224
   15.782 156.17 1.230 0.653  0.85 1.230 0.653  0.00 1.255 0.546 15.76 1.255 0.546  1.96 1.068 0.590 -0.02 1.068 0.590 1.224
   16.291 155.97 1.230 0.653  0.88 1.230 0.653  0.00 1.255 0.546 15.93 1.255 0.546  1.95 1.068 0.590 -0.02 1.068 0.590 1.224
   16.800 155.78 1.230 0.653  0.90 1.230 0.653  0.00 1.255 0.546 16.09 1.255 0.546  1.95 1.068 0.590 -0.02 1.068 0.590 1.224
   17.309 155.58 1.230 0.653  0.92 1.230 0.653  0.00 1.255 0.546 16.25 1.255 0.546  1.95 1.068 0.590 -0.02 1.068 0.590 1.224
   17.818 155.39 1.230 0.653  0.95 1.230 0.653  0.00 1.255 0.546 16.40 1.255 0.546  1.94 1.068 0.590 -0.02 1.068 0.590 1.224
   18.327 155.19 1.230 0.653  0.97 1.230 0.653  0.00 1.255 0.546 16.55 1.255 0.546  1.94 1.068 0.590 -0.02 1.068 0.590 1.224
   18.836 155.00 1.230 0.653  1.00 1.230 0.653  0.00 1.255 0.546 16.70 1.255 0.546  1.93 1.068 0.590 -0.03 1.068 0.590 1.224
   19.345 154.80 1.230 0.653  1.03 1.230 0.653  0.00 1.255 0.546 16.84 1.255 0.546  1.93 1.068 0.590 -0.03 1.068 0.590 1.224
   19.854 154.61 1.230 0.653  1.05 1.230 0.653  0.00 1.255 0.546 16.97 1.255 0.546  1.93 1.068 0.590 -0.03 1.068 0.590 1.224
   20.364 154.42 1.230 0.653  1.08 1.230 0.653  0.00 1.255 0.546 17.11 1.255 0.546  1.92 1.068 0.590 -0.03 1.068 0.590 1.224
   21.382 154.03 1.230 0.653  1.13 1.230 0.653  0.00 1.255 0.546 17.36 1.255 0.546  1.91 1.068 0.590 -0.03 1.068 0.590 1.224
   22.400 153.64 1.230 0.653  1.19 1.230 0.653  0.00 1.255 0.546 17.60 1.255 0.546  1.91 1.068 0.590 -0.03 1.068 0.590 1.224
   23.418 153.26 1.230 0.653  1.24 1.230 0.653  0.00 1.255 0.546 17.82 1.255 0.546  1.90 1.068 0.590 -0.03 1.068 0.590 1.224
   24.436 152.87 1.230 0.653  1.30 1.230 0.653  0.00 1.255 0.546 18.03 1.255 0.546  1.89 1.068 0.590 -0.04 1.068 0.590 1.224
   25.454 152.49 1.230 0.653  1.36 1.230 0.653  0.00 1.255 0.546 18.22 1.255 0.546  1.88 1.068 0.590 -0.04 1.068 0.590 1.224
   26.473 152.10 1.230 0.653  1.42 1.230 0.653  0.00 1.255 0.546 18.40 1.255 0.546  1.88 1.068 0.590 -0.04 1.068 0.590 1.224
   27.491 151.72 1.230 0.653  1.48 1.230 0.653  0.00 1.255 0.546 18.57 1.255 0.546  1.87 1.068 0.590 -0.04 1.068 0.590 1.224

           helium-3 on 166Ho

  Energy     V     rv    av    W     rw    aw    Vd   rvd   avd    Wd   rwd   awd   Vso   rvso  avso  Wso   rwso  awso  rc

    0.611 177.16 1.230 0.653  0.27 1.230 0.653  0.00 1.255 0.576 10.98 1.255 0.576  2.08 1.068 0.590 -0.00 1.068 0.590 1.224
    0.713 177.12 1.230 0.653  0.27 1.230 0.653  0.00 1.255 0.576 11.06 1.255 0.576  2.08 1.068 0.590 -0.00 1.068 0.590 1.224
    0.815 177.07 1.230 0.653  0.28 1.230 0.653  0.00 1.255 0.576 11.14 1.255 0.576  2.08 1.068 0.590 -0.00 1.068 0.590 1.224
    0.916 177.03 1.230 0.653  0.28 1.230 0.653  0.00 1.255 0.576 11.22 1.255 0.576  2.08 1.068 0.590 -0.00 1.068 0.590 1.224
    1.018 176.98 1.230 0.653  0.28 1.230 0.653  0.00 1.255 0.576 11.30 1.255 0.576  2.08 1.068 0.590 -0.00 1.068 0.590 1.224
    1.120 176.94 1.230 0.653  0.29 1.230 0.653  0.00 1.255 0.576 11.38 1.255 0.576  2.08 1.068 0.590 -0.00 1.068 0.590 1.224
    1.222 176.89 1.230 0.653  0.29 1.230 0.653  0.00 1.255 0.576 11.45 1.255 0.576  2.07 1.068 0.590 -0.00 1.068 0.590 1.224
    1.324 176.85 1.230 0.653  0.29 1.230 0.653  0.00 1.255 0.576 11.53 1.255 0.576  2.07 1.068 0.590 -0.00 1.068 0.590 1.224
    1.425 176.80 1.230 0.653  0.29 1.230 0.653  0.00 1.255 0.576 11.61 1.255 0.576  2.07 1.068 0.590 -0.00 1.068 0.590 1.224
    1.527 176.76 1.230 0.653  0.30 1.230 0.653  0.00 1.255 0.576 11.69 1.255 0.576  2.07 1.068 0.590 -0.00 1.068 0.590 1.224
    1.629 176.71 1.230 0.653  0.30 1.230 0.653  0.00 1.255 0.576 11.77 1.255 0.576  2.07 1.068 0.590 -0.00 1.068 0.590 1.224
    1.731 176.67 1.230 0.653  0.30 1.230 0.653  0.00 1.255 0.576 11.85 1.255 0.576  2.07 1.068 0.590 -0.00 1.068 0.590 1.224
    1.833 176.63 1.230 0.653  0.31 1.230 0.653  0.00 1.255 0.576 11.92 1.255 0.576  2.07 1.068 0.590 -0.00 1.068 0.590 1.224
    1.935 176.58 1.230 0.653  0.31 1.230 0.653  0.00 1.255 0.576 12.00 1.255 0.576  2.07 1.068 0.590 -0.00 1.068 0.590 1.224
    2.036 176.54 1.230 0.653  0.31 1.230 0.653  0.00 1.255 0.576 12.08 1.255 0.576  2.07 1.068 0.590 -0.00 1.068 0.590 1.224
    2.240 176.45 1.230 0.653  0.32 1.230 0.653  0.00 1.255 0.576 12.24 1.255 0.576  2.07 1.068 0.590 -0.00 1.068 0.590 1.224
    2.444 176.36 1.230 0.653  0.32 1.230 0.653  0.00 1.255 0.576 12.39 1.255 0.576  2.06 1.068 0.590 -0.00 1.068 0.590 1.224
    2.647 176.27 1.230 0.653  0.33 1.230 0.653  0.00 1.255 0.576 12.55 1.255 0.576  2.06 1.068 0.590 -0.00 1.068 0.590 1.224
    2.851 176.18 1.230 0.653  0.34 1.230 0.653  0.00 1.255 0.576 12.70 1.255 0.576  2.06 1.068 0.590 -0.00 1.068 0.590 1.224
    3.055 176.09 1.230 0.653  0.34 1.230 0.653  0.00 1.255 0.576 12.85 1.255 0.576  2.06 1.068 0.590 -0.00 1.068 0.590 1.224
    3.258 176.00 1.230 0.653  0.35 1.230 0.653  0.00 1.255 0.576 13.00 1.255 0.576  2.06 1.068 0.590 -0.00 1.068 0.590 1.224
    3.462 175.91 1.230 0.653  0.35 1.230 0.653  0.00 1.255 0.576 13.16 1.255 0.576  2.06 1.068 0.590 -0.00 1.068 0.590 1.224
    3.665 175.82 1.230 0.653  0.36 1.230 0.653  0.00 1.255 0.576 13.31 1.255 0.576  2.05 1.068 0.590 -0.00 1.068 0.590 1.224
    3.869 175.73 1.230 0.653  0.37 1.230 0.653  0.00 1.255 0.576 13.46 1.255 0.576  2.05 1.068 0.590 -0.00 1.068 0.590 1.224
    4.073 175.65 1.230 0.653  0.37 1.230 0.653  0.00 1.255 0.576 13.61 1.255 0.576  2.05 1.068 0.590 -0.00 1.068 0.590 1.224
    4.582 175.42 1.230 0.653  0.39 1.230 0.653  0.00 1.255 0.576 13.98 1.255 0.576  2.05 1.068 0.590 -0.00 1.068 0.590 1.224
    5.091 175.20 1.230 0.653  0.41 1.230 0.653  0.00 1.255 0.576 14.34 1.255 0.576  2.04 1.068 0.590 -0.01 1.068 0.590 1.224
    5.600 174.98 1.230 0.653  0.42 1.230 0.653  0.00 1.255 0.576 14.70 1.255 0.576  2.04 1.068 0.590 -0.01 1.068 0.590 1.224
    6.109 174.76 1.230 0.653  0.44 1.230 0.653  0.00 1.255 0.576 15.06 1.255 0.576  2.03 1.068 0.590 -0.01 1.068 0.590 1.224
    6.618 174.54 1.230 0.653  0.46 1.230 0.653  0.00 1.255 0.576 15.41 1.255 0.576  2.03 1.068 0.590 -0.01 1.068 0.590 1.224
    7.127 174.31 1.230 0.653  0.48 1.230 0.653  0.00 1.255 0.576 15.75 1.255 0.576  2.03 1.068 0.590 -0.01 1.068 0.590 1.224
    7.636 174.09 1.230 0.653  0.50 1.230 0.653  0.00 1.255 0.576 16.09 1.255 0.576  2.02 1.068 0.590 -0.01 1.068 0.590 1.224
    8.145 173.87 1.230 0.653  0.52 1.230 0.653  0.00 1.255 0.576 16.42 1.255 0.576  2.02 1.068 0.590 -0.01 1.068 0.590 1.224
    8.654 173.65 1.230 0.653  0.53 1.230 0.653  0.00 1.255 0.576 16.75 1.255 0.576  2.01 1.068 0.590 -0.01 1.068 0.590 1.224
    9.164 173.43 1.230 0.653  0.55 1.230 0.653  0.00 1.255 0.576 17.07 1.255 0.576  2.01 1.068 0.590 -0.01 1.068 0.590 1.224
    9.673 173.21 1.230 0.653  0.57 1.230 0.653  0.00 1.255 0.576 17.38 1.255 0.576  2.01 1.068 0.590 -0.01 1.068 0.590 1.224
   10.182 172.99 1.230 0.653  0.59 1.230 0.653  0.00 1.255 0.576 17.69 1.255 0.576  2.00 1.068 0.590 -0.01 1.068 0.590 1.224
   10.691 172.77 1.230 0.653  0.61 1.230 0.653  0.00 1.255 0.576 17.99 1.255 0.576  2.00 1.068 0.590 -0.01 1.068 0.590 1.224
   11.200 172.55 1.230 0.653  0.64 1.230 0.653  0.00 1.255 0.576 18.29 1.255 0.576  1.99 1.068 0.590 -0.01 1.068 0.590 1.224
   11.709 172.33 1.230 0.653  0.66 1.230 0.653  0.00 1.255 0.576 18.58 1.255 0.576  1.99 1.068 0.590 -0.01 1.068 0.590 1.224
   12.218 172.11 1.230 0.653  0.68 1.230 0.653  0.00 1.255 0.576 18.86 1.255 0.576  1.99 1.068 0.590 -0.01 1.068 0.590 1.224
   12.727 171.89 1.230 0.653  0.70 1.230 0.653  0.00 1.255 0.576 19.13 1.255 0.576  1.98 1.068 0.590 -0.01 1.068 0.590 1.224
   13.236 171.67 1.230 0.653  0.72 1.230 0.653  0.00 1.255 0.576 19.40 1.255 0.576  1.98 1.068 0.590 -0.02 1.068 0.590 1.224
   13.745 171.45 1.230 0.653  0.74 1.230 0.653  0.00 1.255 0.576 19.67 1.255 0.576  1.97 1.068 0.590 -0.02 1.068 0.590 1.224
   14.254 171.23 1.230 0.653  0.77 1.230 0.653  0.00 1.255 0.576 19.92 1.255 0.576  1.97 1.068 0.590 -0.02 1.068 0.590 1.224
   14.764 171.02 1.230 0.653  0.79 1.230 0.653  0.00 1.255 0.576 20.18 1.255 0.576  1.97 1.068 0.590 -0.02 1.068 0.590 1.224
   15.273 170.80 1.230 0.653  0.81 1.230 0.653  0.00 1.255 0.576 20.42 1.255 0.576  1.96 1.068 0.590 -0.02 1.068 0.590 1.224
   15.782 170.58 1.230 0.653  0.84 1.230 0.653  0.00 1.255 0.576 20.66 1.255 0.576  1.96 1.068 0.590 -0.02 1.068 0.590 1.224
   16.291 170.36 1.230 0.653  0.86 1.230 0.653  0.00 1.255 0.576 20.89 1.255 0.576  1.95 1.068 0.590 -0.02 1.068 0.590 1.224
   16.800 170.14 1.230 0.653  0.89 1.230 0.653  0.00 1.255 0.576 21.12 1.255 0.576  1.95 1.068 0.590 -0.02 1.068 0.590 1.224
   17.309 169.93 1.230 0.653  0.91 1.230 0.653  0.00 1.255 0.576 21.34 1.255 0.576  1.95 1.068 0.590 -0.02 1.068 0.590 1.224
   17.818 169.71 1.230 0.653  0.94 1.230 0.653  0.00 1.255 0.576 21.55 1.255 0.576  1.94 1.068 0.590 -0.02 1.068 0.590 1.224
   18.327 169.49 1.230 0.653  0.96 1.230 0.653  0.00 1.255 0.576 21.76 1.255 0.576  1.94 1.068 0.590 -0.02 1.068 0.590 1.224
   18.836 169.27 1.230 0.653  0.99 1.230 0.653  0.00 1.255 0.576 21.96 1.255 0.576  1.93 1.068 0.590 -0.03 1.068 0.590 1.224
   19.345 169.06 1.230 0.653  1.01 1.230 0.653  0.00 1.255 0.576 22.16 1.255 0.576  1.93 1.068 0.590 -0.03 1.068 0.590 1.224
   19.854 168.84 1.230 0.653  1.04 1.230 0.653  0.00 1.255 0.576 22.35 1.255 0.576  1.93 1.068 0.590 -0.03 1.068 0.590 1.224
   20.364 168.62 1.230 0.653  1.07 1.230 0.653  0.00 1.255 0.576 22.53 1.255 0.576  1.92 1.068 0.590 -0.03 1.068 0.590 1.224
   21.382 168.19 1.230 0.653  1.12 1.230 0.653  0.00 1.255 0.576 22.88 1.255 0.576  1.91 1.068 0.590 -0.03 1.068 0.590 1.224
   22.400 167.76 1.230 0.653  1.18 1.230 0.653  0.00 1.255 0.576 23.22 1.255 0.576  1.91 1.068 0.590 -0.03 1.068 0.590 1.224
   23.418 167.33 1.230 0.653  1.23 1.230 0.653  0.00 1.255 0.576 23.53 1.255 0.576  1.90 1.068 0.590 -0.03 1.068 0.590 1.224
   24.436 166.90 1.230 0.653  1.29 1.230 0.653  0.00 1.255 0.576 23.82 1.255 0.576  1.89 1.068 0.590 -0.04 1.068 0.590 1.224
   25.454 166.47 1.230 0.653  1.35 1.230 0.653  0.00 1.255 0.576 24.09 1.255 0.576  1.88 1.068 0.590 -0.04 1.068 0.590 1.224

 ########## RESULTS FOR E=  12.00000 ##########

 Energy dependent input flags

 Width fluctuations (flagwidth)            : n
 Unresolved resonance parameters (flagurr) : n
 Preequilibrium (flagpreeq)                : y
 Multiple preequilibrium (flagmulpre)      : n
 Number of continuum excitation energy bins: 40

 +++++++++ DOUBLE FOLDING OPTICAL MODEL POTENTIAL FOR INCIDENT CHANNEL ++++++++++

           alpha    on 165Ho

  Radius     V      W       Vso     Wso

  0.100  -243.800  -6.688   0.000   0.000
  0.200  -243.785  -6.688   0.000   0.000
  0.300  -243.762  -6.688   0.000   0.000
  0.400  -243.728  -6.688   0.000   0.000
  0.500  -243.681  -6.688   0.000   0.000
  0.600  -243.622  -6.688   0.000   0.000
  0.700  -243.550  -6.688   0.000   0.000
  0.800  -243.463  -6.688   0.000   0.000
  0.900  -243.361  -6.688   0.000   0.000
  1.000  -243.241  -6.688   0.000   0.000
  1.100  -243.103  -6.688   0.000   0.000
  1.200  -242.943  -6.688   0.000   0.000
  1.300  -242.761  -6.688   0.000   0.000
  1.400  -242.552  -6.688   0.000   0.000
  1.500  -242.315  -6.688   0.000   0.000
  1.600  -242.046  -6.688   0.000   0.000
  1.700  -241.742  -6.688   0.000   0.000
  1.800  -241.400  -6.688   0.000   0.000
  1.900  -241.013  -6.688   0.000   0.000
  2.000  -240.580  -6.688   0.000   0.000
  2.100  -240.095  -6.688   0.000   0.000
  2.200  -239.553  -6.688   0.000   0.000
  2.300  -238.949  -6.688   0.000   0.000
  2.400  -238.278  -6.688   0.000   0.000
  2.500  -237.534  -6.688   0.000   0.000
  2.600  -236.712  -6.688   0.000   0.000
  2.700  -235.805  -6.688   0.000   0.000
  2.800  -234.807  -6.688   0.000   0.000
  2.900  -233.712  -6.688   0.000   0.000
  3.000  -232.514  -6.688   0.000   0.000
  3.100  -231.207  -6.688   0.000   0.000
  3.200  -229.786  -6.688   0.000   0.000
  3.300  -228.244  -6.688   0.000   0.000
  3.400  -226.575  -6.688   0.000   0.000
  3.500  -224.774  -6.688   0.000   0.000
  3.600  -222.837  -6.688   0.000   0.000
  3.700  -220.759  -6.688   0.000   0.000
  3.800  -218.535  -6.688   0.000   0.000
  3.900  -216.164  -6.688   0.000   0.000
  4.000  -213.642  -6.688   0.000   0.000
  4.100  -210.967  -6.689   0.000   0.000
  4.200  -208.139  -6.689   0.000   0.000
  4.300  -205.158  -6.689   0.000   0.000
  4.400  -202.024  -6.688   0.000   0.000
  4.500  -198.740  -6.688   0.000   0.000
  4.600  -195.307  -6.688   0.000   0.000
  4.700  -191.730  -6.687   0.000   0.000
  4.800  -188.013  -6.686   0.000   0.000
  4.900  -184.161  -6.685   0.000   0.000
  5.000  -180.180  -6.683   0.000   0.000
  5.100  -176.076  -6.679   0.000   0.000
  5.200  -171.855  -6.674   0.000   0.000
  5.300  -167.523  -6.667   0.000   0.000
  5.400  -163.086  -6.656   0.000   0.000
  5.500  -158.546  -6.640   0.000   0.000
  5.600  -153.906  -6.618   0.000   0.000
  5.700  -149.163  -6.587   0.000   0.000
  5.800  -144.311  -6.542   0.000   0.000
  5.900  -139.338  -6.480   0.000   0.000
  6.000  -134.224  -6.394   0.000   0.000
  6.100  -128.943  -6.277   0.000   0.000
  6.200  -123.460  -6.119   0.000   0.000
  6.300  -117.737  -5.910   0.000   0.000
  6.400  -111.738  -5.642   0.000   0.000
  6.500  -105.441  -5.307   0.000   0.000
  6.600   -98.853  -4.904   0.000   0.000
  6.700   -92.024  -4.440   0.000   0.000
  6.800   -85.054  -3.933   0.000   0.000
  6.900   -78.090  -3.406   0.000   0.000
  7.000   -71.297  -2.888   0.000   0.000
  7.100   -64.828  -2.407   0.000   0.000
  7.200   -58.801  -1.981   0.000   0.000
  7.300   -53.278  -1.619   0.000   0.000
  7.400   -48.278  -1.320   0.000   0.000
  7.500   -43.777  -1.079   0.000   0.000
  7.600   -39.735  -0.886   0.000   0.000
  7.700   -36.100  -0.732   0.000   0.000
  7.800   -32.821  -0.607   0.000   0.000
  7.900   -29.851  -0.505   0.000   0.000
  8.000   -27.151  -0.422   0.000   0.000
  8.100   -24.684  -0.351   0.000   0.000
  8.200   -22.424  -0.293   0.000   0.000
  8.300   -20.349  -0.243   0.000   0.000
  8.400   -18.439  -0.201   0.000   0.000
  8.500   -16.681  -0.166   0.000   0.000
  8.600   -15.063  -0.137   0.000   0.000
  8.700   -13.574  -0.113   0.000   0.000
  8.800   -12.206  -0.092   0.000   0.000
  8.900   -10.952  -0.075   0.000   0.000
  9.000    -9.804  -0.062   0.000   0.000
  9.100    -8.756  -0.050   0.000   0.000
  9.200    -7.802  -0.041   0.000   0.000
  9.300    -6.936  -0.033   0.000   0.000
  9.400    -6.152  -0.027   0.000   0.000
  9.500    -5.443  -0.022   0.000   0.000
  9.600    -4.806  -0.018   0.000   0.000
  9.700    -4.233  -0.014   0.000   0.000
  9.800    -3.720  -0.012   0.000   0.000
  9.900    -3.262  -0.010   0.000   0.000
 10.000    -2.855  -0.008   0.000   0.000
 10.100    -2.493  -0.006   0.000   0.000
 10.200    -2.173  -0.005   0.000   0.000
 10.300    -1.890  -0.004   0.000   0.000
 10.400    -1.641  -0.003   0.000   0.000
 10.500    -1.422  -0.003   0.000   0.000
 10.600    -1.231  -0.002   0.000   0.000
 10.700    -1.063  -0.002   0.000   0.000
 10.800    -0.917  -0.001   0.000   0.000
 10.900    -0.790  -0.001   0.000   0.000
 11.000    -0.680  -0.001   0.000   0.000
 11.100    -0.584  -0.001   0.000   0.000
 11.200    -0.502  -0.001   0.000   0.000
 11.300    -0.430  -0.001   0.000   0.000
 11.400    -0.369  -0.000   0.000   0.000
 11.500    -0.316  -0.000   0.000   0.000
 11.600    -0.270  -0.000   0.000   0.000
 11.700    -0.232  -0.000   0.000   0.000
 11.800    -0.198  -0.000   0.000   0.000
 11.900    -0.170  -0.000   0.000   0.000
 12.000    -0.145  -0.000   0.000   0.000
 12.100    -0.124  -0.000   0.000   0.000
 12.200    -0.106  -0.000   0.000   0.000
 12.300    -0.091  -0.000   0.000   0.000
 12.400    -0.078  -0.000   0.000   0.000
 12.500    -0.067  -0.000   0.000   0.000
 12.600    -0.058  -0.000   0.000   0.000
 12.700    -0.049  -0.000   0.000   0.000
 12.800    -0.042  -0.000   0.000   0.000
 12.900    -0.037  -0.000   0.000   0.000
 13.000    -0.031  -0.000   0.000   0.000
 13.100    -0.027  -0.000   0.000   0.000
 13.200    -0.023  -0.000   0.000   0.000
 13.300    -0.020  -0.000   0.000   0.000
 13.400    -0.017  -0.000   0.000   0.000
 13.500    -0.015  -0.000   0.000   0.000
 13.600    -0.013  -0.000   0.000   0.000
 13.700    -0.011  -0.000   0.000   0.000
 13.800    -0.009  -0.000   0.000   0.000
 13.900    -0.008  -0.000   0.000   0.000
 14.000    -0.007  -0.000   0.000   0.000
 14.100    -0.006  -0.000   0.000   0.000
 14.200    -0.005  -0.000   0.000   0.000
 14.300    -0.004  -0.000   0.000   0.000
 14.400    -0.004  -0.000   0.000   0.000
 14.500    -0.003  -0.000   0.000   0.000
 14.600    -0.003  -0.000   0.000   0.000
 14.700    -0.002  -0.000   0.000   0.000
 14.800    -0.002  -0.000   0.000   0.000
 14.900    -0.002  -0.000   0.000   0.000
 15.000    -0.001  -0.000   0.000   0.000
 15.100    -0.001  -0.000   0.000   0.000
 15.200    -0.001  -0.000   0.000   0.000
 15.300    -0.001  -0.000   0.000   0.000
 15.400    -0.001  -0.000   0.000   0.000
 15.500    -0.001  -0.000   0.000   0.000
 15.600    -0.001  -0.000   0.000   0.000
 15.700    -0.000  -0.000   0.000   0.000
 15.800    -0.000  -0.000   0.000   0.000
 15.900    -0.000  -0.000   0.000   0.000
 16.000    -0.000  -0.000   0.000   0.000
 16.100    -0.000  -0.000   0.000   0.000
 16.200    -0.000  -0.000   0.000   0.000
 16.300    -0.000  -0.000   0.000   0.000
 16.400    -0.000  -0.000   0.000   0.000
 16.500    -0.000  -0.000   0.000   0.000
 16.600    -0.000  -0.000   0.000   0.000
 16.700    -0.000  -0.000   0.000   0.000
 16.800    -0.000  -0.000   0.000   0.000
 16.900    -0.000  -0.000   0.000   0.000
 17.000    -0.000  -0.000   0.000   0.000
 17.100    -0.000  -0.000   0.000   0.000
 17.200    -0.000  -0.000   0.000   0.000
 17.300    -0.000  -0.000   0.000   0.000
 17.400    -0.000  -0.000   0.000   0.000
 17.500    -0.000  -0.000   0.000   0.000
 17.600    -0.000  -0.000   0.000   0.000
 17.700    -0.000  -0.000   0.000   0.000
 17.800    -0.000  -0.000   0.000   0.000
 17.900    -0.000  -0.000   0.000   0.000
 18.000    -0.000  -0.000   0.000   0.000
 18.100    -0.000  -0.000   0.000   0.000
 18.200    -0.000  -0.000   0.000   0.000
 18.300    -0.000  -0.000   0.000   0.000
 18.400    -0.000  -0.000   0.000   0.000
 18.500    -0.000  -0.000   0.000   0.000
 18.600    -0.000  -0.000   0.000   0.000
 18.700    -0.000  -0.000   0.000   0.000
 18.800    -0.000  -0.000   0.000   0.000
 18.900    -0.000  -0.000   0.000   0.000
 19.000    -0.000  -0.000   0.000   0.000
 19.100    -0.000  -0.000   0.000   0.000
 19.200    -0.000  -0.000   0.000   0.000
 19.300    -0.000  -0.000   0.000   0.000
 19.400    -0.000  -0.000   0.000   0.000
 19.500    -0.000  -0.000   0.000   0.000
 19.600    -0.000  -0.000   0.000   0.000
 19.700    -0.000  -0.000   0.000   0.000
 19.800    -0.000  -0.000   0.000   0.000
 19.900    -0.000  -0.000   0.000   0.000
 20.000    -0.000  -0.000   0.000   0.000

 ########### REACTION SUMMARY FOR E=  12.00000 ###########

 Center-of-mass energy:   11.715

 1. Total (binary) cross sections

   Reaction        = 5.25674E+01
     Compound elastic= 9.92074E-08
     Non-elastic     = 5.25674E+01
       Direct          = 5.25583E+01
       Pre-equilibrium = 9.10554E-03
       Compound non-el = 4.23536E-08

 2. Binary non-elastic cross sections (non-exclusive)

 gamma   = 1.22312E-04
 neutron = 1.36784E-02
 proton  = 3.52651E-09
 deuteron= 0.00000E+00
 triton  = 0.00000E+00
 helium-3= 0.00000E+00
 alpha   = 5.25582E+01

 3. Total particle production cross sections

 gamma   = 2.98028E-02    Multiplicity= 5.66945E-04
 neutron = 1.36784E-02    Multiplicity= 2.60206E-04
 proton  = 3.52651E-09    Multiplicity= 6.70854E-11
 deuteron= 0.00000E+00    Multiplicity= 0.00000E+00
 triton  = 0.00000E+00    Multiplicity= 0.00000E+00
 helium-3= 0.00000E+00    Multiplicity= 0.00000E+00
 alpha   = 5.25582E+01    Multiplicity= 9.99825E-01

 4. Residual production cross sections

   a. Per isotope

   Z   A  nuclide    total     level   isomeric    isomeric    lifetime
                 cross section       cross section  ratio

   69 168 (168Tm) 1.37003E-02    0    1.37003E-02  1.00000
   67 165 (165Ho) 5.25582E+01    0    5.25582E+01  1.00000
   65 161 (161Tb) 1.00000E-07    0    0.00000E+00  0.00000

   b. Per mass

   A  cross section

  168 1.37003E-02
  165 5.25582E+01

 Total residual production cross section:    52.5719032
 Non-elastic cross section              :    52.5674019

 ########## RESULTS FOR E=  13.00000 ##########

 Energy dependent input flags

 Width fluctuations (flagwidth)            : n
 Unresolved resonance parameters (flagurr) : n
 Preequilibrium (flagpreeq)                : y
 Multiple preequilibrium (flagmulpre)      : n
 Number of continuum excitation energy bins: 40

 +++++++++ DOUBLE FOLDING OPTICAL MODEL POTENTIAL FOR INCIDENT CHANNEL ++++++++++

           alpha    on 165Ho

  Radius     V      W       Vso     Wso

  0.100  -243.861  -5.305   0.000   0.000
  0.200  -243.847  -5.305   0.000   0.000
  0.300  -243.823  -5.305   0.000   0.000
  0.400  -243.789  -5.305   0.000   0.000
  0.500  -243.742  -5.305   0.000   0.000
  0.600  -243.683  -5.305   0.000   0.000
  0.700  -243.611  -5.305   0.000   0.000
  0.800  -243.523  -5.305   0.000   0.000
  0.900  -243.420  -5.305   0.000   0.000
  1.000  -243.301  -5.305   0.000   0.000
  1.100  -243.162  -5.305   0.000   0.000
  1.200  -243.002  -5.305   0.000   0.000
  1.300  -242.818  -5.305   0.000   0.000
  1.400  -242.609  -5.305   0.000   0.000
  1.500  -242.371  -5.305   0.000   0.000
  1.600  -242.102  -5.305   0.000   0.000
  1.700  -241.797  -5.305   0.000   0.000
  1.800  -241.453  -5.305   0.000   0.000
  1.900  -241.065  -5.305   0.000   0.000
  2.000  -240.631  -5.305   0.000   0.000
  2.100  -240.144  -5.305   0.000   0.000
  2.200  -239.600  -5.305   0.000   0.000
  2.300  -238.994  -5.305   0.000   0.000
  2.400  -238.321  -5.306   0.000   0.000
  2.500  -237.575  -5.306   0.000   0.000
  2.600  -236.749  -5.306   0.000   0.000
  2.700  -235.839  -5.306   0.000   0.000
  2.800  -234.838  -5.306   0.000   0.000
  2.900  -233.739  -5.306   0.000   0.000
  3.000  -232.537  -5.306   0.000   0.000
  3.100  -231.226  -5.306   0.000   0.000
  3.200  -229.800  -5.307   0.000   0.000
  3.300  -228.252  -5.307   0.000   0.000
  3.400  -226.578  -5.307   0.000   0.000
  3.500  -224.772  -5.308   0.000   0.000
  3.600  -222.828  -5.308   0.000   0.000
  3.700  -220.744  -5.309   0.000   0.000
  3.800  -218.514  -5.310   0.000   0.000
  3.900  -216.135  -5.311   0.000   0.000
  4.000  -213.606  -5.312   0.000   0.000
  4.100  -210.923  -5.314   0.000   0.000
  4.200  -208.088  -5.316   0.000   0.000
  4.300  -205.099  -5.318   0.000   0.000
  4.400  -201.957  -5.321   0.000   0.000
  4.500  -198.665  -5.324   0.000   0.000
  4.600  -195.224  -5.328   0.000   0.000
  4.700  -191.640  -5.333   0.000   0.000
  4.800  -187.915  -5.338   0.000   0.000
  4.900  -184.056  -5.345   0.000   0.000
  5.000  -180.069  -5.353   0.000   0.000
  5.100  -175.959  -5.362   0.000   0.000
  5.200  -171.734  -5.373   0.000   0.000
  5.300  -167.399  -5.385   0.000   0.000
  5.400  -162.959  -5.398   0.000   0.000
  5.500  -158.420  -5.412   0.000   0.000
  5.600  -153.782  -5.426   0.000   0.000
  5.700  -149.043  -5.440   0.000   0.000
  5.800  -144.199  -5.452   0.000   0.000
  5.900  -139.236  -5.459   0.000   0.000
  6.000  -134.137  -5.458   0.000   0.000
  6.100  -128.875  -5.444   0.000   0.000
  6.200  -123.416  -5.413   0.000   0.000
  6.300  -117.723  -5.357   0.000   0.000
  6.400  -111.760  -5.270   0.000   0.000
  6.500  -105.504  -5.147   0.000   0.000
  6.600   -98.964  -4.986   0.000   0.000
  6.700   -92.187  -4.790   0.000   0.000
  6.800   -85.275  -4.569   0.000   0.000
  6.900   -78.370  -4.337   0.000   0.000
  7.000   -71.634  -4.108   0.000   0.000
  7.100   -65.220  -3.893   0.000   0.000
  7.200   -59.239  -3.698   0.000   0.000
  7.300   -53.754  -3.519   0.000   0.000
  7.400   -48.778  -3.347   0.000   0.000
  7.500   -44.287  -3.172   0.000   0.000
  7.600   -40.242  -2.986   0.000   0.000
  7.700   -36.590  -2.783   0.000   0.000
  7.800   -33.284  -2.564   0.000   0.000
  7.900   -30.277  -2.331   0.000   0.000
  8.000   -27.534  -2.092   0.000   0.000
  8.100   -25.022  -1.852   0.000   0.000
  8.200   -22.716  -1.621   0.000   0.000
  8.300   -20.595  -1.402   0.000   0.000
  8.400   -18.644  -1.201   0.000   0.000
  8.500   -16.848  -1.020   0.000   0.000
  8.600   -15.197  -0.860   0.000   0.000
  8.700   -13.679  -0.720   0.000   0.000
  8.800   -12.288  -0.600   0.000   0.000
  8.900   -11.013  -0.497   0.000   0.000
  9.000    -9.849  -0.411   0.000   0.000
  9.100    -8.788  -0.338   0.000   0.000
  9.200    -7.823  -0.278   0.000   0.000
  9.300    -6.948  -0.228   0.000   0.000
  9.400    -6.157  -0.186   0.000   0.000
  9.500    -5.444  -0.152   0.000   0.000
  9.600    -4.803  -0.124   0.000   0.000
  9.700    -4.228  -0.101   0.000   0.000
  9.800    -3.713  -0.082   0.000   0.000
  9.900    -3.254  -0.067   0.000   0.000
 10.000    -2.846  -0.055   0.000   0.000
 10.100    -2.484  -0.044   0.000   0.000
 10.200    -2.164  -0.036   0.000   0.000
 10.300    -1.882  -0.029   0.000   0.000
 10.400    -1.633  -0.024   0.000   0.000
 10.500    -1.415  -0.019   0.000   0.000
 10.600    -1.224  -0.016   0.000   0.000
 10.700    -1.057  -0.013   0.000   0.000
 10.800    -0.911  -0.010   0.000   0.000
 10.900    -0.785  -0.008   0.000   0.000
 11.000    -0.675  -0.007   0.000   0.000
 11.100    -0.580  -0.006   0.000   0.000
 11.200    -0.498  -0.005   0.000   0.000
 11.300    -0.427  -0.004   0.000   0.000
 11.400    -0.366  -0.003   0.000   0.000
 11.500    -0.313  -0.002   0.000   0.000
 11.600    -0.268  -0.002   0.000   0.000
 11.700    -0.229  -0.002   0.000   0.000
 11.800    -0.196  -0.001   0.000   0.000
 11.900    -0.168  -0.001   0.000   0.000
 12.000    -0.144  -0.001   0.000   0.000
 12.100    -0.123  -0.001   0.000   0.000
 12.200    -0.105  -0.001   0.000   0.000
 12.300    -0.090  -0.000   0.000   0.000
 12.400    -0.077  -0.000   0.000   0.000
 12.500    -0.066  -0.000   0.000   0.000
 12.600    -0.057  -0.000   0.000   0.000
 12.700    -0.049  -0.000   0.000   0.000
 12.800    -0.042  -0.000   0.000   0.000
 12.900    -0.036  -0.000   0.000   0.000
 13.000    -0.031  -0.000   0.000   0.000
 13.100    -0.027  -0.000   0.000   0.000
 13.200    -0.023  -0.000   0.000   0.000
 13.300    -0.020  -0.000   0.000   0.000
 13.400    -0.017  -0.000   0.000   0.000
 13.500    -0.015  -0.000   0.000   0.000
 13.600    -0.013  -0.000   0.000   0.000
 13.700    -0.011  -0.000   0.000   0.000
 13.800    -0.009  -0.000   0.000   0.000
 13.900    -0.008  -0.000   0.000   0.000
 14.000    -0.007  -0.000   0.000   0.000
 14.100    -0.006  -0.000   0.000   0.000
 14.200    -0.005  -0.000   0.000   0.000
 14.300    -0.004  -0.000   0.000   0.000
 14.400    -0.004  -0.000   0.000   0.000
 14.500    -0.003  -0.000   0.000   0.000
 14.600    -0.003  -0.000   0.000   0.000
 14.700    -0.002  -0.000   0.000   0.000
 14.800    -0.002  -0.000   0.000   0.000
 14.900    -0.002  -0.000   0.000   0.000
 15.000    -0.001  -0.000   0.000   0.000
 15.100    -0.001  -0.000   0.000   0.000
 15.200    -0.001  -0.000   0.000   0.000
 15.300    -0.001  -0.000   0.000   0.000
 15.400    -0.001  -0.000   0.000   0.000
 15.500    -0.001  -0.000   0.000   0.000
 15.600    -0.001  -0.000   0.000   0.000
 15.700    -0.000  -0.000   0.000   0.000
 15.800    -0.000  -0.000   0.000   0.000
 15.900    -0.000  -0.000   0.000   0.000
 16.000    -0.000  -0.000   0.000   0.000
 16.100    -0.000  -0.000   0.000   0.000
 16.200    -0.000  -0.000   0.000   0.000
 16.300    -0.000  -0.000   0.000   0.000
 16.400    -0.000  -0.000   0.000   0.000
 16.500    -0.000  -0.000   0.000   0.000
 16.600    -0.000  -0.000   0.000   0.000
 16.700    -0.000  -0.000   0.000   0.000
 16.800    -0.000  -0.000   0.000   0.000
 16.900    -0.000  -0.000   0.000   0.000
 17.000    -0.000  -0.000   0.000   0.000
 17.100    -0.000  -0.000   0.000   0.000
 17.200    -0.000  -0.000   0.000   0.000
 17.300    -0.000  -0.000   0.000   0.000
 17.400    -0.000  -0.000   0.000   0.000
 17.500    -0.000  -0.000   0.000   0.000
 17.600    -0.000  -0.000   0.000   0.000
 17.700    -0.000  -0.000   0.000   0.000
 17.800    -0.000  -0.000   0.000   0.000
 17.900    -0.000  -0.000   0.000   0.000
 18.000    -0.000  -0.000   0.000   0.000
 18.100    -0.000  -0.000   0.000   0.000
 18.200    -0.000  -0.000   0.000   0.000
 18.300    -0.000  -0.000   0.000   0.000
 18.400    -0.000  -0.000   0.000   0.000
 18.500    -0.000  -0.000   0.000   0.000
 18.600    -0.000  -0.000   0.000   0.000
 18.700    -0.000  -0.000   0.000   0.000
 18.800    -0.000  -0.000   0.000   0.000
 18.900    -0.000  -0.000   0.000   0.000
 19.000    -0.000  -0.000   0.000   0.000
 19.100    -0.000  -0.000   0.000   0.000
 19.200    -0.000  -0.000   0.000   0.000
 19.300    -0.000  -0.000   0.000   0.000
 19.400    -0.000  -0.000   0.000   0.000
 19.500    -0.000  -0.000   0.000   0.000
 19.600    -0.000  -0.000   0.000   0.000
 19.700    -0.000  -0.000   0.000   0.000
 19.800    -0.000  -0.000   0.000   0.000
 19.900    -0.000  -0.000   0.000   0.000
 20.000    -0.000  -0.000   0.000   0.000

 ########### REACTION SUMMARY FOR E=  13.00000 ###########

 Center-of-mass energy:   12.691

 1. Total (binary) cross sections

   Reaction        = 7.53070E+01
     Compound elastic= 9.95008E-08
     Non-elastic     = 7.53070E+01
       Direct          = 7.51159E+01
       Pre-equilibrium = 1.91094E-01
       Compound non-el = 0.00000E+00

 2. Binary non-elastic cross sections (non-exclusive)

 gamma   = 1.92534E-08
 neutron = 1.92192E-01
 proton  = 2.98378E-08
 deuteron= 0.00000E+00
 triton  = 0.00000E+00
 helium-3= 0.00000E+00
 alpha   = 7.51148E+01

 3. Total particle production cross sections

 gamma   = 4.87880E-01    Multiplicity= 6.47855E-03
 neutron = 1.92192E-01    Multiplicity= 2.55211E-03
 proton  = 2.98378E-08    Multiplicity= 3.96215E-10
 deuteron= 0.00000E+00    Multiplicity= 0.00000E+00
 triton  = 0.00000E+00    Multiplicity= 0.00000E+00
 helium-3= 0.00000E+00    Multiplicity= 0.00000E+00
 alpha   = 7.51148E+01    Multiplicity= 9.97448E-01

 4. Residual production cross sections

   a. Per isotope

   Z   A  nuclide    total     level   isomeric    isomeric    lifetime
                 cross section       cross section  ratio

   69 168 (168Tm) 1.92527E-01    0    1.92527E-01  1.00000
   67 165 (165Ho) 7.51148E+01    0    7.51148E+01  1.00000
   65 161 (161Tb) 1.00000E-07    0    0.00000E+00  0.00000

   b. Per mass

   A  cross section

  168 1.92527E-01
  165 7.51148E+01

 Total residual production cross section:    75.3073273
 Non-elastic cross section              :    75.3069992

 ########## RESULTS FOR E=  14.00000 ##########

 Energy dependent input flags

 Width fluctuations (flagwidth)            : n
 Unresolved resonance parameters (flagurr) : n
 Preequilibrium (flagpreeq)                : y
 Multiple preequilibrium (flagmulpre)      : n
 Number of continuum excitation energy bins: 40

 +++++++++ DOUBLE FOLDING OPTICAL MODEL POTENTIAL FOR INCIDENT CHANNEL ++++++++++

           alpha    on 165Ho

  Radius     V      W       Vso     Wso

  0.100  -242.527  -5.941   0.000   0.000
  0.200  -242.512  -5.941   0.000   0.000
  0.300  -242.489  -5.941   0.000   0.000
  0.400  -242.454  -5.941   0.000   0.000
  0.500  -242.407  -5.941   0.000   0.000
  0.600  -242.347  -5.941   0.000   0.000
  0.700  -242.275  -5.941   0.000   0.000
  0.800  -242.187  -5.941   0.000   0.000
  0.900  -242.084  -5.941   0.000   0.000
  1.000  -241.964  -5.941   0.000   0.000
  1.100  -241.824  -5.941   0.000   0.000
  1.200  -241.664  -5.941   0.000   0.000
  1.300  -241.479  -5.941   0.000   0.000
  1.400  -241.269  -5.941   0.000   0.000
  1.500  -241.030  -5.941   0.000   0.000
  1.600  -240.760  -5.941   0.000   0.000
  1.700  -240.454  -5.941   0.000   0.000
  1.800  -240.108  -5.941   0.000   0.000
  1.900  -239.719  -5.941   0.000   0.000
  2.000  -239.283  -5.941   0.000   0.000
  2.100  -238.794  -5.941   0.000   0.000
  2.200  -238.247  -5.941   0.000   0.000
  2.300  -237.639  -5.941   0.000   0.000
  2.400  -236.962  -5.941   0.000   0.000
  2.500  -236.212  -5.941   0.000   0.000
  2.600  -235.383  -5.941   0.000   0.000
  2.700  -234.469  -5.941   0.000   0.000
  2.800  -233.463  -5.942   0.000   0.000
  2.900  -232.360  -5.942   0.000   0.000
  3.000  -231.152  -5.942   0.000   0.000
  3.100  -229.835  -5.942   0.000   0.000
  3.200  -228.402  -5.942   0.000   0.000
  3.300  -226.848  -5.943   0.000   0.000
  3.400  -225.166  -5.943   0.000   0.000
  3.500  -223.351  -5.944   0.000   0.000
  3.600  -221.399  -5.944   0.000   0.000
  3.700  -219.305  -5.945   0.000   0.000
  3.800  -217.065  -5.946   0.000   0.000
  3.900  -214.677  -5.947   0.000   0.000
  4.000  -212.137  -5.949   0.000   0.000
  4.100  -209.443  -5.950   0.000   0.000
  4.200  -206.596  -5.952   0.000   0.000
  4.300  -203.594  -5.955   0.000   0.000
  4.400  -200.440  -5.958   0.000   0.000
  4.500  -197.135  -5.962   0.000   0.000
  4.600  -193.681  -5.966   0.000   0.000
  4.700  -190.083  -5.971   0.000   0.000
  4.800  -186.345  -5.978   0.000   0.000
  4.900  -182.472  -5.985   0.000   0.000
  5.000  -178.470  -5.994   0.000   0.000
  5.100  -174.346  -6.004   0.000   0.000
  5.200  -170.106  -6.016   0.000   0.000
  5.300  -165.756  -6.029   0.000   0.000
  5.400  -161.302  -6.043   0.000   0.000
  5.500  -156.748  -6.059   0.000   0.000
  5.600  -152.095  -6.075   0.000   0.000
  5.700  -147.344  -6.090   0.000   0.000
  5.800  -142.487  -6.102   0.000   0.000
  5.900  -137.514  -6.110   0.000   0.000
  6.000  -132.407  -6.108   0.000   0.000
  6.100  -127.141  -6.092   0.000   0.000
  6.200  -121.684  -6.057   0.000   0.000
  6.300  -116.000  -5.993   0.000   0.000
  6.400  -110.055  -5.894   0.000   0.000
  6.500  -103.828  -5.755   0.000   0.000
  6.600   -97.327  -5.573   0.000   0.000
  6.700   -90.600  -5.352   0.000   0.000
  6.800   -83.745  -5.103   0.000   0.000
  6.900   -76.900  -4.841   0.000   0.000
  7.000   -70.226  -4.583   0.000   0.000
  7.100   -63.870  -4.341   0.000   0.000
  7.200   -57.945  -4.121   0.000   0.000
  7.300   -52.512  -3.920   0.000   0.000
  7.400   -47.586  -3.727   0.000   0.000
  7.500   -43.150  -3.531   0.000   0.000
  7.600   -39.163  -3.323   0.000   0.000
  7.700   -35.576  -3.096   0.000   0.000
  7.800   -32.339  -2.852   0.000   0.000
  7.900   -29.409  -2.592   0.000   0.000
  8.000   -26.743  -2.326   0.000   0.000
  8.100   -24.310  -2.060   0.000   0.000
  8.200   -22.081  -1.802   0.000   0.000
  8.300   -20.033  -1.559   0.000   0.000
  8.400   -18.150  -1.336   0.000   0.000
  8.500   -16.416  -1.134   0.000   0.000
  8.600   -14.820  -0.956   0.000   0.000
  8.700   -13.352  -0.801   0.000   0.000
  8.800   -12.003  -0.667   0.000   0.000
  8.900   -10.767  -0.553   0.000   0.000
  9.000    -9.636  -0.457   0.000   0.000
  9.100    -8.603  -0.376   0.000   0.000
  9.200    -7.663  -0.309   0.000   0.000
  9.300    -6.810  -0.253   0.000   0.000
  9.400    -6.038  -0.207   0.000   0.000
  9.500    -5.340  -0.169   0.000   0.000
  9.600    -4.712  -0.138   0.000   0.000
  9.700    -4.149  -0.112   0.000   0.000
  9.800    -3.645  -0.092   0.000   0.000
  9.900    -3.195  -0.075   0.000   0.000
 10.000    -2.795  -0.061   0.000   0.000
 10.100    -2.439  -0.049   0.000   0.000
 10.200    -2.125  -0.040   0.000   0.000
 10.300    -1.848  -0.033   0.000   0.000
 10.400    -1.604  -0.026   0.000   0.000
 10.500    -1.389  -0.022   0.000   0.000
 10.600    -1.201  -0.017   0.000   0.000
 10.700    -1.037  -0.014   0.000   0.000
 10.800    -0.894  -0.012   0.000   0.000
 10.900    -0.770  -0.009   0.000   0.000
 11.000    -0.662  -0.008   0.000   0.000
 11.100    -0.569  -0.006   0.000   0.000
 11.200    -0.488  -0.005   0.000   0.000
 11.300    -0.419  -0.004   0.000   0.000
 11.400    -0.359  -0.003   0.000   0.000
 11.500    -0.307  -0.003   0.000   0.000
 11.600    -0.263  -0.002   0.000   0.000
 11.700    -0.225  -0.002   0.000   0.000
 11.800    -0.193  -0.001   0.000   0.000
 11.900    -0.165  -0.001   0.000   0.000
 12.000    -0.141  -0.001   0.000   0.000
 12.100    -0.121  -0.001   0.000   0.000
 12.200    -0.103  -0.001   0.000   0.000
 12.300    -0.089  -0.001   0.000   0.000
 12.400    -0.076  -0.000   0.000   0.000
 12.500    -0.065  -0.000   0.000   0.000
 12.600    -0.056  -0.000   0.000   0.000
 12.700    -0.048  -0.000   0.000   0.000
 12.800    -0.041  -0.000   0.000   0.000
 12.900    -0.035  -0.000   0.000   0.000
 13.000    -0.030  -0.000   0.000   0.000
 13.100    -0.026  -0.000   0.000   0.000
 13.200    -0.023  -0.000   0.000   0.000
 13.300    -0.019  -0.000   0.000   0.000
 13.400    -0.017  -0.000   0.000   0.000
 13.500    -0.014  -0.000   0.000   0.000
 13.600    -0.012  -0.000   0.000   0.000
 13.700    -0.011  -0.000   0.000   0.000
 13.800    -0.009  -0.000   0.000   0.000
 13.900    -0.008  -0.000   0.000   0.000
 14.000    -0.007  -0.000   0.000   0.000
 14.100    -0.006  -0.000   0.000   0.000
 14.200    -0.005  -0.000   0.000   0.000
 14.300    -0.004  -0.000   0.000   0.000
 14.400    -0.004  -0.000   0.000   0.000
 14.500    -0.003  -0.000   0.000   0.000
 14.600    -0.003  -0.000   0.000   0.000
 14.700    -0.002  -0.000   0.000   0.000
 14.800    -0.002  -0.000   0.000   0.000
 14.900    -0.002  -0.000   0.000   0.000
 15.000    -0.001  -0.000   0.000   0.000
 15.100    -0.001  -0.000   0.000   0.000
 15.200    -0.001  -0.000   0.000   0.000
 15.300    -0.001  -0.000   0.000   0.000
 15.400    -0.001  -0.000   0.000   0.000
 15.500    -0.001  -0.000   0.000   0.000
 15.600    -0.000  -0.000   0.000   0.000
 15.700    -0.000  -0.000   0.000   0.000
 15.800    -0.000  -0.000   0.000   0.000
 15.900    -0.000  -0.000   0.000   0.000
 16.000    -0.000  -0.000   0.000   0.000
 16.100    -0.000  -0.000   0.000   0.000
 16.200    -0.000  -0.000   0.000   0.000
 16.300    -0.000  -0.000   0.000   0.000
 16.400    -0.000  -0.000   0.000   0.000
 16.500    -0.000  -0.000   0.000   0.000
 16.600    -0.000  -0.000   0.000   0.000
 16.700    -0.000  -0.000   0.000   0.000
 16.800    -0.000  -0.000   0.000   0.000
 16.900    -0.000  -0.000   0.000   0.000
 17.000    -0.000  -0.000   0.000   0.000
 17.100    -0.000  -0.000   0.000   0.000
 17.200    -0.000  -0.000   0.000   0.000
 17.300    -0.000  -0.000   0.000   0.000
 17.400    -0.000  -0.000   0.000   0.000
 17.500    -0.000  -0.000   0.000   0.000
 17.600    -0.000  -0.000   0.000   0.000
 17.700    -0.000  -0.000   0.000   0.000
 17.800    -0.000  -0.000   0.000   0.000
 17.900    -0.000  -0.000   0.000   0.000
 18.000    -0.000  -0.000   0.000   0.000
 18.100    -0.000  -0.000   0.000   0.000
 18.200    -0.000  -0.000   0.000   0.000
 18.300    -0.000  -0.000   0.000   0.000
 18.400    -0.000  -0.000   0.000   0.000
 18.500    -0.000  -0.000   0.000   0.000
 18.600    -0.000  -0.000   0.000   0.000
 18.700    -0.000  -0.000   0.000   0.000
 18.800    -0.000  -0.000   0.000   0.000
 18.900    -0.000  -0.000   0.000   0.000
 19.000    -0.000  -0.000   0.000   0.000
 19.100    -0.000  -0.000   0.000   0.000
 19.200    -0.000  -0.000   0.000   0.000
 19.300    -0.000  -0.000   0.000   0.000
 19.400    -0.000  -0.000   0.000   0.000
 19.500    -0.000  -0.000   0.000   0.000
 19.600    -0.000  -0.000   0.000   0.000
 19.700    -0.000  -0.000   0.000   0.000
 19.800    -0.000  -0.000   0.000   0.000
 19.900    -0.000  -0.000   0.000   0.000
 20.000    -0.000  -0.000   0.000   0.000

 ########### REACTION SUMMARY FOR E=  14.00000 ###########

 Center-of-mass energy:   13.668

 1. Total (binary) cross sections

   Reaction        = 9.71696E+01
     Compound elastic= 9.91643E-08
     Non-elastic     = 9.71696E+01
       Direct          = 9.60487E+01
       Pre-equilibrium = 1.12091E+00
       Compound non-el = 0.00000E+00

 2. Binary non-elastic cross sections (non-exclusive)

 gamma   = 1.71799E-07
 neutron = 1.12999E+00
 proton  = 2.62990E-06
 deuteron= 2.57732E-28
 triton  = 1.83049E-34
 helium-3= 0.00000E+00
 alpha   = 9.60396E+01

 3. Total particle production cross sections

 gamma   = 3.21111E+00    Multiplicity= 3.30465E-02
 neutron = 1.12999E+00    Multiplicity= 1.16291E-02
 proton  = 2.62990E-06    Multiplicity= 2.70650E-08
 deuteron= 2.57732E-28    Multiplicity= 2.65239E-30
 triton  = 1.83049E-34    Multiplicity= 1.88381E-36
 helium-3= 0.00000E+00    Multiplicity= 0.00000E+00
 alpha   = 9.60396E+01    Multiplicity= 9.88371E-01

 4. Residual production cross sections

   a. Per isotope

   Z   A  nuclide    total     level   isomeric    isomeric    lifetime
                 cross section       cross section  ratio

   69 168 (168Tm) 1.13141E+00    0    1.13141E+00  1.00000
   67 165 (165Ho) 9.60396E+01    0    9.60396E+01  1.00000
   65 161 (161Tb) 1.00000E-07    0    0.00000E+00  0.00000

   b. Per mass

   A  cross section

  168 1.13141E+00
  165 9.60396E+01

 Total residual production cross section:    97.1710129
 Non-elastic cross section              :    97.1696014

 ########## RESULTS FOR E=  15.00000 ##########

 Energy dependent input flags

 Width fluctuations (flagwidth)            : n
 Unresolved resonance parameters (flagurr) : n
 Preequilibrium (flagpreeq)                : y
 Multiple preequilibrium (flagmulpre)      : n
 Number of continuum excitation energy bins: 40

 +++++++++ DOUBLE FOLDING OPTICAL MODEL POTENTIAL FOR INCIDENT CHANNEL ++++++++++

           alpha    on 165Ho

  Radius     V      W       Vso     Wso

  0.100  -241.855  -6.628   0.000   0.000
  0.200  -241.840  -6.628   0.000   0.000
  0.300  -241.816  -6.628   0.000   0.000
  0.400  -241.782  -6.628   0.000   0.000
  0.500  -241.734  -6.628   0.000   0.000
  0.600  -241.674  -6.628   0.000   0.000
  0.700  -241.602  -6.628   0.000   0.000
  0.800  -241.513  -6.628   0.000   0.000
  0.900  -241.410  -6.628   0.000   0.000
  1.000  -241.289  -6.628   0.000   0.000
  1.100  -241.149  -6.628   0.000   0.000
  1.200  -240.987  -6.628   0.000   0.000
  1.300  -240.802  -6.628   0.000   0.000
  1.400  -240.591  -6.628   0.000   0.000
  1.500  -240.351  -6.628   0.000   0.000
  1.600  -240.079  -6.628   0.000   0.000
  1.700  -239.771  -6.628   0.000   0.000
  1.800  -239.423  -6.628   0.000   0.000
  1.900  -239.032  -6.628   0.000   0.000
  2.000  -238.593  -6.628   0.000   0.000
  2.100  -238.102  -6.628   0.000   0.000
  2.200  -237.552  -6.628   0.000   0.000
  2.300  -236.940  -6.628   0.000   0.000
  2.400  -236.259  -6.628   0.000   0.000
  2.500  -235.505  -6.628   0.000   0.000
  2.600  -234.671  -6.628   0.000   0.000
  2.700  -233.750  -6.628   0.000   0.000
  2.800  -232.738  -6.628   0.000   0.000
  2.900  -231.628  -6.628   0.000   0.000
  3.000  -230.414  -6.629   0.000   0.000
  3.100  -229.089  -6.629   0.000   0.000
  3.200  -227.647  -6.629   0.000   0.000
  3.300  -226.083  -6.630   0.000   0.000
  3.400  -224.391  -6.630   0.000   0.000
  3.500  -222.565  -6.631   0.000   0.000
  3.600  -220.602  -6.631   0.000   0.000
  3.700  -218.495  -6.632   0.000   0.000
  3.800  -216.243  -6.633   0.000   0.000
  3.900  -213.840  -6.635   0.000   0.000
  4.000  -211.286  -6.636   0.000   0.000
  4.100  -208.578  -6.638   0.000   0.000
  4.200  -205.716  -6.640   0.000   0.000
  4.300  -202.699  -6.643   0.000   0.000
  4.400  -199.529  -6.647   0.000   0.000
  4.500  -196.207  -6.651   0.000   0.000
  4.600  -192.736  -6.655   0.000   0.000
  4.700  -189.121  -6.661   0.000   0.000
  4.800  -185.367  -6.668   0.000   0.000
  4.900  -181.477  -6.677   0.000   0.000
  5.000  -177.460  -6.686   0.000   0.000
  5.100  -173.320  -6.697   0.000   0.000
  5.200  -169.065  -6.710   0.000   0.000
  5.300  -164.701  -6.725   0.000   0.000
  5.400  -160.233  -6.741   0.000   0.000
  5.500  -155.666  -6.758   0.000   0.000
  5.600  -151.003  -6.775   0.000   0.000
  5.700  -146.242  -6.791   0.000   0.000
  5.800  -141.378  -6.805   0.000   0.000
  5.900  -136.401  -6.813   0.000   0.000
  6.000  -131.294  -6.810   0.000   0.000
  6.100  -126.032  -6.792   0.000   0.000
  6.200  -120.585  -6.751   0.000   0.000
  6.300  -114.916  -6.679   0.000   0.000
  6.400  -108.995  -6.568   0.000   0.000
  6.500  -102.800  -6.411   0.000   0.000
  6.600   -96.340  -6.206   0.000   0.000
  6.700   -89.661  -5.958   0.000   0.000
  6.800   -82.861  -5.678   0.000   0.000
  6.900   -76.074  -5.384   0.000   0.000
  7.000   -69.458  -5.094   0.000   0.000
  7.100   -63.157  -4.823   0.000   0.000
  7.200   -57.283  -4.576   0.000   0.000
  7.300   -51.895  -4.350   0.000   0.000
  7.400   -47.011  -4.134   0.000   0.000
  7.500   -42.613  -3.915   0.000   0.000
  7.600   -38.660  -3.683   0.000   0.000
  7.700   -35.106  -3.432   0.000   0.000
  7.800   -31.901  -3.160   0.000   0.000
  7.900   -29.001  -2.872   0.000   0.000
  8.000   -26.364  -2.577   0.000   0.000
  8.100   -23.959  -2.282   0.000   0.000
  8.200   -21.757  -1.996   0.000   0.000
  8.300   -19.735  -1.727   0.000   0.000
  8.400   -17.875  -1.479   0.000   0.000
  8.500   -16.164  -1.256   0.000   0.000
  8.600   -14.590  -1.059   0.000   0.000
  8.700   -13.142  -0.887   0.000   0.000
  8.800   -11.812  -0.739   0.000   0.000
  8.900   -10.593  -0.612   0.000   0.000
  9.000    -9.478  -0.506   0.000   0.000
  9.100    -8.460  -0.416   0.000   0.000
  9.200    -7.533  -0.342   0.000   0.000
  9.300    -6.692  -0.280   0.000   0.000
  9.400    -5.931  -0.229   0.000   0.000
  9.500    -5.244  -0.187   0.000   0.000
  9.600    -4.626  -0.153   0.000   0.000
  9.700    -4.071  -0.125   0.000   0.000
  9.800    -3.575  -0.101   0.000   0.000
  9.900    -3.133  -0.083   0.000   0.000
 10.000    -2.739  -0.067   0.000   0.000
 10.100    -2.390  -0.055   0.000   0.000
 10.200    -2.081  -0.044   0.000   0.000
 10.300    -1.809  -0.036   0.000   0.000
 10.400    -1.569  -0.029   0.000   0.000
 10.500    -1.359  -0.024   0.000   0.000
 10.600    -1.175  -0.019   0.000   0.000
 10.700    -1.014  -0.016   0.000   0.000
 10.800    -0.874  -0.013   0.000   0.000
 10.900    -0.752  -0.010   0.000   0.000
 11.000    -0.647  -0.008   0.000   0.000
 11.100    -0.555  -0.007   0.000   0.000
 11.200    -0.476  -0.006   0.000   0.000
 11.300    -0.408  -0.005   0.000   0.000
 11.400    -0.350  -0.004   0.000   0.000
 11.500    -0.299  -0.003   0.000   0.000
 11.600    -0.256  -0.002   0.000   0.000
 11.700    -0.219  -0.002   0.000   0.000
 11.800    -0.188  -0.002   0.000   0.000
 11.900    -0.161  -0.001   0.000   0.000
 12.000    -0.137  -0.001   0.000   0.000
 12.100    -0.118  -0.001   0.000   0.000
 12.200    -0.101  -0.001   0.000   0.000
 12.300    -0.086  -0.001   0.000   0.000
 12.400    -0.074  -0.000   0.000   0.000
 12.500    -0.063  -0.000   0.000   0.000
 12.600    -0.054  -0.000   0.000   0.000
 12.700    -0.047  -0.000   0.000   0.000
 12.800    -0.040  -0.000   0.000   0.000
 12.900    -0.034  -0.000   0.000   0.000
 13.000    -0.030  -0.000   0.000   0.000
 13.100    -0.026  -0.000   0.000   0.000
 13.200    -0.022  -0.000   0.000   0.000
 13.300    -0.019  -0.000   0.000   0.000
 13.400    -0.016  -0.000   0.000   0.000
 13.500    -0.014  -0.000   0.000   0.000
 13.600    -0.012  -0.000   0.000   0.000
 13.700    -0.010  -0.000   0.000   0.000
 13.800    -0.009  -0.000   0.000   0.000
 13.900    -0.008  -0.000   0.000   0.000
 14.000    -0.007  -0.000   0.000   0.000
 14.100    -0.006  -0.000   0.000   0.000
 14.200    -0.005  -0.000   0.000   0.000
 14.300    -0.004  -0.000   0.000   0.000
 14.400    -0.004  -0.000   0.000   0.000
 14.500    -0.003  -0.000   0.000   0.000
 14.600    -0.003  -0.000   0.000   0.000
 14.700    -0.002  -0.000   0.000   0.000
 14.800    -0.002  -0.000   0.000   0.000
 14.900    -0.002  -0.000   0.000   0.000
 15.000    -0.001  -0.000   0.000   0.000
 15.100    -0.001  -0.000   0.000   0.000
 15.200    -0.001  -0.000   0.000   0.000
 15.300    -0.001  -0.000   0.000   0.000
 15.400    -0.001  -0.000   0.000   0.000
 15.500    -0.001  -0.000   0.000   0.000
 15.600    -0.000  -0.000   0.000   0.000
 15.700    -0.000  -0.000   0.000   0.000
 15.800    -0.000  -0.000   0.000   0.000
 15.900    -0.000  -0.000   0.000   0.000
 16.000    -0.000  -0.000   0.000   0.000
 16.100    -0.000  -0.000   0.000   0.000
 16.200    -0.000  -0.000   0.000   0.000
 16.300    -0.000  -0.000   0.000   0.000
 16.400    -0.000  -0.000   0.000   0.000
 16.500    -0.000  -0.000   0.000   0.000
 16.600    -0.000  -0.000   0.000   0.000
 16.700    -0.000  -0.000   0.000   0.000
 16.800    -0.000  -0.000   0.000   0.000
 16.900    -0.000  -0.000   0.000   0.000
 17.000    -0.000  -0.000   0.000   0.000
 17.100    -0.000  -0.000   0.000   0.000
 17.200    -0.000  -0.000   0.000   0.000
 17.300    -0.000  -0.000   0.000   0.000
 17.400    -0.000  -0.000   0.000   0.000
 17.500    -0.000  -0.000   0.000   0.000
 17.600    -0.000  -0.000   0.000   0.000
 17.700    -0.000  -0.000   0.000   0.000
 17.800    -0.000  -0.000   0.000   0.000
 17.900    -0.000  -0.000   0.000   0.000
 18.000    -0.000  -0.000   0.000   0.000
 18.100    -0.000  -0.000   0.000   0.000
 18.200    -0.000  -0.000   0.000   0.000
 18.300    -0.000  -0.000   0.000   0.000
 18.400    -0.000  -0.000   0.000   0.000
 18.500    -0.000  -0.000   0.000   0.000
 18.600    -0.000  -0.000   0.000   0.000
 18.700    -0.000  -0.000   0.000   0.000
 18.800    -0.000  -0.000   0.000   0.000
 18.900    -0.000  -0.000   0.000   0.000
 19.000    -0.000  -0.000   0.000   0.000
 19.100    -0.000  -0.000   0.000   0.000
 19.200    -0.000  -0.000   0.000   0.000
 19.300    -0.000  -0.000   0.000   0.000
 19.400    -0.000  -0.000   0.000   0.000
 19.500    -0.000  -0.000   0.000   0.000
 19.600    -0.000  -0.000   0.000   0.000
 19.700    -0.000  -0.000   0.000   0.000
 19.800    -0.000  -0.000   0.000   0.000
 19.900    -0.000  -0.000   0.000   0.000
 20.000    -0.000  -0.000   0.000   0.000

 ########### REACTION SUMMARY FOR E=  15.00000 ###########

 Center-of-mass energy:   14.644

 1. Total (binary) cross sections

   Reaction        = 1.21822E+02
     Compound elastic= 1.92412E-07
     Non-elastic     = 1.21822E+02
       Direct          = 1.16831E+02
       Pre-equilibrium = 3.76448E+00
       Compound non-el = 1.22686E+00

 2. Binary non-elastic cross sections (non-exclusive)

 gamma   = 1.07950E-02
 neutron = 4.98918E+00
 proton  = 9.71703E-05
 deuteron= 8.88218E-20
 triton  = 4.10404E-22
 helium-3= 0.00000E+00
 alpha   = 1.16812E+02

 3. Total particle production cross sections

 gamma   = 1.58947E+01    Multiplicity= 1.30475E-01
 neutron = 4.99736E+00    Multiplicity= 4.10218E-02
 proton  = 9.71752E-05    Multiplicity= 7.97682E-07
 deuteron= 8.88218E-20    Multiplicity= 7.29112E-22
 triton  = 4.10404E-22    Multiplicity= 3.36888E-24
 helium-3= 0.00000E+00    Multiplicity= 0.00000E+00
 alpha   = 1.16812E+02    Multiplicity= 9.58878E-01

 4. Residual production cross sections

   a. Per isotope

   Z   A  nuclide    total     level   isomeric    isomeric    lifetime
                 cross section       cross section  ratio

   69 169 (169Tm) 2.61695E-03    0    2.61695E-03  1.00000
   69 168 (168Tm) 5.00065E+00    0    5.00065E+00  1.00000
   67 165 (165Ho) 1.16812E+02    0    1.16812E+02  1.00000
   65 161 (161Tb) 1.00000E-07    0    0.00000E+00  0.00000

   b. Per mass

   A  cross section

  169 2.61695E-03
  168 5.00065E+00
  165 1.16812E+02

 Total residual production cross section:   121.8157043
 Non-elastic cross section              :   121.8219986

 ########## RESULTS FOR E=  16.00000 ##########

 Energy dependent input flags

 Width fluctuations (flagwidth)            : n
 Unresolved resonance parameters (flagurr) : n
 Preequilibrium (flagpreeq)                : y
 Multiple preequilibrium (flagmulpre)      : n
 Number of continuum excitation energy bins: 40

 +++++++++ DOUBLE FOLDING OPTICAL MODEL POTENTIAL FOR INCIDENT CHANNEL ++++++++++

           alpha    on 165Ho

  Radius     V      W       Vso     Wso

  0.100  -241.314  -7.364   0.000   0.000
  0.200  -241.299  -7.364   0.000   0.000
  0.300  -241.275  -7.364   0.000   0.000
  0.400  -241.240  -7.364   0.000   0.000
  0.500  -241.193  -7.364   0.000   0.000
  0.600  -241.132  -7.364   0.000   0.000
  0.700  -241.059  -7.364   0.000   0.000
  0.800  -240.970  -7.364   0.000   0.000
  0.900  -240.866  -7.364   0.000   0.000
  1.000  -240.745  -7.364   0.000   0.000
  1.100  -240.603  -7.364   0.000   0.000
  1.200  -240.441  -7.364   0.000   0.000
  1.300  -240.255  -7.364   0.000   0.000
  1.400  -240.042  -7.364   0.000   0.000
  1.500  -239.800  -7.364   0.000   0.000
  1.600  -239.526  -7.364   0.000   0.000
  1.700  -239.216  -7.364   0.000   0.000
  1.800  -238.866  -7.364   0.000   0.000
  1.900  -238.472  -7.364   0.000   0.000
  2.000  -238.030  -7.364   0.000   0.000
  2.100  -237.535  -7.364   0.000   0.000
  2.200  -236.981  -7.364   0.000   0.000
  2.300  -236.364  -7.364   0.000   0.000
  2.400  -235.678  -7.364   0.000   0.000
  2.500  -234.918  -7.364   0.000   0.000
  2.600  -234.077  -7.364   0.000   0.000
  2.700  -233.149  -7.364   0.000   0.000
  2.800  -232.129  -7.364   0.000   0.000
  2.900  -231.010  -7.365   0.000   0.000
  3.000  -229.786  -7.365   0.000   0.000
  3.100  -228.450  -7.365   0.000   0.000
  3.200  -226.997  -7.365   0.000   0.000
  3.300  -225.421  -7.366   0.000   0.000
  3.400  -223.716  -7.366   0.000   0.000
  3.500  -221.876  -7.367   0.000   0.000
  3.600  -219.897  -7.368   0.000   0.000
  3.700  -217.775  -7.369   0.000   0.000
  3.800  -215.505  -7.370   0.000   0.000
  3.900  -213.085  -7.371   0.000   0.000
  4.000  -210.512  -7.373   0.000   0.000
  4.100  -207.784  -7.375   0.000   0.000
  4.200  -204.902  -7.378   0.000   0.000
  4.300  -201.865  -7.381   0.000   0.000
  4.400  -198.674  -7.384   0.000   0.000
  4.500  -195.331  -7.389   0.000   0.000
  4.600  -191.839  -7.394   0.000   0.000
  4.700  -188.203  -7.401   0.000   0.000
  4.800  -184.427  -7.408   0.000   0.000
  4.900  -180.516  -7.417   0.000   0.000
  5.000  -176.478  -7.428   0.000   0.000
  5.100  -172.318  -7.440   0.000   0.000
  5.200  -168.043  -7.454   0.000   0.000
  5.300  -163.661  -7.470   0.000   0.000
  5.400  -159.176  -7.488   0.000   0.000
  5.500  -154.594  -7.506   0.000   0.000
  5.600  -149.917  -7.525   0.000   0.000
  5.700  -145.145  -7.543   0.000   0.000
  5.800  -140.272  -7.558   0.000   0.000
  5.900  -135.290  -7.565   0.000   0.000
  6.000  -130.181  -7.562   0.000   0.000
  6.100  -124.922  -7.541   0.000   0.000
  6.200  -119.483  -7.494   0.000   0.000
  6.300  -113.830  -7.413   0.000   0.000
  6.400  -107.931  -7.288   0.000   0.000
  6.500  -101.767  -7.112   0.000   0.000
  6.600   -95.345  -6.883   0.000   0.000
  6.700   -88.713  -6.605   0.000   0.000
  6.800   -81.964  -6.292   0.000   0.000
  6.900   -75.233  -5.963   0.000   0.000
  7.000   -68.672  -5.639   0.000   0.000
  7.100   -62.426  -5.336   0.000   0.000
  7.200   -56.603  -5.060   0.000   0.000
  7.300   -51.262  -4.807   0.000   0.000
  7.400   -46.420  -4.567   0.000   0.000
  7.500   -42.059  -4.324   0.000   0.000
  7.600   -38.140  -4.066   0.000   0.000
  7.700   -34.617  -3.788   0.000   0.000
  7.800   -31.441  -3.487   0.000   0.000
  7.900   -28.567  -3.169   0.000   0.000
  8.000   -25.957  -2.843   0.000   0.000
  8.100   -23.577  -2.517   0.000   0.000
  8.200   -21.398  -2.202   0.000   0.000
  8.300   -19.400  -1.905   0.000   0.000
  8.400   -17.564  -1.632   0.000   0.000
  8.500   -15.874  -1.386   0.000   0.000
  8.600   -14.321  -1.168   0.000   0.000
  8.700   -12.892  -0.978   0.000   0.000
  8.800   -11.581  -0.815   0.000   0.000
  8.900   -10.380  -0.675   0.000   0.000
  9.000    -9.282  -0.558   0.000   0.000
  9.100    -8.280  -0.459   0.000   0.000
  9.200    -7.369  -0.377   0.000   0.000
  9.300    -6.542  -0.309   0.000   0.000
  9.400    -5.794  -0.253   0.000   0.000
  9.500    -5.120  -0.207   0.000   0.000
  9.600    -4.514  -0.169   0.000   0.000
  9.700    -3.970  -0.137   0.000   0.000
  9.800    -3.484  -0.112   0.000   0.000
  9.900    -3.051  -0.091   0.000   0.000
 10.000    -2.666  -0.074   0.000   0.000
 10.100    -2.325  -0.060   0.000   0.000
 10.200    -2.023  -0.049   0.000   0.000
 10.300    -1.757  -0.040   0.000   0.000
 10.400    -1.523  -0.032   0.000   0.000
 10.500    -1.318  -0.026   0.000   0.000
 10.600    -1.139  -0.021   0.000   0.000
 10.700    -0.983  -0.017   0.000   0.000
 10.800    -0.846  -0.014   0.000   0.000
 10.900    -0.728  -0.011   0.000   0.000
 11.000    -0.626  -0.009   0.000   0.000
 11.100    -0.537  -0.008   0.000   0.000
 11.200    -0.461  -0.006   0.000   0.000
 11.300    -0.395  -0.005   0.000   0.000
 11.400    -0.338  -0.004   0.000   0.000
 11.500    -0.289  -0.003   0.000   0.000
 11.600    -0.247  -0.003   0.000   0.000
 11.700    -0.212  -0.002   0.000   0.000
 11.800    -0.181  -0.002   0.000   0.000
 11.900    -0.155  -0.001   0.000   0.000
 12.000    -0.132  -0.001   0.000   0.000
 12.100    -0.113  -0.001   0.000   0.000
 12.200    -0.097  -0.001   0.000   0.000
 12.300    -0.083  -0.001   0.000   0.000
 12.400    -0.071  -0.001   0.000   0.000
 12.500    -0.061  -0.000   0.000   0.000
 12.600    -0.052  -0.000   0.000   0.000
 12.700    -0.045  -0.000   0.000   0.000
 12.800    -0.039  -0.000   0.000   0.000
 12.900    -0.033  -0.000   0.000   0.000
 13.000    -0.029  -0.000   0.000   0.000
 13.100    -0.025  -0.000   0.000   0.000
 13.200    -0.021  -0.000   0.000   0.000
 13.300    -0.018  -0.000   0.000   0.000
 13.400    -0.016  -0.000   0.000   0.000
 13.500    -0.013  -0.000   0.000   0.000
 13.600    -0.012  -0.000   0.000   0.000
 13.700    -0.010  -0.000   0.000   0.000
 13.800    -0.009  -0.000   0.000   0.000
 13.900    -0.007  -0.000   0.000   0.000
 14.000    -0.006  -0.000   0.000   0.000
 14.100    -0.005  -0.000   0.000   0.000
 14.200    -0.005  -0.000   0.000   0.000
 14.300    -0.004  -0.000   0.000   0.000
 14.400    -0.003  -0.000   0.000   0.000
 14.500    -0.003  -0.000   0.000   0.000
 14.600    -0.002  -0.000   0.000   0.000
 14.700    -0.002  -0.000   0.000   0.000
 14.800    -0.002  -0.000   0.000   0.000
 14.900    -0.001  -0.000   0.000   0.000
 15.000    -0.001  -0.000   0.000   0.000
 15.100    -0.001  -0.000   0.000   0.000
 15.200    -0.001  -0.000   0.000   0.000
 15.300    -0.001  -0.000   0.000   0.000
 15.400    -0.001  -0.000   0.000   0.000
 15.500    -0.001  -0.000   0.000   0.000
 15.600    -0.000  -0.000   0.000   0.000
 15.700    -0.000  -0.000   0.000   0.000
 15.800    -0.000  -0.000   0.000   0.000
 15.900    -0.000  -0.000   0.000   0.000
 16.000    -0.000  -0.000   0.000   0.000
 16.100    -0.000  -0.000   0.000   0.000
 16.200    -0.000  -0.000   0.000   0.000
 16.300    -0.000  -0.000   0.000   0.000
 16.400    -0.000  -0.000   0.000   0.000
 16.500    -0.000  -0.000   0.000   0.000
 16.600    -0.000  -0.000   0.000   0.000
 16.700    -0.000  -0.000   0.000   0.000
 16.800    -0.000  -0.000   0.000   0.000
 16.900    -0.000  -0.000   0.000   0.000
 17.000    -0.000  -0.000   0.000   0.000
 17.100    -0.000  -0.000   0.000   0.000
 17.200    -0.000  -0.000   0.000   0.000
 17.300    -0.000  -0.000   0.000   0.000
 17.400    -0.000  -0.000   0.000   0.000
 17.500    -0.000  -0.000   0.000   0.000
 17.600    -0.000  -0.000   0.000   0.000
 17.700    -0.000  -0.000   0.000   0.000
 17.800    -0.000  -0.000   0.000   0.000
 17.900    -0.000  -0.000   0.000   0.000
 18.000    -0.000  -0.000   0.000   0.000
 18.100    -0.000  -0.000   0.000   0.000
 18.200    -0.000  -0.000   0.000   0.000
 18.300    -0.000  -0.000   0.000   0.000
 18.400    -0.000  -0.000   0.000   0.000
 18.500    -0.000  -0.000   0.000   0.000
 18.600    -0.000  -0.000   0.000   0.000
 18.700    -0.000  -0.000   0.000   0.000
 18.800    -0.000  -0.000   0.000   0.000
 18.900    -0.000  -0.000   0.000   0.000
 19.000    -0.000  -0.000   0.000   0.000
 19.100    -0.000  -0.000   0.000   0.000
 19.200    -0.000  -0.000   0.000   0.000
 19.300    -0.000  -0.000   0.000   0.000
 19.400    -0.000  -0.000   0.000   0.000
 19.500    -0.000  -0.000   0.000   0.000
 19.600    -0.000  -0.000   0.000   0.000
 19.700    -0.000  -0.000   0.000   0.000
 19.800    -0.000  -0.000   0.000   0.000
 19.900    -0.000  -0.000   0.000   0.000
 20.000    -0.000  -0.000   0.000   0.000

 ########### REACTION SUMMARY FOR E=  16.00000 ###########

 Center-of-mass energy:   15.620

 1. Total (binary) cross sections

   Reaction        = 1.51093E+02
     Compound elastic= 7.07510E-07
     Non-elastic     = 1.51093E+02
       Direct          = 1.33171E+02
       Pre-equilibrium = 6.16153E+00
       Compound non-el = 1.17604E+01

 2. Binary non-elastic cross sections (non-exclusive)

 gamma   = 7.29327E-02
 neutron = 1.78564E+01
 proton  = 9.47882E-04
 deuteron= 7.49496E-14
 triton  = 9.53146E-16
 helium-3= 0.00000E+00
 alpha   = 1.33153E+02

 3. Total particle production cross sections

 gamma   = 6.37785E+01    Multiplicity= 4.22114E-01
 neutron = 1.79178E+01    Multiplicity= 1.18588E-01
 proton  = 9.47946E-04    Multiplicity= 6.27392E-06
 deuteron= 7.49496E-14    Multiplicity= 4.96049E-16
 triton  = 9.53146E-16    Multiplicity= 6.30834E-18
 helium-3= 0.00000E+00    Multiplicity= 0.00000E+00
 alpha   = 1.33153E+02    Multiplicity= 8.81267E-01

 4. Residual production cross sections

   a. Per isotope

   Z   A  nuclide    total     level   isomeric    isomeric    lifetime
                 cross section       cross section  ratio

   69 169 (169Tm) 1.15177E-02    0    1.15177E-02  1.00000
   69 168 (168Tm) 1.79211E+01    0    1.79211E+01  1.00000
   67 165 (165Ho) 1.33153E+02    0    1.33153E+02  1.00000
   65 161 (161Tb) 1.00000E-07    0    0.00000E+00  0.00000

   b. Per mass

   A  cross section

  169 1.15177E-02
  168 1.79211E+01
  165 1.33153E+02

 Total residual production cross section:   151.0858612
 Non-elastic cross section              :   151.0930023

 ########## RESULTS FOR E=  17.00000 ##########

 Energy dependent input flags

 Width fluctuations (flagwidth)            : n
 Unresolved resonance parameters (flagurr) : n
 Preequilibrium (flagpreeq)                : y
 Multiple preequilibrium (flagmulpre)      : n
 Number of continuum excitation energy bins: 40

 +++++++++ DOUBLE FOLDING OPTICAL MODEL POTENTIAL FOR INCIDENT CHANNEL ++++++++++

           alpha    on 165Ho

  Radius     V      W       Vso     Wso

  0.100  -240.845  -8.146   0.000   0.000
  0.200  -240.830  -8.146   0.000   0.000
  0.300  -240.806  -8.146   0.000   0.000
  0.400  -240.771  -8.146   0.000   0.000
  0.500  -240.723  -8.146   0.000   0.000
  0.600  -240.662  -8.146   0.000   0.000
  0.700  -240.589  -8.146   0.000   0.000
  0.800  -240.499  -8.146   0.000   0.000
  0.900  -240.394  -8.146   0.000   0.000
  1.000  -240.272  -8.146   0.000   0.000
  1.100  -240.129  -8.146   0.000   0.000
  1.200  -239.966  -8.146   0.000   0.000
  1.300  -239.778  -8.146   0.000   0.000
  1.400  -239.563  -8.146   0.000   0.000
  1.500  -239.320  -8.146   0.000   0.000
  1.600  -239.043  -8.146   0.000   0.000
  1.700  -238.731  -8.146   0.000   0.000
  1.800  -238.377  -8.146   0.000   0.000
  1.900  -237.980  -8.146   0.000   0.000
  2.000  -237.534  -8.146   0.000   0.000
  2.100  -237.034  -8.146   0.000   0.000
  2.200  -236.475  -8.146   0.000   0.000
  2.300  -235.853  -8.146   0.000   0.000
  2.400  -235.160  -8.146   0.000   0.000
  2.500  -234.393  -8.146   0.000   0.000
  2.600  -233.544  -8.147   0.000   0.000
  2.700  -232.608  -8.147   0.000   0.000
  2.800  -231.578  -8.147   0.000   0.000
  2.900  -230.447  -8.147   0.000   0.000
  3.000  -229.211  -8.147   0.000   0.000
  3.100  -227.862  -8.148   0.000   0.000
  3.200  -226.395  -8.148   0.000   0.000
  3.300  -224.803  -8.148   0.000   0.000
  3.400  -223.082  -8.149   0.000   0.000
  3.500  -221.225  -8.150   0.000   0.000
  3.600  -219.227  -8.151   0.000   0.000
  3.700  -217.085  -8.152   0.000   0.000
  3.800  -214.794  -8.153   0.000   0.000
  3.900  -212.353  -8.154   0.000   0.000
  4.000  -209.757  -8.156   0.000   0.000
  4.100  -207.006  -8.159   0.000   0.000
  4.200  -204.099  -8.161   0.000   0.000
  4.300  -201.036  -8.165   0.000   0.000
  4.400  -197.819  -8.169   0.000   0.000
  4.500  -194.450  -8.174   0.000   0.000
  4.600  -190.932  -8.180   0.000   0.000
  4.700  -187.269  -8.187   0.000   0.000
  4.800  -183.467  -8.195   0.000   0.000
  4.900  -179.531  -8.205   0.000   0.000
  5.000  -175.467  -8.217   0.000   0.000
  5.100  -171.283  -8.230   0.000   0.000
  5.200  -166.985  -8.245   0.000   0.000
  5.300  -162.580  -8.263   0.000   0.000
  5.400  -158.075  -8.282   0.000   0.000
  5.500  -153.474  -8.302   0.000   0.000
  5.600  -148.780  -8.323   0.000   0.000
  5.700  -143.993  -8.342   0.000   0.000
  5.800  -139.110  -8.357   0.000   0.000
  5.900  -134.120  -8.365   0.000   0.000
  6.000  -129.007  -8.361   0.000   0.000
  6.100  -123.749  -8.336   0.000   0.000
  6.200  -118.317  -8.283   0.000   0.000
  6.300  -112.677  -8.192   0.000   0.000
  6.400  -106.798  -8.052   0.000   0.000
  6.500  -100.662  -7.856   0.000   0.000
  6.600   -94.276  -7.601   0.000   0.000
  6.700   -87.687  -7.291   0.000   0.000
  6.800   -80.987  -6.943   0.000   0.000
  6.900   -74.309  -6.576   0.000   0.000
  7.000   -67.803  -6.215   0.000   0.000
  7.100   -61.610  -5.878   0.000   0.000
  7.200   -55.836  -5.571   0.000   0.000
  7.300   -50.542  -5.290   0.000   0.000
  7.400   -45.742  -5.023   0.000   0.000
  7.500   -41.420  -4.754   0.000   0.000
  7.600   -37.537  -4.470   0.000   0.000
  7.700   -34.046  -4.163   0.000   0.000
  7.800   -30.902  -3.832   0.000   0.000
  7.900   -28.058  -3.482   0.000   0.000
  8.000   -25.477  -3.123   0.000   0.000
  8.100   -23.124  -2.765   0.000   0.000
  8.200   -20.972  -2.419   0.000   0.000
  8.300   -19.000  -2.092   0.000   0.000
  8.400   -17.189  -1.792   0.000   0.000
  8.500   -15.524  -1.522   0.000   0.000
  8.600   -13.994  -1.283   0.000   0.000
  8.700   -12.589  -1.074   0.000   0.000
  8.800   -11.301  -0.895   0.000   0.000
  8.900   -10.121  -0.742   0.000   0.000
  9.000    -9.043  -0.613   0.000   0.000
  9.100    -8.061  -0.504   0.000   0.000
  9.200    -7.168  -0.414   0.000   0.000
  9.300    -6.359  -0.339   0.000   0.000
  9.400    -5.627  -0.278   0.000   0.000
  9.500    -4.969  -0.227   0.000   0.000
  9.600    -4.377  -0.185   0.000   0.000
  9.700    -3.846  -0.151   0.000   0.000
  9.800    -3.373  -0.123   0.000   0.000
  9.900    -2.951  -0.100   0.000   0.000
 10.000    -2.576  -0.081   0.000   0.000
 10.100    -2.245  -0.066   0.000   0.000
 10.200    -1.952  -0.054   0.000   0.000
 10.300    -1.694  -0.044   0.000   0.000
 10.400    -1.468  -0.036   0.000   0.000
 10.500    -1.269  -0.029   0.000   0.000
 10.600    -1.096  -0.023   0.000   0.000
 10.700    -0.944  -0.019   0.000   0.000
 10.800    -0.813  -0.015   0.000   0.000
 10.900    -0.699  -0.013   0.000   0.000
 11.000    -0.600  -0.010   0.000   0.000
 11.100    -0.515  -0.008   0.000   0.000
 11.200    -0.441  -0.007   0.000   0.000
 11.300    -0.378  -0.005   0.000   0.000
 11.400    -0.323  -0.004   0.000   0.000
 11.500    -0.277  -0.004   0.000   0.000
 11.600    -0.236  -0.003   0.000   0.000
 11.700    -0.202  -0.002   0.000   0.000
 11.800    -0.173  -0.002   0.000   0.000
 11.900    -0.148  -0.002   0.000   0.000
 12.000    -0.126  -0.001   0.000   0.000
 12.100    -0.108  -0.001   0.000   0.000
 12.200    -0.093  -0.001   0.000   0.000
 12.300    -0.079  -0.001   0.000   0.000
 12.400    -0.068  -0.001   0.000   0.000
 12.500    -0.058  -0.000   0.000   0.000
 12.600    -0.050  -0.000   0.000   0.000
 12.700    -0.043  -0.000   0.000   0.000
 12.800    -0.037  -0.000   0.000   0.000
 12.900    -0.032  -0.000   0.000   0.000
 13.000    -0.027  -0.000   0.000   0.000
 13.100    -0.023  -0.000   0.000   0.000
 13.200    -0.020  -0.000   0.000   0.000
 13.300    -0.017  -0.000   0.000   0.000
 13.400    -0.015  -0.000   0.000   0.000
 13.500    -0.013  -0.000   0.000   0.000
 13.600    -0.011  -0.000   0.000   0.000
 13.700    -0.009  -0.000   0.000   0.000
 13.800    -0.008  -0.000   0.000   0.000
 13.900    -0.007  -0.000   0.000   0.000
 14.000    -0.006  -0.000   0.000   0.000
 14.100    -0.005  -0.000   0.000   0.000
 14.200    -0.004  -0.000   0.000   0.000
 14.300    -0.004  -0.000   0.000   0.000
 14.400    -0.003  -0.000   0.000   0.000
 14.500    -0.003  -0.000   0.000   0.000
 14.600    -0.002  -0.000   0.000   0.000
 14.700    -0.002  -0.000   0.000   0.000
 14.800    -0.002  -0.000   0.000   0.000
 14.900    -0.001  -0.000   0.000   0.000
 15.000    -0.001  -0.000   0.000   0.000
 15.100    -0.001  -0.000   0.000   0.000
 15.200    -0.001  -0.000   0.000   0.000
 15.300    -0.001  -0.000   0.000   0.000
 15.400    -0.001  -0.000   0.000   0.000
 15.500    -0.001  -0.000   0.000   0.000
 15.600    -0.000  -0.000   0.000   0.000
 15.700    -0.000  -0.000   0.000   0.000
 15.800    -0.000  -0.000   0.000   0.000
 15.900    -0.000  -0.000   0.000   0.000
 16.000    -0.000  -0.000   0.000   0.000
 16.100    -0.000  -0.000   0.000   0.000
 16.200    -0.000  -0.000   0.000   0.000
 16.300    -0.000  -0.000   0.000   0.000
 16.400    -0.000  -0.000   0.000   0.000
 16.500    -0.000  -0.000   0.000   0.000
 16.600    -0.000  -0.000   0.000   0.000
 16.700    -0.000  -0.000   0.000   0.000
 16.800    -0.000  -0.000   0.000   0.000
 16.900    -0.000  -0.000   0.000   0.000
 17.000    -0.000  -0.000   0.000   0.000
 17.100    -0.000  -0.000   0.000   0.000
 17.200    -0.000  -0.000   0.000   0.000
 17.300    -0.000  -0.000   0.000   0.000
 17.400    -0.000  -0.000   0.000   0.000
 17.500    -0.000  -0.000   0.000   0.000
 17.600    -0.000  -0.000   0.000   0.000
 17.700    -0.000  -0.000   0.000   0.000
 17.800    -0.000  -0.000   0.000   0.000
 17.900    -0.000  -0.000   0.000   0.000
 18.000    -0.000  -0.000   0.000   0.000
 18.100    -0.000  -0.000   0.000   0.000
 18.200    -0.000  -0.000   0.000   0.000
 18.300    -0.000  -0.000   0.000   0.000
 18.400    -0.000  -0.000   0.000   0.000
 18.500    -0.000  -0.000   0.000   0.000
 18.600    -0.000  -0.000   0.000   0.000
 18.700    -0.000  -0.000   0.000   0.000
 18.800    -0.000  -0.000   0.000   0.000
 18.900    -0.000  -0.000   0.000   0.000
 19.000    -0.000  -0.000   0.000   0.000
 19.100    -0.000  -0.000   0.000   0.000
 19.200    -0.000  -0.000   0.000   0.000
 19.300    -0.000  -0.000   0.000   0.000
 19.400    -0.000  -0.000   0.000   0.000
 19.500    -0.000  -0.000   0.000   0.000
 19.600    -0.000  -0.000   0.000   0.000
 19.700    -0.000  -0.000   0.000   0.000
 19.800    -0.000  -0.000   0.000   0.000
 19.900    -0.000  -0.000   0.000   0.000
 20.000    -0.000  -0.000   0.000   0.000

 ########### REACTION SUMMARY FOR E=  17.00000 ###########

 Center-of-mass energy:   16.596

 1. Total (binary) cross sections

   Reaction        = 1.96238E+02
     Compound elastic= 1.35585E-06
     Non-elastic     = 1.96238E+02
       Direct          = 1.45219E+02
       Pre-equilibrium = 9.38815E+00
       Compound non-el = 4.16304E+01

 2. Binary non-elastic cross sections (non-exclusive)

 gamma   = 1.93435E-01
 neutron = 5.08151E+01
 proton  = 5.71305E-03
 deuteron= 1.93194E-10
 triton  = 8.19433E-12
 helium-3= 6.91261E-42
 alpha   = 1.45214E+02

 3. Total particle production cross sections

 gamma   = 1.83641E+02    Multiplicity= 9.35806E-01
 neutron = 5.51913E+01    Multiplicity= 2.81247E-01
 proton  = 5.71331E-03    Multiplicity= 2.91142E-05
 deuteron= 1.93194E-10    Multiplicity= 9.84489E-13
 triton  = 8.19433E-12    Multiplicity= 4.17571E-14
 helium-3= 6.91261E-42    Multiplicity= 3.50325E-44
 alpha   = 1.45214E+02    Multiplicity= 7.39991E-01

 4. Residual production cross sections

   a. Per isotope

   Z   A  nuclide    total     level   isomeric    isomeric    lifetime
                 cross section       cross section  ratio

   69 169 (169Tm) 1.96011E-02    0    1.96011E-02  1.00000
   69 168 (168Tm) 4.67894E+01    0    4.67894E+01  1.00000
   68 168 (168Er) 5.71484E-03    0    5.71484E-03  1.00000
   69 167 (167Tm) 4.20237E+00    0    4.20237E+00  1.00000
   67 165 (165Ho) 1.45214E+02    0    1.45214E+02  1.00000
   65 161 (161Tb) 1.00000E-07    0    0.00000E+00  0.00000

   b. Per mass

   A  cross section

  169 1.96011E-02
  168 4.67951E+01
  167 4.20237E+00
  165 1.45214E+02

 Total residual production cross section:   196.2313843
 Non-elastic cross section              :   196.2380066

 ########## RESULTS FOR E=  18.00000 ##########

 Energy dependent input flags

 Width fluctuations (flagwidth)            : n
 Unresolved resonance parameters (flagurr) : n
 Preequilibrium (flagpreeq)                : y
 Multiple preequilibrium (flagmulpre)      : n
 Number of continuum excitation energy bins: 40

 +++++++++ DOUBLE FOLDING OPTICAL MODEL POTENTIAL FOR INCIDENT CHANNEL ++++++++++

           alpha    on 165Ho

  Radius     V      W       Vso     Wso

  0.100  -240.433  -8.970   0.000   0.000
  0.200  -240.418  -8.970   0.000   0.000
  0.300  -240.394  -8.970   0.000   0.000
  0.400  -240.359  -8.970   0.000   0.000
  0.500  -240.310  -8.970   0.000   0.000
  0.600  -240.249  -8.970   0.000   0.000
  0.700  -240.175  -8.970   0.000   0.000
  0.800  -240.084  -8.970   0.000   0.000
  0.900  -239.979  -8.970   0.000   0.000
  1.000  -239.855  -8.970   0.000   0.000
  1.100  -239.712  -8.970   0.000   0.000
  1.200  -239.547  -8.970   0.000   0.000
  1.300  -239.357  -8.970   0.000   0.000
  1.400  -239.141  -8.970   0.000   0.000
  1.500  -238.895  -8.970   0.000   0.000
  1.600  -238.616  -8.970   0.000   0.000
  1.700  -238.300  -8.971   0.000   0.000
  1.800  -237.944  -8.971   0.000   0.000
  1.900  -237.543  -8.971   0.000   0.000
  2.000  -237.092  -8.971   0.000   0.000
  2.100  -236.587  -8.971   0.000   0.000
  2.200  -236.023  -8.971   0.000   0.000
  2.300  -235.393  -8.971   0.000   0.000
  2.400  -234.694  -8.971   0.000   0.000
  2.500  -233.918  -8.971   0.000   0.000
  2.600  -233.060  -8.971   0.000   0.000
  2.700  -232.113  -8.971   0.000   0.000
  2.800  -231.072  -8.971   0.000   0.000
  2.900  -229.930  -8.972   0.000   0.000
  3.000  -228.680  -8.972   0.000   0.000
  3.100  -227.317  -8.972   0.000   0.000
  3.200  -225.834  -8.973   0.000   0.000
  3.300  -224.226  -8.973   0.000   0.000
  3.400  -222.486  -8.974   0.000   0.000
  3.500  -220.609  -8.975   0.000   0.000
  3.600  -218.590  -8.975   0.000   0.000
  3.700  -216.426  -8.977   0.000   0.000
  3.800  -214.112  -8.978   0.000   0.000
  3.900  -211.645  -8.980   0.000   0.000
  4.000  -209.023  -8.982   0.000   0.000
  4.100  -206.246  -8.984   0.000   0.000
  4.200  -203.312  -8.987   0.000   0.000
  4.300  -200.221  -8.991   0.000   0.000
  4.400  -196.975  -8.995   0.000   0.000
  4.500  -193.577  -9.001   0.000   0.000
  4.600  -190.030  -9.007   0.000   0.000
  4.700  -186.338  -9.015   0.000   0.000
  4.800  -182.506  -9.024   0.000   0.000
  4.900  -178.541  -9.035   0.000   0.000
  5.000  -174.449  -9.048   0.000   0.000
  5.100  -170.238  -9.062   0.000   0.000
  5.200  -165.914  -9.079   0.000   0.000
  5.300  -161.484  -9.098   0.000   0.000
  5.400  -156.956  -9.118   0.000   0.000
  5.500  -152.334  -9.140   0.000   0.000
  5.600  -147.621  -9.163   0.000   0.000
  5.700  -142.819  -9.183   0.000   0.000
  5.800  -137.922  -9.200   0.000   0.000
  5.900  -132.923  -9.208   0.000   0.000
  6.000  -127.805  -9.202   0.000   0.000
  6.100  -122.547  -9.174   0.000   0.000
  6.200  -117.119  -9.114   0.000   0.000
  6.300  -111.490  -9.012   0.000   0.000
  6.400  -105.629  -8.857   0.000   0.000
  6.500   -99.519  -8.638   0.000   0.000
  6.600   -93.165  -8.355   0.000   0.000
  6.700   -86.615  -8.012   0.000   0.000
  6.800   -79.960  -7.626   0.000   0.000
  6.900   -73.330  -7.220   0.000   0.000
  7.000   -66.874  -6.820   0.000   0.000
  7.100   -60.730  -6.446   0.000   0.000
  7.200   -55.005  -6.106   0.000   0.000
  7.300   -49.756  -5.796   0.000   0.000
  7.400   -44.998  -5.501   0.000   0.000
  7.500   -40.715  -5.204   0.000   0.000
  7.600   -36.869  -4.892   0.000   0.000
  7.700   -33.413  -4.554   0.000   0.000
  7.800   -30.302  -4.191   0.000   0.000
  7.900   -27.491  -3.808   0.000   0.000
  8.000   -24.941  -3.415   0.000   0.000
  8.100   -22.618  -3.024   0.000   0.000
  8.200   -20.497  -2.645   0.000   0.000
  8.300   -18.553  -2.288   0.000   0.000
  8.400   -16.770  -1.959   0.000   0.000
  8.500   -15.133  -1.664   0.000   0.000
  8.600   -13.630  -1.402   0.000   0.000
  8.700   -12.251  -1.174   0.000   0.000
  8.800   -10.987  -0.978   0.000   0.000
  8.900    -9.832  -0.811   0.000   0.000
  9.000    -8.777  -0.670   0.000   0.000
  9.100    -7.816  -0.551   0.000   0.000
  9.200    -6.944  -0.453   0.000   0.000
  9.300    -6.155  -0.371   0.000   0.000
  9.400    -5.442  -0.304   0.000   0.000
  9.500    -4.801  -0.248   0.000   0.000
  9.600    -4.225  -0.202   0.000   0.000
  9.700    -3.709  -0.165   0.000   0.000
  9.800    -3.250  -0.134   0.000   0.000
  9.900    -2.840  -0.109   0.000   0.000
 10.000    -2.478  -0.089   0.000   0.000
 10.100    -2.157  -0.072   0.000   0.000
 10.200    -1.874  -0.059   0.000   0.000
 10.300    -1.624  -0.048   0.000   0.000
 10.400    -1.406  -0.039   0.000   0.000
 10.500    -1.215  -0.032   0.000   0.000
 10.600    -1.048  -0.026   0.000   0.000
 10.700    -0.903  -0.021   0.000   0.000
 10.800    -0.776  -0.017   0.000   0.000
 10.900    -0.667  -0.014   0.000   0.000
 11.000    -0.572  -0.011   0.000   0.000
 11.100    -0.490  -0.009   0.000   0.000
 11.200    -0.420  -0.007   0.000   0.000
 11.300    -0.359  -0.006   0.000   0.000
 11.400    -0.307  -0.005   0.000   0.000
 11.500    -0.263  -0.004   0.000   0.000
 11.600    -0.225  -0.003   0.000   0.000
 11.700    -0.192  -0.003   0.000   0.000
 11.800    -0.164  -0.002   0.000   0.000
 11.900    -0.140  -0.002   0.000   0.000
 12.000    -0.120  -0.001   0.000   0.000
 12.100    -0.102  -0.001   0.000   0.000
 12.200    -0.088  -0.001   0.000   0.000
 12.300    -0.075  -0.001   0.000   0.000
 12.400    -0.064  -0.001   0.000   0.000
 12.500    -0.055  -0.000   0.000   0.000
 12.600    -0.047  -0.000   0.000   0.000
 12.700    -0.041  -0.000   0.000   0.000
 12.800    -0.035  -0.000   0.000   0.000
 12.900    -0.030  -0.000   0.000   0.000
 13.000    -0.026  -0.000   0.000   0.000
 13.100    -0.022  -0.000   0.000   0.000
 13.200    -0.019  -0.000   0.000   0.000
 13.300    -0.016  -0.000   0.000   0.000
 13.400    -0.014  -0.000   0.000   0.000
 13.500    -0.012  -0.000   0.000   0.000
 13.600    -0.010  -0.000   0.000   0.000
 13.700    -0.009  -0.000   0.000   0.000
 13.800    -0.008  -0.000   0.000   0.000
 13.900    -0.007  -0.000   0.000   0.000
 14.000    -0.006  -0.000   0.000   0.000
 14.100    -0.005  -0.000   0.000   0.000
 14.200    -0.004  -0.000   0.000   0.000
 14.300    -0.003  -0.000   0.000   0.000
 14.400    -0.003  -0.000   0.000   0.000
 14.500    -0.003  -0.000   0.000   0.000
 14.600    -0.002  -0.000   0.000   0.000
 14.700    -0.002  -0.000   0.000   0.000
 14.800    -0.002  -0.000   0.000   0.000
 14.900    -0.001  -0.000   0.000   0.000
 15.000    -0.001  -0.000   0.000   0.000
 15.100    -0.001  -0.000   0.000   0.000
 15.200    -0.001  -0.000   0.000   0.000
 15.300    -0.001  -0.000   0.000   0.000
 15.400    -0.001  -0.000   0.000   0.000
 15.500    -0.000  -0.000   0.000   0.000
 15.600    -0.000  -0.000   0.000   0.000
 15.700    -0.000  -0.000   0.000   0.000
 15.800    -0.000  -0.000   0.000   0.000
 15.900    -0.000  -0.000   0.000   0.000
 16.000    -0.000  -0.000   0.000   0.000
 16.100    -0.000  -0.000   0.000   0.000
 16.200    -0.000  -0.000   0.000   0.000
 16.300    -0.000  -0.000   0.000   0.000
 16.400    -0.000  -0.000   0.000   0.000
 16.500    -0.000  -0.000   0.000   0.000
 16.600    -0.000  -0.000   0.000   0.000
 16.700    -0.000  -0.000   0.000   0.000
 16.800    -0.000  -0.000   0.000   0.000
 16.900    -0.000  -0.000   0.000   0.000
 17.000    -0.000  -0.000   0.000   0.000
 17.100    -0.000  -0.000   0.000   0.000
 17.200    -0.000  -0.000   0.000   0.000
 17.300    -0.000  -0.000   0.000   0.000
 17.400    -0.000  -0.000   0.000   0.000
 17.500    -0.000  -0.000   0.000   0.000
 17.600    -0.000  -0.000   0.000   0.000
 17.700    -0.000  -0.000   0.000   0.000
 17.800    -0.000  -0.000   0.000   0.000
 17.900    -0.000  -0.000   0.000   0.000
 18.000    -0.000  -0.000   0.000   0.000
 18.100    -0.000  -0.000   0.000   0.000
 18.200    -0.000  -0.000   0.000   0.000
 18.300    -0.000  -0.000   0.000   0.000
 18.400    -0.000  -0.000   0.000   0.000
 18.500    -0.000  -0.000   0.000   0.000
 18.600    -0.000  -0.000   0.000   0.000
 18.700    -0.000  -0.000   0.000   0.000
 18.800    -0.000  -0.000   0.000   0.000
 18.900    -0.000  -0.000   0.000   0.000
 19.000    -0.000  -0.000   0.000   0.000
 19.100    -0.000  -0.000   0.000   0.000
 19.200    -0.000  -0.000   0.000   0.000
 19.300    -0.000  -0.000   0.000   0.000
 19.400    -0.000  -0.000   0.000   0.000
 19.500    -0.000  -0.000   0.000   0.000
 19.600    -0.000  -0.000   0.000   0.000
 19.700    -0.000  -0.000   0.000   0.000
 19.800    -0.000  -0.000   0.000   0.000
 19.900    -0.000  -0.000   0.000   0.000
 20.000    -0.000  -0.000   0.000   0.000

 ########### REACTION SUMMARY FOR E=  18.00000 ###########

 Center-of-mass energy:   17.573

 1. Total (binary) cross sections

   Reaction        = 2.67386E+02
     Compound elastic= 1.60866E-06
     Non-elastic     = 2.67386E+02
       Direct          = 1.52095E+02
       Pre-equilibrium = 1.36684E+01
       Compound non-el = 1.01623E+02

 2. Binary non-elastic cross sections (non-exclusive)

 gamma   = 3.73799E-01
 neutron = 1.14866E+02
 proton  = 2.45775E-02
 deuteron= 2.23385E-08
 triton  = 1.87333E-09
 helium-3= 5.97273E-29
 alpha   = 1.52113E+02

 3. Total particle production cross sections

 gamma   = 3.05745E+02    Multiplicity= 1.14346E+00
 neutron = 1.72399E+02    Multiplicity= 6.44756E-01
 proton  = 2.45782E-02    Multiplicity= 9.19204E-05
 deuteron= 2.23385E-08    Multiplicity= 8.35441E-11
 triton  = 1.87333E-09    Multiplicity= 7.00610E-12
 helium-3= 5.97273E-29    Multiplicity= 2.23375E-31
 alpha   = 1.52113E+02    Multiplicity= 5.68890E-01

 4. Residual production cross sections

   a. Per isotope

   Z   A  nuclide    total     level   isomeric    isomeric    lifetime
                 cross section       cross section  ratio

   69 169 (169Tm) 2.53772E-02    0    2.53772E-02  1.00000
   69 168 (168Tm) 5.80310E+01    0    5.80310E+01  1.00000
   68 168 (168Er) 2.46076E-02    0    2.46076E-02  1.00000
   69 167 (167Tm) 5.71845E+01    0    5.71845E+01  1.00000
   67 165 (165Ho) 1.52113E+02    0    1.52113E+02  1.00000
   65 161 (161Tb) 1.00000E-07    0    0.00000E+00  0.00000

   b. Per mass

   A  cross section

  169 2.53772E-02
  168 5.80556E+01
  167 5.71845E+01
  165 1.52113E+02

 Total residual production cross section:   267.3787842
 Non-elastic cross section              :   267.3859863

 ########## RESULTS FOR E=  19.00000 ##########

 Energy dependent input flags

 Width fluctuations (flagwidth)            : n
 Unresolved resonance parameters (flagurr) : n
 Preequilibrium (flagpreeq)                : y
 Multiple preequilibrium (flagmulpre)      : n
 Number of continuum excitation energy bins: 40

 +++++++++ DOUBLE FOLDING OPTICAL MODEL POTENTIAL FOR INCIDENT CHANNEL ++++++++++

           alpha    on 165Ho

  Radius     V      W       Vso     Wso

  0.100  -240.074  -9.831   0.000   0.000
  0.200  -240.059  -9.831   0.000   0.000
  0.300  -240.034  -9.831   0.000   0.000
  0.400  -239.999  -9.831   0.000   0.000
  0.500  -239.950  -9.831   0.000   0.000
  0.600  -239.888  -9.831   0.000   0.000
  0.700  -239.813  -9.831   0.000   0.000
  0.800  -239.722  -9.831   0.000   0.000
  0.900  -239.616  -9.831   0.000   0.000
  1.000  -239.491  -9.831   0.000   0.000
  1.100  -239.347  -9.831   0.000   0.000
  1.200  -239.180  -9.831   0.000   0.000
  1.300  -238.989  -9.831   0.000   0.000
  1.400  -238.771  -9.831   0.000   0.000
  1.500  -238.523  -9.831   0.000   0.000
  1.600  -238.241  -9.831   0.000   0.000
  1.700  -237.923  -9.831   0.000   0.000
  1.800  -237.563  -9.831   0.000   0.000
  1.900  -237.158  -9.831   0.000   0.000
  2.000  -236.703  -9.831   0.000   0.000
  2.100  -236.193  -9.832   0.000   0.000
  2.200  -235.623  -9.832   0.000   0.000
  2.300  -234.987  -9.832   0.000   0.000
  2.400  -234.280  -9.832   0.000   0.000
  2.500  -233.496  -9.832   0.000   0.000
  2.600  -232.629  -9.832   0.000   0.000
  2.700  -231.672  -9.832   0.000   0.000
  2.800  -230.620  -9.832   0.000   0.000
  2.900  -229.465  -9.833   0.000   0.000
  3.000  -228.202  -9.833   0.000   0.000
  3.100  -226.824  -9.833   0.000   0.000
  3.200  -225.325  -9.834   0.000   0.000
  3.300  -223.699  -9.834   0.000   0.000
  3.400  -221.941  -9.835   0.000   0.000
  3.500  -220.044  -9.836   0.000   0.000
  3.600  -218.004  -9.837   0.000   0.000
  3.700  -215.818  -9.838   0.000   0.000
  3.800  -213.481  -9.839   0.000   0.000
  3.900  -210.989  -9.841   0.000   0.000
  4.000  -208.342  -9.844   0.000   0.000
  4.100  -205.539  -9.846   0.000   0.000
  4.200  -202.577  -9.850   0.000   0.000
  4.300  -199.458  -9.854   0.000   0.000
  4.400  -196.184  -9.858   0.000   0.000
  4.500  -192.757  -9.864   0.000   0.000
  4.600  -189.180  -9.871   0.000   0.000
  4.700  -185.459  -9.880   0.000   0.000
  4.800  -181.598  -9.890   0.000   0.000
  4.900  -177.605  -9.901   0.000   0.000
  5.000  -173.485  -9.915   0.000   0.000
  5.100  -169.246  -9.931   0.000   0.000
  5.200  -164.896  -9.949   0.000   0.000
  5.300  -160.442  -9.969   0.000   0.000
  5.400  -155.891  -9.992   0.000   0.000
  5.500  -151.249 -10.015   0.000   0.000
  5.600  -146.518 -10.039   0.000   0.000
  5.700  -141.699 -10.061   0.000   0.000
  5.800  -136.790 -10.079   0.000   0.000
  5.900  -131.781 -10.087   0.000   0.000
  6.000  -126.657 -10.079   0.000   0.000
  6.100  -121.398 -10.047   0.000   0.000
  6.200  -115.974  -9.981   0.000   0.000
  6.300  -110.354  -9.867   0.000   0.000
  6.400  -104.508  -9.695   0.000   0.000
  6.500   -98.419  -9.454   0.000   0.000
  6.600   -92.093  -9.141   0.000   0.000
  6.700   -85.577  -8.762   0.000   0.000
  6.800   -78.961  -8.336   0.000   0.000
  6.900   -72.373  -7.888   0.000   0.000
  7.000   -65.961  -7.448   0.000   0.000
  7.100   -59.862  -7.035   0.000   0.000
  7.200   -54.179  -6.661   0.000   0.000
  7.300   -48.971  -6.319   0.000   0.000
  7.400   -44.253  -5.995   0.000   0.000
  7.500   -40.007  -5.670   0.000   0.000
  7.600   -36.196  -5.328   0.000   0.000
  7.700   -32.775  -4.959   0.000   0.000
  7.800   -29.697  -4.563   0.000   0.000
  7.900   -26.919  -4.146   0.000   0.000
  8.000   -24.400  -3.717   0.000   0.000
  8.100   -22.109  -3.291   0.000   0.000
  8.200   -20.018  -2.878   0.000   0.000
  8.300   -18.105  -2.489   0.000   0.000
  8.400   -16.352  -2.132   0.000   0.000
  8.500   -14.743  -1.810   0.000   0.000
  8.600   -13.267  -1.526   0.000   0.000
  8.700   -11.914  -1.278   0.000   0.000
  8.800   -10.676  -1.064   0.000   0.000
  8.900    -9.544  -0.882   0.000   0.000
  9.000    -8.513  -0.729   0.000   0.000
  9.100    -7.574  -0.600   0.000   0.000
  9.200    -6.723  -0.493   0.000   0.000
  9.300    -5.954  -0.404   0.000   0.000
  9.400    -5.259  -0.330   0.000   0.000
  9.500    -4.635  -0.270   0.000   0.000
  9.600    -4.075  -0.220   0.000   0.000
  9.700    -3.575  -0.179   0.000   0.000
  9.800    -3.129  -0.146   0.000   0.000
  9.900    -2.732  -0.119   0.000   0.000
 10.000    -2.381  -0.097   0.000   0.000
 10.100    -2.071  -0.079   0.000   0.000
 10.200    -1.797  -0.064   0.000   0.000
 10.300    -1.557  -0.052   0.000   0.000
 10.400    -1.346  -0.042   0.000   0.000
 10.500    -1.162  -0.034   0.000   0.000
 10.600    -1.002  -0.028   0.000   0.000
 10.700    -0.862  -0.023   0.000   0.000
 10.800    -0.741  -0.018   0.000   0.000
 10.900    -0.636  -0.015   0.000   0.000
 11.000    -0.545  -0.012   0.000   0.000
 11.100    -0.467  -0.010   0.000   0.000
 11.200    -0.400  -0.008   0.000   0.000
 11.300    -0.342  -0.006   0.000   0.000
 11.400    -0.292  -0.005   0.000   0.000
 11.500    -0.250  -0.004   0.000   0.000
 11.600    -0.213  -0.003   0.000   0.000
 11.700    -0.182  -0.003   0.000   0.000
 11.800    -0.156  -0.002   0.000   0.000
 11.900    -0.133  -0.002   0.000   0.000
 12.000    -0.114  -0.002   0.000   0.000
 12.100    -0.097  -0.001   0.000   0.000
 12.200    -0.083  -0.001   0.000   0.000
 12.300    -0.071  -0.001   0.000   0.000
 12.400    -0.061  -0.001   0.000   0.000
 12.500    -0.052  -0.001   0.000   0.000
 12.600    -0.045  -0.000   0.000   0.000
 12.700    -0.038  -0.000   0.000   0.000
 12.800    -0.033  -0.000   0.000   0.000
 12.900    -0.028  -0.000   0.000   0.000
 13.000    -0.024  -0.000   0.000   0.000
 13.100    -0.021  -0.000   0.000   0.000
 13.200    -0.018  -0.000   0.000   0.000
 13.300    -0.015  -0.000   0.000   0.000
 13.400    -0.013  -0.000   0.000   0.000
 13.500    -0.011  -0.000   0.000   0.000
 13.600    -0.010  -0.000   0.000   0.000
 13.700    -0.008  -0.000   0.000   0.000
 13.800    -0.007  -0.000   0.000   0.000
 13.900    -0.006  -0.000   0.000   0.000
 14.000    -0.005  -0.000   0.000   0.000
 14.100    -0.004  -0.000   0.000   0.000
 14.200    -0.004  -0.000   0.000   0.000
 14.300    -0.003  -0.000   0.000   0.000
 14.400    -0.003  -0.000   0.000   0.000
 14.500    -0.002  -0.000   0.000   0.000
 14.600    -0.002  -0.000   0.000   0.000
 14.700    -0.002  -0.000   0.000   0.000
 14.800    -0.001  -0.000   0.000   0.000
 14.900    -0.001  -0.000   0.000   0.000
 15.000    -0.001  -0.000   0.000   0.000
 15.100    -0.001  -0.000   0.000   0.000
 15.200    -0.001  -0.000   0.000   0.000
 15.300    -0.001  -0.000   0.000   0.000
 15.400    -0.001  -0.000   0.000   0.000
 15.500    -0.000  -0.000   0.000   0.000
 15.600    -0.000  -0.000   0.000   0.000
 15.700    -0.000  -0.000   0.000   0.000
 15.800    -0.000  -0.000   0.000   0.000
 15.900    -0.000  -0.000   0.000   0.000
 16.000    -0.000  -0.000   0.000   0.000
 16.100    -0.000  -0.000   0.000   0.000
 16.200    -0.000  -0.000   0.000   0.000
 16.300    -0.000  -0.000   0.000   0.000
 16.400    -0.000  -0.000   0.000   0.000
 16.500    -0.000  -0.000   0.000   0.000
 16.600    -0.000  -0.000   0.000   0.000
 16.700    -0.000  -0.000   0.000   0.000
 16.800    -0.000  -0.000   0.000   0.000
 16.900    -0.000  -0.000   0.000   0.000
 17.000    -0.000  -0.000   0.000   0.000
 17.100    -0.000  -0.000   0.000   0.000
 17.200    -0.000  -0.000   0.000   0.000
 17.300    -0.000  -0.000   0.000   0.000
 17.400    -0.000  -0.000   0.000   0.000
 17.500    -0.000  -0.000   0.000   0.000
 17.600    -0.000  -0.000   0.000   0.000
 17.700    -0.000  -0.000   0.000   0.000
 17.800    -0.000  -0.000   0.000   0.000
 17.900    -0.000  -0.000   0.000   0.000
 18.000    -0.000  -0.000   0.000   0.000
 18.100    -0.000  -0.000   0.000   0.000
 18.200    -0.000  -0.000   0.000   0.000
 18.300    -0.000  -0.000   0.000   0.000
 18.400    -0.000  -0.000   0.000   0.000
 18.500    -0.000  -0.000   0.000   0.000
 18.600    -0.000  -0.000   0.000   0.000
 18.700    -0.000  -0.000   0.000   0.000
 18.800    -0.000  -0.000   0.000   0.000
 18.900    -0.000  -0.000   0.000   0.000
 19.000    -0.000  -0.000   0.000   0.000
 19.100    -0.000  -0.000   0.000   0.000
 19.200    -0.000  -0.000   0.000   0.000
 19.300    -0.000  -0.000   0.000   0.000
 19.400    -0.000  -0.000   0.000   0.000
 19.500    -0.000  -0.000   0.000   0.000
 19.600    -0.000  -0.000   0.000   0.000
 19.700    -0.000  -0.000   0.000   0.000
 19.800    -0.000  -0.000   0.000   0.000
 19.900    -0.000  -0.000   0.000   0.000
 20.000    -0.000  -0.000   0.000   0.000

 ########### REACTION SUMMARY FOR E=  19.00000 ###########

 Center-of-mass energy:   18.549

 1. Total (binary) cross sections

   Reaction        = 3.66077E+02
     Compound elastic= 1.30063E-06
     Non-elastic     = 3.66077E+02
       Direct          = 1.54746E+02
       Pre-equilibrium = 1.91617E+01
       Compound non-el = 1.92170E+02

 2. Binary non-elastic cross sections (non-exclusive)

 gamma   = 5.84001E-01
 neutron = 2.10549E+02
 proton  = 8.04943E-02
 deuteron= 1.52055E-06
 triton  = 1.26074E-07
 helium-3= 4.13468E-22
 alpha   = 1.54857E+02

 3. Total particle production cross sections

 gamma   = 5.13970E+02    Multiplicity= 1.40400E+00
 neutron = 3.65199E+02    Multiplicity= 9.97600E-01
 proton  = 8.05028E-02    Multiplicity= 2.19907E-04
 deuteron= 1.52055E-06    Multiplicity= 4.15365E-09
 triton  = 1.26074E-07    Multiplicity= 3.44391E-10
 helium-3= 4.13468E-22    Multiplicity= 1.12946E-24
 alpha   = 1.54857E+02    Multiplicity= 4.23017E-01

 4. Residual production cross sections

   a. Per isotope

   Z   A  nuclide    total     level   isomeric    isomeric    lifetime
                 cross section       cross section  ratio

   69 169 (169Tm) 2.68488E-02    0    2.68488E-02  1.00000
   69 168 (168Tm) 5.70119E+01    0    5.70119E+01  1.00000
   68 168 (168Er) 8.05724E-02    0    8.05724E-02  1.00000
   69 167 (167Tm) 1.54093E+02    0    1.54093E+02  1.00000
   67 165 (165Ho) 1.54857E+02    0    1.54857E+02  1.00000
   65 161 (161Tb) 1.00000E-07    0    0.00000E+00  0.00000

   b. Per mass

   A  cross section

  169 2.68488E-02
  168 5.70925E+01
  167 1.54093E+02
  165 1.54857E+02

 Total residual production cross section:   366.0693359
 Non-elastic cross section              :   366.0769958

 ########## RESULTS FOR E=  20.00000 ##########

 Energy dependent input flags

 Width fluctuations (flagwidth)            : n
 Unresolved resonance parameters (flagurr) : n
 Preequilibrium (flagpreeq)                : y
 Multiple preequilibrium (flagmulpre)      : y
 Number of continuum excitation energy bins: 40

 +++++++++ DOUBLE FOLDING OPTICAL MODEL POTENTIAL FOR INCIDENT CHANNEL ++++++++++

           alpha    on 165Ho

  Radius     V      W       Vso     Wso

  0.100  -239.766 -10.722   0.000   0.000
  0.200  -239.751 -10.722   0.000   0.000
  0.300  -239.727 -10.722   0.000   0.000
  0.400  -239.691 -10.722   0.000   0.000
  0.500  -239.642 -10.722   0.000   0.000
  0.600  -239.580 -10.722   0.000   0.000
  0.700  -239.504 -10.722   0.000   0.000
  0.800  -239.412 -10.722   0.000   0.000
  0.900  -239.305 -10.722   0.000   0.000
  1.000  -239.180 -10.722   0.000   0.000
  1.100  -239.034 -10.722   0.000   0.000
  1.200  -238.866 -10.722   0.000   0.000
  1.300  -238.674 -10.722   0.000   0.000
  1.400  -238.454 -10.722   0.000   0.000
  1.500  -238.204 -10.722   0.000   0.000
  1.600  -237.920 -10.722   0.000   0.000
  1.700  -237.599 -10.722   0.000   0.000
  1.800  -237.236 -10.722   0.000   0.000
  1.900  -236.827 -10.722   0.000   0.000
  2.000  -236.368 -10.722   0.000   0.000
  2.100  -235.854 -10.722   0.000   0.000
  2.200  -235.278 -10.722   0.000   0.000
  2.300  -234.637 -10.722   0.000   0.000
  2.400  -233.924 -10.722   0.000   0.000
  2.500  -233.132 -10.722   0.000   0.000
  2.600  -232.257 -10.722   0.000   0.000
  2.700  -231.291 -10.723   0.000   0.000
  2.800  -230.229 -10.723   0.000   0.000
  2.900  -229.064 -10.723   0.000   0.000
  3.000  -227.789 -10.723   0.000   0.000
  3.100  -226.398 -10.724   0.000   0.000
  3.200  -224.884 -10.724   0.000   0.000
  3.300  -223.243 -10.725   0.000   0.000
  3.400  -221.468 -10.726   0.000   0.000
  3.500  -219.554 -10.726   0.000   0.000
  3.600  -217.495 -10.728   0.000   0.000
  3.700  -215.289 -10.729   0.000   0.000
  3.800  -212.931 -10.731   0.000   0.000
  3.900  -210.418 -10.733   0.000   0.000
  4.000  -207.748 -10.735   0.000   0.000
  4.100  -204.921 -10.738   0.000   0.000
  4.200  -201.935 -10.742   0.000   0.000
  4.300  -198.791 -10.746   0.000   0.000
  4.400  -195.491 -10.751   0.000   0.000
  4.500  -192.039 -10.757   0.000   0.000
  4.600  -188.436 -10.765   0.000   0.000
  4.700  -184.689 -10.774   0.000   0.000
  4.800  -180.804 -10.785   0.000   0.000
  4.900  -176.785 -10.797   0.000   0.000
  5.000  -172.641 -10.812   0.000   0.000
  5.100  -168.379 -10.829   0.000   0.000
  5.200  -164.006 -10.849   0.000   0.000
  5.300  -159.531 -10.871   0.000   0.000
  5.400  -154.960 -10.895   0.000   0.000
  5.500  -150.300 -10.920   0.000   0.000
  5.600  -145.553 -10.946   0.000   0.000
  5.700  -140.721 -10.969   0.000   0.000
  5.800  -135.800 -10.987   0.000   0.000
  5.900  -130.782 -10.995   0.000   0.000
  6.000  -125.654 -10.986   0.000   0.000
  6.100  -120.392 -10.950   0.000   0.000
  6.200  -114.971 -10.876   0.000   0.000
  6.300  -109.357 -10.750   0.000   0.000
  6.400  -103.523 -10.560   0.000   0.000
  6.500   -97.451 -10.295   0.000   0.000
  6.600   -91.148  -9.951   0.000   0.000
  6.700   -84.659  -9.536   0.000   0.000
  6.800   -78.075  -9.068   0.000   0.000
  6.900   -71.521  -8.577   0.000   0.000
  7.000   -65.145  -8.093   0.000   0.000
  7.100   -59.082  -7.641   0.000   0.000
  7.200   -53.435  -7.230   0.000   0.000
  7.300   -48.261  -6.856   0.000   0.000
  7.400   -43.576  -6.501   0.000   0.000
  7.500   -39.363  -6.146   0.000   0.000
  7.600   -35.584  -5.774   0.000   0.000
  7.700   -32.194  -5.373   0.000   0.000
  7.800   -29.146  -4.943   0.000   0.000
  7.900   -26.398  -4.490   0.000   0.000
  8.000   -23.909  -4.026   0.000   0.000
  8.100   -21.648  -3.564   0.000   0.000
  8.200   -19.586  -3.117   0.000   0.000
  8.300   -17.701  -2.696   0.000   0.000
  8.400   -15.975  -2.309   0.000   0.000
  8.500   -14.392  -1.960   0.000   0.000
  8.600   -12.942  -1.652   0.000   0.000
  8.700   -11.614  -1.383   0.000   0.000
  8.800   -10.399  -1.152   0.000   0.000
  8.900    -9.290  -0.955   0.000   0.000
  9.000    -8.280  -0.789   0.000   0.000
  9.100    -7.361  -0.650   0.000   0.000
  9.200    -6.529  -0.533   0.000   0.000
  9.300    -5.777  -0.437   0.000   0.000
  9.400    -5.099  -0.358   0.000   0.000
  9.500    -4.490  -0.292   0.000   0.000
  9.600    -3.945  -0.238   0.000   0.000
  9.700    -3.457  -0.194   0.000   0.000
  9.800    -3.024  -0.158   0.000   0.000
  9.900    -2.638  -0.129   0.000   0.000
 10.000    -2.297  -0.105   0.000   0.000
 10.100    -1.996  -0.085   0.000   0.000
 10.200    -1.731  -0.069   0.000   0.000
 10.300    -1.499  -0.056   0.000   0.000
 10.400    -1.295  -0.046   0.000   0.000
 10.500    -1.117  -0.037   0.000   0.000
 10.600    -0.962  -0.030   0.000   0.000
 10.700    -0.827  -0.025   0.000   0.000
 10.800    -0.710  -0.020   0.000   0.000
 10.900    -0.609  -0.016   0.000   0.000
 11.000    -0.522  -0.013   0.000   0.000
 11.100    -0.447  -0.011   0.000   0.000
 11.200    -0.382  -0.009   0.000   0.000
 11.300    -0.327  -0.007   0.000   0.000
 11.400    -0.279  -0.006   0.000   0.000
 11.500    -0.238  -0.005   0.000   0.000
 11.600    -0.204  -0.004   0.000   0.000
 11.700    -0.174  -0.003   0.000   0.000
 11.800    -0.148  -0.002   0.000   0.000
 11.900    -0.127  -0.002   0.000   0.000
 12.000    -0.108  -0.002   0.000   0.000
 12.100    -0.093  -0.001   0.000   0.000
 12.200    -0.079  -0.001   0.000   0.000
 12.300    -0.068  -0.001   0.000   0.000
 12.400    -0.058  -0.001   0.000   0.000
 12.500    -0.050  -0.001   0.000   0.000
 12.600    -0.043  -0.000   0.000   0.000
 12.700    -0.037  -0.000   0.000   0.000
 12.800    -0.031  -0.000   0.000   0.000
 12.900    -0.027  -0.000   0.000   0.000
 13.000    -0.023  -0.000   0.000   0.000
 13.100    -0.020  -0.000   0.000   0.000
 13.200    -0.017  -0.000   0.000   0.000
 13.300    -0.015  -0.000   0.000   0.000
 13.400    -0.013  -0.000   0.000   0.000
 13.500    -0.011  -0.000   0.000   0.000
 13.600    -0.009  -0.000   0.000   0.000
 13.700    -0.008  -0.000   0.000   0.000
 13.800    -0.007  -0.000   0.000   0.000
 13.900    -0.006  -0.000   0.000   0.000
 14.000    -0.005  -0.000   0.000   0.000
 14.100    -0.004  -0.000   0.000   0.000
 14.200    -0.004  -0.000   0.000   0.000
 14.300    -0.003  -0.000   0.000   0.000
 14.400    -0.003  -0.000   0.000   0.000
 14.500    -0.002  -0.000   0.000   0.000
 14.600    -0.002  -0.000   0.000   0.000
 14.700    -0.002  -0.000   0.000   0.000
 14.800    -0.001  -0.000   0.000   0.000
 14.900    -0.001  -0.000   0.000   0.000
 15.000    -0.001  -0.000   0.000   0.000
 15.100    -0.001  -0.000   0.000   0.000
 15.200    -0.001  -0.000   0.000   0.000
 15.300    -0.001  -0.000   0.000   0.000
 15.400    -0.000  -0.000   0.000   0.000
 15.500    -0.000  -0.000   0.000   0.000
 15.600    -0.000  -0.000   0.000   0.000
 15.700    -0.000  -0.000   0.000   0.000
 15.800    -0.000  -0.000   0.000   0.000
 15.900    -0.000  -0.000   0.000   0.000
 16.000    -0.000  -0.000   0.000   0.000
 16.100    -0.000  -0.000   0.000   0.000
 16.200    -0.000  -0.000   0.000   0.000
 16.300    -0.000  -0.000   0.000   0.000
 16.400    -0.000  -0.000   0.000   0.000
 16.500    -0.000  -0.000   0.000   0.000
 16.600    -0.000  -0.000   0.000   0.000
 16.700    -0.000  -0.000   0.000   0.000
 16.800    -0.000  -0.000   0.000   0.000
 16.900    -0.000  -0.000   0.000   0.000
 17.000    -0.000  -0.000   0.000   0.000
 17.100    -0.000  -0.000   0.000   0.000
 17.200    -0.000  -0.000   0.000   0.000
 17.300    -0.000  -0.000   0.000   0.000
 17.400    -0.000  -0.000   0.000   0.000
 17.500    -0.000  -0.000   0.000   0.000
 17.600    -0.000  -0.000   0.000   0.000
 17.700    -0.000  -0.000   0.000   0.000
 17.800    -0.000  -0.000   0.000   0.000
 17.900    -0.000  -0.000   0.000   0.000
 18.000    -0.000  -0.000   0.000   0.000
 18.100    -0.000  -0.000   0.000   0.000
 18.200    -0.000  -0.000   0.000   0.000
 18.300    -0.000  -0.000   0.000   0.000
 18.400    -0.000  -0.000   0.000   0.000
 18.500    -0.000  -0.000   0.000   0.000
 18.600    -0.000  -0.000   0.000   0.000
 18.700    -0.000  -0.000   0.000   0.000
 18.800    -0.000  -0.000   0.000   0.000
 18.900    -0.000  -0.000   0.000   0.000
 19.000    -0.000  -0.000   0.000   0.000
 19.100    -0.000  -0.000   0.000   0.000
 19.200    -0.000  -0.000   0.000   0.000
 19.300    -0.000  -0.000   0.000   0.000
 19.400    -0.000  -0.000   0.000   0.000
 19.500    -0.000  -0.000   0.000   0.000
 19.600    -0.000  -0.000   0.000   0.000
 19.700    -0.000  -0.000   0.000   0.000
 19.800    -0.000  -0.000   0.000   0.000
 19.900    -0.000  -0.000   0.000   0.000
 20.000    -0.000  -0.000   0.000   0.000

 ########### REACTION SUMMARY FOR E=  20.00000 ###########

 Center-of-mass energy:   19.525

 1. Total (binary) cross sections

   Reaction        = 4.81565E+02
     Compound elastic= 8.06278E-07
     Non-elastic     = 4.81565E+02
       Direct          = 1.53433E+02
       Pre-equilibrium = 2.61122E+01
       Compound non-el = 3.02020E+02

 2. Binary non-elastic cross sections (non-exclusive)

 gamma   = 7.84279E-01
 neutron = 3.26708E+02
 proton  = 2.11171E-01
 deuteron= 4.22609E-05
 triton  = 2.36268E-06
 helium-3= 1.59292E-17
 alpha   = 1.53857E+02

 3. Total particle production cross sections

 gamma   = 8.37267E+02    Multiplicity= 1.73864E+00
 neutron = 6.02001E+02    Multiplicity= 1.25009E+00
 proton  = 2.11300E-01    Multiplicity= 4.38778E-04
 deuteron= 4.22609E-05    Multiplicity= 8.77574E-08
 triton  = 2.36268E-06    Multiplicity= 4.90626E-09
 helium-3= 1.59292E-17    Multiplicity= 3.30779E-20
 alpha   = 1.53857E+02    Multiplicity= 3.19493E-01

 4. Residual production cross sections

   a. Per isotope

   Z   A  nuclide    total     level   isomeric    isomeric    lifetime
                 cross section       cross section  ratio

   69 169 (169Tm) 2.37846E-02    0    2.37846E-02  1.00000
   69 168 (168Tm) 5.29317E+01    0    5.29317E+01  1.00000
   68 168 (168Er) 2.10902E-01    0    2.10902E-01  1.00000
   69 167 (167Tm) 2.74532E+02    0    2.74532E+02  1.00000
   67 165 (165Ho) 1.53857E+02    0    1.53857E+02  1.00000
   65 161 (161Tb) 1.00000E-07    0    4.29775E-17  0.00000

   b. Per mass

   A  cross section

  169 2.37846E-02
  168 5.31426E+01
  167 2.74532E+02
  165 1.53857E+02

 Total residual production cross section:   481.5557556
 Non-elastic cross section              :   481.5650024

 ########## RESULTS FOR E=  22.00000 ##########

 Energy dependent input flags

 Width fluctuations (flagwidth)            : n
 Unresolved resonance parameters (flagurr) : n
 Preequilibrium (flagpreeq)                : y
 Multiple preequilibrium (flagmulpre)      : y
 Number of continuum excitation energy bins: 40

 +++++++++ DOUBLE FOLDING OPTICAL MODEL POTENTIAL FOR INCIDENT CHANNEL ++++++++++

           alpha    on 165Ho

  Radius     V      W       Vso     Wso

  0.100  -239.312 -12.558   0.000   0.000
  0.200  -239.297 -12.558   0.000   0.000
  0.300  -239.272 -12.558   0.000   0.000
  0.400  -239.236 -12.558   0.000   0.000
  0.500  -239.186 -12.558   0.000   0.000
  0.600  -239.124 -12.558   0.000   0.000
  0.700  -239.048 -12.558   0.000   0.000
  0.800  -238.955 -12.558   0.000   0.000
  0.900  -238.847 -12.558   0.000   0.000
  1.000  -238.720 -12.558   0.000   0.000
  1.100  -238.573 -12.558   0.000   0.000
  1.200  -238.403 -12.558   0.000   0.000
  1.300  -238.208 -12.558   0.000   0.000
  1.400  -237.986 -12.558   0.000   0.000
  1.500  -237.734 -12.558   0.000   0.000
  1.600  -237.447 -12.558   0.000   0.000
  1.700  -237.121 -12.559   0.000   0.000
  1.800  -236.754 -12.559   0.000   0.000
  1.900  -236.341 -12.559   0.000   0.000
  2.000  -235.876 -12.559   0.000   0.000
  2.100  -235.355 -12.559   0.000   0.000
  2.200  -234.773 -12.559   0.000   0.000
  2.300  -234.123 -12.559   0.000   0.000
  2.400  -233.401 -12.559   0.000   0.000
  2.500  -232.599 -12.559   0.000   0.000
  2.600  -231.713 -12.559   0.000   0.000
  2.700  -230.734 -12.559   0.000   0.000
  2.800  -229.658 -12.560   0.000   0.000
  2.900  -228.477 -12.560   0.000   0.000
  3.000  -227.186 -12.560   0.000   0.000
  3.100  -225.776 -12.561   0.000   0.000
  3.200  -224.244 -12.561   0.000   0.000
  3.300  -222.581 -12.562   0.000   0.000
  3.400  -220.783 -12.563   0.000   0.000
  3.500  -218.845 -12.564   0.000   0.000
  3.600  -216.761 -12.565   0.000   0.000
  3.700  -214.528 -12.567   0.000   0.000
  3.800  -212.141 -12.569   0.000   0.000
  3.900  -209.598 -12.571   0.000   0.000
  4.000  -206.898 -12.574   0.000   0.000
  4.100  -204.038 -12.577   0.000   0.000
  4.200  -201.019 -12.581   0.000   0.000
  4.300  -197.842 -12.586   0.000   0.000
  4.400  -194.508 -12.592   0.000   0.000
  4.500  -191.021 -12.600   0.000   0.000
  4.600  -187.384 -12.608   0.000   0.000
  4.700  -183.603 -12.619   0.000   0.000
  4.800  -179.683 -12.631   0.000   0.000
  4.900  -175.631 -12.646   0.000   0.000
  5.000  -171.454 -12.662   0.000   0.000
  5.100  -167.161 -12.682   0.000   0.000
  5.200  -162.759 -12.705   0.000   0.000
  5.300  -158.255 -12.730   0.000   0.000
  5.400  -153.659 -12.757   0.000   0.000
  5.500  -148.974 -12.786   0.000   0.000
  5.600  -144.206 -12.814   0.000   0.000
  5.700  -139.355 -12.840   0.000   0.000
  5.800  -134.419 -12.860   0.000   0.000
  5.900  -129.390 -12.867   0.000   0.000
  6.000  -124.254 -12.853   0.000   0.000
  6.100  -118.989 -12.808   0.000   0.000
  6.200  -113.568 -12.718   0.000   0.000
  6.300  -107.962 -12.567   0.000   0.000
  6.400  -102.140 -12.340   0.000   0.000
  6.500   -96.086 -12.024   0.000   0.000
  6.600   -89.807 -11.616   0.000   0.000
  6.700   -83.349 -11.123   0.000   0.000
  6.800   -76.799 -10.568   0.000   0.000
  6.900   -70.284  -9.986   0.000   0.000
  7.000   -63.949  -9.413   0.000   0.000
  7.100   -57.928  -8.877   0.000   0.000
  7.200   -52.324  -8.391   0.000   0.000
  7.300   -47.193  -7.948   0.000   0.000
  7.400   -42.552  -7.531   0.000   0.000
  7.500   -38.382  -7.114   0.000   0.000
  7.600   -34.649  -6.679   0.000   0.000
  7.700   -31.305  -6.213   0.000   0.000
  7.800   -28.305  -5.714   0.000   0.000
  7.900   -25.605  -5.189   0.000   0.000
  8.000   -23.165  -4.651   0.000   0.000
  8.100   -20.952  -4.116   0.000   0.000
  8.200   -18.938  -3.600   0.000   0.000
  8.300   -17.099  -3.113   0.000   0.000
  8.400   -15.418  -2.666   0.000   0.000
  8.500   -13.879  -2.264   0.000   0.000
  8.600   -12.470  -1.908   0.000   0.000
  8.700   -11.180  -1.597   0.000   0.000
  8.800   -10.002  -1.330   0.000   0.000
  8.900    -8.928  -1.103   0.000   0.000
  9.000    -7.949  -0.911   0.000   0.000
  9.100    -7.061  -0.750   0.000   0.000
  9.200    -6.257  -0.616   0.000   0.000
  9.300    -5.531  -0.505   0.000   0.000
  9.400    -4.877  -0.413   0.000   0.000
  9.500    -4.290  -0.337   0.000   0.000
  9.600    -3.765  -0.275   0.000   0.000
  9.700    -3.297  -0.224   0.000   0.000
  9.800    -2.880  -0.183   0.000   0.000
  9.900    -2.510  -0.149   0.000   0.000
 10.000    -2.184  -0.121   0.000   0.000
 10.100    -1.895  -0.098   0.000   0.000
 10.200    -1.642  -0.080   0.000   0.000
 10.300    -1.420  -0.065   0.000   0.000
 10.400    -1.226  -0.053   0.000   0.000
 10.500    -1.056  -0.043   0.000   0.000
 10.600    -0.909  -0.035   0.000   0.000
 10.700    -0.781  -0.028   0.000   0.000
 10.800    -0.670  -0.023   0.000   0.000
 10.900    -0.574  -0.019   0.000   0.000
 11.000    -0.491  -0.015   0.000   0.000
 11.100    -0.420  -0.012   0.000   0.000
 11.200    -0.359  -0.010   0.000   0.000
 11.300    -0.307  -0.008   0.000   0.000
 11.400    -0.262  -0.007   0.000   0.000
 11.500    -0.224  -0.005   0.000   0.000
 11.600    -0.191  -0.004   0.000   0.000
 11.700    -0.163  -0.004   0.000   0.000
 11.800    -0.139  -0.003   0.000   0.000
 11.900    -0.119  -0.002   0.000   0.000
 12.000    -0.101  -0.002   0.000   0.000
 12.100    -0.087  -0.002   0.000   0.000
 12.200    -0.074  -0.001   0.000   0.000
 12.300    -0.063  -0.001   0.000   0.000
 12.400    -0.054  -0.001   0.000   0.000
 12.500    -0.046  -0.001   0.000   0.000
 12.600    -0.040  -0.001   0.000   0.000
 12.700    -0.034  -0.000   0.000   0.000
 12.800    -0.029  -0.000   0.000   0.000
 12.900    -0.025  -0.000   0.000   0.000
 13.000    -0.022  -0.000   0.000   0.000
 13.100    -0.019  -0.000   0.000   0.000
 13.200    -0.016  -0.000   0.000   0.000
 13.300    -0.014  -0.000   0.000   0.000
 13.400    -0.012  -0.000   0.000   0.000
 13.500    -0.010  -0.000   0.000   0.000
 13.600    -0.009  -0.000   0.000   0.000
 13.700    -0.007  -0.000   0.000   0.000
 13.800    -0.006  -0.000   0.000   0.000
 13.900    -0.005  -0.000   0.000   0.000
 14.000    -0.005  -0.000   0.000   0.000
 14.100    -0.004  -0.000   0.000   0.000
 14.200    -0.003  -0.000   0.000   0.000
 14.300    -0.003  -0.000   0.000   0.000
 14.400    -0.002  -0.000   0.000   0.000
 14.500    -0.002  -0.000   0.000   0.000
 14.600    -0.002  -0.000   0.000   0.000
 14.700    -0.001  -0.000   0.000   0.000
 14.800    -0.001  -0.000   0.000   0.000
 14.900    -0.001  -0.000   0.000   0.000
 15.000    -0.001  -0.000   0.000   0.000
 15.100    -0.001  -0.000   0.000   0.000
 15.200    -0.001  -0.000   0.000   0.000
 15.300    -0.001  -0.000   0.000   0.000
 15.400    -0.000  -0.000   0.000   0.000
 15.500    -0.000  -0.000   0.000   0.000
 15.600    -0.000  -0.000   0.000   0.000
 15.700    -0.000  -0.000   0.000   0.000
 15.800    -0.000  -0.000   0.000   0.000
 15.900    -0.000  -0.000   0.000   0.000
 16.000    -0.000  -0.000   0.000   0.000
 16.100    -0.000  -0.000   0.000   0.000
 16.200    -0.000  -0.000   0.000   0.000
 16.300    -0.000  -0.000   0.000   0.000
 16.400    -0.000  -0.000   0.000   0.000
 16.500    -0.000  -0.000   0.000   0.000
 16.600    -0.000  -0.000   0.000   0.000
 16.700    -0.000  -0.000   0.000   0.000
 16.800    -0.000  -0.000   0.000   0.000
 16.900    -0.000  -0.000   0.000   0.000
 17.000    -0.000  -0.000   0.000   0.000
 17.100    -0.000  -0.000   0.000   0.000
 17.200    -0.000  -0.000   0.000   0.000
 17.300    -0.000  -0.000   0.000   0.000
 17.400    -0.000  -0.000   0.000   0.000
 17.500    -0.000  -0.000   0.000   0.000
 17.600    -0.000  -0.000   0.000   0.000
 17.700    -0.000  -0.000   0.000   0.000
 17.800    -0.000  -0.000   0.000   0.000
 17.900    -0.000  -0.000   0.000   0.000
 18.000    -0.000  -0.000   0.000   0.000
 18.100    -0.000  -0.000   0.000   0.000
 18.200    -0.000  -0.000   0.000   0.000
 18.300    -0.000  -0.000   0.000   0.000
 18.400    -0.000  -0.000   0.000   0.000
 18.500    -0.000  -0.000   0.000   0.000
 18.600    -0.000  -0.000   0.000   0.000
 18.700    -0.000  -0.000   0.000   0.000
 18.800    -0.000  -0.000   0.000   0.000
 18.900    -0.000  -0.000   0.000   0.000
 19.000    -0.000  -0.000   0.000   0.000
 19.100    -0.000  -0.000   0.000   0.000
 19.200    -0.000  -0.000   0.000   0.000
 19.300    -0.000  -0.000   0.000   0.000
 19.400    -0.000  -0.000   0.000   0.000
 19.500    -0.000  -0.000   0.000   0.000
 19.600    -0.000  -0.000   0.000   0.000
 19.700    -0.000  -0.000   0.000   0.000
 19.800    -0.000  -0.000   0.000   0.000
 19.900    -0.000  -0.000   0.000   0.000
 20.000    -0.000  -0.000   0.000   0.000

 ########### REACTION SUMMARY FOR E=  22.00000 ###########

 Center-of-mass energy:   21.477

 1. Total (binary) cross sections

   Reaction        = 7.12677E+02
     Compound elastic= 2.44860E-07
     Non-elastic     = 7.12677E+02
       Direct          = 1.43111E+02
       Pre-equilibrium = 4.38190E+01
       Compound non-el = 5.25747E+02

 2. Binary non-elastic cross sections (non-exclusive)

 gamma   = 1.07667E+00
 neutron = 5.64090E+02
 proton  = 8.39902E-01
 deuteron= 4.10807E-03
 triton  = 5.65529E-04
 helium-3= 6.68476E-13
 alpha   = 1.46663E+02

 3. Total particle production cross sections

 gamma   = 1.73915E+03    Multiplicity= 2.44030E+00
 neutron = 1.09011E+03    Multiplicity= 1.52960E+00
 proton  = 8.42251E-01    Multiplicity= 1.18181E-03
 deuteron= 4.10807E-03    Multiplicity= 5.76428E-06
 triton  = 5.65529E-04    Multiplicity= 7.93528E-07
 helium-3= 6.68476E-13    Multiplicity= 9.37980E-16
 alpha   = 1.46663E+02    Multiplicity= 2.05791E-01

 4. Residual production cross sections

   a. Per isotope

   Z   A  nuclide    total     level   isomeric    isomeric    lifetime
                 cross section       cross section  ratio

   69 169 (169Tm) 1.13546E-02    0    1.13546E-02  1.00000
   69 168 (168Tm) 4.02144E+01    0    4.02144E+01  1.00000
   68 168 (168Er) 8.13614E-01    0    8.13614E-01  1.00000
   69 167 (167Tm) 5.24921E+02    0    5.24921E+02  1.00000
   68 167 (167Er) 3.33078E-02    0    2.63600E-02  0.79140
                                 3    6.94786E-03  0.20860   2.26900E+00 sec. 
   67 165 (165Ho) 1.46663E+02    0    1.46663E+02  1.00000
   67 164 (164Ho) 4.24928E-03    0    3.23934E-03  0.76233
                                 3    1.00993E-03  0.23767   2.19600E+03 sec. 
   65 161 (161Tb) 1.00000E-07    0    2.34714E-14  0.00000

   b. Per mass

   A  cross section

  169 1.13546E-02
  168 4.10280E+01
  167 5.24955E+02
  165 1.46663E+02
  164 4.24928E-03

 Total residual production cross section:   712.6614990
 Non-elastic cross section              :   712.6770020

 ########## RESULTS FOR E=  24.00000 ##########

 Energy dependent input flags

 Width fluctuations (flagwidth)            : n
 Unresolved resonance parameters (flagurr) : n
 Preequilibrium (flagpreeq)                : y
 Multiple preequilibrium (flagmulpre)      : y
 Number of continuum excitation energy bins: 40

 +++++++++ DOUBLE FOLDING OPTICAL MODEL POTENTIAL FOR INCIDENT CHANNEL ++++++++++

           alpha    on 165Ho

  Radius     V      W       Vso     Wso

  0.100  -239.071 -14.410   0.000   0.000
  0.200  -239.056 -14.410   0.000   0.000
  0.300  -239.031 -14.410   0.000   0.000
  0.400  -238.994 -14.410   0.000   0.000
  0.500  -238.944 -14.410   0.000   0.000
  0.600  -238.881 -14.410   0.000   0.000
  0.700  -238.805 -14.410   0.000   0.000
  0.800  -238.712 -14.410   0.000   0.000
  0.900  -238.603 -14.410   0.000   0.000
  1.000  -238.475 -14.410   0.000   0.000
  1.100  -238.327 -14.410   0.000   0.000
  1.200  -238.157 -14.410   0.000   0.000
  1.300  -237.961 -14.410   0.000   0.000
  1.400  -237.737 -14.410   0.000   0.000
  1.500  -237.484 -14.410   0.000   0.000
  1.600  -237.195 -14.410   0.000   0.000
  1.700  -236.868 -14.410   0.000   0.000
  1.800  -236.499 -14.410   0.000   0.000
  1.900  -236.083 -14.410   0.000   0.000
  2.000  -235.616 -14.410   0.000   0.000
  2.100  -235.092 -14.410   0.000   0.000
  2.200  -234.506 -14.410   0.000   0.000
  2.300  -233.853 -14.410   0.000   0.000
  2.400  -233.126 -14.410   0.000   0.000
  2.500  -232.320 -14.410   0.000   0.000
  2.600  -231.428 -14.411   0.000   0.000
  2.700  -230.443 -14.411   0.000   0.000
  2.800  -229.361 -14.411   0.000   0.000
  2.900  -228.173 -14.411   0.000   0.000
  3.000  -226.873 -14.412   0.000   0.000
  3.100  -225.456 -14.412   0.000   0.000
  3.200  -223.914 -14.413   0.000   0.000
  3.300  -222.242 -14.414   0.000   0.000
  3.400  -220.434 -14.415   0.000   0.000
  3.500  -218.484 -14.416   0.000   0.000
  3.600  -216.389 -14.417   0.000   0.000
  3.700  -214.143 -14.419   0.000   0.000
  3.800  -211.743 -14.421   0.000   0.000
  3.900  -209.188 -14.424   0.000   0.000
  4.000  -206.473 -14.427   0.000   0.000
  4.100  -203.600 -14.431   0.000   0.000
  4.200  -200.566 -14.435   0.000   0.000
  4.300  -197.374 -14.441   0.000   0.000
  4.400  -194.026 -14.448   0.000   0.000
  4.500  -190.524 -14.456   0.000   0.000
  4.600  -186.872 -14.466   0.000   0.000
  4.700  -183.076 -14.478   0.000   0.000
  4.800  -179.142 -14.491   0.000   0.000
  4.900  -175.076 -14.508   0.000   0.000
  5.000  -170.886 -14.527   0.000   0.000
  5.100  -166.580 -14.549   0.000   0.000
  5.200  -162.166 -14.574   0.000   0.000
  5.300  -157.651 -14.602   0.000   0.000
  5.400  -153.043 -14.633   0.000   0.000
  5.500  -148.349 -14.665   0.000   0.000
  5.600  -143.572 -14.696   0.000   0.000
  5.700  -138.713 -14.724   0.000   0.000
  5.800  -133.769 -14.745   0.000   0.000
  5.900  -128.733 -14.751   0.000   0.000
  6.000  -123.590 -14.732   0.000   0.000
  6.100  -118.319 -14.677   0.000   0.000
  6.200  -112.893 -14.570   0.000   0.000
  6.300  -107.282 -14.392   0.000   0.000
  6.400  -101.456 -14.126   0.000   0.000
  6.500   -95.398 -13.758   0.000   0.000
  6.600   -89.115 -13.283   0.000   0.000
  6.700   -82.654 -12.710   0.000   0.000
  6.800   -76.102 -12.066   0.000   0.000
  6.900   -69.586 -11.391   0.000   0.000
  7.000   -63.252 -10.726   0.000   0.000
  7.100   -57.233 -10.104   0.000   0.000
  7.200   -51.634  -9.540   0.000   0.000
  7.300   -46.512  -9.028   0.000   0.000
  7.400   -41.884  -8.546   0.000   0.000
  7.500   -37.733  -8.068   0.000   0.000
  7.600   -34.022  -7.570   0.000   0.000
  7.700   -30.707  -7.038   0.000   0.000
  7.800   -27.739  -6.470   0.000   0.000
  7.900   -25.074  -5.874   0.000   0.000
  8.000   -22.671  -5.264   0.000   0.000
  8.100   -20.496  -4.658   0.000   0.000
  8.200   -18.519  -4.073   0.000   0.000
  8.300   -16.717  -3.522   0.000   0.000
  8.400   -15.070  -3.016   0.000   0.000
  8.500   -13.564  -2.561   0.000   0.000
  8.600   -12.185  -2.158   0.000   0.000
  8.700   -10.924  -1.807   0.000   0.000
  8.800    -9.772  -1.505   0.000   0.000
  8.900    -8.721  -1.247   0.000   0.000
  9.000    -7.764  -1.030   0.000   0.000
  9.100    -6.895  -0.848   0.000   0.000
  9.200    -6.109  -0.696   0.000   0.000
  9.300    -5.398  -0.571   0.000   0.000
  9.400    -4.759  -0.467   0.000   0.000
  9.500    -4.185  -0.381   0.000   0.000
  9.600    -3.672  -0.311   0.000   0.000
  9.700    -3.214  -0.254   0.000   0.000
  9.800    -2.807  -0.207   0.000   0.000
  9.900    -2.446  -0.168   0.000   0.000
 10.000    -2.126  -0.137   0.000   0.000
 10.100    -1.845  -0.111   0.000   0.000
 10.200    -1.598  -0.090   0.000   0.000
 10.300    -1.381  -0.073   0.000   0.000
 10.400    -1.192  -0.060   0.000   0.000
 10.500    -1.026  -0.049   0.000   0.000
 10.600    -0.883  -0.039   0.000   0.000
 10.700    -0.758  -0.032   0.000   0.000
 10.800    -0.650  -0.026   0.000   0.000
 10.900    -0.557  -0.021   0.000   0.000
 11.000    -0.477  -0.017   0.000   0.000
 11.100    -0.408  -0.014   0.000   0.000
 11.200    -0.348  -0.011   0.000   0.000
 11.300    -0.297  -0.009   0.000   0.000
 11.400    -0.254  -0.007   0.000   0.000
 11.500    -0.217  -0.006   0.000   0.000
 11.600    -0.185  -0.005   0.000   0.000
 11.700    -0.158  -0.004   0.000   0.000
 11.800    -0.135  -0.003   0.000   0.000
 11.900    -0.115  -0.003   0.000   0.000
 12.000    -0.098  -0.002   0.000   0.000
 12.100    -0.084  -0.002   0.000   0.000
 12.200    -0.072  -0.001   0.000   0.000
 12.300    -0.061  -0.001   0.000   0.000
 12.400    -0.052  -0.001   0.000   0.000
 12.500    -0.045  -0.001   0.000   0.000
 12.600    -0.039  -0.001   0.000   0.000
 12.700    -0.033  -0.000   0.000   0.000
 12.800    -0.028  -0.000   0.000   0.000
 12.900    -0.024  -0.000   0.000   0.000
 13.000    -0.021  -0.000   0.000   0.000
 13.100    -0.018  -0.000   0.000   0.000
 13.200    -0.015  -0.000   0.000   0.000
 13.300    -0.013  -0.000   0.000   0.000
 13.400    -0.011  -0.000   0.000   0.000
 13.500    -0.010  -0.000   0.000   0.000
 13.600    -0.008  -0.000   0.000   0.000
 13.700    -0.007  -0.000   0.000   0.000
 13.800    -0.006  -0.000   0.000   0.000
 13.900    -0.005  -0.000   0.000   0.000
 14.000    -0.004  -0.000   0.000   0.000
 14.100    -0.004  -0.000   0.000   0.000
 14.200    -0.003  -0.000   0.000   0.000
 14.300    -0.003  -0.000   0.000   0.000
 14.400    -0.002  -0.000   0.000   0.000
 14.500    -0.002  -0.000   0.000   0.000
 14.600    -0.002  -0.000   0.000   0.000
 14.700    -0.001  -0.000   0.000   0.000
 14.800    -0.001  -0.000   0.000   0.000
 14.900    -0.001  -0.000   0.000   0.000
 15.000    -0.001  -0.000   0.000   0.000
 15.100    -0.001  -0.000   0.000   0.000
 15.200    -0.001  -0.000   0.000   0.000
 15.300    -0.000  -0.000   0.000   0.000
 15.400    -0.000  -0.000   0.000   0.000
 15.500    -0.000  -0.000   0.000   0.000
 15.600    -0.000  -0.000   0.000   0.000
 15.700    -0.000  -0.000   0.000   0.000
 15.800    -0.000  -0.000   0.000   0.000
 15.900    -0.000  -0.000   0.000   0.000
 16.000    -0.000  -0.000   0.000   0.000
 16.100    -0.000  -0.000   0.000   0.000
 16.200    -0.000  -0.000   0.000   0.000
 16.300    -0.000  -0.000   0.000   0.000
 16.400    -0.000  -0.000   0.000   0.000
 16.500    -0.000  -0.000   0.000   0.000
 16.600    -0.000  -0.000   0.000   0.000
 16.700    -0.000  -0.000   0.000   0.000
 16.800    -0.000  -0.000   0.000   0.000
 16.900    -0.000  -0.000   0.000   0.000
 17.000    -0.000  -0.000   0.000   0.000
 17.100    -0.000  -0.000   0.000   0.000
 17.200    -0.000  -0.000   0.000   0.000
 17.300    -0.000  -0.000   0.000   0.000
 17.400    -0.000  -0.000   0.000   0.000
 17.500    -0.000  -0.000   0.000   0.000
 17.600    -0.000  -0.000   0.000   0.000
 17.700    -0.000  -0.000   0.000   0.000
 17.800    -0.000  -0.000   0.000   0.000
 17.900    -0.000  -0.000   0.000   0.000
 18.000    -0.000  -0.000   0.000   0.000
 18.100    -0.000  -0.000   0.000   0.000
 18.200    -0.000  -0.000   0.000   0.000
 18.300    -0.000  -0.000   0.000   0.000
 18.400    -0.000  -0.000   0.000   0.000
 18.500    -0.000  -0.000   0.000   0.000
 18.600    -0.000  -0.000   0.000   0.000
 18.700    -0.000  -0.000   0.000   0.000
 18.800    -0.000  -0.000   0.000   0.000
 18.900    -0.000  -0.000   0.000   0.000
 19.000    -0.000  -0.000   0.000   0.000
 19.100    -0.000  -0.000   0.000   0.000
 19.200    -0.000  -0.000   0.000   0.000
 19.300    -0.000  -0.000   0.000   0.000
 19.400    -0.000  -0.000   0.000   0.000
 19.500    -0.000  -0.000   0.000   0.000
 19.600    -0.000  -0.000   0.000   0.000
 19.700    -0.000  -0.000   0.000   0.000
 19.800    -0.000  -0.000   0.000   0.000
 19.900    -0.000  -0.000   0.000   0.000
 20.000    -0.000  -0.000   0.000   0.000

 ########### REACTION SUMMARY FOR E=  24.00000 ###########

 Center-of-mass energy:   23.430

 1. Total (binary) cross sections

   Reaction        = 9.14899E+02
     Compound elastic= 1.22726E-07
     Non-elastic     = 9.14899E+02
       Direct          = 1.31989E+02
       Pre-equilibrium = 7.55570E+01
       Compound non-el = 7.07353E+02

 2. Binary non-elastic cross sections (non-exclusive)

 gamma   = 1.22730E+00
 neutron = 7.60836E+02
 proton  = 2.18850E+00
 deuteron= 5.45789E-02
 triton  = 3.43215E-02
 helium-3= 3.62387E-09
 alpha   = 1.50557E+02

 3. Total particle production cross sections

 gamma   = 2.83299E+03    Multiplicity= 3.09651E+00
 neutron = 1.49522E+03    Multiplicity= 1.63430E+00
 proton  = 2.19594E+00    Multiplicity= 2.40020E-03
 deuteron= 5.45789E-02    Multiplicity= 5.96556E-05
 triton  = 3.43215E-02    Multiplicity= 3.75140E-05
 helium-3= 3.62387E-09    Multiplicity= 3.96095E-12
 alpha   = 1.50558E+02    Multiplicity= 1.64562E-01

 4. Residual production cross sections

   a. Per isotope

   Z   A  nuclide    total     level   isomeric    isomeric    lifetime
                 cross section       cross section  ratio

   69 169 (169Tm) 4.32663E-03    0    4.32663E-03  1.00000
   69 168 (168Tm) 2.93590E+01    0    2.93590E+01  1.00000
   68 168 (168Er) 1.84089E+00    0    1.84089E+00  1.00000
   69 167 (167Tm) 7.32656E+02    0    7.32656E+02  1.00000
   68 167 (167Er) 4.10542E-01    0    3.09385E-01  0.75360
                                 3    1.01157E-01  0.24640   2.26900E+00 sec. 
   68 166 (166Er) 3.43694E-02    0    3.43694E-02  1.00000
   67 165 (165Ho) 1.50422E+02    0    1.50422E+02  1.00000
   67 164 (164Ho) 1.53257E-01    0    1.20144E-01  0.78394
                                 3    3.31128E-02  0.21606   2.19600E+03 sec. 
   65 161 (161Tb) 1.00000E-07    0    1.99392E-12  0.00000

   b. Per mass

   A  cross section

  169 4.32663E-03
  168 3.11999E+01
  167 7.33067E+02
  166 3.43694E-02
  165 1.50422E+02
  164 1.53257E-01

 Total residual production cross section:   914.8803101
 Non-elastic cross section              :   914.8989868

 ########## RESULTS FOR E=  26.00000 ##########

 Energy dependent input flags

 Width fluctuations (flagwidth)            : n
 Unresolved resonance parameters (flagurr) : n
 Preequilibrium (flagpreeq)                : y
 Multiple preequilibrium (flagmulpre)      : y
 Number of continuum excitation energy bins: 40

 +++++++++ DOUBLE FOLDING OPTICAL MODEL POTENTIAL FOR INCIDENT CHANNEL ++++++++++

           alpha    on 165Ho

  Radius     V      W       Vso     Wso

  0.100  -239.025 -16.203   0.000   0.000
  0.200  -239.010 -16.203   0.000   0.000
  0.300  -238.985 -16.203   0.000   0.000
  0.400  -238.949 -16.203   0.000   0.000
  0.500  -238.898 -16.203   0.000   0.000
  0.600  -238.835 -16.203   0.000   0.000
  0.700  -238.758 -16.203   0.000   0.000
  0.800  -238.665 -16.203   0.000   0.000
  0.900  -238.556 -16.203   0.000   0.000
  1.000  -238.428 -16.203   0.000   0.000
  1.100  -238.280 -16.203   0.000   0.000
  1.200  -238.109 -16.203   0.000   0.000
  1.300  -237.913 -16.203   0.000   0.000
  1.400  -237.689 -16.203   0.000   0.000
  1.500  -237.434 -16.203   0.000   0.000
  1.600  -237.145 -16.203   0.000   0.000
  1.700  -236.817 -16.204   0.000   0.000
  1.800  -236.447 -16.204   0.000   0.000
  1.900  -236.031 -16.204   0.000   0.000
  2.000  -235.563 -16.204   0.000   0.000
  2.100  -235.038 -16.204   0.000   0.000
  2.200  -234.451 -16.204   0.000   0.000
  2.300  -233.796 -16.204   0.000   0.000
  2.400  -233.068 -16.204   0.000   0.000
  2.500  -232.260 -16.204   0.000   0.000
  2.600  -231.366 -16.204   0.000   0.000
  2.700  -230.380 -16.205   0.000   0.000
  2.800  -229.295 -16.205   0.000   0.000
  2.900  -228.105 -16.205   0.000   0.000
  3.000  -226.802 -16.206   0.000   0.000
  3.100  -225.382 -16.206   0.000   0.000
  3.200  -223.837 -16.207   0.000   0.000
  3.300  -222.162 -16.208   0.000   0.000
  3.400  -220.351 -16.209   0.000   0.000
  3.500  -218.398 -16.210   0.000   0.000
  3.600  -216.299 -16.212   0.000   0.000
  3.700  -214.050 -16.214   0.000   0.000
  3.800  -211.646 -16.216   0.000   0.000
  3.900  -209.087 -16.219   0.000   0.000
  4.000  -206.369 -16.223   0.000   0.000
  4.100  -203.491 -16.227   0.000   0.000
  4.200  -200.454 -16.232   0.000   0.000
  4.300  -197.259 -16.238   0.000   0.000
  4.400  -193.907 -16.246   0.000   0.000
  4.500  -190.401 -16.255   0.000   0.000
  4.600  -186.747 -16.266   0.000   0.000
  4.700  -182.948 -16.279   0.000   0.000
  4.800  -179.011 -16.294   0.000   0.000
  4.900  -174.942 -16.312   0.000   0.000
  5.000  -170.750 -16.333   0.000   0.000
  5.100  -166.441 -16.357   0.000   0.000
  5.200  -162.024 -16.385   0.000   0.000
  5.300  -157.507 -16.415   0.000   0.000
  5.400  -152.898 -16.449   0.000   0.000
  5.500  -148.201 -16.483   0.000   0.000
  5.600  -143.420 -16.518   0.000   0.000
  5.700  -138.557 -16.548   0.000   0.000
  5.800  -133.609 -16.568   0.000   0.000
  5.900  -128.566 -16.572   0.000   0.000
  6.000  -123.415 -16.549   0.000   0.000
  6.100  -118.134 -16.483   0.000   0.000
  6.200  -112.695 -16.358   0.000   0.000
  6.300  -107.067 -16.153   0.000   0.000
  6.400  -101.220 -15.849   0.000   0.000
  6.500   -95.137 -15.428   0.000   0.000
  6.600   -88.826 -14.886   0.000   0.000
  6.700   -82.332 -14.235   0.000   0.000
  6.800   -75.745 -13.503   0.000   0.000
  6.900   -69.193 -12.735   0.000   0.000
  7.000   -62.823 -11.978   0.000   0.000
  7.100   -56.773 -11.272   0.000   0.000
  7.200   -51.148 -10.631   0.000   0.000
  7.300   -46.008 -10.050   0.000   0.000
  7.400   -41.370  -9.505   0.000   0.000
  7.500   -37.219  -8.966   0.000   0.000
  7.600   -33.518  -8.408   0.000   0.000
  7.700   -30.220  -7.814   0.000   0.000
  7.800   -27.276  -7.181   0.000   0.000
  7.900   -24.641  -6.517   0.000   0.000
  8.000   -22.272  -5.840   0.000   0.000
  8.100   -20.132  -5.167   0.000   0.000
  8.200   -18.190  -4.517   0.000   0.000
  8.300   -16.423  -3.906   0.000   0.000
  8.400   -14.809  -3.344   0.000   0.000
  8.500   -13.334  -2.839   0.000   0.000
  8.600   -11.983  -2.392   0.000   0.000
  8.700   -10.747  -2.003   0.000   0.000
  8.800    -9.617  -1.668   0.000   0.000
  8.900    -8.586  -1.383   0.000   0.000
  9.000    -7.646  -1.142   0.000   0.000
  9.100    -6.793  -0.940   0.000   0.000
  9.200    -6.019  -0.772   0.000   0.000
  9.300    -5.321  -0.633   0.000   0.000
  9.400    -4.691  -0.517   0.000   0.000
  9.500    -4.126  -0.423   0.000   0.000
  9.600    -3.621  -0.345   0.000   0.000
  9.700    -3.170  -0.281   0.000   0.000
  9.800    -2.768  -0.229   0.000   0.000
  9.900    -2.412  -0.186   0.000   0.000
 10.000    -2.097  -0.152   0.000   0.000
 10.100    -1.820  -0.123   0.000   0.000
 10.200    -1.576  -0.100   0.000   0.000
 10.300    -1.362  -0.081   0.000   0.000
 10.400    -1.175  -0.066   0.000   0.000
 10.500    -1.012  -0.054   0.000   0.000
 10.600    -0.871  -0.044   0.000   0.000
 10.700    -0.748  -0.035   0.000   0.000
 10.800    -0.641  -0.029   0.000   0.000
 10.900    -0.549  -0.023   0.000   0.000
 11.000    -0.470  -0.019   0.000   0.000
 11.100    -0.402  -0.015   0.000   0.000
 11.200    -0.343  -0.013   0.000   0.000
 11.300    -0.293  -0.010   0.000   0.000
 11.400    -0.250  -0.008   0.000   0.000
 11.500    -0.213  -0.007   0.000   0.000
 11.600    -0.182  -0.005   0.000   0.000
 11.700    -0.155  -0.004   0.000   0.000
 11.800    -0.133  -0.004   0.000   0.000
 11.900    -0.113  -0.003   0.000   0.000
 12.000    -0.097  -0.002   0.000   0.000
 12.100    -0.083  -0.002   0.000   0.000
 12.200    -0.071  -0.002   0.000   0.000
 12.300    -0.060  -0.001   0.000   0.000
 12.400    -0.052  -0.001   0.000   0.000
 12.500    -0.044  -0.001   0.000   0.000
 12.600    -0.038  -0.001   0.000   0.000
 12.700    -0.033  -0.001   0.000   0.000
 12.800    -0.028  -0.000   0.000   0.000
 12.900    -0.024  -0.000   0.000   0.000
 13.000    -0.021  -0.000   0.000   0.000
 13.100    -0.018  -0.000   0.000   0.000
 13.200    -0.015  -0.000   0.000   0.000
 13.300    -0.013  -0.000   0.000   0.000
 13.400    -0.011  -0.000   0.000   0.000
 13.500    -0.010  -0.000   0.000   0.000
 13.600    -0.008  -0.000   0.000   0.000
 13.700    -0.007  -0.000   0.000   0.000
 13.800    -0.006  -0.000   0.000   0.000
 13.900    -0.005  -0.000   0.000   0.000
 14.000    -0.004  -0.000   0.000   0.000
 14.100    -0.004  -0.000   0.000   0.000
 14.200    -0.003  -0.000   0.000   0.000
 14.300    -0.003  -0.000   0.000   0.000
 14.400    -0.002  -0.000   0.000   0.000
 14.500    -0.002  -0.000   0.000   0.000
 14.600    -0.002  -0.000   0.000   0.000
 14.700    -0.001  -0.000   0.000   0.000
 14.800    -0.001  -0.000   0.000   0.000
 14.900    -0.001  -0.000   0.000   0.000
 15.000    -0.001  -0.000   0.000   0.000
 15.100    -0.001  -0.000   0.000   0.000
 15.200    -0.001  -0.000   0.000   0.000
 15.300    -0.000  -0.000   0.000   0.000
 15.400    -0.000  -0.000   0.000   0.000
 15.500    -0.000  -0.000   0.000   0.000
 15.600    -0.000  -0.000   0.000   0.000
 15.700    -0.000  -0.000   0.000   0.000
 15.800    -0.000  -0.000   0.000   0.000
 15.900    -0.000  -0.000   0.000   0.000
 16.000    -0.000  -0.000   0.000   0.000
 16.100    -0.000  -0.000   0.000   0.000
 16.200    -0.000  -0.000   0.000   0.000
 16.300    -0.000  -0.000   0.000   0.000
 16.400    -0.000  -0.000   0.000   0.000
 16.500    -0.000  -0.000   0.000   0.000
 16.600    -0.000  -0.000   0.000   0.000
 16.700    -0.000  -0.000   0.000   0.000
 16.800    -0.000  -0.000   0.000   0.000
 16.900    -0.000  -0.000   0.000   0.000
 17.000    -0.000  -0.000   0.000   0.000
 17.100    -0.000  -0.000   0.000   0.000
 17.200    -0.000  -0.000   0.000   0.000
 17.300    -0.000  -0.000   0.000   0.000
 17.400    -0.000  -0.000   0.000   0.000
 17.500    -0.000  -0.000   0.000   0.000
 17.600    -0.000  -0.000   0.000   0.000
 17.700    -0.000  -0.000   0.000   0.000
 17.800    -0.000  -0.000   0.000   0.000
 17.900    -0.000  -0.000   0.000   0.000
 18.000    -0.000  -0.000   0.000   0.000
 18.100    -0.000  -0.000   0.000   0.000
 18.200    -0.000  -0.000   0.000   0.000
 18.300    -0.000  -0.000   0.000   0.000
 18.400    -0.000  -0.000   0.000   0.000
 18.500    -0.000  -0.000   0.000   0.000
 18.600    -0.000  -0.000   0.000   0.000
 18.700    -0.000  -0.000   0.000   0.000
 18.800    -0.000  -0.000   0.000   0.000
 18.900    -0.000  -0.000   0.000   0.000
 19.000    -0.000  -0.000   0.000   0.000
 19.100    -0.000  -0.000   0.000   0.000
 19.200    -0.000  -0.000   0.000   0.000
 19.300    -0.000  -0.000   0.000   0.000
 19.400    -0.000  -0.000   0.000   0.000
 19.500    -0.000  -0.000   0.000   0.000
 19.600    -0.000  -0.000   0.000   0.000
 19.700    -0.000  -0.000   0.000   0.000
 19.800    -0.000  -0.000   0.000   0.000
 19.900    -0.000  -0.000   0.000   0.000
 20.000    -0.000  -0.000   0.000   0.000

 ########### REACTION SUMMARY FOR E=  26.00000 ###########

 Center-of-mass energy:   25.382

 1. Total (binary) cross sections

   Reaction        = 1.08486E+03
     Compound elastic= 1.03303E-07
     Non-elastic     = 1.08486E+03
       Direct          = 1.21760E+02
       Pre-equilibrium = 1.60221E+02
       Compound non-el = 8.02879E+02

 2. Binary non-elastic cross sections (non-exclusive)

 gamma   = 1.23942E+00
 neutron = 8.72786E+02
 proton  = 4.46857E+00
 deuteron= 2.58173E-01
 triton  = 2.90054E-01
 helium-3= 1.09976E-06
 alpha   = 2.05816E+02

 3. Total particle production cross sections

 gamma   = 3.92724E+03    Multiplicity= 3.62004E+00
 neutron = 1.73557E+03    Multiplicity= 1.59981E+00
 proton  = 4.48258E+00    Multiplicity= 4.13194E-03
 deuteron= 2.58174E-01    Multiplicity= 2.37979E-04
 triton  = 2.90054E-01    Multiplicity= 2.67366E-04
 helium-3= 1.09976E-06    Multiplicity= 1.01374E-09
 alpha   = 2.05820E+02    Multiplicity= 1.89720E-01

 4. Residual production cross sections

   a. Per isotope

   Z   A  nuclide    total     level   isomeric    isomeric    lifetime
                 cross section       cross section  ratio

   69 169 (169Tm) 1.37783E-03    0    1.37783E-03  1.00000
   69 168 (168Tm) 2.29600E+01    0    2.29600E+01  1.00000
   68 168 (168Er) 2.80332E+00    0    2.80332E+00  1.00000
   69 167 (167Tm) 8.46521E+02    0    8.46521E+02  1.00000
   68 167 (167Er) 1.93719E+00    0    1.43279E+00  0.73962
                                 3    5.04399E-01  0.26038   2.26900E+00 sec. 
   69 166 (166Tm) 4.46514E+00    0    4.46514E+00  1.00000
   68 166 (166Er) 2.91124E-01    0    2.91124E-01  1.00000
   67 165 (165Ho) 2.01434E+02    0    2.01434E+02  1.00000
   67 164 (164Ho) 4.43315E+00    0    3.48536E+00  0.78620
                                 3    9.47790E-01  0.21380   2.19600E+03 sec. 
   65 161 (161Tb) 1.00000E-07    0    8.89748E-11  0.00000

   b. Per mass

   A  cross section

  169 1.37783E-03
  168 2.57633E+01
  167 8.48458E+02
  166 4.75627E+00
  165 2.01434E+02
  164 4.43315E+00

 Total residual production cross section:  1084.8455811
 Non-elastic cross section              :  1084.8599854

 ########## RESULTS FOR E=  28.00000 ##########

 Energy dependent input flags

 Width fluctuations (flagwidth)            : n
 Unresolved resonance parameters (flagurr) : n
 Preequilibrium (flagpreeq)                : y
 Multiple preequilibrium (flagmulpre)      : y
 Number of continuum excitation energy bins: 40

 +++++++++ DOUBLE FOLDING OPTICAL MODEL POTENTIAL FOR INCIDENT CHANNEL ++++++++++

           alpha    on 165Ho

  Radius     V      W       Vso     Wso

  0.100  -239.138 -17.878   0.000   0.000
  0.200  -239.123 -17.878   0.000   0.000
  0.300  -239.098 -17.878   0.000   0.000
  0.400  -239.062 -17.878   0.000   0.000
  0.500  -239.012 -17.878   0.000   0.000
  0.600  -238.949 -17.878   0.000   0.000
  0.700  -238.872 -17.878   0.000   0.000
  0.800  -238.778 -17.878   0.000   0.000
  0.900  -238.669 -17.878   0.000   0.000
  1.000  -238.541 -17.878   0.000   0.000
  1.100  -238.393 -17.878   0.000   0.000
  1.200  -238.221 -17.878   0.000   0.000
  1.300  -238.025 -17.878   0.000   0.000
  1.400  -237.801 -17.878   0.000   0.000
  1.500  -237.546 -17.878   0.000   0.000
  1.600  -237.257 -17.878   0.000   0.000
  1.700  -236.929 -17.878   0.000   0.000
  1.800  -236.559 -17.878   0.000   0.000
  1.900  -236.142 -17.878   0.000   0.000
  2.000  -235.674 -17.878   0.000   0.000
  2.100  -235.149 -17.878   0.000   0.000
  2.200  -234.562 -17.878   0.000   0.000
  2.300  -233.907 -17.878   0.000   0.000
  2.400  -233.179 -17.878   0.000   0.000
  2.500  -232.370 -17.879   0.000   0.000
  2.600  -231.477 -17.879   0.000   0.000
  2.700  -230.490 -17.879   0.000   0.000
  2.800  -229.405 -17.879   0.000   0.000
  2.900  -228.215 -17.880   0.000   0.000
  3.000  -226.913 -17.880   0.000   0.000
  3.100  -225.493 -17.881   0.000   0.000
  3.200  -223.948 -17.882   0.000   0.000
  3.300  -222.273 -17.883   0.000   0.000
  3.400  -220.462 -17.884   0.000   0.000
  3.500  -218.509 -17.885   0.000   0.000
  3.600  -216.411 -17.887   0.000   0.000
  3.700  -214.162 -17.889   0.000   0.000
  3.800  -211.760 -17.892   0.000   0.000
  3.900  -209.201 -17.895   0.000   0.000
  4.000  -206.484 -17.898   0.000   0.000
  4.100  -203.608 -17.903   0.000   0.000
  4.200  -200.573 -17.909   0.000   0.000
  4.300  -197.379 -17.915   0.000   0.000
  4.400  -194.029 -17.924   0.000   0.000
  4.500  -190.526 -17.933   0.000   0.000
  4.600  -186.874 -17.945   0.000   0.000
  4.700  -183.078 -17.959   0.000   0.000
  4.800  -179.143 -17.976   0.000   0.000
  4.900  -175.078 -17.995   0.000   0.000
  5.000  -170.888 -18.018   0.000   0.000
  5.100  -166.583 -18.044   0.000   0.000
  5.200  -162.169 -18.074   0.000   0.000
  5.300  -157.654 -18.107   0.000   0.000
  5.400  -153.046 -18.143   0.000   0.000
  5.500  -148.349 -18.180   0.000   0.000
  5.600  -143.568 -18.216   0.000   0.000
  5.700  -138.703 -18.247   0.000   0.000
  5.800  -133.750 -18.267   0.000   0.000
  5.900  -128.701 -18.269   0.000   0.000
  6.000  -123.539 -18.240   0.000   0.000
  6.100  -118.243 -18.163   0.000   0.000
  6.200  -112.783 -18.021   0.000   0.000
  6.300  -107.128 -17.790   0.000   0.000
  6.400  -101.247 -17.447   0.000   0.000
  6.500   -95.122 -16.976   0.000   0.000
  6.600   -88.761 -16.371   0.000   0.000
  6.700   -82.209 -15.643   0.000   0.000
  6.800   -75.560 -14.826   0.000   0.000
  6.900   -68.944 -13.970   0.000   0.000
  7.000   -62.511 -13.127   0.000   0.000
  7.100   -56.404 -12.339   0.000   0.000
  7.200   -50.730 -11.625   0.000   0.000
  7.300   -45.551 -10.978   0.000   0.000
  7.400   -40.888 -10.374   0.000   0.000
  7.500   -36.725  -9.779   0.000   0.000
  7.600   -33.024  -9.164   0.000   0.000
  7.700   -29.738  -8.513   0.000   0.000
  7.800   -26.817  -7.820   0.000   0.000
  7.900   -24.212  -7.096   0.000   0.000
  8.000   -21.877  -6.356   0.000   0.000
  8.100   -19.774  -5.623   0.000   0.000
  8.200   -17.871  -4.915   0.000   0.000
  8.300   -16.141  -4.250   0.000   0.000
  8.400   -14.563  -3.638   0.000   0.000
  8.500   -13.120  -3.089   0.000   0.000
  8.600   -11.798  -2.602   0.000   0.000
  8.700   -10.589  -2.179   0.000   0.000
  8.800    -9.482  -1.814   0.000   0.000
  8.900    -8.470  -1.504   0.000   0.000
  9.000    -7.548  -1.242   0.000   0.000
  9.100    -6.709  -1.022   0.000   0.000
  9.200    -5.949  -0.840   0.000   0.000
  9.300    -5.261  -0.688   0.000   0.000
  9.400    -4.641  -0.563   0.000   0.000
  9.500    -4.084  -0.460   0.000   0.000
  9.600    -3.584  -0.375   0.000   0.000
  9.700    -3.139  -0.306   0.000   0.000
  9.800    -2.742  -0.249   0.000   0.000
  9.900    -2.390  -0.203   0.000   0.000
 10.000    -2.079  -0.165   0.000   0.000
 10.100    -1.804  -0.134   0.000   0.000
 10.200    -1.563  -0.109   0.000   0.000
 10.300    -1.351  -0.089   0.000   0.000
 10.400    -1.166  -0.072   0.000   0.000
 10.500    -1.004  -0.058   0.000   0.000
 10.600    -0.864  -0.048   0.000   0.000
 10.700    -0.742  -0.039   0.000   0.000
 10.800    -0.636  -0.031   0.000   0.000
 10.900    -0.545  -0.025   0.000   0.000
 11.000    -0.466  -0.021   0.000   0.000
 11.100    -0.399  -0.017   0.000   0.000
 11.200    -0.341  -0.014   0.000   0.000
 11.300    -0.291  -0.011   0.000   0.000
 11.400    -0.248  -0.009   0.000   0.000
 11.500    -0.212  -0.007   0.000   0.000
 11.600    -0.181  -0.006   0.000   0.000
 11.700    -0.154  -0.005   0.000   0.000
 11.800    -0.132  -0.004   0.000   0.000
 11.900    -0.112  -0.003   0.000   0.000
 12.000    -0.096  -0.003   0.000   0.000
 12.100    -0.082  -0.002   0.000   0.000
 12.200    -0.070  -0.002   0.000   0.000
 12.300    -0.060  -0.001   0.000   0.000
 12.400    -0.051  -0.001   0.000   0.000
 12.500    -0.044  -0.001   0.000   0.000
 12.600    -0.038  -0.001   0.000   0.000
 12.700    -0.032  -0.001   0.000   0.000
 12.800    -0.028  -0.000   0.000   0.000
 12.900    -0.024  -0.000   0.000   0.000
 13.000    -0.020  -0.000   0.000   0.000
 13.100    -0.018  -0.000   0.000   0.000
 13.200    -0.015  -0.000   0.000   0.000
 13.300    -0.013  -0.000   0.000   0.000
 13.400    -0.011  -0.000   0.000   0.000
 13.500    -0.009  -0.000   0.000   0.000
 13.600    -0.008  -0.000   0.000   0.000
 13.700    -0.007  -0.000   0.000   0.000
 13.800    -0.006  -0.000   0.000   0.000
 13.900    -0.005  -0.000   0.000   0.000
 14.000    -0.004  -0.000   0.000   0.000
 14.100    -0.004  -0.000   0.000   0.000
 14.200    -0.003  -0.000   0.000   0.000
 14.300    -0.003  -0.000   0.000   0.000
 14.400    -0.002  -0.000   0.000   0.000
 14.500    -0.002  -0.000   0.000   0.000
 14.600    -0.002  -0.000   0.000   0.000
 14.700    -0.001  -0.000   0.000   0.000
 14.800    -0.001  -0.000   0.000   0.000
 14.900    -0.001  -0.000   0.000   0.000
 15.000    -0.001  -0.000   0.000   0.000
 15.100    -0.001  -0.000   0.000   0.000
 15.200    -0.001  -0.000   0.000   0.000
 15.300    -0.000  -0.000   0.000   0.000
 15.400    -0.000  -0.000   0.000   0.000
 15.500    -0.000  -0.000   0.000   0.000
 15.600    -0.000  -0.000   0.000   0.000
 15.700    -0.000  -0.000   0.000   0.000
 15.800    -0.000  -0.000   0.000   0.000
 15.900    -0.000  -0.000   0.000   0.000
 16.000    -0.000  -0.000   0.000   0.000
 16.100    -0.000  -0.000   0.000   0.000
 16.200    -0.000  -0.000   0.000   0.000
 16.300    -0.000  -0.000   0.000   0.000
 16.400    -0.000  -0.000   0.000   0.000
 16.500    -0.000  -0.000   0.000   0.000
 16.600    -0.000  -0.000   0.000   0.000
 16.700    -0.000  -0.000   0.000   0.000
 16.800    -0.000  -0.000   0.000   0.000
 16.900    -0.000  -0.000   0.000   0.000
 17.000    -0.000  -0.000   0.000   0.000
 17.100    -0.000  -0.000   0.000   0.000
 17.200    -0.000  -0.000   0.000   0.000
 17.300    -0.000  -0.000   0.000   0.000
 17.400    -0.000  -0.000   0.000   0.000
 17.500    -0.000  -0.000   0.000   0.000
 17.600    -0.000  -0.000   0.000   0.000
 17.700    -0.000  -0.000   0.000   0.000
 17.800    -0.000  -0.000   0.000   0.000
 17.900    -0.000  -0.000   0.000   0.000
 18.000    -0.000  -0.000   0.000   0.000
 18.100    -0.000  -0.000   0.000   0.000
 18.200    -0.000  -0.000   0.000   0.000
 18.300    -0.000  -0.000   0.000   0.000
 18.400    -0.000  -0.000   0.000   0.000
 18.500    -0.000  -0.000   0.000   0.000
 18.600    -0.000  -0.000   0.000   0.000
 18.700    -0.000  -0.000   0.000   0.000
 18.800    -0.000  -0.000   0.000   0.000
 18.900    -0.000  -0.000   0.000   0.000
 19.000    -0.000  -0.000   0.000   0.000
 19.100    -0.000  -0.000   0.000   0.000
 19.200    -0.000  -0.000   0.000   0.000
 19.300    -0.000  -0.000   0.000   0.000
 19.400    -0.000  -0.000   0.000   0.000
 19.500    -0.000  -0.000   0.000   0.000
 19.600    -0.000  -0.000   0.000   0.000
 19.700    -0.000  -0.000   0.000   0.000
 19.800    -0.000  -0.000   0.000   0.000
 19.900    -0.000  -0.000   0.000   0.000
 20.000    -0.000  -0.000   0.000   0.000

 ########### REACTION SUMMARY FOR E=  28.00000 ###########

 Center-of-mass energy:   27.334

 1. Total (binary) cross sections

   Reaction        = 1.22969E+03
     Compound elastic= 1.00423E-07
     Non-elastic     = 1.22969E+03
       Direct          = 1.14240E+02
       Pre-equilibrium = 3.95838E+02
       Compound non-el = 7.19613E+02

 2. Binary non-elastic cross sections (non-exclusive)

 gamma   = 1.02346E+00
 neutron = 8.06760E+02
 proton  = 7.75658E+00
 deuteron= 7.42291E-01
 triton  = 8.91160E-01
 helium-3= 7.09083E-05
 alpha   = 4.12519E+02

 3. Total particle production cross sections

 gamma   = 3.80190E+03    Multiplicity= 3.09176E+00
 neutron = 1.89563E+03    Multiplicity= 1.54155E+00
 proton  = 7.78143E+00    Multiplicity= 6.32796E-03
 deuteron= 7.42292E-01    Multiplicity= 6.03641E-04
 triton  = 8.91160E-01    Multiplicity= 7.24703E-04
 helium-3= 7.09083E-05    Multiplicity= 5.76636E-08
 alpha   = 4.12527E+02    Multiplicity= 3.35473E-01

 4. Residual production cross sections

   a. Per isotope

   Z   A  nuclide    total     level   isomeric    isomeric    lifetime
                 cross section       cross section  ratio

   69 169 (169Tm) 3.95847E-04    0    3.95847E-04  1.00000
   69 168 (168Tm) 1.91285E+01    0    1.91285E+01  1.00000
   68 168 (168Er) 3.50291E+00    0    3.50291E+00  1.00000
   69 167 (167Tm) 5.44581E+02    0    5.44581E+02  1.00000
   68 167 (167Er) 4.99302E+00    0    3.65962E+00  0.73295
                                 3    1.33340E+00  0.26705   2.26900E+00 sec. 
   69 166 (166Tm) 2.43956E+02    0    2.43956E+02  1.00000
   68 166 (166Er) 9.19371E-01    0    9.19371E-01  1.00000
   67 165 (165Ho) 3.61545E+02    0    3.61545E+02  1.00000
   67 164 (164Ho) 5.10853E+01    0    4.00465E+01  0.78391
                                 3    1.10388E+01  0.21609   2.19600E+03 sec. 
   67 163 (163Ho) 1.32973E-03    0    1.16786E-03  0.87827
                                 3    1.61870E-04  0.12173   1.09000E+00 sec. 
   65 161 (161Tb) 1.00000E-07    0    2.84366E-09  0.00000

   b. Per mass

   A  cross section

  169 3.95847E-04
  168 2.26314E+01
  167 5.49574E+02
  166 2.44875E+02
  165 3.61545E+02
  164 5.10853E+01
  163 1.32973E-03

 Total residual production cross section:  1229.7121582
 Non-elastic cross section              :  1229.6899414

 ########## RESULTS FOR E=  30.00000 ##########

 Energy dependent input flags

 Width fluctuations (flagwidth)            : n
 Unresolved resonance parameters (flagurr) : n
 Preequilibrium (flagpreeq)                : y
 Multiple preequilibrium (flagmulpre)      : y
 Number of continuum excitation energy bins: 40

 +++++++++ DOUBLE FOLDING OPTICAL MODEL POTENTIAL FOR INCIDENT CHANNEL ++++++++++

           alpha    on 165Ho

  Radius     V      W       Vso     Wso

  0.100  -239.360 -19.388   0.000   0.000
  0.200  -239.346 -19.388   0.000   0.000
  0.300  -239.320 -19.388   0.000   0.000
  0.400  -239.284 -19.388   0.000   0.000
  0.500  -239.234 -19.388   0.000   0.000
  0.600  -239.171 -19.388   0.000   0.000
  0.700  -239.094 -19.388   0.000   0.000
  0.800  -239.000 -19.388   0.000   0.000
  0.900  -238.891 -19.388   0.000   0.000
  1.000  -238.763 -19.388   0.000   0.000
  1.100  -238.615 -19.388   0.000   0.000
  1.200  -238.443 -19.388   0.000   0.000
  1.300  -238.247 -19.388   0.000   0.000
  1.400  -238.023 -19.388   0.000   0.000
  1.500  -237.768 -19.388   0.000   0.000
  1.600  -237.479 -19.388   0.000   0.000
  1.700  -237.152 -19.388   0.000   0.000
  1.800  -236.782 -19.388   0.000   0.000
  1.900  -236.365 -19.388   0.000   0.000
  2.000  -235.897 -19.388   0.000   0.000
  2.100  -235.373 -19.389   0.000   0.000
  2.200  -234.786 -19.389   0.000   0.000
  2.300  -234.132 -19.389   0.000   0.000
  2.400  -233.404 -19.389   0.000   0.000
  2.500  -232.596 -19.389   0.000   0.000
  2.600  -231.703 -19.389   0.000   0.000
  2.700  -230.718 -19.390   0.000   0.000
  2.800  -229.634 -19.390   0.000   0.000
  2.900  -228.445 -19.390   0.000   0.000
  3.000  -227.144 -19.391   0.000   0.000
  3.100  -225.725 -19.392   0.000   0.000
  3.200  -224.182 -19.392   0.000   0.000
  3.300  -222.509 -19.393   0.000   0.000
  3.400  -220.700 -19.395   0.000   0.000
  3.500  -218.750 -19.396   0.000   0.000
  3.600  -216.654 -19.398   0.000   0.000
  3.700  -214.408 -19.400   0.000   0.000
  3.800  -212.009 -19.403   0.000   0.000
  3.900  -209.453 -19.406   0.000   0.000
  4.000  -206.740 -19.410   0.000   0.000
  4.100  -203.869 -19.415   0.000   0.000
  4.200  -200.837 -19.421   0.000   0.000
  4.300  -197.649 -19.428   0.000   0.000
  4.400  -194.304 -19.437   0.000   0.000
  4.500  -190.806 -19.448   0.000   0.000
  4.600  -187.159 -19.460   0.000   0.000
  4.700  -183.369 -19.475   0.000   0.000
  4.800  -179.441 -19.493   0.000   0.000
  4.900  -175.381 -19.514   0.000   0.000
  5.000  -171.197 -19.538   0.000   0.000
  5.100  -166.897 -19.565   0.000   0.000
  5.200  -162.489 -19.597   0.000   0.000
  5.300  -157.979 -19.632   0.000   0.000
  5.400  -153.374 -19.669   0.000   0.000
  5.500  -148.681 -19.708   0.000   0.000
  5.600  -143.901 -19.745   0.000   0.000
  5.700  -139.034 -19.777   0.000   0.000
  5.800  -134.077 -19.797   0.000   0.000
  5.900  -129.019 -19.796   0.000   0.000
  6.000  -123.845 -19.760   0.000   0.000
  6.100  -118.530 -19.674   0.000   0.000
  6.200  -113.044 -19.514   0.000   0.000
  6.300  -107.354 -19.258   0.000   0.000
  6.400  -101.428 -18.880   0.000   0.000
  6.500   -95.248 -18.361   0.000   0.000
  6.600   -88.821 -17.696   0.000   0.000
  6.700   -82.195 -16.898   0.000   0.000
  6.800   -75.464 -16.003   0.000   0.000
  6.900   -68.763 -15.064   0.000   0.000
  7.000   -62.247 -14.140   0.000   0.000
  7.100   -56.062 -13.277   0.000   0.000
  7.200   -50.322 -12.495   0.000   0.000
  7.300   -45.092 -11.788   0.000   0.000
  7.400   -40.392 -11.130   0.000   0.000
  7.500   -36.208 -10.484   0.000   0.000
  7.600   -32.504  -9.819   0.000   0.000
  7.700   -29.228  -9.116   0.000   0.000
  7.800   -26.329  -8.372   0.000   0.000
  7.900   -23.754  -7.594   0.000   0.000
  8.000   -21.457  -6.801   0.000   0.000
  8.100   -19.395  -6.015   0.000   0.000
  8.200   -17.533  -5.258   0.000   0.000
  8.300   -15.844  -4.545   0.000   0.000
  8.400   -14.305  -3.891   0.000   0.000
  8.500   -12.897  -3.303   0.000   0.000
  8.600   -11.608  -2.783   0.000   0.000
  8.700   -10.427  -2.330   0.000   0.000
  8.800    -9.345  -1.940   0.000   0.000
  8.900    -8.355  -1.608   0.000   0.000
  9.000    -7.451  -1.328   0.000   0.000
  9.100    -6.628  -1.093   0.000   0.000
  9.200    -5.881  -0.898   0.000   0.000
  9.300    -5.204  -0.736   0.000   0.000
  9.400    -4.593  -0.602   0.000   0.000
  9.500    -4.044  -0.491   0.000   0.000
  9.600    -3.552  -0.401   0.000   0.000
  9.700    -3.111  -0.327   0.000   0.000
  9.800    -2.719  -0.266   0.000   0.000
  9.900    -2.371  -0.217   0.000   0.000
 10.000    -2.063  -0.176   0.000   0.000
 10.100    -1.791  -0.143   0.000   0.000
 10.200    -1.551  -0.117   0.000   0.000
 10.300    -1.342  -0.095   0.000   0.000
 10.400    -1.158  -0.077   0.000   0.000
 10.500    -0.998  -0.063   0.000   0.000
 10.600    -0.858  -0.051   0.000   0.000
 10.700    -0.737  -0.041   0.000   0.000
 10.800    -0.632  -0.034   0.000   0.000
 10.900    -0.542  -0.027   0.000   0.000
 11.000    -0.464  -0.022   0.000   0.000
 11.100    -0.397  -0.018   0.000   0.000
 11.200    -0.339  -0.015   0.000   0.000
 11.300    -0.289  -0.012   0.000   0.000
 11.400    -0.247  -0.010   0.000   0.000
 11.500    -0.211  -0.008   0.000   0.000
 11.600    -0.180  -0.006   0.000   0.000
 11.700    -0.153  -0.005   0.000   0.000
 11.800    -0.131  -0.004   0.000   0.000
 11.900    -0.112  -0.003   0.000   0.000
 12.000    -0.096  -0.003   0.000   0.000
 12.100    -0.082  -0.002   0.000   0.000
 12.200    -0.070  -0.002   0.000   0.000
 12.300    -0.060  -0.001   0.000   0.000
 12.400    -0.051  -0.001   0.000   0.000
 12.500    -0.044  -0.001   0.000   0.000
 12.600    -0.038  -0.001   0.000   0.000
 12.700    -0.032  -0.001   0.000   0.000
 12.800    -0.028  -0.001   0.000   0.000
 12.900    -0.024  -0.000   0.000   0.000
 13.000    -0.020  -0.000   0.000   0.000
 13.100    -0.017  -0.000   0.000   0.000
 13.200    -0.015  -0.000   0.000   0.000
 13.300    -0.013  -0.000   0.000   0.000
 13.400    -0.011  -0.000   0.000   0.000
 13.500    -0.009  -0.000   0.000   0.000
 13.600    -0.008  -0.000   0.000   0.000
 13.700    -0.007  -0.000   0.000   0.000
 13.800    -0.006  -0.000   0.000   0.000
 13.900    -0.005  -0.000   0.000   0.000
 14.000    -0.004  -0.000   0.000   0.000
 14.100    -0.004  -0.000   0.000   0.000
 14.200    -0.003  -0.000   0.000   0.000
 14.300    -0.003  -0.000   0.000   0.000
 14.400    -0.002  -0.000   0.000   0.000
 14.500    -0.002  -0.000   0.000   0.000
 14.600    -0.002  -0.000   0.000   0.000
 14.700    -0.001  -0.000   0.000   0.000
 14.800    -0.001  -0.000   0.000   0.000
 14.900    -0.001  -0.000   0.000   0.000
 15.000    -0.001  -0.000   0.000   0.000
 15.100    -0.001  -0.000   0.000   0.000
 15.200    -0.001  -0.000   0.000   0.000
 15.300    -0.000  -0.000   0.000   0.000
 15.400    -0.000  -0.000   0.000   0.000
 15.500    -0.000  -0.000   0.000   0.000
 15.600    -0.000  -0.000   0.000   0.000
 15.700    -0.000  -0.000   0.000   0.000
 15.800    -0.000  -0.000   0.000   0.000
 15.900    -0.000  -0.000   0.000   0.000
 16.000    -0.000  -0.000   0.000   0.000
 16.100    -0.000  -0.000   0.000   0.000
 16.200    -0.000  -0.000   0.000   0.000
 16.300    -0.000  -0.000   0.000   0.000
 16.400    -0.000  -0.000   0.000   0.000
 16.500    -0.000  -0.000   0.000   0.000
 16.600    -0.000  -0.000   0.000   0.000
 16.700    -0.000  -0.000   0.000   0.000
 16.800    -0.000  -0.000   0.000   0.000
 16.900    -0.000  -0.000   0.000   0.000
 17.000    -0.000  -0.000   0.000   0.000
 17.100    -0.000  -0.000   0.000   0.000
 17.200    -0.000  -0.000   0.000   0.000
 17.300    -0.000  -0.000   0.000   0.000
 17.400    -0.000  -0.000   0.000   0.000
 17.500    -0.000  -0.000   0.000   0.000
 17.600    -0.000  -0.000   0.000   0.000
 17.700    -0.000  -0.000   0.000   0.000
 17.800    -0.000  -0.000   0.000   0.000
 17.900    -0.000  -0.000   0.000   0.000
 18.000    -0.000  -0.000   0.000   0.000
 18.100    -0.000  -0.000   0.000   0.000
 18.200    -0.000  -0.000   0.000   0.000
 18.300    -0.000  -0.000   0.000   0.000
 18.400    -0.000  -0.000   0.000   0.000
 18.500    -0.000  -0.000   0.000   0.000
 18.600    -0.000  -0.000   0.000   0.000
 18.700    -0.000  -0.000   0.000   0.000
 18.800    -0.000  -0.000   0.000   0.000
 18.900    -0.000  -0.000   0.000   0.000
 19.000    -0.000  -0.000   0.000   0.000
 19.100    -0.000  -0.000   0.000   0.000
 19.200    -0.000  -0.000   0.000   0.000
 19.300    -0.000  -0.000   0.000   0.000
 19.400    -0.000  -0.000   0.000   0.000
 19.500    -0.000  -0.000   0.000   0.000
 19.600    -0.000  -0.000   0.000   0.000
 19.700    -0.000  -0.000   0.000   0.000
 19.800    -0.000  -0.000   0.000   0.000
 19.900    -0.000  -0.000   0.000   0.000
 20.000    -0.000  -0.000   0.000   0.000

 ########### REACTION SUMMARY FOR E=  30.00000 ###########

 Center-of-mass energy:   29.286

 1. Total (binary) cross sections

   Reaction        = 1.34514E+03
     Compound elastic= 1.00069E-07
     Non-elastic     = 1.34514E+03
       Direct          = 1.06461E+02
       Pre-equilibrium = 4.69004E+02
       Compound non-el = 7.69675E+02

 2. Binary non-elastic cross sections (non-exclusive)

 gamma   = 1.03060E+00
 neutron = 8.73793E+02
 proton  = 1.20876E+01
 deuteron= 1.56370E+00
 triton  = 1.78300E+00
 helium-3= 1.69193E-03
 alpha   = 4.54885E+02

 3. Total particle production cross sections

 gamma   = 3.73930E+03    Multiplicity= 2.77986E+00
 neutron = 2.40015E+03    Multiplicity= 1.78432E+00
 proton  = 1.21434E+01    Multiplicity= 9.02763E-03
 deuteron= 1.56370E+00    Multiplicity= 1.16248E-03
 triton  = 1.78300E+00    Multiplicity= 1.32551E-03
 helium-3= 1.69193E-03    Multiplicity= 1.25781E-06
 alpha   = 4.54906E+02    Multiplicity= 3.38185E-01

 4. Residual production cross sections

   a. Per isotope

   Z   A  nuclide    total     level   isomeric    isomeric    lifetime
                 cross section       cross section  ratio

   69 169 (169Tm) 1.44310E-04    0    1.44310E-04  1.00000
   69 168 (168Tm) 1.67017E+01    0    1.67017E+01  1.00000
   68 168 (168Er) 3.82786E+00    0    3.82786E+00  1.00000
   69 167 (167Tm) 3.12226E+02    0    3.12226E+02  1.00000
   68 167 (167Er) 9.55522E+00    0    6.87606E+00  0.71961
                                 3    2.67917E+00  0.28039   2.26900E+00 sec. 
   69 166 (166Tm) 5.45711E+02    0    5.45711E+02  1.00000
   68 166 (166Er) 2.09709E+00    0    2.09709E+00  1.00000
   67 166 (166Ho) 1.68954E-03    0    9.59228E-04  0.56775
                                 1    7.30309E-04  0.43225   3.78700E+10 sec. 
   68 165 (165Er) 9.12844E-03    0    9.12844E-03  1.00000
   67 165 (165Ho) 3.41841E+02    0    3.41841E+02  1.00000
   67 164 (164Ho) 1.13004E+02    0    8.88290E+01  0.78607
                                 3    2.41750E+01  0.21393   2.19600E+03 sec. 
   67 163 (163Ho) 5.77974E-02    0    5.00843E-02  0.86655
                                 3    7.71309E-03  0.13345   1.09000E+00 sec. 
   65 161 (161Tb) 1.00000E-07    0    1.63358E-08  0.00000

   b. Per mass

   A  cross section

  169 1.44310E-04
  168 2.05296E+01
  167 3.21781E+02
  166 5.47810E+02
  165 3.41850E+02
  164 1.13004E+02
  163 5.77974E-02

 Total residual production cross section:  1345.0324707
 Non-elastic cross section              :  1345.1400146

 ########## RESULTS FOR E=  32.00000 ##########

 Energy dependent input flags

 Width fluctuations (flagwidth)            : n
 Unresolved resonance parameters (flagurr) : n
 Preequilibrium (flagpreeq)                : y
 Multiple preequilibrium (flagmulpre)      : y
 Number of continuum excitation energy bins: 40

 +++++++++ DOUBLE FOLDING OPTICAL MODEL POTENTIAL FOR INCIDENT CHANNEL ++++++++++

           alpha    on 165Ho

  Radius     V      W       Vso     Wso

  0.100  -239.635 -20.711   0.000   0.000
  0.200  -239.620 -20.711   0.000   0.000
  0.300  -239.595 -20.711   0.000   0.000
  0.400  -239.559 -20.711   0.000   0.000
  0.500  -239.508 -20.711   0.000   0.000
  0.600  -239.445 -20.711   0.000   0.000
  0.700  -239.368 -20.711   0.000   0.000
  0.800  -239.275 -20.711   0.000   0.000
  0.900  -239.165 -20.711   0.000   0.000
  1.000  -239.038 -20.711   0.000   0.000
  1.100  -238.889 -20.711   0.000   0.000
  1.200  -238.718 -20.711   0.000   0.000
  1.300  -238.522 -20.711   0.000   0.000
  1.400  -238.298 -20.712   0.000   0.000
  1.500  -238.043 -20.712   0.000   0.000
  1.600  -237.755 -20.712   0.000   0.000
  1.700  -237.427 -20.712   0.000   0.000
  1.800  -237.058 -20.712   0.000   0.000
  1.900  -236.642 -20.712   0.000   0.000
  2.000  -236.175 -20.712   0.000   0.000
  2.100  -235.651 -20.712   0.000   0.000
  2.200  -235.065 -20.712   0.000   0.000
  2.300  -234.412 -20.712   0.000   0.000
  2.400  -233.685 -20.712   0.000   0.000
  2.500  -232.879 -20.712   0.000   0.000
  2.600  -231.987 -20.713   0.000   0.000
  2.700  -231.003 -20.713   0.000   0.000
  2.800  -229.921 -20.713   0.000   0.000
  2.900  -228.733 -20.714   0.000   0.000
  3.000  -227.435 -20.714   0.000   0.000
  3.100  -226.018 -20.715   0.000   0.000
  3.200  -224.478 -20.716   0.000   0.000
  3.300  -222.808 -20.717   0.000   0.000
  3.400  -221.002 -20.718   0.000   0.000
  3.500  -219.055 -20.720   0.000   0.000
  3.600  -216.963 -20.722   0.000   0.000
  3.700  -214.721 -20.724   0.000   0.000
  3.800  -212.327 -20.727   0.000   0.000
  3.900  -209.777 -20.731   0.000   0.000
  4.000  -207.069 -20.735   0.000   0.000
  4.100  -204.203 -20.740   0.000   0.000
  4.200  -201.178 -20.746   0.000   0.000
  4.300  -197.996 -20.754   0.000   0.000
  4.400  -194.658 -20.763   0.000   0.000
  4.500  -191.168 -20.774   0.000   0.000
  4.600  -187.529 -20.787   0.000   0.000
  4.700  -183.746 -20.803   0.000   0.000
  4.800  -179.826 -20.821   0.000   0.000
  4.900  -175.775 -20.843   0.000   0.000
  5.000  -171.599 -20.868   0.000   0.000
  5.100  -167.307 -20.897   0.000   0.000
  5.200  -162.905 -20.930   0.000   0.000
  5.300  -158.402 -20.966   0.000   0.000
  5.400  -153.803 -21.005   0.000   0.000
  5.500  -149.114 -21.045   0.000   0.000
  5.600  -144.336 -21.083   0.000   0.000
  5.700  -139.469 -21.115   0.000   0.000
  5.800  -134.508 -21.134   0.000   0.000
  5.900  -129.441 -21.129   0.000   0.000
  6.000  -124.253 -21.088   0.000   0.000
  6.100  -118.917 -20.991   0.000   0.000
  6.200  -113.402 -20.815   0.000   0.000
  6.300  -107.673 -20.535   0.000   0.000
  6.400  -101.696 -20.124   0.000   0.000
  6.500   -95.453 -19.563   0.000   0.000
  6.600   -88.950 -18.844   0.000   0.000
  6.700   -82.237 -17.982   0.000   0.000
  6.800   -75.411 -17.016   0.000   0.000
  6.900   -68.611 -16.003   0.000   0.000
  7.000   -61.999 -15.006   0.000   0.000
  7.100   -55.725 -14.074   0.000   0.000
  7.200   -49.908 -13.231   0.000   0.000
  7.300   -44.617 -12.470   0.000   0.000
  7.400   -39.874 -11.763   0.000   0.000
  7.500   -35.666 -11.072   0.000   0.000
  7.600   -31.954 -10.363   0.000   0.000
  7.700   -28.688  -9.617   0.000   0.000
  7.800   -25.811  -8.829   0.000   0.000
  7.900   -23.269  -8.006   0.000   0.000
  8.000   -21.011  -7.169   0.000   0.000
  8.100   -18.992  -6.339   0.000   0.000
  8.200   -17.175  -5.540   0.000   0.000
  8.300   -15.529  -4.789   0.000   0.000
  8.400   -14.031  -4.100   0.000   0.000
  8.500   -12.662  -3.480   0.000   0.000
  8.600   -11.407  -2.931   0.000   0.000
  8.700   -10.256  -2.454   0.000   0.000
  8.800    -9.201  -2.043   0.000   0.000
  8.900    -8.234  -1.694   0.000   0.000
  9.000    -7.350  -1.399   0.000   0.000
  9.100    -6.544  -1.151   0.000   0.000
  9.200    -5.811  -0.945   0.000   0.000
  9.300    -5.146  -0.775   0.000   0.000
  9.400    -4.545  -0.634   0.000   0.000
  9.500    -4.004  -0.518   0.000   0.000
  9.600    -3.518  -0.422   0.000   0.000
  9.700    -3.084  -0.344   0.000   0.000
  9.800    -2.696  -0.280   0.000   0.000
  9.900    -2.352  -0.228   0.000   0.000
 10.000    -2.047  -0.186   0.000   0.000
 10.100    -1.778  -0.151   0.000   0.000
 10.200    -1.541  -0.123   0.000   0.000
 10.300    -1.333  -0.100   0.000   0.000
 10.400    -1.151  -0.081   0.000   0.000
 10.500    -0.992  -0.066   0.000   0.000
 10.600    -0.853  -0.053   0.000   0.000
 10.700    -0.733  -0.043   0.000   0.000
 10.800    -0.629  -0.035   0.000   0.000
 10.900    -0.539  -0.029   0.000   0.000
 11.000    -0.461  -0.023   0.000   0.000
 11.100    -0.395  -0.019   0.000   0.000
 11.200    -0.337  -0.015   0.000   0.000
 11.300    -0.288  -0.012   0.000   0.000
 11.400    -0.246  -0.010   0.000   0.000
 11.500    -0.210  -0.008   0.000   0.000
 11.600    -0.179  -0.007   0.000   0.000
 11.700    -0.153  -0.005   0.000   0.000
 11.800    -0.130  -0.004   0.000   0.000
 11.900    -0.111  -0.004   0.000   0.000
 12.000    -0.095  -0.003   0.000   0.000
 12.100    -0.081  -0.002   0.000   0.000
 12.200    -0.070  -0.002   0.000   0.000
 12.300    -0.059  -0.002   0.000   0.000
 12.400    -0.051  -0.001   0.000   0.000
 12.500    -0.044  -0.001   0.000   0.000
 12.600    -0.037  -0.001   0.000   0.000
 12.700    -0.032  -0.001   0.000   0.000
 12.800    -0.027  -0.001   0.000   0.000
 12.900    -0.024  -0.000   0.000   0.000
 13.000    -0.020  -0.000   0.000   0.000
 13.100    -0.017  -0.000   0.000   0.000
 13.200    -0.015  -0.000   0.000   0.000
 13.300    -0.013  -0.000   0.000   0.000
 13.400    -0.011  -0.000   0.000   0.000
 13.500    -0.009  -0.000   0.000   0.000
 13.600    -0.008  -0.000   0.000   0.000
 13.700    -0.007  -0.000   0.000   0.000
 13.800    -0.006  -0.000   0.000   0.000
 13.900    -0.005  -0.000   0.000   0.000
 14.000    -0.004  -0.000   0.000   0.000
 14.100    -0.004  -0.000   0.000   0.000
 14.200    -0.003  -0.000   0.000   0.000
 14.300    -0.003  -0.000   0.000   0.000
 14.400    -0.002  -0.000   0.000   0.000
 14.500    -0.002  -0.000   0.000   0.000
 14.600    -0.002  -0.000   0.000   0.000
 14.700    -0.001  -0.000   0.000   0.000
 14.800    -0.001  -0.000   0.000   0.000
 14.900    -0.001  -0.000   0.000   0.000
 15.000    -0.001  -0.000   0.000   0.000
 15.100    -0.001  -0.000   0.000   0.000
 15.200    -0.001  -0.000   0.000   0.000
 15.300    -0.000  -0.000   0.000   0.000
 15.400    -0.000  -0.000   0.000   0.000
 15.500    -0.000  -0.000   0.000   0.000
 15.600    -0.000  -0.000   0.000   0.000
 15.700    -0.000  -0.000   0.000   0.000
 15.800    -0.000  -0.000   0.000   0.000
 15.900    -0.000  -0.000   0.000   0.000
 16.000    -0.000  -0.000   0.000   0.000
 16.100    -0.000  -0.000   0.000   0.000
 16.200    -0.000  -0.000   0.000   0.000
 16.300    -0.000  -0.000   0.000   0.000
 16.400    -0.000  -0.000   0.000   0.000
 16.500    -0.000  -0.000   0.000   0.000
 16.600    -0.000  -0.000   0.000   0.000
 16.700    -0.000  -0.000   0.000   0.000
 16.800    -0.000  -0.000   0.000   0.000
 16.900    -0.000  -0.000   0.000   0.000
 17.000    -0.000  -0.000   0.000   0.000
 17.100    -0.000  -0.000   0.000   0.000
 17.200    -0.000  -0.000   0.000   0.000
 17.300    -0.000  -0.000   0.000   0.000
 17.400    -0.000  -0.000   0.000   0.000
 17.500    -0.000  -0.000   0.000   0.000
 17.600    -0.000  -0.000   0.000   0.000
 17.700    -0.000  -0.000   0.000   0.000
 17.800    -0.000  -0.000   0.000   0.000
 17.900    -0.000  -0.000   0.000   0.000
 18.000    -0.000  -0.000   0.000   0.000
 18.100    -0.000  -0.000   0.000   0.000
 18.200    -0.000  -0.000   0.000   0.000
 18.300    -0.000  -0.000   0.000   0.000
 18.400    -0.000  -0.000   0.000   0.000
 18.500    -0.000  -0.000   0.000   0.000
 18.600    -0.000  -0.000   0.000   0.000
 18.700    -0.000  -0.000   0.000   0.000
 18.800    -0.000  -0.000   0.000   0.000
 18.900    -0.000  -0.000   0.000   0.000
 19.000    -0.000  -0.000   0.000   0.000
 19.100    -0.000  -0.000   0.000   0.000
 19.200    -0.000  -0.000   0.000   0.000
 19.300    -0.000  -0.000   0.000   0.000
 19.400    -0.000  -0.000   0.000   0.000
 19.500    -0.000  -0.000   0.000   0.000
 19.600    -0.000  -0.000   0.000   0.000
 19.700    -0.000  -0.000   0.000   0.000
 19.800    -0.000  -0.000   0.000   0.000
 19.900    -0.000  -0.000   0.000   0.000
 20.000    -0.000  -0.000   0.000   0.000

 ########### REACTION SUMMARY FOR E=  32.00000 ###########

 Center-of-mass energy:   31.239

 1. Total (binary) cross sections

   Reaction        = 1.46936E+03
     Compound elastic= 1.00015E-07
     Non-elastic     = 1.46936E+03
       Direct          = 1.02207E+02
       Pre-equilibrium = 3.67070E+02
       Compound non-el = 1.00008E+03

 2. Binary non-elastic cross sections (non-exclusive)

 gamma   = 1.25910E+00
 neutron = 1.12082E+03
 proton  = 1.74200E+01
 deuteron= 2.74018E+00
 triton  = 2.88927E+00
 helium-3= 1.97849E-02
 alpha   = 3.24212E+02

 3. Total particle production cross sections

 gamma   = 4.30029E+03    Multiplicity= 2.92664E+00
 neutron = 3.24714E+03    Multiplicity= 2.20990E+00
 proton  = 1.75553E+01    Multiplicity= 1.19476E-02
 deuteron= 2.74020E+00    Multiplicity= 1.86490E-03
 triton  = 2.88927E+00    Multiplicity= 1.96635E-03
 helium-3= 1.97849E-02    Multiplicity= 1.34650E-05
 alpha   = 3.24273E+02    Multiplicity= 2.20690E-01

 4. Residual production cross sections

   a. Per isotope

   Z   A  nuclide    total     level   isomeric    isomeric    lifetime
                 cross section       cross section  ratio

   69 169 (169Tm) 6.71180E-05    0    6.71180E-05  1.00000
   69 168 (168Tm) 1.44797E+01    0    1.44797E+01  1.00000
   68 168 (168Er) 3.87004E+00    0    3.87004E+00  1.00000
   69 167 (167Tm) 2.05435E+02    0    2.05435E+02  1.00000
   68 167 (167Er) 1.47042E+01    0    1.04420E+01  0.71014
                                 3    4.26222E+00  0.28986   2.26900E+00 sec. 
   69 166 (166Tm) 9.01815E+02    0    9.01815E+02  1.00000
   68 166 (166Er) 4.48974E+00    0    4.48974E+00  1.00000
   67 166 (166Ho) 1.98181E-02    0    1.10686E-02  0.55851
                                 1    8.74953E-03  0.44149   3.78700E+10 sec. 
   68 165 (165Er) 1.15122E-01    0    1.15122E-01  1.00000
   67 165 (165Ho) 2.24179E+02    0    2.24179E+02  1.00000
   67 164 (164Ho) 9.94192E+01    0    7.83172E+01  0.78775
                                 3    2.11020E+01  0.21225   2.19600E+03 sec. 
   67 163 (163Ho) 6.34997E-01    0    5.44258E-01  0.85710
                                 3    9.07388E-02  0.14290   1.09000E+00 sec. 
   65 161 (161Tb) 1.00000E-07    0    2.85131E-08  0.00000

   b. Per mass

   A  cross section

  169 6.71180E-05
  168 1.83498E+01
  167 2.20139E+02
  166 9.06325E+02
  165 2.24294E+02
  164 9.94192E+01
  163 6.34997E-01

 Total residual production cross section:  1469.1618652
 Non-elastic cross section              :  1469.3599854

 ########## RESULTS FOR E=  34.00000 ##########

 Energy dependent input flags

 Width fluctuations (flagwidth)            : n
 Unresolved resonance parameters (flagurr) : n
 Preequilibrium (flagpreeq)                : y
 Multiple preequilibrium (flagmulpre)      : y
 Number of continuum excitation energy bins: 40

 +++++++++ DOUBLE FOLDING OPTICAL MODEL POTENTIAL FOR INCIDENT CHANNEL ++++++++++

           alpha    on 165Ho

  Radius     V      W       Vso     Wso

  0.100  -239.908 -21.843   0.000   0.000
  0.200  -239.893 -21.843   0.000   0.000
  0.300  -239.868 -21.843   0.000   0.000
  0.400  -239.832 -21.843   0.000   0.000
  0.500  -239.781 -21.843   0.000   0.000
  0.600  -239.718 -21.843   0.000   0.000
  0.700  -239.641 -21.843   0.000   0.000
  0.800  -239.548 -21.843   0.000   0.000
  0.900  -239.438 -21.843   0.000   0.000
  1.000  -239.311 -21.843   0.000   0.000
  1.100  -239.162 -21.843   0.000   0.000
  1.200  -238.992 -21.843   0.000   0.000
  1.300  -238.796 -21.843   0.000   0.000
  1.400  -238.572 -21.843   0.000   0.000
  1.500  -238.318 -21.843   0.000   0.000
  1.600  -238.030 -21.843   0.000   0.000
  1.700  -237.703 -21.843   0.000   0.000
  1.800  -237.334 -21.843   0.000   0.000
  1.900  -236.919 -21.843   0.000   0.000
  2.000  -236.453 -21.843   0.000   0.000
  2.100  -235.930 -21.843   0.000   0.000
  2.200  -235.345 -21.844   0.000   0.000
  2.300  -234.693 -21.844   0.000   0.000
  2.400  -233.967 -21.844   0.000   0.000
  2.500  -233.163 -21.844   0.000   0.000
  2.600  -232.273 -21.844   0.000   0.000
  2.700  -231.291 -21.845   0.000   0.000
  2.800  -230.211 -21.845   0.000   0.000
  2.900  -229.026 -21.846   0.000   0.000
  3.000  -227.730 -21.846   0.000   0.000
  3.100  -226.317 -21.847   0.000   0.000
  3.200  -224.780 -21.848   0.000   0.000
  3.300  -223.113 -21.849   0.000   0.000
  3.400  -221.311 -21.850   0.000   0.000
  3.500  -219.369 -21.852   0.000   0.000
  3.600  -217.282 -21.854   0.000   0.000
  3.700  -215.046 -21.856   0.000   0.000
  3.800  -212.657 -21.859   0.000   0.000
  3.900  -210.113 -21.863   0.000   0.000
  4.000  -207.413 -21.867   0.000   0.000
  4.100  -204.554 -21.873   0.000   0.000
  4.200  -201.537 -21.879   0.000   0.000
  4.300  -198.363 -21.887   0.000   0.000
  4.400  -195.033 -21.897   0.000   0.000
  4.500  -191.552 -21.908   0.000   0.000
  4.600  -187.922 -21.922   0.000   0.000
  4.700  -184.149 -21.938   0.000   0.000
  4.800  -180.239 -21.957   0.000   0.000
  4.900  -176.197 -21.979   0.000   0.000
  5.000  -172.032 -22.005   0.000   0.000
  5.100  -167.749 -22.035   0.000   0.000
  5.200  -163.357 -22.069   0.000   0.000
  5.300  -158.862 -22.106   0.000   0.000
  5.400  -154.270 -22.146   0.000   0.000
  5.500  -149.586 -22.187   0.000   0.000
  5.600  -144.812 -22.225   0.000   0.000
  5.700  -139.946 -22.257   0.000   0.000
  5.800  -134.982 -22.274   0.000   0.000
  5.900  -129.908 -22.266   0.000   0.000
  6.000  -124.706 -22.218   0.000   0.000
  6.100  -119.349 -22.111   0.000   0.000
  6.200  -113.803 -21.921   0.000   0.000
  6.300  -108.033 -21.619   0.000   0.000
  6.400  -102.003 -21.179   0.000   0.000
  6.500   -95.692 -20.578   0.000   0.000
  6.600   -89.109 -19.811   0.000   0.000
  6.700   -82.303 -18.892   0.000   0.000
  6.800   -75.376 -17.863   0.000   0.000
  6.900   -68.471 -16.784   0.000   0.000
  7.000   -61.755 -15.722   0.000   0.000
  7.100   -55.386 -14.730   0.000   0.000
  7.200   -49.487 -13.833   0.000   0.000
  7.300   -44.130 -13.024   0.000   0.000
  7.400   -39.341 -12.275   0.000   0.000
  7.500   -35.106 -11.545   0.000   0.000
  7.600   -31.386 -10.800   0.000   0.000
  7.700   -28.128 -10.017   0.000   0.000
  7.800   -25.274  -9.192   0.000   0.000
  7.900   -22.765  -8.334   0.000   0.000
  8.000   -20.548  -7.461   0.000   0.000
  8.100   -18.574  -6.596   0.000   0.000
  8.200   -16.803  -5.764   0.000   0.000
  8.300   -15.203  -4.982   0.000   0.000
  8.400   -13.747  -4.264   0.000   0.000
  8.500   -12.418  -3.619   0.000   0.000
  8.600   -11.199  -3.049   0.000   0.000
  8.700   -10.080  -2.552   0.000   0.000
  8.800    -9.052  -2.125   0.000   0.000
  8.900    -8.109  -1.761   0.000   0.000
  9.000    -7.245  -1.454   0.000   0.000
  9.100    -6.456  -1.197   0.000   0.000
  9.200    -5.738  -0.983   0.000   0.000
  9.300    -5.085  -0.806   0.000   0.000
  9.400    -4.495  -0.659   0.000   0.000
  9.500    -3.962  -0.538   0.000   0.000
  9.600    -3.484  -0.439   0.000   0.000
  9.700    -3.055  -0.358   0.000   0.000
  9.800    -2.673  -0.291   0.000   0.000
  9.900    -2.332  -0.237   0.000   0.000
 10.000    -2.031  -0.193   0.000   0.000
 10.100    -1.764  -0.157   0.000   0.000
 10.200    -1.530  -0.128   0.000   0.000
 10.300    -1.323  -0.104   0.000   0.000
 10.400    -1.143  -0.084   0.000   0.000
 10.500    -0.985  -0.068   0.000   0.000
 10.600    -0.848  -0.056   0.000   0.000
 10.700    -0.729  -0.045   0.000   0.000
 10.800    -0.625  -0.037   0.000   0.000
 10.900    -0.536  -0.030   0.000   0.000
 11.000    -0.459  -0.024   0.000   0.000
 11.100    -0.393  -0.020   0.000   0.000
 11.200    -0.336  -0.016   0.000   0.000
 11.300    -0.287  -0.013   0.000   0.000
 11.400    -0.245  -0.011   0.000   0.000
 11.500    -0.209  -0.009   0.000   0.000
 11.600    -0.178  -0.007   0.000   0.000
 11.700    -0.152  -0.006   0.000   0.000
 11.800    -0.130  -0.005   0.000   0.000
 11.900    -0.111  -0.004   0.000   0.000
 12.000    -0.095  -0.003   0.000   0.000
 12.100    -0.081  -0.002   0.000   0.000
 12.200    -0.069  -0.002   0.000   0.000
 12.300    -0.059  -0.002   0.000   0.000
 12.400    -0.051  -0.001   0.000   0.000
 12.500    -0.043  -0.001   0.000   0.000
 12.600    -0.037  -0.001   0.000   0.000
 12.700    -0.032  -0.001   0.000   0.000
 12.800    -0.027  -0.001   0.000   0.000
 12.900    -0.024  -0.000   0.000   0.000
 13.000    -0.020  -0.000   0.000   0.000
 13.100    -0.017  -0.000   0.000   0.000
 13.200    -0.015  -0.000   0.000   0.000
 13.300    -0.013  -0.000   0.000   0.000
 13.400    -0.011  -0.000   0.000   0.000
 13.500    -0.009  -0.000   0.000   0.000
 13.600    -0.008  -0.000   0.000   0.000
 13.700    -0.007  -0.000   0.000   0.000
 13.800    -0.006  -0.000   0.000   0.000
 13.900    -0.005  -0.000   0.000   0.000
 14.000    -0.004  -0.000   0.000   0.000
 14.100    -0.004  -0.000   0.000   0.000
 14.200    -0.003  -0.000   0.000   0.000
 14.300    -0.003  -0.000   0.000   0.000
 14.400    -0.002  -0.000   0.000   0.000
 14.500    -0.002  -0.000   0.000   0.000
 14.600    -0.002  -0.000   0.000   0.000
 14.700    -0.001  -0.000   0.000   0.000
 14.800    -0.001  -0.000   0.000   0.000
 14.900    -0.001  -0.000   0.000   0.000
 15.000    -0.001  -0.000   0.000   0.000
 15.100    -0.001  -0.000   0.000   0.000
 15.200    -0.001  -0.000   0.000   0.000
 15.300    -0.000  -0.000   0.000   0.000
 15.400    -0.000  -0.000   0.000   0.000
 15.500    -0.000  -0.000   0.000   0.000
 15.600    -0.000  -0.000   0.000   0.000
 15.700    -0.000  -0.000   0.000   0.000
 15.800    -0.000  -0.000   0.000   0.000
 15.900    -0.000  -0.000   0.000   0.000
 16.000    -0.000  -0.000   0.000   0.000
 16.100    -0.000  -0.000   0.000   0.000
 16.200    -0.000  -0.000   0.000   0.000
 16.300    -0.000  -0.000   0.000   0.000
 16.400    -0.000  -0.000   0.000   0.000
 16.500    -0.000  -0.000   0.000   0.000
 16.600    -0.000  -0.000   0.000   0.000
 16.700    -0.000  -0.000   0.000   0.000
 16.800    -0.000  -0.000   0.000   0.000
 16.900    -0.000  -0.000   0.000   0.000
 17.000    -0.000  -0.000   0.000   0.000
 17.100    -0.000  -0.000   0.000   0.000
 17.200    -0.000  -0.000   0.000   0.000
 17.300    -0.000  -0.000   0.000   0.000
 17.400    -0.000  -0.000   0.000   0.000
 17.500    -0.000  -0.000   0.000   0.000
 17.600    -0.000  -0.000   0.000   0.000
 17.700    -0.000  -0.000   0.000   0.000
 17.800    -0.000  -0.000   0.000   0.000
 17.900    -0.000  -0.000   0.000   0.000
 18.000    -0.000  -0.000   0.000   0.000
 18.100    -0.000  -0.000   0.000   0.000
 18.200    -0.000  -0.000   0.000   0.000
 18.300    -0.000  -0.000   0.000   0.000
 18.400    -0.000  -0.000   0.000   0.000
 18.500    -0.000  -0.000   0.000   0.000
 18.600    -0.000  -0.000   0.000   0.000
 18.700    -0.000  -0.000   0.000   0.000
 18.800    -0.000  -0.000   0.000   0.000
 18.900    -0.000  -0.000   0.000   0.000
 19.000    -0.000  -0.000   0.000   0.000
 19.100    -0.000  -0.000   0.000   0.000
 19.200    -0.000  -0.000   0.000   0.000
 19.300    -0.000  -0.000   0.000   0.000
 19.400    -0.000  -0.000   0.000   0.000
 19.500    -0.000  -0.000   0.000   0.000
 19.600    -0.000  -0.000   0.000   0.000
 19.700    -0.000  -0.000   0.000   0.000
 19.800    -0.000  -0.000   0.000   0.000
 19.900    -0.000  -0.000   0.000   0.000
 20.000    -0.000  -0.000   0.000   0.000

 ########### REACTION SUMMARY FOR E=  34.00000 ###########

 Center-of-mass energy:   33.191

 1. Total (binary) cross sections

   Reaction        = 1.54884E+03
     Compound elastic= 1.00003E-07
     Non-elastic     = 1.54884E+03
       Direct          = 9.80658E+01
       Pre-equilibrium = 3.54919E+02
       Compound non-el = 1.09586E+03

 2. Binary non-elastic cross sections (non-exclusive)

 gamma   = 1.31783E+00
 neutron = 1.23257E+03
 proton  = 2.35183E+01
 deuteron= 4.25842E+00
 triton  = 4.15655E+00
 helium-3= 1.15572E-01
 alpha   = 2.82902E+02

 3. Total particle production cross sections

 gamma   = 4.99651E+03    Multiplicity= 3.22597E+00
 neutron = 3.67999E+03    Multiplicity= 2.37597E+00
 proton  = 2.37770E+01    Multiplicity= 1.53515E-02
 deuteron= 4.25852E+00    Multiplicity= 2.74949E-03
 triton  = 4.15655E+00    Multiplicity= 2.68366E-03
 helium-3= 1.15572E-01    Multiplicity= 7.46186E-05
 alpha   = 2.83028E+02    Multiplicity= 1.82735E-01

 4. Residual production cross sections

   a. Per isotope

   Z   A  nuclide    total     level   isomeric    isomeric    lifetime
                 cross section       cross section  ratio

   69 169 (169Tm) 3.00580E-05    0    3.00580E-05  1.00000
   69 168 (168Tm) 1.26306E+01    0    1.26306E+01  1.00000
   68 168 (168Er) 3.73528E+00    0    3.73528E+00  1.00000
   69 167 (167Tm) 1.30352E+02    0    1.30352E+02  1.00000
   68 167 (167Er) 1.89207E+01    0    1.32873E+01  0.70226
                                 3    5.63337E+00  0.29774   2.26900E+00 sec. 
   69 166 (166Tm) 1.08450E+03    0    1.08450E+03  1.00000
   68 166 (166Er) 9.06729E+00    0    9.06729E+00  1.00000
   67 166 (166Ho) 1.15744E-01    0    6.30545E-02  0.54478
                                 1    5.26892E-02  0.45522   3.78700E+10 sec. 
   69 165 (165Tm) 5.84775E+00    0    5.84775E+00  1.00000
   68 165 (165Er) 4.58316E-01    0    4.58316E-01  1.00000
   67 165 (165Ho) 1.82901E+02    0    1.82901E+02  1.00000
   67 164 (164Ho) 9.63975E+01    0    7.63218E+01  0.79174
                                 3    2.00757E+01  0.20826   2.19600E+03 sec. 
   67 163 (163Ho) 3.67143E+00    0    3.09850E+00  0.84395
                                 3    5.72927E-01  0.15605   1.09000E+00 sec. 
   65 161 (161Tb) 1.00000E-07    0    4.24285E-08  0.00000

   b. Per mass

   A  cross section

  169 3.00580E-05
  168 1.63658E+01
  167 1.49273E+02
  166 1.09368E+03
  165 1.89207E+02
  164 9.63975E+01
  163 3.67143E+00

 Total residual production cross section:  1548.5981445
 Non-elastic cross section              :  1548.8399658

 ########## RESULTS FOR E=  36.00000 ##########

 Energy dependent input flags

 Width fluctuations (flagwidth)            : n
 Unresolved resonance parameters (flagurr) : n
 Preequilibrium (flagpreeq)                : y
 Multiple preequilibrium (flagmulpre)      : y
 Number of continuum excitation energy bins: 40

 +++++++++ DOUBLE FOLDING OPTICAL MODEL POTENTIAL FOR INCIDENT CHANNEL ++++++++++

           alpha    on 165Ho

  Radius     V      W       Vso     Wso

  0.100  -240.135 -22.792   0.000   0.000
  0.200  -240.120 -22.792   0.000   0.000
  0.300  -240.095 -22.792   0.000   0.000
  0.400  -240.058 -22.792   0.000   0.000
  0.500  -240.008 -22.792   0.000   0.000
  0.600  -239.945 -22.792   0.000   0.000
  0.700  -239.868 -22.792   0.000   0.000
  0.800  -239.775 -22.792   0.000   0.000
  0.900  -239.665 -22.793   0.000   0.000
  1.000  -239.538 -22.793   0.000   0.000
  1.100  -239.390 -22.793   0.000   0.000
  1.200  -239.219 -22.793   0.000   0.000
  1.300  -239.023 -22.793   0.000   0.000
  1.400  -238.800 -22.793   0.000   0.000
  1.500  -238.547 -22.793   0.000   0.000
  1.600  -238.259 -22.793   0.000   0.000
  1.700  -237.933 -22.793   0.000   0.000
  1.800  -237.565 -22.793   0.000   0.000
  1.900  -237.151 -22.793   0.000   0.000
  2.000  -236.685 -22.793   0.000   0.000
  2.100  -236.164 -22.793   0.000   0.000
  2.200  -235.580 -22.793   0.000   0.000
  2.300  -234.930 -22.793   0.000   0.000
  2.400  -234.206 -22.793   0.000   0.000
  2.500  -233.404 -22.794   0.000   0.000
  2.600  -232.515 -22.794   0.000   0.000
  2.700  -231.536 -22.794   0.000   0.000
  2.800  -230.459 -22.795   0.000   0.000
  2.900  -229.277 -22.795   0.000   0.000
  3.000  -227.984 -22.796   0.000   0.000
  3.100  -226.575 -22.796   0.000   0.000
  3.200  -225.042 -22.797   0.000   0.000
  3.300  -223.380 -22.799   0.000   0.000
  3.400  -221.583 -22.800   0.000   0.000
  3.500  -219.646 -22.802   0.000   0.000
  3.600  -217.565 -22.804   0.000   0.000
  3.700  -215.335 -22.806   0.000   0.000
  3.800  -212.953 -22.809   0.000   0.000
  3.900  -210.417 -22.813   0.000   0.000
  4.000  -207.724 -22.817   0.000   0.000
  4.100  -204.874 -22.823   0.000   0.000
  4.200  -201.866 -22.830   0.000   0.000
  4.300  -198.701 -22.838   0.000   0.000
  4.400  -195.382 -22.848   0.000   0.000
  4.500  -191.911 -22.859   0.000   0.000
  4.600  -188.292 -22.873   0.000   0.000
  4.700  -184.530 -22.890   0.000   0.000
  4.800  -180.632 -22.909   0.000   0.000
  4.900  -176.602 -22.932   0.000   0.000
  5.000  -172.448 -22.959   0.000   0.000
  5.100  -168.176 -22.990   0.000   0.000
  5.200  -163.795 -23.024   0.000   0.000
  5.300  -159.310 -23.062   0.000   0.000
  5.400  -154.728 -23.102   0.000   0.000
  5.500  -150.051 -23.143   0.000   0.000
  5.600  -145.282 -23.181   0.000   0.000
  5.700  -140.419 -23.212   0.000   0.000
  5.800  -135.453 -23.227   0.000   0.000
  5.900  -130.374 -23.215   0.000   0.000
  6.000  -125.159 -23.161   0.000   0.000
  6.100  -119.782 -23.045   0.000   0.000
  6.200  -114.208 -22.841   0.000   0.000
  6.300  -108.397 -22.520   0.000   0.000
  6.400  -102.313 -22.053   0.000   0.000
  6.500   -95.935 -21.418   0.000   0.000
  6.600   -89.271 -20.608   0.000   0.000
  6.700   -82.372 -19.639   0.000   0.000
  6.800   -75.342 -18.555   0.000   0.000
  6.900   -68.330 -17.418   0.000   0.000
  7.000   -61.509 -16.300   0.000   0.000
  7.100   -55.044 -15.255   0.000   0.000
  7.200   -49.061 -14.310   0.000   0.000
  7.300   -43.637 -13.460   0.000   0.000
  7.400   -38.801 -12.674   0.000   0.000
  7.500   -34.539 -11.912   0.000   0.000
  7.600   -30.812 -11.136   0.000   0.000
  7.700   -27.563 -10.324   0.000   0.000
  7.800   -24.732  -9.471   0.000   0.000
  7.900   -22.257  -8.584   0.000   0.000
  8.000   -20.080  -7.683   0.000   0.000
  8.100   -18.151  -6.791   0.000   0.000
  8.200   -16.426  -5.933   0.000   0.000
  8.300   -14.872  -5.128   0.000   0.000
  8.400   -13.460  -4.389   0.000   0.000
  8.500   -12.170  -3.725   0.000   0.000
  8.600   -10.987  -3.138   0.000   0.000
  8.700    -9.900  -2.626   0.000   0.000
  8.800    -8.900  -2.187   0.000   0.000
  8.900    -7.981  -1.812   0.000   0.000
  9.000    -7.138  -1.497   0.000   0.000
  9.100    -6.367  -1.232   0.000   0.000
  9.200    -5.663  -1.012   0.000   0.000
  9.300    -5.023  -0.829   0.000   0.000
  9.400    -4.443  -0.678   0.000   0.000
  9.500    -3.919  -0.554   0.000   0.000
  9.600    -3.448  -0.452   0.000   0.000
  9.700    -3.026  -0.368   0.000   0.000
  9.800    -2.648  -0.300   0.000   0.000
  9.900    -2.312  -0.244   0.000   0.000
 10.000    -2.014  -0.199   0.000   0.000
 10.100    -1.751  -0.161   0.000   0.000
 10.200    -1.518  -0.131   0.000   0.000
 10.300    -1.314  -0.107   0.000   0.000
 10.400    -1.135  -0.087   0.000   0.000
 10.500    -0.979  -0.070   0.000   0.000
 10.600    -0.843  -0.057   0.000   0.000
 10.700    -0.724  -0.046   0.000   0.000
 10.800    -0.622  -0.038   0.000   0.000
 10.900    -0.533  -0.031   0.000   0.000
 11.000    -0.456  -0.025   0.000   0.000
 11.100    -0.390  -0.020   0.000   0.000
 11.200    -0.334  -0.016   0.000   0.000
 11.300    -0.285  -0.013   0.000   0.000
 11.400    -0.243  -0.011   0.000   0.000
 11.500    -0.208  -0.009   0.000   0.000
 11.600    -0.177  -0.007   0.000   0.000
 11.700    -0.151  -0.006   0.000   0.000
 11.800    -0.129  -0.005   0.000   0.000
 11.900    -0.110  -0.004   0.000   0.000
 12.000    -0.094  -0.003   0.000   0.000
 12.100    -0.081  -0.003   0.000   0.000
 12.200    -0.069  -0.002   0.000   0.000
 12.300    -0.059  -0.002   0.000   0.000
 12.400    -0.051  -0.001   0.000   0.000
 12.500    -0.043  -0.001   0.000   0.000
 12.600    -0.037  -0.001   0.000   0.000
 12.700    -0.032  -0.001   0.000   0.000
 12.800    -0.027  -0.001   0.000   0.000
 12.900    -0.023  -0.000   0.000   0.000
 13.000    -0.020  -0.000   0.000   0.000
 13.100    -0.017  -0.000   0.000   0.000
 13.200    -0.015  -0.000   0.000   0.000
 13.300    -0.013  -0.000   0.000   0.000
 13.400    -0.011  -0.000   0.000   0.000
 13.500    -0.009  -0.000   0.000   0.000
 13.600    -0.008  -0.000   0.000   0.000
 13.700    -0.007  -0.000   0.000   0.000
 13.800    -0.006  -0.000   0.000   0.000
 13.900    -0.005  -0.000   0.000   0.000
 14.000    -0.004  -0.000   0.000   0.000
 14.100    -0.004  -0.000   0.000   0.000
 14.200    -0.003  -0.000   0.000   0.000
 14.300    -0.003  -0.000   0.000   0.000
 14.400    -0.002  -0.000   0.000   0.000
 14.500    -0.002  -0.000   0.000   0.000
 14.600    -0.002  -0.000   0.000   0.000
 14.700    -0.001  -0.000   0.000   0.000
 14.800    -0.001  -0.000   0.000   0.000
 14.900    -0.001  -0.000   0.000   0.000
 15.000    -0.001  -0.000   0.000   0.000
 15.100    -0.001  -0.000   0.000   0.000
 15.200    -0.001  -0.000   0.000   0.000
 15.300    -0.000  -0.000   0.000   0.000
 15.400    -0.000  -0.000   0.000   0.000
 15.500    -0.000  -0.000   0.000   0.000
 15.600    -0.000  -0.000   0.000   0.000
 15.700    -0.000  -0.000   0.000   0.000
 15.800    -0.000  -0.000   0.000   0.000
 15.900    -0.000  -0.000   0.000   0.000
 16.000    -0.000  -0.000   0.000   0.000
 16.100    -0.000  -0.000   0.000   0.000
 16.200    -0.000  -0.000   0.000   0.000
 16.300    -0.000  -0.000   0.000   0.000
 16.400    -0.000  -0.000   0.000   0.000
 16.500    -0.000  -0.000   0.000   0.000
 16.600    -0.000  -0.000   0.000   0.000
 16.700    -0.000  -0.000   0.000   0.000
 16.800    -0.000  -0.000   0.000   0.000
 16.900    -0.000  -0.000   0.000   0.000
 17.000    -0.000  -0.000   0.000   0.000
 17.100    -0.000  -0.000   0.000   0.000
 17.200    -0.000  -0.000   0.000   0.000
 17.300    -0.000  -0.000   0.000   0.000
 17.400    -0.000  -0.000   0.000   0.000
 17.500    -0.000  -0.000   0.000   0.000
 17.600    -0.000  -0.000   0.000   0.000
 17.700    -0.000  -0.000   0.000   0.000
 17.800    -0.000  -0.000   0.000   0.000
 17.900    -0.000  -0.000   0.000   0.000
 18.000    -0.000  -0.000   0.000   0.000
 18.100    -0.000  -0.000   0.000   0.000
 18.200    -0.000  -0.000   0.000   0.000
 18.300    -0.000  -0.000   0.000   0.000
 18.400    -0.000  -0.000   0.000   0.000
 18.500    -0.000  -0.000   0.000   0.000
 18.600    -0.000  -0.000   0.000   0.000
 18.700    -0.000  -0.000   0.000   0.000
 18.800    -0.000  -0.000   0.000   0.000
 18.900    -0.000  -0.000   0.000   0.000
 19.000    -0.000  -0.000   0.000   0.000
 19.100    -0.000  -0.000   0.000   0.000
 19.200    -0.000  -0.000   0.000   0.000
 19.300    -0.000  -0.000   0.000   0.000
 19.400    -0.000  -0.000   0.000   0.000
 19.500    -0.000  -0.000   0.000   0.000
 19.600    -0.000  -0.000   0.000   0.000
 19.700    -0.000  -0.000   0.000   0.000
 19.800    -0.000  -0.000   0.000   0.000
 19.900    -0.000  -0.000   0.000   0.000
 20.000    -0.000  -0.000   0.000   0.000

 ########### REACTION SUMMARY FOR E=  36.00000 ###########

 Center-of-mass energy:   35.143

 1. Total (binary) cross sections

   Reaction        = 1.63399E+03
     Compound elastic= 1.00001E-07
     Non-elastic     = 1.63399E+03
       Direct          = 9.36766E+01
       Pre-equilibrium = 3.61334E+02
       Compound non-el = 1.17898E+03

 2. Binary non-elastic cross sections (non-exclusive)

 gamma   = 1.36991E+00
 neutron = 1.33127E+03
 proton  = 3.03084E+01
 deuteron= 6.08781E+00
 triton  = 5.32308E+00
 helium-3= 3.52577E-01
 alpha   = 2.59282E+02

 3. Total particle production cross sections

 gamma   = 5.56701E+03    Multiplicity= 3.40700E+00
 neutron = 4.16094E+03    Multiplicity= 2.54649E+00
 proton  = 3.07648E+01    Multiplicity= 1.88280E-02
 deuteron= 6.08822E+00    Multiplicity= 3.72599E-03
 triton  = 5.32311E+00    Multiplicity= 3.25773E-03
 helium-3= 3.52577E-01    Multiplicity= 2.15777E-04
 alpha   = 2.59517E+02    Multiplicity= 1.58824E-01

 4. Residual production cross sections

   a. Per isotope

   Z   A  nuclide    total     level   isomeric    isomeric    lifetime
                 cross section       cross section  ratio

   69 169 (169Tm) 1.61463E-05    0    1.61463E-05  1.00000
   69 168 (168Tm) 1.10693E+01    0    1.10693E+01  1.00000
   68 168 (168Er) 3.62762E+00    0    3.62762E+00  1.00000
   69 167 (167Tm) 9.46549E+01    0    9.46549E+01  1.00000
   68 167 (167Er) 2.16974E+01    0    1.51192E+01  0.69682
                                 3    6.57818E+00  0.30318   2.26900E+00 sec. 
   69 166 (166Tm) 1.10047E+03    0    1.10047E+03  1.00000
   68 166 (166Er) 1.57805E+01    0    1.57805E+01  1.00000
   67 166 (166Ho) 3.52360E-01    0    1.83472E-01  0.52069
                                 1    1.68888E-01  0.47931   3.78700E+10 sec. 
   69 165 (165Tm) 1.25532E+02    0    1.25532E+02  1.00000
   68 165 (165Er) 1.05014E+00    0    1.05014E+00  1.00000
   67 165 (165Ho) 1.53065E+02    0    1.53065E+02  1.00000
   67 164 (164Ho) 9.55992E+01    0    7.58340E+01  0.79325
                                 3    1.97653E+01  0.20675   2.19600E+03 sec. 
   67 163 (163Ho) 1.07594E+01    0    9.02033E+00  0.83837
                                 3    1.73904E+00  0.16163   1.09000E+00 sec. 
   65 161 (161Tb) 1.00000E-07    0    5.13734E-08  0.00000

   b. Per mass

   A  cross section

  169 1.61463E-05
  168 1.46969E+01
  167 1.16352E+02
  166 1.11661E+03
  165 2.79647E+02
  164 9.55992E+01
  163 1.07594E+01

 Total residual production cross section:  1633.6630859
 Non-elastic cross section              :  1633.9899902

 ########## RESULTS FOR E=  38.00000 ##########

 Energy dependent input flags

 Width fluctuations (flagwidth)            : n
 Unresolved resonance parameters (flagurr) : n
 Preequilibrium (flagpreeq)                : y
 Multiple preequilibrium (flagmulpre)      : y
 Number of continuum excitation energy bins: 40

 +++++++++ DOUBLE FOLDING OPTICAL MODEL POTENTIAL FOR INCIDENT CHANNEL ++++++++++

           alpha    on 165Ho

  Radius     V      W       Vso     Wso

  0.100  -240.279 -23.579   0.000   0.000
  0.200  -240.264 -23.579   0.000   0.000
  0.300  -240.240 -23.579   0.000   0.000
  0.400  -240.203 -23.579   0.000   0.000
  0.500  -240.153 -23.579   0.000   0.000
  0.600  -240.090 -23.579   0.000   0.000
  0.700  -240.013 -23.579   0.000   0.000
  0.800  -239.920 -23.579   0.000   0.000
  0.900  -239.811 -23.579   0.000   0.000
  1.000  -239.684 -23.579   0.000   0.000
  1.100  -239.536 -23.579   0.000   0.000
  1.200  -239.366 -23.579   0.000   0.000
  1.300  -239.170 -23.579   0.000   0.000
  1.400  -238.947 -23.579   0.000   0.000
  1.500  -238.695 -23.579   0.000   0.000
  1.600  -238.407 -23.579   0.000   0.000
  1.700  -238.082 -23.579   0.000   0.000
  1.800  -237.715 -23.579   0.000   0.000
  1.900  -237.302 -23.579   0.000   0.000
  2.000  -236.838 -23.579   0.000   0.000
  2.100  -236.318 -23.579   0.000   0.000
  2.200  -235.736 -23.579   0.000   0.000
  2.300  -235.087 -23.579   0.000   0.000
  2.400  -234.365 -23.580   0.000   0.000
  2.500  -233.565 -23.580   0.000   0.000
  2.600  -232.680 -23.580   0.000   0.000
  2.700  -231.703 -23.580   0.000   0.000
  2.800  -230.629 -23.581   0.000   0.000
  2.900  -229.451 -23.581   0.000   0.000
  3.000  -228.162 -23.582   0.000   0.000
  3.100  -226.757 -23.583   0.000   0.000
  3.200  -225.229 -23.584   0.000   0.000
  3.300  -223.572 -23.585   0.000   0.000
  3.400  -221.781 -23.586   0.000   0.000
  3.500  -219.850 -23.588   0.000   0.000
  3.600  -217.776 -23.590   0.000   0.000
  3.700  -215.553 -23.593   0.000   0.000
  3.800  -213.179 -23.596   0.000   0.000
  3.900  -210.651 -23.600   0.000   0.000
  4.000  -207.967 -23.604   0.000   0.000
  4.100  -205.127 -23.610   0.000   0.000
  4.200  -202.129 -23.617   0.000   0.000
  4.300  -198.975 -23.625   0.000   0.000
  4.400  -195.667 -23.635   0.000   0.000
  4.500  -192.208 -23.647   0.000   0.000
  4.600  -188.602 -23.661   0.000   0.000
  4.700  -184.853 -23.678   0.000   0.000
  4.800  -180.968 -23.698   0.000   0.000
  4.900  -176.951 -23.721   0.000   0.000
  5.000  -172.810 -23.748   0.000   0.000
  5.100  -168.552 -23.779   0.000   0.000
  5.200  -164.184 -23.813   0.000   0.000
  5.300  -159.711 -23.852   0.000   0.000
  5.400  -155.140 -23.892   0.000   0.000
  5.500  -150.473 -23.933   0.000   0.000
  5.600  -145.712 -23.970   0.000   0.000
  5.700  -140.852 -24.000   0.000   0.000
  5.800  -135.888 -24.012   0.000   0.000
  5.900  -130.805 -23.997   0.000   0.000
  6.000  -125.580 -23.938   0.000   0.000
  6.100  -120.186 -23.813   0.000   0.000
  6.200  -114.584 -23.596   0.000   0.000
  6.300  -108.735 -23.257   0.000   0.000
  6.400  -102.601 -22.767   0.000   0.000
  6.500   -96.159 -22.101   0.000   0.000
  6.600   -89.416 -21.254   0.000   0.000
  6.700   -82.426 -20.242   0.000   0.000
  6.800   -75.296 -19.109   0.000   0.000
  6.900   -68.180 -17.922   0.000   0.000
  7.000   -61.257 -16.754   0.000   0.000
  7.100   -54.697 -15.664   0.000   0.000
  7.200   -48.632 -14.678   0.000   0.000
  7.300   -43.145 -13.792   0.000   0.000
  7.400   -38.263 -12.975   0.000   0.000
  7.500   -33.976 -12.185   0.000   0.000
  7.600   -30.241 -11.385   0.000   0.000
  7.700   -27.001 -10.550   0.000   0.000
  7.800   -24.193  -9.674   0.000   0.000
  7.900   -21.752  -8.765   0.000   0.000
  8.000   -19.615  -7.843   0.000   0.000
  8.100   -17.731  -6.932   0.000   0.000
  8.200   -16.052  -6.056   0.000   0.000
  8.300   -14.543  -5.233   0.000   0.000
  8.400   -13.174  -4.479   0.000   0.000
  8.500   -11.923  -3.800   0.000   0.000
  8.600   -10.776  -3.201   0.000   0.000
  8.700    -9.720  -2.680   0.000   0.000
  8.800    -8.748  -2.231   0.000   0.000
  8.900    -7.853  -1.849   0.000   0.000
  9.000    -7.031  -1.527   0.000   0.000
  9.100    -6.277  -1.257   0.000   0.000
  9.200    -5.588  -1.032   0.000   0.000
  9.300    -4.960  -0.845   0.000   0.000
  9.400    -4.391  -0.692   0.000   0.000
  9.500    -3.876  -0.565   0.000   0.000
  9.600    -3.412  -0.461   0.000   0.000
  9.700    -2.996  -0.376   0.000   0.000
  9.800    -2.623  -0.306   0.000   0.000
  9.900    -2.291  -0.249   0.000   0.000
 10.000    -1.997  -0.203   0.000   0.000
 10.100    -1.736  -0.165   0.000   0.000
 10.200    -1.506  -0.134   0.000   0.000
 10.300    -1.304  -0.109   0.000   0.000
 10.400    -1.127  -0.088   0.000   0.000
 10.500    -0.972  -0.072   0.000   0.000
 10.600    -0.837  -0.058   0.000   0.000
 10.700    -0.720  -0.047   0.000   0.000
 10.800    -0.618  -0.039   0.000   0.000
 10.900    -0.530  -0.031   0.000   0.000
 11.000    -0.454  -0.025   0.000   0.000
 11.100    -0.388  -0.021   0.000   0.000
 11.200    -0.332  -0.017   0.000   0.000
 11.300    -0.284  -0.014   0.000   0.000
 11.400    -0.242  -0.011   0.000   0.000
 11.500    -0.207  -0.009   0.000   0.000
 11.600    -0.177  -0.007   0.000   0.000
 11.700    -0.151  -0.006   0.000   0.000
 11.800    -0.129  -0.005   0.000   0.000
 11.900    -0.110  -0.004   0.000   0.000
 12.000    -0.094  -0.003   0.000   0.000
 12.100    -0.080  -0.003   0.000   0.000
 12.200    -0.069  -0.002   0.000   0.000
 12.300    -0.059  -0.002   0.000   0.000
 12.400    -0.050  -0.001   0.000   0.000
 12.500    -0.043  -0.001   0.000   0.000
 12.600    -0.037  -0.001   0.000   0.000
 12.700    -0.032  -0.001   0.000   0.000
 12.800    -0.027  -0.001   0.000   0.000
 12.900    -0.023  -0.000   0.000   0.000
 13.000    -0.020  -0.000   0.000   0.000
 13.100    -0.017  -0.000   0.000   0.000
 13.200    -0.015  -0.000   0.000   0.000
 13.300    -0.013  -0.000   0.000   0.000
 13.400    -0.011  -0.000   0.000   0.000
 13.500    -0.009  -0.000   0.000   0.000
 13.600    -0.008  -0.000   0.000   0.000
 13.700    -0.007  -0.000   0.000   0.000
 13.800    -0.006  -0.000   0.000   0.000
 13.900    -0.005  -0.000   0.000   0.000
 14.000    -0.004  -0.000   0.000   0.000
 14.100    -0.004  -0.000   0.000   0.000
 14.200    -0.003  -0.000   0.000   0.000
 14.300    -0.003  -0.000   0.000   0.000
 14.400    -0.002  -0.000   0.000   0.000
 14.500    -0.002  -0.000   0.000   0.000
 14.600    -0.002  -0.000   0.000   0.000
 14.700    -0.001  -0.000   0.000   0.000
 14.800    -0.001  -0.000   0.000   0.000
 14.900    -0.001  -0.000   0.000   0.000
 15.000    -0.001  -0.000   0.000   0.000
 15.100    -0.001  -0.000   0.000   0.000
 15.200    -0.001  -0.000   0.000   0.000
 15.300    -0.000  -0.000   0.000   0.000
 15.400    -0.000  -0.000   0.000   0.000
 15.500    -0.000  -0.000   0.000   0.000
 15.600    -0.000  -0.000   0.000   0.000
 15.700    -0.000  -0.000   0.000   0.000
 15.800    -0.000  -0.000   0.000   0.000
 15.900    -0.000  -0.000   0.000   0.000
 16.000    -0.000  -0.000   0.000   0.000
 16.100    -0.000  -0.000   0.000   0.000
 16.200    -0.000  -0.000   0.000   0.000
 16.300    -0.000  -0.000   0.000   0.000
 16.400    -0.000  -0.000   0.000   0.000
 16.500    -0.000  -0.000   0.000   0.000
 16.600    -0.000  -0.000   0.000   0.000
 16.700    -0.000  -0.000   0.000   0.000
 16.800    -0.000  -0.000   0.000   0.000
 16.900    -0.000  -0.000   0.000   0.000
 17.000    -0.000  -0.000   0.000   0.000
 17.100    -0.000  -0.000   0.000   0.000
 17.200    -0.000  -0.000   0.000   0.000
 17.300    -0.000  -0.000   0.000   0.000
 17.400    -0.000  -0.000   0.000   0.000
 17.500    -0.000  -0.000   0.000   0.000
 17.600    -0.000  -0.000   0.000   0.000
 17.700    -0.000  -0.000   0.000   0.000
 17.800    -0.000  -0.000   0.000   0.000
 17.900    -0.000  -0.000   0.000   0.000
 18.000    -0.000  -0.000   0.000   0.000
 18.100    -0.000  -0.000   0.000   0.000
 18.200    -0.000  -0.000   0.000   0.000
 18.300    -0.000  -0.000   0.000   0.000
 18.400    -0.000  -0.000   0.000   0.000
 18.500    -0.000  -0.000   0.000   0.000
 18.600    -0.000  -0.000   0.000   0.000
 18.700    -0.000  -0.000   0.000   0.000
 18.800    -0.000  -0.000   0.000   0.000
 18.900    -0.000  -0.000   0.000   0.000
 19.000    -0.000  -0.000   0.000   0.000
 19.100    -0.000  -0.000   0.000   0.000
 19.200    -0.000  -0.000   0.000   0.000
 19.300    -0.000  -0.000   0.000   0.000
 19.400    -0.000  -0.000   0.000   0.000
 19.500    -0.000  -0.000   0.000   0.000
 19.600    -0.000  -0.000   0.000   0.000
 19.700    -0.000  -0.000   0.000   0.000
 19.800    -0.000  -0.000   0.000   0.000
 19.900    -0.000  -0.000   0.000   0.000
 20.000    -0.000  -0.000   0.000   0.000

 ########### REACTION SUMMARY FOR E=  38.00000 ###########

 Center-of-mass energy:   37.095

 1. Total (binary) cross sections

   Reaction        = 1.70768E+03
     Compound elastic= 1.00000E-07
     Non-elastic     = 1.70768E+03
       Direct          = 9.10197E+01
       Pre-equilibrium = 3.76506E+02
       Compound non-el = 1.24015E+03

 2. Binary non-elastic cross sections (non-exclusive)

 gamma   = 1.40389E+00
 neutron = 1.40728E+03
 proton  = 3.76147E+01
 deuteron= 8.20705E+00
 triton  = 6.79507E+00
 helium-3= 8.17512E-01
 alpha   = 2.45557E+02

 3. Total particle production cross sections

 gamma   = 5.93122E+03    Multiplicity= 3.47326E+00
 neutron = 4.70977E+03    Multiplicity= 2.75799E+00
 proton  = 3.83669E+01    Multiplicity= 2.24672E-02
 deuteron= 8.20838E+00    Multiplicity= 4.80674E-03
 triton  = 6.79518E+00    Multiplicity= 3.97919E-03
 helium-3= 8.17512E-01    Multiplicity= 4.78727E-04
 alpha   = 2.45957E+02    Multiplicity= 1.44030E-01

 4. Residual production cross sections

   a. Per isotope

   Z   A  nuclide    total     level   isomeric    isomeric    lifetime
                 cross section       cross section  ratio

   69 168 (168Tm) 9.75656E+00    0    9.75656E+00  1.00000
   68 168 (168Er) 3.31252E+00    0    3.31252E+00  1.00000
   69 167 (167Tm) 7.63316E+01    0    7.63316E+01  1.00000
   68 167 (167Er) 2.31660E+01    0    1.59741E+01  0.68955
                                 3    7.19188E+00  0.31045   2.26900E+00 sec. 
   69 166 (166Tm) 9.22241E+02    0    9.22241E+02  1.00000
   68 166 (166Er) 2.48237E+01    0    2.48237E+01  1.00000
   67 166 (166Ho) 8.08806E-01    0    4.08918E-01  0.50558
                                 1    3.99888E-01  0.49442   3.78700E+10 sec. 
   69 165 (165Tm) 3.98939E+02    0    3.98939E+02  1.00000
   68 165 (165Er) 2.02409E+00    0    2.02409E+00  1.00000
   67 165 (165Ho) 1.39414E+02    0    1.39414E+02  1.00000
   68 164 (164Er) 9.69874E-03    0    9.69874E-03  1.00000
   67 164 (164Ho) 8.54496E+01    0    6.79510E+01  0.79522
                                 3    1.74986E+01  0.20478   2.19600E+03 sec. 
   67 163 (163Ho) 2.10030E+01    0    1.71777E+01  0.81787
                                 3    3.82530E+00  0.18213   1.09000E+00 sec. 
   67 162 (162Ho) 6.33895E-03    0    2.05711E-03  0.32452
                                 3    4.28183E-03  0.67548   4.02000E+03 sec. 
   65 161 (161Tb) 1.00000E-07    0    5.35571E-08  0.00000

   b. Per mass

   A  cross section

  168 1.30691E+01
  167 9.94976E+01
  166 9.47873E+02
  165 5.40377E+02
  164 8.54593E+01
  163 2.10030E+01
  162 6.33895E-03

 Total residual production cross section:  1707.2857666
 Non-elastic cross section              :  1707.6800537

 ########## RESULTS FOR E=  40.00000 ##########

 Energy dependent input flags

 Width fluctuations (flagwidth)            : n
 Unresolved resonance parameters (flagurr) : n
 Preequilibrium (flagpreeq)                : y
 Multiple preequilibrium (flagmulpre)      : y
 Number of continuum excitation energy bins: 40

 +++++++++ DOUBLE FOLDING OPTICAL MODEL POTENTIAL FOR INCIDENT CHANNEL ++++++++++

           alpha    on 165Ho

  Radius     V      W       Vso     Wso

  0.100  -240.318 -24.224   0.000   0.000
  0.200  -240.303 -24.224   0.000   0.000
  0.300  -240.279 -24.224   0.000   0.000
  0.400  -240.242 -24.224   0.000   0.000
  0.500  -240.192 -24.224   0.000   0.000
  0.600  -240.129 -24.224   0.000   0.000
  0.700  -240.052 -24.224   0.000   0.000
  0.800  -239.960 -24.224   0.000   0.000
  0.900  -239.851 -24.224   0.000   0.000
  1.000  -239.724 -24.224   0.000   0.000
  1.100  -239.576 -24.224   0.000   0.000
  1.200  -239.406 -24.224   0.000   0.000
  1.300  -239.211 -24.224   0.000   0.000
  1.400  -238.989 -24.224   0.000   0.000
  1.500  -238.737 -24.224   0.000   0.000
  1.600  -238.450 -24.225   0.000   0.000
  1.700  -238.126 -24.225   0.000   0.000
  1.800  -237.760 -24.225   0.000   0.000
  1.900  -237.348 -24.225   0.000   0.000
  2.000  -236.886 -24.225   0.000   0.000
  2.100  -236.367 -24.225   0.000   0.000
  2.200  -235.787 -24.225   0.000   0.000
  2.300  -235.141 -24.225   0.000   0.000
  2.400  -234.421 -24.225   0.000   0.000
  2.500  -233.624 -24.226   0.000   0.000
  2.600  -232.741 -24.226   0.000   0.000
  2.700  -231.768 -24.226   0.000   0.000
  2.800  -230.698 -24.227   0.000   0.000
  2.900  -229.523 -24.227   0.000   0.000
  3.000  -228.239 -24.228   0.000   0.000
  3.100  -226.839 -24.228   0.000   0.000
  3.200  -225.316 -24.229   0.000   0.000
  3.300  -223.664 -24.231   0.000   0.000
  3.400  -221.880 -24.232   0.000   0.000
  3.500  -219.956 -24.234   0.000   0.000
  3.600  -217.889 -24.236   0.000   0.000
  3.700  -215.675 -24.238   0.000   0.000
  3.800  -213.310 -24.242   0.000   0.000
  3.900  -210.791 -24.245   0.000   0.000
  4.000  -208.118 -24.250   0.000   0.000
  4.100  -205.288 -24.256   0.000   0.000
  4.200  -202.302 -24.263   0.000   0.000
  4.300  -199.160 -24.271   0.000   0.000
  4.400  -195.865 -24.281   0.000   0.000
  4.500  -192.420 -24.293   0.000   0.000
  4.600  -188.828 -24.307   0.000   0.000
  4.700  -185.093 -24.324   0.000   0.000
  4.800  -181.222 -24.344   0.000   0.000
  4.900  -177.221 -24.368   0.000   0.000
  5.000  -173.095 -24.395   0.000   0.000
  5.100  -168.852 -24.426   0.000   0.000
  5.200  -164.499 -24.461   0.000   0.000
  5.300  -160.040 -24.499   0.000   0.000
  5.400  -155.482 -24.539   0.000   0.000
  5.500  -150.827 -24.579   0.000   0.000
  5.600  -146.075 -24.616   0.000   0.000
  5.700  -141.223 -24.644   0.000   0.000
  5.800  -136.263 -24.654   0.000   0.000
  5.900  -131.178 -24.635   0.000   0.000
  6.000  -125.947 -24.570   0.000   0.000
  6.100  -120.538 -24.437   0.000   0.000
  6.200  -114.913 -24.208   0.000   0.000
  6.300  -109.029 -23.854   0.000   0.000
  6.400  -102.848 -23.343   0.000   0.000
  6.500   -96.346 -22.651   0.000   0.000
  6.600   -89.529 -21.771   0.000   0.000
  6.700   -82.454 -20.720   0.000   0.000
  6.800   -75.229 -19.545   0.000   0.000
  6.900   -68.015 -18.315   0.000   0.000
  7.000   -60.995 -17.105   0.000   0.000
  7.100   -54.345 -15.974   0.000   0.000
  7.200   -48.204 -14.953   0.000   0.000
  7.300   -42.656 -14.036   0.000   0.000
  7.400   -37.732 -13.193   0.000   0.000
  7.500   -33.421 -12.380   0.000   0.000
  7.600   -29.680 -11.560   0.000   0.000
  7.700   -26.451 -10.707   0.000   0.000
  7.800   -23.666  -9.814   0.000   0.000
  7.900   -21.257  -8.890   0.000   0.000
  8.000   -19.161  -7.953   0.000   0.000
  8.100   -17.320  -7.028   0.000   0.000
  8.200   -15.686  -6.138   0.000   0.000
  8.300   -14.220  -5.304   0.000   0.000
  8.400   -12.893  -4.539   0.000   0.000
  8.500   -11.681  -3.851   0.000   0.000
  8.600   -10.568  -3.244   0.000   0.000
  8.700    -9.543  -2.715   0.000   0.000
  8.800    -8.598  -2.261   0.000   0.000
  8.900    -7.727  -1.874   0.000   0.000
  9.000    -6.924  -1.547   0.000   0.000
  9.100    -6.188  -1.273   0.000   0.000
  9.200    -5.513  -1.045   0.000   0.000
  9.300    -4.898  -0.857   0.000   0.000
  9.400    -4.339  -0.701   0.000   0.000
  9.500    -3.832  -0.572   0.000   0.000
  9.600    -3.376  -0.467   0.000   0.000
  9.700    -2.965  -0.380   0.000   0.000
  9.800    -2.598  -0.310   0.000   0.000
  9.900    -2.270  -0.252   0.000   0.000
 10.000    -1.979  -0.205   0.000   0.000
 10.100    -1.722  -0.167   0.000   0.000
 10.200    -1.494  -0.136   0.000   0.000
 10.300    -1.294  -0.110   0.000   0.000
 10.400    -1.118  -0.090   0.000   0.000
 10.500    -0.965  -0.073   0.000   0.000
 10.600    -0.831  -0.059   0.000   0.000
 10.700    -0.715  -0.048   0.000   0.000
 10.800    -0.614  -0.039   0.000   0.000
 10.900    -0.526  -0.032   0.000   0.000
 11.000    -0.451  -0.026   0.000   0.000
 11.100    -0.386  -0.021   0.000   0.000
 11.200    -0.330  -0.017   0.000   0.000
 11.300    -0.282  -0.014   0.000   0.000
 11.400    -0.241  -0.011   0.000   0.000
 11.500    -0.206  -0.009   0.000   0.000
 11.600    -0.176  -0.007   0.000   0.000
 11.700    -0.150  -0.006   0.000   0.000
 11.800    -0.128  -0.005   0.000   0.000
 11.900    -0.109  -0.004   0.000   0.000
 12.000    -0.093  -0.003   0.000   0.000
 12.100    -0.080  -0.003   0.000   0.000
 12.200    -0.068  -0.002   0.000   0.000
 12.300    -0.058  -0.002   0.000   0.000
 12.400    -0.050  -0.001   0.000   0.000
 12.500    -0.043  -0.001   0.000   0.000
 12.600    -0.037  -0.001   0.000   0.000
 12.700    -0.032  -0.001   0.000   0.000
 12.800    -0.027  -0.001   0.000   0.000
 12.900    -0.023  -0.000   0.000   0.000
 13.000    -0.020  -0.000   0.000   0.000
 13.100    -0.017  -0.000   0.000   0.000
 13.200    -0.015  -0.000   0.000   0.000
 13.300    -0.013  -0.000   0.000   0.000
 13.400    -0.011  -0.000   0.000   0.000
 13.500    -0.009  -0.000   0.000   0.000
 13.600    -0.008  -0.000   0.000   0.000
 13.700    -0.007  -0.000   0.000   0.000
 13.800    -0.006  -0.000   0.000   0.000
 13.900    -0.005  -0.000   0.000   0.000
 14.000    -0.004  -0.000   0.000   0.000
 14.100    -0.004  -0.000   0.000   0.000
 14.200    -0.003  -0.000   0.000   0.000
 14.300    -0.003  -0.000   0.000   0.000
 14.400    -0.002  -0.000   0.000   0.000
 14.500    -0.002  -0.000   0.000   0.000
 14.600    -0.002  -0.000   0.000   0.000
 14.700    -0.001  -0.000   0.000   0.000
 14.800    -0.001  -0.000   0.000   0.000
 14.900    -0.001  -0.000   0.000   0.000
 15.000    -0.001  -0.000   0.000   0.000
 15.100    -0.001  -0.000   0.000   0.000
 15.200    -0.001  -0.000   0.000   0.000
 15.300    -0.000  -0.000   0.000   0.000
 15.400    -0.000  -0.000   0.000   0.000
 15.500    -0.000  -0.000   0.000   0.000
 15.600    -0.000  -0.000   0.000   0.000
 15.700    -0.000  -0.000   0.000   0.000
 15.800    -0.000  -0.000   0.000   0.000
 15.900    -0.000  -0.000   0.000   0.000
 16.000    -0.000  -0.000   0.000   0.000
 16.100    -0.000  -0.000   0.000   0.000
 16.200    -0.000  -0.000   0.000   0.000
 16.300    -0.000  -0.000   0.000   0.000
 16.400    -0.000  -0.000   0.000   0.000
 16.500    -0.000  -0.000   0.000   0.000
 16.600    -0.000  -0.000   0.000   0.000
 16.700    -0.000  -0.000   0.000   0.000
 16.800    -0.000  -0.000   0.000   0.000
 16.900    -0.000  -0.000   0.000   0.000
 17.000    -0.000  -0.000   0.000   0.000
 17.100    -0.000  -0.000   0.000   0.000
 17.200    -0.000  -0.000   0.000   0.000
 17.300    -0.000  -0.000   0.000   0.000
 17.400    -0.000  -0.000   0.000   0.000
 17.500    -0.000  -0.000   0.000   0.000
 17.600    -0.000  -0.000   0.000   0.000
 17.700    -0.000  -0.000   0.000   0.000
 17.800    -0.000  -0.000   0.000   0.000
 17.900    -0.000  -0.000   0.000   0.000
 18.000    -0.000  -0.000   0.000   0.000
 18.100    -0.000  -0.000   0.000   0.000
 18.200    -0.000  -0.000   0.000   0.000
 18.300    -0.000  -0.000   0.000   0.000
 18.400    -0.000  -0.000   0.000   0.000
 18.500    -0.000  -0.000   0.000   0.000
 18.600    -0.000  -0.000   0.000   0.000
 18.700    -0.000  -0.000   0.000   0.000
 18.800    -0.000  -0.000   0.000   0.000
 18.900    -0.000  -0.000   0.000   0.000
 19.000    -0.000  -0.000   0.000   0.000
 19.100    -0.000  -0.000   0.000   0.000
 19.200    -0.000  -0.000   0.000   0.000
 19.300    -0.000  -0.000   0.000   0.000
 19.400    -0.000  -0.000   0.000   0.000
 19.500    -0.000  -0.000   0.000   0.000
 19.600    -0.000  -0.000   0.000   0.000
 19.700    -0.000  -0.000   0.000   0.000
 19.800    -0.000  -0.000   0.000   0.000
 19.900    -0.000  -0.000   0.000   0.000
 20.000    -0.000  -0.000   0.000   0.000

 ########### REACTION SUMMARY FOR E=  40.00000 ###########

 Center-of-mass energy:   39.047

 1. Total (binary) cross sections

   Reaction        = 1.76915E+03
     Compound elastic= 1.00000E-07
     Non-elastic     = 1.76915E+03
       Direct          = 8.84590E+01
       Pre-equilibrium = 3.91014E+02
       Compound non-el = 1.28968E+03

 2. Binary non-elastic cross sections (non-exclusive)

 gamma   = 1.43132E+00
 neutron = 1.47088E+03
 proton  = 4.53013E+01
 deuteron= 1.05733E+01
 triton  = 8.34524E+00
 helium-3= 1.46465E+00
 alpha   = 2.31158E+02

 3. Total particle production cross sections

 gamma   = 6.43032E+03    Multiplicity= 3.63469E+00
 neutron = 5.27176E+03    Multiplicity= 2.97983E+00
 proton  = 4.64695E+01    Multiplicity= 2.62666E-02
 deuteron= 1.05768E+01    Multiplicity= 5.97847E-03
 triton  = 8.34561E+00    Multiplicity= 4.71730E-03
 helium-3= 1.46465E+00    Multiplicity= 8.27882E-04
 alpha   = 2.31795E+02    Multiplicity= 1.31021E-01

 4. Residual production cross sections

   a. Per isotope

   Z   A  nuclide    total     level   isomeric    isomeric    lifetime
                 cross section       cross section  ratio

   69 168 (168Tm) 8.44126E+00    0    8.44126E+00  1.00000
   68 168 (168Er) 2.84781E+00    0    2.84781E+00  1.00000
   69 167 (167Tm) 6.55063E+01    0    6.55063E+01  1.00000
   68 167 (167Er) 2.35890E+01    0    1.62167E+01  0.68747
                                 3    7.37225E+00  0.31253   2.26900E+00 sec. 
   67 167 (167Ho) 1.06327E-03    0    1.06327E-03  1.00000
   69 166 (166Tm) 6.69428E+02    0    6.69428E+02  1.00000
   68 166 (166Er) 3.48325E+01    0    3.48325E+01  1.00000
   67 166 (166Ho) 1.40309E+00    0    6.91137E-01  0.49258
                                 1    7.11957E-01  0.50742   3.78700E+10 sec. 
   69 165 (165Tm) 7.26810E+02    0    7.26810E+02  1.00000
   68 165 (165Er) 3.98949E+00    0    3.98949E+00  1.00000
   67 165 (165Ho) 1.24044E+02    0    1.24044E+02  1.00000
   68 164 (164Er) 8.24911E-02    0    8.24911E-02  1.00000
   67 164 (164Ho) 7.74078E+01    0    6.16077E+01  0.79588
                                 3    1.58001E+01  0.20412   2.19600E+03 sec. 
   67 163 (163Ho) 3.01925E+01    0    2.43487E+01  0.80645
                                 3    5.84386E+00  0.19355   1.09000E+00 sec. 
   67 162 (162Ho) 1.07054E-01    0    3.61939E-02  0.33809
                                 3    7.08598E-02  0.66191   4.02000E+03 sec. 
   65 161 (161Tb) 1.00000E-07    0    5.08401E-08  0.00000

   b. Per mass

   A  cross section

  168 1.12891E+01
  167 8.90964E+01
  166 7.05664E+02
  165 8.54844E+02
  164 7.74903E+01
  163 3.01925E+01
  162 1.07054E-01

 Total residual production cross section:  1768.6833496
 Non-elastic cross section              :  1769.1500244

 ########## EXCITATION FUNCTIONS ###########

 1. Total (binary) cross sections

file: all.tot
file: total.tot
file: elastic.tot
file: nonelastic.tot
file: reaction.tot

 2. Binary non-elastic cross sections (non-exclusive)

file: binary.tot

 3. Total particle production cross sections

file: gprod.tot
file: nprod.tot
file: pprod.tot
file: dprod.tot
file: tprod.tot
file: hprod.tot
file: aprod.tot

 4. Residual production cross sections

file: rp069169.tot
file: rp069168.tot
file: rp068168.tot
file: rp069167.tot
file: rp068167.tot
file: rp068167.L00
file: rp068167.L03
file: rp067167.tot
file: rp069166.tot
file: rp068166.tot
file: rp067166.tot
file: rp067166.L00
file: rp067166.L01
file: rp069165.tot
file: rp068165.tot
file: rp067165.tot
file: rp068164.tot
file: rp067164.tot
file: rp067164.L00
file: rp067164.L03
file: rp067163.tot
file: rp067163.L00
file: rp067163.L03
file: rp067162.tot
file: rp067162.L00
file: rp067162.L03
file: rp065161.tot

 Execution time:  0 hours  1 minutes 11.45 seconds 

 The TALYS team congratulates you with this successful calculation.
